0.3625604212284088,0.1091499999165535,0.8977970480918884,0.7959117293357849,-0.1908288449048996,0.016554540023207664,-0.5743123888969421,0.6698852181434631,-0.19616782665252686,0.019999999552965164,0,0.3625604212284088,0.1091499999165535,0.8977970480918884,0.7959117293357849,-0.1908288449048996,0.016554540023207664,-0.5743123888969421,1
0.3628040552139282,0.10916154831647873,0.8976776003837585,0.7959170937538147,-0.19090838730335236,0.016660241410136223,-0.5742754340171814,0.6698852181434631,-0.19616782665252686,0.01981772482395172,0,0.3625604212284088,0.1091499999165535,0.8977970480918884,0.7959117293357849,-0.1908288449048996,0.016554540023207664,-0.5743123888969421,1
0.3632446825504303,0.10916890949010849,0.8974825739860535,0.7959179878234863,-0.1910729855298996,0.016885489225387573,-0.574212908744812,0.6698852181434631,-0.19616782665252686,0.019884353503584862,0,0.3625604212284088,0.1091499999165535,0.8977970480918884,0.7959117293357849,-0.1908288449048996,0.016554540023207664,-0.5743123888969421,1
0.36376747488975525,0.10917111486196518,0.8972581028938293,0.7959133982658386,-0.1912766695022583,0.017166968435049057,-0.5741432309150696,0.6698852181434631,-0.19616782665252686,0.019923372194170952,0,0.3625604212284088,0.1091499999165535,0.8977970480918884,0.7959117293357849,-0.1908288449048996,0.016554540023207664,-0.5743123888969421,1
0.3643089532852173,0.10917005687952042,0.8970283269882202,0.7959052920341492,-0.1914910078048706,0.01746424101293087,-0.5740739107131958,0.6698852181434631,-0.19616782665252686,0.019946129992604256,0,0.3625604212284088,0.1091499999165535,0.8977970480918884,0.7959117293357849,-0.1908288449048996,0.016554540023207664,-0.5743123888969421,1
0.36483412981033325,0.10916749387979507,0.8968064785003662,0.7958957552909851,-0.19170089066028595,0.017755331471562386,-0.5740082263946533,0.6698852181434631,-0.19616782665252686,0.019959425553679466,0,0.3625604212284088,0.1091499999165535,0.8977970480918884,0.7959117293357849,-0.1908288449048996,0.016554540023207664,-0.5743123888969421,1
0.3653259873390198,0.10916423052549362,0.8965990543365479,0.7958859801292419,-0.19189804792404175,0.01802937313914299,-0.5739471912384033,0.6698852181434631,-0.19616782665252686,0.019967196509242058,0,0.3625604212284088,0.1091499999165535,0.8977970480918884,0.7959117293357849,-0.1908288449048996,0.016554540023207664,-0.5743123888969421,1
0.36577728390693665,0.10916095972061157,0.89640873670578,0.7958768010139465,-0.19207923114299774,0.01828133687376976,-0.5738914608955383,0.6698852181434631,-0.19616782665252686,0.01997174322605133,0,0.3625604212284088,0.1091499999165535,0.8977970480918884,0.7959117293357849,-0.1908288449048996,0.016554540023207664,-0.5743123888969421,1
0.366186261177063,0.10915781557559967,0.8962359428405762,0.7958679795265198,-0.1922435611486435,0.018509861081838608,-0.5738412737846375,0.6698852181434631,-0.19616782665252686,0.019974403083324432,0,0.3625604212284088,0.1091499999165535,0.8977970480918884,0.7959117293357849,-0.1908288449048996,0.016554540023207664,-0.5743123888969421,1
0.3665536642074585,0.1091550812125206,0.8960806727409363,0.7958602905273438,-0.19239117205142975,0.01871492713689804,-0.5737957954406738,0.6698852181434631,-0.19616782665252686,0.01997595839202404,0,0.3625604212284088,0.1091499999165535,0.8977970480918884,0.7959117293357849,-0.1908288449048996,0.016554540023207664,-0.5743123888969421,1
0.36688217520713806,0.10915274918079376,0.895941436290741,0.7958534359931946,-0.1925230473279953,0.018898339942097664,-0.5737552642822266,0.6698852181434631,-0.19616782665252686,0.019976869225502014,0,0.3625604212284088,0.1091499999165535,0.8977970480918884,0.7959117293357849,-0.1908288449048996,0.016554540023207664,-0.5743123888969421,1
0.3671749234199524,0.10915068536996841,0.8958170413970947,0.7958471775054932,-0.1926405429840088,0.019061513245105743,-0.5737189054489136,0.6698852181434631,-0.19616782665252686,0.019977401942014694,0,0.3625604212284088,0.1091499999165535,0.8977970480918884,0.7959117293357849,-0.1908288449048996,0.016554540023207664,-0.5743123888969421,1
0.36743536591529846,0.10914917290210724,0.8957062363624573,0.7958419322967529,-0.19274485111236572,0.019206577911973,-0.5736864805221558,0.6698852181434631,-0.19616782665252686,0.019977713003754616,0,0.3625604212284088,0.1091499999165535,0.8977970480918884,0.7959117293357849,-0.1908288449048996,0.016554540023207664,-0.5743123888969421,1
0.3676663637161255,0.10914792865514755,0.8956077694892883,0.7958371639251709,-0.19283725321292877,0.019334783777594566,-0.5736575722694397,0.6698852181434631,-0.19616782665252686,0.01997789368033409,0,0.3625604212284088,0.1091499999165535,0.8977970480918884,0.7959117293357849,-0.1908288449048996,0.016554540023207664,-0.5743123888969421,1
0.3678717017173767,0.10914682596921921,0.8955199718475342,0.7958332300186157,-0.1929192990064621,0.019448645412921906,-0.573631763458252,0.6698852181434631,-0.19616782665252686,0.019978001713752747,0,0.3625604212284088,0.1091499999165535,0.8977970480918884,0.7959117293357849,-0.1908288449048996,0.016554540023207664,-0.5743123888969421,1
0.3680533766746521,0.10914600640535355,0.8954421877861023,0.795829713344574,-0.19299162924289703,0.01954904943704605,-0.5736088156700134,0.6698852181434631,-0.19616782665252686,0.01997806318104267,0,0.3625604212284088,0.1091499999165535,0.8977970480918884,0.7959117293357849,-0.1908288449048996,0.016554540023207664,-0.5743123888969421,1
0.3682141900062561,0.10914544761180878,0.8953732252120972,0.79582679271698,-0.19305557012557983,0.01963799074292183,-0.5735883712768555,0.6698852181434631,-0.19616782665252686,0.019978100433945656,0,0.3625604212284088,0.1091499999165535,0.8977970480918884,0.7959117293357849,-0.1908288449048996,0.016554540023207664,-0.5743123888969421,1
0.3683570623397827,0.10914503037929535,0.8953116536140442,0.7958241105079651,-0.19311225414276123,0.019716612994670868,-0.5735701322555542,0.6698852181434631,-0.19616782665252686,0.019978120923042297,0,0.3625604212284088,0.1091499999165535,0.8977970480918884,0.7959117293357849,-0.1908288449048996,0.016554540023207664,-0.5743123888969421,1
0.36848360300064087,0.10914475470781326,0.8952572345733643,0.7958218455314636,-0.1931624412536621,0.019786084070801735,-0.5735539793968201,0.6698852181434631,-0.19616782665252686,0.019978133961558342,0,0.3625604212284088,0.1091499999165535,0.8977970480918884,0.7959117293357849,-0.1908288449048996,0.016554540023207664,-0.5743123888969421,1
0.36859551072120667,0.10914462059736252,0.8952088356018066,0.7958201169967651,-0.19320662319660187,0.019847365096211433,-0.5735394358634949,0.6698852181434631,-0.19616782665252686,0.01997814141213894,0,0.3625604212284088,0.1091499999165535,0.8977970480918884,0.7959117293357849,-0.1908288449048996,0.016554540023207664,-0.5743123888969421,1
0.36869457364082336,0.10914447903633118,0.8951660394668579,0.7958184480667114,-0.1932457685470581,0.01990160159766674,-0.5735267996788025,0.6698852181434631,-0.19616782665252686,0.019978145137429237,0,0.3625604212284088,0.1091499999165535,0.8977970480918884,0.7959117293357849,-0.1908288449048996,0.016554540023207664,-0.5743123888969421,1
0.3687824606895447,0.10914447903633118,0.8951278328895569,0.795816957950592,-0.19328033924102783,0.01994943805038929,-0.5735154151916504,0.6698852181434631,-0.19616782665252686,0.019978148862719536,0,0.3625604212284088,0.1091499999165535,0.8977970480918884,0.7959117293357849,-0.1908288449048996,0.016554540023207664,-0.5743123888969421,1
0.36886000633239746,0.10914461314678192,0.895094096660614,0.7958159446716309,-0.19331079721450806,0.019991593435406685,-0.5735051035881042,0.6698852181434631,-0.19616782665252686,0.019978148862719536,0,0.3625604212284088,0.1091499999165535,0.8977970480918884,0.7959117293357849,-0.1908288449048996,0.016554540023207664,-0.5743123888969421,1
0.36892861127853394,0.10914474725723267,0.8950642347335815,0.7958149909973145,-0.19333770871162415,0.02002882771193981,-0.5734960436820984,0.6698852181434631,-0.19616782665252686,0.019978148862719536,0,0.3625604212284088,0.1091499999165535,0.8977970480918884,0.7959117293357849,-0.1908288449048996,0.016554540023207664,-0.5743123888969421,1
0.3689894676208496,0.10914488881826401,0.8950377106666565,0.7958140969276428,-0.1933615803718567,0.020061763003468513,-0.5734882354736328,0.6698852181434631,-0.19616782665252686,0.019978148862719536,0,0.3625604212284088,0.1091499999165535,0.8977970480918884,0.7959117293357849,-0.1908288449048996,0.016554540023207664,-0.5743123888969421,1
0.3690434694290161,0.10914502292871475,0.8950141072273254,0.7958134412765503,-0.1933826208114624,0.020090937614440918,-0.5734809041023254,0.6698852181434631,-0.19616782665252686,0.019978148862719536,0,0.3625604212284088,0.1091499999165535,0.8977970480918884,0.7959117293357849,-0.1908288449048996,0.016554540023207664,-0.5743123888969421,1
0.3690912425518036,0.10914530605077744,0.8949931859970093,0.7958129048347473,-0.1934012621641159,0.02011662721633911,-0.5734745860099792,0.6698852181434631,-0.19616782665252686,0.019978148862719536,0,0.3625604212284088,0.1091499999165535,0.8977970480918884,0.7959117293357849,-0.1908288449048996,0.016554540023207664,-0.5743123888969421,1
0.3691335916519165,0.10914543271064758,0.8949745893478394,0.7958122491836548,-0.19341766834259033,0.02013932727277279,-0.5734689831733704,0.6698852181434631,-0.19616782665252686,0.019978148862719536,0,0.3625604212284088,0.1091499999165535,0.8977970480918884,0.7959117293357849,-0.1908288449048996,0.016554540023207664,-0.5743123888969421,1
0.369171142578125,0.10914570838212967,0.894957959651947,0.7958120107650757,-0.19343216717243195,0.020159302279353142,-0.5734638571739197,0.6698852181434631,-0.19616782665252686,0.019978148862719536,0,0.3625604212284088,0.1091499999165535,0.8977970480918884,0.7959117293357849,-0.1908288449048996,0.016554540023207664,-0.5743123888969421,1
0.36920416355133057,0.10914599150419235,0.8949434161186218,0.795811653137207,-0.19344498217105865,0.020176958292722702,-0.5734593868255615,0.6698852181434631,-0.19616782665252686,0.019978148862719536,0,0.3625604212284088,0.1091499999165535,0.8977970480918884,0.7959117293357849,-0.1908288449048996,0.016554540023207664,-0.5743123888969421,1
0.36923354864120483,0.1091461256146431,0.8949304223060608,0.7958112955093384,-0.1934562772512436,0.020192500203847885,-0.5734555721282959,0.6698852181434631,-0.19616782665252686,0.019978148862719536,0,0.36923354864120483,0.1091461256146431,0.8949304223060608,0.7958112955093384,-0.1934562772512436,0.020192500203847885,-0.5734555721282959,1
0.3694966435432434,0.10915748029947281,0.8948008418083191,0.7958157062530518,-0.1935444176197052,0.020310046151280403,-0.5734154582023621,0.6698852181434631,-0.19616782665252686,0.019978148862719536,0,0.3759842813014984,0.10748567432165146,0.8939023613929749,0.7936033010482788,-0.19765421748161316,0.02489406429231167,-0.5748972296714783,1
0.37029528617858887,0.10905709117650986,0.8946108222007751,0.7956697344779968,-0.19396783411502838,0.020781539380550385,-0.5734580159187317,0.6698852181434631,-0.19616782665252686,0.019978148862719536,0,0.382704496383667,0.10576789826154709,0.8927737474441528,0.7913687229156494,-0.20183654129505157,0.029604393988847733,-0.5762995481491089,1
0.37165382504463196,0.10881264507770538,0.8943488597869873,0.7953312397003174,-0.19475160539150238,0.02165326289832592,-0.5736297965049744,0.6698852181434631,-0.19616782665252686,0.019978148862719536,0,0.389392226934433,0.10399321466684341,0.8915449976921082,0.7891077399253845,-0.20600293576717377,0.034323375672101974,-0.5776622295379639,1
0.37355273962020874,0.10842607170343399,0.8940037488937378,0.7948057651519775,-0.1958765834569931,0.022910667583346367,-0.5739262104034424,0.6698852181434631,-0.19616782665252686,0.019978148862719536,0,0.39604651927948,0.10216192901134491,0.8902162313461304,0.7868207693099976,-0.21015383303165436,0.03905169665813446,-0.5789846181869507,1
0.37595534324645996,0.10790520161390305,0.8935700058937073,0.7941070795059204,-0.19731619954109192,0.024527279660105705,-0.574333131313324,0.6698852181434631,-0.19616782665252686,0.019978148862719536,0,0.40266433358192444,0.10027466714382172,0.8887884020805359,0.7845084071159363,-0.21428810060024261,0.04378786310553551,-0.580267071723938,1
0.3788180947303772,0.10725817829370499,0.8930448293685913,0.7932494282722473,-0.19904190301895142,0.026474280282855034,-0.5748361349105835,0.6698852181434631,-0.19616782665252686,0.019978148862719536,0,0.4092448651790619,0.0983315035700798,0.887261152267456,0.782170295715332,-0.2184060662984848,0.04853262007236481,-0.5815091133117676,1
0.38209640979766846,0.10649219900369644,0.8924264907836914,0.7922462224960327,-0.2010256052017212,0.02872157283127308,-0.575421154499054,0.6698852181434631,-0.19616782665252686,0.019978148862719536,0,0.41578584909439087,0.09633305668830872,0.8856353759765625,0.7798072695732117,-0.22250734269618988,0.05328557267785072,-0.5827106237411499,1
0.3857458233833313,0.10561374574899673,0.8917142748832703,0.7911093831062317,-0.20324037969112396,0.031240174546837807,-0.5760756731033325,0.6698852181434631,-0.19616782665252686,0.019978148862719536,0,0.42228570580482483,0.09427984058856964,0.8839113712310791,0.7774196267127991,-0.22659152746200562,0.05804631859064102,-0.5838711261749268,1
0.38972440361976624,0.10462812334299088,0.8909072875976562,0.7898498177528381,-0.20566068589687347,0.034003328531980515,-0.5767882466316223,0.6698852181434631,-0.19616782665252686,0.019978148862719536,0,0.4287424683570862,0.09217233955860138,0.8820895552635193,0.7750075459480286,-0.23065851628780365,0.06281477957963943,-0.5849908590316772,1
0.3939940929412842,0.10353990644216537,0.8900048136711121,0.788476824760437,-0.20826362073421478,0.03698640316724777,-0.5775486826896667,0.6698852181434631,-0.19616782665252686,0.019978148862719536,0,0.4351547658443451,0.0900111049413681,0.8801704049110413,0.7725713849067688,-0.23470813035964966,0.06759104877710342,-0.5860690474510193,1
0.39851945638656616,0.10235308855772018,0.8890059590339661,0.7869991064071655,-0.21102820336818695,0.04016726836562157,-0.5783475637435913,0.6698852181434631,-0.19616782665252686,0.019978148862719536,0,0.441520094871521,0.08779669553041458,0.8781546354293823,0.7701113820075989,-0.2387397587299347,0.07237421721220016,-0.5871061086654663,1
0.4032678008079529,0.10107164829969406,0.8879100680351257,0.7854246497154236,-0.21393552422523499,0.043525151908397675,-0.5791763663291931,0.6698852181434631,-0.19616782665252686,0.019978148862719536,0,0.4478377103805542,0.08552995324134827,0.8760423064231873,0.7676281929016113,-0.2427537590265274,0.07716480642557144,-0.588101327419281,1
0.4082099497318268,0.09969856590032578,0.8867161870002747,0.7837603688240051,-0.21696802973747253,0.04704200476408005,-0.5800272226333618,0.6698852181434631,-0.19616782665252686,0.019978148862719536,0,0.45410504937171936,0.08321116119623184,0.8738344311714172,0.7651219367980957,-0.2467494010925293,0.08196230977773666,-0.5890546441078186,1
0.41332030296325684,0.09823692589998245,0.8854237198829651,0.782012403011322,-0.2201109081506729,0.05070191249251366,-0.5808933973312378,0.6698852181434631,-0.19616782665252686,0.019978148862719536,0,0.4603208899497986,0.08084113895893097,0.8715312480926514,0.7625929117202759,-0.2507265508174896,0.0867665484547615,-0.5899658203125,1
0.41857409477233887,0.09668945521116257,0.8840319514274597,0.7801865935325623,-0.22334979474544525,0.054489921778440475,-0.5817683935165405,0.6698852181434631,-0.19616782665252686,0.019978148862719536,0,0.466483473777771,0.07842057198286057,0.869133472442627,0.7600415349006653,-0.25468507409095764,0.09157734364271164,-0.5908347964286804,1
0.42395055294036865,0.09505882114171982,0.8825401663780212,0.7782883048057556,-0.22667276859283447,0.05839325860142708,-0.5826466083526611,0.6698852181434631,-0.19616782665252686,0.019978148862719536,0,0.4725913405418396,0.07595014572143555,0.8666415214538574,0.7574681043624878,-0.25862500071525574,0.09639479964971542,-0.5916613936424255,1
0.429429829120636,0.09334708750247955,0.8809481859207153,0.7763217091560364,-0.2300683557987213,0.06240013986825943,-0.583523154258728,0.6698852181434631,-0.19616782665252686,0.019978148862719536,0,0.4786422550678253,0.0734306126832962,0.8640562891960144,0.7548732757568359,-0.2625453472137451,0.10121805965900421,-0.5924450755119324,1
0.4349946975708008,0.09155683219432831,0.879255473613739,0.7742915153503418,-0.23352700471878052,0.0665002316236496,-0.5843932628631592,0.6698852181434631,-0.19616782665252686,0.019978148862719536,0,0.4846351444721222,0.07086267322301865,0.8613780736923218,0.7522568106651306,-0.2664465606212616,0.10604742169380188,-0.5931862592697144,1
0.4406290650367737,0.08969000726938248,0.8774619102478027,0.7722014784812927,-0.23703935742378235,0.07068423926830292,-0.5852527618408203,0.6698852181434631,-0.19616782665252686,0.019978148862719536,0,0.49056750535964966,0.06824716180562973,0.8586080074310303,0.7496194839477539,-0.2703276574611664,0.11088201403617859,-0.5938844084739685,1
0.4463186264038086,0.08774898201227188,0.8755674362182617,0.7700554728507996,-0.2405974417924881,0.07494340091943741,-0.5860980153083801,0.6698852181434631,-0.19616782665252686,0.019978148862719536,0,0.496439129114151,0.06558477878570557,0.8557462096214294,0.7469614148139954,-0.27418944239616394,0.11572279781103134,-0.5945393443107605,1
0.45205074548721313,0.08573558926582336,0.8735719919204712,0.7678565979003906,-0.24419458210468292,0.07927053421735764,-0.5869254469871521,0.6698852181434631,-0.19616782665252686,0.019978148862719536,0,0.5022473931312561,0.0628763809800148,0.8527938723564148,0.7442829608917236,-0.2780308723449707,0.12056858837604523,-0.5951510071754456,1
0.45781317353248596,0.08365167677402496,0.8714761137962341,0.7656075358390808,-0.24782398343086243,0.08365891873836517,-0.5877325534820557,0.6698852181434631,-0.19616782665252686,0.019978148862719536,0,0.5079911351203918,0.06012280657887459,0.8497512340545654,0.7415845394134521,-0.28185203671455383,0.12541955709457397,-0.5957193970680237,1
0.4635959565639496,0.08149915188550949,0.8692793846130371,0.763311505317688,-0.25147974491119385,0.08810265362262726,-0.5885162353515625,0.6698852181434631,-0.19616782665252686,0.019978148862719536,0,0.513668417930603,0.05732506886124611,0.8466194272041321,0.7388666868209839,-0.2856525182723999,0.13027532398700714,-0.5962439775466919,1
0.4693887531757355,0.07927990704774857,0.8669828772544861,0.760970950126648,-0.25515708327293396,0.09259603172540665,-0.5892741680145264,0.6698852181434631,-0.19616782665252686,0.019978148862719536,0,0.5192781686782837,0.05448388680815697,0.8433988690376282,0.7361295223236084,-0.28943222761154175,0.1351357400417328,-0.5967248678207397,1
0.4751830995082855,0.07699570804834366,0.8645866513252258,0.7585880756378174,-0.2588512599468231,0.09713482111692429,-0.5900042653083801,0.6698852181434631,-0.19616782665252686,0.019978148862719536,0,0.5248185396194458,0.05160033702850342,0.8400907516479492,0.7333734631538391,-0.29319092631340027,0.14000073075294495,-0.5971617102622986,1
0.4809712767601013,0.07464825361967087,0.8620911240577698,0.7561649680137634,-0.26255807280540466,0.10171417146921158,-0.5907045602798462,0.6698852181434631,-0.19616782665252686,0.019978148862719536,0,0.5302883386611938,0.04867525026202202,0.8366954326629639,0.7305988669395447,-0.2969282269477844,0.14486975967884064,-0.597554624080658,1
0.4867447316646576,0.07223931699991226,0.859497606754303,0.7537040114402771,-0.26627349853515625,0.10632964968681335,-0.5913735628128052,0.6698852181434631,-0.19616782665252686,0.019978148862719536,0,0.5356858372688293,0.04570966958999634,0.8332139253616333,0.7278061509132385,-0.3006440997123718,0.14974287152290344,-0.5979032516479492,1
0.49249839782714844,0.06977032124996185,0.8568059802055359,0.751206636428833,-0.26999473571777344,0.11097902804613113,-0.5920093655586243,0.6698852181434631,-0.19616782665252686,0.019978148862719536,0,0.5410099029541016,0.04270447790622711,0.8296469449996948,0.724995493888855,-0.30433836579322815,0.15461990237236023,-0.5982075929641724,1
0.49822506308555603,0.06724316626787186,0.8540173768997192,0.748674750328064,-0.2737181782722473,0.1156582310795784,-0.592610776424408,0.6698852181434631,-0.19616782665252686,0.019978148862719536,0,0.5462585091590881,0.0396609753370285,0.8259956240653992,0.7221676111221313,-0.308010458946228,0.15950018167495728,-0.5984672904014587,1
0.503919243812561,0.06465940177440643,0.8511325716972351,0.746110200881958,-0.2774414122104645,0.12036432325839996,-0.5931763648986816,0.6698852181434631,-0.19616782665252686,0.019978148862719536,0,0.5514310598373413,0.0365796759724617,0.822260320186615,0.7193225026130676,-0.311660498380661,0.16438406705856323,-0.5986824631690979,1
0.509576141834259,0.06202051043510437,0.8481524586677551,0.7435139417648315,-0.2811620235443115,0.1250952184200287,-0.5937053561210632,0.6698852181434631,-0.19616782665252686,0.019978148862719536,0,0.556525468826294,0.03346189484000206,0.8184425830841064,0.7164605855941772,-0.3152877986431122,0.1692710518836975,-0.5988530516624451,1
0.5151907205581665,0.059328094124794006,0.845077633857727,0.7408875823020935,-0.28487780690193176,0.12984825670719147,-0.594196617603302,0.6698852181434631,-0.19616782665252686,0.019978148862719536,0,0.5615409016609192,0.03030860237777233,0.8145425915718079,0.7135823369026184,-0.31889277696609497,0.1741611510515213,-0.5989786386489868,1
0.520758867263794,0.056583553552627563,0.8419092297554016,0.7382324934005737,-0.2885866165161133,0.13462156057357788,-0.594649076461792,0.6698852181434631,-0.19616782665252686,0.019978148862719536,0,0.5664759874343872,0.02712089754641056,0.8105614185333252,0.7106881141662598,-0.3224749267101288,0.17905399203300476,-0.5990591645240784,1
0.5262762308120728,0.05378859117627144,0.83864825963974,0.735549807548523,-0.2922866940498352,0.1394130289554596,-0.5950620770454407,0.6698852181434631,-0.19616782665252686,0.019978148862719536,0,0.57132887840271,0.023900143802165985,0.8065003752708435,0.7077782154083252,-0.32603394985198975,0.18394899368286133,-0.5990948677062988,1
0.5317390561103821,0.05094451457262039,0.8352954983711243,0.7328405380249023,-0.29597631096839905,0.1442209780216217,-0.5954351425170898,0.6698852181434631,-0.19616782665252686,0.019978148862719536,0,0.5760985016822815,0.020647186785936356,0.8023605346679688,0.7048529982566833,-0.32956942915916443,0.1888461709022522,-0.5990853905677795,1
0.5371440649032593,0.048053063452243805,0.8318520784378052,0.7301060557365417,-0.29965415596961975,0.1490437388420105,-0.595767080783844,0.6698852181434631,-0.19616782665252686,0.019978148862719536,0,0.5807843208312988,0.017363233491778374,0.7981418371200562,0.7019129395484924,-0.33308175206184387,0.19374582171440125,-0.5990301966667175,1
0.5424880981445312,0.04511559382081032,0.8283188343048096,0.7273472547531128,-0.30331888794898987,0.1538802534341812,-0.5960573554039001,0.6698852181434631,-0.19616782665252686,0.019978148862719536,0,0.5853838920593262,0.014049557037651539,0.7938464879989624,0.6989584565162659,-0.33656996488571167,0.19864678382873535,-0.5989299416542053,1
0.5477679967880249,0.042133379727602005,0.8246968984603882,0.724564790725708,-0.30696919560432434,0.1587289273738861,-0.5963058471679688,0.6698852181434631,-0.19616782665252686,0.019978148862719536,0,0.5898970365524292,0.010707277804613113,0.7894747853279114,0.6959899067878723,-0.34003445506095886,0.20354939997196198,-0.5987840294837952,1
0.5529805421829224,0.03910793364048004,0.8209875822067261,0.7217599749565125,-0.3106037378311157,0.16358807682991028,-0.5965121388435364,0.6698852181434631,-0.19616782665252686,0.019978148862719536,0,0.5943220257759094,0.007337544113397598,0.7850278615951538,0.6930073499679565,-0.34347468614578247,0.20845337212085724,-0.5985925793647766,1
0.5581234693527222,0.03604073449969292,0.8171917200088501,0.7189332842826843,-0.3142218291759491,0.16845743358135223,-0.5966753959655762,0.6698852181434631,-0.19616782665252686,0.019978148862719536,0,0.5986579656600952,0.003941576927900314,0.7805066704750061,0.6900113224983215,-0.34689056873321533,0.21335835754871368,-0.5983555316925049,1
0.5631942749023438,0.03293319791555405,0.813310444355011,0.7160858511924744,-0.31782224774360657,0.17333582043647766,-0.596795380115509,0.6698852181434631,-0.19616782665252686,0.019978148862719536,0,0.6029033660888672,0.0005206605419516563,0.7759126424789429,0.687002420425415,-0.3502817749977112,0.21826404333114624,-0.5980727076530457,1
0.5681905746459961,0.02978651598095894,0.8093448877334595,0.7132180333137512,-0.321404367685318,0.17822200059890747,-0.5968717932701111,0.6698852181434631,-0.19616782665252686,0.019978148862719536,0,0.6070575714111328,-0.0029241126030683517,0.7712463140487671,0.6839808821678162,-0.3536481559276581,0.2231704443693161,-0.5977441072463989,1
0.5731104612350464,0.026602506637573242,0.8052958250045776,0.7103309631347656,-0.32496756315231323,0.1831156462430954,-0.5969042181968689,0.6698852181434631,-0.19616782665252686,0.019978148862719536,0,0.6111193299293518,-0.0063913981430232525,0.7665090560913086,0.680946946144104,-0.3569895327091217,0.22807712852954865,-0.5973696708679199,1
0.5779512524604797,0.02338232658803463,0.8011648058891296,0.707425057888031,-0.32851076126098633,0.18801522254943848,-0.5968925356864929,0.6698852181434631,-0.19616782665252686,0.019978148862719536,0,0.6150873899459839,-0.0098799467086792,0.7617020606994629,0.6779011487960815,-0.3603054881095886,0.23298367857933044,-0.5969492793083191,1
0.5827112793922424,0.020127370953559875,0.796953022480011,0.7045011520385742,-0.3320333957672119,0.19292055070400238,-0.5968363285064697,0.6698852181434631,-0.19616782665252686,0.019978148862719536,0,0.6189608573913574,-0.013388346880674362,0.7568261623382568,0.6748437285423279,-0.3635963201522827,0.23789063096046448,-0.5964826345443726,1
0.5873888731002808,0.01683899760246277,0.7926613092422485,0.7015597224235535,-0.33553487062454224,0.19783082604408264,-0.5967354774475098,0.6698852181434631,-0.19616782665252686,0.019978148862719536,0,0.6227390766143799,-0.01691552624106407,0.7518826127052307,0.671775221824646,-0.3668613135814667,0.24279692769050598,-0.595970094203949,1
0.5919817686080933,0.013519019819796085,0.7882911562919617,0.6986016631126404,-0.33901461958885193,0.2027449905872345,-0.5965896844863892,0.6698852181434631,-0.19616782665252686,0.019978148862719536,0,0.6264206767082214,-0.02045995183289051,0.7468725442886353,0.6686959266662598,-0.3701004385948181,0.24770241975784302,-0.5954114198684692,1
0.596488893032074,0.010168313048779964,0.7838432192802429,0.6956273913383484,-0.3424721360206604,0.2076629251241684,-0.596398651599884,0.6698852181434631,-0.19616782665252686,0.019978148862719536,0,0.6300048232078552,-0.02402041107416153,0.7417970299720764,0.6656062602996826,-0.3733135461807251,0.2526072859764099,-0.5948064923286438,1
0.6009081602096558,0.006788566708564758,0.7793191075325012,0.6926373839378357,-0.3459068238735199,0.21258404850959778,-0.5961625576019287,0.6698852181434631,-0.19616782665252686,0.019978148862719536,0,0.6334907412528992,-0.02759554237127304,0.7366573214530945,0.6625065207481384,-0.3765003979206085,0.25751087069511414,-0.5941553711891174,1
0.6052380204200745,0.0033812616020441055,0.7747202515602112,0.6896324753761292,-0.3493182063102722,0.2175074815750122,-0.5958811044692993,0.6698852181434631,-0.19616782665252686,0.019978148862719536,0,0.6368772983551025,-0.031183943152427673,0.7314547300338745,0.6593971848487854,-0.3796607255935669,0.2624131143093109,-0.5934579372406006,1
0.6094777584075928,-5.250982940196991e-05,0.7700470089912415,0.6866129040718079,-0.35270601511001587,0.22243329882621765,-0.595553994178772,0.6698852181434631,-0.19616782665252686,0.019978148862719536,0,0.6401640176773071,-0.03478435426950455,0.7261900901794434,0.6562786102294922,-0.38279449939727783,0.26731377840042114,-0.5927141904830933,1
0.6136250495910645,-0.003511163406074047,0.765301525592804,0.6835792660713196,-0.3560697138309479,0.22736035287380219,-0.595181405544281,0.6698852181434631,-0.19616782665252686,0.019978148862719536,0,0.643349826335907,-0.03839515522122383,0.7208648324012756,0.6531511545181274,-0.38590139150619507,0.2722124457359314,-0.5919240117073059,1
0.6176789999008179,-0.006993228569626808,0.760484516620636,0.6805322766304016,-0.35940873622894287,0.23228871822357178,-0.594762921333313,0.6698852181434631,-0.19616782665252686,0.019978148862719536,0,0.6464341282844543,-0.042015500366687775,0.7154799103736877,0.6500152945518494,-0.3889811038970947,0.2771093249320984,-0.5910872220993042,1
0.6216387152671814,-0.010497484356164932,0.7555970549583435,0.6774722933769226,-0.36272332072257996,0.2372179925441742,-0.5942984223365784,0.6698852181434631,-0.19616782665252686,0.019978148862719536,0,0.6494160890579224,-0.04564369097352028,0.7100369930267334,0.6468710899353027,-0.3920336961746216,0.2820037305355072,-0.5902043581008911,1
0.6255021691322327,-0.014022136107087135,0.750640869140625,0.6743998527526855,-0.3660125732421875,0.24214734137058258,-0.5937880277633667,0.6698852181434631,-0.19616782665252686,0.019978148862719536,0,0.6522948145866394,-0.04927840456366539,0.7045370936393738,0.6437192559242249,-0.3950587511062622,0.2868955135345459,-0.5892749428749084,1
0.6292687058448792,-0.017566386610269547,0.745617151260376,0.6713154315948486,-0.3692759573459625,0.24707642197608948,-0.5932319164276123,0.6698852181434631,-0.19616782665252686,0.019978148862719536,0,0.6550697088241577,-0.052917856723070145,0.6989814639091492,0.6405600905418396,-0.39805617928504944,0.2917841672897339,-0.5882992744445801,1
0.6329373121261597,-0.021128028631210327,0.740526556968689,0.6682195663452148,-0.3725137710571289,0.25200507044792175,-0.5926292538642883,0.6698852181434631,-0.19616782665252686,0.019978148862719536,0,0.6577404141426086,-0.056561172008514404,0.6933712959289551,0.6373938322067261,-0.40102577209472656,0.29666996002197266,-0.5872769355773926,1
0.6365066766738892,-0.024706391617655754,0.7353709936141968,0.6651123762130737,-0.37572547793388367,0.2569330334663391,-0.5919806957244873,0.6698852181434631,-0.19616782665252686,0.019978148862719536,0,0.6603059768676758,-0.06020659953355789,0.6877080798149109,0.634221076965332,-0.40396735072135925,0.3015521764755249,-0.5862082839012146,1
0.6399757266044617,-0.02829940803349018,0.7301517724990845,0.6619948744773865,-0.37891069054603577,0.26185959577560425,-0.5912858247756958,0.6698852181434631,-0.19616782665252686,0.019978148862719536,0,0.6627660989761353,-0.06385283172130585,0.6819927096366882,0.6310421824455261,-0.4068807065486908,0.306430846452713,-0.5850930213928223,1
0.6433439254760742,-0.031905755400657654,0.7248696088790894,0.6588674783706665,-0.38206902146339417,0.2667843699455261,-0.5905446410179138,0.6698852181434631,-0.19616782665252686,0.019978148862719536,0,0.6651197671890259,-0.06749823689460754,0.6762269139289856,0.627857506275177,-0.40976575016975403,0.3113054633140564,-0.5839313268661499,1
0.6466100215911865,-0.035524312406778336,0.7195262312889099,0.6557300090789795,-0.385200560092926,0.2717075049877167,-0.5897572040557861,0.6698852181434631,-0.19616782665252686,0.019978148862719536,0,0.6673668622970581,-0.07114160805940628,0.6704117059707642,0.6246672868728638,-0.4126221835613251,0.31617602705955505,-0.5827231407165527,1
0.6497730612754822,-0.039153359830379486,0.7141231894493103,0.652583658695221,-0.3883046805858612,0.2766280174255371,-0.5889235138893127,0.6698852181434631,-0.19616782665252686,0.019978148862719536,0,0.6695066690444946,-0.0747813731431961,0.6645484566688538,0.6214719414710999,-0.4154500663280487,0.3210422396659851,-0.5814685821533203,1
0.6528329253196716,-0.04279163479804993,0.7086609601974487,0.6494284272193909,-0.3913813829421997,0.28154635429382324,-0.5880432724952698,0.6698852181434631,-0.19616782665252686,0.019978148862719536,0,0.6715391278266907,-0.07841620594263077,0.6586383581161499,0.6182719469070435,-0.4182489514350891,0.32590368390083313,-0.5801674723625183,1
0.6557878851890564,-0.046437643468379974,0.7031415104866028,0.6462646722793579,-0.3944304287433624,0.28646183013916016,-0.5871167778968811,0.6698852181434631,-0.19616782665252686,0.019978148862719536,0,0.6734631061553955,-0.08204448223114014,0.652683436870575,0.6150677800178528,-0.4210186004638672,0.33076000213623047,-0.5788201093673706,1
0.6586376428604126,-0.05008997023105621,0.6975663304328918,0.6430931687355042,-0.39745134115219116,0.29137375950813293,-0.5861441493034363,0.6698852181434631,-0.19616782665252686,0.019978148862719536,0,0.6752788424491882,-0.0856650322675705,0.6466840505599976,0.6118595600128174,-0.4237591028213501,0.3356113135814667,-0.5774261951446533,1
0.6613814830780029,-0.05374668911099434,0.6919363737106323,0.6399142146110535,-0.40044406056404114,0.2962820827960968,-0.5851249098777771,0.6698852181434631,-0.19616782665252686,0.019978148862719536,0,0.6769855618476868,-0.08927614986896515,0.6406422257423401,0.6086477041244507,-0.42646992206573486,0.34045717120170593,-0.5759862065315247,1
0.6640188694000244,-0.05740680918097496,0.6862528324127197,0.6367282271385193,-0.4034085273742676,0.3011868894100189,-0.5840591192245483,0.6698852181434631,-0.19616782665252686,0.019978148862719536,0,0.6785833239555359,-0.0928763896226883,0.6345590353012085,0.60543292760849,-0.429151326417923,0.34529733657836914,-0.5744995474815369,1
0.6665489673614502,-0.061068564653396606,0.6805176138877869,0.6335354447364807,-0.40634435415267944,0.30608728528022766,-0.5829473733901978,0.6698852181434631,-0.19616782665252686,0.019978148862719536,0,0.6800714731216431,-0.09646447002887726,0.6284360289573669,0.6022151112556458,-0.43180298805236816,0.3501313626766205,-0.5729668736457825,1
0.6689714193344116,-0.06473086029291153,0.6747314929962158,0.630336582660675,-0.4092511534690857,0.31098344922065735,-0.5817891359329224,0.6698852181434631,-0.19616782665252686,0.019978148862719536,0,0.6814500689506531,-0.1000387892127037,0.6222743988037109,0.5989950895309448,-0.43442457914352417,0.3549592196941376,-0.571387767791748,1
0.6712852120399475,-0.06839153170585632,0.6688965559005737,0.6271320581436157,-0.4121289849281311,0.3158743977546692,-0.5805844068527222,0.6698852181434631,-0.19616782665252686,0.019978148862719536,0,0.6827183365821838,-0.10359780490398407,0.6160760521888733,0.5957731604576111,-0.43701595067977905,0.35978031158447266,-0.569762647151947,1
0.6734904646873474,-0.07204994559288025,0.6630133986473083,0.6239218711853027,-0.41497766971588135,0.32076069712638855,-0.5793337225914001,0.6698852181434631,-0.19616782665252686,0.019978148862719536,0,0.6838769316673279,-0.10714010894298553,0.6098412871360779,0.5925496220588684,-0.43957722187042236,0.36459484696388245,-0.5680909752845764,1
0.6755865216255188,-0.07570390403270721,0.6570837497711182,0.6207069158554077,-0.41779711842536926,0.32564157247543335,-0.5780363082885742,0.6698852181434631,-0.19616782665252686,0.019978148862719536,0,0.6849247813224792,-0.11066419631242752,0.6035726070404053,0.5893246531486511,-0.4421079456806183,0.3694022595882416,-0.566373348236084,1
0.67757248878479,-0.07935227453708649,0.6511093378067017,0.617487370967865,-0.42058661580085754,0.33051684498786926,-0.576693058013916,0.6698852181434631,-0.19616782665252686,0.019978148862719536,0,0.6858625411987305,-0.11416877061128616,0.5972710847854614,0.5860989093780518,-0.444608211517334,0.37420225143432617,-0.5646097660064697,1
0.6794483065605164,-0.0829935371875763,0.6450912952423096,0.6142637133598328,-0.42334628105163574,0.33538591861724854,-0.5753034949302673,0.6698852181434631,-0.19616782665252686,0.019978148862719536,0,0.686689555644989,-0.11765216290950775,0.5909379720687866,0.582872748374939,-0.44707754254341125,0.37899455428123474,-0.5628002882003784,1
0.6812138557434082,-0.08662614226341248,0.6390308141708374,0.6110363006591797,-0.42607641220092773,0.3402491807937622,-0.5738675594329834,0.6698852181434631,-0.19616782665252686,0.019978148862719536,0,0.6874061226844788,-0.12111291289329529,0.5845745801925659,0.5796465277671814,-0.4495159983634949,0.38377898931503296,-0.5609445571899414,1
0.682868480682373,-0.09024877101182938,0.6329294443130493,0.6078053712844849,-0.4287759065628052,0.345105916261673,-0.5723860263824463,0.6698852181434631,-0.19616782665252686,0.019978148862719536,0,0.6880347728729248,-0.12469258904457092,0.5779160261154175,0.5762860178947449,-0.4520229399204254,0.38875389099121094,-0.5589632391929626,1
0.6844120025634766,-0.0938674807548523,0.6267751455307007,0.6045637130737305,-0.4314524233341217,0.34996604919433594,-0.5708548426628113,0.6698852181434631,-0.19616782665252686,0.019978148862719536,0,0.688543438911438,-0.1282448023557663,0.5712276697158813,0.5729260444641113,-0.4544961750507355,0.3937201499938965,-0.5569320917129517,1
0.6858464479446411,-0.0974847823381424,0.6205630898475647,0.6013085246086121,-0.4341071546077728,0.3548343777656555,-0.5692727565765381,0.6698852181434631,-0.19616782665252686,0.019978148862719536,0,0.6889320611953735,-0.13176706433296204,0.5645118951797485,0.5695676803588867,-0.45693516731262207,0.3986763656139374,-0.5548513531684875,1
0.6871715188026428,-0.1010991632938385,0.6142944097518921,0.5980403423309326,-0.43673932552337646,0.3597109019756317,-0.5676394104957581,0.6698852181434631,-0.19616782665252686,0.019978148862719536,0,0.6892010569572449,-0.1352589726448059,0.5577693581581116,0.5662105679512024,-0.4593399465084076,0.40362313389778137,-0.5527210831642151,1
0.6883872747421265,-0.1047092005610466,0.6079692244529724,0.5947598814964294,-0.4393481910228729,0.36459577083587646,-0.5659537315368652,0.6698852181434631,-0.19616782665252686,0.019978148862719536,0,0.6893501281738281,-0.13871797919273376,0.5510023832321167,0.5628556609153748,-0.4617104232311249,0.40855976939201355,-0.5505414009094238,1
0.6894921064376831,-0.10831175744533539,0.601590633392334,0.5914682745933533,-0.4419327974319458,0.36948731541633606,-0.5642160177230835,0.6698852181434631,-0.19616782665252686,0.019978148862719536,0,0.6893797516822815,-0.1421431303024292,0.5442124009132385,0.5595027804374695,-0.46404653787612915,0.41348615288734436,-0.5483125448226929,1
0.6904850006103516,-0.11190463602542877,0.5951605439186096,0.5881670117378235,-0.444491982460022,0.3743842542171478,-0.5624257922172546,0.6698852181434631,-0.19616782665252686,0.019978148862719536,0,0.6892898678779602,-0.14553233981132507,0.5374013781547546,0.5561532378196716,-0.4663473963737488,0.41840144991874695,-0.546034574508667,1
0.6913645267486572,-0.11548460274934769,0.5886827707290649,0.5848572254180908,-0.4470248222351074,0.3792845606803894,-0.5605835318565369,0.6698852181434631,-0.19616782665252686,0.019978148862719536,0,0.6890808939933777,-0.14888398349285126,0.5305710434913635,0.5528067946434021,-0.46861377358436584,0.4233056902885437,-0.5437076687812805,1
0.6921300292015076,-0.11905000358819962,0.5821592211723328,0.5815401077270508,-0.44953015446662903,0.38418734073638916,-0.5586892366409302,0.6698852181434631,-0.19616782665252686,0.019978148862719536,0,0.6887529492378235,-0.15219688415527344,0.5237224102020264,0.5494638681411743,-0.47084513306617737,0.4281986951828003,-0.5413318276405334,1
0.6927800178527832,-0.1225973516702652,0.5755937099456787,0.5782168507575989,-0.4520075023174286,0.38909029960632324,-0.5567432641983032,0.6698852181434631,-0.19616782665252686,0.019978148862719536,0,0.688306450843811,-0.15546900033950806,0.5168576240539551,0.5461252927780151,-0.47304120659828186,0.4330799877643585,-0.5389070510864258,1
0.6933138966560364,-0.12612491846084595,0.5689886212348938,0.5748885869979858,-0.4544554352760315,0.39399248361587524,-0.5547460913658142,0.6698852181434631,-0.19616782665252686,0.019978148862719536,0,0.6877419948577881,-0.15869928896427155,0.5099781155586243,0.5427910089492798,-0.47520196437835693,0.43794968724250793,-0.5364335775375366,1
0.6937305927276611,-0.12963008880615234,0.5623466968536377,0.5715558528900146,-0.4568736255168915,0.3988928496837616,-0.5526977181434631,0.6698852181434631,-0.19616782665252686,0.019978148862719536,0,0.6870598793029785,-0.16188585758209229,0.5030855536460876,0.5394617319107056,-0.4773273468017578,0.4428066611289978,-0.5339117646217346,1
0.6940299868583679,-0.13311028480529785,0.5556708574295044,0.5682204961776733,-0.4592609107494354,0.4037894606590271,-0.5505985617637634,0.6698852181434631,-0.19616782665252686,0.019978148862719536,0,0.6862601041793823,-0.16502737998962402,0.4961819052696228,0.5361378192901611,-0.4794168174266815,0.447651207447052,-0.5313417315483093,1
0.6942112445831299,-0.13656353950500488,0.5489636659622192,0.5648828148841858,-0.4616171717643738,0.40868160128593445,-0.548448920249939,0.6698852181434631,-0.19616782665252686,0.019978148862719536,0,0.6853436231613159,-0.1681218296289444,0.4892684519290924,0.5328198075294495,-0.48147091269493103,0.4524829089641571,-0.5287230014801025,1
0.6942744255065918,-0.13998758792877197,0.5422267913818359,0.561543881893158,-0.463941752910614,0.4135685861110687,-0.5462486147880554,0.6698852181434631,-0.19616782665252686,0.019978148862719536,0,0.684310793876648,-0.17116796970367432,0.48234742879867554,0.5295077562332153,-0.48348888754844666,0.4573011100292206,-0.5260565876960754,1
0.6942189335823059,-0.14338046312332153,0.5354642868041992,0.5582045912742615,-0.46623358130455017,0.41844847798347473,-0.543998658657074,0.6698852181434631,-0.19616782665252686,0.019978148862719536,0,0.6831620335578918,-0.17416460812091827,0.4754197597503662,0.5262024998664856,-0.48547080159187317,0.4621061384677887,-0.5233420729637146,1
0.6940447688102722,-0.14673979580402374,0.5286770462989807,0.5548657774925232,-0.46849268674850464,0.4233211874961853,-0.5416987538337708,0.6698852181434631,-0.19616782665252686,0.019978148862719536,0,0.6818982362747192,-0.1771094799041748,0.4684878885746002,0.5229043960571289,-0.4874166250228882,0.46689683198928833,-0.5205798149108887,1
0.6937519311904907,-0.15006384253501892,0.5218681693077087,0.5515278577804565,-0.4707186818122864,0.42818593978881836,-0.5393492579460144,0.6698852181434631,-0.19616782665252686,0.019978148862719536,0,0.6805198192596436,-0.18000192940235138,0.4615529775619507,0.51961350440979,-0.4893262982368469,0.47167345881462097,-0.5177699327468872,1
0.693340539932251,-0.15335078537464142,0.5150396823883057,0.5481919646263123,-0.4729108512401581,0.43304142355918884,-0.5369507074356079,0.6698852181434631,-0.19616782665252686,0.019978148862719536,0,0.6790274977684021,-0.18284012377262115,0.454616904258728,0.5163304805755615,-0.491199254989624,0.47643548250198364,-0.5149127840995789,1
0.6928108334541321,-0.15659882128238678,0.5081929564476013,0.5448582172393799,-0.4750690162181854,0.43788769841194153,-0.5345028638839722,0.6698852181434631,-0.19616782665252686,0.019978148862719536,0,0.6774221658706665,-0.1856224238872528,0.4476810097694397,0.5130558013916016,-0.4930359125137329,0.48118284344673157,-0.5120080709457397,1
0.6921626925468445,-0.15980589389801025,0.5013315677642822,0.5415275692939758,-0.477192759513855,0.44272321462631226,-0.5320065021514893,0.6698852181434631,-0.19616782665252686,0.019978148862719536,0,0.6757040023803711,-0.18834780156612396,0.4407477378845215,0.5097895860671997,-0.49483558535575867,0.4859149158000946,-0.509056806564331,1
0.691396951675415,-0.16296997666358948,0.4944564402103424,0.5382010340690613,-0.47928181290626526,0.4475480914115906,-0.5294613242149353,0.6698852181434631,-0.19616782665252686,0.019978148862719536,0,0.6738742589950562,-0.19101440906524658,0.4338182806968689,0.5065325498580933,-0.4965989291667938,0.49063143134117126,-0.5060583353042603,1
0.690513551235199,-0.16609008610248566,0.4875698983669281,0.5348785519599915,-0.48133590817451477,0.4523613750934601,-0.5268679261207581,0.6698852181434631,-0.19616782665252686,0.019978148862719536,0,0.6719335317611694,-0.19362151622772217,0.42689433693885803,0.5032849311828613,-0.4983249604701996,0.4953319728374481,-0.503013551235199,1
0.6895130276679993,-0.16916334629058838,0.48067426681518555,0.5315611958503723,-0.4833548367023468,0.45716241002082825,-0.5242262482643127,0.6698852181434631,-0.19616782665252686,0.019978148862719536,0,0.6698828339576721,-0.19616687297821045,0.419977605342865,0.5000471472740173,-0.500014066696167,0.5000166296958923,-0.49992212653160095,1
0.6883959770202637,-0.1721891611814499,0.473771333694458,0.5282492637634277,-0.4853380024433136,0.4619508981704712,-0.5215371251106262,0.6698852181434631,-0.19616782665252686,0.019978148862719536,0,0.6883959770202637,-0.1721891611814499,0.473771333694458,0.5282492637634277,-0.4853380024433136,0.4619508981704712,-0.5215371251106262,1
0.6881232261657715,-0.17445994913578033,0.4668080806732178,0.5256167650222778,-0.48666325211524963,0.46750038862228394,-0.5180048942565918,0.6698852181434631,-0.19616782665252686,0.019978148862719536,0,0.688687264919281,-0.172637939453125,0.4714517593383789,0.5279605388641357,-0.48549866676330566,0.4623391032218933,-0.5213359594345093,1
0.6884680390357971,-0.17559316754341125,0.4604531526565552,0.5237756371498108,-0.48803776502609253,0.4720172882080078,-0.5144684910774231,0.6698852181434631,-0.19616782665252686,0.019978148862719536,0,0.6889684796333313,-0.17308296263217926,0.4691314697265625,0.5276719331741333,-0.4856589436531067,0.46272727847099304,-0.5211343765258789,1
0.6890516877174377,-0.17594541609287262,0.45510298013687134,0.5225397944450378,-0.4893266558647156,0.47538498044013977,-0.511390745639801,0.6698852181434631,-0.19616782665252686,0.019978148862719536,0,0.6892396211624146,-0.1735238879919052,0.4668108820915222,0.5273833870887756,-0.48581916093826294,0.46311530470848083,-0.5209324955940247,1
0.6896544098854065,-0.17605336010456085,0.45089519023895264,0.5217087268829346,-0.49033766984939575,0.4777648448944092,-0.5090476870536804,0.6698852181434631,-0.19616782665252686,0.019978148862719536,0,0.6895004510879517,-0.17396116256713867,0.4644899368286133,0.5270951390266418,-0.4859789311885834,0.4635031223297119,-0.5207302570343018,1
0.6902276277542114,-0.17610827088356018,0.4478617310523987,0.5212101340293884,-0.4910169243812561,0.47922611236572266,-0.5075280070304871,0.6698852181434631,-0.19616782665252686,0.019978148862719536,0,0.689751386642456,-0.17439422011375427,0.4621685743331909,0.526806652545929,-0.4861387014389038,0.463890939950943,-0.5205276608467102,1
0.6907715201377869,-0.17617391049861908,0.44600486755371094,0.5210219621658325,-0.49135342240333557,0.4798007309436798,-0.5068520903587341,0.6698852181434631,-0.19616782665252686,0.019978148862719536,0,0.6899923086166382,-0.17482343316078186,0.4598469138145447,0.5265182256698608,-0.48629817366600037,0.46427878737449646,-0.5203246474266052,1
0.6912847757339478,-0.17626865208148956,0.44528627395629883,0.5211275815963745,-0.49135562777519226,0.4795306622982025,-0.5069969296455383,0.6698852181434631,-0.19616782665252686,0.019978148862719536,0,0.690222978591919,-0.1752488911151886,0.4575248062610626,0.5262298583984375,-0.4864572584629059,0.4646665155887604,-0.5201214551925659,1
0.6916437149047852,-0.17635947465896606,0.4451074004173279,0.5213587284088135,-0.49118712544441223,0.478861927986145,-0.5075544118881226,0.6698852181434631,-0.19616782665252686,0.019978148862719536,0,0.6904435753822327,-0.17567014694213867,0.45520302653312683,0.5259419083595276,-0.48661601543426514,0.4650540351867676,-0.5199179649353027,1
0.6918903589248657,-0.17644253373146057,0.44502776861190796,0.5216043591499329,-0.49097809195518494,0.4781098961830139,-0.5082128047943115,0.6698852181434631,-0.19616782665252686,0.019978148862719536,0,0.6906543374061584,-0.17608772218227386,0.452880322933197,0.5256534218788147,-0.4867747724056244,0.46544185280799866,-0.5197138786315918,1
0.6920844912528992,-0.17653198540210724,0.44487524032592773,0.5218297243118286,-0.4907727539539337,0.4773809611797333,-0.5088645219802856,0.6698852181434631,-0.19616782665252686,0.019978148862719536,0,0.6908547878265381,-0.17650097608566284,0.4505583643913269,0.5253655910491943,-0.48693299293518066,0.46582916378974915,-0.5195096731185913,1
0.6922567486763,-0.1766393482685089,0.44457486271858215,0.5220189690589905,-0.49058905243873596,0.47672152519226074,-0.5094654560089111,0.6698852181434631,-0.19616782665252686,0.019978148862719536,0,0.6910451054573059,-0.1769104152917862,0.448236346244812,0.5250776410102844,-0.48709115386009216,0.46621647477149963,-0.5193051099777222,1
0.6924214363098145,-0.17677025496959686,0.44410058856010437,0.5221664905548096,-0.4904332458972931,0.47614961862564087,-0.5099988579750061,0.6698852181434631,-0.19616782665252686,0.019978148862719536,0,0.691225528717041,-0.17731574177742004,0.44591397047042847,0.5247896313667297,-0.48724913597106934,0.46660366654396057,-0.5191001892089844,1
0.6925852298736572,-0.17692676186561584,0.443448543548584,0.5222715735435486,-0.49030688405036926,0.4756692349910736,-0.5104608535766602,0.6698852181434631,-0.19616782665252686,0.019978148862719536,0,0.6913960576057434,-0.1777171790599823,0.44359153509140015,0.5245016813278198,-0.48740682005882263,0.4669910669326782,-0.5188947319984436,1
0.6927502155303955,-0.17710819840431213,0.4426269233226776,0.5223360657691956,-0.49020910263061523,0.4752773940563202,-0.5108537077903748,0.6698852181434631,-0.19616782665252686,0.019978148862719536,0,0.6915563344955444,-0.1781143844127655,0.4412694573402405,0.5242140293121338,-0.48756423592567444,0.46737828850746155,-0.5186890363693237,1
0.6929172873497009,-0.17731286585330963,0.4416472911834717,0.5223627090454102,-0.4901381731033325,0.47496816515922546,-0.5111817717552185,0.6698852181434631,-0.19616782665252686,0.019978148862719536,0,0.6917065978050232,-0.1785075068473816,0.438947856426239,0.5239264369010925,-0.4877212345600128,0.46776509284973145,-0.5184831619262695,1
0.6930851936340332,-0.17753836512565613,0.44052448868751526,0.522355854511261,-0.4900915026664734,0.47473427653312683,-0.5114508867263794,0.6698852181434631,-0.19616782665252686,0.019978148862719536,0,0.691847026348114,-0.1788969337940216,0.43662571907043457,0.5236386656761169,-0.4878782033920288,0.46815237402915955,-0.5182766914367676,1
0.6932532787322998,-0.17778244614601135,0.4392717480659485,0.5223180055618286,-0.490066796541214,0.47456878423690796,-0.5116665959358215,0.6698852181434631,-0.19616782665252686,0.019978148862719536,0,0.6919772624969482,-0.17928189039230347,0.4343046247959137,0.5233511328697205,-0.48803481459617615,0.46853914856910706,-0.5180700421333313,1
0.6934201121330261,-0.17804288864135742,0.437902569770813,0.5222525596618652,-0.49006202816963196,0.4744642674922943,-0.5118349194526672,0.6698852181434631,-0.19616782665252686,0.019978148862719536,0,0.692097544670105,-0.17966307699680328,0.43198344111442566,0.523063600063324,-0.48819130659103394,0.4689258933067322,-0.5178629755973816,1
0.6935846209526062,-0.1783171445131302,0.4364294111728668,0.5221624374389648,-0.49007484316825867,0.4744144380092621,-0.5119608044624329,0.6698852181434631,-0.19616782665252686,0.019978148862719536,0,0.692207932472229,-0.1800399273633957,0.429662823677063,0.5227763652801514,-0.4883473813533783,0.4693126976490021,-0.517655611038208,1
0.6937454342842102,-0.17860350012779236,0.4348635673522949,0.5220507383346558,-0.4901033043861389,0.47441306710243225,-0.5120487809181213,0.6698852181434631,-0.19616782665252686,0.019978148862719536,0,0.6923081278800964,-0.1804129034280777,0.42734265327453613,0.5224887728691101,-0.4885033369064331,0.46969929337501526,-0.5174480080604553,1
0.693901777267456,-0.17889995872974396,0.4332147240638733,0.521919310092926,-0.49014583230018616,0.47445517778396606,-0.5121029615402222,0.6698852181434631,-0.19616782665252686,0.019978148862719536,0,0.6923983693122864,-0.18078146874904633,0.42502331733703613,0.5222015976905823,-0.48865896463394165,0.4700857996940613,-0.5172399878501892,1
0.6940525770187378,-0.17920486629009247,0.431491881608963,0.5217705965042114,-0.49020078778266907,0.47453582286834717,-0.5121272802352905,0.6698852181434631,-0.19616782665252686,0.019978148862719536,0,0.6924787163734436,-0.18114623427391052,0.42270421981811523,0.5219143629074097,-0.48881420493125916,0.4704723358154297,-0.5170315504074097,1
0.694196879863739,-0.17951664328575134,0.42970380187034607,0.5216066241264343,-0.49026668071746826,0.47465044260025024,-0.5121249556541443,0.6698852181434631,-0.19616782665252686,0.019978148862719536,0,0.6925489902496338,-0.18150657415390015,0.4203856885433197,0.5216271877288818,-0.48896947503089905,0.47085878252983093,-0.5168228149414062,1
0.6943343281745911,-0.17983436584472656,0.4278566241264343,0.5214287638664246,-0.49034246802330017,0.4747958779335022,-0.5120987892150879,0.6698852181434631,-0.19616782665252686,0.019978148862719536,0,0.6926094889640808,-0.1818629801273346,0.41806817054748535,0.5213402509689331,-0.4891242980957031,0.47124505043029785,-0.5166136622428894,1
0.6944641470909119,-0.1801561713218689,0.4259575605392456,0.5212388038635254,-0.4904269576072693,0.47496795654296875,-0.5120516419410706,0.6698852181434631,-0.19616782665252686,0.019978148862719536,0,0.6926600337028503,-0.18221503496170044,0.41575103998184204,0.5210532546043396,-0.4892790615558624,0.4716312289237976,-0.5164042711257935,1
0.6945858001708984,-0.18048153817653656,0.42401227355003357,0.521038293838501,-0.4905189573764801,0.4751640558242798,-0.5119855999946594,0.6698852181434631,-0.19616782665252686,0.019978148862719536,0,0.6927006840705872,-0.18256299197673798,0.4134345054626465,0.5207663178443909,-0.4894334673881531,0.4720174968242645,-0.5161944627761841,1
0.6946988105773926,-0.18080972135066986,0.42202556133270264,0.5208277106285095,-0.4906180202960968,0.4753817319869995,-0.5119028687477112,0.6698852181434631,-0.19616782665252686,0.019978148862719536,0,0.6927312016487122,-0.1829068660736084,0.4111190438270569,0.5204794406890869,-0.48958757519721985,0.4724035859107971,-0.5159843564033508,1
0.6948027014732361,-0.18113939464092255,0.4200029969215393,0.5206089615821838,-0.4907225966453552,0.47561773657798767,-0.5118058919906616,0.6698852181434631,-0.19616782665252686,0.019978148862719536,0,0.692751944065094,-0.18324632942676544,0.408804714679718,0.5201926827430725,-0.4897415339946747,0.4727894365787506,-0.5157739520072937,1
0.6948972344398499,-0.18147005140781403,0.4179476797580719,0.5203825831413269,-0.49083274602890015,0.47587084770202637,-0.511695146560669,0.6698852181434631,-0.19616782665252686,0.019978148862719536,0,0.6927626729011536,-0.1835818588733673,0.40649113059043884,0.5199059247970581,-0.48989516496658325,0.47317537665367126,-0.5155633091926575,1
0.6949822306632996,-0.1818011850118637,0.4158635139465332,0.5201494693756104,-0.49094751477241516,0.4761386513710022,-0.5115729570388794,0.6698852181434631,-0.19616782665252686,0.019978148862719536,0,0.6927636861801147,-0.18391293287277222,0.4041784405708313,0.5196194052696228,-0.49004849791526794,0.4735613167285919,-0.5153520703315735,1
0.6950573921203613,-0.18213219940662384,0.4137539267539978,0.5199102759361267,-0.4910663068294525,0.4764198064804077,-0.5114403367042542,0.6698852181434631,-0.19616782665252686,0.019978148862719536,0,0.6927547454833984,-0.18423998355865479,0.4018669128417969,0.5193329453468323,-0.4902016818523407,0.47394680976867676,-0.5151406526565552,1
0.6951225996017456,-0.18246227502822876,0.4116218686103821,0.5196658968925476,-0.4911888837814331,0.47671249508857727,-0.511298418045044,0.6698852181434631,-0.19616782665252686,0.019978148862719536,0,0.6927360892295837,-0.18456268310546875,0.39955633878707886,0.5190463662147522,-0.49035465717315674,0.4743326008319855,-0.5149287581443787,1
0.6951776742935181,-0.18279127776622772,0.40946972370147705,0.5194167494773865,-0.49131467938423157,0.4770154654979706,-0.5111480951309204,0.6698852181434631,-0.19616782665252686,0.019978148862719536,0,0.692707359790802,-0.1848812997341156,0.3972470164299011,0.5187599658966064,-0.4905072748661041,0.47471827268600464,-0.5147166848182678,1
0.6952225565910339,-0.18311884999275208,0.40729981660842896,0.5191633701324463,-0.49144309759140015,0.4773279130458832,-0.5109902024269104,0.6698852181434631,-0.19616782665252686,0.019978148862719536,0,0.6926688551902771,-0.1851954162120819,0.394939124584198,0.5184736847877502,-0.4906596541404724,0.4751034379005432,-0.5145043134689331,1
0.6952571272850037,-0.18344438076019287,0.40511420369148254,0.5189064741134644,-0.4915739893913269,0.47764843702316284,-0.5108257532119751,0.6698852181434631,-0.19616782665252686,0.019978148862719536,0,0.6926204562187195,-0.18550550937652588,0.39263230562210083,0.5181874632835388,-0.49081164598464966,0.47548907995224,-0.5142914056777954,1
0.6952813863754272,-0.1837678998708725,0.40291503071784973,0.518646240234375,-0.4917069673538208,0.4779760241508484,-0.5106557011604309,0.6698852181434631,-0.19616782665252686,0.019978148862719536,0,0.6925622820854187,-0.18581107258796692,0.39032697677612305,0.5179013013839722,-0.4909636080265045,0.4758743643760681,-0.5140783786773682,1
0.6952949166297913,-0.18408897519111633,0.4007040858268738,0.5183829069137573,-0.49184176325798035,0.47830983996391296,-0.5104804635047913,0.6698852181434631,-0.19616782665252686,0.019978148862719536,0,0.6924945116043091,-0.1861124038696289,0.38802266120910645,0.5176152586936951,-0.49111539125442505,0.4762594699859619,-0.5138646960258484,1
0.695298433303833,-0.18440735340118408,0.3984823524951935,0.5181172490119934,-0.4919782280921936,0.4786495268344879,-0.5103003978729248,0.6698852181434631,-0.19616782665252686,0.019978148862719536,0,0.6924167275428772,-0.18640963733196259,0.38572007417678833,0.5173293352127075,-0.491266667842865,0.4766445755958557,-0.5136508941650391,1
0.69529128074646,-0.1847226768732071,0.39625149965286255,0.5178492069244385,-0.4921162724494934,0.47899389266967773,-0.5101162195205688,0.6698852181434631,-0.19616782665252686,0.019978148862719536,0,0.6923292875289917,-0.18670238554477692,0.38341858983039856,0.5170432925224304,-0.49141794443130493,0.4770296514034271,-0.5134366750717163,1
0.6952736377716064,-0.18503502011299133,0.3940129578113556,0.5175793170928955,-0.4922551214694977,0.4793427884578705,-0.5099283456802368,0.6698852181434631,-0.19616782665252686,0.019978148862719536,0,0.6922318935394287,-0.18699106574058533,0.38111886382102966,0.5167573094367981,-0.49156880378723145,0.4774147868156433,-0.5132221579551697,1
0.6952454447746277,-0.18534427881240845,0.391767293214798,0.517307460308075,-0.4923952519893646,0.47969549894332886,-0.5097372531890869,0.6698852181434631,-0.19616782665252686,0.019978148862719536,0,0.6921249628067017,-0.18727515637874603,0.3788207769393921,0.5164717435836792,-0.4917193353176117,0.47779956459999084,-0.5130073428153992,1
0.6952071785926819,-0.18564993143081665,0.3895155191421509,0.5170342326164246,-0.49253636598587036,0.4800516664981842,-0.5095428824424744,0.6698852181434631,-0.19616782665252686,0.019978148862719536,0,0.6920082569122314,-0.18755514919757843,0.3765242397785187,0.5161859393119812,-0.49186983704566956,0.4781843423843384,-0.5127922296524048,1
0.6951583623886108,-0.18595226109027863,0.38725852966308594,0.5167593955993652,-0.49267813563346863,0.48041099309921265,-0.5093458890914917,0.6698852181434631,-0.19616782665252686,0.019978148862719536,0,0.6918817162513733,-0.1878305822610855,0.37422943115234375,0.5159004926681519,-0.4920198619365692,0.47856900095939636,-0.5125766396522522,1
0.6950989961624146,-0.18625091016292572,0.38499704003334045,0.5164833068847656,-0.4928206503391266,0.480773001909256,-0.5091462731361389,0.6698852181434631,-0.19616782665252686,0.019978148862719536,0,0.6917455792427063,-0.18810196220874786,0.3719364404678345,0.515614926815033,-0.49216973781585693,0.4789535105228424,-0.5123609304428101,1
0.6950294971466064,-0.1865459531545639,0.38273221254348755,0.5162064433097839,-0.4929634928703308,0.48113733530044556,-0.5089448094367981,0.6698852181434631,-0.19616782665252686,0.019978148862719536,0,0.6915997862815857,-0.18836870789527893,0.36964520812034607,0.5153294205665588,-0.4923194944858551,0.4793379604816437,-0.5121446251869202,1
0.6949495077133179,-0.1868370622396469,0.3804640769958496,0.515928328037262,-0.4931070804595947,0.48150378465652466,-0.508741021156311,0.6698852181434631,-0.19616782665252686,0.019978148862719536,0,0.6914442181587219,-0.18863138556480408,0.367355614900589,0.5150438547134399,-0.49246886372566223,0.4797225296497345,-0.5119280815124512,1
0.6948592662811279,-0.18712446093559265,0.37819358706474304,0.5156494975090027,-0.4932507574558258,0.48187196254730225,-0.5085356831550598,0.6698852181434631,-0.19616782665252686,0.019978148862719536,0,0.6912790536880493,-0.18888944387435913,0.36506813764572144,0.5147587060928345,-0.4926179349422455,0.48010680079460144,-0.5117112398147583,1
0.6947587728500366,-0.18740764260292053,0.3759211301803589,0.5153700709342957,-0.4933948814868927,0.4822416305541992,-0.5083287954330444,0.6698852181434631,-0.19616782665252686,0.019978148862719536,0,0.6911042928695679,-0.1891431361436844,0.3627825677394867,0.5144734978675842,-0.4927668571472168,0.48049110174179077,-0.511493980884552,1
0.6946479082107544,-0.18768718838691711,0.3736473321914673,0.5150898098945618,-0.4935389757156372,0.4826127588748932,-0.5081206560134888,0.6698852181434631,-0.19616782665252686,0.019978148862719536,0,0.6909196972846985,-0.18939267098903656,0.36049893498420715,0.5141883492469788,-0.4929153621196747,0.4808754026889801,-0.511276364326477,1
0.6945271492004395,-0.18796226382255554,0.3713722825050354,0.514809250831604,-0.49368345737457275,0.48298490047454834,-0.5079109072685242,0.6698852181434631,-0.19616782665252686,0.019978148862719536,0,0.6907258033752441,-0.18963763117790222,0.3582172393798828,0.5139033198356628,-0.49306392669677734,0.4812592566013336,-0.5110583901405334,1
0.6943961977958679,-0.18823373317718506,0.36909642815589905,0.5145280361175537,-0.4938279390335083,0.4833581745624542,-0.5077003240585327,0.6698852181434631,-0.19616782665252686,0.019978148862719536,0,0.6905221343040466,-0.18987834453582764,0.3559377193450928,0.5136182308197021,-0.49321213364601135,0.48164355754852295,-0.510840117931366,1
0.6942552328109741,-0.18850059807300568,0.36682045459747314,0.5142465233802795,-0.4939725697040558,0.4837324023246765,-0.507488489151001,0.6698852181434631,-0.19616782665252686,0.019978148862719536,0,0.6903089880943298,-0.19011452794075012,0.35366055369377136,0.5133333802223206,-0.4933598041534424,0.48202723264694214,-0.5106217265129089,1
0.694104015827179,-0.18876364827156067,0.3645440340042114,0.5139646530151367,-0.49411696195602417,0.48410752415657043,-0.5072756409645081,0.6698852181434631,-0.19616782665252686,0.019978148862719536,0,0.6900861263275146,-0.19034644961357117,0.3513852059841156,0.5130484104156494,-0.4935075044631958,0.48241126537323,-0.5104026198387146,1
0.6939429640769958,-0.18902243673801422,0.3622678220272064,0.51368248462677,-0.49426162242889404,0.4844832420349121,-0.507061779499054,0.6698852181434631,-0.19616782665252686,0.019978148862719536,0,0.6898539662361145,-0.19057370722293854,0.3491126000881195,0.5127637982368469,-0.49365493655204773,0.4827948808670044,-0.5101834535598755,1
0.6937717795372009,-0.18927700817584991,0.35999223589897156,0.5133998394012451,-0.4944062829017639,0.4848594665527344,-0.5068473815917969,0.6698852181434631,-0.19616782665252686,0.019978148862719536,0,0.6896120309829712,-0.1907968968153,0.3468421697616577,0.5124791264533997,-0.4938018321990967,0.4831784665584564,-0.5099639892578125,1
0.6935907602310181,-0.18952706456184387,0.3577171862125397,0.5131173133850098,-0.49455079436302185,0.48523634672164917,-0.5066318511962891,0.6698852181434631,-0.19616782665252686,0.019978148862719536,0,0.6893606781959534,-0.1910153478384018,0.3445741534233093,0.5121946334838867,-0.49394872784614563,0.48356184363365173,-0.5097442865371704,1
0.6933997273445129,-0.18977293372154236,0.3554430603981018,0.5128343105316162,-0.4946953058242798,0.4856136739253998,-0.5064155459403992,0.6698852181434631,-0.19616782665252686,0.019978148862719536,0,0.689099907875061,-0.19122935831546783,0.34230807423591614,0.5119101405143738,-0.4940955340862274,0.4839455485343933,-0.5095235705375671,1
0.6931989192962646,-0.19001466035842896,0.35316991806030273,0.5125512480735779,-0.49483954906463623,0.4859912693500519,-0.5061988830566406,0.6698852181434631,-0.19616782665252686,0.019978148862719536,0,0.6888296008110046,-0.19143927097320557,0.3400449752807617,0.5116257071495056,-0.49424174427986145,0.4843289256095886,-0.5093031525611877,1
0.6929882764816284,-0.19025205075740814,0.3508981466293335,0.5122680068016052,-0.49498385190963745,0.4863692820072174,-0.5059816241264343,0.6698852181434631,-0.19616782665252686,0.019978148862719536,0,0.6885498762130737,-0.1916443556547165,0.337784081697464,0.5113412737846375,-0.49438798427581787,0.48471224308013916,-0.509082019329071,1
0.6927677392959595,-0.19048506021499634,0.3486279845237732,0.5119848251342773,-0.49512770771980286,0.4867474138736725,-0.5057637691497803,0.6698852181434631,-0.19616782665252686,0.019978148862719536,0,0.6882607340812683,-0.19184526801109314,0.3355257511138916,0.5110570192337036,-0.4945337474346161,0.4850955605506897,-0.50886070728302,1
0.6925376057624817,-0.1907135546207428,0.3463593125343323,0.5117015242576599,-0.4952715337276459,0.48712557554244995,-0.5055453777313232,0.6698852181434631,-0.19616782665252686,0.019978148862719536,0,0.6879621148109436,-0.1920415312051773,0.33327022194862366,0.5107728242874146,-0.4946794807910919,0.4854786992073059,-0.5086390972137451,1
0.6922975778579712,-0.19093778729438782,0.34409239888191223,0.5114182233810425,-0.49541518092155457,0.48750394582748413,-0.505326509475708,0.6698852181434631,-0.19616782665252686,0.019978148862719536,0,0.6876541376113892,-0.19223353266716003,0.3310174345970154,0.5104885697364807,-0.49482476711273193,0.4858618676662445,-0.5084171295166016,1
0.6920479536056519,-0.19115784764289856,0.3418270945549011,0.5111348032951355,-0.49555861949920654,0.4878828525543213,-0.5051071047782898,0.6698852181434631,-0.19616782665252686,0.019978148862719536,0,0.6873367428779602,-0.19242075085639954,0.32876765727996826,0.5102048516273499,-0.49496975541114807,0.48624446988105774,-0.5081950426101685,1
0.6917886734008789,-0.1913730800151825,0.3395642340183258,0.5108515620231628,-0.4957019090652466,0.4882611930370331,-0.5048872828483582,0.6698852181434631,-0.19616782665252686,0.019978148862719536,0,0.6870100498199463,-0.19260376691818237,0.32651981711387634,0.5099207162857056,-0.49511486291885376,0.4866276681423187,-0.5079719424247742,1
0.6915197372436523,-0.19158418476581573,0.3373030722141266,0.5105681419372559,-0.4958449602127075,0.48863986134529114,-0.5046670436859131,0.6698852181434631,-0.19616782665252686,0.019978148862719536,0,0.6866740584373474,-0.1927822083234787,0.32427549362182617,0.5096368789672852,-0.49525946378707886,0.48701027035713196,-0.5077493190765381,1
0.6912412047386169,-0.19179075956344604,0.33504408597946167,0.5102847814559937,-0.4959877133369446,0.4890187084674835,-0.5044464468955994,0.6698852181434631,-0.19616782665252686,0.019978148862719536,0,0.686328649520874,-0.19295626878738403,0.32203394174575806,0.5093532204627991,-0.49540361762046814,0.4873928725719452,-0.5075260996818542,1
0.6909530162811279,-0.19199305772781372,0.33278733491897583,0.5100013613700867,-0.49613049626350403,0.48939746618270874,-0.5042252540588379,0.6698852181434631,-0.19616782665252686,0.019978148862719536,0,0.6859740614891052,-0.1931256353855133,0.3197951316833496,0.5090695023536682,-0.49554774165153503,0.48777541518211365,-0.5073023438453674,1
0.6906553506851196,-0.1921910047531128,0.3305332064628601,0.5097179412841797,-0.49627286195755005,0.4897764027118683,-0.5040038228034973,0.6698852181434631,-0.19616782665252686,0.019978148862719536,0,0.6856102347373962,-0.19329053163528442,0.31755924224853516,0.5087859630584717,-0.4956916272640228,0.4881580173969269,-0.507078230381012,1
0.6903481483459473,-0.19238440692424774,0.3282814025878906,0.5094346404075623,-0.4964149296283722,0.4901551306247711,-0.5037820935249329,0.6698852181434631,-0.19616782665252686,0.019978148862719536,0,0.6852369904518127,-0.19345112144947052,0.3153267204761505,0.5085024237632751,-0.4958351254463196,0.4885404109954834,-0.5068540573120117,1
0.6900315284729004,-0.19257323443889618,0.32603198289871216,0.5091512203216553,-0.49655693769454956,0.4905339777469635,-0.5035598278045654,0.6698852181434631,-0.19616782665252686,0.019978148862719536,0,0.6848545074462891,-0.1936069279909134,0.3130975365638733,0.5082190036773682,-0.4959784746170044,0.48892250657081604,-0.5066296458244324,1
0.6897054314613342,-0.19275765120983124,0.32378578186035156,0.5088681578636169,-0.49669861793518066,0.490912526845932,-0.5033375024795532,0.6698852181434631,-0.19616782665252686,0.019978148862719536,0,0.6844629645347595,-0.1937585026025772,0.31087058782577515,0.5079355239868164,-0.4961217939853668,0.48930490016937256,-0.5064043998718262,1
0.6893699169158936,-0.192937433719635,0.32154199481010437,0.5085852146148682,-0.4968399107456207,0.4912910461425781,-0.5031144022941589,0.6698852181434631,-0.19616782665252686,0.019978148862719536,0,0.684062123298645,-0.19390536844730377,0.3086474537849426,0.5076524615287781,-0.4962644577026367,0.48968690633773804,-0.5061790347099304,1
0.6890251636505127,-0.19311317801475525,0.31930094957351685,0.5083020925521851,-0.49698105454444885,0.49166953563690186,-0.502891480922699,0.6698852181434631,-0.19616782665252686,0.019978148862719536,0,0.6836521029472351,-0.19404783844947815,0.30642732977867126,0.5073691010475159,-0.49640709161758423,0.49006909132003784,-0.505953311920166,1
0.6886709332466125,-0.1932840347290039,0.3170628547668457,0.5080191493034363,-0.4971221089363098,0.49204787611961365,-0.5026679039001465,0.6698852181434631,-0.19616782665252686,0.019978148862719536,0,0.6832331418991089,-0.19418568909168243,0.3042103946208954,0.5070860981941223,-0.4965493679046631,0.4904510974884033,-0.505727231502533,1
0.6883073449134827,-0.1934507191181183,0.31482797861099243,0.507736325263977,-0.4972625970840454,0.49242594838142395,-0.5024443864822388,0.6698852181434631,-0.19616782665252686,0.019978148862719536,0,0.6828047633171082,-0.1943192034959793,0.3019968867301941,0.5068029761314392,-0.49669137597084045,0.4908330738544464,-0.5055009126663208,1
0.6879343390464783,-0.19361278414726257,0.31259557604789734,0.5074535012245178,-0.49740293622016907,0.49280431866645813,-0.5022201538085938,0.6698852181434631,-0.19616782665252686,0.019978148862719536,0,0.6823674440383911,-0.19444790482521057,0.29978713393211365,0.5065200924873352,-0.4968332350254059,0.49121466279029846,-0.5052743554115295,1
0.6875520944595337,-0.19377043843269348,0.31036680936813354,0.5071707367897034,-0.4975430965423584,0.4931822121143341,-0.5019960999488831,0.6698852181434631,-0.19616782665252686,0.019978148862719536,0,0.6819209456443787,-0.1945723295211792,0.2975805103778839,0.5062373876571655,-0.49697473645210266,0.4915963113307953,-0.5050473213195801,1
0.687160849571228,-0.19392353296279907,0.3081410825252533,0.506888210773468,-0.49768275022506714,0.4935597777366638,-0.5017716288566589,0.6698852181434631,-0.19616782665252686,0.019978148862719536,0,0.6814656257629395,-0.19469207525253296,0.2953774333000183,0.5059545636177063,-0.4971160590648651,0.49197784066200256,-0.5048199892044067,1
0.6867600679397583,-0.19407208263874054,0.30591869354248047,0.5066056847572327,-0.4978223741054535,0.49393755197525024,-0.5015468001365662,0.6698852181434631,-0.19616782665252686,0.019978148862719536,0,0.6810012459754944,-0.19480714201927185,0.2931778132915497,0.505672037601471,-0.4972572326660156,0.4923591911792755,-0.5045924186706543,1
0.6863502264022827,-0.19421617686748505,0.3036993443965912,0.5063231587409973,-0.49796178936958313,0.49431508779525757,-0.5013217329978943,0.6698852181434631,-0.19616782665252686,0.019978148862719536,0,0.6805275678634644,-0.1949179321527481,0.29098227620124817,0.5053895115852356,-0.4973978102207184,0.49274057149887085,-0.504364550113678,1
0.6859312057495117,-0.19435569643974304,0.30148303508758545,0.5060407519340515,-0.4981008768081665,0.4946928322315216,-0.5010960102081299,0.6698852181434631,-0.19616782665252686,0.019978148862719536,0,0.6800453066825867,-0.19502393901348114,0.2887895703315735,0.5051069855690002,-0.4975385367870331,0.4931219220161438,-0.5041359663009644,1
0.6855030059814453,-0.1944907158613205,0.2992706000804901,0.5057585835456848,-0.49823957681655884,0.4950699806213379,-0.500870406627655,0.6698852181434631,-0.19616782665252686,0.019978148862719536,0,0.6795536875724792,-0.19512565433979034,0.286601185798645,0.5048245191574097,-0.4976786673069,0.4935031235218048,-0.5039073824882507,1
0.685065746307373,-0.19462117552757263,0.2970617115497589,0.5054765343666077,-0.4983779788017273,0.4954470098018646,-0.5006445646286011,0.6698852181434631,-0.19616782665252686,0.019978148862719536,0,0.6790533661842346,-0.19522257149219513,0.28441646695137024,0.5045422315597534,-0.49781879782676697,0.4938843250274658,-0.5036783218383789,1
0.6846193075180054,-0.1947472244501114,0.2948560118675232,0.5051944255828857,-0.498516321182251,0.4958239793777466,-0.5004183650016785,0.6698852181434631,-0.19616782665252686,0.019978148862719536,0,0.6785441040992737,-0.19531524181365967,0.28223496675491333,0.5042599439620972,-0.49795863032341003,0.4942653477191925,-0.5034489035606384,1
0.6841639280319214,-0.19486896693706512,0.29265397787094116,0.5049124360084534,-0.4986540973186493,0.496200829744339,-0.5001919865608215,0.6698852181434631,-0.19616782665252686,0.019978148862719536,0,0.6780259609222412,-0.19540300965309143,0.28005796670913696,0.5039780139923096,-0.49809807538986206,0.4946460723876953,-0.5032193064689636,1
0.6836993098258972,-0.19498586654663086,0.2904554605484009,0.5046308636665344,-0.4987918436527252,0.4965774416923523,-0.4999651610851288,0.6698852181434631,-0.19616782665252686,0.019978148862719536,0,0.6774988174438477,-0.19548644125461578,0.2778843641281128,0.5036957859992981,-0.49823740124702454,0.4950271546840668,-0.5029891729354858,1
0.6832258701324463,-0.19509828090667725,0.2882607579231262,0.5043492317199707,-0.4989291727542877,0.49695396423339844,-0.4997381567955017,0.6698852181434631,-0.19616782665252686,0.019978148862719536,0,0.6769630908966064,-0.1955651491880417,0.2757151126861572,0.5034137964248657,-0.4983764886856079,0.49540773034095764,-0.5027589201927185,1
0.6827435493469238,-0.195206418633461,0.2860698401927948,0.5040675401687622,-0.49906623363494873,0.4973301589488983,-0.49951112270355225,0.6698852181434631,-0.19616782665252686,0.019978148862719536,0,0.6764182448387146,-0.19563943147659302,0.27354973554611206,0.5031320452690125,-0.4985150396823883,0.4957883059978485,-0.5025283694267273,1
0.682252049446106,-0.19530975818634033,0.2838825583457947,0.5037862062454224,-0.49920302629470825,0.49770626425743103,-0.4992836117744446,0.6698852181434631,-0.19616782665252686,0.019978148862719536,0,0.6758647561073303,-0.1957089602947235,0.27138859033584595,0.5028502941131592,-0.4986535906791687,0.4961687922477722,-0.5022974014282227,1
0.6817516684532166,-0.19540850818157196,0.28169938921928406,0.5035048723220825,-0.4993395507335663,0.4980822503566742,-0.4990559220314026,0.6698852181434631,-0.19616782665252686,0.019978148862719536,0,0.6753025650978088,-0.19577395915985107,0.2692313492298126,0.5025686025619507,-0.49879190325737,0.496549129486084,-0.5020660758018494,1
0.6812424063682556,-0.19550307095050812,0.27951985597610474,0.5032235980033875,-0.49947577714920044,0.49845829606056213,-0.4988279342651367,0.6698852181434631,-0.19616782665252686,0.019978148862719536,0,0.6747316718101501,-0.19583463668823242,0.26707810163497925,0.5022870898246765,-0.498929888010025,0.49692943692207336,-0.5018343925476074,1
0.6807241439819336,-0.1955927312374115,0.27734431624412537,0.5029424428939819,-0.49961185455322266,0.4988339841365814,-0.4985995888710022,0.6698852181434631,-0.19616782665252686,0.019978148862719536,0,0.674152135848999,-0.19589054584503174,0.2649291157722473,0.5020056366920471,-0.49906763434410095,0.49730968475341797,-0.5016024112701416,1
0.6801972389221191,-0.19567793607711792,0.2751726806163788,0.5026615262031555,-0.49974748492240906,0.49920931458473206,-0.4983711540699005,0.6698852181434631,-0.19616782665252686,0.019978148862719536,0,0.6735636591911316,-0.19594192504882812,0.26278433203697205,0.501724123954773,-0.499205082654953,0.4976900517940521,-0.501369833946228,1
0.6796613335609436,-0.1957588493824005,0.27300500869750977,0.5023806691169739,-0.4998829960823059,0.49958479404449463,-0.498142272233963,0.6698852181434631,-0.19616782665252686,0.019978148862719536,0,0.672966718673706,-0.19598862528800964,0.26064369082450867,0.5014428496360779,-0.49934232234954834,0.49806997179985046,-0.5011371970176697,1
0.6791167259216309,-0.19583487510681152,0.2708418071269989,0.502099871635437,-0.500018298625946,0.4999597370624542,-0.49791333079338074,0.6698852181434631,-0.19616782665252686,0.019978148862719536,0,0.6723610162734985,-0.19603097438812256,0.2585075795650482,0.5011613965034485,-0.49947941303253174,0.4984501004219055,-0.5009042620658875,1
0.6785632967948914,-0.19590668380260468,0.26868242025375366,0.5018191337585449,-0.5001530647277832,0.5003350377082825,-0.49768391251564026,0.6698852181434631,-0.19616782665252686,0.019978148862719536,0,0.6717468500137329,-0.19606849551200867,0.25637590885162354,0.5008803606033325,-0.49961599707603455,0.4988299012184143,-0.5006709098815918,1
0.6780011653900146,-0.1959737241268158,0.2665271759033203,0.5015386939048767,-0.5002875924110413,0.5007097721099854,-0.4974544644355774,0.6698852181434631,-0.19616782665252686,0.019978148862719536,0,0.6711240410804749,-0.19610163569450378,0.25424858927726746,0.5005993247032166,-0.4997524917125702,0.49920961260795593,-0.5004371404647827,1
0.6774303317070007,-0.1960364133119583,0.2643764019012451,0.5012582540512085,-0.5004217624664307,0.5010843873023987,-0.49722474813461304,0.6698852181434631,-0.19616782665252686,0.019978148862719536,0,0.6704927682876587,-0.19612999260425568,0.25212571024894714,0.5003183484077454,-0.49988874793052673,0.49958929419517517,-0.5002033114433289,1
0.6768508553504944,-0.1960943639278412,0.26222991943359375,0.5009779334068298,-0.5005558729171753,0.5014587640762329,-0.49699485301971436,0.6698852181434631,-0.19616782665252686,0.019978148862719536,0,0.6698528528213501,-0.19615353643894196,0.2500072717666626,0.5000375509262085,-0.5000247955322266,0.49996891617774963,-0.4999687075614929,1
0.676262617111206,-0.19614797830581665,0.2600879371166229,0.5006977915763855,-0.5006895065307617,0.5018329620361328,-0.4967648983001709,0.6698852181434631,-0.19616782665252686,0.019978148862719536,1,0.676262617111206,-0.19614797830581665,0.2600879371166229,0.5006977915763855,-0.5006895065307617,0.5018329620361328,-0.4967648983001709,0
0.6761468648910522,-0.19620539247989655,0.25845831632614136,0.5003646016120911,-0.5009433031082153,0.5026348829269409,-0.4960334002971649,0.6698852181434631,-0.19616782665252686,0.019978148862719536,1,0.676262617111206,-0.19614797830581665,0.2600879371166229,0.5006977915763855,-0.5006895065307617,0.5018329620361328,-0.4967648983001709,0
0.6762300729751587,-0.19626827538013458,0.2573462128639221,0.5001195669174194,-0.5011664628982544,0.5032923817634583,-0.4953879117965698,0.6698852181434631,-0.19616782665252686,0.019978148862719536,1,0.676262617111206,-0.19614797830581665,0.2600879371166229,0.5006977915763855,-0.5006895065307617,0.5018329620361328,-0.4967648983001709,0
0.6763110160827637,-0.19631066918373108,0.2564825713634491,0.49993810057640076,-0.5013397336006165,0.5037894248962402,-0.4948904514312744,0.6698852181434631,-0.19616782665252686,0.019978148862719536,1,0.676262617111206,-0.19614797830581665,0.2600879371166229,0.5006977915763855,-0.5006895065307617,0.5018329620361328,-0.4967648983001709,0
0.6763819456100464,-0.19634079933166504,0.2557719945907593,0.49979186058044434,-0.5014834403991699,0.5041934251785278,-0.4944809079170227,0.6698852181434631,-0.19616782665252686,0.019978148862719536,1,0.676262617111206,-0.19614797830581665,0.2600879371166229,0.5006977915763855,-0.5006895065307617,0.5018329620361328,-0.4967648983001709,0
0.676444411277771,-0.196363165974617,0.2551671862602234,0.49966898560523987,-0.5016065239906311,0.5045347809791565,-0.49413201212882996,0.6698852181434631,-0.19616782665252686,0.019978148862719536,1,0.676262617111206,-0.19614797830581665,0.2600879371166229,0.5006977915763855,-0.5006895065307617,0.5018329620361328,-0.4967648983001709,0
0.676500141620636,-0.1963808834552765,0.2546418309211731,0.4995633661746979,-0.501713752746582,0.5048295259475708,-0.49382877349853516,0.6698852181434631,-0.19616782665252686,0.019978148862719536,1,0.676262617111206,-0.19614797830581665,0.2600879371166229,0.5006977915763855,-0.5006895065307617,0.5018329620361328,-0.4967648983001709,0
0.676547646522522,-0.19640521705150604,0.25419217348098755,0.4994661211967468,-0.501806378364563,0.5050808787345886,-0.49357593059539795,0.6697714328765869,-0.19461798667907715,0.020462464541196823,1,0.676262617111206,-0.19614797830581665,0.2600879371166229,0.5006977915763855,-0.5006895065307617,0.5018329620361328,-0.4967648983001709,0
0.6765913367271423,-0.19641874730587006,0.2537870407104492,0.4993852972984314,-0.5018883347511292,0.5053076148033142,-0.49334219098091125,0.6696969866752625,-0.19376881420612335,0.020360860973596573,1,0.6765913367271423,-0.19641874730587006,0.2537870407104492,0.4993852972984314,-0.5018883347511292,0.5053076148033142,-0.49334219098091125,0
0.6766476035118103,-0.19643068313598633,0.25314080715179443,0.4992636442184448,-0.50201416015625,0.5056459903717041,-0.49299049377441406,0.6695594191551208,-0.1938299536705017,0.019880201667547226,1,0.6804378032684326,-0.19490458071231842,0.2612886130809784,0.5024642944335938,-0.5002995729446411,0.5008454322814941,-0.4963706433773041,0
0.6770368814468384,-0.19639705121517181,0.2527732849121094,0.4992806613445282,-0.5020642280578613,0.5058800578117371,-0.49268200993537903,0.6697512865066528,-0.19391120970249176,0.01969774253666401,1,0.6841632723808289,-0.19330626726150513,0.26884725689888,0.5055513381958008,-0.4986768662929535,0.4963679909706116,-0.4993574619293213,0
0.6777698993682861,-0.19626130163669586,0.2529633939266205,0.4995352625846863,-0.5019898414611816,0.5057937502861023,-0.49258846044540405,0.6703953742980957,-0.193925678730011,0.01993049494922161,1,0.6877658367156982,-0.19162404537200928,0.276460736989975,0.5086473226547241,-0.4970203638076782,0.4918752610683441,-0.5023020505905151,0
0.6788150072097778,-0.19600176811218262,0.25379258394241333,0.5000492334365845,-0.5017797946929932,0.5053244829177856,-0.49276259541511536,0.671626091003418,-0.1938341110944748,0.02064358815550804,1,0.6912435293197632,-0.1898597925901413,0.2841259837150574,0.5117505788803101,-0.4953303635120392,0.48736798763275146,-0.5052043795585632,0
0.6801409721374512,-0.19561368227005005,0.25526803731918335,0.5008191466331482,-0.5014355182647705,0.504463255405426,-0.4932132363319397,0.6735014915466309,-0.19363956153392792,0.021860264241695404,1,0.6945949792861938,-0.18801409006118774,0.29184165596961975,0.5148617029190063,-0.4936067759990692,0.48284590244293213,-0.5080643892288208,0
0.6817100048065186,-0.19509978592395782,0.25735723972320557,0.5018258094787598,-0.5009650588035583,0.5032322406768799,-0.49392521381378174,0.675876259803772,-0.19334746897220612,0.02366025000810623,1,0.6978181600570679,-0.1860886514186859,0.29960447549819946,0.5179797410964966,-0.49184975028038025,0.4783099889755249,-0.5108819603919983,0
0.683488130569458,-0.19446483254432678,0.2600163221359253,0.5030493140220642,-0.5003763437271118,0.5016596913337708,-0.4948762357234955,0.6786808371543884,-0.19296474754810333,0.026020660996437073,1,0.7009115219116211,-0.1840842366218567,0.3074127733707428,0.5211049318313599,-0.49005934596061707,0.4737597703933716,-0.5136565566062927,0
0.6854441165924072,-0.19371283054351807,0.2631959319114685,0.5044695734977722,-0.49967771768569946,0.4997768998146057,-0.49603983759880066,0.6818628907203674,-0.1924951672554016,0.02890210971236229,1,0.7038736343383789,-0.18200266361236572,0.3152637779712677,0.5242364406585693,-0.48823583126068115,0.46919572353363037,-0.5163885951042175,0
0.6875481009483337,-0.19284801185131073,0.26684948801994324,0.5060676336288452,-0.4988768398761749,0.4976137578487396,-0.49739107489585876,0.6853742599487305,-0.1919390708208084,0.03226405382156372,1,0.7067028880119324,-0.17984464764595032,0.3231545090675354,0.5273740887641907,-0.4863792955875397,0.46461883187294006,-0.5190770030021667,0
0.6897724866867065,-0.19187365472316742,0.2709328532218933,0.5078254342079163,-0.49798089265823364,0.4951987564563751,-0.498905211687088,0.6891700625419617,-0.19129548966884613,0.03606865927577019,1,0.7093976736068726,-0.17761224508285522,0.3310835361480713,0.5305177569389343,-0.4844895601272583,0.46002820134162903,-0.5217228531837463,0
0.6920920610427856,-0.1907922625541687,0.27540671825408936,0.5097277164459229,-0.49699562788009644,0.49255678057670593,-0.5005603432655334,0.6932088732719421,-0.190562903881073,0.04028132185339928,1,0.7119565010070801,-0.17530648410320282,0.3390476107597351,0.5336666107177734,-0.48256716132164,0.4554250240325928,-0.5243250727653503,0
0.6944831609725952,-0.18960672616958618,0.2802343964576721,0.5117595791816711,-0.49592694640159607,0.4897109270095825,-0.5023361444473267,0.6974525451660156,-0.18973931670188904,0.044870663434267044,1,0.7143782377243042,-0.17292886972427368,0.3470447063446045,0.5368207693099976,-0.4806118607521057,0.450809121131897,-0.5268840193748474,0
0.6969239115715027,-0.18831881880760193,0.2853837013244629,0.5139085054397583,-0.4947793483734131,0.4866819381713867,-0.5042141675949097,0.7018663883209229,-0.18882285058498383,0.04980819299817085,1,0.7166615128517151,-0.17048072814941406,0.35507166385650635,0.5399793982505798,-0.4786241054534912,0.44618096947669983,-0.5293992757797241,0
0.6993948221206665,-0.18693041801452637,0.29082512855529785,0.5161626935005188,-0.4935579001903534,0.48348763585090637,-0.506178081035614,0.706418514251709,-0.18781164288520813,0.055068086832761765,1,0.7188047170639038,-0.16796405613422394,0.36312681436538696,0.5431427359580994,-0.47660356760025024,0.44154092669487,-0.5318707823753357,0
0.7018776535987854,-0.18544337153434753,0.29653221368789673,0.5185117721557617,-0.49226582050323486,0.4801446497440338,-0.508213460445404,0.7110797166824341,-0.18669778108596802,0.06062716245651245,1,0.720806896686554,-0.1653798669576645,0.37120702862739563,0.5463098287582397,-0.4745509624481201,0.4368888735771179,-0.5342985391616821,0
0.7043559551239014,-0.18385939300060272,0.30248168110847473,0.5209468007087708,-0.4909067749977112,0.4766671359539032,-0.5103070735931396,0.7158239483833313,-0.18549172580242157,0.06646401435136795,1,0.7226666212081909,-0.16273021697998047,0.3793103098869324,0.5494807362556458,-0.4724658131599426,0.43222546577453613,-0.5366824865341187,0
0.7068146467208862,-0.18218013644218445,0.3086514472961426,0.5234588384628296,-0.48948410153388977,0.473068505525589,-0.5124472975730896,0.7206271886825562,-0.1841881424188614,0.07255867123603821,1,0.7243829965591431,-0.1600162535905838,0.3874336779117584,0.5526549220085144,-0.47034844756126404,0.4275510013103485,-0.5390222072601318,0
0.7092400789260864,-0.18040746450424194,0.31502190232276917,0.5260407328605652,-0.4880005121231079,0.4693600833415985,-0.5146238803863525,0.7254624962806702,-0.18275268375873566,0.07891407608985901,1,0.7259551286697388,-0.15724000334739685,0.3955746591091156,0.5558319091796875,-0.46819934248924255,0.4228653907775879,-0.5413178205490112,0
0.711620032787323,-0.17854295670986176,0.3215753436088562,0.5286853313446045,-0.4864586293697357,0.46555233001708984,-0.5168275833129883,0.7303184270858765,-0.18124811351299286,0.08547885715961456,1,0.7273815274238586,-0.15440265834331512,0.40373075008392334,0.5590117573738098,-0.46601828932762146,0.41816920042037964,-0.543569028377533,0
0.7139429450035095,-0.17658907175064087,0.3282955586910248,0.5313867926597595,-0.4848605692386627,0.46165451407432556,-0.5190503597259521,0.7351707220077515,-0.17962545156478882,0.0922698825597763,1,0.7286615371704102,-0.1515064835548401,0.41189947724342346,0.5621936917304993,-0.4638051688671112,0.41346263885498047,-0.5457761287689209,0
0.7161992192268372,-0.17454655468463898,0.33516740798950195,0.53413987159729,-0.48320862650871277,0.45767486095428467,-0.5212845802307129,0.7400059700012207,-0.17790751159191132,0.09925427287817001,1,0.7297940850257874,-0.14855244755744934,0.4200782775878906,0.5653775930404663,-0.46156081557273865,0.40874576568603516,-0.5479384064674377,0
0.7183792591094971,-0.17241816222667694,0.3421780467033386,0.5369393229484558,-0.4815044701099396,0.4536204934120178,-0.5235245227813721,0.7448094487190247,-0.17609421908855438,0.10641807317733765,1,0.7307785749435425,-0.14554333686828613,0.42826414108276367,0.5685628056526184,-0.45928487181663513,0.40401947498321533,-0.5500562191009521,0
0.7204747200012207,-0.17020560801029205,0.3493140935897827,0.5397804379463196,-0.4797503352165222,0.4494987428188324,-0.5257636308670044,0.749569296836853,-0.17420077323913574,0.11372602730989456,1,0.7316140532493591,-0.14247958362102509,0.43645527958869934,0.5717494487762451,-0.45697781443595886,0.3992832601070404,-0.552129328250885,0
0.7224782109260559,-0.16791068017482758,0.35656434297561646,0.5426591634750366,-0.4779477119445801,0.44531548023223877,-0.5279971957206726,0.7542728185653687,-0.17221160233020782,0.12119200825691223,1,0.7322995662689209,-0.13936401903629303,0.4446486830711365,0.5749365091323853,-0.45463934540748596,0.3945378065109253,-0.5541579127311707,0
0.7243828773498535,-0.16553622484207153,0.3639183044433594,0.5455721616744995,-0.47609764337539673,0.4410759210586548,-0.5302208065986633,0.7589043378829956,-0.17009930312633514,0.12882044911384583,1,0.732835054397583,-0.1361979842185974,0.45284146070480347,0.5781242251396179,-0.45226994156837463,0.3897835910320282,-0.5561410188674927,0
0.7261825799942017,-0.16308361291885376,0.37136614322662354,0.548515796661377,-0.4742017388343811,0.4367845952510834,-0.5324304699897766,0.7634683847427368,-0.16791240870952606,0.13663147389888763,1,0.7332190871238708,-0.13298361003398895,0.4610320031642914,0.581311821937561,-0.44986966252326965,0.3850201368331909,-0.5580798983573914,0
0.7278717160224915,-0.16055475175380707,0.378898561000824,0.5514873266220093,-0.4722616672515869,0.4324464797973633,-0.5346219539642334,0.7679345011711121,-0.1656217724084854,0.14450505375862122,1,0.7334520220756531,-0.1297224462032318,0.46921634674072266,0.5844992399215698,-0.4474388062953949,0.3802488148212433,-0.5599731802940369,0
0.7294453978538513,-0.15795259177684784,0.3865075707435608,0.5544834136962891,-0.47027814388275146,0.4280647337436676,-0.5367933511734009,0.7723028063774109,-0.16322651505470276,0.15249685943126678,1,0.7335324883460999,-0.1264166384935379,0.47739335894584656,0.587685763835907,-0.44497692584991455,0.37546882033348083,-0.5618219971656799,0
0.7308991551399231,-0.15527866780757904,0.394184410572052,0.5575021505355835,-0.4682523310184479,0.42364391684532166,-0.5389406085014343,0.7765681743621826,-0.16074316203594208,0.16060371696949005,1,0.7334604263305664,-0.12306763976812363,0.4855601191520691,0.5908715724945068,-0.4424847960472107,0.37068068981170654,-0.5636255145072937,0
0.732228696346283,-0.15253520011901855,0.40192246437072754,0.5605407953262329,-0.46618518233299255,0.41918647289276123,-0.5410619378089905,0.7807205319404602,-0.15814891457557678,0.16882842779159546,1,0.7332355380058289,-0.11967786401510239,0.4937132000923157,0.5940555930137634,-0.43996259570121765,0.36588531732559204,-0.5653836727142334,0
0.7334305047988892,-0.1497247815132141,0.409714937210083,0.5635976791381836,-0.46407753229141235,0.41469499468803406,-0.5431552529335022,0.7847592830657959,-0.15548209846019745,0.1771484613418579,1,0.7328576445579529,-0.1162487044930458,0.5018506646156311,0.5972381830215454,-0.43741005659103394,0.3610821068286896,-0.5670966506004333,0
0.7345011830329895,-0.1468496024608612,0.41755440831184387,0.5666701793670654,-0.46193042397499084,0.41017332673072815,-0.5452182292938232,0.7886762022972107,-0.15273123979568481,0.18555471301078796,1,0.7323261499404907,-0.1127825528383255,0.5099702477455139,0.6004183888435364,-0.43482741713523865,0.35627201199531555,-0.5687643885612488,0
0.7354377508163452,-0.14391103386878967,0.42543596029281616,0.5697571635246277,-0.45974498987197876,0.40562260150909424,-0.5472491383552551,0.7924653887748718,-0.1498889923095703,0.1940438151359558,1,0.7316409349441528,-0.10928082466125488,0.518068790435791,0.6035962700843811,-0.43221527338027954,0.3514549136161804,-0.5703865885734558,0
0.7362378239631653,-0.14091210067272186,0.4333532154560089,0.5728568434715271,-0.45752114057540894,0.4010452628135681,-0.5492467880249023,0.7961163520812988,-0.1469217985868454,0.20263336598873138,1,0.730802059173584,-0.105746328830719,0.5261439085006714,0.6067711114883423,-0.4295733869075775,0.34663140773773193,-0.5719634294509888,0
0.7368984222412109,-0.13785499334335327,0.4413011074066162,0.5759674906730652,-0.45526012778282166,0.3964434266090393,-0.5512097477912903,0.7996315956115723,-0.1438867598772049,0.21128733456134796,1,0.729742169380188,-0.10195612162351608,0.5346953868865967,0.6101409196853638,-0.42673414945602417,0.34149911999702454,-0.5735889673233032,0
0.7374257445335388,-0.13473229110240936,0.4493011236190796,0.5790987610816956,-0.452953577041626,0.3918069899082184,-0.5531408786773682,0.8030229806900024,-0.14077123999595642,0.22003664076328278,1,0.728508472442627,-0.09813322126865387,0.5432149171829224,0.6135066151618958,-0.42386171221733093,0.33636000752449036,-0.5751633048057556,0
0.7378130555152893,-0.13154061138629913,0.45735877752304077,0.5822539329528809,-0.4505991041660309,0.3871283531188965,-0.555042564868927,0.8062896728515625,-0.13757823407649994,0.2288818210363388,1,0.7271009683609009,-0.0942797139286995,0.5516991019248962,0.6168675422668457,-0.4209563136100769,0.3312144875526428,-0.5766863226890564,0
0.7380541563034058,-0.1282796710729599,0.4654722511768341,0.5854325890541077,-0.4481967091560364,0.3824060261249542,-0.556914746761322,0.8094207048416138,-0.13427264988422394,0.23783650994300842,1,0.7255201935768127,-0.09039784967899323,0.5601449012756348,0.6202235817909241,-0.4180183708667755,0.3260626196861267,-0.5781577229499817,0
0.7381438612937927,-0.12495148926973343,0.4736366271972656,0.5886331796646118,-0.4457462728023529,0.37764108180999756,-0.5587559938430786,0.8124122619628906,-0.13088467717170715,0.24687741696834564,1,0.7237660884857178,-0.08649036288261414,0.5685495138168335,0.6235740780830383,-0.4150477945804596,0.32090479135513306,-0.5795780420303345,0
0.7380784749984741,-0.12155917286872864,0.4818442463874817,0.5918530821800232,-0.443249374628067,0.3728364408016205,-0.5605647563934326,0.8152568936347961,-0.12740840017795563,0.2560071647167206,1,0.7218389511108398,-0.0825595036149025,0.5769096612930298,0.6269186735153198,-0.4120451807975769,0.31574156880378723,-0.5809465646743774,0
0.7378543019294739,-0.11810507625341415,0.4900886118412018,0.5950906872749329,-0.4407065808773041,0.36799436807632446,-0.5623387098312378,0.8179479837417603,-0.1238386407494545,0.2652185261249542,1,0.7197391986846924,-0.07860752195119858,0.5852230191230774,0.6302569508552551,-0.40901029109954834,0.3105727732181549,-0.5822638273239136,0
0.737468957901001,-0.1145930364727974,0.4983617961406708,0.5983431935310364,-0.438119113445282,0.36311787366867065,-0.5640765428543091,0.8204803466796875,-0.12017875164747238,0.2745039463043213,1,0.7174674868583679,-0.07463674247264862,0.5934857726097107,0.633588433265686,-0.40594375133514404,0.3053990602493286,-0.5835294723510742,0
0.7369197607040405,-0.1110261008143425,0.5066567659378052,0.60160893201828,-0.4354878067970276,0.3582099974155426,-0.5657761096954346,0.8228491544723511,-0.1164325550198555,0.2838557958602905,1,0.7150239944458008,-0.07064986228942871,0.601695716381073,0.6369127035140991,-0.4028455913066864,0.3002204895019531,-0.5847436189651489,0
0.736204981803894,-0.10740812122821808,0.5149669051170349,0.6048856973648071,-0.4328133463859558,0.3532724976539612,-0.5674366354942322,0.8250500559806824,-0.1126035526394844,0.2932668924331665,1,0.7124096751213074,-0.06664926558732986,0.609849214553833,0.6402294039726257,-0.39971593022346497,0.29503771662712097,-0.5859062075614929,0
0.7353227138519287,-0.10374157130718231,0.5232850909233093,0.6081719994544983,-0.4300973415374756,0.3483083248138428,-0.5690556168556213,0.827079176902771,-0.1086951494216919,0.3027302920818329,1,0.7096248865127563,-0.06263726204633713,0.617944061756134,0.6435378789901733,-0.3965553045272827,0.28985071182250977,-0.587017297744751,0
0.7342716455459595,-0.10003034770488739,0.5316054821014404,0.6114655137062073,-0.427340030670166,0.3433196246623993,-0.570633053779602,0.8289322853088379,-0.10470491647720337,0.3122390806674957,1,0.7066706418991089,-0.05861636996269226,0.6259770393371582,0.6468377709388733,-0.39336341619491577,0.28465986251831055,-0.5880771279335022,0
0.7330508232116699,-0.09627722203731537,0.5399212837219238,0.6147651076316833,-0.42454254627227783,0.33830851316452026,-0.5721668004989624,0.8306074142456055,-0.10064704716205597,0.32178768515586853,1,0.7035477161407471,-0.05458895117044449,0.6339453458786011,0.6501287817955017,-0.3901410400867462,0.27946558594703674,-0.5890851616859436,0
0.7316588759422302,-0.09248542785644531,0.5482279658317566,0.6180692315101624,-0.4217053949832916,0.33327627182006836,-0.5736565589904785,0.8321016430854797,-0.09652072936296463,0.3313692510128021,1,0.7002570629119873,-0.05055757611989975,0.6418460607528687,0.6534101963043213,-0.3868879973888397,0.27426838874816895,-0.5900419354438782,0
0.7300956845283508,-0.08865832537412643,0.5565194487571716,0.6213763952255249,-0.4188293516635895,0.32822495698928833,-0.575101375579834,0.8334123492240906,-0.0923277884721756,0.34097805619239807,1,0.6967993974685669,-0.046524159610271454,0.6496769785881042,0.6566819548606873,-0.3836047053337097,0.269067645072937,-0.5909473299980164,0
0.7283603549003601,-0.08479829132556915,0.5647904872894287,0.6246858239173889,-0.4159153997898102,0.3231559097766876,-0.5764999985694885,0.8345362544059753,-0.08806496113538742,0.3506084084510803,1,0.69317626953125,-0.04249174892902374,0.657434344291687,0.659943163394928,-0.38029131293296814,0.26386502385139465,-0.5918012857437134,0
0.726452648639679,-0.080908864736557,0.5730361342430115,0.6279956102371216,-0.4129640758037567,0.3180710971355438,-0.5778519511222839,0.8354734182357788,-0.08374848961830139,0.36025533080101013,1,0.6896160244941711,-0.03869938105344772,0.6646660566329956,0.6630026698112488,-0.37714558839797974,0.2589660882949829,-0.5925581455230713,0
0.724373459815979,-0.07700422406196594,0.5812272429466248,0.6312944889068604,-0.4099855124950409,0.31298261880874634,-0.5791552662849426,0.8362149596214294,-0.07938864082098007,0.36988481879234314,1,0.6859109401702881,-0.03491140529513359,0.6718282103538513,0.6660524010658264,-0.3739737272262573,0.2540653645992279,-0.5932693481445312,0
0.722130537033081,-0.073093481361866,0.5893493294715881,0.6345769762992859,-0.4069845378398895,0.30790185928344727,-0.5804067254066467,0.8367623090744019,-0.07499497383832932,0.3794795572757721,1,0.6820622682571411,-0.03113027662038803,0.6789189577102661,0.6690918207168579,-0.3707755506038666,0.24916300177574158,-0.593935489654541,0
0.7197285890579224,-0.06918124854564667,0.5973966121673584,0.6378412246704102,-0.4039623737335205,0.30283185839653015,-0.5816060900688171,0.8371183276176453,-0.07057223469018936,0.38903123140335083,1,0.6780707836151123,-0.027357444167137146,0.6859357953071594,0.6721207499504089,-0.36755162477493286,0.24425926804542542,-0.5945559740066528,0
0.7171714305877686,-0.06527034938335419,0.605364978313446,0.641086995601654,-0.400919646024704,0.2977747917175293,-0.5827528834342957,0.8372856378555298,-0.0661233514547348,0.3985355794429779,1,0.6739382147789001,-0.023595381528139114,0.6928761601448059,0.675138533115387,-0.3643021583557129,0.23935449123382568,-0.5951312780380249,0
0.7144614458084106,-0.06136200577020645,0.6132534742355347,0.6443145275115967,-0.3978565037250519,0.29272985458374023,-0.5838475823402405,0.8372665047645569,-0.06165025010704994,0.40799054503440857,1,0.6696654558181763,-0.01984565332531929,0.6997383236885071,0.6781449317932129,-0.3610272705554962,0.23444882035255432,-0.5956612825393677,0
0.7115999460220337,-0.05745790898799896,0.6210618615150452,0.6475245356559753,-0.3947725296020508,0.28769639134407043,-0.5848907828330994,0.8370628952980042,-0.05715448781847954,0.4173951745033264,1,0.6652542352676392,-0.016110476106405258,0.7065197825431824,0.6811395883560181,-0.3577271103858948,0.229543074965477,-0.5961460471153259,0
0.7085888385772705,-0.053558867424726486,0.6287894248962402,0.6507173776626587,-0.3916677236557007,0.2826736867427826,-0.5858829617500305,0.8366764187812805,-0.052637528628110886,0.42674899101257324,1,0.6607054471969604,-0.012391379103064537,0.7132185697555542,0.6841222047805786,-0.35440197587013245,0.22463662922382355,-0.5965855121612549,0
0.7054290175437927,-0.04966616630554199,0.6364363431930542,0.6538937091827393,-0.38854148983955383,0.27766045928001404,-0.5868247151374817,0.8361085057258606,-0.048100799322128296,0.4360516667366028,1,0.6560205221176147,-0.008690674789249897,0.7198327779769897,0.687092125415802,-0.35105204582214355,0.21973009407520294,-0.5969802737236023,0
0.7021214962005615,-0.045781008899211884,0.6440026164054871,0.6570537090301514,-0.3853933811187744,0.272655189037323,-0.5877171158790588,0.8353604078292847,-0.04354569688439369,0.4453028738498688,1,0.6512013077735901,-0.005009796004742384,0.7263597846031189,0.690049409866333,-0.3476774990558624,0.21482373774051666,-0.5973296761512756,0
0.6986674666404724,-0.04190443083643913,0.6514873504638672,0.6601979732513428,-0.38222333788871765,0.2676578462123871,-0.588560163974762,0.834433376789093,-0.038973692804574966,0.4545021653175354,1,0.6462489366531372,-0.0013510296121239662,0.7327982187271118,0.6929933428764343,-0.34427833557128906,0.2099178284406662,-0.597634494304657,0
0.695067286491394,-0.038037754595279694,0.6588913202285767,0.6633269786834717,-0.3790304958820343,0.2626663148403168,-0.5893551707267761,0.8333284854888916,-0.034386277198791504,0.4636489152908325,1,0.6411654353141785,0.0022842343896627426,0.7391452789306641,0.6959239840507507,-0.34085512161254883,0.2050124555826187,-0.5978941917419434,0
0.6913226842880249,-0.03418192267417908,0.6662124395370483,0.6664407849311829,-0.37581542134284973,0.2576809227466583,-0.5901016592979431,0.8320467472076416,-0.02978500723838806,0.4727424085140228,1,0.6359520554542542,0.00589380506426096,0.7453995943069458,0.6988404393196106,-0.33740803599357605,0.20010818541049957,-0.5981091260910034,0
0.6874338984489441,-0.03033861517906189,0.67345130443573,0.669539749622345,-0.37257686257362366,0.2527000904083252,-0.5908008217811584,0.830589234828949,-0.02517145499587059,0.48178166151046753,1,0.630610466003418,0.009476401843130589,0.7515591979026794,0.7017427086830139,-0.3339369297027588,0.19520467519760132,-0.5982794761657715,0
0.6834024786949158,-0.02650921791791916,0.6806062459945679,0.6726236343383789,-0.3693155348300934,0.24772359430789948,-0.5914528369903564,0.8289567828178406,-0.020547235384583473,0.49076566100120544,1,0.6251426935195923,0.013029719702899456,0.7576215863227844,0.704630434513092,-0.33044230937957764,0.19030243158340454,-0.5984052419662476,0
0.679229199886322,-0.022694919258356094,0.6876767873764038,0.6756930947303772,-0.3660304546356201,0.2427508533000946,-0.5920577645301819,0.8271505236625671,-0.015914076939225197,0.4996931254863739,1,0.6195504665374756,0.016552507877349854,0.763585090637207,0.707503080368042,-0.326924592256546,0.18540214002132416,-0.598486065864563,0
0.6749151945114136,-0.01889742538332939,0.6946614384651184,0.678747832775116,-0.3627220690250397,0.23778142035007477,-0.5926161408424377,0.8251712918281555,-0.011273686774075031,0.5085627436637878,1,0.613835334777832,0.02004244551062584,0.7694482207298279,0.7103604078292847,-0.3233833909034729,0.18050320446491241,-0.598522961139679,0
0.6704617738723755,-0.015118120238184929,0.7015588283538818,0.6817877888679504,-0.3593902289867401,0.23281508684158325,-0.5931282043457031,0.8230201601982117,-0.006627887487411499,0.5173730254173279,1,0.6076308488845825,0.023713447153568268,0.7755652666091919,0.7133792042732239,-0.31959593296051025,0.17530043423175812,-0.5985133647918701,0
0.6658594608306885,-0.011346695013344288,0.7083883285522461,0.6848234534263611,-0.356023371219635,0.2278391420841217,-0.5935936570167542,0.8206937909126282,-0.0019625320564955473,0.5261476635932922,1,0.6012921929359436,0.02734356001019478,0.781564474105835,0.7163797616958618,-0.3157827854156494,0.17010007798671722,-0.598453938961029,0
0.661099910736084,-0.007579361088573933,0.7151557207107544,0.6878584027290344,-0.35261720418930054,0.2228449136018753,-0.5940133333206177,0.8181872367858887,0.0027272559236735106,0.5348962545394897,1,0.5948221683502197,0.030931036919355392,0.7874435186386108,0.7193617224693298,-0.3119444251060486,0.16490276157855988,-0.5983447432518005,0
0.6561794877052307,-0.0038164136931300163,0.7218614816665649,0.6908932328224182,-0.3491708040237427,0.21782922744750977,-0.5943875312805176,0.8154970407485962,0.007440725341439247,0.5436203479766846,1,0.5882226824760437,0.03447424992918968,0.7932005524635315,0.7223246693611145,-0.3080807626247406,0.1597083956003189,-0.5981858968734741,0
0.6510964632034302,-6.0389749705791473e-05,0.7285031080245972,0.6939272880554199,-0.3456835448741913,0.2127910554409027,-0.5947164297103882,0.8126211166381836,0.012175098061561584,0.5523175597190857,1,0.5814964175224304,0.03797084093093872,0.7988333702087402,0.7252682447433472,-0.3041924238204956,0.15451747179031372,-0.5979775786399841,0
0.6458512544631958,0.0036852117627859116,0.7350766062736511,0.6969587802886963,-0.34215596318244934,0.20773176848888397,-0.595000147819519,0.8095584511756897,0.016926787793636322,0.5609833598136902,1,0.5746462941169739,0.041419193148612976,0.8043398261070251,0.7281917929649353,-0.3002793788909912,0.14933006465435028,-0.5977201461791992,0
0.6404454708099365,0.007417055778205395,0.7415763735771179,0.699986457824707,-0.3385893702507019,0.20265279710292816,-0.5952377319335938,0.806308925151825,0.021691828966140747,0.5696123242378235,1,0.567674458026886,0.04481755942106247,0.8097183704376221,0.7310952544212341,-0.29634222388267517,0.1441466361284256,-0.5974133610725403,0
0.6348810791969299,0.011131752282381058,0.7479977011680603,0.7030085921287537,-0.3349844515323639,0.19755619764328003,-0.5954291224479675,0.8028728365898132,0.0264662504196167,0.5781984925270081,1,0.5605840682983398,0.048164330422878265,0.8149665594100952,0.7339780330657959,-0.2923811078071594,0.1389675885438919,-0.5970573425292969,0
0.6291603446006775,0.01482594758272171,0.7543352246284485,0.7060238122940063,-0.33134225010871887,0.1924433559179306,-0.5955737233161926,0.7992510199546814,0.03124612756073475,0.5867358446121216,1,0.5533773899078369,0.05145740509033203,0.8200830221176147,0.7368396520614624,-0.2883960008621216,0.13379231095314026,-0.5966527462005615,0
0.6232855319976807,0.018495656549930573,0.7605845928192139,0.7090305089950562,-0.3276635706424713,0.18731610476970673,-0.5956717729568481,0.7954444885253906,0.03602762147784233,0.5952184200286865,1,0.5460575222969055,0.05469530075788498,0.8250656723976135,0.739679753780365,-0.28438758850097656,0.1286221742630005,-0.5961993932723999,0
0.617260217666626,0.02213827148079872,0.7667399644851685,0.7120276093482971,-0.3239499628543854,0.18217657506465912,-0.5957220196723938,0.7914544939994812,0.04080687090754509,0.603640615940094,1,0.5386272072792053,0.05787648260593414,0.8299127221107483,0.7424981594085693,-0.2803560197353363,0.1234566941857338,-0.5956973433494568,0
0.6110865473747253,0.02575012855231762,0.7727974653244019,0.7150133848190308,-0.32020217180252075,0.17702624201774597,-0.595724880695343,0.7872826457023621,0.045580290257930756,0.6119968891143799,1,0.5310891270637512,0.06099911034107208,0.8346226215362549,0.7452940344810486,-0.27630120515823364,0.11829622089862823,-0.5951473116874695,0
0.6047676801681519,0.029328763484954834,0.7787528038024902,0.717987060546875,-0.3164210021495819,0.1718665212392807,-0.595679521560669,0.7829304933547974,0.05034437030553818,0.6202821135520935,1,0.5234465003013611,0.06406166404485703,0.83919358253479,0.7480672001838684,-0.27222415804862976,0.11314160376787186,-0.5945488810539246,0
0.5983070135116577,0.03287074714899063,0.784601628780365,0.7209469676017761,-0.3126075863838196,0.1666995733976364,-0.5955862998962402,0.7783997654914856,0.055095743387937546,0.6284914016723633,1,0.515702486038208,0.06706268340349197,0.8436237573623657,0.7508171796798706,-0.268124520778656,0.10799247771501541,-0.5939027070999146,0
0.5917067527770996,0.036373917013406754,0.7903403639793396,0.7238928079605103,-0.3087625801563263,0.16152562201023102,-0.5954446196556091,0.7736924886703491,0.05983104556798935,0.6366201043128967,1,0.5078592896461487,0.07000094652175903,0.8479121923446655,0.7535437345504761,-0.26400285959243774,0.10284905880689621,-0.5932085514068604,0
0.5849708318710327,0.03983532637357712,0.7959650158882141,0.7268227934837341,-0.30488693714141846,0.15634670853614807,-0.5952547788619995,0.7688105702400208,0.06454716622829437,0.6446637511253357,1,0.49992114305496216,0.07287461310625076,0.8520566821098328,0.7562460899353027,-0.25985947251319885,0.09771240502595901,-0.5924669504165649,0
0.578101634979248,0.04325252026319504,0.8014727234840393,0.7297366857528687,-0.30098116397857666,0.15116336941719055,-0.5950162410736084,0.763756275177002,0.069241002202034,0.6526181697845459,1,0.4918900728225708,0.07568257302045822,0.856056272983551,0.7589243650436401,-0.2556943893432617,0.09258153289556503,-0.5916780233383179,0
0.5711027979850769,0.046623170375823975,0.8068599700927734,0.7326331734657288,-0.29704615473747253,0.14597688615322113,-0.5947292447090149,0.7585316896438599,0.07390964031219482,0.6604793667793274,1,0.483769953250885,0.07842368632555008,0.8599090576171875,0.7615777850151062,-0.2515079975128174,0.08745754510164261,-0.5908418297767639,0
0.5639772415161133,0.049945082515478134,0.8121237754821777,0.7355116605758667,-0.29308250546455383,0.1407882273197174,-0.5943936705589294,0.7531391382217407,0.07855021208524704,0.6682436466217041,1,0.4755633473396301,0.08109638094902039,0.8636142611503601,0.7642059922218323,-0.2473006248474121,0.08234038949012756,-0.589958906173706,0
0.5567276477813721,0.053215935826301575,0.8172616362571716,0.7383713722229004,-0.289090633392334,0.1355978548526764,-0.5940095782279968,0.7475809454917908,0.08315999805927277,0.6759073138237,1,0.4672742187976837,0.08369957655668259,0.8671701550483704,0.7668089270591736,-0.24307270348072052,0.07723042368888855,-0.5890289545059204,0
0.5493582487106323,0.05643368884921074,0.8222700357437134,0.7412116527557373,-0.2850714325904846,0.1304071843624115,-0.5935768485069275,0.7418596148490906,0.08773629367351532,0.683466911315918,1,0.4589054584503174,0.08623215556144714,0.8705753684043884,0.769385814666748,-0.23882442712783813,0.072128064930439,-0.5880524516105652,0
0.5418713688850403,0.05959607660770416,0.8271473050117493,0.7440314292907715,-0.281025230884552,0.12521620094776154,-0.5930960178375244,0.7359775900840759,0.09227649867534637,0.6909191608428955,1,0.4504604637622833,0.08869292587041855,0.8738290667533875,0.7719366550445557,-0.23455601930618286,0.06703315675258636,-0.5870296955108643,0
0.534270703792572,0.06270156055688858,0.8318902850151062,0.746830403804779,-0.2769528329372406,0.12002617120742798,-0.5925664901733398,0.7299375534057617,0.0967780351638794,0.6982609629631042,1,0.441942423582077,0.09108090400695801,0.8769298791885376,0.7744604349136353,-0.2302677035331726,0.06194615736603737,-0.5859609842300415,0
0.5265596508979797,0.06574787944555283,0.8364967703819275,0.7496076822280884,-0.2728545367717743,0.11483778059482574,-0.5919889807701111,0.7237421274185181,0.10123852640390396,0.7054892182350159,1,0.43335455656051636,0.09339502453804016,0.8798767924308777,0.7769573330879211,-0.22595979273319244,0.05686693266034126,-0.5848466753959656,0
0.518741250038147,0.06873343139886856,0.8409647941589355,0.7523629069328308,-0.26873090863227844,0.10965129733085632,-0.5913631916046143,0.7173940539360046,0.10565553605556488,0.7126010656356812,1,0.42470067739486694,0.09563453495502472,0.882668673992157,0.7794267535209656,-0.22163264453411102,0.05179641395807266,-0.5836864113807678,0
0.510818600654602,0.07165645062923431,0.845292329788208,0.7550950646400452,-0.26458218693733215,0.10446721315383911,-0.5906895399093628,0.7108961343765259,0.1100267767906189,0.7195937037467957,1,0.41598397493362427,0.09779823571443558,0.8853046894073486,0.7818683385848999,-0.217286616563797,0.046734217554330826,-0.5824810862541199,0
0.5027958750724792,0.07451536506414413,0.8494768142700195,0.7578039765357971,-0.2604092061519623,0.09928659349679947,-0.5899679660797119,0.704251229763031,0.11435002088546753,0.7264644503593445,1,0.40720781683921814,0.09988546371459961,0.8877837657928467,0.7842816114425659,-0.21292181313037872,0.04168090969324112,-0.5812309384346008,0
0.4946756064891815,0.077308788895607,0.8535171151161194,0.7604890465736389,-0.2562120854854584,0.09410914033651352,-0.5891988277435303,0.6974622011184692,0.11862312257289886,0.7332107424736023,1,0.3983761668205261,0.10189544409513474,0.8901050090789795,0.786666214466095,-0.2085389643907547,0.03663686290383339,-0.5799357295036316,0
0.48646172881126404,0.08003507554531097,0.8574107885360718,0.7631497979164124,-0.2519913911819458,0.08893577754497528,-0.588381826877594,0.6905320286750793,0.12284403294324875,0.7398300170898438,1,0.3894919753074646,0.10382764786481857,0.892267644405365,0.7890219688415527,-0.20413778722286224,0.0316019244492054,-0.5785959362983704,0
0.47815755009651184,0.08269274234771729,0.8611562848091125,0.765785276889801,-0.24774757027626038,0.08376695215702057,-0.5875176787376404,0.6834636926651001,0.12701070308685303,0.7463198900222778,1,0.38055869936943054,0.10568111389875412,0.8942710161209106,0.7913483381271362,-0.19971878826618195,0.02657616138458252,-0.5772120952606201,0
0.4697670042514801,0.08528049290180206,0.8647518157958984,0.7683953642845154,-0.24348126351833344,0.07860337197780609,-0.5866061449050903,0.6762602925300598,0.1311211884021759,0.7526780366897583,1,0.3715807795524597,0.10745541751384735,0.8961142897605896,0.7936450839042664,-0.19528250396251678,0.02156067080795765,-0.5757840871810913,0
0.4612925946712494,0.08779702335596085,0.8681962490081787,0.7709795236587524,-0.23919229209423065,0.07344500720500946,-0.5856478214263916,0.6689249873161316,0.13517355918884277,0.7589022517204285,1,0.3625604212284088,0.1091499999165535,0.8977970480918884,0.7959117293357849,-0.1908288449048996,0.016554540023207664,-0.5743123888969421,0
