0.3625604212284088,0.1091499999165535,0.8977970480918884,0.7959117293357849,-0.1908288449048996,0.016554540023207664,-0.5743123888969421,0.6993955373764038,0.12259708344936371,0.019999999552965164,0,0.3625604212284088,0.1091499999165535,0.8977970480918884,0.7959117293357849,-0.1908288449048996,0.016554540023207664,-0.5743123888969421,1
0.3628040552139282,0.10916154831647873,0.8976776003837585,0.7959170937538147,-0.19090838730335236,0.016660241410136223,-0.5742754340171814,0.6993955373764038,0.12259708344936371,0.01981772482395172,0,0.3625604212284088,0.1091499999165535,0.8977970480918884,0.7959117293357849,-0.1908288449048996,0.016554540023207664,-0.5743123888969421,1
0.3632446825504303,0.10916890949010849,0.8974825739860535,0.7959179878234863,-0.1910729855298996,0.016885489225387573,-0.574212908744812,0.6993955373764038,0.12259708344936371,0.019884353503584862,0,0.3625604212284088,0.1091499999165535,0.8977970480918884,0.7959117293357849,-0.1908288449048996,0.016554540023207664,-0.5743123888969421,1
0.36376747488975525,0.10917111486196518,0.8972581028938293,0.7959133982658386,-0.1912766695022583,0.017166968435049057,-0.5741432309150696,0.6993955373764038,0.12259708344936371,0.019923372194170952,0,0.3625604212284088,0.1091499999165535,0.8977970480918884,0.7959117293357849,-0.1908288449048996,0.016554540023207664,-0.5743123888969421,1
0.3643089532852173,0.10917005687952042,0.8970283269882202,0.7959052920341492,-0.1914910078048706,0.01746424101293087,-0.5740739107131958,0.6993955373764038,0.12259708344936371,0.019946129992604256,0,0.3625604212284088,0.1091499999165535,0.8977970480918884,0.7959117293357849,-0.1908288449048996,0.016554540023207664,-0.5743123888969421,1
0.36483412981033325,0.10916749387979507,0.8968064785003662,0.7958957552909851,-0.19170089066028595,0.017755331471562386,-0.5740082263946533,0.6993955373764038,0.12259708344936371,0.019959425553679466,0,0.3625604212284088,0.1091499999165535,0.8977970480918884,0.7959117293357849,-0.1908288449048996,0.016554540023207664,-0.5743123888969421,1
0.3653259873390198,0.10916423052549362,0.8965990543365479,0.7958859801292419,-0.19189804792404175,0.01802937313914299,-0.5739471912384033,0.6993955373764038,0.12259708344936371,0.019967196509242058,0,0.3625604212284088,0.1091499999165535,0.8977970480918884,0.7959117293357849,-0.1908288449048996,0.016554540023207664,-0.5743123888969421,1
0.36577728390693665,0.10916095972061157,0.89640873670578,0.7958768010139465,-0.19207923114299774,0.01828133687376976,-0.5738914608955383,0.6993955373764038,0.12259708344936371,0.01997174322605133,0,0.3625604212284088,0.1091499999165535,0.8977970480918884,0.7959117293357849,-0.1908288449048996,0.016554540023207664,-0.5743123888969421,1
0.366186261177063,0.10915781557559967,0.8962359428405762,0.7958679795265198,-0.1922435611486435,0.018509861081838608,-0.5738412737846375,0.6993955373764038,0.12259708344936371,0.019974403083324432,0,0.3625604212284088,0.1091499999165535,0.8977970480918884,0.7959117293357849,-0.1908288449048996,0.016554540023207664,-0.5743123888969421,1
0.3665536642074585,0.1091550812125206,0.8960806727409363,0.7958602905273438,-0.19239117205142975,0.01871492713689804,-0.5737957954406738,0.6993955373764038,0.12259708344936371,0.01997595839202404,0,0.3625604212284088,0.1091499999165535,0.8977970480918884,0.7959117293357849,-0.1908288449048996,0.016554540023207664,-0.5743123888969421,1
0.36688217520713806,0.10915274918079376,0.895941436290741,0.7958534359931946,-0.1925230473279953,0.018898339942097664,-0.5737552642822266,0.6993955373764038,0.12259708344936371,0.019976869225502014,0,0.3625604212284088,0.1091499999165535,0.8977970480918884,0.7959117293357849,-0.1908288449048996,0.016554540023207664,-0.5743123888969421,1
0.3671749234199524,0.10915068536996841,0.8958170413970947,0.7958471775054932,-0.1926405429840088,0.019061513245105743,-0.5737189054489136,0.6993955373764038,0.12259708344936371,0.019977401942014694,0,0.3625604212284088,0.1091499999165535,0.8977970480918884,0.7959117293357849,-0.1908288449048996,0.016554540023207664,-0.5743123888969421,1
0.36743536591529846,0.10914917290210724,0.8957062363624573,0.7958419322967529,-0.19274485111236572,0.019206577911973,-0.5736864805221558,0.6993955373764038,0.12259708344936371,0.019977713003754616,0,0.3625604212284088,0.1091499999165535,0.8977970480918884,0.7959117293357849,-0.1908288449048996,0.016554540023207664,-0.5743123888969421,1
0.3676663637161255,0.10914792865514755,0.8956077694892883,0.7958371639251709,-0.19283725321292877,0.019334783777594566,-0.5736575722694397,0.6993955373764038,0.12259708344936371,0.01997789368033409,0,0.3625604212284088,0.1091499999165535,0.8977970480918884,0.7959117293357849,-0.1908288449048996,0.016554540023207664,-0.5743123888969421,1
0.3678717017173767,0.10914682596921921,0.8955199718475342,0.7958332300186157,-0.1929192990064621,0.019448645412921906,-0.573631763458252,0.6993955373764038,0.12259708344936371,0.019978001713752747,0,0.3625604212284088,0.1091499999165535,0.8977970480918884,0.7959117293357849,-0.1908288449048996,0.016554540023207664,-0.5743123888969421,1
0.3680533766746521,0.10914600640535355,0.8954421877861023,0.795829713344574,-0.19299162924289703,0.01954904943704605,-0.5736088156700134,0.6993955373764038,0.12259708344936371,0.01997806318104267,0,0.3625604212284088,0.1091499999165535,0.8977970480918884,0.7959117293357849,-0.1908288449048996,0.016554540023207664,-0.5743123888969421,1
0.3682141900062561,0.10914544761180878,0.8953732252120972,0.79582679271698,-0.19305557012557983,0.01963799074292183,-0.5735883712768555,0.6993955373764038,0.12259708344936371,0.019978100433945656,0,0.3625604212284088,0.1091499999165535,0.8977970480918884,0.7959117293357849,-0.1908288449048996,0.016554540023207664,-0.5743123888969421,1
0.3683570623397827,0.10914503037929535,0.8953116536140442,0.7958241105079651,-0.19311225414276123,0.019716612994670868,-0.5735701322555542,0.6993955373764038,0.12259708344936371,0.019978120923042297,0,0.3625604212284088,0.1091499999165535,0.8977970480918884,0.7959117293357849,-0.1908288449048996,0.016554540023207664,-0.5743123888969421,1
0.36848360300064087,0.10914475470781326,0.8952572345733643,0.7958218455314636,-0.1931624412536621,0.019786084070801735,-0.5735539793968201,0.6993955373764038,0.12259708344936371,0.019978133961558342,0,0.3625604212284088,0.1091499999165535,0.8977970480918884,0.7959117293357849,-0.1908288449048996,0.016554540023207664,-0.5743123888969421,1
0.36859551072120667,0.10914462059736252,0.8952088356018066,0.7958201169967651,-0.19320662319660187,0.019847365096211433,-0.5735394358634949,0.6993955373764038,0.12259708344936371,0.01997814141213894,0,0.3625604212284088,0.1091499999165535,0.8977970480918884,0.7959117293357849,-0.1908288449048996,0.016554540023207664,-0.5743123888969421,1
0.36869457364082336,0.10914447903633118,0.8951660394668579,0.7958184480667114,-0.1932457685470581,0.01990160159766674,-0.5735267996788025,0.6993955373764038,0.12259708344936371,0.019978145137429237,0,0.3625604212284088,0.1091499999165535,0.8977970480918884,0.7959117293357849,-0.1908288449048996,0.016554540023207664,-0.5743123888969421,1
0.3687824606895447,0.10914447903633118,0.8951278328895569,0.795816957950592,-0.19328033924102783,0.01994943805038929,-0.5735154151916504,0.6993955373764038,0.12259708344936371,0.019978148862719536,0,0.3625604212284088,0.1091499999165535,0.8977970480918884,0.7959117293357849,-0.1908288449048996,0.016554540023207664,-0.5743123888969421,1
0.36886000633239746,0.10914461314678192,0.895094096660614,0.7958159446716309,-0.19331079721450806,0.019991593435406685,-0.5735051035881042,0.6993955373764038,0.12259708344936371,0.019978148862719536,0,0.3625604212284088,0.1091499999165535,0.8977970480918884,0.7959117293357849,-0.1908288449048996,0.016554540023207664,-0.5743123888969421,1
0.36892861127853394,0.10914474725723267,0.8950642347335815,0.7958149909973145,-0.19333770871162415,0.02002882771193981,-0.5734960436820984,0.6993955373764038,0.12259708344936371,0.019978148862719536,0,0.3625604212284088,0.1091499999165535,0.8977970480918884,0.7959117293357849,-0.1908288449048996,0.016554540023207664,-0.5743123888969421,1
0.3689894676208496,0.10914488881826401,0.8950377106666565,0.7958140969276428,-0.1933615803718567,0.020061763003468513,-0.5734882354736328,0.6993955373764038,0.12259708344936371,0.019978148862719536,0,0.3625604212284088,0.1091499999165535,0.8977970480918884,0.7959117293357849,-0.1908288449048996,0.016554540023207664,-0.5743123888969421,1
0.3690434694290161,0.10914502292871475,0.8950141072273254,0.7958134412765503,-0.1933826208114624,0.020090937614440918,-0.5734809041023254,0.6993955373764038,0.12259708344936371,0.019978148862719536,0,0.3625604212284088,0.1091499999165535,0.8977970480918884,0.7959117293357849,-0.1908288449048996,0.016554540023207664,-0.5743123888969421,1
0.3690912425518036,0.10914530605077744,0.8949931859970093,0.7958129048347473,-0.1934012621641159,0.02011662721633911,-0.5734745860099792,0.6993955373764038,0.12259708344936371,0.019978148862719536,0,0.3625604212284088,0.1091499999165535,0.8977970480918884,0.7959117293357849,-0.1908288449048996,0.016554540023207664,-0.5743123888969421,1
0.3691335916519165,0.10914543271064758,0.8949745893478394,0.7958122491836548,-0.19341766834259033,0.02013932727277279,-0.5734689831733704,0.6993955373764038,0.12259708344936371,0.019978148862719536,0,0.3625604212284088,0.1091499999165535,0.8977970480918884,0.7959117293357849,-0.1908288449048996,0.016554540023207664,-0.5743123888969421,1
0.369171142578125,0.10914570838212967,0.894957959651947,0.7958120107650757,-0.19343216717243195,0.020159302279353142,-0.5734638571739197,0.6993955373764038,0.12259708344936371,0.019978148862719536,0,0.3625604212284088,0.1091499999165535,0.8977970480918884,0.7959117293357849,-0.1908288449048996,0.016554540023207664,-0.5743123888969421,1
0.36920416355133057,0.10914599150419235,0.8949434161186218,0.795811653137207,-0.19344498217105865,0.020176958292722702,-0.5734593868255615,0.6993955373764038,0.12259708344936371,0.019978148862719536,0,0.3625604212284088,0.1091499999165535,0.8977970480918884,0.7959117293357849,-0.1908288449048996,0.016554540023207664,-0.5743123888969421,1
0.36923354864120483,0.1091461256146431,0.8949304223060608,0.7958112955093384,-0.1934562772512436,0.020192500203847885,-0.5734555721282959,0.6993955373764038,0.12259708344936371,0.019978148862719536,0,0.36923354864120483,0.1091461256146431,0.8949304223060608,0.7958112955093384,-0.1934562772512436,0.020192500203847885,-0.5734555721282959,1
0.3694966435432434,0.10915748029947281,0.8948008418083191,0.7958157062530518,-0.1935444176197052,0.020310046151280403,-0.5734154582023621,0.6993955373764038,0.12259708344936371,0.019978148862719536,0,0.37552446126937866,0.10921835899353027,0.8938325047492981,0.7948678731918335,-0.19638897478580475,0.026271702721714973,-0.5735208988189697,1
0.37027475237846375,0.1091746836900711,0.8945993185043335,0.7957416772842407,-0.19385233521461487,0.02093297801911831,-0.5733917355537415,0.6993955373764038,0.12259708344936371,0.019978148862719536,0,0.3817926347255707,0.10929299145936966,0.8926364183425903,0.7938763499259949,-0.199327290058136,0.03233566880226135,-0.5735706090927124,1
0.37158215045928955,0.10919830203056335,0.894315779209137,0.7955842018127441,-0.19441361725330353,0.02208404615521431,-0.5733771324157715,0.6993955373764038,0.12259708344936371,0.019978148862719536,0,0.3880375921726227,0.10937005281448364,0.8913422226905823,0.7928368449211121,-0.20227178931236267,0.03838462755084038,-0.5736046433448792,1
0.3733944892883301,0.1092267856001854,0.8939421772956848,0.7953471541404724,-0.1952168047428131,0.023729851469397545,-0.5733673572540283,0.6993955373764038,0.12259708344936371,0.019978148862719536,0,0.3942575752735138,0.10944961756467819,0.8899502754211426,0.7917495369911194,-0.2052222490310669,0.044418081641197205,-0.57362300157547,1
0.37567561864852905,0.10925932973623276,0.8934751152992249,0.7950343489646912,-0.1962454617023468,0.025830013677477837,-0.5733593106269836,0.6993955373764038,0.12259708344936371,0.019978148862719536,0,0.40045109391212463,0.10953143984079361,0.888461172580719,0.790614664554596,-0.2081783264875412,0.05043550953269005,-0.5736256241798401,1
0.3783828318119049,0.1092955470085144,0.8929136395454407,0.794649064540863,-0.19747981429100037,0.028342200443148613,-0.5733508467674255,0.6993955373764038,0.12259708344936371,0.019978148862719536,0,0.4066164791584015,0.10961561650037766,0.8868751525878906,0.7894322276115417,-0.21113982796669006,0.056436263024806976,-0.5736126899719238,1
0.3814750015735626,0.1093350425362587,0.8922567367553711,0.7941937446594238,-0.1989014893770218,0.031226010993123055,-0.5733405351638794,0.6993955373764038,0.12259708344936371,0.019978148862719536,0,0.4127531051635742,0.10970227420330048,0.8851925134658813,0.7882026433944702,-0.21410711109638214,0.06242072954773903,-0.5735837817192078,1
0.38491061329841614,0.10937749594449997,0.8915043473243713,0.7936702370643616,-0.2004917711019516,0.0344427227973938,-0.5733273029327393,0.6993955373764038,0.12259708344936371,0.019978148862719536,0,0.4188591241836548,0.109791100025177,0.8834137916564941,0.786925733089447,-0.2170797437429428,0.06838775426149368,-0.5735392570495605,1
0.3886515498161316,0.10942324995994568,0.8906564116477966,0.7930806875228882,-0.2022339552640915,0.03795712813735008,-0.5733093023300171,0.6993955373764038,0.12259708344936371,0.019978148862719536,0,0.4249330163002014,0.10988222062587738,0.881539523601532,0.7856019139289856,-0.22005778551101685,0.07433730363845825,-0.5734789371490479,1
0.39266324043273926,0.10947195440530777,0.8897121548652649,0.7924259305000305,-0.20411285758018494,0.04173673689365387,-0.5732861161231995,0.6993955373764038,0.12259708344936371,0.019978148862719536,0,0.43097344040870667,0.10997580736875534,0.8795700073242188,0.7842315435409546,-0.22304105758666992,0.08026894927024841,-0.5734025239944458,1
0.3969128131866455,0.10952391475439072,0.8886712193489075,0.7917076945304871,-0.20611414313316345,0.045751940459012985,-0.5732561945915222,0.6993955373764038,0.12259708344936371,0.019978148862719536,0,0.4369792938232422,0.11007147282361984,0.8775057792663574,0.7828144431114197,-0.22602930665016174,0.08618253469467163,-0.5733104348182678,1
0.4013715088367462,0.1095789298415184,0.8875331282615662,0.7909263968467712,-0.20822544395923615,0.04997650906443596,-0.5732188820838928,0.6993955373764038,0.12259708344936371,0.019978148862719536,0,0.4429491460323334,0.11016937345266342,0.8753472566604614,0.7813507318496704,-0.22902266681194305,0.09207718819379807,-0.5732026100158691,1
0.40601277351379395,0.10963712632656097,0.8862972855567932,0.7900832295417786,-0.2104354053735733,0.05438638851046562,-0.5731732249259949,0.6993955373764038,0.12259708344936371,0.019978148862719536,0,0.44888201355934143,0.11026966571807861,0.8730948567390442,0.7798413038253784,-0.23202122747898102,0.09795314073562622,-0.573078453540802,1
0.4108130633831024,0.10969845950603485,0.884962797164917,0.7891789078712463,-0.21273404359817505,0.058959849178791046,-0.573118269443512,0.6993955373764038,0.12259708344936371,0.019978148862719536,0,0.45477551221847534,0.11037194728851318,0.8707495927810669,0.778285562992096,-0.2350243777036667,0.1038094013929367,-0.5729386806488037,1
0.41575127840042114,0.10976298153400421,0.8835293650627136,0.7882141470909119,-0.21511243283748627,0.0636780858039856,-0.5730533003807068,0.6993955373764038,0.12259708344936371,0.019978148862719536,0,0.4606291949748993,0.11047657579183578,0.8683115243911743,0.7766841650009155,-0.23803220689296722,0.10964614152908325,-0.5727826952934265,1
0.4208076298236847,0.10983050614595413,0.8819966912269592,0.7871896624565125,-0.21756227314472198,0.06852331012487411,-0.5729779005050659,0.6993955373764038,0.12259708344936371,0.019978148862719536,0,0.46644142270088196,0.11058316379785538,0.8657814860343933,0.7750369310379028,-0.24104492366313934,0.1154627650976181,-0.5726110935211182,1
0.4259645938873291,0.10990141332149506,0.8803644180297852,0.7861064076423645,-0.2200762927532196,0.07347970455884933,-0.5728907585144043,0.6993955373764038,0.12259708344936371,0.019978148862719536,0,0.472211092710495,0.1106918454170227,0.8631599545478821,0.7733443379402161,-0.24406211078166962,0.121258944272995,-0.5724232196807861,1
0.4312067925930023,0.10997527837753296,0.8786320686340332,0.7849645614624023,-0.22264854609966278,0.07853392511606216,-0.5727919340133667,0.6993955373764038,0.12259708344936371,0.019978148862719536,0,0.47793668508529663,0.1108027994632721,0.8604475855827332,0.7716066837310791,-0.2470838725566864,0.1270340085029602,-0.5722192525863647,1
0.43652042746543884,0.11005235463380814,0.8767997026443481,0.7837652564048767,-0.22527281939983368,0.08367302268743515,-0.5726805329322815,0.6993955373764038,0.12259708344936371,0.019978148862719536,0,0.4836169183254242,0.11091559380292892,0.8576450347900391,0.7698239088058472,-0.25010985136032104,0.1327882707118988,-0.5719994902610779,1
0.44189223647117615,0.11013232916593552,0.8748674988746643,0.7825086712837219,-0.22794422507286072,0.0888858363032341,-0.5725564360618591,0.6993955373764038,0.12259708344936371,0.019978148862719536,0,0.4892504811286926,0.11103042960166931,0.8547530174255371,0.7679962515830994,-0.25314006209373474,0.13852062821388245,-0.5717636942863464,1
0.44731101393699646,0.1102154478430748,0.8728352189064026,0.781195878982544,-0.23065806925296783,0.09416214376688004,-0.572418749332428,0.6993955373764038,0.12259708344936371,0.019978148862719536,0,0.4948360025882721,0.11114741116762161,0.8517721891403198,0.7661241888999939,-0.2561745345592499,0.14423099160194397,-0.5715117454528809,1
0.45276588201522827,0.11030157655477524,0.870703399181366,0.7798274159431458,-0.23341026902198792,0.09949292987585068,-0.5722673535346985,0.6993955373764038,0.12259708344936371,0.019978148862719536,0,0.5003727078437805,0.11126616597175598,0.8487029671669006,0.7642075419425964,-0.2592131495475769,0.1499193012714386,-0.5712437033653259,1
0.4582473337650299,0.1103905513882637,0.8684723377227783,0.7784037590026855,-0.23619697988033295,0.10486962646245956,-0.5721020698547363,0.6993955373764038,0.12259708344936371,0.019978148862719536,0,0.5058593153953552,0.11138682067394257,0.8455460667610168,0.7622469067573547,-0.2622557580471039,0.15558533370494843,-0.5709594488143921,1
0.46374693512916565,0.11048241704702377,0.8661426305770874,0.776925802230835,-0.23901481926441193,0.1102852150797844,-0.5719226002693176,0.6993955373764038,0.12259708344936371,0.019978148862719536,0,0.5112935304641724,0.1115095466375351,0.8423027992248535,0.7602425217628479,-0.2653019428253174,0.1612275391817093,-0.5706591010093689,1
0.46925750374794006,0.1105770394206047,0.8637141585350037,0.7753939032554626,-0.24186155200004578,0.11573342233896255,-0.5717281699180603,0.6993955373764038,0.12259708344936371,0.019978148862719536,0,0.5166751146316528,0.11163394153118134,0.8389734625816345,0.7581941485404968,-0.2683521807193756,0.16684676706790924,-0.5703428387641907,1
0.47477129101753235,0.11067458242177963,0.8611879944801331,0.7738087177276611,-0.24473385512828827,0.12120789289474487,-0.5715190768241882,0.6993955373764038,0.12259708344936371,0.019978148862719536,0,0.5220023989677429,0.11176012456417084,0.8355590105056763,0.7561022639274597,-0.2714058756828308,0.17244216799736023,-0.5700103044509888,1
0.48028138279914856,0.11077490448951721,0.8585648536682129,0.772171139717102,-0.24762949347496033,0.12670260667800903,-0.5712948441505432,0.6993955373764038,0.12259708344936371,0.019978148862719536,0,0.5272747874259949,0.11188828200101852,0.8320595622062683,0.7539673447608948,-0.2744632661342621,0.178013876080513,-0.5696614980697632,1
0.4857829809188843,0.1108776181936264,0.8558451533317566,0.770481288433075,-0.25054624676704407,0.13221386075019836,-0.5710555911064148,0.6993955373764038,0.12259708344936371,0.019978148862719536,0,0.5324904322624207,0.11201797425746918,0.8284767270088196,0.7517892122268677,-0.27752429246902466,0.18356119096279144,-0.5692965388298035,1
0.49126964807510376,0.11098312586545944,0.8530299067497253,0.7687402963638306,-0.2534824311733246,0.13773679733276367,-0.57080078125,0.6993955373764038,0.12259708344936371,0.019978148862719536,0,0.5376483201980591,0.11214934289455414,0.8248109221458435,0.7495682835578918,-0.2805884778499603,0.18908369541168213,-0.5689153671264648,1
0.49673694372177124,0.11109121143817902,0.8501197695732117,0.7669485807418823,-0.25643599033355713,0.14326724410057068,-0.5705304145812988,0.6993955373764038,0.12259708344936371,0.019978148862719536,0,0.5427469611167908,0.11228258162736893,0.8210633993148804,0.747305154800415,-0.2836557626724243,0.1945808082818985,-0.5685179829597473,1
0.5021800398826599,0.1112017035484314,0.847115695476532,0.7651065587997437,-0.25940558314323425,0.14880181849002838,-0.5702443718910217,0.6993955373764038,0.12259708344936371,0.019978148862719536,0,0.547785758972168,0.11241722106933594,0.8172345161437988,0.7449994087219238,-0.28672635555267334,0.200052872300148,-0.5681045055389404,1
0.5075954794883728,0.11131476610898972,0.8440182209014893,0.7632148861885071,-0.2623899579048157,0.1543375551700592,-0.5699424743652344,0.6993955373764038,0.12259708344936371,0.019978148862719536,0,0.5527634620666504,0.1125534400343895,0.8133252859115601,0.7426515817642212,-0.2897997796535492,0.2054992914199829,-0.5676746964454651,1
0.5129785537719727,0.11143001914024353,0.8408285975456238,0.761273980140686,-0.2653875946998596,0.15987113118171692,-0.5696249008178711,0.6993955373764038,0.12259708344936371,0.019978148862719536,0,0.5576785802841187,0.11269137263298035,0.8093366026878357,0.7402622103691101,-0.2928764224052429,0.21091964840888977,-0.5672283172607422,1
0.5183256268501282,0.11154762655496597,0.8375481367111206,0.7592845559120178,-0.2683972120285034,0.1653996855020523,-0.5692914724349976,0.6993955373764038,0.12259708344936371,0.019978148862719536,0,0.5625301599502563,0.11283059418201447,0.8052693605422974,0.7378311157226562,-0.2959557771682739,0.21631349623203278,-0.5667661428451538,1
0.523634135723114,0.11166758090257645,0.8341769576072693,0.7572471499443054,-0.27141833305358887,0.17092154920101166,-0.5689417719841003,0.6993955373764038,0.12259708344936371,0.019978148862719536,0,0.5673173069953918,0.11297145485877991,0.8011244535446167,0.7353587746620178,-0.29903799295425415,0.22168079018592834,-0.5662872791290283,1
0.5289006233215332,0.11178965121507645,0.8307166695594788,0.7551621198654175,-0.27444952726364136,0.17643405497074127,-0.568575918674469,0.6993955373764038,0.12259708344936371,0.019978148862719536,0,0.5720382332801819,0.11311350017786026,0.7969031929969788,0.7328453660011292,-0.3021225035190582,0.22702109813690186,-0.5657923221588135,1
0.5341220498085022,0.11191381514072418,0.8271680474281311,0.7530299425125122,-0.2774899899959564,0.18193531036376953,-0.5681942105293274,0.6993955373764038,0.12259708344936371,0.019978148862719536,0,0.576693058013916,0.11325690150260925,0.7926056385040283,0.7302910089492798,-0.3052099943161011,0.2323342263698578,-0.5652810335159302,1
0.53929603099823,0.11204004287719727,0.823532223701477,0.7508513331413269,-0.28053906559944153,0.1874234825372696,-0.5677961707115173,0.6993955373764038,0.12259708344936371,0.019978148862719536,0,0.5812793374061584,0.11340180784463882,0.7882335782051086,0.7276963591575623,-0.30829963088035583,0.23761941492557526,-0.5647532939910889,1
0.5444197058677673,0.1121683269739151,0.8198102712631226,0.7486266493797302,-0.28359606862068176,0.192896768450737,-0.5673819184303284,0.6993955373764038,0.12259708344936371,0.019978148862719536,0,0.5857968330383301,0.11354775726795197,0.7837878465652466,0.7250613570213318,-0.3113916516304016,0.24287672340869904,-0.5642092823982239,1
0.5494912266731262,0.11229841411113739,0.8160032033920288,0.7463563084602356,-0.2866601049900055,0.1983538269996643,-0.566951334476471,0.6993955373764038,0.12259708344936371,0.019978148862719536,0,0.5902444124221802,0.1136949211359024,0.7792691588401794,0.7223861217498779,-0.3144858777523041,0.24810591340065002,-0.5636491179466248,1
0.5545080304145813,0.11243048310279846,0.812112033367157,0.7440407872200012,-0.2897309362888336,0.20379357039928436,-0.5665045380592346,0.6993955373764038,0.12259708344936371,0.019978148862719536,0,0.5946208238601685,0.11384344100952148,0.7746785283088684,0.719671368598938,-0.31758224964141846,0.25330641865730286,-0.5630722641944885,1
0.5594679713249207,0.11256426572799683,0.8081380724906921,0.7416805028915405,-0.29280781745910645,0.20921409130096436,-0.5660415291786194,0.6993955373764038,0.12259708344936371,0.019978148862719536,0,0.5989251136779785,0.1139928549528122,0.7700172662734985,0.7169171571731567,-0.3206804692745209,0.25847798585891724,-0.5624792575836182,1
0.5643693208694458,0.1126999706029892,0.8040820956230164,0.7392760515213013,-0.2958904206752777,0.21461455523967743,-0.565561830997467,0.6993955373764038,0.12259708344936371,0.019978148862719536,0,0.6031564474105835,0.11414332687854767,0.7652861475944519,0.7141234874725342,-0.32378074526786804,0.26362040638923645,-0.5618699193000793,1
0.5692105293273926,0.11283712834119797,0.7999451160430908,0.7368276119232178,-0.29897817969322205,0.21999432146549225,-0.5650659203529358,0.6993955373764038,0.12259708344936371,0.019978148862719536,0,0.607313334941864,0.11429503560066223,0.7604867219924927,0.7112910747528076,-0.326882541179657,0.2687331736087799,-0.5612442493438721,1
0.5739891529083252,0.11297612637281418,0.7957286834716797,0.734335720539093,-0.30207088589668274,0.22535164654254913,-0.5645535588264465,0.6993955373764038,0.12259708344936371,0.019978148862719536,0,0.611395537853241,0.11444747447967529,0.7556192874908447,0.7084200978279114,-0.3299861550331116,0.27381643652915955,-0.5606019496917725,1
0.5787036418914795,0.11311668157577515,0.7914340496063232,0.7318009734153748,-0.30516767501831055,0.2306857854127884,-0.5640248656272888,0.6993955373764038,0.12259708344936371,0.019978148862719536,0,0.6154019236564636,0.11460082232952118,0.7506850361824036,0.7055104970932007,-0.3330914378166199,0.2788696885108948,-0.5599433779716492,1
0.5833531022071838,0.11325857788324356,0.7870614528656006,0.7292232513427734,-0.30826878547668457,0.23599641025066376,-0.5634796619415283,0.6993955373764038,0.12259708344936371,0.019978148862719536,0,0.6193309426307678,0.11475524306297302,0.7456858158111572,0.7025629878044128,-0.33619821071624756,0.2838923931121826,-0.5592684149742126,1
0.5879350304603577,0.11340218037366867,0.7826129794120789,0.726603627204895,-0.31137335300445557,0.24128185212612152,-0.5629180073738098,0.6993955373764038,0.12259708344936371,0.019978148862719536,0,0.6231819987297058,0.11491023004055023,0.7406222820281982,0.6995776295661926,-0.33930593729019165,0.2888844311237335,-0.5585770010948181,1
0.5924485921859741,0.11354699730873108,0.7780894637107849,0.7239421010017395,-0.31448134779930115,0.24654193222522736,-0.5623400211334229,0.6993955373764038,0.12259708344936371,0.019978148862719536,0,0.6269543766975403,0.11506596207618713,0.7354955077171326,0.6965547204017639,-0.3424150347709656,0.2938455045223236,-0.5578692555427551,1
0.5968924760818481,0.1136932298541069,0.773491621017456,0.7212391495704651,-0.31759265065193176,0.25177595019340515,-0.5617453455924988,0.6993955373764038,0.12259708344936371,0.019978148862719536,0,0.6306474804878235,0.11522263288497925,0.7303062081336975,0.6934945583343506,-0.3455256521701813,0.2987755239009857,-0.5571449398994446,1
0.6012646555900574,0.11384059488773346,0.7688215374946594,0.7184949517250061,-0.3207065761089325,0.25698322057724,-0.5611344575881958,0.6993955373764038,0.12259708344936371,0.019978148862719536,0,0.6342594027519226,0.1153796836733818,0.7250566482543945,0.6903975009918213,-0.3486368954181671,0.30367380380630493,-0.5564042329788208,1
0.6055639982223511,0.11398948729038239,0.7640798687934875,0.7157104015350342,-0.32382291555404663,0.2621625065803528,-0.56050705909729,0.6993955373764038,0.12259708344936371,0.019978148862719536,0,0.6377900838851929,0.11553733795881271,0.7197470664978027,0.6872638463973999,-0.35174909234046936,0.30854031443595886,-0.5556471347808838,1
0.609790027141571,0.11413919925689697,0.7592676281929016,0.7128851413726807,-0.3269417881965637,0.26731401681900024,-0.559863269329071,0.6993955373764038,0.12259708344936371,0.019978148862719536,0,0.6412383317947388,0.11569573730230331,0.7143788933753967,0.684093713760376,-0.35486218333244324,0.3133748173713684,-0.5548736453056335,1
0.6139407157897949,0.11429011076688766,0.7543863654136658,0.7100200057029724,-0.33006274700164795,0.2724372148513794,-0.5592030882835388,0.6993955373764038,0.12259708344936371,0.019978148862719536,0,0.6446037888526917,0.11585438251495361,0.7089532613754272,0.6808875799179077,-0.35797592997550964,0.31817692518234253,-0.5540835857391357,1
0.6180151700973511,0.11444219201803207,0.7494372129440308,0.7071154117584229,-0.3331853747367859,0.27753084897994995,-0.5585263967514038,0.6993955373764038,0.12259708344936371,0.019978148862719536,0,0.6478853225708008,0.11601342260837555,0.7034712433815002,0.6776456236839294,-0.36109039187431335,0.3229465186595917,-0.5532771348953247,1
0.6220123767852783,0.11459515988826752,0.7444213032722473,0.7041717767715454,-0.33630988001823425,0.2825954258441925,-0.5578328967094421,0.6993955373764038,0.12259708344936371,0.019978148862719536,0,0.6510820984840393,0.11617307364940643,0.6979343295097351,0.6743683815002441,-0.36420536041259766,0.3276831805706024,-0.5524540543556213,1
0.6259312629699707,0.11474894732236862,0.7393395900726318,0.701188862323761,-0.33943575620651245,0.2876298427581787,-0.5571233630180359,0.6993955373764038,0.12259708344936371,0.019978148862719536,0,0.6541931629180908,0.11633278429508209,0.6923439502716064,0.6710559725761414,-0.3673202097415924,0.3323865532875061,-0.5516148209571838,1
0.6297706961631775,0.11490374803543091,0.7341938018798828,0.6981675624847412,-0.34256306290626526,0.29263365268707275,-0.5563974380493164,0.6993955373764038,0.12259708344936371,0.019978148862719536,0,0.6572180986404419,0.11649295687675476,0.6867008805274963,0.6677086353302002,-0.37043577432632446,0.3370566666126251,-0.5507587790489197,1
0.6335296034812927,0.1150592789053917,0.7289849519729614,0.6951083540916443,-0.34569141268730164,0.29760637879371643,-0.555654764175415,0.6993955373764038,0.12259708344936371,0.019978148862719536,0,0.6601561307907104,0.11665307730436325,0.6810062527656555,0.6643266677856445,-0.3735513687133789,0.3416929841041565,-0.5498864650726318,1
0.6372067928314209,0.11521545797586441,0.7237145304679871,0.6920111179351807,-0.3488205671310425,0.302547812461853,-0.5548960566520691,0.6993955373764038,0.12259708344936371,0.019978148862719536,0,0.6630064249038696,0.11681333184242249,0.675261914730072,0.6609106063842773,-0.3766668438911438,0.34629544615745544,-0.5489977598190308,1
0.6408016681671143,0.11537249386310577,0.7183835506439209,0.6888766288757324,-0.35195061564445496,0.30745747685432434,-0.5541205406188965,0.6993955373764038,0.12259708344936371,0.019978148862719536,0,0.6657682657241821,0.11697390675544739,0.6694685220718384,0.6574606895446777,-0.3797823488712311,0.3508637249469757,-0.5480924844741821,1
0.644313395023346,0.1155298501253128,0.7129931449890137,0.68570476770401,-0.35508134961128235,0.3123351037502289,-0.5533288717269897,0.6993955373764038,0.12259708344936371,0.019978148862719536,0,0.6684412956237793,0.1171342134475708,0.663627564907074,0.6539767980575562,-0.3828977346420288,0.35539770126342773,-0.547170877456665,1
0.6477404832839966,0.11568792164325714,0.7075449824333191,0.6824964284896851,-0.358212411403656,0.3171803951263428,-0.5525205135345459,0.6993955373764038,0.12259708344936371,0.019978148862719536,0,0.6710241436958313,0.11729449033737183,0.6577407717704773,0.6504599452018738,-0.38601255416870117,0.3598966896533966,-0.5462329387664795,1
0.6510826945304871,0.11584671586751938,0.702039897441864,0.6792517304420471,-0.36134400963783264,0.32199257612228394,-0.5516958832740784,0.6993955373764038,0.12259708344936371,0.019978148862719536,0,0.6735170483589172,0.1174548864364624,0.6518084406852722,0.6469100713729858,-0.38912734389305115,0.36436107754707336,-0.5452781319618225,1
0.6543388366699219,0.11600562930107117,0.6964797377586365,0.6759708523750305,-0.3644755482673645,0.3267715871334076,-0.5508548617362976,0.6993955373764038,0.12259708344936371,0.019978148862719536,0,0.6759187579154968,0.11761487275362015,0.6458327770233154,0.6433272361755371,-0.39224138855934143,0.36879029870033264,-0.5443073511123657,1
0.657508373260498,0.11616510152816772,0.6908652186393738,0.6726545095443726,-0.36760714650154114,0.3315172493457794,-0.5499973893165588,0.6993955373764038,0.12259708344936371,0.019978148862719536,0,0.6782286763191223,0.1177745908498764,0.6398149728775024,0.639712393283844,-0.3953547179698944,0.3731839954853058,-0.543319821357727,1
0.6605902314186096,0.11632461845874786,0.6851981282234192,0.6693026423454285,-0.37073856592178345,0.3362291753292084,-0.5491236448287964,0.6993955373764038,0.12259708344936371,0.019978148862719536,0,0.6804463863372803,0.11793430149555206,0.633756160736084,0.6360654234886169,-0.398467481136322,0.37754184007644653,-0.5423159003257751,1
0.6635836958885193,0.11648483574390411,0.6794793605804443,0.6659159064292908,-0.37387004494667053,0.3409068286418915,-0.548233151435852,0.6993955373764038,0.12259708344936371,0.019978148862719536,0,0.682571530342102,0.11809339374303818,0.6276572942733765,0.6323868036270142,-0.4015793800354004,0.3818642199039459,-0.5412954092025757,1
0.6664878726005554,0.1166449636220932,0.6737107038497925,0.6624945402145386,-0.3770007789134979,0.3455500900745392,-0.5473265647888184,0.6993955373764038,0.12259708344936371,0.019978148862719536,0,0.6846033334732056,0.11825207620859146,0.6215202808380127,0.6286767721176147,-0.4046900272369385,0.38615044951438904,-0.540258526802063,1
0.6693024039268494,0.11680515855550766,0.6678934097290039,0.6590389609336853,-0.380130797624588,0.3501583933830261,-0.5464038252830505,0.6993955373764038,0.12259708344936371,0.019978148862719536,0,0.6865411400794983,0.11841054260730743,0.6153461337089539,0.6249357461929321,-0.4077998697757721,0.390400230884552,-0.539205014705658,1
0.6720265746116638,0.1169654130935669,0.6620283126831055,0.655549168586731,-0.383260577917099,0.35473203659057617,-0.5454646944999695,0.6993955373764038,0.12259708344936371,0.019978148862719536,0,0.6883845329284668,0.11856818199157715,0.6091365814208984,0.6211639046669006,-0.4109085202217102,0.39461347460746765,-0.5381353497505188,1
0.674659252166748,0.11712586879730225,0.6561174392700195,0.6520261168479919,-0.3863893449306488,0.35926997661590576,-0.54450923204422,0.6993955373764038,0.12259708344936371,0.019978148862719536,0,0.6901331543922424,0.1187252551317215,0.6028926372528076,0.617361843585968,-0.41401568055152893,0.39879000186920166,-0.5370490550994873,1
0.677200198173523,0.11728600412607193,0.650161623954773,0.6484696865081787,-0.3895169496536255,0.3637724816799164,-0.5435374975204468,0.6993955373764038,0.12259708344936371,0.019978148862719536,0,0.6917862296104431,0.11888189613819122,0.5966157913208008,0.6135297417640686,-0.4171215295791626,0.40292978286743164,-0.535946249961853,1
0.6796486377716064,0.11744623631238937,0.6441624164581299,0.6448804140090942,-0.39264369010925293,0.36823928356170654,-0.5425494313240051,0.6993955373764038,0.12259708344936371,0.019978148862719536,0,0.6933438777923584,0.11903757601976395,0.5903069376945496,0.6096675992012024,-0.4202260971069336,0.407032310962677,-0.5348271727561951,1
0.6820040345191956,0.1176062747836113,0.6381214261054993,0.6412587761878967,-0.3957691490650177,0.37266984581947327,-0.541545033454895,0.6993955373764038,0.12259708344936371,0.019978148862719536,0,0.6948050260543823,0.1191924586892128,0.583968460559845,0.6057764291763306,-0.42332857847213745,0.41109728813171387,-0.5336915850639343,1
0.684265673160553,0.11776603758335114,0.6320398449897766,0.6376048922538757,-0.3988933861255646,0.3770640194416046,-0.5405244827270508,0.6993955373764038,0.12259708344936371,0.019978148862719536,0,0.6962243318557739,0.11935305595397949,0.5773351788520813,0.6016921401023865,-0.4265587031841278,0.41529160737991333,-0.5324913263320923,1
0.6864349842071533,0.1179257407784462,0.62590491771698,0.6339086294174194,-0.4020223915576935,0.3814328908920288,-0.5394874811172485,0.6993955373764038,0.12259708344936371,0.019978148862719536,0,0.6975382566452026,0.1195126622915268,0.5706722140312195,0.5975766777992249,-0.42978671193122864,0.4194452464580536,-0.5312730073928833,1
0.6885141730308533,0.11808537691831589,0.6197128891944885,0.6301680207252502,-0.40515992045402527,0.38577836751937866,-0.538431704044342,0.6993955373764038,0.12259708344936371,0.019978148862719536,0,0.6987465620040894,0.11967121064662933,0.5639810562133789,0.5934303998947144,-0.4330126643180847,0.4235573709011078,-0.5300371050834656,1
0.690502941608429,0.1182456761598587,0.6134634613990784,0.6263837218284607,-0.40830594301223755,0.3901004195213318,-0.5373557806015015,0.6993955373764038,0.12259708344936371,0.019978148862719536,0,0.6998486518859863,0.11982863396406174,0.5572633147239685,0.5892540216445923,-0.43623629212379456,0.4276280701160431,-0.5287832617759705,1
0.6924004554748535,0.11840604245662689,0.607158362865448,0.6225563287734985,-0.4114605188369751,0.39439791440963745,-0.5362594127655029,0.6993955373764038,0.12259708344936371,0.019978148862719536,0,0.700844407081604,0.11998459696769714,0.5505207777023315,0.5850472450256348,-0.439457505941391,0.43165716528892517,-0.5275117754936218,1
0.694205105304718,0.11856616288423538,0.6007996797561646,0.6186864376068115,-0.41462257504463196,0.3986692428588867,-0.5351430177688599,0.6993955373764038,0.12259708344936371,0.019978148862719536,0,0.7017330527305603,0.12013955414295197,0.5437552332878113,0.5808113217353821,-0.4426758885383606,0.4356440603733063,-0.5262227654457092,1
0.6959156394004822,0.1187259778380394,0.5943899154663086,0.6147751808166504,-0.41779130697250366,0.40291330218315125,-0.5340062975883484,0.6993955373764038,0.12259708344936371,0.019978148862719536,0,0.7025147676467896,0.12029317021369934,0.5369675159454346,0.5765461921691895,-0.4458918869495392,0.43958932161331177,-0.524915337562561,1
0.6975304484367371,0.11888536810874939,0.587931752204895,0.6108238697052002,-0.4209658205509186,0.40712839365005493,-0.5328491926193237,0.6993955373764038,0.12259708344936371,0.019978148862719536,0,0.7031887769699097,0.12044540047645569,0.5301600098609924,0.5722522139549255,-0.4491048753261566,0.44349175691604614,-0.5235907435417175,1
0.6990472674369812,0.11904455721378326,0.581428587436676,0.6068334579467773,-0.4241451919078827,0.4113127589225769,-0.5316725373268127,0.6993955373764038,0.12259708344936371,0.019978148862719536,0,0.7037551999092102,0.12059587985277176,0.5233339667320251,0.5679296255111694,-0.4523151218891144,0.44735202193260193,-0.5222479701042175,1
0.700465202331543,0.11920291930437088,0.574882984161377,0.6028050184249878,-0.4273284673690796,0.41546520590782166,-0.5304763317108154,0.6993955373764038,0.12259708344936371,0.019978148862719536,0,0.7042137384414673,0.12074508517980576,0.5164909362792969,0.5635792016983032,-0.45552223920822144,0.4511694312095642,-0.5208877921104431,1
0.7017826437950134,0.11936064809560776,0.5682975649833679,0.5987393856048584,-0.43051522970199585,0.4195845127105713,-0.5292603373527527,0.6993955373764038,0.12259708344936371,0.019978148862719536,0,0.7045638561248779,0.12089265882968903,0.5096326470375061,0.5592013001441956,-0.4587262272834778,0.45494377613067627,-0.5195096731185913,1
0.7029985785484314,0.11951768398284912,0.5616752505302429,0.5946378111839294,-0.4337039887905121,0.42366930842399597,-0.5280255079269409,0.6993955373764038,0.12259708344936371,0.019978148862719536,0,0.7048056125640869,0.12103858590126038,0.5027608871459961,0.5547961592674255,-0.4619266390800476,0.4586751163005829,-0.518113911151886,1
0.7041117548942566,0.11967364698648453,0.5550187826156616,0.5905011296272278,-0.4368942379951477,0.42771846055984497,-0.5267719030380249,0.6993955373764038,0.12259708344936371,0.019978148862719536,0,0.7049387097358704,0.12118273973464966,0.49587690830230713,0.5503641963005066,-0.4651239514350891,0.46236318349838257,-0.5167003273963928,1
0.7051209807395935,0.11982876807451248,0.5483302474021912,0.5863301753997803,-0.4400859475135803,0.43173113465309143,-0.525499165058136,0.6993955373764038,0.12259708344936371,0.019978148862719536,0,0.7049633264541626,0.1213248148560524,0.48898255825042725,0.5459058284759521,-0.4683173894882202,0.4660078287124634,-0.5152690410614014,1
0.7060258388519287,0.11998269706964493,0.541612446308136,0.5821258425712585,-0.44327783584594727,0.4357064366340637,-0.524208128452301,0.6993955373764038,0.12259708344936371,0.019978148862719536,0,0.7048787474632263,0.1214652806520462,0.48207953572273254,0.5414212942123413,-0.47150737047195435,0.4696089029312134,-0.5138201713562012,1
0.7068251371383667,0.120135597884655,0.5348675847053528,0.5778889060020447,-0.4464697241783142,0.43964338302612305,-0.5228985548019409,0.6993955373764038,0.12259708344936371,0.019978148862719536,0,0.7046853303909302,0.12160378694534302,0.47516942024230957,0.5369114875793457,-0.4746933579444885,0.47316595911979675,-0.5123535990715027,1
0.7075183987617493,0.12028743326663971,0.5280981659889221,0.5736202597618103,-0.4496608376502991,0.443541556596756,-0.5215705633163452,0.6993955373764038,0.12259708344936371,0.019978148862719536,0,0.7043828964233398,0.12174026668071747,0.4682537317276001,0.532376229763031,-0.47787541151046753,0.4766791760921478,-0.5108694434165955,1
0.7081048488616943,0.120437853038311,0.5213059186935425,0.569320559501648,-0.4528510868549347,0.44739988446235657,-0.5202243328094482,0.6993955373764038,0.12259708344936371,0.019978148862719536,0,0.7039712071418762,0.12187466770410538,0.461334228515625,0.5278162956237793,-0.4810534417629242,0.480148047208786,-0.5093676447868347,1
0.7085843086242676,0.12058677524328232,0.514493465423584,0.564990222454071,-0.45603981614112854,0.45121803879737854,-0.5188601613044739,0.6993955373764038,0.12259708344936371,0.019978148862719536,0,0.7034504413604736,0.12200666218996048,0.454412579536438,0.5232319235801697,-0.4842270612716675,0.4835728108882904,-0.5078481435775757,1
0.7089557647705078,0.12073439359664917,0.5076629519462585,0.5606302618980408,-0.4592268168926239,0.45499536395072937,-0.5174781680107117,0.6993955373764038,0.12259708344936371,0.019978148862719536,0,0.7028207778930664,0.122136689722538,0.4474900960922241,0.5186237096786499,-0.48739659786224365,0.48695287108421326,-0.5063111186027527,1
0.7092192769050598,0.12088038772344589,0.500816285610199,0.5562413334846497,-0.4624115526676178,0.45873120427131653,-0.5160782933235168,0.6993955373764038,0.12259708344936371,0.019978148862719536,0,0.7020818591117859,0.12226444482803345,0.4405687153339386,0.5139918327331543,-0.49056145548820496,0.4902884364128113,-0.504756510257721,1
0.7093745470046997,0.1210249662399292,0.4939553141593933,0.5518240928649902,-0.46559372544288635,0.4624253809452057,-0.5146604180335999,0.6993955373764038,0.12259708344936371,0.019978148862719536,0,0.7012338042259216,0.12238984555006027,0.43364980816841125,0.5093366503715515,-0.4937220513820648,0.4935791492462158,-0.5031840205192566,1
0.709420919418335,0.12116775661706924,0.4870821237564087,0.5473788380622864,-0.4687732458114624,0.46607738733291626,-0.5132249593734741,0.6993955373764038,0.12259708344936371,0.019978148862719536,0,0.7002766728401184,0.122512586414814,0.4267358183860779,0.5046589374542236,-0.49687740206718445,0.49682483077049255,-0.5015946626663208,1
0.7093583941459656,0.12130870670080185,0.48019900918006897,0.5429065227508545,-0.47194933891296387,0.4696865677833557,-0.511772096157074,0.6993955373764038,0.12259708344936371,0.019978148862719536,0,0.6992106437683105,0.12263309210538864,0.41982752084732056,0.4999591112136841,-0.5000280737876892,0.5000255703926086,-0.4999871253967285,1
0.7091865539550781,0.12144799530506134,0.47330766916275024,0.538407564163208,-0.47512224316596985,0.4732528030872345,-0.5103016495704651,0.6993955373764038,0.12259708344936371,0.019978148862719536,0,0.7091865539550781,0.12144799530506134,0.47330766916275024,0.538407564163208,-0.47512224316596985,0.4732528030872345,-0.5103016495704651,1
0.7095625400543213,0.12155552953481674,0.46645212173461914,0.5349939465522766,-0.4788277745246887,0.4768127202987671,-0.5071045160293579,0.6993955373764038,0.12259708344936371,0.019978148862719536,0,0.7095953226089478,0.1214686781167984,0.471000611782074,0.5380268692970276,-0.47537457942962646,0.4735385477542877,-0.5102031826972961,1
0.7102075815200806,0.12162867933511734,0.4602617025375366,0.5320979952812195,-0.4819217920303345,0.4799349308013916,-0.5042672157287598,0.6993955373764038,0.12259708344936371,0.019978148862719536,0,0.7099936604499817,0.12148890644311905,0.4686931371688843,0.5376462340354919,-0.4756264090538025,0.47382381558418274,-0.5101048350334167,1
0.7108895182609558,0.12166334688663483,0.4550708830356598,0.5297730565071106,-0.48434311151504517,0.48240771889686584,-0.5020309090614319,0.6993955373764038,0.12259708344936371,0.019978148862719536,0,0.7103813886642456,0.12150924652814865,0.46638497710227966,0.5372651219367981,-0.47587850689888,0.4741089344024658,-0.5100062489509583,1
0.7115401029586792,0.12167532742023468,0.450999915599823,0.5280576348304749,-0.48608312010765076,0.4842018485069275,-0.5004266500473022,0.6993955373764038,0.12259708344936371,0.019978148862719536,0,0.7107586860656738,0.12152942270040512,0.4640762209892273,0.5368841290473938,-0.4761306047439575,0.47439369559288025,-0.5099075436592102,1
0.7121497988700867,0.12167800217866898,0.4480900168418884,0.5269697904586792,-0.4871481955051422,0.4853147864341736,-0.4994586706161499,0.6993955373764038,0.12259708344936371,0.019978148862719536,0,0.7111253142356873,0.12154915928840637,0.46176716685295105,0.5365028381347656,-0.4763825833797455,0.4746782183647156,-0.5098087191581726,1
0.7127267122268677,0.12167824059724808,0.4463512599468231,0.5265136957168579,-0.4875480532646179,0.4857517182826996,-0.49912455677986145,0.6993955373764038,0.12259708344936371,0.019978148862719536,0,0.711481511592865,0.12156898528337479,0.4594576954841614,0.5361215472221375,-0.47663453221321106,0.47496217489242554,-0.5097098350524902,1
0.713252067565918,0.12167485058307648,0.44569411873817444,0.5266390442848206,-0.48733842372894287,0.48557043075561523,-0.4993734657764435,0.6993955373764038,0.12259708344936371,0.019978148862719536,0,0.7118271589279175,0.12158865481615067,0.4571477174758911,0.5357400178909302,-0.476886510848999,0.47524595260620117,-0.5096107721328735,1
0.7136135101318359,0.1216549351811409,0.44546350836753845,0.5269871354103088,-0.48688140511512756,0.48514753580093384,-0.4998629093170166,0.6993955373764038,0.12259708344936371,0.019978148862719536,0,0.7121623158454895,0.12160787731409073,0.4548377990722656,0.535358190536499,-0.4771382212638855,0.4755292534828186,-0.5095120072364807,1
0.7138742208480835,0.12163912504911423,0.4453040063381195,0.527380645275116,-0.4863726496696472,0.48466888070106506,-0.5004070997238159,0.6993955373764038,0.12259708344936371,0.019978148862719536,0,0.712486982345581,0.12162720412015915,0.45252710580825806,0.5349763631820679,-0.47739025950431824,0.47581246495246887,-0.5094127655029297,1
0.7140905857086182,0.12163297832012177,0.4450654089450836,0.5277547836303711,-0.4858834147453308,0.4842033386230469,-0.500938355922699,0.6993955373764038,0.12259708344936371,0.019978148862719536,0,0.7128010392189026,0.12164606899023056,0.4502163827419281,0.5345942974090576,-0.4776420593261719,0.4760952889919281,-0.5093134045600891,1
0.7142924070358276,0.1216343492269516,0.444682240486145,0.5280802845954895,-0.48544272780418396,0.48378315567970276,-0.5014283657073975,0.6993955373764038,0.12259708344936371,0.019978148862719536,0,0.7131045460700989,0.12166503816843033,0.4479053020477295,0.5342119336128235,-0.477894127368927,0.4763779640197754,-0.5092138648033142,1
0.7144941687583923,0.12164083123207092,0.4441315531730652,0.5283456444740295,-0.4850617051124573,0.48342055082321167,-0.5018670558929443,0.6993955373764038,0.12259708344936371,0.019978148862719536,0,0.7133975625038147,0.12168385088443756,0.44559425115585327,0.5338294506072998,-0.47814613580703735,0.4766601622104645,-0.5091143846511841,1
0.7147019505500793,0.12165036052465439,0.4434112310409546,0.5285488367080688,-0.48474153876304626,0.4831189811229706,-0.5022526979446411,0.6993955373764038,0.12259708344936371,0.019978148862719536,0,0.7136801481246948,0.12170220911502838,0.44328320026397705,0.5334468483924866,-0.478397935628891,0.476942241191864,-0.5090147256851196,1
0.7149178385734558,0.12166164815425873,0.44252875447273254,0.5286914706230164,-0.4844803512096405,0.48287665843963623,-0.5025873780250549,0.6993955373764038,0.12259708344936371,0.019978148862719536,0,0.7139519453048706,0.12172066420316696,0.4409724473953247,0.5330642461776733,-0.4786497950553894,0.477223664522171,-0.5089149475097656,1
0.7151416540145874,0.12167388200759888,0.44149619340896606,0.5287781953811646,-0.48427364230155945,0.48268985748291016,-0.5028747916221619,0.6993955373764038,0.12259708344936371,0.019978148862719536,0,0.7142134308815002,0.12173894792795181,0.43866127729415894,0.5326812863349915,-0.47890180349349976,0.4775049090385437,-0.5088150501251221,1
0.7153722047805786,0.12168705463409424,0.4403267502784729,0.5288136601448059,-0.48411673307418823,0.482553631067276,-0.5031192302703857,0.6993955373764038,0.12259708344936371,0.019978148862719536,0,0.7144644856452942,0.12175678461790085,0.4363501965999603,0.53229820728302,-0.47915351390838623,0.4777858853340149,-0.5087150931358337,1
0.7156075835227966,0.12170058488845825,0.43903404474258423,0.5288030505180359,-0.4840047061443329,0.48246321082115173,-0.5033249258995056,0.6993955373764038,0.12259708344936371,0.019978148862719536,0,0.7147049307823181,0.12177471816539764,0.43403950333595276,0.5319149494171143,-0.47940537333488464,0.47806665301322937,-0.5086149573326111,1
0.715846598148346,0.12171418219804764,0.4376300573348999,0.5287505984306335,-0.48393312096595764,0.48241400718688965,-0.503495991230011,0.6993955373764038,0.12259708344936371,0.019978148862719536,0,0.714934766292572,0.12179246544837952,0.43172895908355713,0.5315316319465637,-0.4796570837497711,0.47834691405296326,-0.5085147619247437,1
0.7160869240760803,0.12172834575176239,0.43612685799598694,0.52866131067276,-0.4838973581790924,0.4824014902114868,-0.5036360025405884,0.6993955373764038,0.12259708344936371,0.019978148862719536,0,0.7151542901992798,0.12180976569652557,0.4294186234474182,0.5311481356620789,-0.47990882396698,0.47862696647644043,-0.5084145069122314,1
0.7163273096084595,0.12174250930547714,0.43453487753868103,0.5285387635231018,-0.4838939905166626,0.48242151737213135,-0.5037487149238586,0.6993955373764038,0.12259708344936371,0.019978148862719536,0,0.715363085269928,0.12182716280221939,0.4271089434623718,0.5307645797729492,-0.48016050457954407,0.4789063632488251,-0.508314311504364,1
0.7165659070014954,0.12175692617893219,0.4328642189502716,0.5283869504928589,-0.4839189648628235,0.48247069120407104,-0.5038368701934814,0.6993955373764038,0.12259708344936371,0.019978148862719536,0,0.7155614495277405,0.12184412032365799,0.42479923367500305,0.5303806662559509,-0.4804122745990753,0.4791858494281769,-0.5082136988639832,1
0.7168018221855164,0.12177159637212753,0.4311230778694153,0.5282091498374939,-0.4839693605899811,0.4825454652309418,-0.503903329372406,0.6993955373764038,0.12259708344936371,0.019978148862719536,0,0.7157494425773621,0.12186115235090256,0.42249003052711487,0.5299966931343079,-0.48066386580467224,0.4794650077819824,-0.5081132054328918,1
0.7170337438583374,0.12178642302751541,0.42931878566741943,0.5280077457427979,-0.4840426743030548,0.4826432466506958,-0.5039504170417786,0.6993955373764038,0.12259708344936371,0.019978148862719536,0,0.7159269452095032,0.1218780130147934,0.42018115520477295,0.5296125411987305,-0.4809156358242035,0.47974368929862976,-0.5080123543739319,1
0.7172604203224182,0.12180119007825851,0.427459180355072,0.5277857780456543,-0.4841356575489044,0.4827611744403839,-0.5039804577827454,0.6993955373764038,0.12259708344936371,0.019978148862719536,0,0.7160937190055847,0.12189441919326782,0.4178728461265564,0.5292280316352844,-0.48116743564605713,0.4800221621990204,-0.5079115033149719,1
0.7174810171127319,0.12181615084409714,0.4255499243736267,0.5275453329086304,-0.48424673080444336,0.48289695382118225,-0.5039955973625183,0.6993955373764038,0.12259708344936371,0.019978148862719536,0,0.7162502408027649,0.12191092222929001,0.4155653119087219,0.5288437008857727,-0.48141905665397644,0.4803002178668976,-0.5078105926513672,1
0.7176952362060547,0.12183095514774323,0.423596054315567,0.5272882580757141,-0.4843735694885254,0.48304885625839233,-0.5039969682693481,0.6993955373764038,0.12259708344936371,0.019978148862719536,0,0.716396152973175,0.12192723900079727,0.41325807571411133,0.5284589529037476,-0.48167088627815247,0.48057815432548523,-0.5077093243598938,1
0.7179017066955566,0.12184594571590424,0.42160359025001526,0.5270171165466309,-0.4845140874385834,0.4832146167755127,-0.5039867162704468,0.6993955373764038,0.12259708344936371,0.019978148862719536,0,0.7165314555168152,0.12194311618804932,0.4109519422054291,0.5280741453170776,-0.48192235827445984,0.4808557629585266,-0.5076082944869995,1
0.7181003093719482,0.1218610405921936,0.41957560181617737,0.5267328023910522,-0.4846675395965576,0.4833928048610687,-0.5039655566215515,0.6993955373764038,0.12259708344936371,0.019978148862719536,0,0.716656506061554,0.12195908278226852,0.4086460471153259,0.5276890993118286,-0.4821741282939911,0.481132835149765,-0.5075070261955261,1
0.7182906270027161,0.12187599390745163,0.4175165891647339,0.5264366269111633,-0.4848319888114929,0.48358237743377686,-0.5039350390434265,0.6993955373764038,0.12259708344936371,0.019978148862719536,0,0.7167709469795227,0.12197484821081161,0.4063411355018616,0.52730393409729,-0.48242586851119995,0.48140981793403625,-0.5074054002761841,1
0.7184717655181885,0.1218910813331604,0.41543048620224,0.526130735874176,-0.48500603437423706,0.4837811589241028,-0.503896176815033,0.6993955373764038,0.12259708344936371,0.019978148862719536,0,0.7168749570846558,0.12199018150568008,0.40403714776039124,0.5269187092781067,-0.4826773405075073,0.4816863238811493,-0.5073040723800659,1
0.7186437845230103,0.12190600484609604,0.413319855928421,0.5258153676986694,-0.48518887162208557,0.4839886724948883,-0.5038499236106873,0.6993955373764038,0.12259708344936371,0.019978148862719536,0,0.7169685959815979,0.12200558930635452,0.401733934879303,0.5265331864356995,-0.482928991317749,0.4819626212120056,-0.5072025060653687,1
0.7188062071800232,0.12192103266716003,0.41118764877319336,0.5254919528961182,-0.4853796362876892,0.4842037260532379,-0.5037969946861267,0.6993955373764038,0.12259708344936371,0.019978148862719536,0,0.7170518040657043,0.12202054262161255,0.39943167567253113,0.5261474847793579,-0.48318052291870117,0.4822385907173157,-0.5071008205413818,1
0.7189586758613586,0.12193614989519119,0.40903639793395996,0.5251614451408386,-0.4855771064758301,0.4844253957271576,-0.5037383437156677,0.6993955373764038,0.12259708344936371,0.019978148862719536,0,0.7171242833137512,0.12203558534383774,0.3971308171749115,0.5257619023323059,-0.48343196511268616,0.48251408338546753,-0.5069990158081055,1
0.7191013097763062,0.12195086479187012,0.4068679213523865,0.5248241424560547,-0.4857807457447052,0.4846532940864563,-0.5036742687225342,0.6993955373764038,0.12259708344936371,0.019978148862719536,0,0.7171865105628967,0.1220504492521286,0.3948306739330292,0.5253760814666748,-0.4836834967136383,0.4827893376350403,-0.50689697265625,1
0.7192336320877075,0.12196590006351471,0.40468481183052063,0.5244812965393066,-0.48598983883857727,0.4848859906196594,-0.5036057829856873,0.6993955373764038,0.12259708344936371,0.019978148862719536,0,0.7172384262084961,0.12206482887268066,0.39253151416778564,0.5249900221824646,-0.4839349389076233,0.48306429386138916,-0.5067951083183289,1
0.7193557024002075,0.12198050320148468,0.40248844027519226,0.5241334438323975,-0.4862033724784851,0.4851233661174774,-0.503533124923706,0.6993955373764038,0.12259708344936371,0.019978148862719536,0,0.7172797918319702,0.12207932025194168,0.3902333676815033,0.524603545665741,-0.4841866195201874,0.4833391308784485,-0.5066928863525391,1
0.719467282295227,0.12199518829584122,0.4002804756164551,0.5237807631492615,-0.4864214360713959,0.4853648543357849,-0.5034568905830383,0.6993955373764038,0.12259708344936371,0.019978148862719536,0,0.7173107266426086,0.12209361791610718,0.38793665170669556,0.5242173075675964,-0.4844381809234619,0.4836132824420929,-0.5065904855728149,1
0.7195684313774109,0.12200970202684402,0.3980623483657837,0.5234241485595703,-0.4866432547569275,0.48560968041419983,-0.5033773183822632,0.6993955373764038,0.12259708344936371,0.019978148862719536,0,0.7173312902450562,0.12210746854543686,0.38564106822013855,0.5238307118415833,-0.4846895933151245,0.48388737440109253,-0.5064881443977356,1
0.7196588516235352,0.1220242902636528,0.3958354592323303,0.5230640172958374,-0.48686811327934265,0.4858575463294983,-0.5032949447631836,0.6993955373764038,0.12259708344936371,0.019978148862719536,0,0.7173412442207336,0.12212139368057251,0.38334712386131287,0.5234441757202148,-0.4849410951137543,0.4841611087322235,-0.5063856244087219,1
0.7197387218475342,0.12203870713710785,0.3936009407043457,0.5227006077766418,-0.4870961308479309,0.48610803484916687,-0.5032101273536682,0.6993955373764038,0.12259708344936371,0.019978148862719536,0,0.7173411846160889,0.12213513255119324,0.38105377554893494,0.5230571031570435,-0.4851928651332855,0.4844345450401306,-0.5062828660011292,1
0.7198076844215393,0.12205290794372559,0.39135974645614624,0.5223343968391418,-0.4873265326023102,0.4863607585430145,-0.503122866153717,0.6993955373764038,0.12259708344936371,0.019978148862719536,0,0.7173304557800293,0.12214842438697815,0.3787626028060913,0.5226700901985168,-0.48544397950172424,0.48470765352249146,-0.5061804056167603,1
0.7198659181594849,0.12206719815731049,0.38911259174346924,0.521965503692627,-0.4875594973564148,0.48661553859710693,-0.5030336976051331,0.6993955373764038,0.12259708344936371,0.019978148862719536,0,0.7173094749450684,0.12216178327798843,0.37647250294685364,0.5222829580307007,-0.48569539189338684,0.4849804937839508,-0.5060774683952332,1
0.7199135422706604,0.12208104133605957,0.3868606686592102,0.5215944051742554,-0.48779428005218506,0.48687201738357544,-0.5029429793357849,0.6993955373764038,0.12259708344936371,0.019978148862719536,0,0.7172781229019165,0.12217466533184052,0.37418413162231445,0.5218955874443054,-0.4859466254711151,0.48525285720825195,-0.5059746503829956,1
0.7199503183364868,0.12209494411945343,0.3846043348312378,0.5212212800979614,-0.48803088068962097,0.48713016510009766,-0.502850353717804,0.6993955373764038,0.12259708344936371,0.019978148862719536,0,0.7172363996505737,0.12218766659498215,0.37189704179763794,0.5215080976486206,-0.48619821667671204,0.485524982213974,-0.5058715343475342,1
0.7199763059616089,0.12210866808891296,0.3823445737361908,0.5208463072776794,-0.4882690906524658,0.4873894453048706,-0.5027563571929932,0.6993955373764038,0.12259708344936371,0.019978148862719536,0,0.71718430519104,0.12220045924186707,0.36961182951927185,0.5211206674575806,-0.4864494502544403,0.48579666018486023,-0.5057684779167175,1
0.7199914455413818,0.12212246656417847,0.38008156418800354,0.5204696655273438,-0.48850879073143005,0.4876498878002167,-0.5026609301567078,0.6993955373764038,0.12259708344936371,0.019978148862719536,0,0.7171218395233154,0.12221278995275497,0.3673282861709595,0.5207326412200928,-0.4867006838321686,0.4860683083534241,-0.5056653618812561,1
0.7199960947036743,0.12213580310344696,0.3778160810470581,0.5200914740562439,-0.48874977231025696,0.48791131377220154,-0.5025644898414612,0.6993955373764038,0.12259708344936371,0.019978148862719536,0,0.7170488238334656,0.12222520262002945,0.36504650115966797,0.5203448534011841,-0.4869519770145416,0.4863393306732178,-0.5055620670318604,1
0.7199898362159729,0.12214894592761993,0.37554895877838135,0.5197120904922485,-0.4889916479587555,0.48817339539527893,-0.502467155456543,0.6993955373764038,0.12259708344936371,0.019978148862719536,0,0.7169657945632935,0.122237429022789,0.3627661168575287,0.519956648349762,-0.4872033894062042,0.4866102635860443,-0.505458414554596,1
0.7199729681015015,0.12216214090585709,0.3732799291610718,0.5193313956260681,-0.48923459649086,0.4884362816810608,-0.502368688583374,0.6993955373764038,0.12259708344936371,0.019978148862719536,0,0.7168723344802856,0.12224919348955154,0.36048775911331177,0.5195684432983398,-0.4874545931816101,0.4868808686733246,-0.5053548216819763,1
0.7199452519416809,0.12217516452074051,0.3710097670555115,0.5189496874809265,-0.4894784390926361,0.4886997938156128,-0.5022695064544678,0.6993955373764038,0.12259708344936371,0.019978148862719536,0,0.7167686223983765,0.12226101756095886,0.35821133852005005,0.5191801190376282,-0.48770585656166077,0.48715102672576904,-0.5052511096000671,1
0.7199069261550903,0.12218799442052841,0.3687393367290497,0.5185671448707581,-0.48972275853157043,0.4889633059501648,-0.5021698474884033,0.6993955373764038,0.12259708344936371,0.019978148862719536,0,0.7166545391082764,0.12227267026901245,0.35593661665916443,0.5187914967536926,-0.4879571199417114,0.48742103576660156,-0.505147397518158,1
0.719857931137085,0.1222003623843193,0.36646798253059387,0.5181834697723389,-0.48996779322624207,0.4892274737358093,-0.5020695924758911,0.6993955373764038,0.12259708344936371,0.019978148862719536,0,0.7165303230285645,0.12228385359048843,0.35366398096084595,0.5184025764465332,-0.48820844292640686,0.4876907765865326,-0.5050434470176697,1
0.7197983860969543,0.12221281230449677,0.36419665813446045,0.5177993178367615,-0.4902133047580719,0.4894917607307434,-0.5019686818122864,0.6993955373764038,0.12259708344936371,0.019978148862719536,0,0.7163956165313721,0.12229512631893158,0.3513936698436737,0.5180139541625977,-0.4884595274925232,0.4879598319530487,-0.5049394965171814,1
0.7197279930114746,0.1222253143787384,0.3619256913661957,0.5174146294593811,-0.4904591739177704,0.4897560477256775,-0.5018672943115234,0.6993955373764038,0.12259708344936371,0.019978148862719536,0,0.7162508368492126,0.12230592966079712,0.34912532567977905,0.5176249146461487,-0.4887106716632843,0.4882289171218872,-0.5048354268074036,1
0.7196471691131592,0.12223737686872482,0.3596544861793518,0.5170290470123291,-0.4907057583332062,0.49002087116241455,-0.501765251159668,0.6993955373764038,0.12259708344936371,0.019978148862719536,0,0.7160956263542175,0.12231680750846863,0.3468591272830963,0.5172358751296997,-0.48896166682243347,0.48849746584892273,-0.5047313570976257,1
0.719555675983429,0.12224922329187393,0.35738405585289,0.5166428089141846,-0.49095267057418823,0.4902855157852173,-0.5016629099845886,0.6993955373764038,0.12259708344936371,0.019978148862719536,0,0.7159303426742554,0.12232746928930283,0.3445945978164673,0.5168462991714478,-0.4892130494117737,0.48876577615737915,-0.5046269297599792,1
0.7194538116455078,0.12226089835166931,0.3551144599914551,0.5162561535835266,-0.49119970202445984,0.4905501902103424,-0.501560389995575,0.6993955373764038,0.12259708344936371,0.019978148862719536,0,0.7157548666000366,0.1223376989364624,0.3423328399658203,0.5164568424224854,-0.48946404457092285,0.4890338182449341,-0.5045225620269775,1
0.7193413972854614,0.12227235734462738,0.3528459966182709,0.515869140625,-0.49144694209098816,0.4908149540424347,-0.5014573335647583,0.6993955373764038,0.12259708344936371,0.019978148862719536,0,0.7155691385269165,0.12234798818826675,0.34007295966148376,0.5160672664642334,-0.4897152781486511,0.4893015921115875,-0.5044177770614624,1
0.719218373298645,0.12228388339281082,0.3505783975124359,0.5154816508293152,-0.49169468879699707,0.4910794794559479,-0.5013539791107178,0.6993955373764038,0.12259708344936371,0.019978148862719536,0,0.715373158454895,0.12235809117555618,0.3378157913684845,0.5156777501106262,-0.4899662733078003,0.489568829536438,-0.5043131709098816,1
0.7190849781036377,0.12229496240615845,0.3483121395111084,0.5150936841964722,-0.4919426143169403,0.4913439452648163,-0.5012504458427429,0.6993955373764038,0.12259708344936371,0.019978148862719536,0,0.7151670455932617,0.1223677322268486,0.33556097745895386,0.5152875781059265,-0.4902172386646271,0.48983582854270935,-0.5042087435722351,1
0.7189410924911499,0.12230610102415085,0.3460473418235779,0.51470547914505,-0.49219074845314026,0.49160829186439514,-0.5011464357376099,0.6993955373764038,0.12259708344936371,0.019978148862719536,0,0.714950680732727,0.1223774179816246,0.3333085775375366,0.5148976445198059,-0.49046826362609863,0.49010252952575684,-0.5041037797927856,1
0.7187867760658264,0.12231679260730743,0.3437840938568115,0.5143168568611145,-0.49243882298469543,0.49187248945236206,-0.5010425448417664,0.6993955373764038,0.12259708344936371,0.019978148862719536,0,0.7147242426872253,0.12238693237304688,0.3310583829879761,0.5145074129104614,-0.4907194674015045,0.4903690218925476,-0.5039986968040466,1
0.718622088432312,0.1223272755742073,0.34152281284332275,0.5139278769493103,-0.492686927318573,0.49213653802871704,-0.5009382963180542,0.6993955373764038,0.12259708344936371,0.019978148862719536,0,0.7144877910614014,0.12239599227905273,0.32881084084510803,0.5141171216964722,-0.49097031354904175,0.4906351566314697,-0.5038936138153076,1
0.7184471487998962,0.12233784049749374,0.3392627537250519,0.5135387182235718,-0.4929354190826416,0.49240046739578247,-0.5008337497711182,0.6993955373764038,0.12259708344936371,0.019978148862719536,0,0.714241087436676,0.12240510433912277,0.3265659809112549,0.513726532459259,-0.49122148752212524,0.49090081453323364,-0.5037884712219238,1
0.7182615399360657,0.12234821170568466,0.33700525760650635,0.5131494998931885,-0.4931837022304535,0.49266377091407776,-0.5007292032241821,0.6993955373764038,0.12259708344936371,0.019978148862719536,0,0.7139841914176941,0.122413769364357,0.3243236839771271,0.5133357644081116,-0.4914722740650177,0.49116644263267517,-0.5036832690238953,1
0.7180659174919128,0.12235809117555618,0.3347495198249817,0.5127597451210022,-0.49343207478523254,0.49292710423469543,-0.5006244778633118,0.6993955373764038,0.12259708344936371,0.019978148862719536,0,0.7137172222137451,0.1224224641919136,0.3220842480659485,0.5129449963569641,-0.49172326922416687,0.4914315938949585,-0.5035778284072876,1
0.7178598046302795,0.12236806750297546,0.3324962258338928,0.512370228767395,-0.49368050694465637,0.4931899905204773,-0.5005196332931519,0.6993955373764038,0.12259708344936371,0.019978148862719536,0,0.7134402394294739,0.12243099510669708,0.3198474943637848,0.5125542283058167,-0.4919740855693817,0.49169623851776123,-0.5034723281860352,1
0.717643678188324,0.12237756699323654,0.33024439215660095,0.5119801163673401,-0.49392908811569214,0.49345284700393677,-0.5004145503044128,0.6993955373764038,0.12259708344936371,0.019978148862719536,0,0.7131533026695251,0.12243906408548355,0.3176133632659912,0.512162983417511,-0.4922250807285309,0.491960734128952,-0.5033668279647827,1
0.7174170613288879,0.12238714843988419,0.32799550890922546,0.5115899443626404,-0.4941774308681488,0.4937153160572052,-0.5003094673156738,0.6993955373764038,0.12259708344936371,0.019978148862719536,0,0.7128561735153198,0.1224471926689148,0.31538206338882446,0.5117716789245605,-0.49247607588768005,0.49222496151924133,-0.5032608509063721,1
0.7171803712844849,0.12239626049995422,0.3257489502429962,0.5111995339393616,-0.49442586302757263,0.49397727847099304,-0.5002043843269348,0.6993955373764038,0.12259708344936371,0.019978148862719536,0,0.7125489711761475,0.12245513498783112,0.3131536841392517,0.5113803744316101,-0.49272677302360535,0.4924888610839844,-0.5031551122665405,1
0.7169333696365356,0.12240544706583023,0.32350462675094604,0.5108090043067932,-0.49467432498931885,0.4942391812801361,-0.5000989437103271,0.6993955373764038,0.12259708344936371,0.019978148862719536,0,0.7122318744659424,0.12246258556842804,0.3109278976917267,0.510988712310791,-0.49297773838043213,0.4927525520324707,-0.5030490756034851,1
0.7166761159896851,0.12241442501544952,0.32126325368881226,0.5104184746742249,-0.4949226677417755,0.4945007264614105,-0.49999356269836426,0.6993955373764038,0.12259708344936371,0.019978148862719536,0,0.7119045853614807,0.12247012555599213,0.30870604515075684,0.5105970501899719,-0.4932285249233246,0.49301549792289734,-0.5029431581497192,1
0.7164089679718018,0.12242293357849121,0.3190242052078247,0.5100274682044983,-0.4951712489128113,0.4947618842124939,-0.4998881220817566,0.6993955373764038,0.12259708344936371,0.019978148862719536,0,0.7115674018859863,0.1224774643778801,0.3064861297607422,0.5102052092552185,-0.49347952008247375,0.49327853322029114,-0.5028368234634399,1
0.7161315679550171,0.12243153154850006,0.3167877197265625,0.5096364617347717,-0.49541962146759033,0.49502286314964294,-0.49978238344192505,0.6993955373764038,0.12259708344936371,0.019978148862719536,0,0.711220383644104,0.12248433381319046,0.3042697012424469,0.509813129901886,-0.4937302768230438,0.4935412108898163,-0.5027305483818054,1
0.7158440351486206,0.12243965268135071,0.3145545423030853,0.5092453956604004,-0.49566781520843506,0.495283305644989,-0.499676913022995,0.6993955373764038,0.12259708344936371,0.019978148862719536,0,0.7108632326126099,0.1224912628531456,0.3020566701889038,0.5094207525253296,-0.4939812123775482,0.49380356073379517,-0.5026240944862366,1
0.7155463695526123,0.12244784832000732,0.31232374906539917,0.50885409116745,-0.49591609835624695,0.49554336071014404,-0.49957117438316345,0.6993955373764038,0.12259708344936371,0.019978148862719536,0,0.7104963064193726,0.12249772250652313,0.29984670877456665,0.5090285539627075,-0.4942317306995392,0.49406540393829346,-0.502517819404602,1
0.7152385711669922,0.12245583534240723,0.31009602546691895,0.5084629058837891,-0.4961644113063812,0.4958030581474304,-0.4994651973247528,0.6993955373764038,0.12259708344936371,0.019978148862719536,0,0.7101194858551025,0.12250427901744843,0.2976398169994354,0.5086361169815063,-0.4944826364517212,0.4943271577358246,-0.5024110078811646,1
0.7149209976196289,0.12246362864971161,0.3078710436820984,0.5080714821815491,-0.49641260504722595,0.49606257677078247,-0.49935927987098694,0.6993955373764038,0.12259708344936371,0.019978148862719536,0,0.7097327709197998,0.12251061946153641,0.29543620347976685,0.5082436203956604,-0.4947333335876465,0.49458837509155273,-0.5023043155670166,1
0.7145931124687195,0.12247096002101898,0.3056492209434509,0.5076795816421509,-0.496660977602005,0.4963219165802002,-0.4992533326148987,0.6993955373764038,0.12259708344936371,0.019978148862719536,0,0.7093360424041748,0.12251647561788559,0.2932360768318176,0.5078507661819458,-0.4949837923049927,0.4948495030403137,-0.5021976232528687,1
0.7142552137374878,0.12247834354639053,0.3034304082393646,0.5072881579399109,-0.49690884351730347,0.4965806305408478,-0.49914729595184326,0.6993955373764038,0.12259708344936371,0.019978148862719536,0,0.7089294791221619,0.12252239882946014,0.29103946685791016,0.5074580907821655,-0.4952344596385956,0.4951099753379822,-0.5020908117294312,1
0.7139074206352234,0.12248554825782776,0.3012149930000305,0.5068963766098022,-0.49715685844421387,0.49683889746665955,-0.49904125928878784,0.6993955373764038,0.12259708344936371,0.019978148862719536,0,0.708513081073761,0.12252814322710037,0.2888459861278534,0.5070650577545166,-0.49548518657684326,0.4953702688217163,-0.501983642578125,1
0.7135497331619263,0.12249229103326797,0.29900261759757996,0.5065042972564697,-0.49740487337112427,0.49709707498550415,-0.49893513321876526,0.6993955373764038,0.12259708344936371,0.019978148862719536,0,0.7080868482589722,0.1225334107875824,0.28665608167648315,0.5066717863082886,-0.49573588371276855,0.4956304728984833,-0.5018764734268188,1
0.7131820321083069,0.12249908596277237,0.2967931628227234,0.5061123967170715,-0.49765270948410034,0.4973548650741577,-0.4988287091255188,0.6993955373764038,0.12259708344936371,0.019978148862719536,0,0.707650899887085,0.1225387305021286,0.28446951508522034,0.5062784552574158,-0.49598655104637146,0.49589022994041443,-0.5017690658569336,1
0.7128044962882996,0.12250568717718124,0.29458728432655334,0.5057201981544495,-0.49790066480636597,0.4976121187210083,-0.49872252345085144,0.6993955373764038,0.12259708344936371,0.019978148862719536,0,0.707205057144165,0.12254386395215988,0.2822866439819336,0.5058849453926086,-0.4962371587753296,0.49614953994750977,-0.5016618371009827,1
0.7124170660972595,0.12251180410385132,0.29238495230674744,0.5053279995918274,-0.49814826250076294,0.49786922335624695,-0.498616099357605,0.6993955373764038,0.12259708344936371,0.019978148862719536,0,0.7067495584487915,0.12254853546619415,0.28010714054107666,0.5054910778999329,-0.49648797512054443,0.4964089095592499,-0.5015541911125183,1
0.7120193839073181,0.12251802533864975,0.29018643498420715,0.5049360394477844,-0.49839574098587036,0.4981255531311035,-0.4985099732875824,0.6993955373764038,0.12259708344936371,0.019978148862719536,0,0.7062840461730957,0.1225532591342926,0.2779318690299988,0.5050974488258362,-0.49673840403556824,0.4966675341129303,-0.5014466047286987,1
0.7116122245788574,0.12252401560544968,0.28799059987068176,0.5045436024665833,-0.49864351749420166,0.4983818829059601,-0.4984033703804016,0.6993955373764038,0.12259708344936371,0.019978148862719536,0,0.7058091163635254,0.12255751341581345,0.2757602035999298,0.5047036409378052,-0.4969888925552368,0.49692609906196594,-0.5013389587402344,1
0.7111952304840088,0.12252955138683319,0.28579849004745483,0.504150927066803,-0.49889084696769714,0.4986377954483032,-0.4982970654964447,0.6993955373764038,0.12259708344936371,0.019978148862719536,0,0.7053242921829224,0.12256183475255966,0.2735922336578369,0.5043095946311951,-0.49723950028419495,0.49718400835990906,-0.5012312531471252,1
0.7107683420181274,0.12253513932228088,0.2836099863052368,0.5037583708763123,-0.4991384446620941,0.4988933205604553,-0.4981904923915863,0.6993955373764038,0.12259708344936371,0.019978148862719536,0,0.7048299908638,0.12256594747304916,0.27142781019210815,0.5039153099060059,-0.49748995900154114,0.49744197726249695,-0.5011232495307922,1
0.7103316783905029,0.12254028022289276,0.281424880027771,0.503365695476532,-0.4993857443332672,0.4991483986377716,-0.49808400869369507,0.6993955373764038,0.12259708344936371,0.019978148862719536,0,0.7043258547782898,0.12256960570812225,0.2692676782608032,0.5035209655761719,-0.4977402687072754,0.49769940972328186,-0.5010153651237488,1
0.7098851799964905,0.12254548072814941,0.2792438864707947,0.5029730796813965,-0.4996330440044403,0.4994032084941864,-0.49797722697257996,0.6993955373764038,0.12259708344936371,0.019978148862719536,0,0.7038122415542603,0.12257333099842072,0.26711106300354004,0.5031266212463379,-0.4979908764362335,0.49795639514923096,-0.500907301902771,1
0.7094290256500244,0.12255048006772995,0.2770664691925049,0.5025803446769714,-0.49988019466400146,0.49965742230415344,-0.49787062406539917,0.6993955373764038,0.12259708344936371,0.019978148862719536,0,0.7032887935638428,0.12257684022188187,0.26495862007141113,0.5027320384979248,-0.4982413649559021,0.4982132613658905,-0.5007989406585693,1
0.7089630365371704,0.12255526334047318,0.2748926281929016,0.5021873712539673,-0.5001274943351746,0.49991151690483093,-0.4977637529373169,0.6993955373764038,0.12259708344936371,0.019978148862719536,0,0.7027559280395508,0.12257988005876541,0.26281023025512695,0.5023372173309326,-0.49849164485931396,0.49846982955932617,-0.5006905794143677,1
0.7084875106811523,0.12255959957838058,0.27272284030914307,0.5017945170402527,-0.5003743767738342,0.5001650452613831,-0.4976571500301361,0.6993955373764038,0.12259708344936371,0.019978148862719536,0,0.7022134065628052,0.12258298695087433,0.26066580414772034,0.5019423961639404,-0.4987419843673706,0.4987260103225708,-0.500582218170166,1
0.7080021500587463,0.12256400287151337,0.27055680751800537,0.5014012455940247,-0.5006216764450073,0.5004183650016785,-0.49755018949508667,0.6993955373764038,0.12259708344936371,0.019978148862719536,0,0.7016612887382507,0.12258588522672653,0.2585252821445465,0.5015473365783691,-0.4989924728870392,0.4989819824695587,-0.5004734992980957,1
0.7075071334838867,0.12256819754838943,0.2683948278427124,0.501008152961731,-0.5008683800697327,0.50067138671875,-0.4974432587623596,0.6993955373764038,0.12259708344936371,0.019978148862719536,0,0.7010996341705322,0.12258832156658173,0.2563892602920532,0.5011521577835083,-0.49924272298812866,0.4992375373840332,-0.5003648996353149,1
0.707002580165863,0.1225719153881073,0.26623666286468506,0.5006148219108582,-0.5011152625083923,0.5009239912033081,-0.49733635783195496,0.6993955373764038,0.12259708344936371,0.019978148862719536,0,0.7005285620689392,0.1225908100605011,0.2542572617530823,0.5007567405700684,-0.499493271112442,0.4994927644729614,-0.5002560615539551,1
0.706488311290741,0.12257570773363113,0.2640831470489502,0.5002217292785645,-0.5013618469238281,0.5011759400367737,-0.4972294569015503,0.6993955373764038,0.12259708344936371,0.019978148862719536,0,0.6999479532241821,0.12259282171726227,0.2521294951438904,0.5003612041473389,-0.4997434914112091,0.49974775314331055,-0.5001472234725952,1
0.7059645652770996,0.12257930636405945,0.2619328498840332,0.49982836842536926,-0.501608669757843,0.5014277100563049,-0.4971224069595337,0.6993955373764038,0.12259708344936371,0.019978148862719536,0,0.699357807636261,0.1225949227809906,0.25000640749931335,0.49996575713157654,-0.49999353289604187,0.5000024437904358,-0.5000381469726562,1
0.705431342124939,0.12258242815732956,0.2597867548465729,0.49943482875823975,-0.501855194568634,0.5016791224479675,-0.4970153570175171,0.6993955373764038,0.12259708344936371,0.019978148862719536,1,0.705431342124939,0.12258242815732956,0.2597867548465729,0.49943482875823975,-0.501855194568634,0.5016791224479675,-0.4970153570175171,0
0.7053447961807251,0.12260860204696655,0.25814223289489746,0.49884140491485596,-0.5024606585502625,0.5022307634353638,-0.4964420795440674,0.6993955373764038,0.12259708344936371,0.019978148862719536,1,0.705431342124939,0.12258242815732956,0.2597867548465729,0.49943482875823975,-0.501855194568634,0.5016791224479675,-0.4970153570175171,0
0.7054475545883179,0.12261983752250671,0.25700387358665466,0.4983416795730591,-0.5029610991477966,0.5027094483375549,-0.4959525465965271,0.6993955373764038,0.12259708344936371,0.019978148862719536,1,0.705431342124939,0.12258242815732956,0.2597867548465729,0.49943482875823975,-0.501855194568634,0.5016791224479675,-0.4970153570175171,0
0.7055438756942749,0.12261584401130676,0.2561100423336029,0.4979516863822937,-0.5033416152000427,0.5030830502510071,-0.49557915329933167,0.6993955373764038,0.12259708344936371,0.019978148862719536,1,0.705431342124939,0.12258242815732956,0.2597867548465729,0.49943482875823975,-0.501855194568634,0.5016791224479675,-0.4970153570175171,0
0.7056270837783813,0.1226092204451561,0.25536975264549255,0.49762919545173645,-0.5036534070968628,0.5033916234970093,-0.4952729642391205,0.6993955373764038,0.12259708344936371,0.019978148862719536,1,0.705431342124939,0.12258242815732956,0.2597867548465729,0.49943482875823975,-0.501855194568634,0.5016791224479675,-0.4970153570175171,0
0.7056993842124939,0.1226029023528099,0.2547374665737152,0.4973543584346771,-0.5039184093475342,0.5036542415618896,-0.4950123131275177,0.6993955373764038,0.12259708344936371,0.019978148862719536,1,0.705431342124939,0.12258242815732956,0.2597867548465729,0.49943482875823975,-0.501855194568634,0.5016791224479675,-0.4970153570175171,0
0.705763041973114,0.12259826809167862,0.2541874647140503,0.49711596965789795,-0.5041486024856567,0.5038818717002869,-0.49478578567504883,0.6993955373764038,0.12259708344936371,0.019978148862719536,1,0.705431342124939,0.12258242815732956,0.2597867548465729,0.49943482875823975,-0.501855194568634,0.5016791224479675,-0.4970153570175171,0
0.705819845199585,0.122590072453022,0.2537076473236084,0.49690482020378113,-0.5043495297431946,0.5040790438652039,-0.49459201097488403,0.6993647813796997,0.12312879413366318,0.020297057926654816,1,0.705431342124939,0.12258242815732956,0.2597867548465729,0.49943482875823975,-0.501855194568634,0.5016791224479675,-0.4970153570175171,0
0.7058700323104858,0.12258439511060715,0.2532837390899658,0.49672073125839233,-0.5045254230499268,0.5042542815208435,-0.4944188892841339,0.6992511749267578,0.12345908582210541,0.020254941657185555,1,0.7058700323104858,0.12258439511060715,0.2532837390899658,0.49672073125839233,-0.5045254230499268,0.5042542815208435,-0.4944188892841339,0
0.705931544303894,0.122592993080616,0.2526153326034546,0.49645301699638367,-0.5047928094863892,0.5045090913772583,-0.49415484070777893,0.6990966200828552,0.12335001677274704,0.01975284144282341,1,0.7089754343032837,0.12251101434230804,0.26084285974502563,0.5012264251708984,-0.5015111565589905,0.5012068748474121,-0.4960344135761261,0
0.7062817215919495,0.12261797487735748,0.2522343099117279,0.49640265107154846,-0.5050007104873657,0.504668116569519,-0.4938306212425232,0.6992260813713074,0.12322817742824554,0.019607335329055786,1,0.7119497060775757,0.12243378907442093,0.2684558629989624,0.5057117938995361,-0.4984917640686035,0.4981186091899872,-0.49763378500938416,0
0.7069183588027954,0.12263274937868118,0.25241291522979736,0.49669843912124634,-0.5049914717674255,0.5046092867851257,-0.49360284209251404,0.6997565031051636,0.12313734740018845,0.01981470175087452,1,0.7147918939590454,0.12235327064990997,0.2761205732822418,0.5101763606071472,-0.4954677224159241,0.4949890971183777,-0.4992169737815857,0
0.707809567451477,0.12263110280036926,0.2532333731651306,0.4973706007003784,-0.504718542098999,0.5042935013771057,-0.4935278594493866,0.7008126974105835,0.12310443818569183,0.02049359865486622,1,0.7175005674362183,0.12226928770542145,0.2838345766067505,0.5146199464797974,-0.4924388527870178,0.49181899428367615,-0.5007836222648621,0
0.7089225053787231,0.12261577695608139,0.2547012269496918,0.49841347336769104,-0.5041773915290833,0.5037158131599426,-0.4936186373233795,0.7024343013763428,0.12314748764038086,0.021688882261514664,1,0.7200756072998047,0.12218157947063446,0.2915955185890198,0.5190422534942627,-0.4894053041934967,0.4886082112789154,-0.5023341774940491,0
0.7102247476577759,0.12258977442979813,0.25678735971450806,0.4998043179512024,-0.5033820867538452,0.5028858184814453,-0.49387022852897644,0.7045028805732727,0.12326139211654663,0.02347276359796524,1,0.7225155830383301,0.12209080159664154,0.2994012236595154,0.5234425067901611,-0.48636749386787415,0.4853568375110626,-0.5038683414459229,0
0.7116865515708923,0.12255562841892242,0.25944754481315613,0.5015130043029785,-0.5023528933525085,0.5018197298049927,-0.49427035450935364,0.7069559693336487,0.12343645095825195,0.025823701173067093,1,0.7248200178146362,0.12199641764163971,0.30724895000457764,0.5278207659721375,-0.4833250343799591,0.4820651412010193,-0.5053862929344177,0
0.7132802605628967,0.12251485884189606,0.262633740901947,0.5035089254379272,-0.5011110305786133,0.500535249710083,-0.4948039948940277,0.7097450494766235,0.12366341054439545,0.02870197221636772,1,0.7269880771636963,0.1218990907073021,0.3151368498802185,0.5321765542030334,-0.48027852177619934,0.47873300313949585,-0.5068877935409546,0
0.7149800062179565,0.12246794998645782,0.2662983536720276,0.505760908126831,-0.4996781349182129,0.4990502893924713,-0.495455801486969,0.7128249406814575,0.12393531203269958,0.032066453248262405,1,0.729019045829773,0.1217983141541481,0.3230620324611664,0.53650963306427,-0.4772276282310486,0.4753609299659729,-0.5083729028701782,0
0.7167618274688721,0.12241572886705399,0.27039647102355957,0.5082408785820007,-0.4980737864971161,0.4973815381526947,-0.4962109625339508,0.7161532640457153,0.12425392121076584,0.035879384726285934,1,0.7309123277664185,0.12169468402862549,0.33102238178253174,0.5408195853233337,-0.47417277097702026,0.4719488024711609,-0.5098417401313782,0
0.7186031341552734,0.12235825508832932,0.2748880684375763,0.5109224915504456,-0.49631592631340027,0.49554362893104553,-0.49705639481544495,0.7196909785270691,0.1245979443192482,0.040104154497385025,1,0.732667088508606,0.12158772349357605,0.3390151262283325,0.5451058745384216,-0.47111403942108154,0.4684968888759613,-0.5112941861152649,0
0.7204834222793579,0.12229613214731216,0.27973639965057373,0.5137823224067688,-0.49442073702812195,0.4935504198074341,-0.4979795813560486,0.7234021425247192,0.12497082352638245,0.044709015637636185,1,0.734282910823822,0.12147808820009232,0.3470381200313568,0.5493683815002441,-0.4680514633655548,0.46500536799430847,-0.5127300024032593,0
0.722383975982666,0.12222899496555328,0.2849084138870239,0.5167988538742065,-0.4924022853374481,0.4914136528968811,-0.49897029995918274,0.7272536754608154,0.12537547945976257,0.049665387719869614,1,0.7357593774795532,0.1213655099272728,0.35508888959884644,0.5536065697669983,-0.46498534083366394,0.46147429943084717,-0.5141496062278748,0
0.7242874503135681,0.12215731292963028,0.29037410020828247,0.5199528336524963,-0.4902738928794861,0.4891442060470581,-0.5000184178352356,0.7312158346176147,0.12580250203609467,0.05494708567857742,1,0.7370957136154175,0.12124983221292496,0.36316514015197754,0.5578202605247498,-0.46191543340682983,0.45790401101112366,-0.5155527591705322,0
0.7261778712272644,0.12208129465579987,0.2961066961288452,0.5232272148132324,-0.4880467653274536,0.4867514967918396,-0.5011153221130371,0.7352614402770996,0.12624108791351318,0.060529474169015884,1,0.7382915616035461,0.12113164365291595,0.37126436829566956,0.5620092749595642,-0.4588419198989868,0.4542942941188812,-0.5169393420219421,0
0.7280411720275879,0.12200094014406204,0.30208131670951843,0.5266063213348389,-0.48573148250579834,0.48424431681632996,-0.5022529363632202,0.739365816116333,0.1266942322254181,0.06639057397842407,1,0.7393466234207153,0.12101048976182938,0.37938398122787476,0.5661726593971252,-0.4557651877403259,0.4506456255912781,-0.5183097124099731,0
0.7298645973205566,0.12191630154848099,0.30827754735946655,0.5300766825675964,-0.4833363890647888,0.48162978887557983,-0.5034255981445312,0.7435066103935242,0.12716108560562134,0.07251068204641342,1,0.7402604818344116,0.12088700383901596,0.38752108812332153,0.5703107714653015,-0.45268529653549194,0.44695836305618286,-0.5196632146835327,0
0.7316361665725708,0.12182769924402237,0.3146738111972809,0.5336255431175232,-0.4808705747127533,0.47891485691070557,-0.5046263933181763,0.7476634383201599,0.12764568626880646,0.07887208461761475,1,0.7410328388214111,0.12076068669557571,0.39567387104034424,0.5744226574897766,-0.4496021866798401,0.4432322084903717,-0.5210005044937134,0
0.7333455085754395,0.12173527479171753,0.3212532103061676,0.5372422337532043,-0.47834038734436035,0.4761054813861847,-0.5058505535125732,0.751785397529602,0.1281716227531433,0.08547456562519073,1,0.7416634559631348,0.12063214927911758,0.40383970737457275,0.5785084962844849,-0.446516215801239,0.43946757912635803,-0.5223212242126465,0
0.7349832653999329,0.12163913249969482,0.3279987573623657,0.5409163236618042,-0.47575297951698303,0.4732072055339813,-0.5070931315422058,0.7559241652488708,0.1286565363407135,0.09227272123098373,1,0.7421519756317139,0.12050092965364456,0.41201579570770264,0.582567572593689,-0.443427175283432,0.4356648325920105,-0.523625373840332,0
0.7365407943725586,0.12153944373130798,0.33489537239074707,0.5446394085884094,-0.4731137454509735,0.47022491693496704,-0.5083499550819397,0.7600319981575012,0.12914806604385376,0.09926385432481766,1,0.7424981594085693,0.12036768347024918,0.42020007967948914,0.5866000056266785,-0.4403352439403534,0.4318234920501709,-0.5249130725860596,0
0.7380106449127197,0.12143609672784805,0.34192901849746704,0.5484027862548828,-0.4704282879829407,0.4671633243560791,-0.5096173286437988,0.7640919089317322,0.12964825332164764,0.10643501579761505,1,0.7427019476890564,0.12023191899061203,0.4283900558948517,0.5906047224998474,-0.4372406005859375,0.42794445157051086,-0.5261844396591187,0
0.739386260509491,0.12132928520441055,0.34908756613731384,0.5521999597549438,-0.4677007496356964,0.4640257954597473,-0.5108925104141235,0.7680920958518982,0.13015510141849518,0.11377432942390442,1,0.7427635192871094,0.12009424716234207,0.43658238649368286,0.5945819020271301,-0.4341437518596649,0.4240278899669647,-0.5274388790130615,0
0.7406614422798157,0.12121928483247757,0.3563588857650757,0.5560240149497986,-0.4649356007575989,0.4608166515827179,-0.5121719837188721,0.7720198631286621,0.1306685209274292,0.12126930803060532,1,0.7426823973655701,0.11995448917150497,0.4447755217552185,0.598531186580658,-0.43104445934295654,0.4200735092163086,-0.5286769866943359,0
0.7418306469917297,0.12110600620508194,0.3637330234050751,0.5598693490028381,-0.4621362090110779,0.4575383961200714,-0.5134539604187012,0.7758522629737854,0.1312127262353897,0.12891821563243866,1,0.7424587607383728,0.11981245875358582,0.4529665410518646,0.6024520397186279,-0.42794257402420044,0.41608187556266785,-0.529898464679718,0
0.7428894639015198,0.12098971009254456,0.37119925022125244,0.563730776309967,-0.459306001663208,0.4541945159435272,-0.5147356390953064,0.7796081304550171,0.13172928988933563,0.13670402765274048,1,0.7420925498008728,0.11966875940561295,0.4611528217792511,0.60634446144104,-0.4248385727405548,0.41205307841300964,-0.5311033725738525,0
0.7438333630561829,0.1208706870675087,0.37874871492385864,0.5676037073135376,-0.45644840598106384,0.45078742504119873,-0.5160149931907654,0.7832762598991394,0.1322374939918518,0.14461645483970642,1,0.7415842413902283,0.11952294409275055,0.4693324565887451,0.6102077960968018,-0.4217322766780853,0.407987117767334,-0.5322920680046082,0
0.7446588277816772,0.1207483634352684,0.3863726556301117,0.5714832544326782,-0.4535655975341797,0.44731977581977844,-0.5172911882400513,0.7868415713310242,0.13274885714054108,0.152647003531456,1,0.7409332990646362,0.11937563866376877,0.4775022566318512,0.6140418648719788,-0.4186241924762726,0.40388453006744385,-0.5334638357162476,0
0.7453626394271851,0.12062358856201172,0.3940635323524475,0.5753665566444397,-0.45065993070602417,0.4437934160232544,-0.5185617804527283,0.790293276309967,0.13328206539154053,0.1607990562915802,1,0.740140438079834,0.1192263588309288,0.48566001653671265,0.6178462505340576,-0.4155140519142151,0.39974552392959595,-0.5346190333366394,0
0.7459415793418884,0.12049610912799835,0.4018137753009796,0.5792496800422668,-0.44773373007774353,0.4402106702327728,-0.5198256373405457,0.7936305999755859,0.13379983603954315,0.16904552280902863,1,0.739205539226532,0.11907574534416199,0.49380356073379517,0.6216207146644592,-0.4124022126197815,0.39556989073753357,-0.5357578992843628,0
0.7463931441307068,0.12036594748497009,0.40961647033691406,0.5831294655799866,-0.44478875398635864,0.4365735352039337,-0.5210820436477661,0.796848714351654,0.13431169092655182,0.17738261818885803,1,0.7381291389465332,0.1189233586192131,0.5019296407699585,0.6253646612167358,-0.40928900241851807,0.3913586735725403,-0.5368797183036804,0
0.7467154264450073,0.12023342400789261,0.41746553778648376,0.5870032906532288,-0.4418269693851471,0.43288299441337585,-0.5223297476768494,0.7999434471130371,0.134822279214859,0.18581083416938782,1,0.7369112968444824,0.1187698021531105,0.5100364089012146,0.6290783882141113,-0.4061739444732666,0.3871110677719116,-0.5379852056503296,0
0.746906042098999,0.1200983077287674,0.425354540348053,0.5908684134483337,-0.4388497471809387,0.4291412830352783,-0.5235676765441895,0.8029096126556396,0.13533326983451843,0.19432218372821808,1,0.7355524897575378,0.11861488968133926,0.5181211829185486,0.6327610015869141,-0.40305766463279724,0.38282787799835205,-0.5390740633010864,0
0.7469635605812073,0.1199611946940422,0.43327775597572327,0.594723105430603,-0.43585827946662903,0.4253491163253784,-0.5247951745986938,0.8057441115379333,0.1358448565006256,0.2029099464416504,1,0.7340530157089233,0.11845840513706207,0.5261815190315247,0.636412501335144,-0.39993971586227417,0.37850919365882874,-0.5401464104652405,0
0.7468866109848022,0.11982157826423645,0.4412299692630768,0.598564624786377,-0.4328542947769165,0.42150822281837463,-0.5260116457939148,0.8084250092506409,0.1363978087902069,0.21155890822410583,1,0.732306182384491,0.11829118430614471,0.534716010093689,0.6402576565742493,-0.3966258466243744,0.37388187646865845,-0.5412672758102417,0
0.7466790080070496,0.11968015879392624,0.44923219084739685,0.6024060249328613,-0.42983171343803406,0.41760754585266113,-0.5272148847579956,0.8109949231147766,0.1368963122367859,0.22031939029693604,1,0.730401873588562,0.11812244355678558,0.5432169437408447,0.6440665125846863,-0.39331069588661194,0.36921530961990356,-0.5423697233200073,0
0.7463340759277344,0.11953581124544144,0.4572916030883789,0.6062500476837158,-0.42678388953208923,0.4136407971382141,-0.5284103751182556,0.8134405016899109,0.13739538192749023,0.22918212413787842,1,0.7283403873443604,0.11795256286859512,0.5516820549964905,0.647839367389679,-0.38999420404434204,0.36450910568237305,-0.5434533953666687,0
0.745846688747406,0.11938822269439697,0.4654051661491394,0.6100943684577942,-0.4237110912799835,0.40960803627967834,-0.5295988321304321,0.815753698348999,0.13789859414100647,0.23814360797405243,1,0.7261224389076233,0.11778192967176437,0.5601075887680054,0.6515753865242004,-0.3866771161556244,0.35976412892341614,-0.5445181131362915,0
0.7452126145362854,0.11923771351575851,0.47356778383255005,0.6139367818832397,-0.4206139147281647,0.4055095613002777,-0.530780017375946,0.817929208278656,0.1384059637784958,0.24719791114330292,1,0.723749041557312,0.11761007457971573,0.5684909820556641,0.6552740335464478,-0.3833591639995575,0.35498085618019104,-0.5455641746520996,0
0.7444296479225159,0.11908464133739471,0.48177292943000793,0.6177740097045898,-0.4174938201904297,0.4013468325138092,-0.5319538116455078,0.8199619054794312,0.1389164924621582,0.2563382685184479,1,0.7212206125259399,0.11743766069412231,0.5768294334411621,0.6589354276657104,-0.3800404965877533,0.35015881061553955,-0.5465912818908691,0
0.7434950470924377,0.11892904341220856,0.4900129735469818,0.6216033697128296,-0.4143526256084442,0.39712223410606384,-0.5331182479858398,0.8218464255332947,0.13942702114582062,0.2655594050884247,1,0.7185385823249817,0.1172642633318901,0.5851197242736816,0.6625587344169617,-0.37672141194343567,0.34529897570610046,-0.547599732875824,0
0.7424076795578003,0.1187712699174881,0.4982805848121643,0.6254215836524963,-0.41119229793548584,0.39283686876296997,-0.5342731475830078,0.8235787749290466,0.13993704319000244,0.2748538851737976,1,0.7157030701637268,0.11709048599004745,0.5933594703674316,0.6661441326141357,-0.37340161204338074,0.34040096402168274,-0.5485894083976746,0
0.7411661148071289,0.1186114028096199,0.5065687298774719,0.6292262673377991,-0.40801453590393066,0.38849303126335144,-0.5354172587394714,0.8251556158065796,0.140446275472641,0.2842140793800354,1,0.7127158045768738,0.11691591143608093,0.6015452742576599,0.6696904897689819,-0.3700816035270691,0.3354659080505371,-0.5495604276657104,0
0.7397692799568176,0.11844977736473083,0.5148704051971436,0.6330146193504333,-0.40482085943222046,0.38409239053726196,-0.5365495681762695,0.8265738487243652,0.14095452427864075,0.2936325967311859,1,0.7095770835876465,0.11674118041992188,0.6096747517585754,0.6731981039047241,-0.36676162481307983,0.33049333095550537,-0.5505126714706421,0
0.7382170557975769,0.11828622967004776,0.5231791138648987,0.6367843151092529,-0.4016129970550537,0.3796369135379791,-0.5376695990562439,0.8278307914733887,0.14146173000335693,0.30310243368148804,1,0.7062883973121643,0.11656585335731506,0.6177452802658081,0.6766665577888489,-0.3634412884712219,0.3254838287830353,-0.551446259021759,0
0.7365082502365112,0.11812110990285873,0.5314885973930359,0.6405332684516907,-0.3983921706676483,0.37512773275375366,-0.5387763381004333,0.8289241790771484,0.14196768403053284,0.31261682510375977,1,0.7028508186340332,0.11639057099819183,0.6257534027099609,0.6800951361656189,-0.36012133955955505,0.3204381465911865,-0.5523608326911926,0
0.7346431612968445,0.117954783141613,0.5397928357124329,0.6442595720291138,-0.39515963196754456,0.3705666661262512,-0.5398692488670349,0.8298521041870117,0.14247232675552368,0.32216939330101013,1,0.6992655992507935,0.11621489375829697,0.6336966156959534,0.6834837198257446,-0.3568016588687897,0.31535613536834717,-0.5532565712928772,0
0.732621431350708,0.11778681725263596,0.5480868220329285,0.6479613780975342,-0.39191654324531555,0.3659546673297882,-0.5409478545188904,0.83061283826828,0.14297567307949066,0.33175402879714966,1,0.6955337524414062,0.1160394623875618,0.6415723562240601,0.6868321299552917,-0.35348227620124817,0.310237854719162,-0.5541337132453918,0
0.7304434776306152,0.11761783063411713,0.5563640594482422,0.6516370177268982,-0.3886643350124359,0.36129358410835266,-0.5420112013816833,0.8312049508094788,0.14347758889198303,0.34136486053466797,1,0.691656768321991,0.11586382985115051,0.6493774652481079,0.6901395320892334,-0.3501634895801544,0.3050846755504608,-0.5549920797348022,0
0.7281091809272766,0.11744764447212219,0.5646204352378845,0.6552849411964417,-0.3854031562805176,0.3565840721130371,-0.5430595278739929,0.831627368927002,0.1439780294895172,0.3509962260723114,1,0.6876357197761536,0.11568839102983475,0.6571099162101746,0.6934061646461487,-0.34684520959854126,0.29989561438560486,-0.5558317303657532,0
0.7256192564964294,0.1172766238451004,0.5728502869606018,0.6589037775993347,-0.3821347653865814,0.3518275022506714,-0.5440919995307922,0.8318791389465332,0.1444770097732544,0.36064282059669495,1,0.6837208867073059,0.11552371829748154,0.6643182039260864,0.6964426040649414,-0.34372296929359436,0.29497984051704407,-0.55660480260849,0
0.7229770421981812,0.11710493266582489,0.5810248255729675,0.6624794006347656,-0.37886613607406616,0.3470394015312195,-0.5451101064682007,0.8319558501243591,0.14497146010398865,0.37027087807655334,1,0.6796813011169434,0.11535938084125519,0.6714572310447693,0.6994423270225525,-0.3406013250350952,0.29003360867500305,-0.5573611855506897,0
0.7201911807060242,0.11693380028009415,0.5891299843788147,0.6660076975822449,-0.37560492753982544,0.3422272205352783,-0.546109139919281,0.8318600654602051,0.14546217024326324,0.37986305356025696,1,0.6755171418190002,0.11519518494606018,0.678525447845459,0.7024049758911133,-0.3374802768230438,0.28505653142929077,-0.558101236820221,0
0.7172674536705017,0.1167636513710022,0.5971584320068359,0.669487476348877,-0.3723538815975189,0.3373944163322449,-0.547086775302887,0.831595242023468,0.1459495574235916,0.3894110918045044,1,0.6712309718132019,0.11503174155950546,0.6855192184448242,0.7053296566009521,-0.3343609571456909,0.2800498604774475,-0.5588244795799255,0
0.7142088413238525,0.11659376323223114,0.605108380317688,0.6729189157485962,-0.3691132664680481,0.33254143595695496,-0.548043429851532,0.8311643600463867,0.1464337855577469,0.39891088008880615,1,0.6668233275413513,0.11486858874559402,0.6924374103546143,0.708216667175293,-0.33124247193336487,0.275013267993927,-0.5595312714576721,0
0.7110181450843811,0.11642450094223022,0.612977921962738,0.676302969455719,-0.36588290333747864,0.3276686370372772,-0.548978328704834,0.830569863319397,0.14691491425037384,0.4083605408668518,1,0.6622958779335022,0.11470634490251541,0.6992777585983276,0.7110656499862671,-0.3281252682209015,0.2699471712112427,-0.560221254825592,0
0.7076970934867859,0.11625568568706512,0.6207666397094727,0.6796401143074036,-0.3626624345779419,0.3227754831314087,-0.5498919486999512,0.8298138380050659,0.14739304780960083,0.4177591800689697,1,0.6576497554779053,0.11454456299543381,0.7060379981994629,0.7138762474060059,-0.32500940561294556,0.2648518681526184,-0.5608949065208435,0
0.7042468190193176,0.11608712375164032,0.6284749507904053,0.682931125164032,-0.3594507575035095,0.31786108016967773,-0.5507853031158447,0.8288981318473816,0.1478683352470398,0.42710646986961365,1,0.6528863310813904,0.11438380181789398,0.7127163410186768,0.7166483402252197,-0.3218947947025299,0.2597273886203766,-0.5615519285202026,0
0.7006686925888062,0.11591890454292297,0.6361022591590881,0.6861769556999207,-0.35624730587005615,0.31292521953582764,-0.5516580939292908,0.8278244137763977,0.14834097027778625,0.43640217185020447,1,0.6480075716972351,0.11422369629144669,0.7193104028701782,0.7193814516067505,-0.31878188252449036,0.25457456707954407,-0.5621923804283142,0
0.6969639658927917,0.11575140804052353,0.6436484456062317,0.6893783211708069,-0.3530515730381012,0.30796658992767334,-0.5525110960006714,0.8265941143035889,0.14881111681461334,0.4456459581851959,1,0.6430140733718872,0.1140647754073143,0.7258186340332031,0.7220755815505981,-0.3156704306602478,0.24939298629760742,-0.5628162622451782,0
0.693132758140564,0.11558409780263901,0.651114284992218,0.6925359964370728,-0.34986212849617004,0.3029845654964447,-0.5533449649810791,0.8252086639404297,0.14927899837493896,0.45483747124671936,1,0.6379079818725586,0.11390664428472519,0.7322388291358948,0.7247300744056702,-0.3125608265399933,0.24418345093727112,-0.563423752784729,0
0.6891769170761108,0.11541739106178284,0.6584982872009277,0.6956502795219421,-0.34667906165122986,0.2979786694049835,-0.5541597604751587,0.8236693143844604,0.14974477887153625,0.4639761745929718,1,0.632690966129303,0.11374984681606293,0.7385686039924622,0.7273450493812561,-0.30945321917533875,0.238946333527565,-0.5640144944190979,0
0.6850965619087219,0.11525104939937592,0.6658008098602295,0.698721706867218,-0.3435010015964508,0.2929481863975525,-0.5549560189247131,0.8219772577285767,0.15020865201950073,0.47306135296821594,1,0.6273642778396606,0.11359421908855438,0.7448063492774963,0.7299202084541321,-0.30634763836860657,0.2336818277835846,-0.564588725566864,0
0.6808935403823853,0.11508543789386749,0.6730206608772278,0.7017508149147034,-0.34032806754112244,0.28789278864860535,-0.5557339191436768,0.8201337456703186,0.15067081153392792,0.4820921719074249,1,0.6219300031661987,0.11343959718942642,0.7509501576423645,0.732454776763916,-0.3032441735267639,0.22839009761810303,-0.5651467442512512,0
0.6765683889389038,0.11492064595222473,0.6801570057868958,0.704737663269043,-0.3371599614620209,0.28281208872795105,-0.5564936399459839,0.818139910697937,0.15113139152526855,0.4910676181316376,1,0.6163892149925232,0.11328653991222382,0.7569981813430786,0.7349493503570557,-0.30014288425445557,0.22307154536247253,-0.5656878352165222,0
0.6721221804618835,0.11475644260644913,0.6872090697288513,0.7076826691627502,-0.33399564027786255,0.27770546078681946,-0.5572357773780823,0.8159969449043274,0.15159060060977936,0.4999864399433136,1,0.6107438206672668,0.11313463002443314,0.7629488706588745,0.7374030947685242,-0.2970435917377472,0.21772624552249908,-0.5662127733230591,0
0.6675561666488647,0.11459321528673172,0.6941756010055542,0.71058589220047,-0.33083540201187134,0.2725731134414673,-0.5579600930213928,0.8137059211730957,0.15204855799674988,0.5088474154472351,1,0.604995608329773,0.11298440396785736,0.7687996625900269,0.7398158311843872,-0.29394716024398804,0.21235503256320953,-0.5667210817337036,0
0.6628713607788086,0.114430733025074,0.7010560035705566,0.7134477496147156,-0.32767850160598755,0.26741427183151245,-0.5586669445037842,0.8112680315971375,0.15250539779663086,0.5176490545272827,1,0.5987774133682251,0.11282623559236526,0.774905264377594,0.7423343062400818,-0.29065966606140137,0.20661967992782593,-0.5672431588172913,0
0.6580573916435242,0.11426853388547897,0.7078686356544495,0.7162787318229675,-0.3245178461074829,0.2622120976448059,-0.5593547224998474,0.8086788058280945,0.15296384692192078,0.5264155864715576,1,0.5924472808837891,0.11267011612653732,0.7808945775032043,0.7448062300682068,-0.28737518191337585,0.2008552849292755,-0.5677466988563538,0
0.6531060934066772,0.11410586535930634,0.7146202325820923,0.7190812826156616,-0.3213467299938202,0.2569599151611328,-0.5600265860557556,0.8059337139129639,0.15342341363430023,0.5351567268371582,1,0.5860074162483215,0.1125156506896019,0.7867650985717773,0.7472308278083801,-0.2840937674045563,0.1950628161430359,-0.5682315826416016,0
0.6480133533477783,0.11394330859184265,0.721311628818512,0.721855103969574,-0.3181631863117218,0.2516549527645111,-0.5606843829154968,0.8030297160148621,0.1538841277360916,0.5438739657402039,1,0.579460084438324,0.11236335337162018,0.792515218257904,0.7496082782745361,-0.28081566095352173,0.18924209475517273,-0.5686978697776794,0
0.6427789926528931,0.11378072202205658,0.7279391884803772,0.7245985865592957,-0.3149673342704773,0.24629759788513184,-0.561328649520874,0.7999653816223145,0.15434612333774567,0.552564799785614,1,0.5728073120117188,0.1122128888964653,0.7981428503990173,0.751937985420227,-0.27754083275794983,0.1833936721086502,-0.569145917892456,0
0.6374033093452454,0.11361892521381378,0.7344990372657776,0.727310836315155,-0.31175950169563293,0.2408887892961502,-0.5619586110115051,0.7967403531074524,0.15480951964855194,0.561224639415741,1,0.566051721572876,0.11206472665071487,0.80364590883255,0.7542197108268738,-0.27426955103874207,0.17751836776733398,-0.5695752501487732,0
0.6318879127502441,0.11345777660608292,0.7409865260124207,0.7299899458885193,-0.3085401952266693,0.23542925715446472,-0.5625748634338379,0.7933549284934998,0.1552744060754776,0.5698479413986206,1,0.5591956377029419,0.11191853135824203,0.8090226650238037,0.7564533948898315,-0.2710018754005432,0.17161613702774048,-0.5699859857559204,0
0.6262356042861938,0.11329763382673264,0.7473958730697632,0.7326347231864929,-0.3053114414215088,0.2299216389656067,-0.5631760954856873,0.7898099422454834,0.15574078261852264,0.5784288644790649,1,0.5522412657737732,0.11177460849285126,0.8142711520195007,0.7586386203765869,-0.26773789525032043,0.16568733751773834,-0.5703784227371216,0
0.6204478740692139,0.11313880980014801,0.7537229657173157,0.7352436184883118,-0.3020734190940857,0.224366694688797,-0.5637624263763428,0.7861065864562988,0.1562086045742035,0.5869614481925964,1,0.5451905131340027,0.11163321137428284,0.8193899989128113,0.7607753872871399,-0.2644774615764618,0.15973207354545593,-0.5707522630691528,0
0.6145281791687012,0.11298118531703949,0.7599620819091797,0.7378149628639221,-0.2988278269767761,0.21876662969589233,-0.5643332004547119,0.7822461724281311,0.1566779613494873,0.5954398512840271,1,0.5380468964576721,0.11149399727582932,0.8243768215179443,0.7628627419471741,-0.26122117042541504,0.1537516862154007,-0.5711079835891724,0
0.6084790229797363,0.11282509565353394,0.7661087512969971,0.7403477430343628,-0.2955755293369293,0.21312324702739716,-0.5648881793022156,0.7782303094863892,0.15714876353740692,0.6038584113121033,1,0.5308123230934143,0.1113574206829071,0.8292301297187805,0.7649011611938477,-0.25796911120414734,0.14774596691131592,-0.5714448690414429,0
0.6023030281066895,0.11267037689685822,0.7721588611602783,0.7428406476974487,-0.2923174500465393,0.2074376493692398,-0.5654271245002747,0.7740607261657715,0.15762099623680115,0.6122118234634399,1,0.5234890580177307,0.11122318357229233,0.8339483141899109,0.7668899297714233,-0.2547210156917572,0.1417151242494583,-0.5717636942863464,0
0.5960035920143127,0.11251738667488098,0.7781077027320862,0.7452923059463501,-0.28905487060546875,0.20171193778514862,-0.5659494996070862,0.7697391510009766,0.1580946445465088,0.6204950213432312,1,0.5160803198814392,0.1110917255282402,0.8385294675827026,0.7688289284706116,-0.25147759914398193,0.13566043972969055,-0.5720639228820801,0
0.5895834565162659,0.11236617714166641,0.7839515209197998,0.7477020025253296,-0.28578871488571167,0.19594734907150269,-0.5664548873901367,0.7652674913406372,0.15856969356536865,0.6287031173706055,1,0.5085879564285278,0.11096269637346268,0.8429725170135498,0.7707180380821228,-0.2482384741306305,0.12958140671253204,-0.5723459720611572,0
0.5830453038215637,0.11221667379140854,0.7896865606307983,0.7500686645507812,-0.2825193703174591,0.19014517962932587,-0.5669432878494263,0.760647714138031,0.15904618799686432,0.6368315815925598,1,0.5010147094726562,0.11083655804395676,0.8472757339477539,0.7725569605827332,-0.24500377476215363,0.1234784796833992,-0.5726096630096436,0
0.576392412185669,0.11206910759210587,0.7953091263771057,0.7523912191390991,-0.27924782037734985,0.1843067854642868,-0.567414402961731,0.7558820247650146,0.1595240831375122,0.6448761820793152,1,0.493363618850708,0.11071299761533737,0.851437509059906,0.7743452191352844,-0.24177375435829163,0.1173531785607338,-0.5728551149368286,0
0.5696274042129517,0.11192382127046585,0.8008160591125488,0.7546693086624146,-0.27597469091415405,0.17843316495418549,-0.5678677558898926,0.7509724497795105,0.16000336408615112,0.6528326272964478,1,0.4856368601322174,0.11059243977069855,0.8554567098617554,0.7760829925537109,-0.2385486662387848,0.11120466142892838,-0.5730820894241333,0
0.562752902507782,0.11178044974803925,0.8062045574188232,0.7569018006324768,-0.27270054817199707,0.17252513766288757,-0.568303644657135,0.7459211349487305,0.16048410534858704,0.6606971025466919,1,0.47783762216567993,0.11047454178333282,0.859331488609314,0.7777697443962097,-0.2353285402059555,0.10503402352333069,-0.573291003704071,0
0.5557724833488464,0.1116390973329544,0.8114709854125977,0.7590880990028381,-0.2694256901741028,0.1665840893983841,-0.5687220096588135,0.7407302856445312,0.16096630692481995,0.6684659123420715,1,0.46996837854385376,0.11035975068807602,0.863060712814331,0.7794052958488464,-0.23211340606212616,0.0988418310880661,-0.5734814405441284,0
0.5486879348754883,0.11150021851062775,0.8166133761405945,0.7612276077270508,-0.2661507725715637,0.160610631108284,-0.5691224336624146,0.7354022860527039,0.16144993901252747,0.6761354804039001,1,0.4620315134525299,0.11024772375822067,0.866643488407135,0.780989408493042,-0.22890332341194153,0.09262776374816895,-0.5736539363861084,0
0.5415034890174866,0.11136350780725479,0.8216282725334167,0.763319730758667,-0.2628768980503082,0.154606431722641,-0.5695046782493591,0.7299392819404602,0.16193513572216034,0.6837024688720703,1,0.4540303349494934,0.11013872176408768,0.8700780868530273,0.7825217843055725,-0.2256988137960434,0.08639313280582428,-0.5738081932067871,0
0.5342210531234741,0.11122942715883255,0.8265135288238525,0.7653639316558838,-0.2596035301685333,0.14857140183448792,-0.5698689222335815,0.7243436574935913,0.16242188215255737,0.6911636590957642,1,0.4459671974182129,0.11003293842077255,0.8733636140823364,0.7840024828910828,-0.2224995195865631,0.08013783395290375,-0.5739441514015198,0
0.5268440246582031,0.11109764873981476,0.8312667012214661,0.7673594951629639,-0.2563317120075226,0.14250688254833221,-0.5702149868011475,0.7186179161071777,0.16291023790836334,0.6985159516334534,1,0.4378451108932495,0.10993007570505142,0.876498818397522,0.7854310274124146,-0.21930557489395142,0.0738624781370163,-0.5740622282028198,0
0.5193748474121094,0.11096842586994171,0.8358857035636902,0.7693060636520386,-0.25306156277656555,0.13641366362571716,-0.5705429911613464,0.7127644419670105,0.16340020298957825,0.7057563662528992,1,0.42966654896736145,0.10983050614595413,0.8794828653335571,0.7868074774742126,-0.21611729264259338,0.06756727397441864,-0.574161946773529,0
0.5118166208267212,0.1108420267701149,0.840368390083313,0.771203339099884,-0.24979324638843536,0.130292147397995,-0.5708524584770203,0.7067857384681702,0.16389186680316925,0.7128821015357971,1,0.42143499851226807,0.1097339391708374,0.8823145627975464,0.7881312966346741,-0.2129349559545517,0.06125321239233017,-0.5742436051368713,0
0.5041728019714355,0.11071814596652985,0.8447120785713196,0.7730507850646973,-0.24652737379074097,0.12414387613534927,-0.571143627166748,0.7006841897964478,0.16438530385494232,0.7198904156684875,1,0.4131527543067932,0.10964074730873108,0.8849928379058838,0.7894025444984436,-0.20975838601589203,0.05492040142416954,-0.5743072628974915,0
0.49644577503204346,0.11059699207544327,0.8489153385162354,0.774847686290741,-0.24326427280902863,0.11796882003545761,-0.5714166760444641,0.6944624781608582,0.16488051414489746,0.7267786860466003,1,0.4048227071762085,0.10955063253641129,0.8875170350074768,0.7906206846237183,-0.20658762753009796,0.04856882989406586,-0.5743531584739685,0
0.4886382520198822,0.11047864705324173,0.8529766201972961,0.7765939831733704,-0.24000391364097595,0.11176753789186478,-0.5716710686683655,0.6881231665611267,0.16537749767303467,0.7335442900657654,1,0.3964483439922333,0.10946391522884369,0.8898860216140747,0.7917857766151428,-0.20342347025871277,0.04220012202858925,-0.5743806958198547,0
0.48075345158576965,0.1103631779551506,0.85689377784729,0.7782890796661377,-0.23674678802490234,0.10554120689630508,-0.5719072818756104,0.681668758392334,0.1658763587474823,0.7401848435401917,1,0.388031929731369,0.10938035696744919,0.8920992612838745,0.792897641658783,-0.20026513934135437,0.03581377491354942,-0.5743905901908875,0
0.47279465198516846,0.11025060713291168,0.8606649041175842,0.779932975769043,-0.2334931343793869,0.09929022938013077,-0.5721248984336853,0.6751019358634949,0.16637717187404633,0.7466980814933777,1,0.3795764446258545,0.10930027067661285,0.8941559791564941,0.7939561009407043,-0.1971132904291153,0.02941035106778145,-0.5743823647499084,0
0.4647645354270935,0.11014102399349213,0.8642887473106384,0.7815248966217041,-0.2302432805299759,0.09301554411649704,-0.5723240971565247,0.6684253811836243,0.16687996685504913,0.7530816793441772,1,0.3710852861404419,0.1092233881354332,0.8960553407669067,0.7949607968330383,-0.19396783411502838,0.022990653291344643,-0.5743562579154968,0
0.4566658139228821,0.11003443598747253,0.8677638173103333,0.7830647230148315,-0.22699716687202454,0.08671724051237106,-0.5725049376487732,0.6616418957710266,0.16738475859165192,0.7593334913253784,1,0.3625604212284088,0.1091499999165535,0.8977970480918884,0.7959117293357849,-0.1908288449048996,0.016554540023207664,-0.5743123888969421,0
