0.3625604212284088,0.1091499999165535,0.8977970480918884,0.7959117293357849,-0.1908288449048996,0.016554540023207664,-0.5743123888969421,0.5608589053153992,0.15045608580112457,0.019999999552965164,0,0.3625604212284088,0.1091499999165535,0.8977970480918884,0.7959117293357849,-0.1908288449048996,0.016554540023207664,-0.5743123888969421,1
0.3628040552139282,0.10916154831647873,0.8976776003837585,0.7959170937538147,-0.19090838730335236,0.016660241410136223,-0.5742754340171814,0.5608589053153992,0.15045608580112457,0.01981772482395172,0,0.3625604212284088,0.1091499999165535,0.8977970480918884,0.7959117293357849,-0.1908288449048996,0.016554540023207664,-0.5743123888969421,1
0.3632446825504303,0.10916890949010849,0.8974825739860535,0.7959179878234863,-0.1910729855298996,0.016885489225387573,-0.574212908744812,0.5608589053153992,0.15045608580112457,0.019884353503584862,0,0.3625604212284088,0.1091499999165535,0.8977970480918884,0.7959117293357849,-0.1908288449048996,0.016554540023207664,-0.5743123888969421,1
0.36376747488975525,0.10917111486196518,0.8972581028938293,0.7959133982658386,-0.1912766695022583,0.017166968435049057,-0.5741432309150696,0.5608589053153992,0.15045608580112457,0.019923372194170952,0,0.3625604212284088,0.1091499999165535,0.8977970480918884,0.7959117293357849,-0.1908288449048996,0.016554540023207664,-0.5743123888969421,1
0.3643089532852173,0.10917005687952042,0.8970283269882202,0.7959052920341492,-0.1914910078048706,0.01746424101293087,-0.5740739107131958,0.5608589053153992,0.15045608580112457,0.019946129992604256,0,0.3625604212284088,0.1091499999165535,0.8977970480918884,0.7959117293357849,-0.1908288449048996,0.016554540023207664,-0.5743123888969421,1
0.36483412981033325,0.10916749387979507,0.8968064785003662,0.7958957552909851,-0.19170089066028595,0.017755331471562386,-0.5740082263946533,0.5608589053153992,0.15045608580112457,0.019959425553679466,0,0.3625604212284088,0.1091499999165535,0.8977970480918884,0.7959117293357849,-0.1908288449048996,0.016554540023207664,-0.5743123888969421,1
0.3653259873390198,0.10916423052549362,0.8965990543365479,0.7958859801292419,-0.19189804792404175,0.01802937313914299,-0.5739471912384033,0.5608589053153992,0.15045608580112457,0.019967196509242058,0,0.3625604212284088,0.1091499999165535,0.8977970480918884,0.7959117293357849,-0.1908288449048996,0.016554540023207664,-0.5743123888969421,1
0.36577728390693665,0.10916095972061157,0.89640873670578,0.7958768010139465,-0.19207923114299774,0.01828133687376976,-0.5738914608955383,0.5608589053153992,0.15045608580112457,0.01997174322605133,0,0.3625604212284088,0.1091499999165535,0.8977970480918884,0.7959117293357849,-0.1908288449048996,0.016554540023207664,-0.5743123888969421,1
0.366186261177063,0.10915781557559967,0.8962359428405762,0.7958679795265198,-0.1922435611486435,0.018509861081838608,-0.5738412737846375,0.5608589053153992,0.15045608580112457,0.019974403083324432,0,0.3625604212284088,0.1091499999165535,0.8977970480918884,0.7959117293357849,-0.1908288449048996,0.016554540023207664,-0.5743123888969421,1
0.3665536642074585,0.1091550812125206,0.8960806727409363,0.7958602905273438,-0.19239117205142975,0.01871492713689804,-0.5737957954406738,0.5608589053153992,0.15045608580112457,0.01997595839202404,0,0.3625604212284088,0.1091499999165535,0.8977970480918884,0.7959117293357849,-0.1908288449048996,0.016554540023207664,-0.5743123888969421,1
0.36688217520713806,0.10915274918079376,0.895941436290741,0.7958534359931946,-0.1925230473279953,0.018898339942097664,-0.5737552642822266,0.5608589053153992,0.15045608580112457,0.019976869225502014,0,0.3625604212284088,0.1091499999165535,0.8977970480918884,0.7959117293357849,-0.1908288449048996,0.016554540023207664,-0.5743123888969421,1
0.3671749234199524,0.10915068536996841,0.8958170413970947,0.7958471775054932,-0.1926405429840088,0.019061513245105743,-0.5737189054489136,0.5608589053153992,0.15045608580112457,0.019977401942014694,0,0.3625604212284088,0.1091499999165535,0.8977970480918884,0.7959117293357849,-0.1908288449048996,0.016554540023207664,-0.5743123888969421,1
0.36743536591529846,0.10914917290210724,0.8957062363624573,0.7958419322967529,-0.19274485111236572,0.019206577911973,-0.5736864805221558,0.5608589053153992,0.15045608580112457,0.019977713003754616,0,0.3625604212284088,0.1091499999165535,0.8977970480918884,0.7959117293357849,-0.1908288449048996,0.016554540023207664,-0.5743123888969421,1
0.3676663637161255,0.10914792865514755,0.8956077694892883,0.7958371639251709,-0.19283725321292877,0.019334783777594566,-0.5736575722694397,0.5608589053153992,0.15045608580112457,0.01997789368033409,0,0.3625604212284088,0.1091499999165535,0.8977970480918884,0.7959117293357849,-0.1908288449048996,0.016554540023207664,-0.5743123888969421,1
0.3678717017173767,0.10914682596921921,0.8955199718475342,0.7958332300186157,-0.1929192990064621,0.019448645412921906,-0.573631763458252,0.5608589053153992,0.15045608580112457,0.019978001713752747,0,0.3625604212284088,0.1091499999165535,0.8977970480918884,0.7959117293357849,-0.1908288449048996,0.016554540023207664,-0.5743123888969421,1
0.3680533766746521,0.10914600640535355,0.8954421877861023,0.795829713344574,-0.19299162924289703,0.01954904943704605,-0.5736088156700134,0.5608589053153992,0.15045608580112457,0.01997806318104267,0,0.3625604212284088,0.1091499999165535,0.8977970480918884,0.7959117293357849,-0.1908288449048996,0.016554540023207664,-0.5743123888969421,1
0.3682141900062561,0.10914544761180878,0.8953732252120972,0.79582679271698,-0.19305557012557983,0.01963799074292183,-0.5735883712768555,0.5608589053153992,0.15045608580112457,0.019978100433945656,0,0.3625604212284088,0.1091499999165535,0.8977970480918884,0.7959117293357849,-0.1908288449048996,0.016554540023207664,-0.5743123888969421,1
0.3683570623397827,0.10914503037929535,0.8953116536140442,0.7958241105079651,-0.19311225414276123,0.019716612994670868,-0.5735701322555542,0.5608589053153992,0.15045608580112457,0.019978120923042297,0,0.3625604212284088,0.1091499999165535,0.8977970480918884,0.7959117293357849,-0.1908288449048996,0.016554540023207664,-0.5743123888969421,1
0.36848360300064087,0.10914475470781326,0.8952572345733643,0.7958218455314636,-0.1931624412536621,0.019786084070801735,-0.5735539793968201,0.5608589053153992,0.15045608580112457,0.019978133961558342,0,0.3625604212284088,0.1091499999165535,0.8977970480918884,0.7959117293357849,-0.1908288449048996,0.016554540023207664,-0.5743123888969421,1
0.36859551072120667,0.10914462059736252,0.8952088356018066,0.7958201169967651,-0.19320662319660187,0.019847365096211433,-0.5735394358634949,0.5608589053153992,0.15045608580112457,0.01997814141213894,0,0.3625604212284088,0.1091499999165535,0.8977970480918884,0.7959117293357849,-0.1908288449048996,0.016554540023207664,-0.5743123888969421,1
0.36869457364082336,0.10914447903633118,0.8951660394668579,0.7958184480667114,-0.1932457685470581,0.01990160159766674,-0.5735267996788025,0.5608589053153992,0.15045608580112457,0.019978145137429237,0,0.3625604212284088,0.1091499999165535,0.8977970480918884,0.7959117293357849,-0.1908288449048996,0.016554540023207664,-0.5743123888969421,1
0.3687824606895447,0.10914447903633118,0.8951278328895569,0.795816957950592,-0.19328033924102783,0.01994943805038929,-0.5735154151916504,0.5608589053153992,0.15045608580112457,0.019978148862719536,0,0.3625604212284088,0.1091499999165535,0.8977970480918884,0.7959117293357849,-0.1908288449048996,0.016554540023207664,-0.5743123888969421,1
0.36886000633239746,0.10914461314678192,0.895094096660614,0.7958159446716309,-0.19331079721450806,0.019991593435406685,-0.5735051035881042,0.5608589053153992,0.15045608580112457,0.019978148862719536,0,0.3625604212284088,0.1091499999165535,0.8977970480918884,0.7959117293357849,-0.1908288449048996,0.016554540023207664,-0.5743123888969421,1
0.36892861127853394,0.10914474725723267,0.8950642347335815,0.7958149909973145,-0.19333770871162415,0.02002882771193981,-0.5734960436820984,0.5608589053153992,0.15045608580112457,0.019978148862719536,0,0.3625604212284088,0.1091499999165535,0.8977970480918884,0.7959117293357849,-0.1908288449048996,0.016554540023207664,-0.5743123888969421,1
0.3689894676208496,0.10914488881826401,0.8950377106666565,0.7958140969276428,-0.1933615803718567,0.020061763003468513,-0.5734882354736328,0.5608589053153992,0.15045608580112457,0.019978148862719536,0,0.3625604212284088,0.1091499999165535,0.8977970480918884,0.7959117293357849,-0.1908288449048996,0.016554540023207664,-0.5743123888969421,1
0.3690434694290161,0.10914502292871475,0.8950141072273254,0.7958134412765503,-0.1933826208114624,0.020090937614440918,-0.5734809041023254,0.5608589053153992,0.15045608580112457,0.019978148862719536,0,0.3625604212284088,0.1091499999165535,0.8977970480918884,0.7959117293357849,-0.1908288449048996,0.016554540023207664,-0.5743123888969421,1
0.3690912425518036,0.10914530605077744,0.8949931859970093,0.7958129048347473,-0.1934012621641159,0.02011662721633911,-0.5734745860099792,0.5608589053153992,0.15045608580112457,0.019978148862719536,0,0.3625604212284088,0.1091499999165535,0.8977970480918884,0.7959117293357849,-0.1908288449048996,0.016554540023207664,-0.5743123888969421,1
0.3691335916519165,0.10914543271064758,0.8949745893478394,0.7958122491836548,-0.19341766834259033,0.02013932727277279,-0.5734689831733704,0.5608589053153992,0.15045608580112457,0.019978148862719536,0,0.3625604212284088,0.1091499999165535,0.8977970480918884,0.7959117293357849,-0.1908288449048996,0.016554540023207664,-0.5743123888969421,1
0.369171142578125,0.10914570838212967,0.894957959651947,0.7958120107650757,-0.19343216717243195,0.020159302279353142,-0.5734638571739197,0.5608589053153992,0.15045608580112457,0.019978148862719536,0,0.3625604212284088,0.1091499999165535,0.8977970480918884,0.7959117293357849,-0.1908288449048996,0.016554540023207664,-0.5743123888969421,1
0.36920416355133057,0.10914599150419235,0.8949434161186218,0.795811653137207,-0.19344498217105865,0.020176958292722702,-0.5734593868255615,0.5608589053153992,0.15045608580112457,0.019978148862719536,0,0.3625604212284088,0.1091499999165535,0.8977970480918884,0.7959117293357849,-0.1908288449048996,0.016554540023207664,-0.5743123888969421,1
0.36923354864120483,0.1091461256146431,0.8949304223060608,0.7958112955093384,-0.1934562772512436,0.020192500203847885,-0.5734555721282959,0.5608589053153992,0.15045608580112457,0.019978148862719536,0,0.36923354864120483,0.1091461256146431,0.8949304223060608,0.7958112955093384,-0.1934562772512436,0.020192500203847885,-0.5734555721282959,1
0.3694966435432434,0.10915748029947281,0.8948008418083191,0.7958157062530518,-0.1935444176197052,0.020310046151280403,-0.5734154582023621,0.5608589053153992,0.15045608580112457,0.019978148862719536,0,0.3747979700565338,0.10941407084465027,0.8945795893669128,0.7950288653373718,-0.19618411362171173,0.02630304917693138,-0.5733663439750671,1
0.3702765703201294,0.10918411612510681,0.8946422934532166,0.7957478165626526,-0.19385814666748047,0.020973574370145798,-0.5733799338340759,0.5608589053153992,0.15045608580112457,0.019978148862719536,0,0.3803326189517975,0.1096901074051857,0.8941138386726379,0.7941972017288208,-0.19892092049121857,0.0323968306183815,-0.573263943195343,1
0.37155115604400635,0.10923252999782562,0.8944564461708069,0.79560786485672,-0.1944209337234497,0.022187409922480583,-0.5733379125595093,0.5608589053153992,0.15045608580112457,0.019978148862719536,0,0.3858368694782257,0.10997406393289566,0.8935332894325256,0.7933163642883301,-0.2016666978597641,0.03847452625632286,-0.5731486082077026,1
0.37327703833580017,0.10930252820253372,0.894237756729126,0.7954017519950867,-0.19521251320838928,0.02390245534479618,-0.5732859373092651,0.5608589053153992,0.15045608580112457,0.019978148862719536,0,0.3913085460662842,0.11026585847139359,0.8928385972976685,0.7923865914344788,-0.20442132651805878,0.0445350743830204,-0.5730200409889221,1
0.3754091262817383,0.10939255356788635,0.893981397151947,0.7951324582099915,-0.19621151685714722,0.026069169864058495,-0.5732239484786987,0.5608589053153992,0.15045608580112457,0.019978148862719536,0,0.3967455327510834,0.1105654165148735,0.8920302987098694,0.7914078235626221,-0.20718412101268768,0.050577640533447266,-0.572878897190094,1
0.3779049515724182,0.10950147360563278,0.8936815857887268,0.7948023676872253,-0.19739790260791779,0.02864142321050167,-0.5731517672538757,0.5608589053153992,0.15045608580112457,0.019978148862719536,0,0.4021472930908203,0.11087264865636826,0.8911083340644836,0.7903803586959839,-0.20995624363422394,0.056603021919727325,-0.5727245211601257,1
0.38072457909584045,0.10962804406881332,0.8933329582214355,0.7944125533103943,-0.19875356554985046,0.03157690912485123,-0.5730693340301514,0.5608589053153992,0.15045608580112457,0.019978148862719536,0,0.40751150250434875,0.11118748039007187,0.8900733590126038,0.7893044352531433,-0.2127363532781601,0.06260983645915985,-0.5725572109222412,1
0.38383129239082336,0.10977115482091904,0.8929296731948853,0.7939642071723938,-0.20026156306266785,0.03483729809522629,-0.5729767680168152,0.5608589053153992,0.15045608580112457,0.019978148862719536,0,0.4128364026546478,0.11150982975959778,0.8889262080192566,0.788179874420166,-0.21552510559558868,0.06859821826219559,-0.57237708568573,1
0.38719162344932556,0.10993024706840515,0.8924659490585327,0.7934581637382507,-0.20190691947937012,0.038387563079595566,-0.5728735327720642,0.5608589053153992,0.15045608580112457,0.019978148862719536,0,0.41812098026275635,0.11183959245681763,0.8876668810844421,0.7870073318481445,-0.21832211315631866,0.07456714659929276,-0.5721840858459473,1
0.3907744586467743,0.11010454595088959,0.8919365406036377,0.7928946018218994,-0.2036757916212082,0.042195793241262436,-0.5727598667144775,0.5608589053153992,0.15045608580112457,0.019978148862719536,0,0.4233635663986206,0.11217666417360306,0.8862961530685425,0.7857866883277893,-0.22112739086151123,0.08051705360412598,-0.571977972984314,1
0.3945521116256714,0.11029329895973206,0.8913360834121704,0.792273759841919,-0.20555594563484192,0.0462334044277668,-0.5726355314254761,0.5608589053153992,0.15045608580112457,0.019978148862719536,0,0.42856234312057495,0.1125209629535675,0.8848143815994263,0.784518301486969,-0.2239409238100052,0.08644706755876541,-0.5717589855194092,1
0.3985004127025604,0.11049593240022659,0.8906593918800354,0.7915959358215332,-0.2075369954109192,0.05047515779733658,-0.5725001096725464,0.5608589053153992,0.15045608580112457,0.019978148862719536,0,0.4337156414985657,0.11287235468626022,0.8832223415374756,0.7832021117210388,-0.22676226496696472,0.09235677868127823,-0.5715273022651672,1
0.40259528160095215,0.11071214079856873,0.8899022340774536,0.7908612489700317,-0.20960880815982819,0.054897457361221313,-0.572353720664978,0.5608589053153992,0.15045608580112457,0.019978148862719536,0,0.4388226270675659,0.11323075741529465,0.8815202713012695,0.7818384170532227,-0.22959204018115997,0.09824628382921219,-0.5712826251983643,1
0.4068174660205841,0.1109413132071495,0.8890601992607117,0.7900699973106384,-0.211762934923172,0.059479810297489166,-0.572195827960968,0.5608589053153992,0.15045608580112457,0.019978148862719536,0,0.4438810348510742,0.11359603703022003,0.8797092437744141,0.7804274559020996,-0.23242922127246857,0.1041145846247673,-0.5710251331329346,1
0.41114741563796997,0.11118299514055252,0.8881295919418335,0.7892219424247742,-0.2139914333820343,0.064203180372715,-0.5720264315605164,0.5608589053153992,0.15045608580112457,0.019978148862719536,0,0.44888949394226074,0.11396807432174683,0.8777896165847778,0.778969407081604,-0.23527447879314423,0.1099616289138794,-0.5707547664642334,1
0.4155687689781189,0.11143689602613449,0.8871070742607117,0.7883176803588867,-0.21628741919994354,0.06905068457126617,-0.5718452334403992,0.5608589053153992,0.15045608580112457,0.019978148862719536,0,0.4538460969924927,0.11434675753116608,0.8757623434066772,0.7774644494056702,-0.2381269484758377,0.11578644812107086,-0.5704718232154846,1
0.42006629705429077,0.11170270293951035,0.885989785194397,0.7873573899269104,-0.21864454448223114,0.07400735467672348,-0.571651816368103,0.5608589053153992,0.15045608580112457,0.019978148862719536,0,0.4587501883506775,0.11473194509744644,0.8736277222633362,0.7759126424789429,-0.24098722636699677,0.12158957123756409,-0.5701760053634644,1
0.4246259331703186,0.11197968572378159,0.8847752213478088,0.7863408327102661,-0.2210572510957718,0.07905938476324081,-0.5714466571807861,0.5608589053153992,0.15045608580112457,0.019978148862719536,0,0.46359968185424805,0.11512351036071777,0.8713867664337158,0.7743143439292908,-0.24385498464107513,0.1273699253797531,-0.5698674321174622,1
0.429235577583313,0.1122678816318512,0.8834607601165771,0.7852689027786255,-0.2235209345817566,0.08419489115476608,-0.5712288022041321,0.5608589053153992,0.15045608580112457,0.019978148862719536,0,0.468392938375473,0.11552129685878754,0.8690403699874878,0.7726697325706482,-0.24672988057136536,0.13312727212905884,-0.5695462226867676,1
0.4338831305503845,0.11256684362888336,0.8820452690124512,0.7841416001319885,-0.22603023052215576,0.08940210938453674,-0.5709986090660095,0.5608589053153992,0.15045608580112457,0.019978148862719536,0,0.47312942147254944,0.11592520773410797,0.8665886521339417,0.770979106426239,-0.2496122419834137,0.13886171579360962,-0.5692120790481567,1
0.4385587275028229,0.11287602037191391,0.8805268406867981,0.7829591631889343,-0.22858184576034546,0.09467172622680664,-0.5707560181617737,0.5608589053153992,0.15045608580112457,0.019978148862719536,0,0.4778062403202057,0.11633507907390594,0.8640331029891968,0.7692424058914185,-0.2525016665458679,0.14457190036773682,-0.5688654780387878,1
0.4432530105113983,0.11319535970687866,0.8789041042327881,0.7817220687866211,-0.2311718910932541,0.09999435395002365,-0.5705008506774902,0.5608589053153992,0.15045608580112457,0.019978148862719536,0,0.4824230968952179,0.11675075441598892,0.8613741397857666,0.7674599885940552,-0.2553981840610504,0.1502583771944046,-0.5685061812400818,1
0.44795718789100647,0.11352445930242538,0.8771764039993286,0.7804306745529175,-0.23379716277122498,0.10536234825849533,-0.5702328681945801,0.5608589053153992,0.15045608580112457,0.019978148862719536,0,0.486978143453598,0.11717187613248825,0.8586126565933228,0.7656320333480835,-0.25830161571502686,0.1559203565120697,-0.5681342482566833,1
0.45266303420066833,0.1138630211353302,0.8753430843353271,0.7790854573249817,-0.23645450174808502,0.11076780408620834,-0.569952130317688,0.5608589053153992,0.15045608580112457,0.019978148862719536,0,0.49147021770477295,0.11759869009256363,0.8557494282722473,0.7637589573860168,-0.261212021112442,0.16155777871608734,-0.567749559879303,1
0.4573638439178467,0.11421073973178864,0.8734034299850464,0.7776868343353271,-0.23914164304733276,0.11620438098907471,-0.5696585774421692,0.5608589053153992,0.15045608580112457,0.019978148862719536,0,0.4958975613117218,0.118030846118927,0.8527854084968567,0.7618407011032104,-0.2641292214393616,0.16716992855072021,-0.567352294921875,1
0.4620526134967804,0.11456727236509323,0.8713575005531311,0.7762352824211121,-0.24185575544834137,0.12166628241539001,-0.5693521499633789,0.5608589053153992,0.15045608580112457,0.019978148862719536,0,0.5002586245536804,0.11846815794706345,0.8497217297554016,0.7598777413368225,-0.2670527398586273,0.17275647819042206,-0.5669425129890442,1
0.466724157333374,0.11493243277072906,0.869204580783844,0.7747310400009155,-0.2445952594280243,0.12714838981628418,-0.569032609462738,0.5608589053153992,0.15045608580112457,0.019978148862719536,0,0.5045529007911682,0.11891051381826401,0.8465586304664612,0.7578697800636292,-0.26998329162597656,0.17831766605377197,-0.5665201544761658,1
0.47137150168418884,0.1153058409690857,0.8669455647468567,0.7731745839118958,-0.24735763669013977,0.13264510035514832,-0.5687005519866943,0.5608589053153992,0.15045608580112457,0.019978148862719536,0,0.5087776184082031,0.11935767531394958,0.843298077583313,0.7558178901672363,-0.27291983366012573,0.18385207653045654,-0.5660852193832397,1
0.475990355014801,0.11568726599216461,0.8645801544189453,0.77156662940979,-0.25014135241508484,0.13815243542194366,-0.5683555603027344,0.5608589053153992,0.15045608580112457,0.019978148862719536,0,0.5129324793815613,0.11980948597192764,0.8399403095245361,0.7537217140197754,-0.2758626341819763,0.18935999274253845,-0.5656378269195557,1
0.4805757403373718,0.11607663333415985,0.8621088266372681,0.769907534122467,-0.2529451549053192,0.14366644620895386,-0.5679974555969238,0.5608589053153992,0.15045608580112457,0.019978148862719536,0,0.5170158743858337,0.12026578933000565,0.8364866375923157,0.7515815496444702,-0.27881187200546265,0.19484104216098785,-0.5651779174804688,1
0.4851230978965759,0.11647335439920425,0.8595321178436279,0.768197774887085,-0.2557668387889862,0.14918316900730133,-0.5676264762878418,0.5608589053153992,0.15045608580112457,0.019978148862719536,0,0.5210266709327698,0.12072639912366867,0.8329376578330994,0.7493976354598999,-0.2817670404911041,0.20029476284980774,-0.5647056102752686,1
0.4896292984485626,0.11687732487916946,0.8568503260612488,0.7664375901222229,-0.25860595703125,0.1547001153230667,-0.5672426819801331,0.5608589053153992,0.15045608580112457,0.019978148862719536,0,0.5249632596969604,0.1211911141872406,0.8292948007583618,0.7471704483032227,-0.28472840785980225,0.20572100579738617,-0.5642205476760864,1
0.4940895438194275,0.11728823930025101,0.8540643453598022,0.7646276354789734,-0.26146095991134644,0.16021376848220825,-0.5668458938598633,0.5608589053153992,0.15045608580112457,0.019978148862719536,0,0.5288248062133789,0.1216597706079483,0.8255586624145508,0.7448999285697937,-0.28769564628601074,0.2111194133758545,-0.5637232065200806,1
0.4985010325908661,0.11770583689212799,0.8511745929718018,0.7627682685852051,-0.2643309235572815,0.16572155058383942,-0.5664362907409668,0.5608589053153992,0.15045608580112457,0.019978148862719536,0,0.5326091647148132,0.12213212251663208,0.8217311501502991,0.7425864934921265,-0.2906683087348938,0.21648913621902466,-0.5632135272026062,1
0.5028599500656128,0.11812993884086609,0.8481823205947876,0.760860025882721,-0.26721450686454773,0.17122100293636322,-0.5660138726234436,0.5608589053153992,0.15045608580112457,0.019978148862719536,0,0.5365450382232666,0.12263781577348709,0.8175645470619202,0.7400817275047302,-0.29383334517478943,0.22216331958770752,-0.5626583695411682,1
0.5071770548820496,0.11856167763471603,0.845077633857727,0.7588934898376465,-0.27012068033218384,0.176734060049057,-0.5655796527862549,0.5608589053153992,0.15045608580112457,0.019978148862719536,0,0.5403913855552673,0.12314746528863907,0.813296914100647,0.7375290393829346,-0.29700449109077454,0.2278047502040863,-0.5620890855789185,1
0.5114546418190002,0.11900198459625244,0.8418557047843933,0.7568678855895996,-0.2730538249015808,0.18226243555545807,-0.5651310086250305,0.5608589053153992,0.15045608580112457,0.019978148862719536,0,0.5441471338272095,0.12366042286157608,0.8089292049407959,0.7349288463592529,-0.3001817762851715,0.23341315984725952,-0.5615056753158569,1
0.5156893730163574,0.1194506287574768,0.8385159373283386,0.7547835111618042,-0.2760126292705536,0.18780285120010376,-0.5646669864654541,0.5608589053153992,0.15045608580112457,0.019978148862719536,0,0.5478101968765259,0.12417665123939514,0.8044633865356445,0.7322811484336853,-0.3033651113510132,0.2389877438545227,-0.560908854007721,1
0.5198783278465271,0.11990715563297272,0.8350576162338257,0.752640962600708,-0.2789969742298126,0.19335192441940308,-0.5641871094703674,0.5608589053153992,0.15045608580112457,0.019978148862719536,0,0.5513798594474792,0.12469611316919327,0.799900233745575,0.7295864820480347,-0.30655431747436523,0.24452881515026093,-0.5602977275848389,1
0.5240170955657959,0.1203710213303566,0.8314814567565918,0.750440776348114,-0.2820049226284027,0.1989065706729889,-0.5636914968490601,0.5608589053153992,0.15045608580112457,0.019978148862719536,0,0.5548540353775024,0.12521810829639435,0.7952417135238647,0.7268452644348145,-0.3097490072250366,0.25003522634506226,-0.5596728324890137,1
0.5281007289886475,0.1208418756723404,0.8277892470359802,0.7481834292411804,-0.28503480553627014,0.20446161925792694,-0.5631803274154663,0.5608589053153992,0.15045608580112457,0.019978148862719536,0,0.5582319498062134,0.12574262917041779,0.7904887795448303,0.7240576148033142,-0.31294921040534973,0.2555072605609894,-0.5590342879295349,1
0.5321254134178162,0.12131933867931366,0.8239813446998596,0.7458696961402893,-0.2880856394767761,0.2100149691104889,-0.5626531839370728,0.5608589053153992,0.15045608580112457,0.019978148862719536,0,0.5615118741989136,0.1262696087360382,0.7856435179710388,0.7212241291999817,-0.31615501642227173,0.26094362139701843,-0.5583816766738892,1
0.5360864996910095,0.12180286645889282,0.8200600147247314,0.7435004711151123,-0.291155606508255,0.21556225419044495,-0.5621104836463928,0.5608589053153992,0.15045608580112457,0.019978148862719536,0,0.5646926760673523,0.1267983466386795,0.7807070016860962,0.7183446288108826,-0.31936579942703247,0.26634472608566284,-0.557715654373169,1
0.5399793982505798,0.12229222059249878,0.8160272836685181,0.7410764098167419,-0.2942429482936859,0.22110040485858917,-0.5615526437759399,0.5608589053153992,0.15045608580112457,0.019978148862719536,0,0.5677732229232788,0.1273287981748581,0.7756805419921875,0.7154198288917542,-0.3225821852684021,0.27171024680137634,-0.5570355653762817,1
0.5438003540039062,0.12278676778078079,0.8118846416473389,0.7385981678962708,-0.2973466217517853,0.22662664949893951,-0.5609794855117798,0.5608589053153992,0.15045608580112457,0.019978148862719536,0,0.5707522630691528,0.1278609335422516,0.7705658078193665,0.7124500870704651,-0.3258034288883209,0.2770395576953888,-0.5563416481018066,1
0.5475462079048157,0.12328672409057617,0.8076337575912476,0.7360665202140808,-0.30046579241752625,0.23213832080364227,-0.5603909492492676,0.5608589053153992,0.15045608580112457,0.019978148862719536,0,0.5736278891563416,0.1283940225839615,0.7653651237487793,0.709435760974884,-0.32902929186820984,0.2823318541049957,-0.555634081363678,1
0.5512128472328186,0.12379102408885956,0.8032770156860352,0.7334823608398438,-0.3035984933376312,0.23763273656368256,-0.5597876310348511,0.5608589053153992,0.15045608580112457,0.019978148862719536,0,0.5763999223709106,0.1289280205965042,0.7600789070129395,0.7063766717910767,-0.3322601318359375,0.28758764266967773,-0.5549129247665405,1
0.5547977089881897,0.12429986149072647,0.7988157272338867,0.730846107006073,-0.3067443072795868,0.24310794472694397,-0.5591692924499512,0.5608589053153992,0.15045608580112457,0.019978148862719536,0,0.5790663957595825,0.12946286797523499,0.7547094225883484,0.7032738327980042,-0.33549579977989197,0.2928059995174408,-0.5541778802871704,1
0.558297336101532,0.1248127669095993,0.7942521572113037,0.7281585931777954,-0.3099021911621094,0.24856171011924744,-0.558536171913147,0.5608589053153992,0.15045608580112457,0.019978148862719536,0,0.5816267728805542,0.1299978345632553,0.7492579221725464,0.7001270651817322,-0.3387357294559479,0.29798683524131775,-0.5534293055534363,1
0.5617093443870544,0.12532925605773926,0.7895881533622742,0.7254202961921692,-0.3130711317062378,0.25399249792099,-0.5578884482383728,0.5608589053153992,0.15045608580112457,0.019978148862719536,0,0.5840792655944824,0.13053284585475922,0.7437267303466797,0.6969372034072876,-0.34197983145713806,0.30312952399253845,-0.552666962146759,1
0.5650303959846497,0.12584912776947021,0.7848260402679443,0.7226321697235107,-0.3162503242492676,0.25939783453941345,-0.5572263598442078,0.5608589053153992,0.15045608580112457,0.019978148862719536,0,0.5862882137298584,0.13103626668453217,0.7384490370750427,0.6938955187797546,-0.3450370132923126,0.3079347610473633,-0.5519371032714844,1
0.5682508945465088,0.12637053430080414,0.7799851894378662,0.7198076844215393,-0.31942909955978394,0.2647545039653778,-0.556549072265625,0.5608589053153992,0.15045608580112457,0.019978148862719536,0,0.5883997082710266,0.1315392404794693,0.7331034541130066,0.6908161640167236,-0.3480975329875946,0.3127053380012512,-0.5511953234672546,1
0.5713649392127991,0.1268918365240097,0.7750731706619263,0.716948926448822,-0.32260188460350037,0.27005821466445923,-0.5558604598045349,0.5608589053153992,0.15045608580112457,0.019978148862719536,0,0.5904135704040527,0.13204152882099152,0.7276909947395325,0.6876993179321289,-0.35116156935691833,0.31744176149368286,-0.5504413843154907,1
0.5743705630302429,0.12741267681121826,0.770093560218811,0.7140567898750305,-0.3257678151130676,0.2753082811832428,-0.5551608204841614,0.5608589053153992,0.15045608580112457,0.019978148862719536,0,0.5923284888267517,0.1325429379940033,0.7222133278846741,0.6845451593399048,-0.3542289435863495,0.32214343547821045,-0.5496755838394165,1
0.5772656202316284,0.12793292105197906,0.7650492787361145,0.7111313343048096,-0.3289265036582947,0.28050535917282104,-0.5544512271881104,0.5608589053153992,0.15045608580112457,0.019978148862719536,0,0.5941436290740967,0.13304312527179718,0.7166717648506165,0.6813542246818542,-0.3572996258735657,0.32680970430374146,-0.5488977432250977,1
0.580051064491272,0.1284525841474533,0.7599412798881531,0.7081732153892517,-0.33207830786705017,0.2856501638889313,-0.5537315607070923,0.5608589053153992,0.15045608580112457,0.019978148862719536,0,0.5958583354949951,0.13354191184043884,0.7110680341720581,0.6781266331672668,-0.36037322878837585,0.33144083619117737,-0.5481079816818237,1
0.582726240158081,0.12897135317325592,0.75477135181427,0.7051817178726196,-0.33522406220436096,0.290743887424469,-0.5530021786689758,0.5608589053153992,0.15045608580112457,0.019978148862719536,0,0.5974718928337097,0.134039044380188,0.705403208732605,0.6748628616333008,-0.3634498715400696,0.3360362648963928,-0.5473060607910156,1
0.5852925181388855,0.129489466547966,0.7495391368865967,0.7021569609642029,-0.3383646011352539,0.29578858613967896,-0.5522626042366028,0.5608589053153992,0.15045608580112457,0.019978148862719536,0,0.5989832282066345,0.13453425467014313,0.6996790766716003,0.6715629696846008,-0.366529256105423,0.34059563279151917,-0.5464924573898315,1
0.5877501964569092,0.13000671565532684,0.7442461252212524,0.6990992426872253,-0.3415001630783081,0.3007848560810089,-0.5515127182006836,0.5608589053153992,0.15045608580112457,0.019978148862719536,0,0.6003918051719666,0.13502730429172516,0.693897008895874,0.6682274341583252,-0.3696114718914032,0.34511876106262207,-0.5456668734550476,1
0.5900992751121521,0.13052281737327576,0.7388930320739746,0.6960078477859497,-0.3446315824985504,0.3057338297367096,-0.5507529973983765,0.5608589053153992,0.15045608580112457,0.019978148862719536,0,0.6016970276832581,0.1355179399251938,0.6880584359169006,0.6648565530776978,-0.3726961314678192,0.3496057093143463,-0.5448293685913086,1
0.5923404097557068,0.13103751838207245,0.7334801554679871,0.6928831338882446,-0.34775951504707336,0.3106367588043213,-0.5499827265739441,0.5608589053153992,0.15045608580112457,0.019978148862719536,0,0.6028979420661926,0.1360059231519699,0.6821651458740234,0.6614505648612976,-0.3757833242416382,0.35405588150024414,-0.5439801812171936,1
0.5944739580154419,0.1315513402223587,0.7280083894729614,0.6897252202033997,-0.35088440775871277,0.3154943287372589,-0.5492016077041626,0.5608589053153992,0.15045608580112457,0.019978148862719536,0,0.6039938926696777,0.13649094104766846,0.6762186884880066,0.6580098867416382,-0.378872811794281,0.3584687113761902,-0.5431191921234131,1
0.5964998602867126,0.13206331431865692,0.7224788069725037,0.686533510684967,-0.3540067672729492,0.32030752301216125,-0.5484104156494141,0.5608589053153992,0.15045608580112457,0.019978148862719536,0,0.6049846410751343,0.1369728446006775,0.6702197194099426,0.6545345783233643,-0.38196468353271484,0.36284494400024414,-0.5422461628913879,1
0.5984181761741638,0.13257364928722382,0.7168919444084167,0.683308482170105,-0.35712698101997375,0.32507675886154175,-0.5476083159446716,0.5608589053153992,0.15045608580112457,0.019978148862719536,0,0.6058689951896667,0.13745129108428955,0.6641713976860046,0.6510255336761475,-0.38505828380584717,0.3671830892562866,-0.5413615703582764,1
0.6002287864685059,0.13308215141296387,0.7112492918968201,0.6800499558448792,-0.36024531722068787,0.3298027217388153,-0.5467955470085144,0.5608589053153992,0.15045608580112457,0.019978148862719536,0,0.6066468954086304,0.13792604207992554,0.658073902130127,0.6474823355674744,-0.38815414905548096,0.3714839518070221,-0.5404651761054993,1
0.601932168006897,0.13358831405639648,0.7055509686470032,0.6767578721046448,-0.363362193107605,0.33448606729507446,-0.5459721684455872,0.5608589053153992,0.15045608580112457,0.019978148862719536,0,0.6073174476623535,0.13839687407016754,0.651929497718811,0.6439059972763062,-0.3912515640258789,0.37574660778045654,-0.5395570397377014,1
0.6035280227661133,0.13409258425235748,0.6997985243797302,0.6734326481819153,-0.36647799611091614,0.33912694454193115,-0.5451378226280212,0.5608589053153992,0.15045608580112457,0.019978148862719536,0,0.6078804135322571,0.13886351883411407,0.6457391977310181,0.640296220779419,-0.3943507671356201,0.3799712359905243,-0.538637101650238,1
0.6050161123275757,0.13459408283233643,0.6939924359321594,0.6700738072395325,-0.36959320306777954,0.3437262773513794,-0.5442922711372375,0.5608589053153992,0.15045608580112457,0.019978148862719536,0,0.6083599328994751,0.13935402035713196,0.6391140222549438,0.6364248394966125,-0.39764532446861267,0.384417861700058,-0.5376470685005188,1
0.6063963174819946,0.13509386777877808,0.6881112456321716,0.6666663885116577,-0.3727172911167145,0.34830284118652344,-0.5434361696243286,0.5608589053153992,0.15045608580112457,0.019978148862719536,0,0.6087165474891663,0.1398397535085678,0.6324411034584045,0.6325170397758484,-0.4009416997432709,0.3888206481933594,-0.5366435647010803,1
0.607670783996582,0.1355932503938675,0.6821497082710266,0.6632075905799866,-0.3758561313152313,0.35286009311676025,-0.5425657033920288,0.5608589053153992,0.15045608580112457,0.019978148862719536,0,0.6089497804641724,0.1403195708990097,0.6257225275039673,0.6285730004310608,-0.40423911809921265,0.3931795358657837,-0.5356271266937256,1
0.6088399887084961,0.13609246909618378,0.6761074662208557,0.6596983671188354,-0.37901055812835693,0.3573973476886749,-0.5416790843009949,0.5608589053153992,0.15045608580112457,0.019978148862719536,0,0.6090591549873352,0.14079347252845764,0.6189600229263306,0.6245931386947632,-0.40753820538520813,0.39749422669410706,-0.5345973372459412,1
0.6099025011062622,0.13659052550792694,0.6699872016906738,0.6561389565467834,-0.3821796774864197,0.3619133234024048,-0.540776252746582,0.5608589053153992,0.15045608580112457,0.019978148862719536,0,0.6090440154075623,0.14126132428646088,0.6121554970741272,0.6205778121948242,-0.4108385145664215,0.4017643928527832,-0.5335543155670166,1
0.610856831073761,0.1370871663093567,0.6637907028198242,0.6525306701660156,-0.38536250591278076,0.3664058744907379,-0.5398574471473694,0.5608589053153992,0.15045608580112457,0.019978148862719536,0,0.608904242515564,0.1417223960161209,0.6053112149238586,0.6165273189544678,-0.41413962841033936,0.40599003434181213,-0.5324983596801758,1
0.6117011308670044,0.13758182525634766,0.6575214266777039,0.6488743424415588,-0.3885583281517029,0.3708728849887848,-0.5389227271080017,0.5608589053153992,0.15045608580112457,0.019978148862719536,0,0.6086392402648926,0.1421765834093094,0.5984285473823547,0.6124421954154968,-0.41744178533554077,0.4101705849170685,-0.5314292311668396,1
0.6124330759048462,0.13807395100593567,0.6511823534965515,0.6451713442802429,-0.3917657434940338,0.37531235814094543,-0.5379722714424133,0.5608589053153992,0.15045608580112457,0.019978148862719536,0,0.6082484722137451,0.14262379705905914,0.5915102958679199,0.6083230376243591,-0.420744389295578,0.41430580615997314,-0.5303469300270081,1
0.6130510568618774,0.13856318593025208,0.644777238368988,0.6414226293563843,-0.39498379826545715,0.3797222673892975,-0.5370063185691833,0.5608589053153992,0.15045608580112457,0.019978148862719536,0,0.6077319979667664,0.14306330680847168,0.5845575332641602,0.6041698455810547,-0.4240477681159973,0.41839563846588135,-0.5292516350746155,1
0.6135532855987549,0.1390487551689148,0.6383090019226074,0.6376295685768127,-0.398210734128952,0.3841010332107544,-0.53602534532547,0.5608589053153992,0.15045608580112457,0.019978148862719536,0,0.6070889234542847,0.14349500834941864,0.5775731205940247,0.5999831557273865,-0.4273513853549957,0.42243969440460205,-0.5281435251235962,1
0.6139378547668457,0.13953019678592682,0.6317813992500305,0.633793294429779,-0.4014459252357483,0.3884464204311371,-0.5350293517112732,0.5608589053153992,0.15045608580112457,0.019978148862719536,0,0.6063195466995239,0.14391885697841644,0.5705585479736328,0.5957638025283813,-0.43065524101257324,0.4264375865459442,-0.5270223021507263,1
0.6142037510871887,0.14000742137432098,0.6251968145370483,0.6299145817756653,-0.4046885669231415,0.3927575647830963,-0.5340189337730408,0.5608589053153992,0.15045608580112457,0.019978148862719536,0,0.605423092842102,0.14433406293392181,0.5635157823562622,0.5915114879608154,-0.43395912647247314,0.43038952350616455,-0.525888204574585,1
0.6143490672111511,0.140480175614357,0.6185587644577026,0.6259946227073669,-0.40793782472610474,0.3970327079296112,-0.532993733882904,0.5608589053153992,0.15045608580112457,0.019978148862719536,0,0.6043998003005981,0.14474056661128998,0.5564469695091248,0.5872271060943604,-0.4372629225254059,0.434294730424881,-0.5247412323951721,1
0.6143728494644165,0.14094743132591248,0.6118704080581665,0.6220344305038452,-0.4111926555633545,0.40127015113830566,-0.5319547653198242,0.5608589053153992,0.15045608580112457,0.019978148862719536,0,0.603249192237854,0.14513829350471497,0.549353837966919,0.58291095495224,-0.4405667185783386,0.43815356492996216,-0.5235810875892639,1
0.6142745018005371,0.14140915870666504,0.6051337122917175,0.6180346012115479,-0.4144527018070221,0.4054699242115021,-0.5309014320373535,0.5608589053153992,0.15045608580112457,0.019978148862719536,0,0.6019707918167114,0.1455264538526535,0.5422393083572388,0.5785637497901917,-0.44386956095695496,0.441965252161026,-0.5224081873893738,1
0.6140519380569458,0.14186491072177887,0.5983532071113586,0.6139965057373047,-0.41771647334098816,0.40962934494018555,-0.5298347473144531,0.5608589053153992,0.15045608580112457,0.019978148862719536,0,0.6005651950836182,0.1459050327539444,0.5351043939590454,0.5741854310035706,-0.44717204570770264,0.4457297921180725,-0.521222710609436,1
0.613705575466156,0.14231424033641815,0.591529905796051,0.6099205017089844,-0.4209844172000885,0.4137488007545471,-0.5287542343139648,0.5608589053153992,0.15045608580112457,0.019978148862719536,0,0.5990319848060608,0.14627394080162048,0.5279512405395508,0.5697766542434692,-0.4504741430282593,0.4494471848011017,-0.5200238823890686,1
0.6132336258888245,0.14275701344013214,0.5846673250198364,0.6058075428009033,-0.42425528168678284,0.41782695055007935,-0.5276601314544678,0.5608589053153992,0.15045608580112457,0.019978148862719536,0,0.5973710417747498,0.14663240313529968,0.5207821130752563,0.5653377771377563,-0.45377498865127563,0.45311713218688965,-0.5188122987747192,1
0.6126366853713989,0.14319248497486115,0.5777676105499268,0.6016584038734436,-0.42752891778945923,0.42186304926872253,-0.526552677154541,0.5608589053153992,0.15045608580112457,0.019978148862719536,0,0.5955824255943298,0.1469803750514984,0.5135990977287292,0.5608693957328796,-0.457074910402298,0.4567391574382782,-0.5175880789756775,1
0.6119132041931152,0.14362052083015442,0.5708338022232056,0.5974738001823425,-0.43080446124076843,0.4258560836315155,-0.5254324078559875,0.5608589053153992,0.15045608580112457,0.019978148862719536,0,0.5936661958694458,0.1473177969455719,0.5064040422439575,0.5563715100288391,-0.4603738486766815,0.4603133201599121,-0.5163509249687195,1
0.6110629439353943,0.14404082298278809,0.5638681054115295,0.5932544469833374,-0.4340817332267761,0.4298056960105896,-0.5242987275123596,0.5608589053153992,0.15045608580112457,0.019978148862719536,0,0.5916222333908081,0.14764392375946045,0.4991990625858307,0.551845133304596,-0.46367117762565613,0.46383941173553467,-0.51510089635849,1
0.6100857853889465,0.14445285499095917,0.5568729639053345,0.5890009999275208,-0.4373602271080017,0.4337112605571747,-0.523152232170105,0.5608589053153992,0.15045608580112457,0.019978148862719536,0,0.5894510746002197,0.1479586958885193,0.4919857382774353,0.5472899675369263,-0.4669671952724457,0.4673173129558563,-0.5138382315635681,1
0.6089810132980347,0.1448562890291214,0.5498514175415039,0.584714412689209,-0.440639466047287,0.4375718832015991,-0.5219930410385132,0.5608589053153992,0.15045608580112457,0.019978148862719536,0,0.5871521234512329,0.14826203882694244,0.4847668707370758,0.5427072644233704,-0.47026151418685913,0.4707464575767517,-0.5125626921653748,1
0.6077486872673035,0.1452508568763733,0.5428047180175781,0.5803947448730469,-0.44391924142837524,0.44138750433921814,-0.5208210349082947,0.5608589053153992,0.15045608580112457,0.019978148862719536,0,0.5847261548042297,0.14855323731899261,0.4775438904762268,0.5380969643592834,-0.4735538363456726,0.4741272032260895,-0.5112746357917786,1
0.6063883900642395,0.14563646912574768,0.5357362627983093,0.5760432481765747,-0.4471992254257202,0.4451574683189392,-0.5196362137794495,0.5608589053153992,0.15045608580112457,0.019978148862719536,0,0.5821729898452759,0.14883224666118622,0.47031939029693604,0.5334597826004028,-0.47684401273727417,0.4774586856365204,-0.5099740028381348,1
0.6049000024795532,0.1460125595331192,0.5286476612091064,0.5716602802276611,-0.45047903060913086,0.4488809406757355,-0.5184390544891357,0.5608589053153992,0.15045608580112457,0.019978148862719536,0,0.5794927477836609,0.1490989476442337,0.46309468150138855,0.5287958383560181,-0.48013246059417725,0.480741411447525,-0.5086603164672852,1
0.603283703327179,0.14637863636016846,0.5215414762496948,0.56724613904953,-0.45375826954841614,0.452558308839798,-0.5172293186187744,0.5608589053153992,0.15045608580112457,0.019978148862719536,0,0.5766862034797668,0.14935272932052612,0.4558723270893097,0.5241057872772217,-0.483418345451355,0.48397478461265564,-0.5073343515396118,1
0.6015387773513794,0.14673464000225067,0.5144206285476685,0.5628020763397217,-0.4570366442203522,0.45618826150894165,-0.5160074234008789,0.5608589053153992,0.15045608580112457,0.019978148862719536,0,0.5737532377243042,0.14959347248077393,0.4486538767814636,0.5193898677825928,-0.48670169711112976,0.4871590733528137,-0.5059956908226013,1
0.5996662974357605,0.14708024263381958,0.5072853565216064,0.5583277940750122,-0.4603143632411957,0.45977166295051575,-0.5147725939750671,0.5608589053153992,0.15045608580112457,0.019978148862719536,0,0.570694088935852,0.14982113242149353,0.44144219160079956,0.5146490335464478,-0.48998239636421204,0.4902932345867157,-0.5046444535255432,1
0.5976653099060059,0.1474151611328125,0.5001401901245117,0.5538247227668762,-0.46359050273895264,0.46330681443214417,-0.5135259032249451,0.5608589053153992,0.15045608580112457,0.019978148862719536,0,0.5675094723701477,0.1500350385904312,0.43423789739608765,0.5098828673362732,-0.49326059222221375,0.4933783710002899,-0.5032804608345032,1
0.595536470413208,0.14773890376091003,0.4929858446121216,0.5492926239967346,-0.4668654501438141,0.4667944014072418,-0.5122667551040649,0.5608589053153992,0.15045608580112457,0.019978148862719536,0,0.5641994476318359,0.150235116481781,0.42704418301582336,0.5050926208496094,-0.49653559923171997,0.49641337990760803,-0.5019038319587708,1
0.5932797193527222,0.1480514258146286,0.4858250617980957,0.5447326898574829,-0.47013819217681885,0.4702337086200714,-0.5109955668449402,0.5608589053153992,0.15045608580112457,0.019978148862719536,0,0.5607647895812988,0.1504213511943817,0.41986215114593506,0.5002782940864563,-0.4998077154159546,0.4993986189365387,-0.5005146265029907,1
0.5908952951431274,0.14835216104984283,0.47866010665893555,0.5401452779769897,-0.47340911626815796,0.47362440824508667,-0.5097123980522156,0.5608589053153992,0.15045608580112457,0.019978148862719536,0,0.5908952951431274,0.14835216104984283,0.47866010665893555,0.5401452779769897,-0.47340911626815796,0.47362440824508667,-0.5097123980522156,1
0.5894172787666321,0.1484811156988144,0.4714668095111847,0.536418080329895,-0.47757384181022644,0.47718387842178345,-0.5064330697059631,0.5608589053153992,0.15045608580112457,0.019978148862719536,0,0.5911919474601746,0.1484149545431137,0.476218044757843,0.5397482514381409,-0.47367802262306213,0.47390908002853394,-0.5096185207366943,1
0.5889819860458374,0.14860115945339203,0.4643305540084839,0.5327755808830261,-0.48153620958328247,0.48075857758522034,-0.5031343698501587,0.5608589053153992,0.15045608580112457,0.019978148862719536,0,0.5914758443832397,0.14847713708877563,0.47377651929855347,0.5393511652946472,-0.4739471673965454,0.47419312596321106,-0.5095245242118835,1
0.5890135169029236,0.14866183698177338,0.4578758180141449,0.5295586585998535,-0.48491090536117554,0.4838668704032898,-0.5003015995025635,0.5608589053153992,0.15045608580112457,0.019978148862719536,0,0.5917468667030334,0.14853854477405548,0.471335768699646,0.5389540195465088,-0.47421592473983765,0.4744768440723419,-0.5094305276870728,1
0.5892117023468018,0.1486806422472,0.45243045687675476,0.526919424533844,-0.48759302496910095,0.4863751232624054,-0.49804437160491943,0.5608589053153992,0.15045608580112457,0.019978148862719536,0,0.5920053720474243,0.14859911799430847,0.46889528632164,0.5385565757751465,-0.474484920501709,0.474760502576828,-0.5093362331390381,1
0.589495062828064,0.1486869603395462,0.44810205698013306,0.5249225497245789,-0.48956578969955444,0.4882415533065796,-0.49638861417770386,0.5608589053153992,0.15045608580112457,0.019978148862719536,0,0.5922510623931885,0.14865893125534058,0.46645569801330566,0.5381590723991394,-0.47475379705429077,0.47504323720932007,-0.509242057800293,1
0.5898547172546387,0.14869612455368042,0.44492292404174805,0.5235915184020996,-0.49083539843559265,0.4894603490829468,-0.4953392446041107,0.5608589053153992,0.15045608580112457,0.019978148862719536,0,0.5924840569496155,0.14871791005134583,0.4640171527862549,0.5377614498138428,-0.47502243518829346,0.4753258526325226,-0.5091478824615479,1
0.5903012752532959,0.14871463179588318,0.44290000200271606,0.5229324102401733,-0.4914112091064453,0.490036278963089,-0.49489498138427734,0.5608589053153992,0.15045608580112457,0.019978148862719536,0,0.5927045345306396,0.1487758755683899,0.46157899498939514,0.5373633503913879,-0.4752914607524872,0.47560811042785645,-0.5090535879135132,1
0.5908470749855042,0.1487451195716858,0.44203129410743713,0.5229430198669434,-0.49130257964134216,0.4899768531322479,-0.4950504004955292,0.5608589053153992,0.15045608580112457,0.019978148862719536,0,0.5929120779037476,0.14883321523666382,0.45914188027381897,0.536965012550354,-0.47556042671203613,0.4758901298046112,-0.5089591145515442,1
0.5914655327796936,0.14878161251544952,0.4422219693660736,0.5235698819160461,-0.4905605614185333,0.4893331229686737,-0.4957599639892578,0.5608589053153992,0.15045608580112457,0.019978148862719536,0,0.5931071043014526,0.14888978004455566,0.4567054808139801,0.5365666151046753,-0.4758293032646179,0.4761718213558197,-0.5088644623756409,1
0.5919554233551025,0.14879664778709412,0.44273433089256287,0.5244091749191284,-0.4895811975002289,0.48848316073417664,-0.49667829275131226,0.5608589053153992,0.15045608580112457,0.019978148862719536,0,0.5932892560958862,0.14894551038742065,0.45427045226097107,0.536168098449707,-0.47609829902648926,0.47645285725593567,-0.5087699294090271,1
0.592338502407074,0.1488131284713745,0.44317948818206787,0.5252411365509033,-0.48860594630241394,0.48763203620910645,-0.4975952208042145,0.5608589053153992,0.15045608580112457,0.019978148862719536,0,0.5934588313102722,0.14900043606758118,0.4518362283706665,0.5357692241668701,-0.4763672649860382,0.4767337739467621,-0.5086751580238342,1
0.5926632285118103,0.14883698523044586,0.4434295892715454,0.5259965062141418,-0.4877082407474518,0.4868459403514862,-0.4984470009803772,0.5608589053153992,0.15045608580112457,0.019978148862719536,0,0.5936158299446106,0.14905454218387604,0.44940313696861267,0.5353702902793884,-0.47663626074790955,0.47701430320739746,-0.508580207824707,1
0.5929558873176575,0.14886708557605743,0.44344562292099,0.526652991771698,-0.48691049218177795,0.4861476719379425,-0.4992145895957947,0.5608589053153992,0.15045608580112457,0.019978148862719536,0,0.593760073184967,0.14910759031772614,0.4469716250896454,0.5349711179733276,-0.47690489888191223,0.4772944748401642,-0.5084854364395142,1
0.5932289361953735,0.14890176057815552,0.44322577118873596,0.5272071957588196,-0.4862154424190521,0.4855414927005768,-0.499896377325058,0.5608589053153992,0.15045608580112457,0.019978148862719536,0,0.5938917994499207,0.14916004240512848,0.4445412755012512,0.5345717072486877,-0.477173775434494,0.4775741994380951,-0.5083906054496765,1
0.5934885740280151,0.14893892407417297,0.4427816867828369,0.5276631712913513,-0.48561832308769226,0.48502469062805176,-0.5004971027374268,0.5608589053153992,0.15045608580112457,0.019978148862719536,0,0.5940108299255371,0.14921168982982635,0.44211238622665405,0.5341723561286926,-0.4774426817893982,0.47785335779190063,-0.5082957148551941,1
0.5937368869781494,0.14897829294204712,0.44213151931762695,0.5280285477638245,-0.48511171340942383,0.4845907688140869,-0.50102299451828,0.5608589053153992,0.15045608580112457,0.019978148862719536,0,0.5941170454025269,0.149262472987175,0.43968504667282104,0.5337727069854736,-0.4777113199234009,0.47813230752944946,-0.5082007050514221,1
0.5939747095108032,0.1490190327167511,0.44129493832588196,0.5283117294311523,-0.48468711972236633,0.4842321574687958,-0.5014820098876953,0.5608589053153992,0.15045608580112457,0.019978148862719536,0,0.5942110419273376,0.14931243658065796,0.4372590184211731,0.5333728194236755,-0.477980375289917,0.4784109890460968,-0.5081053376197815,1
0.5942022204399109,0.14906112849712372,0.4402894973754883,0.5285210013389587,-0.4843369126319885,0.4839417636394501,-0.5018801689147949,0.5608589053153992,0.15045608580112457,0.019978148862719536,0,0.5942921042442322,0.14936158061027527,0.43483471870422363,0.5329726934432983,-0.47824910283088684,0.4786892235279083,-0.50801020860672,1
0.5944189429283142,0.14910413324832916,0.43913352489471436,0.5286640524864197,-0.4840529263019562,0.4837122857570648,-0.5022245645523071,0.5608589053153992,0.15045608580112457,0.019978148862719536,0,0.5943608283996582,0.14940965175628662,0.43241196870803833,0.5325722694396973,-0.47851794958114624,0.47896721959114075,-0.5079151391983032,1
0.5946247577667236,0.14914754033088684,0.4378422498703003,0.5287479758262634,-0.4838283658027649,0.48353779315948486,-0.5025204420089722,0.5608589053153992,0.15045608580112457,0.019978148862719536,0,0.5944167375564575,0.14945709705352783,0.42999136447906494,0.5321720242500305,-0.4787866473197937,0.479244589805603,-0.5078197717666626,1
0.5948188304901123,0.149191752076149,0.43643075227737427,0.5287792682647705,-0.4836571514606476,0.4834116995334625,-0.502773642539978,0.5608589053153992,0.15045608580112457,0.019978148862719536,0,0.594460129737854,0.14950373768806458,0.4275723099708557,0.5317713022232056,-0.47905540466308594,0.4795217514038086,-0.5077243447303772,1
0.5950006246566772,0.14923633635044098,0.43491125106811523,0.5287631750106812,-0.48353350162506104,0.4833294749259949,-0.5029883980751038,0.5608589053153992,0.15045608580112457,0.019978148862719536,0,0.594491183757782,0.14954949915409088,0.4251548647880554,0.5313704013824463,-0.4793243408203125,0.4797986149787903,-0.5076287388801575,1
0.5951700210571289,0.14928099513053894,0.4332957863807678,0.5287055373191833,-0.483452171087265,0.4832858145236969,-0.5031692981719971,0.5608589053153992,0.15045608580112457,0.019978148862719536,0,0.5945096611976624,0.1495944857597351,0.4227391481399536,0.5309692621231079,-0.47959330677986145,0.4800751805305481,-0.5075328350067139,1
0.59532630443573,0.14932569861412048,0.43159475922584534,0.5286100506782532,-0.48340868949890137,0.4832768440246582,-0.5033199191093445,0.5608589053153992,0.15045608580112457,0.019978148862719536,0,0.594515323638916,0.1496385633945465,0.42032602429389954,0.5305680632591248,-0.4798620641231537,0.4803510904312134,-0.5074373483657837,1
0.5954691171646118,0.14937065541744232,0.4298173189163208,0.5284814834594727,-0.48339903354644775,0.48329877853393555,-0.5034431219100952,0.5608589053153992,0.15045608580112457,0.019978148862719536,0,0.594508945941925,0.14968159794807434,0.41791462898254395,0.5301665663719177,-0.4801309406757355,0.4806269407272339,-0.5073415637016296,1
0.5955983996391296,0.14941518008708954,0.42797204852104187,0.5283229351043701,-0.48341938853263855,0.4833480417728424,-0.5035426020622253,0.5608589053153992,0.15045608580112457,0.019978148862719536,0,0.5944898128509521,0.14972402155399323,0.4155057370662689,0.5297650694847107,-0.4803995192050934,0.48090219497680664,-0.5072457790374756,1
0.5957139730453491,0.14945991337299347,0.426065593957901,0.5281378626823425,-0.48346710205078125,0.48342201113700867,-0.5036199688911438,0.5608589053153992,0.15045608580112457,0.019978148862719536,0,0.5944584012031555,0.14976558089256287,0.41309863328933716,0.5293632745742798,-0.480668306350708,0.4811772406101227,-0.5071498155593872,1
0.5958151817321777,0.149504154920578,0.42410606145858765,0.5279291868209839,-0.48353850841522217,0.48351746797561646,-0.503678560256958,0.5608589053153992,0.15045608580112457,0.019978148862719536,0,0.5944141745567322,0.14980626106262207,0.41069433093070984,0.5289613604545593,-0.4809371531009674,0.4814516305923462,-0.5070539116859436,1
0.5959023237228394,0.14954791963100433,0.42209863662719727,0.5276992321014404,-0.4836312234401703,0.48363226652145386,-0.503720223903656,0.5608589053153992,0.15045608580112457,0.019978148862719536,0,0.5943578481674194,0.1498461365699768,0.4082918167114258,0.5285590887069702,-0.48120591044425964,0.48172587156295776,-0.5069578289985657,1
0.5959751605987549,0.14959140121936798,0.420048326253891,0.5274503231048584,-0.4837433397769928,0.4837644100189209,-0.5037464499473572,0.5608589053153992,0.15045608580112457,0.019978148862719536,0,0.5942888855934143,0.1498851329088211,0.40589219331741333,0.5281568169593811,-0.48147475719451904,0.4819996654987335,-0.5068616271018982,1
0.5960333347320557,0.14963462948799133,0.4179611802101135,0.5271849632263184,-0.48387202620506287,0.4839114248752594,-0.5037594437599182,0.5608589053153992,0.15045608580112457,0.019978148862719536,0,0.5942074656486511,0.14992307126522064,0.40349483489990234,0.5277540683746338,-0.4817434847354889,0.4822734594345093,-0.5067653656005859,1
0.5960772037506104,0.1496770828962326,0.4158402979373932,0.526904284954071,-0.48401620984077454,0.48407208919525146,-0.5037602782249451,0.5608589053153992,0.15045608580112457,0.019978148862719536,0,0.5941137671470642,0.14996033906936646,0.4011000394821167,0.5273512005805969,-0.48201239109039307,0.4825465679168701,-0.5066691040992737,1
0.5961065888404846,0.1497189998626709,0.41369014978408813,0.5266103148460388,-0.4841735363006592,0.48424485325813293,-0.5037503838539124,0.5608589053153992,0.15045608580112457,0.019978148862719536,0,0.5940077304840088,0.1499967873096466,0.39870792627334595,0.5269482731819153,-0.4822811782360077,0.48281919956207275,-0.5065726041793823,1
0.5961214900016785,0.149760439991951,0.4115138649940491,0.5263044238090515,-0.4843429625034332,0.4844282567501068,-0.5037308931350708,0.5608589053153992,0.15045608580112457,0.019978148862719536,0,0.5938892364501953,0.15003235638141632,0.3963187336921692,0.526545524597168,-0.48254984617233276,0.48309141397476196,-0.5064761638641357,1
0.5961220264434814,0.149801105260849,0.4093148410320282,0.5259877443313599,-0.4845231771469116,0.4846208989620209,-0.5037028193473816,0.5608589053153992,0.15045608580112457,0.019978148862719536,0,0.5937584042549133,0.1500670611858368,0.393932044506073,0.5261422395706177,-0.48281875252723694,0.48336347937583923,-0.5063794255256653,1
0.5961081385612488,0.14984124898910522,0.407095730304718,0.5256617665290833,-0.484712690114975,0.48482194542884827,-0.503667414188385,0.5608589053153992,0.15045608580112457,0.019978148862719536,0,0.5936152338981628,0.15010090172290802,0.3915485441684723,0.5257388353347778,-0.48308730125427246,0.4836350977420807,-0.5062829256057739,1
0.5960800051689148,0.14988046884536743,0.4048585891723633,0.5253270268440247,-0.48491084575653076,0.48503053188323975,-0.5036250352859497,0.5608589053153992,0.15045608580112457,0.019978148862719536,0,0.5934598445892334,0.1501336544752121,0.3891678750514984,0.5253350734710693,-0.4833558201789856,0.48390623927116394,-0.5061865448951721,1
0.5960375666618347,0.14991912245750427,0.40260598063468933,0.5249847769737244,-0.4851166307926178,0.4852456748485565,-0.5035764575004578,0.5608589053153992,0.15045608580112457,0.019978148862719536,0,0.5932921171188354,0.15016578137874603,0.38678985834121704,0.5249311923980713,-0.48362472653388977,0.4841771423816681,-0.5060896277427673,1
0.5959810018539429,0.1499570608139038,0.40034055709838867,0.524635910987854,-0.48532894253730774,0.4854663908481598,-0.5035229325294495,0.5608589053153992,0.15045608580112457,0.019978148862719536,0,0.5931119918823242,0.15019701421260834,0.38441529870033264,0.5245273113250732,-0.4838932454586029,0.4844476580619812,-0.5059928894042969,1
0.595910370349884,0.14999422430992126,0.3980625867843628,0.5242804288864136,-0.48554763197898865,0.4856925904750824,-0.5034641623497009,0.5608589053153992,0.15045608580112457,0.019978148862719536,0,0.5929198861122131,0.1502273976802826,0.3820437490940094,0.5241230130195618,-0.48416194319725037,0.4847176671028137,-0.5058961510658264,1
0.5958254933357239,0.1500306874513626,0.39577528834342957,0.523919939994812,-0.485771507024765,0.4859229028224945,-0.5034012794494629,0.5608589053153992,0.15045608580112457,0.019978148862719536,0,0.5927155017852783,0.1502569317817688,0.37967509031295776,0.5237187743186951,-0.4844307005405426,0.4849874675273895,-0.5057989954948425,1
0.5957269668579102,0.15006616711616516,0.3934793174266815,0.5235546827316284,-0.48599973320961,0.486157089471817,-0.5033348202705383,0.5608589053153992,0.15045608580112457,0.019978148862719536,0,0.5924988985061646,0.15028555691242218,0.3773097097873688,0.5233140587806702,-0.4846995174884796,0.4852570593357086,-0.5057018995285034,1
0.5956146717071533,0.15010090172290802,0.39117559790611267,0.5231846570968628,-0.4862326383590698,0.4863952398300171,-0.5032646656036377,0.5608589053153992,0.15045608580112457,0.019978148862719536,0,0.5922699570655823,0.1503131091594696,0.3749479055404663,0.5229092836380005,-0.48496806621551514,0.48552611470222473,-0.5056047439575195,1
0.5954885482788086,0.15013493597507477,0.38886600732803345,0.5228111743927002,-0.4864692687988281,0.48663580417633057,-0.5031914114952087,0.5608589053153992,0.15045608580112457,0.019978148862719536,0,0.5920289754867554,0.1503400206565857,0.3725893497467041,0.522504448890686,-0.48523664474487305,0.4857948124408722,-0.5055075287818909,1
0.5953488349914551,0.1501680463552475,0.3865513205528259,0.5224341154098511,-0.48670896887779236,0.48687946796417236,-0.5031155347824097,0.5608589053153992,0.15045608580112457,0.019978148862719536,0,0.5917758941650391,0.15036602318286896,0.37023434042930603,0.5220991969108582,-0.4855054020881653,0.486063152551651,-0.5054103136062622,1
0.5951956510543823,0.15020041167736053,0.3842322826385498,0.5220537781715393,-0.4869517982006073,0.4871252775192261,-0.5030373334884644,0.5608589053153992,0.15045608580112457,0.019978148862719536,0,0.5915104150772095,0.15039119124412537,0.36788302659988403,0.5216940641403198,-0.48577389121055603,0.4863308072090149,-0.505312979221344,1
0.5950288772583008,0.15023180842399597,0.3819105625152588,0.5216709971427917,-0.4871969223022461,0.48737308382987976,-0.502957284450531,0.5608589053153992,0.15045608580112457,0.019978148862719536,0,0.5912331938743591,0.15041546523571014,0.36553502082824707,0.5212886333465576,-0.4860425293445587,0.4865984618663788,-0.5052154660224915,1
0.5948489308357239,0.15026232600212097,0.3795859217643738,0.5212855339050293,-0.48744437098503113,0.48762258887290955,-0.5028752088546753,0.5608589053153992,0.15045608580112457,0.019978148862719536,0,0.5909439325332642,0.15043887495994568,0.3631904721260071,0.5208828449249268,-0.48631131649017334,0.4868657886981964,-0.5051177740097046,1
0.5946557521820068,0.15029208362102509,0.37725937366485596,0.5208978652954102,-0.48769411444664,0.48787370324134827,-0.5027912259101868,0.5608589053153992,0.15045608580112457,0.019978148862719536,0,0.5906422734260559,0.1504613608121872,0.3608502149581909,0.5204770565032959,-0.48657992482185364,0.4871324598789215,-0.5050203800201416,1
0.5944492220878601,0.15032115578651428,0.3749314546585083,0.5205080509185791,-0.48794588446617126,0.48812615871429443,-0.5027055740356445,0.5608589053153992,0.15045608580112457,0.019978148862719536,0,0.5903289318084717,0.15048278868198395,0.35851335525512695,0.5200708508491516,-0.48684847354888916,0.4873991012573242,-0.5049227476119995,1
0.5942298173904419,0.15034906566143036,0.3726029694080353,0.52011638879776,-0.4881991147994995,0.4883797764778137,-0.5026189088821411,0.5608589053153992,0.15045608580112457,0.019978148862719536,0,0.5900033116340637,0.15050354599952698,0.35618066787719727,0.5196648240089417,-0.4871169328689575,0.4876650273799896,-0.5048249363899231,1
0.5939973592758179,0.15037627518177032,0.3702744245529175,0.5197232961654663,-0.48845374584198,0.4886341989040375,-0.5025308728218079,0.5608589053153992,0.15045608580112457,0.019978148862719536,0,0.5896658301353455,0.15052342414855957,0.35385140776634216,0.5192583799362183,-0.487385630607605,0.48793092370033264,-0.5047270655632019,1
0.5937520265579224,0.15040259063243866,0.36794614791870117,0.5193285942077637,-0.4887096583843231,0.48888933658599854,-0.5024418830871582,0.5608589053153992,0.15045608580112457,0.019978148862719536,0,0.5893164277076721,0.15054242312908173,0.35152652859687805,0.5188518762588501,-0.48765426874160767,0.4881962239742279,-0.5046289563179016,1
0.5934938192367554,0.1504279524087906,0.36561861634254456,0.5189327001571655,-0.4889664947986603,0.48914530873298645,-0.5023519396781921,0.5608589053153992,0.15045608580112457,0.019978148862719536,0,0.5889550447463989,0.15056051313877106,0.34920573234558105,0.5184451341629028,-0.4879227578639984,0.48846107721328735,-0.50453120470047,1
0.5932228565216064,0.1504526138305664,0.36329227685928345,0.5185357332229614,-0.48922455310821533,0.48940160870552063,-0.5022609829902649,0.5608589053153992,0.15045608580112457,0.019978148862719536,0,0.5885818600654602,0.15057773888111115,0.34688904881477356,0.5180382132530212,-0.4881913363933563,0.4887257516384125,-0.5044331550598145,1
0.5929393172264099,0.1504761427640915,0.3609672486782074,0.5181374549865723,-0.48948317766189575,0.48965853452682495,-0.5021694302558899,0.5608589053153992,0.15045608580112457,0.019978148862719536,0,0.5881968140602112,0.15059387683868408,0.34457629919052124,0.5176311135292053,-0.48845985531806946,0.48899003863334656,-0.5043349862098694,1
0.5926432013511658,0.15049903094768524,0.35864385962486267,0.5177383422851562,-0.4897429645061493,0.4899155795574188,-0.5020771026611328,0.5608589053153992,0.15045608580112457,0.019978148862719536,0,0.5877997875213623,0.1506093442440033,0.3422679603099823,0.5172237157821655,-0.488728404045105,0.48925381898880005,-0.5042368769645691,1
0.5923344492912292,0.15052096545696259,0.3563231825828552,0.5173386335372925,-0.49000295996665955,0.49017268419265747,-0.5019844770431519,0.5608589053153992,0.15045608580112457,0.019978148862719536,0,0.5873910188674927,0.15062391757965088,0.33996379375457764,0.5168163776397705,-0.4889970123767853,0.4895172417163849,-0.5041385293006897,1
0.5920132398605347,0.1505419760942459,0.35400429368019104,0.5169379115104675,-0.4902639389038086,0.4904303252696991,-0.501891016960144,0.5608589053153992,0.15045608580112457,0.019978148862719536,0,0.5869704484939575,0.15063758194446564,0.3376641869544983,0.5164087414741516,-0.48926547169685364,0.48978039622306824,-0.5040401816368103,1
0.591679573059082,0.1505621075630188,0.35168829560279846,0.5165364742279053,-0.4905252456665039,0.49068790674209595,-0.5017971396446228,0.5608589053153992,0.15045608580112457,0.019978148862719536,0,0.5865382552146912,0.15065039694309235,0.3353690207004547,0.5160008668899536,-0.4895339012145996,0.49004313349723816,-0.5039417147636414,1
0.5913336277008057,0.15058130025863647,0.3493748903274536,0.5161343216896057,-0.49078696966171265,0.49094563722610474,-0.5017028450965881,0.5608589053153992,0.15045608580112457,0.019978148862719536,0,0.5860940217971802,0.15066230297088623,0.33307865262031555,0.5155931711196899,-0.4898023307323456,0.4903053641319275,-0.5038431882858276,1
0.5909754633903503,0.1505996286869049,0.3470642864704132,0.5157315731048584,-0.4910494089126587,0.4912034273147583,-0.5016079545021057,0.5608589053153992,0.15045608580112457,0.019978148862719536,0,0.5856384038925171,0.15067312121391296,0.3307923972606659,0.5151846408843994,-0.4900708496570587,0.4905674457550049,-0.5037447214126587,1
0.5906050205230713,0.15061724185943604,0.34475696086883545,0.5153284072875977,-0.49131205677986145,0.49146103858947754,-0.501512885093689,0.5608589053153992,0.15045608580112457,0.019978148862719536,0,0.5851708054542542,0.1506832242012024,0.32851094007492065,0.5147762298583984,-0.49033933877944946,0.49082913994789124,-0.5036460161209106,1
0.5902224183082581,0.1506337672472,0.34245339035987854,0.5149247646331787,-0.49157482385635376,0.49171867966651917,-0.5014174580574036,0.5608589053153992,0.15045608580112457,0.019978148862719536,0,0.5846916437149048,0.15069247782230377,0.32623445987701416,0.5143678784370422,-0.4906078279018402,0.4910903573036194,-0.503547191619873,1
0.5898276567459106,0.15064936876296997,0.3401529788970947,0.5145203471183777,-0.4918377995491028,0.4919762909412384,-0.5013217926025391,0.5608589053153992,0.15045608580112457,0.019978148862719536,0,0.5842010378837585,0.15070083737373352,0.32396209239959717,0.5139589309692383,-0.4908764660358429,0.491351455450058,-0.5034482479095459,1
0.5894206762313843,0.150664284825325,0.33785682916641235,0.514116108417511,-0.4921010732650757,0.49223315715789795,-0.5012261271476746,0.5608589053153992,0.15045608580112457,0.019978148862719536,0,0.5836987495422363,0.15070831775665283,0.32169511914253235,0.5135502815246582,-0.49114492535591125,0.4916118085384369,-0.503349244594574,1
0.5890018343925476,0.15067830681800842,0.3355642855167389,0.5137112736701965,-0.49236440658569336,0.49249014258384705,-0.5011300444602966,0.5608589053153992,0.15045608580112457,0.019978148862719536,0,0.5831847786903381,0.15071488916873932,0.3194331228733063,0.5131410956382751,-0.4914133846759796,0.49187183380126953,-0.5032504796981812,1
0.5885711312294006,0.1506912112236023,0.33327555656433105,0.5133060812950134,-0.4926280081272125,0.49274691939353943,-0.5010337829589844,0.5608589053153992,0.15045608580112457,0.019978148862719536,0,0.5826594233512878,0.15072034299373627,0.31717580556869507,0.5127317905426025,-0.4916817247867584,0.4921318292617798,-0.5031514167785645,1
0.588128387928009,0.15070343017578125,0.33099114894866943,0.5129006505012512,-0.49289166927337646,0.49300330877304077,-0.5009375214576721,0.5608589053153992,0.15045608580112457,0.019978148862719536,0,0.5821225047111511,0.15072515606880188,0.31492385268211365,0.5123226642608643,-0.49195006489753723,0.49239104986190796,-0.5030523538589478,1
0.5876737236976624,0.15071453154087067,0.32871100306510925,0.5124948024749756,-0.49315541982650757,0.49325963854789734,-0.5008410215377808,0.5608589053153992,0.15045608580112457,0.019978148862719536,0,0.5815742015838623,0.15072904527187347,0.31267648935317993,0.5119128823280334,-0.492218554019928,0.4926501214504242,-0.5029531717300415,1
0.5872073173522949,0.15072497725486755,0.3264350891113281,0.5120886564254761,-0.4934195280075073,0.49351567029953003,-0.5007439851760864,0.5608589053153992,0.15045608580112457,0.019978148862719536,0,0.5810143351554871,0.15073204040527344,0.3104345500469208,0.5115031003952026,-0.4924871325492859,0.492908775806427,-0.5028537511825562,1
0.5867291688919067,0.15073451399803162,0.3241637945175171,0.5116823315620422,-0.4936835467815399,0.49377119541168213,-0.5006471872329712,0.5608589053153992,0.15045608580112457,0.019978148862719536,0,0.5804430246353149,0.15073415637016296,0.30819809436798096,0.511093258857727,-0.49275532364845276,0.4931669533252716,-0.5027544498443604,1
0.586239218711853,0.15074314177036285,0.32189682126045227,0.5112756490707397,-0.4939477741718292,0.49402669072151184,-0.5005501508712769,0.5608589053153992,0.15045608580112457,0.019978148862719536,0,0.579860508441925,0.15073539316654205,0.30596670508384705,0.5106830596923828,-0.49302375316619873,0.49342504143714905,-0.5026549100875854,1
0.5857376456260681,0.15075068175792694,0.31963467597961426,0.5108687877655029,-0.49421173334121704,0.4942817687988281,-0.5004530549049377,0.5608589053153992,0.15045608580112457,0.019978148862719536,0,0.5792666673660278,0.1507355123758316,0.30374065041542053,0.5102729201316833,-0.493291974067688,0.49368250370025635,-0.5025554895401001,1
0.5852243900299072,0.1507575511932373,0.3173772990703583,0.510461688041687,-0.4944758415222168,0.49453654885292053,-0.5003560185432434,0.5608589053153992,0.15045608580112457,0.019978148862719536,0,0.5786613821983337,0.15073493123054504,0.3015197813510895,0.5098621845245361,-0.4935605227947235,0.4939398467540741,-0.5024557709693909,1
0.5846994519233704,0.15076348185539246,0.3151247799396515,0.5100544691085815,-0.49473994970321655,0.49479079246520996,-0.50025874376297,0.5608589053153992,0.15045608580112457,0.019978148862719536,0,0.5780447721481323,0.15073348581790924,0.2993046045303345,0.5094516277313232,-0.49382901191711426,0.49419644474983215,-0.5023561120033264,1
0.5841630101203918,0.15076854825019836,0.312877357006073,0.5096471905708313,-0.49500399827957153,0.4950447380542755,-0.5001614093780518,0.5608589053153992,0.15045608580112457,0.019978148862719536,0,0.5774170160293579,0.1507311314344406,0.2970951497554779,0.5090409517288208,-0.49409717321395874,0.49445298314094543,-0.5022563934326172,1
0.5836150050163269,0.15077272057533264,0.3106348514556885,0.5092396140098572,-0.49526816606521606,0.49529823660850525,-0.500063955783844,0.5608589053153992,0.15045608580112457,0.019978148862719536,0,0.5767779350280762,0.15072789788246155,0.29489099979400635,0.5086298584938049,-0.49436554312705994,0.4947091042995453,-0.5021564364433289,1
0.5830555558204651,0.1507759988307953,0.3083975613117218,0.5088321566581726,-0.4955320656299591,0.49555137753486633,-0.4999665319919586,0.5608589053153992,0.15045608580112457,0.019978148862719536,0,0.5761277675628662,0.15072377026081085,0.29269281029701233,0.5082188248634338,-0.4946339726448059,0.4949645400047302,-0.5020567178726196,1
0.582484781742096,0.1507784128189087,0.3061653673648834,0.5084242820739746,-0.49579599499702454,0.49580416083335876,-0.4998691976070404,0.5608589053153992,0.15045608580112457,0.019978148862719536,0,0.575466513633728,0.15071851015090942,0.2905002236366272,0.5078073740005493,-0.4949020743370056,0.4952199459075928,-0.5019568204879761,1
0.5819025635719299,0.15077966451644897,0.303938627243042,0.5080162882804871,-0.4960598945617676,0.49605655670166016,-0.49977174401283264,0.5608589053153992,0.15045608580112457,0.019978148862719536,0,0.5747942328453064,0.15071262419223785,0.2883133292198181,0.5073960423469543,-0.49517035484313965,0.49547478556632996,-0.5018566846847534,1
0.5813089609146118,0.15078027546405792,0.3017173409461975,0.5076082944869995,-0.49632367491722107,0.4963086247444153,-0.49967411160469055,0.5608589053153992,0.15045608580112457,0.019978148862719536,0,0.5741106271743774,0.15070581436157227,0.2861326336860657,0.5069844126701355,-0.4954385757446289,0.4957292973995209,-0.5017566680908203,1
0.5807039737701416,0.15077999234199524,0.29950112104415894,0.5071998834609985,-0.4965876042842865,0.49656030535697937,-0.49957653880119324,0.5608589053153992,0.15045608580112457,0.019978148862719536,0,0.5734161734580994,0.15069812536239624,0.28395751118659973,0.5065726041793823,-0.49570682644844055,0.4959835708141327,-0.5016564726829529,1
0.5800877809524536,0.15077881515026093,0.2972905933856964,0.5067915916442871,-0.4968514144420624,0.4968114495277405,-0.49947884678840637,0.5608589053153992,0.15045608580112457,0.019978148862719536,0,0.5727106928825378,0.1506895124912262,0.28178834915161133,0.5061606168746948,-0.49597516655921936,0.49623721837997437,-0.5015560984611511,1
0.5794603824615479,0.15077674388885498,0.2950853705406189,0.506382942199707,-0.4971153736114502,0.49706244468688965,-0.4993811547756195,0.5608589053153992,0.15045608580112457,0.019978148862719536,0,0.5719942450523376,0.15068002045154572,0.2796253561973572,0.505748450756073,-0.49624332785606384,0.4964906573295593,-0.5014558434486389,1
0.57882159948349,0.15077374875545502,0.29288622736930847,0.505974292755127,-0.4973790645599365,0.4973127841949463,-0.49928340315818787,0.5608589053153992,0.15045608580112457,0.019978148862719536,0,0.5712668895721436,0.15066945552825928,0.2774685025215149,0.5053359866142273,-0.49651145935058594,0.4967437982559204,-0.5013554692268372,1
0.5781717300415039,0.1507699191570282,0.290692538022995,0.5055655837059021,-0.4976426362991333,0.4975629150867462,-0.499185711145401,0.5608589053153992,0.15045608580112457,0.019978148862719536,0,0.5705286264419556,0.15065817534923553,0.2753176987171173,0.5049235820770264,-0.49677982926368713,0.4969964027404785,-0.5012550354003906,1
0.5775109529495239,0.15076495707035065,0.28850480914115906,0.5051567554473877,-0.49790605902671814,0.4978124499320984,-0.4990880489349365,0.5608589053153992,0.15045608580112457,0.019978148862719536,0,0.5697795152664185,0.15064603090286255,0.273173063993454,0.504510760307312,-0.49704816937446594,0.4972487986087799,-0.501154363155365,1
0.5768389701843262,0.15075956284999847,0.2863224148750305,0.5047476887702942,-0.49816977977752686,0.4980616271495819,-0.49899011850357056,0.5608589053153992,0.15045608580112457,0.019978148862719536,0,0.5690195560455322,0.15063297748565674,0.27103477716445923,0.5040978789329529,-0.4973163902759552,0.49750062823295593,-0.5010535717010498,1
0.5761559009552002,0.15075305104255676,0.2841464579105377,0.5043386816978455,-0.49843332171440125,0.4983103573322296,-0.49889227747917175,0.5608589053153992,0.15045608580112457,0.019978148862719536,0,0.5682488679885864,0.1506190299987793,0.2689026892185211,0.5036849975585938,-0.49758443236351013,0.49775227904319763,-0.5009528994560242,1
0.5754619836807251,0.1507454365491867,0.2819768488407135,0.5039296746253967,-0.4986961781978607,0.49855858087539673,-0.4987948536872864,0.5608589053153992,0.15045608580112457,0.019978148862719536,0,0.5674673318862915,0.15060420334339142,0.26677724719047546,0.5032718181610107,-0.49785247445106506,0.4980034828186035,-0.5008520483970642,1
0.5747570991516113,0.15073716640472412,0.27981245517730713,0.5035202503204346,-0.4989596903324127,0.49880656599998474,-0.49869677424430847,0.5608589053153992,0.15045608580112457,0.019978148862719536,0,0.5666753649711609,0.1505882889032364,0.2646578550338745,0.5028583407402039,-0.4981207549571991,0.4982542395591736,-0.500751256942749,1
0.5740413069725037,0.1507280021905899,0.2776544690132141,0.5031108856201172,-0.4992228150367737,0.4990540146827698,-0.4985990524291992,0.5608589053153992,0.15045608580112457,0.019978148862719536,0,0.5658725500106812,0.15057167410850525,0.2625454068183899,0.5024448037147522,-0.4983889162540436,0.49850472807884216,-0.5006503462791443,1
0.5733144283294678,0.15071792900562286,0.2755030393600464,0.5027015209197998,-0.4994859993457794,0.4993009865283966,-0.498501181602478,0.5608589053153992,0.15045608580112457,0.019978148862719536,0,0.5650593042373657,0.15055418014526367,0.26043957471847534,0.5020313858985901,-0.49865689873695374,0.4987545609474182,-0.50054931640625,1
0.5725768208503723,0.15070697665214539,0.27335745096206665,0.5022918581962585,-0.4997490644454956,0.49954769015312195,-0.49840331077575684,0.5608589053153992,0.15045608580112457,0.019978148862719536,0,0.5642351508140564,0.15053580701351166,0.2583402395248413,0.5016174912452698,-0.49892497062683105,0.4990043342113495,-0.5004482269287109,1
0.5718284845352173,0.15069516003131866,0.27121785283088684,0.5018821358680725,-0.5000121593475342,0.4997941255569458,-0.49830514192581177,0.5608589053153992,0.15045608580112457,0.019978148862719536,0,0.5634007453918457,0.15051652491092682,0.25624731183052063,0.5012034177780151,-0.49919310212135315,0.4992537796497345,-0.5003468990325928,1
0.5710694193840027,0.15068243443965912,0.2690853476524353,0.5014724731445312,-0.5002748966217041,0.5000396966934204,-0.4982074499130249,0.5608589053153992,0.15045608580112457,0.019978148862719536,0,0.5625556707382202,0.15049636363983154,0.25416138768196106,0.5007891654968262,-0.4994613230228424,0.4995025098323822,-0.5002456307411194,1
0.5702995657920837,0.15066884458065033,0.26695889234542847,0.5010626316070557,-0.5005376935005188,0.5002849698066711,-0.4981095492839813,0.5608589053153992,0.15045608580112457,0.019978148862719536,0,0.5617002248764038,0.1504751294851303,0.25208204984664917,0.5003746151924133,-0.4997292757034302,0.4997512400150299,-0.500144362449646,1
0.5695189833641052,0.1506543606519699,0.26483872532844543,0.500652551651001,-0.500800609588623,0.5005300045013428,-0.4980114996433258,0.5608589053153992,0.15045608580112457,0.019978148862719536,0,0.5608344078063965,0.15045322477817535,0.2500094771385193,0.4999602437019348,-0.49999743700027466,0.4999995827674866,-0.500042736530304,1
0.5687279105186462,0.15063878893852234,0.2627253532409668,0.5002421736717224,-0.5010632276535034,0.5007746815681458,-0.4979135990142822,0.5608589053153992,0.15045608580112457,0.019978148862719536,1,0.5687279105186462,0.15063878893852234,0.2627253532409668,0.5002421736717224,-0.5010632276535034,0.5007746815681458,-0.4979135990142822,0
0.5684198141098022,0.15064053237438202,0.26125994324684143,0.49962374567985535,-0.5016971230506897,0.5012935996055603,-0.4973738491535187,0.5608589053153992,0.15045608580112457,0.019978148862719536,1,0.5687279105186462,0.15063878893852234,0.2627253532409668,0.5002421736717224,-0.5010632276535034,0.5007746815681458,-0.4979135990142822,0
0.5684443712234497,0.15065012872219086,0.26043081283569336,0.4991469979286194,-0.5021767616271973,0.5017048120498657,-0.4969537556171417,0.5608589053153992,0.15045608580112457,0.019978148862719536,1,0.5687279105186462,0.15063878893852234,0.2627253532409668,0.5002421736717224,-0.5010632276535034,0.5007746815681458,-0.4979135990142822,0
0.5684975981712341,0.15064771473407745,0.2598631978034973,0.4988248646259308,-0.5024905204772949,0.5019834637641907,-0.49667853116989136,0.5608589053153992,0.15045608580112457,0.019978148862719536,1,0.5687279105186462,0.15063878893852234,0.2627253532409668,0.5002421736717224,-0.5010632276535034,0.5007746815681458,-0.4979135990142822,0
0.5685471296310425,0.15064390003681183,0.25942137837409973,0.49857527017593384,-0.5027313232421875,0.5021994113922119,-0.49646711349487305,0.5608589053153992,0.15045608580112457,0.019978148862719536,1,0.5687279105186462,0.15063878893852234,0.2627253532409668,0.5002421736717224,-0.5010632276535034,0.5007746815681458,-0.4979135990142822,0
0.5685911774635315,0.15064145624637604,0.25905224680900574,0.4983674883842468,-0.5029317736625671,0.5023791790008545,-0.4962907135486603,0.5608589053153992,0.15045608580112457,0.019978148862719536,1,0.5687279105186462,0.15063878893852234,0.2627253532409668,0.5002421736717224,-0.5010632276535034,0.5007746815681458,-0.4979135990142822,0
0.5686301589012146,0.15064014494419098,0.25873297452926636,0.49818843603134155,-0.5031053423881531,0.5025339722633362,-0.49613797664642334,0.5608589053153992,0.15045608580112457,0.019978148862719536,1,0.5687279105186462,0.15063878893852234,0.2627253532409668,0.5002421736717224,-0.5010632276535034,0.5007746815681458,-0.4979135990142822,0
0.5686657428741455,0.150636225938797,0.2584550678730011,0.4980292320251465,-0.5032569766044617,0.5026676654815674,-0.49600863456726074,0.5607860684394836,0.15101125836372375,0.020251141861081123,1,0.5687279105186462,0.15063878893852234,0.2627253532409668,0.5002421736717224,-0.5010632276535034,0.5007746815681458,-0.4979135990142822,0
0.5686972141265869,0.15063482522964478,0.258207768201828,0.49789053201675415,-0.5033906102180481,0.5027872323989868,-0.49589091539382935,0.5606757402420044,0.1511395424604416,0.020318742841482162,1,0.5686972141265869,0.15063482522964478,0.258207768201828,0.49789053201675415,-0.5033906102180481,0.5027872323989868,-0.49589091539382935,0
0.5687150955200195,0.15064197778701782,0.2577490210533142,0.4976573586463928,-0.5036255717277527,0.5029866695404053,-0.49568411707878113,0.5604883432388306,0.15101894736289978,0.019899539649486542,1,0.5742110013961792,0.15061946213245392,0.26529669761657715,0.5024933218955994,-0.5002661347389221,0.499943345785141,-0.49728354811668396,0
0.5691725611686707,0.15067751705646515,0.2576122283935547,0.4976446330547333,-0.5038121938705444,0.5030926465988159,-0.4953996241092682,0.5607203841209412,0.15093551576137543,0.019829459488391876,1,0.5795838832855225,0.15058614313602448,0.2724666893482208,0.507074236869812,-0.49713799357414246,0.49705392122268677,-0.4986649453639984,0
0.570103108882904,0.15070901811122894,0.2580110430717468,0.49798426032066345,-0.5037756562232971,0.5029975175857544,-0.4951920211315155,0.5615618228912354,0.15090405941009521,0.020189516246318817,1,0.5848139524459839,0.15053541958332062,0.27971482276916504,0.5116331577301025,-0.49400684237480164,0.4941197335720062,-0.5000343918800354,0
0.5714902281761169,0.15073180198669434,0.259017676115036,0.49871715903282166,-0.5034576058387756,0.5026573538780212,-0.49512335658073425,0.5632031559944153,0.15096840262413025,0.021006781607866287,1,0.5898997187614441,0.15046733617782593,0.28703784942626953,0.5161691904067993,-0.49087297916412354,0.4911404848098755,-0.5013920664787292,0
0.5732964277267456,0.1507459431886673,0.26063546538352966,0.49983957409858704,-0.5028496980667114,0.5020635724067688,-0.4952118694782257,0.5655742287635803,0.15112735331058502,0.02235625497996807,1,0.5948398113250732,0.15038204193115234,0.29443371295928955,0.5206824541091919,-0.48773622512817383,0.4881165027618408,-0.5027379393577576,0
0.5754750370979309,0.15075230598449707,0.2628359794616699,0.5013282895088196,-0.501965343952179,0.5012244582176208,-0.4954540729522705,0.5685762763023376,0.15136295557022095,0.024266529828310013,1,0.5996325612068176,0.15027976036071777,0.3018994927406311,0.5251721739768982,-0.4845965504646301,0.4850478768348694,-0.5040723085403442,0
0.5779787302017212,0.1507512629032135,0.2655777931213379,0.503151535987854,-0.5008269548416138,0.5001550912857056,-0.49583831429481506,0.5721394419670105,0.1516660898923874,0.026708541437983513,1,0.6042765378952026,0.15016070008277893,0.309432715177536,0.529638409614563,-0.48145443201065063,0.48193463683128357,-0.5053946375846863,0
0.5807526707649231,0.15074093639850616,0.26880231499671936,0.5052659511566162,-0.4994673728942871,0.4988813102245331,-0.49634265899658203,0.5761799812316895,0.15202361345291138,0.029632646590471268,1,0.6087706089019775,0.1500251442193985,0.31703001260757446,0.5340805053710938,-0.47830989956855774,0.4787767827510834,-0.5067054033279419,0
0.5837498903274536,0.15072105824947357,0.27245616912841797,0.5076325535774231,-0.4979170262813568,0.4974260926246643,-0.4969457983970642,0.5806236267089844,0.15242749452590942,0.03299235180020332,1,0.6131129860877991,0.1498730182647705,0.3246886134147644,0.5384979248046875,-0.47516298294067383,0.47557517886161804,-0.5080041885375977,0
0.5869325995445251,0.15069086849689484,0.2764991819858551,0.5102202892303467,-0.4961985647678375,0.49580544233322144,-0.4976336658000946,0.5854125022888184,0.1528707891702652,0.03675307333469391,1,0.6173027157783508,0.14970506727695465,0.3324061930179596,0.5428907871246338,-0.4720138907432556,0.4723290801048279,-0.509291410446167,0
0.5902666449546814,0.15064969658851624,0.28089669346809387,0.5130029916763306,-0.4943305253982544,0.4940323829650879,-0.498394638299942,0.5904957056045532,0.15334677696228027,0.04088601842522621,1,0.6213383078575134,0.14952129125595093,0.3401796221733093,0.5472586154937744,-0.46886271238327026,0.4690389633178711,-0.5105665326118469,0
0.5937209129333496,0.15059727430343628,0.2856186032295227,0.5159569978713989,-0.4923293888568878,0.4921191334724426,-0.49921828508377075,0.5958272218704224,0.15384934842586517,0.04536605626344681,1,0.6252188086509705,0.14932194352149963,0.34800559282302856,0.5516005158424377,-0.4657098054885864,0.4657052755355835,-0.5118298530578613,0
0.5972668528556824,0.1505325883626938,0.2906387150287628,0.5190619230270386,-0.49020901322364807,0.4900749921798706,-0.5000961422920227,0.6013654470443726,0.1543731391429901,0.05017075315117836,1,0.6289432048797607,0.14910730719566345,0.3558811545372009,0.555916428565979,-0.4625551700592041,0.462328165769577,-0.5130810737609863,0
0.6008786559104919,0.15045534074306488,0.29593315720558167,0.5222992897033691,-0.4879819452762604,0.48790884017944336,-0.5010210275650024,0.6070725917816162,0.1549132615327835,0.05527988821268082,1,0.6325101256370544,0.14887762069702148,0.3638039827346802,0.5602060556411743,-0.45939889550209045,0.4589073657989502,-0.5143206715583801,0
0.6045324802398682,0.15036511421203613,0.3014799654483795,0.5256522297859192,-0.4856599271297455,0.485628604888916,-0.5019850730895996,0.6129143238067627,0.15546536445617676,0.06067498028278351,1,0.6359189748764038,0.1486329585313797,0.371770441532135,0.5644689202308655,-0.45624104142189026,0.4554435908794403,-0.5155481696128845,0
0.6082070469856262,0.15026120841503143,0.30726009607315063,0.5291059017181396,-0.4832523763179779,0.48324084281921387,-0.5029835104942322,0.6188510656356812,0.15602131187915802,0.0663987472653389,1,0.6391681432723999,0.1483740210533142,0.37977826595306396,0.5687047243118286,-0.4530820846557617,0.4519365727901459,-0.5167637467384338,0
0.6118830442428589,0.15014368295669556,0.3132548928260803,0.5326470136642456,-0.4807683229446411,0.4807518422603607,-0.5040103793144226,0.6248759031295776,0.15659372508525848,0.07230301946401596,1,0.6422576904296875,0.14810092747211456,0.38782376050949097,0.5729132890701294,-0.4499218165874481,0.4483865797519684,-0.5179673433303833,0
0.615542471408844,0.15001189708709717,0.3194490671157837,0.5362638831138611,-0.478215754032135,0.4781673550605774,-0.505061149597168,0.6309497952461243,0.157166987657547,0.07844461500644684,1,0.6451858282089233,0.14781390130519867,0.39590421319007874,0.5770939588546753,-0.4467605650424957,0.444793701171875,-0.5191590785980225,0
0.6191699504852295,0.14986613392829895,0.3258264362812042,0.5399453043937683,-0.4756017029285431,0.4754919409751892,-0.5061317086219788,0.6370470523834229,0.15774041414260864,0.084818996489048,1,0.6479524374008179,0.14751330018043518,0.4040166139602661,0.5812464952468872,-0.4435983896255493,0.44115832448005676,-0.5203386545181274,0
0.6227507591247559,0.14970584213733673,0.332373708486557,0.5436817407608032,-0.472932904958725,0.47273051738739014,-0.5072184205055237,0.6431471705436707,0.15830273926258087,0.09141261130571365,1,0.6505565047264099,0.1471993625164032,0.41215750575065613,0.5853703618049622,-0.4404354393482208,0.4374808669090271,-0.5215060114860535,0
0.6262722015380859,0.14953091740608215,0.339077889919281,0.5474644899368286,-0.4702144265174866,0.46988698840141296,-0.5083180069923401,0.6492361426353455,0.1588594913482666,0.09820311516523361,1,0.6529974937438965,0.14687247574329376,0.4203245937824249,0.5894657373428345,-0.43727174401283264,0.43376076221466064,-0.5226614475250244,0
0.6297225952148438,0.14934182167053223,0.3459273874759674,0.5512856841087341,-0.46745190024375916,0.4669649004936218,-0.509427547454834,0.6553069949150085,0.15945211052894592,0.10518961399793625,1,0.6552749276161194,0.14653263986110687,0.4285140037536621,0.5935314893722534,-0.4341077208518982,0.42999914288520813,-0.5238049030303955,0
0.6330915093421936,0.1491381675004959,0.3529100716114044,0.5551382899284363,-0.4646497368812561,0.46396806836128235,-0.51054447889328,0.6613108515739441,0.1599758267402649,0.11235670000314713,1,0.6573880910873413,0.14618068933486938,0.43672314286231995,0.5975677371025085,-0.43094319105148315,0.4261954128742218,-0.5249363780021667,0
0.636369526386261,0.1489199846982956,0.36001673340797424,0.5590159296989441,-0.46181195974349976,0.4608989357948303,-0.5116668343544006,0.667255163192749,0.1604894995689392,0.11969103664159775,1,0.6593365669250488,0.14581674337387085,0.44494882225990295,0.601574182510376,-0.4277783930301666,0.4223501980304718,-0.5260555148124695,0
0.6395477056503296,0.148687481880188,0.36723729968070984,0.562913179397583,-0.4589424133300781,0.45776063203811646,-0.5127922296524048,0.6731290221214294,0.16099683940410614,0.1271822452545166,1,0.6611197590827942,0.14544107019901276,0.4531877636909485,0.6055500507354736,-0.42461368441581726,0.4184635877609253,-0.5271626710891724,0
0.6426188945770264,0.14844094216823578,0.3745628595352173,0.5668249726295471,-0.45604389905929565,0.4545552432537079,-0.5139191746711731,0.6789263486862183,0.16150464117527008,0.1348159909248352,1,0.6627377867698669,0.14505402743816376,0.4614368677139282,0.6094954609870911,-0.42144888639450073,0.41453590989112854,-0.5282576084136963,0
0.6455762386322021,0.1481800526380539,0.3819849193096161,0.5707463622093201,-0.4531194865703583,0.45128560066223145,-0.5150461196899414,0.6846026182174683,0.16198725998401642,0.14263342320919037,1,0.6641899347305298,0.1446559578180313,0.46969321370124817,0.613409698009491,-0.4182843565940857,0.41056716442108154,-0.529340386390686,0
0.6484134793281555,0.14790543913841248,0.38949501514434814,0.5746729969978333,-0.4501726031303406,0.44795331358909607,-0.5161718726158142,0.6902087926864624,0.1624717116355896,0.15053926408290863,1,0.6654760837554932,0.14424718916416168,0.47795361280441284,0.6172927021980286,-0.41512012481689453,0.40655776858329773,-0.5304109454154968,0
0.6511251330375671,0.1476171910762787,0.3970864415168762,0.5786018371582031,-0.44720450043678284,0.4445604979991913,-0.5172947645187378,0.6957023739814758,0.16294193267822266,0.1585695892572403,1,0.6665963530540466,0.14382784068584442,0.4862144887447357,0.6211437582969666,-0.4119563698768616,0.4025079607963562,-0.5314694046974182,0
0.6537060737609863,0.14731548726558685,0.40475112199783325,0.5825285911560059,-0.444218248128891,0.44110921025276184,-0.5184140205383301,0.701073169708252,0.1633966565132141,0.16672061383724213,1,0.6675499677658081,0.143398717045784,0.4944736957550049,0.6249631643295288,-0.40879300236701965,0.3984176218509674,-0.5325154662132263,0
0.6561523675918579,0.14700058102607727,0.412483274936676,0.5864511132240295,-0.4412151277065277,0.43760043382644653,-0.5195288062095642,0.7063151001930237,0.163835808634758,0.17498472332954407,1,0.6683375835418701,0.14295996725559235,0.5027271509170532,0.6287499666213989,-0.40563055872917175,0.3942871391773224,-0.5335493683815002,0
0.6584597229957581,0.14667277038097382,0.4202755093574524,0.5903657674789429,-0.43819719552993774,0.4340360164642334,-0.520638108253479,0.7114835977554321,0.1643476039171219,0.18332844972610474,1,0.668958842754364,0.14251191914081573,0.510972261428833,0.6325041055679321,-0.4024689793586731,0.39011672139167786,-0.5345709323883057,0
0.6606246829032898,0.14633236825466156,0.428122341632843,0.5942705273628235,-0.4351658523082733,0.43041741847991943,-0.5217412114143372,0.7164208889007568,0.1647273302078247,0.19180916249752045,1,0.6694141030311584,0.14205530285835266,0.5192049741744995,0.6362249851226807,-0.39930862188339233,0.38590723276138306,-0.5355798602104187,0
0.6626440286636353,0.14597947895526886,0.4360182285308838,0.5981632471084595,-0.4321223199367523,0.4267454445362091,-0.5228376984596252,0.7212156057357788,0.16509008407592773,0.20038235187530518,1,0.6697033047676086,0.14158976078033447,0.5274234414100647,0.6399126648902893,-0.39614906907081604,0.38165807723999023,-0.5365768074989319,0
0.6645152568817139,0.14561478793621063,0.44395655393600464,0.6020414233207703,-0.42906832695007324,0.4230216443538666,-0.5239265561103821,0.7258710861206055,0.16544607281684875,0.20903781056404114,1,0.6698287129402161,0.14108596742153168,0.5361359119415283,0.6437936425209045,-0.39279356598854065,0.37710055708885193,-0.5376225709915161,0
0.6662493944168091,0.14523813128471375,0.45196378231048584,0.6059188842773438,-0.4259974956512451,0.41923338174819946,-0.5250063538551331,0.7304080128669739,0.16580162942409515,0.21780158579349518,1,0.6697673201560974,0.14057359099388123,0.5448242425918579,0.647636353969574,-0.3894394338130951,0.372499018907547,-0.5386543869972229,0
0.6678400039672852,0.14484797418117523,0.46004340052604675,0.6097981929779053,-0.422902911901474,0.41537582874298096,-0.5260817408561707,0.7348242402076721,0.1661538928747177,0.2266804426908493,1,0.6695193648338318,0.14005257189273834,0.553485095500946,0.6514399647712708,-0.38608697056770325,0.36785396933555603,-0.539672315120697,0
0.6692801117897034,0.14444389939308167,0.46819165349006653,0.6136768460273743,-0.4197845160961151,0.4114483892917633,-0.5271543860435486,0.7391014099121094,0.16649332642555237,0.23567479848861694,1,0.6690852642059326,0.13952389359474182,0.5621141195297241,0.6552043557167053,-0.3827366232872009,0.3631656765937805,-0.5406760573387146,0
0.6705641746520996,0.1440262645483017,0.4764019250869751,0.6175520420074463,-0.4166436493396759,0.40745243430137634,-0.5282233953475952,0.743230938911438,0.16681863367557526,0.24477837979793549,1,0.6684659719467163,0.1389874666929245,0.5707079172134399,0.6589288115501404,-0.37938836216926575,0.3584347665309906,-0.5416657328605652,0
0.671687126159668,0.1435955911874771,0.48466694355010986,0.6214203834533691,-0.41348177194595337,0.4033892750740051,-0.5292887091636658,0.7472057938575745,0.16712969541549683,0.2539833188056946,1,0.6676614284515381,0.1384442299604416,0.5792629718780518,0.6626132726669312,-0.37604227662086487,0.35366079211235046,-0.5426414608955383,0
0.6726452112197876,0.14315254986286163,0.4929783046245575,0.6252790093421936,-0.4103013575077057,0.3992605209350586,-0.5303488373756409,0.7510198354721069,0.16742660105228424,0.26328137516975403,1,0.6666730046272278,0.1378941386938095,0.5877752900123596,0.6662572622299194,-0.3726985454559326,0.3488447964191437,-0.5436031222343445,0
0.6734350919723511,0.1426970362663269,0.5013285875320435,0.629124641418457,-0.40710386633872986,0.3950684666633606,-0.5314032435417175,0.7546675205230713,0.16770946979522705,0.27266430854797363,1,0.6655009388923645,0.13733813166618347,0.5962415933609009,0.6698605418205261,-0.3693571388721466,0.34398630261421204,-0.5445507168769836,0
0.6740542650222778,0.14223071932792664,0.5097094774246216,0.6329543590545654,-0.4038917124271393,0.39081481099128723,-0.5324509143829346,0.7581437826156616,0.16797837615013123,0.2821241021156311,1,0.6641464233398438,0.1367761790752411,0.6046578288078308,0.6734223961830139,-0.3660185635089874,0.3390864133834839,-0.5454842448234558,0
0.6744998693466187,0.14175282418727875,0.5181148052215576,0.6367660164833069,-0.4006660282611847,0.38650065660476685,-0.5334911942481995,0.7614441514015198,0.16823364794254303,0.29165294766426086,1,0.6626103520393372,0.13620923459529877,0.6130203604698181,0.6769426465034485,-0.36268287897109985,0.3341451585292816,-0.5464034080505371,0
0.6747704744338989,0.14126451313495636,0.5265365242958069,0.6405569911003113,-0.39742863178253174,0.3821282684803009,-0.5345233678817749,0.7645647525787354,0.16847538948059082,0.301243394613266,1,0.6608934998512268,0.13563723862171173,0.6213258504867554,0.6804208755493164,-0.35935017466545105,0.3291628956794739,-0.5473083853721619,0
0.6748642325401306,0.14076589047908783,0.5349680781364441,0.6443250775337219,-0.3941807746887207,0.3776988089084625,-0.5355466604232788,0.7675020694732666,0.1687038093805313,0.31088826060295105,1,0.6589972376823425,0.135061115026474,0.629570484161377,0.683856725692749,-0.3560207188129425,0.32413992285728455,-0.5481993556022644,0
0.6747795939445496,0.14025798439979553,0.5434034466743469,0.6480684280395508,-0.3909238874912262,0.3732135593891144,-0.536560595035553,0.77025306224823,0.1689191311597824,0.3205806016921997,1,0.6569222807884216,0.13448111712932587,0.6377508640289307,0.6872498989105225,-0.35269442200660706,0.3190763592720032,-0.5490759015083313,0
0.6745156645774841,0.1397409737110138,0.5518362522125244,0.6517851948738098,-0.3876591622829437,0.3686739504337311,-0.537564754486084,0.7728151679039001,0.1691216677427292,0.3303137421607971,1,0.6546705961227417,0.13389740884304047,0.6458629369735718,0.6905997395515442,-0.34937185049057007,0.3139733672142029,-0.5499382019042969,0
0.674071729183197,0.1392153799533844,0.5602602958679199,0.6554736495018005,-0.38438770174980164,0.36408132314682007,-0.5385584235191345,0.7751860022544861,0.1693117618560791,0.34008127450942993,1,0.6522427201271057,0.1333109438419342,0.6539039015769958,0.6939063668251038,-0.346052348613739,0.3088303208351135,-0.5507861971855164,0
0.6734469532966614,0.13868187367916107,0.568670392036438,0.6591325402259827,-0.3811100423336029,0.3594359755516052,-0.5395416617393494,0.7773635983467102,0.16948974132537842,0.34987694025039673,1,0.6496407389640808,0.1327216774225235,0.6618692278862,0.6971688270568848,-0.34273698925971985,0.30364829301834106,-0.5516200065612793,0
0.6726410984992981,0.13814090192317963,0.5770605802536011,0.6627601981163025,-0.3778274953365326,0.3547395169734955,-0.5405136346817017,0.7793462872505188,0.16965602338314056,0.35969480872154236,1,0.6470332145690918,0.13216526806354523,0.6692952513694763,0.7001992464065552,-0.33962005376815796,0.2987348735332489,-0.5523917078971863,0
0.6716511845588684,0.13759341835975647,0.5853959321975708,0.6663413643836975,-0.37454795837402344,0.3500094413757324,-0.5414760112762451,0.7811222076416016,0.16980817914009094,0.3694959580898285,1,0.644274115562439,0.13160738348960876,0.6766483187675476,0.7031899690628052,-0.3365069329738617,0.2937878668308258,-0.553150475025177,0
0.6704835295677185,0.13704243302345276,0.5936645269393921,0.669872522354126,-0.3712790310382843,0.34525156021118164,-0.5424240827560425,0.7826920747756958,0.16994856297969818,0.37926343083381653,1,0.6413641571998596,0.13104836642742157,0.6839262247085571,0.7061411738395691,-0.33339735865592957,0.28880688548088074,-0.5538964867591858,0
0.6691443920135498,0.13648882508277893,0.601859450340271,0.6733529567718506,-0.36802345514297485,0.34046924114227295,-0.543355405330658,0.784059464931488,0.17007842659950256,0.3889899253845215,1,0.6383048295974731,0.1304885596036911,0.6911261677742004,0.7090522050857544,-0.3302916884422302,0.2837924063205719,-0.5546296238899231,0
0.6676374673843384,0.13593284785747528,0.6099780797958374,0.6767831444740295,-0.36478129029273987,0.3356625437736511,-0.544269859790802,0.7852277755737305,0.17019841074943542,0.3986716568470001,1,0.6350974440574646,0.1299281120300293,0.6982455253601074,0.7119227647781372,-0.32718977332115173,0.27874425053596497,-0.5553506016731262,0
0.6659650802612305,0.13537469506263733,0.6180194020271301,0.6801638007164001,-0.36155185103416443,0.3308315873146057,-0.5451676249504089,0.7862001061439514,0.1703089326620102,0.4083065092563629,1,0.6317439079284668,0.1293678879737854,0.7052809000015259,0.714752733707428,-0.32409241795539856,0.27366355061531067,-0.5560582876205444,0
0.6641297340393066,0.1348143070936203,0.6259822845458984,0.683495819568634,-0.3583345413208008,0.3259757161140442,-0.5460490584373474,0.7869790196418762,0.17041045427322388,0.4178932309150696,1,0.6282453536987305,0.1288079470396042,0.7122300863265991,0.7175419926643372,-0.320998877286911,0.26854994893074036,-0.5567530989646912,0
0.6621334552764893,0.13425208628177643,0.6338655352592468,0.6867795586585999,-0.3551289737224579,0.32109448313713074,-0.5469143390655518,0.7875669598579407,0.1705034077167511,0.42743080854415894,1,0.6246036291122437,0.12824870645999908,0.7190901637077332,0.7202898859977722,-0.3179098665714264,0.2634040117263794,-0.557435154914856,0
0.6599776148796082,0.13368821144104004,0.6416692733764648,0.690016508102417,-0.35193344950675964,0.31618669629096985,-0.5477645397186279,0.7879660725593567,0.17058824002742767,0.4369182586669922,1,0.6208201050758362,0.12769044935703278,0.7258585691452026,0.7229963541030884,-0.31482526659965515,0.2582263946533203,-0.5581042170524597,0
0.6576637029647827,0.13312304019927979,0.6493921875953674,0.6932069659233093,-0.3487481474876404,0.31125205755233765,-0.5485990047454834,0.7881783246994019,0.1706654131412506,0.44635456800460815,1,0.6168967485427856,0.1271335929632187,0.7325325608253479,0.7256608605384827,-0.3117455244064331,0.25301700830459595,-0.5587605237960815,0
0.6551930904388428,0.1325567364692688,0.6570336818695068,0.6963516473770142,-0.34557151794433594,0.30628976225852966,-0.5494189262390137,0.7882055044174194,0.1707354485988617,0.4557385742664337,1,0.6128347516059875,0.126578226685524,0.7391100525856018,0.7282835841178894,-0.3086700737476349,0.24777579307556152,-0.5594039559364319,0
0.6525675654411316,0.13198938965797424,0.6645922064781189,0.6994508504867554,-0.3424038290977478,0.3012996017932892,-0.5502241253852844,0.7880493998527527,0.17079879343509674,0.4650689661502838,1,0.608636736869812,0.12602515518665314,0.7455876469612122,0.7308638691902161,-0.3055996894836426,0.24250395596027374,-0.560034453868866,0
0.6497884392738342,0.13142167031764984,0.672066330909729,0.7025051712989807,-0.33924418687820435,0.2962809205055237,-0.5510148406028748,0.7877115607261658,0.1708558350801468,0.47434428334236145,1,0.6043040752410889,0.1254744678735733,0.7519631385803223,0.7334015965461731,-0.3025340437889099,0.23720130324363708,-0.560651957988739,0
0.6468568444252014,0.13085341453552246,0.6794553995132446,0.7055150866508484,-0.3360917270183563,0.29123303294181824,-0.5517916679382324,0.7871936559677124,0.17090708017349243,0.4835628569126129,1,0.5998386144638062,0.12492652237415314,0.7582342028617859,0.7358965277671814,-0.2994734048843384,0.23186823725700378,-0.5612566471099854,0
0.6437743306159973,0.13028523325920105,0.6867573857307434,0.7084804773330688,-0.33294641971588135,0.2861558794975281,-0.552554726600647,0.7864972352981567,0.1709529459476471,0.4927229881286621,1,0.5952423810958862,0.1243816688656807,0.7643981575965881,0.7383483648300171,-0.29641810059547424,0.22650548815727234,-0.5618480443954468,0
0.6405420899391174,0.12971749901771545,0.693970799446106,0.7114021182060242,-0.32980772852897644,0.28104865550994873,-0.5533040761947632,0.7856237292289734,0.1709938794374466,0.5018227100372314,1,0.5905174612998962,0.12384019792079926,0.7704527974128723,0.7407566905021667,-0.29336804151535034,0.22111284732818604,-0.5624266862869263,0
0.637162446975708,0.12915007770061493,0.701093316078186,0.7142794728279114,-0.3266758322715759,0.27591216564178467,-0.5540398359298706,0.7845746278762817,0.17103032767772675,0.5108601450920105,1,0.5856660008430481,0.12330244481563568,0.776395320892334,0.7431213855743408,-0.2903235852718353,0.21569125354290009,-0.5629920959472656,0
0.6336355209350586,0.12858383357524872,0.7081243991851807,0.7171134352684021,-0.3235495388507843,0.270745187997818,-0.5547621250152588,0.783351480960846,0.17106260359287262,0.5198330283164978,1,0.5806897282600403,0.12276851385831833,0.7822238206863403,0.7454421520233154,-0.28728437423706055,0.21024033427238464,-0.5635446906089783,0
0.6299641728401184,0.1280186027288437,0.7150605916976929,0.7199032306671143,-0.32042959332466125,0.2655484676361084,-0.5554710626602173,0.7819557189941406,0.17109127342700958,0.528739333152771,1,0.5755913257598877,0.12223915010690689,0.7879354357719421,0.7477189302444458,-0.284250944852829,0.20476101338863373,-0.5640839338302612,0
0.6261492371559143,0.12745477259159088,0.7219008803367615,0.722649335861206,-0.3173152208328247,0.26032140851020813,-0.55616694688797,0.7803888320922852,0.1711166799068451,0.5375767350196838,1,0.5703721046447754,0.12171442806720734,0.79352867603302,0.7499512434005737,-0.28122323751449585,0.19925320148468018,-0.5646102428436279,0
0.6221923828125,0.12689313292503357,0.7286429405212402,0.7253519296646118,-0.3142063617706299,0.2550640404224396,-0.5568494200706482,0.7786523699760437,0.1711392104625702,0.5463429093360901,1,0.5650351643562317,0.12119468301534653,0.7990006804466248,0.7521388530731201,-0.27820172905921936,0.1937176138162613,-0.5651232004165649,0
0.618095338344574,0.1263333112001419,0.7352849245071411,0.7280104160308838,-0.3111029863357544,0.2497764676809311,-0.5575190186500549,0.7767477631568909,0.17115937173366547,0.5550354719161987,1,0.5595821738243103,0.12068019062280655,0.8043495416641235,0.7542818188667297,-0.27518585324287415,0.18815433979034424,-0.5656231641769409,0
0.6138599514961243,0.12577614188194275,0.7418244481086731,0.7306251525878906,-0.30800503492355347,0.24445848166942596,-0.5581754446029663,0.7746766805648804,0.17117749154567719,0.5636520385742188,1,0.5540158748626709,0.12017123401165009,0.8095729947090149,0.7563794851303101,-0.2721763253211975,0.18256428837776184,-0.5661097764968872,0
0.609488308429718,0.12522149085998535,0.7482591271400452,0.7331956624984741,-0.30491238832473755,0.2391107976436615,-0.5588188171386719,0.7724407315254211,0.1711939573287964,0.5721901059150696,1,0.5483382344245911,0.1196681335568428,0.8146690726280212,0.7584317922592163,-0.2691728472709656,0.17694714665412903,-0.5665833353996277,0
0.6049813032150269,0.12467014044523239,0.7545874714851379,0.7357223033905029,-0.30182474851608276,0.23373296856880188,-0.5594491958618164,0.7700415253639221,0.17120911180973053,0.5806471705436707,1,0.5425518751144409,0.1191709041595459,0.8196357488632202,0.7604383826255798,-0.2661757469177246,0.1713036745786667,-0.5670439004898071,0
0.6003419160842896,0.1241220086812973,0.7608064413070679,0.7382043600082397,-0.29874277114868164,0.22832557559013367,-0.5600663423538208,0.7674806714057922,0.17122340202331543,0.5890207886695862,1,0.5366592407226562,0.11868031322956085,0.8244706392288208,0.7623993754386902,-0.26318517327308655,0.1656341552734375,-0.5674909949302673,0
0.5955711007118225,0.12357780337333679,0.7669145464897156,0.7406421303749084,-0.2956659197807312,0.22288836538791656,-0.5606705546379089,0.76475989818573,0.17123717069625854,0.597308337688446,1,0.5306625366210938,0.11819634586572647,0.8291724324226379,0.7643141150474548,-0.2602011263370514,0.15993887186050415,-0.567924976348877,0
0.590671718120575,0.1230374351143837,0.7729089856147766,0.7430353760719299,-0.2925942838191986,0.21742185950279236,-0.5612616539001465,0.7618809938430786,0.1712508648633957,0.6055073142051697,1,0.5245643258094788,0.11771929264068604,0.8337389826774597,0.7661827206611633,-0.2572236657142639,0.15421825647354126,-0.5683455467224121,0
0.5856444835662842,0.1225012019276619,0.7787888050079346,0.7453836798667908,-0.2895274758338928,0.2119254767894745,-0.561840295791626,0.7588457465171814,0.17126482725143433,0.613615095615387,1,0.5183675289154053,0.11724942177534103,0.8381680250167847,0.7680047750473022,-0.25425320863723755,0.14847290515899658,-0.5687528252601624,0
0.580493152141571,0.12196990847587585,0.7845501899719238,0.7476871609687805,-0.2864665389060974,0.20640036463737488,-0.5624051690101624,0.7556558847427368,0.1712794452905655,0.6216292381286621,1,0.5120744109153748,0.11678696423768997,0.8424580693244934,0.7697800993919373,-0.2512895166873932,0.14270293712615967,-0.5691468119621277,0
0.5752186179161072,0.12144334614276886,0.7901920080184937,0.7499454021453857,-0.2834107577800751,0.2008463591337204,-0.5629572868347168,0.7523133754730225,0.17129504680633545,0.629547119140625,1,0.5056874752044678,0.11633195728063583,0.8466075658798218,0.7715083956718445,-0.2483328878879547,0.13690854609012604,-0.5695276260375977,0
0.5698237419128418,0.12092187255620956,0.7957115173339844,0.7521581053733826,-0.2803606390953064,0.19526413083076477,-0.5634962320327759,0.7488201856613159,0.17131198942661285,0.6373662352561951,1,0.49920937418937683,0.11588505655527115,0.8506147265434265,0.7731896042823792,-0.24538300931453705,0.1310901641845703,-0.5698949694633484,0
0.5643100738525391,0.12040597945451736,0.8011074066162109,0.7543253302574158,-0.27731555700302124,0.18965335190296173,-0.5640221834182739,0.7451764345169067,0.1713361293077469,0.645084023475647,1,0.49264293909072876,0.11544628441333771,0.85447758436203,0.7748234272003174,-0.2424406260251999,0.125248521566391,-0.570249080657959,0
0.5586801767349243,0.11989594995975494,0.8063769340515137,0.7564464807510376,-0.2742762565612793,0.18401427567005157,-0.5645350217819214,0.7413873076438904,0.17135724425315857,0.6526983380317688,1,0.485990971326828,0.11501582711935043,0.8581945896148682,0.7764097452163696,-0.2395056188106537,0.11938406527042389,-0.570589542388916,0
0.5529365539550781,0.11939188838005066,0.8115182518959045,0.7585218548774719,-0.2712423801422119,0.17834773659706116,-0.5650346279144287,0.7374539971351624,0.17137956619262695,0.6602062582969666,1,0.47835206985473633,0.11453823000192642,0.8622292280197144,0.7781494855880737,-0.236188143491745,0.11271021515130997,-0.5709595680236816,0
0.5470448732376099,0.11889031529426575,0.8165619969367981,0.7605695724487305,-0.2681991159915924,0.17260928452014923,-0.5655165910720825,0.733353316783905,0.17140719294548035,0.6676537990570068,1,0.47061043977737427,0.11407209932804108,0.8660725355148315,0.7798279523849487,-0.23288045823574066,0.10600795596837997,-0.5713120102882385,0
0.5409876704216003,0.11838892102241516,0.8215153813362122,0.7625904679298401,-0.265133798122406,0.1667865812778473,-0.5659876465797424,0.7290728688240051,0.1714378297328949,0.6750568151473999,1,0.46277105808258057,0.11361736059188843,0.8697222471237183,0.7814441919326782,-0.22958272695541382,0.0992780551314354,-0.5716471672058105,0
0.5347570776939392,0.11788853257894516,0.8263768553733826,0.7645825743675232,-0.2620428800582886,0.1608760505914688,-0.5664502382278442,0.7246057987213135,0.1714714765548706,0.6824155449867249,1,0.45483705401420593,0.11317463964223862,0.8731765151023865,0.7829985022544861,-0.22629490494728088,0.09252043813467026,-0.5719649791717529,0
0.5283525586128235,0.11739048361778259,0.8311396241188049,0.7665430307388306,-0.2589273154735565,0.1548793464899063,-0.5669045448303223,0.7199493646621704,0.17150896787643433,0.6897239089012146,1,0.44681259989738464,0.11274383962154388,0.8764337301254272,0.7844899296760559,-0.2230168581008911,0.08573590964078903,-0.5722659826278687,0
0.5217761397361755,0.11689594388008118,0.8357958197593689,0.7684692740440369,-0.2557881772518158,0.14879882335662842,-0.5673501491546631,0.7151035666465759,0.1715511977672577,0.6969724893569946,1,0.43870267271995544,0.11232557892799377,0.8794916272163391,0.7859188914299011,-0.21974946558475494,0.07892561703920364,-0.5725489258766174,0
0.5150324106216431,0.11640604585409164,0.840336263179779,0.7703582644462585,-0.25262799859046936,0.14263850450515747,-0.5677863359451294,0.7100701928138733,0.171598881483078,0.7041506171226501,1,0.4305111765861511,0.11191970854997635,0.8823485970497131,0.7872846722602844,-0.2164924293756485,0.07208984345197678,-0.5728148818016052,0
0.5081264972686768,0.11592178791761398,0.8447519540786743,0.7722072601318359,-0.249449223279953,0.13640262186527252,-0.5682122707366943,0.7048521637916565,0.1716526746749878,0.7112472057342529,1,0.4222421944141388,0.11152666062116623,0.8850030303001404,0.7885871529579163,-0.21324588358402252,0.0652289018034935,-0.5730632543563843,0
0.5010649561882019,0.11544404178857803,0.8490340709686279,0.774013340473175,-0.2462550401687622,0.13009540736675262,-0.5686271786689758,0.6994529366493225,0.17171305418014526,0.7182514667510986,1,0.41390037536621094,0.11114676296710968,0.8874533772468567,0.7898260951042175,-0.21001027524471283,0.058343932032585144,-0.5732942223548889,0
0.4938538074493408,0.11497336626052856,0.8531743884086609,0.7757741808891296,-0.2430475950241089,0.12372157722711563,-0.5690299868583679,0.6938766241073608,0.17178049683570862,0.7251529097557068,1,0.40548986196517944,0.11077991873025894,0.8896982669830322,0.7910013198852539,-0.2067854106426239,0.05143490061163902,-0.5735077857971191,0
0.4864998757839203,0.11451078951358795,0.8571650981903076,0.7774876952171326,-0.23982937633991241,0.11728471517562866,-0.5694199800491333,0.6881275773048401,0.1718553900718689,0.7319417595863342,1,0.3970146179199219,0.11042662709951401,0.8917365074157715,0.7921124696731567,-0.20357127487659454,0.04450256749987602,-0.5737037658691406,0
0.47900882363319397,0.1140567883849144,0.8609995245933533,0.7791513204574585,-0.23660248517990112,0.11078856885433197,-0.5697967410087585,0.6822102069854736,0.1719382107257843,0.7386088967323303,1,0.38847994804382324,0.11008673161268234,0.8935664296150208,0.7931593060493469,-0.2003687471151352,0.03754802420735359,-0.5738822817802429,0
0.471388041973114,0.11361197382211685,0.8646705746650696,0.780763566493988,-0.23336933553218842,0.10423646867275238,-0.5701592564582825,0.6761291027069092,0.1720293164253235,0.745145857334137,1,0.3798893690109253,0.10976064950227737,0.895187258720398,0.7941414713859558,-0.1971772015094757,0.030570952221751213,-0.5740432739257812,0
0.4636436104774475,0.11317696422338486,0.8681723475456238,0.7823226451873779,-0.23013177514076233,0.0976320207118988,-0.5705073475837708,0.6698891520500183,0.17212900519371033,0.7515448927879333,1,0.3712483048439026,0.10944827646017075,0.8965978026390076,0.795059084892273,-0.19399729371070862,0.02357345074415207,-0.5741867423057556,0
0.4557812213897705,0.11275211721658707,0.8714999556541443,0.783827006816864,-0.2268909215927124,0.09097765386104584,-0.5708402991294861,0.6634952425956726,0.17223764955997467,0.7577986717224121,1,0.3625604212284088,0.1091499999165535,0.8977970480918884,0.7959117293357849,-0.1908288449048996,0.016554540023207664,-0.5743123888969421,0
