0.3625604212284088,0.1091499999165535,0.8977970480918884,0.7959117293357849,-0.1908288449048996,0.016554540023207664,-0.5743123888969421,0.670897364616394,-0.12089479714632034,0.019999999552965164,0,0.3625604212284088,0.1091499999165535,0.8977970480918884,0.7959117293357849,-0.1908288449048996,0.016554540023207664,-0.5743123888969421,1
0.3628040552139282,0.10916154831647873,0.8976776003837585,0.7959170937538147,-0.19090838730335236,0.016660241410136223,-0.5742754340171814,0.670897364616394,-0.12089479714632034,0.01981772482395172,0,0.3625604212284088,0.1091499999165535,0.8977970480918884,0.7959117293357849,-0.1908288449048996,0.016554540023207664,-0.5743123888969421,1
0.3632446825504303,0.10916890949010849,0.8974825739860535,0.7959179878234863,-0.1910729855298996,0.016885489225387573,-0.574212908744812,0.670897364616394,-0.12089479714632034,0.019884353503584862,0,0.3625604212284088,0.1091499999165535,0.8977970480918884,0.7959117293357849,-0.1908288449048996,0.016554540023207664,-0.5743123888969421,1
0.36376747488975525,0.10917111486196518,0.8972581028938293,0.7959133982658386,-0.1912766695022583,0.017166968435049057,-0.5741432309150696,0.670897364616394,-0.12089479714632034,0.019923372194170952,0,0.3625604212284088,0.1091499999165535,0.8977970480918884,0.7959117293357849,-0.1908288449048996,0.016554540023207664,-0.5743123888969421,1
0.3643089532852173,0.10917005687952042,0.8970283269882202,0.7959052920341492,-0.1914910078048706,0.01746424101293087,-0.5740739107131958,0.670897364616394,-0.12089479714632034,0.019946129992604256,0,0.3625604212284088,0.1091499999165535,0.8977970480918884,0.7959117293357849,-0.1908288449048996,0.016554540023207664,-0.5743123888969421,1
0.36483412981033325,0.10916749387979507,0.8968064785003662,0.7958957552909851,-0.19170089066028595,0.017755331471562386,-0.5740082263946533,0.670897364616394,-0.12089479714632034,0.019959425553679466,0,0.3625604212284088,0.1091499999165535,0.8977970480918884,0.7959117293357849,-0.1908288449048996,0.016554540023207664,-0.5743123888969421,1
0.3653259873390198,0.10916423052549362,0.8965990543365479,0.7958859801292419,-0.19189804792404175,0.01802937313914299,-0.5739471912384033,0.670897364616394,-0.12089479714632034,0.019967196509242058,0,0.3625604212284088,0.1091499999165535,0.8977970480918884,0.7959117293357849,-0.1908288449048996,0.016554540023207664,-0.5743123888969421,1
0.36577728390693665,0.10916095972061157,0.89640873670578,0.7958768010139465,-0.19207923114299774,0.01828133687376976,-0.5738914608955383,0.670897364616394,-0.12089479714632034,0.01997174322605133,0,0.3625604212284088,0.1091499999165535,0.8977970480918884,0.7959117293357849,-0.1908288449048996,0.016554540023207664,-0.5743123888969421,1
0.366186261177063,0.10915781557559967,0.8962359428405762,0.7958679795265198,-0.1922435611486435,0.018509861081838608,-0.5738412737846375,0.670897364616394,-0.12089479714632034,0.019974403083324432,0,0.3625604212284088,0.1091499999165535,0.8977970480918884,0.7959117293357849,-0.1908288449048996,0.016554540023207664,-0.5743123888969421,1
0.3665536642074585,0.1091550812125206,0.8960806727409363,0.7958602905273438,-0.19239117205142975,0.01871492713689804,-0.5737957954406738,0.670897364616394,-0.12089479714632034,0.01997595839202404,0,0.3625604212284088,0.1091499999165535,0.8977970480918884,0.7959117293357849,-0.1908288449048996,0.016554540023207664,-0.5743123888969421,1
0.36688217520713806,0.10915274918079376,0.895941436290741,0.7958534359931946,-0.1925230473279953,0.018898339942097664,-0.5737552642822266,0.670897364616394,-0.12089479714632034,0.019976869225502014,0,0.3625604212284088,0.1091499999165535,0.8977970480918884,0.7959117293357849,-0.1908288449048996,0.016554540023207664,-0.5743123888969421,1
0.3671749234199524,0.10915068536996841,0.8958170413970947,0.7958471775054932,-0.1926405429840088,0.019061513245105743,-0.5737189054489136,0.670897364616394,-0.12089479714632034,0.019977401942014694,0,0.3625604212284088,0.1091499999165535,0.8977970480918884,0.7959117293357849,-0.1908288449048996,0.016554540023207664,-0.5743123888969421,1
0.36743536591529846,0.10914917290210724,0.8957062363624573,0.7958419322967529,-0.19274485111236572,0.019206577911973,-0.5736864805221558,0.670897364616394,-0.12089479714632034,0.019977713003754616,0,0.3625604212284088,0.1091499999165535,0.8977970480918884,0.7959117293357849,-0.1908288449048996,0.016554540023207664,-0.5743123888969421,1
0.3676663637161255,0.10914792865514755,0.8956077694892883,0.7958371639251709,-0.19283725321292877,0.019334783777594566,-0.5736575722694397,0.670897364616394,-0.12089479714632034,0.01997789368033409,0,0.3625604212284088,0.1091499999165535,0.8977970480918884,0.7959117293357849,-0.1908288449048996,0.016554540023207664,-0.5743123888969421,1
0.3678717017173767,0.10914682596921921,0.8955199718475342,0.7958332300186157,-0.1929192990064621,0.019448645412921906,-0.573631763458252,0.670897364616394,-0.12089479714632034,0.019978001713752747,0,0.3625604212284088,0.1091499999165535,0.8977970480918884,0.7959117293357849,-0.1908288449048996,0.016554540023207664,-0.5743123888969421,1
0.3680533766746521,0.10914600640535355,0.8954421877861023,0.795829713344574,-0.19299162924289703,0.01954904943704605,-0.5736088156700134,0.670897364616394,-0.12089479714632034,0.01997806318104267,0,0.3625604212284088,0.1091499999165535,0.8977970480918884,0.7959117293357849,-0.1908288449048996,0.016554540023207664,-0.5743123888969421,1
0.3682141900062561,0.10914544761180878,0.8953732252120972,0.79582679271698,-0.19305557012557983,0.01963799074292183,-0.5735883712768555,0.670897364616394,-0.12089479714632034,0.019978100433945656,0,0.3625604212284088,0.1091499999165535,0.8977970480918884,0.7959117293357849,-0.1908288449048996,0.016554540023207664,-0.5743123888969421,1
0.3683570623397827,0.10914503037929535,0.8953116536140442,0.7958241105079651,-0.19311225414276123,0.019716612994670868,-0.5735701322555542,0.670897364616394,-0.12089479714632034,0.019978120923042297,0,0.3625604212284088,0.1091499999165535,0.8977970480918884,0.7959117293357849,-0.1908288449048996,0.016554540023207664,-0.5743123888969421,1
0.36848360300064087,0.10914475470781326,0.8952572345733643,0.7958218455314636,-0.1931624412536621,0.019786084070801735,-0.5735539793968201,0.670897364616394,-0.12089479714632034,0.019978133961558342,0,0.3625604212284088,0.1091499999165535,0.8977970480918884,0.7959117293357849,-0.1908288449048996,0.016554540023207664,-0.5743123888969421,1
0.36859551072120667,0.10914462059736252,0.8952088356018066,0.7958201169967651,-0.19320662319660187,0.019847365096211433,-0.5735394358634949,0.670897364616394,-0.12089479714632034,0.01997814141213894,0,0.3625604212284088,0.1091499999165535,0.8977970480918884,0.7959117293357849,-0.1908288449048996,0.016554540023207664,-0.5743123888969421,1
0.36869457364082336,0.10914447903633118,0.8951660394668579,0.7958184480667114,-0.1932457685470581,0.01990160159766674,-0.5735267996788025,0.670897364616394,-0.12089479714632034,0.019978145137429237,0,0.3625604212284088,0.1091499999165535,0.8977970480918884,0.7959117293357849,-0.1908288449048996,0.016554540023207664,-0.5743123888969421,1
0.3687824606895447,0.10914447903633118,0.8951278328895569,0.795816957950592,-0.19328033924102783,0.01994943805038929,-0.5735154151916504,0.670897364616394,-0.12089479714632034,0.019978148862719536,0,0.3625604212284088,0.1091499999165535,0.8977970480918884,0.7959117293357849,-0.1908288449048996,0.016554540023207664,-0.5743123888969421,1
0.36886000633239746,0.10914461314678192,0.895094096660614,0.7958159446716309,-0.19331079721450806,0.019991593435406685,-0.5735051035881042,0.670897364616394,-0.12089479714632034,0.019978148862719536,0,0.3625604212284088,0.1091499999165535,0.8977970480918884,0.7959117293357849,-0.1908288449048996,0.016554540023207664,-0.5743123888969421,1
0.36892861127853394,0.10914474725723267,0.8950642347335815,0.7958149909973145,-0.19333770871162415,0.02002882771193981,-0.5734960436820984,0.670897364616394,-0.12089479714632034,0.019978148862719536,0,0.3625604212284088,0.1091499999165535,0.8977970480918884,0.7959117293357849,-0.1908288449048996,0.016554540023207664,-0.5743123888969421,1
0.3689894676208496,0.10914488881826401,0.8950377106666565,0.7958140969276428,-0.1933615803718567,0.020061763003468513,-0.5734882354736328,0.670897364616394,-0.12089479714632034,0.019978148862719536,0,0.3625604212284088,0.1091499999165535,0.8977970480918884,0.7959117293357849,-0.1908288449048996,0.016554540023207664,-0.5743123888969421,1
0.3690434694290161,0.10914502292871475,0.8950141072273254,0.7958134412765503,-0.1933826208114624,0.020090937614440918,-0.5734809041023254,0.670897364616394,-0.12089479714632034,0.019978148862719536,0,0.3625604212284088,0.1091499999165535,0.8977970480918884,0.7959117293357849,-0.1908288449048996,0.016554540023207664,-0.5743123888969421,1
0.3690912425518036,0.10914530605077744,0.8949931859970093,0.7958129048347473,-0.1934012621641159,0.02011662721633911,-0.5734745860099792,0.670897364616394,-0.12089479714632034,0.019978148862719536,0,0.3625604212284088,0.1091499999165535,0.8977970480918884,0.7959117293357849,-0.1908288449048996,0.016554540023207664,-0.5743123888969421,1
0.3691335916519165,0.10914543271064758,0.8949745893478394,0.7958122491836548,-0.19341766834259033,0.02013932727277279,-0.5734689831733704,0.670897364616394,-0.12089479714632034,0.019978148862719536,0,0.3625604212284088,0.1091499999165535,0.8977970480918884,0.7959117293357849,-0.1908288449048996,0.016554540023207664,-0.5743123888969421,1
0.369171142578125,0.10914570838212967,0.894957959651947,0.7958120107650757,-0.19343216717243195,0.020159302279353142,-0.5734638571739197,0.670897364616394,-0.12089479714632034,0.019978148862719536,0,0.3625604212284088,0.1091499999165535,0.8977970480918884,0.7959117293357849,-0.1908288449048996,0.016554540023207664,-0.5743123888969421,1
0.36920416355133057,0.10914599150419235,0.8949434161186218,0.795811653137207,-0.19344498217105865,0.020176958292722702,-0.5734593868255615,0.670897364616394,-0.12089479714632034,0.019978148862719536,0,0.3625604212284088,0.1091499999165535,0.8977970480918884,0.7959117293357849,-0.1908288449048996,0.016554540023207664,-0.5743123888969421,1
0.36923354864120483,0.1091461256146431,0.8949304223060608,0.7958112955093384,-0.1934562772512436,0.020192500203847885,-0.5734555721282959,0.670897364616394,-0.12089479714632034,0.019978148862719536,0,0.36923354864120483,0.1091461256146431,0.8949304223060608,0.7958112955093384,-0.1934562772512436,0.020192500203847885,-0.5734555721282959,1
0.3694966435432434,0.10915748029947281,0.8948008418083191,0.7958157062530518,-0.1935444176197052,0.020310046151280403,-0.5734154582023621,0.670897364616394,-0.12089479714632034,0.019978148862719536,0,0.3758169412612915,0.10787232965230942,0.8939964175224304,0.7938856482505798,-0.19737114012241364,0.02520064078271389,-0.5745911002159119,1
0.3702932298183441,0.10908273607492447,0.894615113735199,0.7956852912902832,-0.19394508004188538,0.02081958018243313,-0.5734428763389587,0.670897364616394,-0.12089479714632034,0.019978148862719536,0,0.38237205147743225,0.10655532032251358,0.89295893907547,0.7919296026229858,-0.20127415657043457,0.030211258679628372,-0.5756938457489014,1
0.37164127826690674,0.10889726132154465,0.8943634033203125,0.7953863143920898,-0.1946840137243271,0.021760687232017517,-0.5735723376274109,0.670897364616394,-0.12089479714632034,0.019978148862719536,0,0.38889747858047485,0.10519535839557648,0.8918182849884033,0.7899436354637146,-0.20516526699066162,0.03522460535168648,-0.576762855052948,1
0.3735165596008301,0.10860244929790497,0.8940356969833374,0.7949243187904358,-0.1957421898841858,0.023111650720238686,-0.573799729347229,0.670897364616394,-0.12089479714632034,0.019978148862719536,0,0.39539089798927307,0.10379276424646378,0.890575110912323,0.7879277467727661,-0.20904408395290375,0.04023993760347366,-0.5777985453605652,1
0.3758821487426758,0.1082041934132576,0.8936261534690857,0.7943111062049866,-0.19709444046020508,0.024842796847224236,-0.5741136074066162,0.670897364616394,-0.12089479714632034,0.019978148862719536,0,0.4018511474132538,0.10234783589839935,0.8892293572425842,0.785882294178009,-0.2129106968641281,0.04525747522711754,-0.5788003206253052,1
0.37869465351104736,0.10770896077156067,0.8931316137313843,0.7935583591461182,-0.19871418178081512,0.02692137472331524,-0.5745023488998413,0.670897364616394,-0.12089479714632034,0.019978148862719536,0,0.40827643871307373,0.10086089372634888,0.88778156042099,0.7838075160980225,-0.21676486730575562,0.050277240574359894,-0.5797679424285889,1
0.3819093406200409,0.10712246596813202,0.8925503492355347,0.7926774024963379,-0.20057465136051178,0.029314380139112473,-0.5749547481536865,0.670897364616394,-0.12089479714632034,0.019978148862719536,0,0.4146650433540344,0.0993323028087616,0.8862322568893433,0.7817035913467407,-0.22060628235340118,0.05529842898249626,-0.5807015895843506,1
0.3854842782020569,0.10644931346178055,0.8918799757957458,0.791677713394165,-0.20265144109725952,0.03199145197868347,-0.5754610300064087,0.670897364616394,-0.12089479714632034,0.019978148862719536,0,0.4210146963596344,0.09776244312524796,0.8845821022987366,0.7795709371566772,-0.22443455457687378,0.060320764780044556,-0.5816009044647217,1
0.3893778324127197,0.10569401830434799,0.8911195397377014,0.7905682325363159,-0.20492033660411835,0.034923091530799866,-0.5760119557380676,0.670897364616394,-0.12089479714632034,0.019978148862719536,0,0.42732474207878113,0.0961516946554184,0.8828309774398804,0.7774096727371216,-0.22825020551681519,0.06534504890441895,-0.582465410232544,1
0.3935535252094269,0.10486018657684326,0.8902674913406372,0.7893569469451904,-0.2073604315519333,0.038083165884017944,-0.5765992999076843,0.670897364616394,-0.12089479714632034,0.019978148862719536,0,0.4335929751396179,0.09450048208236694,0.8809797763824463,0.7752202153205872,-0.23205246031284332,0.07037011533975601,-0.5832952260971069,1
0.39797714352607727,0.10395088791847229,0.88932204246521,0.788050651550293,-0.20995251834392548,0.041448142379522324,-0.577215850353241,0.670897364616394,-0.12089479714632034,0.019978148862719536,0,0.4398176074028015,0.09280924499034882,0.8790290951728821,0.7730026841163635,-0.23584125936031342,0.0753960981965065,-0.5840899348258972,1
0.40261751413345337,0.10296910256147385,0.8882821202278137,0.7866557836532593,-0.21267862617969513,0.04499643296003342,-0.5778545141220093,0.670897364616394,-0.12089479714632034,0.019978148862719536,0,0.445997416973114,0.0910782441496849,0.8769790530204773,0.7707573175430298,-0.23961643874645233,0.08042269945144653,-0.5848497748374939,1
0.4074467420578003,0.10191745311021805,0.8871459364891052,0.7851779460906982,-0.2155233472585678,0.04870830848813057,-0.5785090327262878,0.670897364616394,-0.12089479714632034,0.019978148862719536,0,0.4521307349205017,0.08930830657482147,0.8748305439949036,0.7684845924377441,-0.24337802827358246,0.08544998615980148,-0.5855739116668701,1
0.412439227104187,0.10079827904701233,0.8859126567840576,0.783622145652771,-0.21847222745418549,0.052566733211278915,-0.5791743397712708,0.670897364616394,-0.12089479714632034,0.019978148862719536,0,0.4582151770591736,0.08749979734420776,0.8725844621658325,0.7661845684051514,-0.24712541699409485,0.09047701954841614,-0.5862628817558289,1
0.4175720810890198,0.09961378574371338,0.8845809102058411,0.7819932699203491,-0.22151273488998413,0.056555695831775665,-0.5798447728157043,0.670897364616394,-0.12089479714632034,0.019978148862719536,0,0.46425044536590576,0.0856533870100975,0.8702404499053955,0.7638577818870544,-0.25085902214050293,0.09550464898347855,-0.5869156122207642,1
0.422824889421463,0.09836596995592117,0.8831496238708496,0.7802953124046326,-0.22463349997997284,0.06066184863448143,-0.5805162191390991,0.670897364616394,-0.12089479714632034,0.019978148862719536,0,0.47023388743400574,0.08376927673816681,0.8677998781204224,0.7615042924880981,-0.25457796454429626,0.10053170472383499,-0.5875326991081238,1
0.42817893624305725,0.09705648571252823,0.8816180229187012,0.7785319089889526,-0.227824404835701,0.06487256288528442,-0.5811846852302551,0.670897364616394,-0.12089479714632034,0.019978148862719536,0,0.4761642515659332,0.08184824138879776,0.8652632832527161,0.759124219417572,-0.2582826614379883,0.10555858165025711,-0.5881137251853943,1
0.43361708521842957,0.09568746387958527,0.8799856305122375,0.7767069935798645,-0.23107604682445526,0.06917621940374374,-0.5818458795547485,0.670897364616394,-0.12089479714632034,0.019978148862719536,0,0.4820401072502136,0.07989083975553513,0.86263108253479,0.7567183971405029,-0.2619725465774536,0.11058471351861954,-0.588658332824707,1
0.4391239583492279,0.09426040202379227,0.8782519698143005,0.7748236656188965,-0.2343803495168686,0.07356295734643936,-0.5824969410896301,0.670897364616394,-0.12089479714632034,0.019978148862719536,0,0.48785996437072754,0.07789765298366547,0.8599041700363159,0.754286527633667,-0.265647828578949,0.11561024934053421,-0.5891665816307068,1
0.44468653202056885,0.09277688711881638,0.8764163255691528,0.7728843092918396,-0.23773010075092316,0.07802431285381317,-0.5831350088119507,0.670897364616394,-0.12089479714632034,0.019978148862719536,0,0.49362218379974365,0.07586930692195892,0.8570830821990967,0.751829206943512,-0.26930803060531616,0.1206345483660698,-0.589638352394104,1
0.4502919018268585,0.09123856574296951,0.8744787573814392,0.7708922624588013,-0.2411188930273056,0.08255190402269363,-0.583756685256958,0.670897364616394,-0.12089479714632034,0.019978148862719536,0,0.4993250370025635,0.07380645722150803,0.854168713092804,0.7493465542793274,-0.2729531228542328,0.1256578117609024,-0.5900731682777405,1
0.4559290111064911,0.08964675664901733,0.8724391460418701,0.7688495516777039,-0.24454063177108765,0.08713863044977188,-0.5843604207038879,0.670897364616394,-0.12089479714632034,0.019978148862719536,0,0.504967212677002,0.07170972973108292,0.8511617183685303,0.7468390464782715,-0.27658265829086304,0.13067923486232758,-0.5904712677001953,1
0.4615870416164398,0.08800315856933594,0.8702976703643799,0.7667587995529175,-0.24798975884914398,0.09177754819393158,-0.5849435925483704,0.670897364616394,-0.12089479714632034,0.019978148862719536,0,0.5105474591255188,0.06957975029945374,0.8480626940727234,0.744306743144989,-0.28019699454307556,0.13569939136505127,-0.5908322334289551,1
0.46725696325302124,0.08630937337875366,0.8680546283721924,0.7646220326423645,-0.2514621317386627,0.09646342694759369,-0.585503876209259,0.670897364616394,-0.12089479714632034,0.019978148862719536,0,0.5160636305809021,0.06741727888584137,0.8448730111122131,0.7417502999305725,-0.2837952673435211,0.14071716368198395,-0.5911559462547302,1
0.4729306697845459,0.08456616848707199,0.8657100200653076,0.7624409794807434,-0.2549532353878021,0.10119126737117767,-0.5860400199890137,0.670897364616394,-0.12089479714632034,0.019978148862719536,0,0.5215150713920593,0.06522293388843536,0.8415927290916443,0.7391694784164429,-0.2873780131340027,0.14573325216770172,-0.5914422869682312,1
0.47859954833984375,0.08277516812086105,0.8632648587226868,0.7602174878120422,-0.2584589719772339,0.10595541447401047,-0.5865506529808044,0.670897364616394,-0.12089479714632034,0.019978148862719536,0,0.5268998742103577,0.06299730390310287,0.8382230997085571,0.7365649342536926,-0.29094457626342773,0.1507468968629837,-0.5916913747787476,1
0.48425745964050293,0.08093789219856262,0.8607190251350403,0.757953405380249,-0.26197680830955505,0.1107524111866951,-0.5870338678359985,0.670897364616394,-0.12089479714632034,0.019978148862719536,0,0.5322167873382568,0.060741472989320755,0.8347648978233337,0.7339367270469666,-0.29449519515037537,0.15575821697711945,-0.5919025540351868,1
0.48989734053611755,0.0790553018450737,0.8580736517906189,0.7556500434875488,-0.2655026912689209,0.11557821184396744,-0.5874887108802795,0.670897364616394,-0.12089479714632034,0.019978148862719536,0,0.5374642014503479,0.058456018567085266,0.8312190175056458,0.7312856912612915,-0.2980290949344635,0.16076646745204926,-0.5920758843421936,1
0.4955134093761444,0.0771288275718689,0.855329155921936,0.7533090114593506,-0.2690342366695404,0.12042946368455887,-0.5879139304161072,0.670897364616394,-0.12089479714632034,0.019978148862719536,0,0.5426414608955383,0.05614175274968147,0.8275858163833618,0.728611409664154,-0.30154696106910706,0.1657721996307373,-0.5922113060951233,1
0.5011005401611328,0.07515977323055267,0.8524859547615051,0.7509316205978394,-0.2725694477558136,0.125303253531456,-0.5883082747459412,0.670897364616394,-0.12089479714632034,0.019978148862719536,0,0.5477458238601685,0.05379941686987877,0.8238673210144043,0.7259145975112915,-0.30504775047302246,0.1707741618156433,-0.5923089385032654,1
0.5066537857055664,0.0731491893529892,0.8495453000068665,0.7485190629959106,-0.2761056423187256,0.13019661605358124,-0.588671088218689,0.670897364616394,-0.12089479714632034,0.019978148862719536,0,0.5527774691581726,0.05142979323863983,0.8200632929801941,0.7231956124305725,-0.30853188037872314,0.17577317357063293,-0.5923680663108826,1
0.5121679902076721,0.0710982233285904,0.8465080857276917,0.7460724711418152,-0.27964073419570923,0.13510718941688538,-0.5890016555786133,0.670897364616394,-0.12089479714632034,0.019978148862719536,0,0.5577341318130493,0.049033794552087784,0.8161752223968506,0.7204543352127075,-0.3119991421699524,0.18076860904693604,-0.592388927936554,1
0.51763916015625,0.06900820881128311,0.8433749079704285,0.7435930371284485,-0.2831730544567108,0.14003241062164307,-0.5892989635467529,0.670897364616394,-0.12089479714632034,0.019978148862719536,0,0.5626150369644165,0.046612195670604706,0.8122037649154663,0.7176915407180786,-0.31544920802116394,0.18576021492481232,-0.5923712253570557,1
0.5230634808540344,0.06688020378351212,0.8401468992233276,0.7410816550254822,-0.2867010533809662,0.1449703574180603,-0.5895625352859497,0.670897364616394,-0.12089479714632034,0.019978148862719536,0,0.567418098449707,0.04416593536734581,0.8081506490707397,0.7149075865745544,-0.31888166069984436,0.19074749946594238,-0.5923149585723877,1
0.5284371376037598,0.06471534818410873,0.8368250131607056,0.7385395169258118,-0.2902229428291321,0.14991919696331024,-0.5897916555404663,0.670897364616394,-0.12089479714632034,0.019978148862719536,0,0.572143018245697,0.04169575870037079,0.8040158152580261,0.7121021747589111,-0.32229700684547424,0.19573085010051727,-0.5922200083732605,1
0.5337569117546082,0.0625147745013237,0.8334101438522339,0.7359670996665955,-0.2937377393245697,0.15487739443778992,-0.5899860262870789,0.670897364616394,-0.12089479714632034,0.019978148862719536,0,0.5767878890037537,0.03920259326696396,0.7998011112213135,0.7092762589454651,-0.3256942629814148,0.2007092833518982,-0.5920862555503845,1
0.5390199422836304,0.06027965992689133,0.829903244972229,0.7333655953407288,-0.2972443699836731,0.1598432958126068,-0.5901446342468262,0.670897364616394,-0.12089479714632034,0.019978148862719536,0,0.5813517570495605,0.036687348037958145,0.7955071926116943,0.7064296007156372,-0.32907408475875854,0.20568333566188812,-0.5919135212898254,1
0.5442225337028503,0.05801108106970787,0.8263055682182312,0.7307360172271729,-0.30074116587638855,0.1648155152797699,-0.5902671217918396,0.670897364616394,-0.12089479714632034,0.019978148862719536,0,0.5858336091041565,0.034150853753089905,0.7911348342895508,0.70356285572052,-0.3324359655380249,0.21065251529216766,-0.5917018055915833,1
0.5493623614311218,0.05571014806628227,0.8226181864738464,0.7280786037445068,-0.30422765016555786,0.16979289054870605,-0.5903534889221191,0.670897364616394,-0.12089479714632034,0.019978148862719536,0,0.5902320742607117,0.031594086438417435,0.7866856455802917,0.7006765007972717,-0.3357795178890228,0.21561643481254578,-0.5914508700370789,1
0.5544371604919434,0.05337786301970482,0.8188419342041016,0.7253942489624023,-0.3077027201652527,0.1747741997241974,-0.5904032588005066,0.670897364616394,-0.12089479714632034,0.019978148862719536,0,0.5945456027984619,0.029018007218837738,0.782160758972168,0.697770357131958,-0.3391048014163971,0.2205747812986374,-0.5911608338356018,1
0.5594439506530762,0.051015455275774,0.8149782419204712,0.722683846950531,-0.3111655116081238,0.17975826561450958,-0.590415894985199,0.670897364616394,-0.12089479714632034,0.019978148862719536,0,0.5987738370895386,0.026423199102282524,0.7775604128837585,0.6948449611663818,-0.34241172671318054,0.2255280613899231,-0.5908313989639282,1
0.5643807053565979,0.04862399399280548,0.8110279440879822,0.719947874546051,-0.31461551785469055,0.18474437296390533,-0.5903909802436829,0.670897364616394,-0.12089479714632034,0.019978148862719536,0,0.6029154062271118,0.02381114661693573,0.7728863954544067,0.6919006705284119,-0.34570005536079407,0.23047514259815216,-0.5904626250267029,1
0.569245457649231,0.04620445892214775,0.8069923520088196,0.7171871066093445,-0.31805187463760376,0.18973146378993988,-0.5903283357620239,0.670897364616394,-0.12089479714632034,0.019978148862719536,0,0.6069689989089966,0.021182604134082794,0.7681398987770081,0.688937783241272,-0.3489697277545929,0.23541651666164398,-0.5900540947914124,1
0.5740355253219604,0.04375818744301796,0.8028727769851685,0.7144020199775696,-0.32147377729415894,0.1947183758020401,-0.5902279615402222,0.670897364616394,-0.12089479714632034,0.019978148862719536,0,0.6109338998794556,0.018538719043135643,0.7633215188980103,0.685956597328186,-0.3522205650806427,0.24035142362117767,-0.589605987071991,1
0.5787495970726013,0.04128594696521759,0.7986701726913452,0.7115932703018188,-0.3248807191848755,0.19970479607582092,-0.5900893211364746,0.670897364616394,-0.12089479714632034,0.019978148862719536,0,0.6148087978363037,0.015880174934864044,0.7584328651428223,0.6829573512077332,-0.3554525077342987,0.2452801764011383,-0.589118242263794,1
0.5833856463432312,0.0387890599668026,0.7943857908248901,0.7087612152099609,-0.32827240228652954,0.20468991994857788,-0.5899124145507812,0.670897364616394,-0.12089479714632034,0.019978148862719536,0,0.6185927987098694,0.013208138756453991,0.7534748911857605,0.6799408197402954,-0.35866492986679077,0.2502020597457886,-0.5885905623435974,1
0.5879418849945068,0.03626818582415581,0.790020763874054,0.7059064507484436,-0.33164823055267334,0.20967328548431396,-0.589697003364563,0.670897364616394,-0.12089479714632034,0.019978148862719536,0,0.6222848892211914,0.01052369736135006,0.74844890832901,0.6769067049026489,-0.3618582785129547,0.2551170587539673,-0.5880230665206909,1
0.5924166440963745,0.03372487798333168,0.7855764627456665,0.7030297517776489,-0.33500760793685913,0.2146536111831665,-0.5894427299499512,0.670897364616394,-0.12089479714632034,0.019978148862719536,0,0.6258841753005981,0.00782778300344944,0.7433560490608215,0.6738554835319519,-0.3650321364402771,0.2600252032279968,-0.5874156355857849,1
0.5968083739280701,0.031160084530711174,0.7810540795326233,0.7001314759254456,-0.33835023641586304,0.21963106095790863,-0.589149534702301,0.670897364616394,-0.12089479714632034,0.019978148862719536,0,0.6293898224830627,0.005121450871229172,0.7381974458694458,0.6707878112792969,-0.3681862950325012,0.26492586731910706,-0.5867679715156555,1
0.6011154651641846,0.02857472375035286,0.7764548659324646,0.6972118616104126,-0.341675728559494,0.22460457682609558,-0.5888174176216125,0.670897364616394,-0.12089479714632034,0.019978148862719536,0,0.6328005790710449,0.002405816689133644,0.7329748272895813,0.6677038073539734,-0.371320903301239,0.2698186933994293,-0.5860803127288818,1
0.6053364276885986,0.02597001940011978,0.7717800736427307,0.6942717432975769,-0.3449833393096924,0.22957377135753632,-0.5884461998939514,0.670897364616394,-0.12089479714632034,0.019978148862719536,0,0.6361159682273865,-0.0003182394430041313,0.7276884913444519,0.6646038293838501,-0.3744354546070099,0.2747041583061218,-0.5853523015975952,1
0.6094703078269958,0.0233470406383276,0.7670307755470276,0.6913114190101624,-0.34827351570129395,0.23453854024410248,-0.5880353450775146,0.670897364616394,-0.12089479714632034,0.019978148862719536,0,0.639335036277771,-0.003049541264772415,0.72234046459198,0.6614879965782166,-0.37752997875213623,0.27958157658576965,-0.5845842957496643,1
0.6135155558586121,0.020706869661808014,0.7622082233428955,0.6883312463760376,-0.3515453636646271,0.23949839174747467,-0.5875852108001709,0.670897364616394,-0.12089479714632034,0.019978148862719536,0,0.6424567699432373,-0.00578699354082346,0.7169318795204163,0.6583570241928101,-0.38060420751571655,0.2844507396221161,-0.5837756991386414,1
0.6174705028533936,0.018050488084554672,0.7573142051696777,0.6853317618370056,-0.3547985553741455,0.24445223808288574,-0.5870956182479858,0.670897364616394,-0.12089479714632034,0.019978148862719536,0,0.6454805731773376,-0.008529683575034142,0.7114636898040771,0.6552107334136963,-0.3836582601070404,0.2893114686012268,-0.5829270482063293,1
0.6213344931602478,0.015379171818494797,0.752349317073822,0.6823133826255798,-0.3580331802368164,0.249400332570076,-0.5865662097930908,0.670897364616394,-0.12089479714632034,0.019978148862719536,0,0.6484056711196899,-0.011276666074991226,0.705937385559082,0.6520497798919678,-0.3866918385028839,0.29416367411613464,-0.5820379853248596,1
0.6251060366630554,0.012694018892943859,0.7473154664039612,0.6792768836021423,-0.36124858260154724,0.25434210896492004,-0.5859969258308411,0.670897364616394,-0.12089479714632034,0.019978148862719536,0,0.651231050491333,-0.014026378281414509,0.7003545761108398,0.6488745212554932,-0.3897046446800232,0.299006849527359,-0.5811083316802979,1
0.6287844777107239,0.009995730593800545,0.7422133088111877,0.6762218475341797,-0.36444488167762756,0.2592771351337433,-0.5853880047798157,0.670897364616394,-0.12089479714632034,0.019978148862719536,0,0.6539562940597534,-0.016777947545051575,0.694716215133667,0.6456851959228516,-0.3926968276500702,0.3038409650325775,-0.5801382064819336,1
0.6323679089546204,0.007286150008440018,0.7370449304580688,0.6731495261192322,-0.3676214814186096,0.2642049491405487,-0.5847390294075012,0.670897364616394,-0.12089479714632034,0.019978148862719536,0,0.6565806269645691,-0.019530193880200386,0.6890236139297485,0.6424821615219116,-0.39566829800605774,0.3086659014225006,-0.5791274309158325,1
0.6358561515808105,0.004565762355923653,0.7318110466003418,0.6700598001480103,-0.37077847123146057,0.26912567019462585,-0.5840500593185425,0.670897364616394,-0.12089479714632034,0.019978148862719536,0,0.6591032147407532,-0.022282175719738007,0.683278501033783,0.6392658352851868,-0.3986184000968933,0.31348100304603577,-0.578076183795929,1
0.6392478346824646,0.001835930161178112,0.7265132069587708,0.6669532060623169,-0.3739154040813446,0.2740386426448822,-0.5833209753036499,0.670897364616394,-0.12089479714632034,0.019978148862719536,0,0.6615238189697266,-0.025032706558704376,0.6774815320968628,0.6360363364219666,-0.4015475809574127,0.31828659772872925,-0.5769844055175781,1
0.6425417065620422,-0.0009020324796438217,0.7211530208587646,0.6638305187225342,-0.37703201174736023,0.2789433002471924,-0.5825515985488892,0.670897364616394,-0.12089479714632034,0.019978148862719536,0,0.6638416051864624,-0.027780698612332344,0.6716346740722656,0.6327940821647644,-0.40445542335510254,0.3230823278427124,-0.5758516788482666,1
0.6457374691963196,-0.0036473264917731285,0.7157315611839294,0.6606916785240173,-0.38012832403182983,0.2838396728038788,-0.5817421078681946,0.670897364616394,-0.12089479714632034,0.019978148862719536,0,0.6660557389259338,-0.03052484430372715,0.6657394766807556,0.6295394897460938,-0.40734177827835083,0.32786741852760315,-0.5746785998344421,1
0.6488337516784668,-0.006398891098797321,0.710250198841095,0.657537043094635,-0.3832041025161743,0.2887274920940399,-0.5808925032615662,0.670897364616394,-0.12089479714632034,0.019978148862719536,0,0.6681662201881409,-0.033264219760894775,0.659796416759491,0.6262727379798889,-0.4102068841457367,0.332642525434494,-0.573464572429657,1
0.6518301367759705,-0.009155329316854477,0.7047103643417358,0.654367208480835,-0.3862588703632355,0.2936062812805176,-0.5800025463104248,0.670897364616394,-0.12089479714632034,0.019978148862719536,0,0.6701725721359253,-0.03599771112203598,0.6538073420524597,0.6229943633079529,-0.41305020451545715,0.33740711212158203,-0.5722096562385559,1
0.6547257304191589,-0.011915614828467369,0.6991133093833923,0.6511825323104858,-0.3892928659915924,0.2984757721424103,-0.579072117805481,0.670897364616394,-0.12089479714632034,0.019978148862719536,0,0.6720735430717468,-0.03872399404644966,0.6477739810943604,0.6197044849395752,-0.4158717691898346,0.3421606123447418,-0.5709142088890076,1
0.6575193405151367,-0.01467856764793396,0.693461000919342,0.6479833722114563,-0.39230552315711975,0.30333587527275085,-0.578101396560669,0.670897364616394,-0.12089479714632034,0.019978148862719536,0,0.6738691329956055,-0.041442085057497025,0.6416975259780884,0.6164036989212036,-0.41867128014564514,0.34690311551094055,-0.5695778727531433,1
0.6602105498313904,-0.0174430962651968,0.687754213809967,0.6447701454162598,-0.3952968120574951,0.308185875415802,-0.577090322971344,0.670897364616394,-0.12089479714632034,0.019978148862719536,0,0.6755590438842773,-0.04415081813931465,0.6355793476104736,0.6130920648574829,-0.42144888639450073,0.35163429379463196,-0.5682008266448975,1
0.6627991199493408,-0.020208461210131645,0.6819943189620972,0.6415427327156067,-0.39826685190200806,0.31302642822265625,-0.5760387778282166,0.670897364616394,-0.12089479714632034,0.019978148862719536,0,0.6771426796913147,-0.046849071979522705,0.629421055316925,0.6097702383995056,-0.4242040514945984,0.3563539385795593,-0.5667828917503357,1
0.6652836799621582,-0.022972656413912773,0.67618328332901,0.6383023262023926,-0.40121516585350037,0.3178562819957733,-0.5749467611312866,0.670897364616394,-0.12089479714632034,0.019978148862719536,0,0.6786198616027832,-0.049536000937223434,0.6232234239578247,0.6064380407333374,-0.4269373118877411,0.36106234788894653,-0.5653241872787476,1
0.6676639914512634,-0.02573493681848049,0.6703221797943115,0.6350488662719727,-0.40414178371429443,0.32267558574676514,-0.5738141536712646,0.670897364616394,-0.12089479714632034,0.019978148862719536,0,0.6799901127815247,-0.052209921181201935,0.6169889569282532,0.6030962467193604,-0.429647833108902,0.36575818061828613,-0.5638248920440674,1
0.6699392795562744,-0.028494471684098244,0.6644124388694763,0.6317824721336365,-0.407046377658844,0.3274841606616974,-0.5726413726806641,0.670897364616394,-0.12089479714632034,0.019978148862719536,0,0.6812530755996704,-0.054869942367076874,0.6107180714607239,0.5997452735900879,-0.43233585357666016,0.3704421818256378,-0.5622844696044922,1
0.6721090078353882,-0.031249631196260452,0.6584559082984924,0.6285041570663452,-0.40992891788482666,0.3322813808917999,-0.5714279413223267,0.670897364616394,-0.12089479714632034,0.019978148862719536,0,0.6824084520339966,-0.05751488730311394,0.6044130325317383,0.5963850021362305,-0.4350013732910156,0.375113844871521,-0.5607033371925354,1
0.6741729974746704,-0.03399939462542534,0.6524533033370972,0.625213623046875,-0.4127892851829529,0.33706754446029663,-0.5701738595962524,0.670897364616394,-0.12089479714632034,0.019978148862719536,0,0.6834561228752136,-0.06014333665370941,0.5980749130249023,0.5930162072181702,-0.4376441240310669,0.37977275252342224,-0.5590813755989075,1
0.6761300563812256,-0.0367426760494709,0.6464069485664368,0.6219115853309631,-0.4156271815299988,0.3418419659137726,-0.5688795447349548,0.670897364616394,-0.12089479714632034,0.019978148862719536,0,0.684395968914032,-0.06275472790002823,0.5917049646377563,0.5896390080451965,-0.44026389718055725,0.38441911339759827,-0.5574184656143188,1
0.6779804229736328,-0.039478421211242676,0.6403179168701172,0.618598461151123,-0.41844266653060913,0.3466045558452606,-0.5675445795059204,0.670897364616394,-0.12089479714632034,0.019978148862719536,0,0.6852273344993591,-0.06534749269485474,0.5853055715560913,0.586253821849823,-0.4428606629371643,0.3890520930290222,-0.555715024471283,1
0.6797235012054443,-0.042205337435007095,0.6341871023178101,0.6152743697166443,-0.4212355315685272,0.35135558247566223,-0.5661689639091492,0.670897364616394,-0.12089479714632034,0.019978148862719536,0,0.6859784722328186,-0.06802737712860107,0.5786087512969971,0.5827193856239319,-0.44554126262664795,0.3938641846179962,-0.5538971424102783,1
0.681358814239502,-0.04492814838886261,0.6280027627944946,0.6119312047958374,-0.424012690782547,0.3561042249202728,-0.5647504925727844,0.670897364616394,-0.12089479714632034,0.019978148862719536,0,0.686611533164978,-0.07068482786417007,0.5718827247619629,0.5791770815849304,-0.44819626212120056,0.398661732673645,-0.5520350933074951,1
0.6828886866569519,-0.047648727893829346,0.6217601895332336,0.6085664629936218,-0.4267759323120117,0.3608556091785431,-0.563287079334259,0.670897364616394,-0.12089479714632034,0.019978148862719536,0,0.6871268153190613,-0.07331818342208862,0.5651292204856873,0.5756272673606873,-0.4508261978626251,0.40344417095184326,-0.5501288175582886,1
0.6843129992485046,-0.050365857779979706,0.6154598593711853,0.605180561542511,-0.4295249581336975,0.36560937762260437,-0.5617780089378357,0.670897364616394,-0.12089479714632034,0.019978148862719536,0,0.6875244379043579,-0.07592638581991196,0.5583494901657104,0.5720701217651367,-0.4534306526184082,0.4082118272781372,-0.5481783747673035,1
0.6856310963630676,-0.053078074008226395,0.6091036796569824,0.6017743349075317,-0.4322586953639984,0.3703654110431671,-0.5602226257324219,0.670897364616394,-0.12089479714632034,0.019978148862719536,0,0.6878038644790649,-0.07850830256938934,0.5515458583831787,0.5685060620307922,-0.45600953698158264,0.4129638373851776,-0.5461839437484741,1
0.6868417859077454,-0.05578339844942093,0.6026931405067444,0.59834885597229,-0.43497684597969055,0.3751221299171448,-0.5586207509040833,0.670897364616394,-0.12089479714632034,0.019978148862719536,0,0.6879653334617615,-0.08106236159801483,0.5447198152542114,0.5649356842041016,-0.4585626423358917,0.41770026087760925,-0.5441454648971558,1
0.687943696975708,-0.05847994238138199,0.5962315201759338,0.5949051976203918,-0.43767794966697693,0.37987831234931946,-0.556972324848175,0.670897364616394,-0.12089479714632034,0.019978148862719536,0,0.6880089640617371,-0.0835874080657959,0.5378727316856384,0.5613595247268677,-0.4610900580883026,0.4224208891391754,-0.5420627593994141,1
0.6889351606369019,-0.0611652247607708,0.5897220969200134,0.5914446711540222,-0.4403612017631531,0.3846319019794464,-0.5552778244018555,0.670897364616394,-0.12089479714632034,0.019978148862719536,0,0.6879345178604126,-0.08608253300189972,0.5310070514678955,0.5577774047851562,-0.46359118819236755,0.4271255135536194,-0.5399363040924072,1
0.6898154616355896,-0.06383760273456573,0.5831671953201294,0.5879682898521423,-0.44302576780319214,0.3893820643424988,-0.5535367131233215,0.670897364616394,-0.12089479714632034,0.019978148862719536,0,0.6877424120903015,-0.08854593336582184,0.5241237282752991,0.5541902780532837,-0.46606653928756714,0.4318135976791382,-0.5377658009529114,1
0.6905829906463623,-0.06649526953697205,0.5765701532363892,0.5844771265983582,-0.4456706941127777,0.3941270709037781,-0.5517498850822449,0.670897364616394,-0.12089479714632034,0.019978148862719536,0,0.6874327659606934,-0.09097667038440704,0.5172246694564819,0.5505978465080261,-0.4685157835483551,0.43648552894592285,-0.5355512499809265,1
0.6912367939949036,-0.06913593411445618,0.5699340105056763,0.5809723734855652,-0.44829508662223816,0.39886507391929626,-0.5499173998832703,0.670897364616394,-0.12089479714632034,0.019978148862719536,0,0.6870055198669434,-0.09337351471185684,0.5103117227554321,0.5470012426376343,-0.47093868255615234,0.4411403238773346,-0.5332930684089661,1
0.6917761564254761,-0.07175783812999725,0.5632611513137817,0.5774550437927246,-0.4508983790874481,0.40359577536582947,-0.5480390191078186,0.670897364616394,-0.12089479714632034,0.019978148862719536,0,0.6864607930183411,-0.09573517739772797,0.5033873915672302,0.5434005260467529,-0.4733348488807678,0.4457780122756958,-0.5309913754463196,1
0.6922003030776978,-0.0743592232465744,0.5565544962882996,0.5739257335662842,-0.453480064868927,0.408317506313324,-0.5461151599884033,0.670897364616394,-0.12089479714632034,0.019978148862719536,0,0.6857991814613342,-0.09806041419506073,0.4964519143104553,0.5397959351539612,-0.4757048785686493,0.4503985345363617,-0.5286455750465393,1
0.6925084590911865,-0.0769384428858757,0.5498170256614685,0.5703856348991394,-0.456039160490036,0.4130290150642395,-0.5441465377807617,0.670897364616394,-0.12089479714632034,0.019978148862719536,0,0.6850206255912781,-0.10034796595573425,0.4895080626010895,0.536188006401062,-0.478048175573349,0.4550016522407532,-0.5262564420700073,1
0.6927001476287842,-0.0794937014579773,0.5430508255958557,0.5668355226516724,-0.4585752785205841,0.41772979497909546,-0.5421327352523804,0.670897364616394,-0.12089479714632034,0.019978148862719536,0,0.6841256618499756,-0.10259687900543213,0.482557475566864,0.5325771570205688,-0.4803646504878998,0.45958656072616577,-0.5238238573074341,1
0.6927750706672668,-0.08202360570430756,0.5362587571144104,0.5632759928703308,-0.4610879719257355,0.42241883277893066,-0.5400744080543518,0.670897364616394,-0.12089479714632034,0.019978148862719536,0,0.6831144690513611,-0.10480552166700363,0.4756014347076416,0.5289636850357056,-0.4826543927192688,0.46415388584136963,-0.5213475227355957,1
0.6927328109741211,-0.08452636003494263,0.5294426679611206,0.5597082376480103,-0.4635765254497528,0.4270954728126526,-0.537971019744873,0.670897364616394,-0.12089479714632034,0.019978148862719536,0,0.6819875240325928,-0.10697288811206818,0.46864232420921326,0.5253483057022095,-0.4849170446395874,0.4687023162841797,-0.5188280940055847,1
0.6925733685493469,-0.0870003029704094,0.5226053595542908,0.5561323165893555,-0.46604102849960327,0.43175867199897766,-0.5358237028121948,0.670897364616394,-0.12089479714632034,0.019978148862719536,0,0.6807452440261841,-0.10909818857908249,0.4616812467575073,0.5217307209968567,-0.48715269565582275,0.47323280572891235,-0.5162652134895325,1
0.6922963857650757,-0.08944395184516907,0.515749454498291,0.5525496602058411,-0.46848064661026,0.4364076554775238,-0.5336318612098694,0.670897364616394,-0.12089479714632034,0.019978148862719536,0,0.6793879866600037,-0.11117959767580032,0.4547203779220581,0.5181118845939636,-0.48936131596565247,0.47774410247802734,-0.5136594176292419,1
0.6919019222259521,-0.09185630083084106,0.5088762044906616,0.5489600300788879,-0.4708954393863678,0.44104233384132385,-0.531396210193634,0.670897364616394,-0.12089479714632034,0.019978148862719536,0,0.6779162883758545,-0.113216333091259,0.4477612376213074,0.5144917964935303,-0.4915427565574646,0.4822368025779724,-0.5110101699829102,1
0.6913900971412659,-0.09423553198575974,0.5019882917404175,0.5453647971153259,-0.4732847809791565,0.4456620216369629,-0.5291163325309753,0.670897364616394,-0.12089479714632034,0.019978148862719536,0,0.6763306856155396,-0.11520753800868988,0.44080546498298645,0.510871171951294,-0.49369674921035767,0.48671025037765503,-0.5083180069923401,1
0.6907607913017273,-0.0965801477432251,0.49508827924728394,0.5417641401290894,-0.4756484627723694,0.45026537775993347,-0.5267932415008545,0.670897364616394,-0.12089479714632034,0.019978148862719536,0,0.6746314764022827,-0.11715152859687805,0.4338553249835968,0.5072501301765442,-0.49582329392433167,0.4911642074584961,-0.5055829882621765,1
0.6900141835212708,-0.09888899326324463,0.48817765712738037,0.5381589531898499,-0.477986216545105,0.4548528492450714,-0.5244261622428894,0.670897364616394,-0.12089479714632034,0.019978148862719536,0,0.6728193759918213,-0.11904735118150711,0.42691224813461304,0.5036292672157288,-0.49792248010635376,0.4955979883670807,-0.5028053522109985,1
0.6891507506370544,-0.1011604517698288,0.4812587797641754,0.5345495343208313,-0.48029807209968567,0.45942339301109314,-0.5220158100128174,0.670897364616394,-0.12089479714632034,0.019978148862719536,0,0.6708952188491821,-0.12089446932077408,0.4199776351451874,0.5000085234642029,-0.49999380111694336,0.5000124573707581,-0.4999850392341614,1
0.6881704926490784,-0.10339343547821045,0.47433358430862427,0.5309367179870605,-0.4825831949710846,0.4639768898487091,-0.5195623636245728,0.670897364616394,-0.12089479714632034,0.019978148862719536,0,0.6881704926490784,-0.10339343547821045,0.47433358430862427,0.5309367179870605,-0.4825831949710846,0.4639768898487091,-0.5195623636245728,1
0.6880416870117188,-0.10481125116348267,0.46729737520217896,0.5281491875648499,-0.48460981249809265,0.46911489963531494,-0.51589035987854,0.670897364616394,-0.12089479714632034,0.019978148862719536,0,0.6884979009628296,-0.10373370349407196,0.47199785709381104,0.5306240916252136,-0.48276838660240173,0.4643462896347046,-0.5193796753883362,1
0.6884613037109375,-0.10528385639190674,0.4608045816421509,0.526098906993866,-0.4866032302379608,0.4733928442001343,-0.5121878981590271,0.670897364616394,-0.12089479714632034,0.019978148862719536,0,0.6888145208358765,-0.10407064855098724,0.4696614742279053,0.5303115844726562,-0.48295319080352783,0.4647158980369568,-0.5191964507102966,1
0.6889997720718384,-0.10543979704380035,0.45529890060424805,0.524548351764679,-0.488281786441803,0.4767296612262726,-0.5090762972831726,0.670897364616394,-0.12089479714632034,0.019978148862719536,0,0.6891205310821533,-0.10440471768379211,0.4673250615596771,0.5299990177154541,-0.4831378757953644,0.46508514881134033,-0.5190130472183228,1
0.6895369291305542,-0.10552336275577545,0.45091700553894043,0.5234100818634033,-0.48955342173576355,0.4791756868362427,-0.5067247748374939,0.670897364616394,-0.12089479714632034,0.019978148862719536,0,0.6894163489341736,-0.10473575443029404,0.4649878442287445,0.5296862721443176,-0.48332250118255615,0.4654546082019806,-0.5188292860984802,1
0.6900570392608643,-0.10560616105794907,0.4476975202560425,0.5226638317108154,-0.4903998374938965,0.48075568675994873,-0.5051775574684143,0.670897364616394,-0.12089479714632034,0.019978148862719536,0,0.6897013783454895,-0.10506340116262436,0.46265122294425964,0.5293737649917603,-0.4835069179534912,0.4658234417438507,-0.5186453461647034,1
0.6905698180198669,-0.10571114718914032,0.4456470310688019,0.5223047733306885,-0.49082210659980774,0.48148709535598755,-0.5044417977333069,0.670897364616394,-0.12089479714632034,0.019978148862719536,0,0.6899757981300354,-0.1053880900144577,0.4603142738342285,0.5290611386299133,-0.4836910367012024,0.46619248390197754,-0.5184610486030579,1
0.6910866498947144,-0.10584480315446854,0.4447651505470276,0.5223309993743896,-0.49082478880882263,0.481380820274353,-0.5045135021209717,0.670897364616394,-0.12089479714632034,0.019978148862719536,0,0.6902398467063904,-0.10570981353521347,0.4579770565032959,0.5287485718727112,-0.48387497663497925,0.46656131744384766,-0.5182765126228333,1
0.6914950013160706,-0.10598621517419815,0.444604754447937,0.5225892066955566,-0.49055686593055725,0.480754017829895,-0.5051040053367615,0.670897364616394,-0.12089479714632034,0.019978148862719536,0,0.6904933452606201,-0.1060279980301857,0.45563995838165283,0.528436005115509,-0.4840587377548218,0.4669298529624939,-0.51809161901474,1
0.6917735934257507,-0.10611556470394135,0.4446084797382355,0.522895336151123,-0.490217924118042,0.4799971282482147,-0.5058354139328003,0.670897364616394,-0.12089479714632034,0.019978148862719536,0,0.6907362937927246,-0.10634341090917587,0.4533027410507202,0.5281234383583069,-0.48424243927001953,0.46729856729507446,-0.5179063677787781,1
0.6919882893562317,-0.1062392145395279,0.4445574879646301,0.5231884717941284,-0.48988115787506104,0.4792478084564209,-0.5065684914588928,0.670897364616394,-0.12089479714632034,0.019978148862719536,0,0.6909686923027039,-0.1066552996635437,0.45096588134765625,0.5278109312057495,-0.48442572355270386,0.46766695380210876,-0.5177207589149475,1
0.6921766996383667,-0.10636705905199051,0.4443599581718445,0.5234435200691223,-0.48957473039627075,0.4785611927509308,-0.5072498917579651,0.670897364616394,-0.12089479714632034,0.019978148862719536,0,0.6911904811859131,-0.10696431249380112,0.4486290514469147,0.5274983644485474,-0.48460888862609863,0.46803539991378784,-0.5175350904464722,1
0.6923564672470093,-0.10650574415922165,0.4439823627471924,0.5236512422561646,-0.4893081486225128,0.47795960307121277,-0.5078597068786621,0.670897364616394,-0.12089479714632034,0.019978148862719536,0,0.6914016604423523,-0.10727014392614365,0.4462926983833313,0.5271857380867004,-0.48479193449020386,0.46840351819992065,-0.5173489451408386,1
0.6925360560417175,-0.10665833950042725,0.44341886043548584,0.5238091945648193,-0.48908379673957825,0.4774487316608429,-0.5083932280540466,0.670897364616394,-0.12089479714632034,0.019978148862719536,0,0.6916026473045349,-0.10757257789373398,0.4439558982849121,0.5268732309341431,-0.4849748909473419,0.46877172589302063,-0.5171624422073364,1
0.6927181482315063,-0.10682567209005356,0.4426758587360382,0.5239187479019165,-0.4889006018638611,0.4770269989967346,-0.5088521838188171,0.670897364616394,-0.12089479714632034,0.019978148862719536,0,0.691792905330658,-0.10787201672792435,0.44162002205848694,0.5265606641769409,-0.48515763878822327,0.4691396951675415,-0.5169757008552551,1
0.6929033994674683,-0.10700716823339462,0.44176679849624634,0.5239836573600769,-0.4887554347515106,0.476688027381897,-0.5092422366142273,0.670897364616394,-0.12089479714632034,0.019978148862719536,0,0.6919727325439453,-0.10816829651594162,0.43928444385528564,0.5262480974197388,-0.485339879989624,0.46950763463974,-0.5167887210845947,1
0.6930912137031555,-0.10720150917768478,0.44070565700531006,0.5240076780319214,-0.4886455237865448,0.47642555832862854,-0.5095685720443726,0.670897364616394,-0.12089479714632034,0.019978148862719536,0,0.6921421885490417,-0.10846112668514252,0.4369489252567291,0.5259355902671814,-0.48552241921424866,0.46987539529800415,-0.5166012048721313,1
0.6932803392410278,-0.10740727931261063,0.4395076036453247,0.5239949822425842,-0.4885670244693756,0.47623157501220703,-0.5098382234573364,0.670897364616394,-0.12089479714632034,0.019978148862719536,0,0.6923009157180786,-0.10875089466571808,0.434614360332489,0.5256230235099792,-0.4857044816017151,0.47024300694465637,-0.5164136290550232,1
0.6934691667556763,-0.1076231300830841,0.4381864666938782,0.5239490866661072,-0.48851683735847473,0.47609952092170715,-0.510056734085083,0.670897364616394,-0.12089479714632034,0.019978148862719536,0,0.6924495100975037,-0.10903754830360413,0.4322798550128937,0.5253103375434875,-0.48588651418685913,0.47061076760292053,-0.5162254571914673,1
0.693656861782074,-0.10784745216369629,0.43675464391708374,0.5238736271858215,-0.48849233984947205,0.4760226309299469,-0.5102294683456421,0.670897364616394,-0.12089479714632034,0.019978148862719536,0,0.6925872564315796,-0.10932062566280365,0.429946631193161,0.524997889995575,-0.4860682487487793,0.4709780216217041,-0.5160372853279114,1
0.6938415765762329,-0.10807915776968002,0.43522483110427856,0.5237718820571899,-0.48849016427993774,0.4759950041770935,-0.5103616118431091,0.670897364616394,-0.12089479714632034,0.019978148862719536,0,0.6927146911621094,-0.10960070043802261,0.4276137351989746,0.5246854424476624,-0.4862498939037323,0.47134509682655334,-0.5158488154411316,1
0.694022536277771,-0.10831654071807861,0.433607280254364,0.5236468315124512,-0.48850828409194946,0.4760110676288605,-0.5104575753211975,0.670897364616394,-0.12089479714632034,0.019978148862719536,0,0.6928316950798035,-0.10987730324268341,0.4252813458442688,0.5243728756904602,-0.48643139004707336,0.47171247005462646,-0.515659749507904,1
0.6941985487937927,-0.1085590049624443,0.4319113790988922,0.5235009789466858,-0.48854437470436096,0.47606638073921204,-0.5105211734771729,0.670897364616394,-0.12089479714632034,0.019978148862719536,0,0.6929382681846619,-0.11015090346336365,0.42295002937316895,0.5240603685379028,-0.48661255836486816,0.47207939624786377,-0.5154706239700317,1
0.6943687200546265,-0.10880550742149353,0.4301455020904541,0.5233364105224609,-0.4885963201522827,0.47615647315979004,-0.5105562210083008,0.670897364616394,-0.12089479714632034,0.019978148862719536,0,0.6930343508720398,-0.11042115837335587,0.4206193685531616,0.5237479209899902,-0.4867934286594391,0.47244641184806824,-0.5152811408042908,1
0.6945319771766663,-0.10905501246452332,0.428318053483963,0.5231553912162781,-0.4886625111103058,0.4762771427631378,-0.5105657577514648,0.670897364616394,-0.12089479714632034,0.019978148862719536,0,0.6931201219558716,-0.11068794876337051,0.4182894229888916,0.5234352946281433,-0.48697447776794434,0.472813218832016,-0.515091061592102,1
0.6946877837181091,-0.10930640995502472,0.42643532156944275,0.5229598879814148,-0.48874127864837646,0.4764251708984375,-0.5105525255203247,0.670897364616394,-0.12089479714632034,0.019978148862719536,0,0.6931953430175781,-0.11095169931650162,0.4159605801105499,0.5231227278709412,-0.487155020236969,0.47318002581596375,-0.5149011015892029,1
0.6948356032371521,-0.10955969989299774,0.4245031476020813,0.5227510929107666,-0.4888313412666321,0.4765979051589966,-0.5105189681053162,0.670897364616394,-0.12089479714632034,0.019978148862719536,0,0.693260133266449,-0.11121205985546112,0.41363292932510376,0.5228103995323181,-0.4873354732990265,0.4735463857650757,-0.5147107243537903,1
0.6949748992919922,-0.10981389880180359,0.4225277304649353,0.5225308537483215,-0.48893114924430847,0.47679200768470764,-0.510467529296875,0.670897364616394,-0.12089479714632034,0.019978148862719536,0,0.6933147311210632,-0.11146893352270126,0.4113057553768158,0.522497832775116,-0.48751595616340637,0.47391295433044434,-0.5145198702812195,1
0.6951050162315369,-0.11006852984428406,0.42051345109939575,0.5223001837730408,-0.48903974890708923,0.4770052433013916,-0.5104002952575684,0.670897364616394,-0.12089479714632034,0.019978148862719536,0,0.6933586597442627,-0.11172272264957428,0.40898019075393677,0.5221853256225586,-0.48769611120224,0.47427934408187866,-0.5143287777900696,1
0.6952256560325623,-0.11032324284315109,0.41846469044685364,0.5220603346824646,-0.48915624618530273,0.4772357642650604,-0.5103185772895813,0.670897364616394,-0.12089479714632034,0.019978148862719536,0,0.6933924555778503,-0.11197324097156525,0.40665534138679504,0.5218727588653564,-0.48787590861320496,0.47464585304260254,-0.5141372084617615,1
0.6953366994857788,-0.11057713627815247,0.4163854122161865,0.5218126773834229,-0.4892796277999878,0.4774809777736664,-0.5102242231369019,0.670897364616394,-0.12089479714632034,0.019978148862719536,0,0.6934157609939575,-0.11222013086080551,0.4043322801589966,0.5215603113174438,-0.48805564641952515,0.47501182556152344,-0.5139456987380981,1
0.6954375505447388,-0.11083057522773743,0.41427910327911377,0.5215573310852051,-0.48940908908843994,0.47773995995521545,-0.5101187229156494,0.670897364616394,-0.12089479714632034,0.019978148862719536,0,0.6934287548065186,-0.11246392875909805,0.4020099639892578,0.5212478041648865,-0.48823538422584534,0.4753778576850891,-0.5137535929679871,1
0.6955283880233765,-0.111082524061203,0.4121485948562622,0.5212957262992859,-0.4895440340042114,0.47801080346107483,-0.5100029706954956,0.670897364616394,-0.12089479714632034,0.019978148862719536,0,0.6934313178062439,-0.11270412057638168,0.39968928694725037,0.5209352970123291,-0.4884147346019745,0.47574368119239807,-0.5135613679885864,1
0.6956085562705994,-0.11133324354887009,0.40999743342399597,0.5210283994674683,-0.4896836280822754,0.47829189896583557,-0.5098785161972046,0.670897364616394,-0.12089479714632034,0.019978148862719536,0,0.6934235692024231,-0.11294123530387878,0.39736974239349365,0.520622730255127,-0.48859408497810364,0.4761095941066742,-0.513368546962738,1
0.6956784129142761,-0.11158205568790436,0.40782684087753296,0.5207560062408447,-0.48982754349708557,0.47858262062072754,-0.509745717048645,0.670897364616394,-0.12089479714632034,0.019978148862719536,0,0.6934056282043457,-0.11317500472068787,0.3950515389442444,0.5203104019165039,-0.48877283930778503,0.4764752984046936,-0.5131757855415344,1
0.695737361907959,-0.11182916164398193,0.4056403934955597,0.520479142665863,-0.48997509479522705,0.47888147830963135,-0.5096060633659363,0.670897364616394,-0.12089479714632034,0.019978148862719536,0,0.6933773159980774,-0.11340513080358505,0.39273497462272644,0.5199980735778809,-0.48895180225372314,0.4768405854701996,-0.5129824876785278,1
0.695785641670227,-0.11207412928342819,0.4034392833709717,0.5201979875564575,-0.4901258647441864,0.4791876971721649,-0.5094601511955261,0.670897364616394,-0.12089479714632034,0.019978148862719536,0,0.6933385133743286,-0.11363203823566437,0.39042019844055176,0.5196855664253235,-0.4891303777694702,0.4772059917449951,-0.5127890706062317,1
0.6958231925964355,-0.11231649667024612,0.40122562646865845,0.5199136137962341,-0.4902796745300293,0.47950026392936707,-0.5093085169792175,0.670897364616394,-0.12089479714632034,0.019978148862719536,0,0.6932896375656128,-0.11385564506053925,0.3881067931652069,0.5193731188774109,-0.4893089532852173,0.4775712788105011,-0.5125952959060669,1
0.6958496570587158,-0.11255668103694916,0.3990009129047394,0.5196260809898376,-0.4904358983039856,0.4798184633255005,-0.509151816368103,0.670897364616394,-0.12089479714632034,0.019978148862719536,0,0.6932305693626404,-0.1140756905078888,0.38579490780830383,0.5190606713294983,-0.4894871711730957,0.47793641686439514,-0.5124011039733887,1
0.6958656311035156,-0.11279436200857162,0.3967657685279846,0.5193354487419128,-0.49059441685676575,0.4801419675350189,-0.5089905261993408,0.670897364616394,-0.12089479714632034,0.019978148862719536,0,0.6931610107421875,-0.11429253220558167,0.38348495960235596,0.5187482833862305,-0.48966532945632935,0.47830134630203247,-0.5122067928314209,1
0.695870578289032,-0.11302922666072845,0.3945227265357971,0.5190424919128418,-0.4907549321651459,0.48046988248825073,-0.5088251829147339,0.670897364616394,-0.12089479714632034,0.019978148862719536,0,0.6930814385414124,-0.11450596153736115,0.38117626309394836,0.5184356570243835,-0.48984333872795105,0.4786665439605713,-0.5120119452476501,1
0.6958646178245544,-0.11326136440038681,0.39227205514907837,0.5187473297119141,-0.4909171462059021,0.4808017909526825,-0.5086562037467957,0.670897364616394,-0.12089479714632034,0.019978148862719536,0,0.6929916143417358,-0.11471573263406754,0.378869891166687,0.51812344789505,-0.49002110958099365,0.4790309965610504,-0.5118169784545898,1
0.6958476305007935,-0.1134905070066452,0.3900153934955597,0.5184503197669983,-0.49108073115348816,0.48113709688186646,-0.5084841847419739,0.670897364616394,-0.12089479714632034,0.019978148862719536,0,0.6928912997245789,-0.11492232233285904,0.3765653669834137,0.517811119556427,-0.4901985228061676,0.47939592599868774,-0.5116215348243713,1
0.6958199143409729,-0.11371675133705139,0.38775312900543213,0.5181513428688049,-0.49124571681022644,0.4814754128456116,-0.5083090662956238,0.670897364616394,-0.12089479714632034,0.019978148862719536,0,0.6927810311317444,-0.11512520909309387,0.3742625117301941,0.5174987316131592,-0.4903760552406311,0.47976043820381165,-0.5114256143569946,1
0.6957813501358032,-0.11393992602825165,0.38548600673675537,0.5178508162498474,-0.491411954164505,0.48181667923927307,-0.5081313252449036,0.670897364616394,-0.12089479714632034,0.019978148862719536,0,0.6926604509353638,-0.115324966609478,0.3719615340232849,0.5171862244606018,-0.49055325984954834,0.4801250100135803,-0.5112296342849731,1
0.6957316994667053,-0.11416007578372955,0.3832157254219055,0.5175490379333496,-0.4915788173675537,0.4821600914001465,-0.5079514980316162,0.670897364616394,-0.12089479714632034,0.019978148862719536,0,0.6925296783447266,-0.11552128195762634,0.3696630299091339,0.5168738961219788,-0.49073028564453125,0.4804893136024475,-0.5110334157943726,1
0.695671558380127,-0.11437726020812988,0.38094180822372437,0.517245888710022,-0.4917469024658203,0.4825056493282318,-0.5077695250511169,0.670897364616394,-0.12089479714632034,0.019978148862719536,0,0.6923888325691223,-0.115713931620121,0.3673660159111023,0.5165613889694214,-0.4909071922302246,0.4808536469936371,-0.510836660861969,1
0.6956005692481995,-0.11459113657474518,0.37866538763046265,0.5169419050216675,-0.49191537499427795,0.4828532040119171,-0.5075855851173401,0.670897364616394,-0.12089479714632034,0.019978148862719536,0,0.6922377943992615,-0.1159033328294754,0.3650713860988617,0.5162491798400879,-0.4910837709903717,0.48121771216392517,-0.5106396675109863,1
0.6955188512802124,-0.11480176448822021,0.37638700008392334,0.5166367888450623,-0.4920847415924072,0.4832019507884979,-0.5074000358581543,0.670897364616394,-0.12089479714632034,0.019978148862719536,0,0.692076563835144,-0.11608927696943283,0.36277928948402405,0.5159369111061096,-0.4912600815296173,0.4815816283226013,-0.5104427337646484,1
0.6954262256622314,-0.11500900983810425,0.3741074800491333,0.5163309574127197,-0.4922545552253723,0.4835522472858429,-0.5072129964828491,0.670897364616394,-0.12089479714632034,0.019978148862719536,0,0.6919053196907043,-0.11627153307199478,0.3604891002178192,0.5156245231628418,-0.4914363920688629,0.4819454550743103,-0.510245144367218,1
0.69532310962677,-0.11521303653717041,0.3718264102935791,0.5160244107246399,-0.49242475628852844,0.48390379548072815,-0.5070244073867798,0.670897364616394,-0.12089479714632034,0.019978148862719536,0,0.6917239427566528,-0.11645052582025528,0.3582013249397278,0.5153123140335083,-0.4916124939918518,0.4823090732097626,-0.5100473761558533,1
0.695209264755249,-0.11541379988193512,0.3695449233055115,0.515717089176178,-0.4925951659679413,0.484256386756897,-0.5068347454071045,0.670897364616394,-0.12089479714632034,0.019978148862719536,0,0.6915323734283447,-0.11662612855434418,0.3559158742427826,0.5149997472763062,-0.4917883574962616,0.48267272114753723,-0.5098493099212646,1
0.6950849294662476,-0.115611232817173,0.36726272106170654,0.5154090523719788,-0.49276626110076904,0.484609991312027,-0.5066438317298889,0.670897364616394,-0.12089479714632034,0.019978148862719536,0,0.6913310289382935,-0.11679800599813461,0.3536325693130493,0.5146875977516174,-0.49196428060531616,0.48303619027137756,-0.509650707244873,1
0.6949501037597656,-0.11580543220043182,0.36498063802719116,0.5151007175445557,-0.49293726682662964,0.484964519739151,-0.5064517855644226,0.670897364616394,-0.12089479714632034,0.019978148862719536,0,0.691119372844696,-0.11696657538414001,0.3513520359992981,0.5143753290176392,-0.4921397566795349,0.48339956998825073,-0.5094520449638367,1
0.6948046684265137,-0.11599599570035934,0.36269867420196533,0.5147919654846191,-0.4931085705757141,0.4853195548057556,-0.5062587261199951,0.670897364616394,-0.12089479714632034,0.019978148862719536,0,0.6908978223800659,-0.11713176965713501,0.34907370805740356,0.5140630006790161,-0.49231505393981934,0.4837627410888672,-0.5092530846595764,1
0.6946486830711365,-0.11618337035179138,0.3604173958301544,0.5144827365875244,-0.4932801425457001,0.485675185918808,-0.5060649514198303,0.670897364616394,-0.12089479714632034,0.019978148862719536,0,0.6906661987304688,-0.11729311943054199,0.3467985689640045,0.5137509107589722,-0.49249014258384705,0.4841257631778717,-0.5090537071228027,1
0.6944823861122131,-0.11636717617511749,0.35813668370246887,0.5141730904579163,-0.4934518039226532,0.4860314428806305,-0.5058702230453491,0.670897364616394,-0.12089479714632034,0.019978148862719536,0,0.6904246211051941,-0.1174512580037117,0.34452539682388306,0.5134386420249939,-0.49266520142555237,0.4844888150691986,-0.5088539719581604,1
0.6943056583404541,-0.11654767394065857,0.35585740208625793,0.513863205909729,-0.49362340569496155,0.4863879084587097,-0.5056750178337097,0.670897364616394,-0.12089479714632034,0.019978148862719536,0,0.6901728510856628,-0.11760558933019638,0.34225529432296753,0.5131263136863708,-0.49284008145332336,0.48485174775123596,-0.5086538791656494,1
0.6941184997558594,-0.1167246475815773,0.3535788953304291,0.5135530829429626,-0.49379509687423706,0.4867449700832367,-0.5054788589477539,0.670897364616394,-0.12089479714632034,0.019978148862719536,0,0.6899113655090332,-0.11775675415992737,0.3399874269962311,0.5128141045570374,-0.49301472306251526,0.48521456122398376,-0.5084534883499146,1
0.6939210891723633,-0.1168983206152916,0.35130223631858826,0.5132427215576172,-0.493966668844223,0.48710203170776367,-0.505282461643219,0.670897364616394,-0.12089479714632034,0.019978148862719536,0,0.6896398663520813,-0.11790438741445541,0.33772268891334534,0.5125017762184143,-0.49318915605545044,0.4855772852897644,-0.5082529783248901,1
0.6937133073806763,-0.11706818640232086,0.3490273058414459,0.512932300567627,-0.4941381812095642,0.48745936155319214,-0.5050852298736572,0.670897364616394,-0.12089479714632034,0.019978148862719536,0,0.6893585324287415,-0.11804820597171783,0.3354606032371521,0.5121896862983704,-0.4933634400367737,0.48593950271606445,-0.5080521106719971,1
0.6934952735900879,-0.11723507195711136,0.3467535078525543,0.5126215815544128,-0.49430984258651733,0.4878169894218445,-0.5048875212669373,0.670897364616394,-0.12089479714632034,0.019978148862719536,0,0.6890670657157898,-0.1181887611746788,0.33320149779319763,0.5118774771690369,-0.49353742599487305,0.48630210757255554,-0.5078508853912354,1
0.6932671070098877,-0.11739810556173325,0.3444820046424866,0.5123106241226196,-0.49448147416114807,0.4881746172904968,-0.5046893358230591,0.670897364616394,-0.12089479714632034,0.019978148862719536,0,0.6887658834457397,-0.11832582950592041,0.3309454917907715,0.5115653872489929,-0.4937111735343933,0.48666420578956604,-0.5076493620872498,1
0.6930285692214966,-0.1175578385591507,0.34221285581588745,0.5119997262954712,-0.49465280771255493,0.4885323941707611,-0.5044907927513123,0.670897364616394,-0.12089479714632034,0.019978148862719536,0,0.6884549260139465,-0.11845915019512177,0.32869213819503784,0.5112531185150146,-0.49388501048088074,0.4870263934135437,-0.5074475407600403,1
0.6927801370620728,-0.1177138239145279,0.3399454653263092,0.5116888880729675,-0.49482420086860657,0.4888901114463806,-0.5042915344238281,0.670897364616394,-0.12089479714632034,0.019978148862719536,0,0.6881338357925415,-0.11858906596899033,0.32644230127334595,0.5109410881996155,-0.4940585494041443,0.48738834261894226,-0.5072453022003174,1
0.6925212740898132,-0.11786673963069916,0.33768048882484436,0.5113774538040161,-0.4949954152107239,0.4892480671405792,-0.5040920972824097,0.670897364616394,-0.12089479714632034,0.019978148862719536,0,0.6878030896186829,-0.1187155470252037,0.3241952955722809,0.5106288194656372,-0.49423184990882874,0.48775041103363037,-0.5070430636405945,1
0.6922523975372314,-0.1180158481001854,0.33541786670684814,0.5110663175582886,-0.4951663613319397,0.4896060526371002,-0.5038921236991882,0.670897364616394,-0.12089479714632034,0.019978148862719536,0,0.6874626278877258,-0.11883822828531265,0.32195132970809937,0.510316789150238,-0.4944050908088684,0.4881120026111603,-0.5068402290344238,1
0.6919735670089722,-0.11816143989562988,0.3331575393676758,0.5107550621032715,-0.49533751606941223,0.48996400833129883,-0.5036916136741638,0.670897364616394,-0.12089479714632034,0.019978148862719536,0,0.6871121525764465,-0.11895757168531418,0.319710910320282,0.5100047588348389,-0.4945778548717499,0.4884736239910126,-0.5066373944282532,1
0.6916846632957458,-0.11830370128154755,0.33090004324913025,0.5104436874389648,-0.4955082833766937,0.4903218150138855,-0.5034911036491394,0.670897364616394,-0.12089479714632034,0.019978148862719536,0,0.6867520809173584,-0.11907314509153366,0.31747326254844666,0.5096926093101501,-0.4947506785392761,0.4888352155685425,-0.50643390417099,1
0.691385805606842,-0.11844223737716675,0.3286452293395996,0.5101324319839478,-0.4956788718700409,0.49067968130111694,-0.5032899975776672,0.670897364616394,-0.12089479714632034,0.019978148862719536,0,0.6863821744918823,-0.11918538063764572,0.3152392506599426,0.509380578994751,-0.4949232339859009,0.4891964793205261,-0.5062302350997925,1
0.6910767555236816,-0.11857737600803375,0.32639336585998535,0.5098211169242859,-0.4958493411540985,0.4910372197628021,-0.503088653087616,0.670897364616394,-0.12089479714632034,0.019978148862719536,0,0.6860024929046631,-0.11929407715797424,0.3130086660385132,0.5090684294700623,-0.49509555101394653,0.489557683467865,-0.506026566028595,1
0.6907579302787781,-0.11870899796485901,0.324144184589386,0.5095096230506897,-0.49601972103118896,0.491394966840744,-0.5028870105743408,0.670897364616394,-0.12089479714632034,0.019978148862719536,0,0.6856133937835693,-0.11939903348684311,0.31078100204467773,0.5087564587593079,-0.49526798725128174,0.48991891741752625,-0.5058220028877258,1
0.690429151058197,-0.11883707344532013,0.32189804315567017,0.5091983675956726,-0.49618980288505554,0.4917523264884949,-0.5026850700378418,0.670897364616394,-0.12089479714632034,0.019978148862719536,0,0.6852142214775085,-0.11950059235095978,0.3085572123527527,0.5084443688392639,-0.49543988704681396,0.4902799725532532,-0.5056174993515015,1
0.6900904774665833,-0.1189616248011589,0.31965526938438416,0.5088870525360107,-0.4963596761226654,0.4921095669269562,-0.502483069896698,0.670897364616394,-0.12089479714632034,0.019978148862719536,0,0.6848055720329285,-0.1195986270904541,0.30633682012557983,0.5081323981285095,-0.4956117570400238,0.4906407594680786,-0.5054126977920532,1
0.6897420287132263,-0.11908259242773056,0.31741541624069214,0.5085756182670593,-0.49652963876724243,0.4924667179584503,-0.5022804141044617,0.670897364616394,-0.12089479714632034,0.019978148862719536,0,0.6843874454498291,-0.11969282478094101,0.3041200637817383,0.5078204870223999,-0.495783269405365,0.4910014271736145,-0.5052076578140259,1
0.6893836855888367,-0.11920002847909927,0.31517869234085083,0.5082642436027527,-0.49669912457466125,0.49282386898994446,-0.5020776987075806,0.670897364616394,-0.12089479714632034,0.019978148862719536,0,0.6839593648910522,-0.1197836622595787,0.3019070029258728,0.5075085163116455,-0.49595481157302856,0.491362065076828,-0.5050020813941956,1
0.6890157461166382,-0.11931389570236206,0.31294506788253784,0.5079529881477356,-0.49686864018440247,0.49318087100982666,-0.5018744468688965,0.670897364616394,-0.12089479714632034,0.019978148862719536,0,0.6835219264030457,-0.11987098306417465,0.2996973991394043,0.5071964263916016,-0.4961259961128235,0.4917226731777191,-0.5047963857650757,1
0.6886376142501831,-0.11942444741725922,0.3107151389122009,0.5076414346694946,-0.4970376789569855,0.49353769421577454,-0.501671314239502,0.670897364616394,-0.12089479714632034,0.019978148862719536,0,0.683074951171875,-0.11995448917150497,0.29749149084091187,0.5068845748901367,-0.49629727005958557,0.49208304286003113,-0.5045900940895081,1
0.6882500052452087,-0.11953115463256836,0.3084884583950043,0.5073302388191223,-0.4972066283226013,0.49389439821243286,-0.5014676451683044,0.670897364616394,-0.12089479714632034,0.019978148862719536,0,0.682618260383606,-0.12003462761640549,0.29528963565826416,0.5065725445747375,-0.49646812677383423,0.4924432337284088,-0.50438392162323,1
0.6878526210784912,-0.11963440477848053,0.3062651753425598,0.50701904296875,-0.4973754584789276,0.4942507743835449,-0.5012636780738831,0.670897364616394,-0.12089479714632034,0.019978148862719536,0,0.682152271270752,-0.12011098861694336,0.2930912375450134,0.506260871887207,-0.49663883447647095,0.4928034842014313,-0.5041769742965698,1
0.6874455213546753,-0.11973422020673752,0.30404549837112427,0.5067076683044434,-0.49754396080970764,0.49460726976394653,-0.5010597109794617,0.670897364616394,-0.12089479714632034,0.019978148862719536,0,0.6816765069961548,-0.12018391489982605,0.290897011756897,0.5059489011764526,-0.4968094229698181,0.493163526058197,-0.5039701461791992,1
0.6870288848876953,-0.11983029544353485,0.30182915925979614,0.5063966512680054,-0.49771246314048767,0.4949633777141571,-0.5008551478385925,0.670897364616394,-0.12089479714632034,0.019978148862719536,0,0.6811914443969727,-0.1202532947063446,0.2887064814567566,0.5056370496749878,-0.4969797730445862,0.49352332949638367,-0.5037627220153809,1
0.6866024136543274,-0.11992277204990387,0.29961684346199036,0.5060855150222778,-0.49788060784339905,0.4953193962574005,-0.5006505846977234,0.670897364616394,-0.12089479714632034,0.019978148862719536,0,0.6806967854499817,-0.12031888961791992,0.28652021288871765,0.5053252577781677,-0.49714988470077515,0.49388307332992554,-0.5035552382469177,1
0.6861664056777954,-0.12001194059848785,0.2974082827568054,0.5057743191719055,-0.4980485737323761,0.4956750273704529,-0.5004459023475647,0.670897364616394,-0.12089479714632034,0.019978148862719536,0,0.6801929473876953,-0.12038107216358185,0.28433758020401,0.5050134062767029,-0.49731993675231934,0.49424266815185547,-0.5033473372459412,1
0.6857208609580994,-0.1200975552201271,0.29520341753959656,0.5054632425308228,-0.4982161223888397,0.49603065848350525,-0.5002409815788269,0.670897364616394,-0.12089479714632034,0.019978148862719536,0,0.6796794533729553,-0.12043967097997665,0.28215932846069336,0.5047014355659485,-0.49748969078063965,0.49460217356681824,-0.5031391382217407,1
0.6852656006813049,-0.12017927318811417,0.2930023968219757,0.5051524043083191,-0.49838367104530334,0.4963860809803009,-0.5000354647636414,0.670897364616394,-0.12089479714632034,0.019978148862719536,0,0.6791567802429199,-0.12049447000026703,0.27998489141464233,0.5043897032737732,-0.4976594150066376,0.49496152997016907,-0.5029304623603821,1
0.6848009824752808,-0.12025776505470276,0.2908053398132324,0.5048413872718811,-0.4985509216785431,0.49674126505851746,-0.4998302161693573,0.670897364616394,-0.12089479714632034,0.019978148862719536,0,0.6786246299743652,-0.12054585665464401,0.27781492471694946,0.5040777921676636,-0.4978288412094116,0.4953209459781647,-0.5027216076850891,1
0.6843268871307373,-0.12033238261938095,0.28861212730407715,0.5045305490493774,-0.4987180829048157,0.49709630012512207,-0.4996242821216583,0.670897364616394,-0.12089479714632034,0.019978148862719536,0,0.678083062171936,-0.12059371173381805,0.2756492495536804,0.5037661790847778,-0.49799779057502747,0.4956800639629364,-0.5025126934051514,1
0.6838433146476746,-0.1204037144780159,0.2864226698875427,0.5042195916175842,-0.498884916305542,0.4974513649940491,-0.4994182288646698,0.670897364616394,-0.12089479714632034,0.019978148862719536,0,0.677532434463501,-0.12063769996166229,0.27348747849464417,0.5034544467926025,-0.49816709756851196,0.49603909254074097,-0.5023030042648315,1
0.6833503842353821,-0.12047123908996582,0.28423750400543213,0.5039087533950806,-0.49905163049697876,0.49780595302581787,-0.4992120563983917,0.670897364616394,-0.12089479714632034,0.019978148862719536,0,0.676972508430481,-0.12067835032939911,0.2713303565979004,0.5031426548957825,-0.49833589792251587,0.4963979721069336,-0.502093493938446,1
0.682847797870636,-0.12053535133600235,0.2820564806461334,0.5035980939865112,-0.4992179870605469,0.49816033244132996,-0.49900564551353455,0.670897364616394,-0.12089479714632034,0.019978148862719536,0,0.6764031648635864,-0.12071505934000015,0.26917773485183716,0.5028311014175415,-0.49850472807884216,0.4967566430568695,-0.5018832087516785,1
0.6823359727859497,-0.12059576064348221,0.2798791527748108,0.5032874345779419,-0.49938419461250305,0.4985147714614868,-0.49879878759384155,0.670897364616394,-0.12089479714632034,0.019978148862719536,0,0.675824761390686,-0.12074851989746094,0.2670290768146515,0.5025192499160767,-0.4986732304096222,0.4971154034137726,-0.5016729235649109,1
0.6818146705627441,-0.12065272778272629,0.27770674228668213,0.5029768347740173,-0.49955010414123535,0.49886855483055115,-0.49859198927879333,0.670897364616394,-0.12089479714632034,0.019978148862719536,0,0.6752371788024902,-0.1207784041762352,0.2648853659629822,0.5022076368331909,-0.49884143471717834,0.49747368693351746,-0.501462459564209,1
0.6812841892242432,-0.12070619314908981,0.27553805708885193,0.5026660561561584,-0.4997159540653229,0.4992227256298065,-0.49838486313819885,0.670897364616394,-0.12089479714632034,0.019978148862719536,0,0.6746403574943542,-0.12080438435077667,0.2627458870410919,0.50189608335495,-0.49900949001312256,0.49783211946487427,-0.5012514591217041,1
0.6807441711425781,-0.12075573951005936,0.27337396144866943,0.5023557543754578,-0.4998815059661865,0.4995764195919037,-0.4981772303581238,0.670897364616394,-0.12089479714632034,0.019978148862719536,0,0.6740342378616333,-0.12082695215940475,0.26061099767684937,0.5015844702720642,-0.4991774260997772,0.498190313577652,-0.5010401010513306,1
0.6801950931549072,-0.12080202996730804,0.2712138891220093,0.5020449757575989,-0.5000469088554382,0.4999300539493561,-0.4979696571826935,0.670897364616394,-0.12089479714632034,0.019978148862719536,0,0.673419177532196,-0.1208459809422493,0.25848060846328735,0.5012727379798889,-0.499345064163208,0.4985485374927521,-0.5008286237716675,1
0.6796365976333618,-0.12084473669528961,0.26905834674835205,0.5017346143722534,-0.5002120137214661,0.500283420085907,-0.49776166677474976,0.670897364616394,-0.12089479714632034,0.019978148862719536,0,0.6727951169013977,-0.12086114287376404,0.2563551366329193,0.5009613037109375,-0.49951285123825073,0.49890637397766113,-0.500616729259491,1
0.679068922996521,-0.12088359892368317,0.2669076919555664,0.5014243125915527,-0.5003768801689148,0.5006364583969116,-0.4975537061691284,0.670897364616394,-0.12089479714632034,0.019978148862719536,0,0.6721618175506592,-0.12087294459342957,0.254234254360199,0.5006495714187622,-0.49968019127845764,0.49926435947418213,-0.5004044771194458,1
0.6784921288490295,-0.1209191381931305,0.2647615969181061,0.5011139512062073,-0.5005415081977844,0.5009893774986267,-0.49734562635421753,0.670897364616394,-0.12089479714632034,0.019978148862719536,0,0.6715194582939148,-0.12088113278150558,0.25211820006370544,0.500338077545166,-0.4998473823070526,0.499622106552124,-0.5001920461654663,1
0.6779062151908875,-0.1209508627653122,0.26261967420578003,0.5008038282394409,-0.5007060170173645,0.5013419985771179,-0.4971369206905365,0.670897364616394,-0.12089479714632034,0.019978148862719536,0,0.6708683371543884,-0.12088549882173538,0.25000718235969543,0.5000267028808594,-0.5000143051147461,0.4999796152114868,-0.49997928738594055,1
0.67731112241745,-0.12097927182912827,0.26048243045806885,0.5004934668540955,-0.5008702874183655,0.5016946196556091,-0.49692824482917786,0.670897364616394,-0.12089479714632034,0.019978148862719536,1,0.67731112241745,-0.12097927182912827,0.26048243045806885,0.5004934668540955,-0.5008702874183655,0.5016946196556091,-0.49692824482917786,0
0.6771833300590515,-0.12100733816623688,0.25887927412986755,0.5000960826873779,-0.501210629940033,0.5024517178535461,-0.496219664812088,0.670897364616394,-0.12089479714632034,0.019978148862719536,1,0.67731112241745,-0.12097927182912827,0.26048243045806885,0.5004934668540955,-0.5008702874183655,0.5016946196556091,-0.49692824482917786,0
0.6772646903991699,-0.12104929983615875,0.257810115814209,0.4997931718826294,-0.5014981627464294,0.5030711889266968,-0.4956064522266388,0.670897364616394,-0.12089479714632034,0.019978148862719536,1,0.67731112241745,-0.12097927182912827,0.26048243045806885,0.5004934668540955,-0.5008702874183655,0.5016946196556091,-0.49692824482917786,0
0.6773433089256287,-0.12108105421066284,0.25699132680892944,0.49956849217414856,-0.5017151236534119,0.5035342574119568,-0.4951429069042206,0.670897364616394,-0.12089479714632034,0.019978148862719536,1,0.67731112241745,-0.12097927182912827,0.26048243045806885,0.5004934668540955,-0.5008702874183655,0.5016946196556091,-0.49692824482917786,0
0.6774115562438965,-0.12110461294651031,0.25632160902023315,0.49938711524009705,-0.5018922090530396,0.5039089918136597,-0.49476495385169983,0.670897364616394,-0.12089479714632034,0.019978148862719536,1,0.67731112241745,-0.12097927182912827,0.26048243045806885,0.5004934668540955,-0.5008702874183655,0.5016946196556091,-0.49692824482917786,0
0.6774711608886719,-0.12112249433994293,0.2557532489299774,0.49923446774482727,-0.5020430684089661,0.504224956035614,-0.4944438934326172,0.670897364616394,-0.12089479714632034,0.019978148862719536,1,0.67731112241745,-0.12097927182912827,0.26048243045806885,0.5004934668540955,-0.5008702874183655,0.5016946196556091,-0.49692824482917786,0
0.6775242686271667,-0.12113644927740097,0.2552591562271118,0.49910277128219604,-0.5021741390228271,0.504498302936554,-0.4941647946834564,0.670897364616394,-0.12089479714632034,0.019978148862719536,1,0.67731112241745,-0.12097927182912827,0.26048243045806885,0.5004934668540955,-0.5008702874183655,0.5016946196556091,-0.49692824482917786,0
0.6775707006454468,-0.12115564942359924,0.25483378767967224,0.49898406863212585,-0.5022878050804138,0.5047324895858765,-0.49393007159233093,0.6707853674888611,-0.11946329474449158,0.020428843796253204,1,0.67731112241745,-0.12097927182912827,0.26048243045806885,0.5004934668540955,-0.5008702874183655,0.5016946196556091,-0.49692824482917786,0
0.6776124238967896,-0.12116561830043793,0.25445178151130676,0.49888354539871216,-0.5023884177207947,0.5049430727958679,-0.49371403455734253,0.6706705093383789,-0.11910373717546463,0.020331403240561485,1,0.6776124238967896,-0.12116561830043793,0.25445178151130676,0.49888354539871216,-0.5023884177207947,0.5049430727958679,-0.49371403455734253,0
0.6776641011238098,-0.12117183208465576,0.2538333535194397,0.4987300932407379,-0.502545177936554,0.505260705947876,-0.49338454008102417,0.6705220937728882,-0.11915282905101776,0.01986667886376381,1,0.6814364790916443,-0.1201171800494194,0.2618787884712219,0.5023322105407715,-0.5004280805587769,0.5007380247116089,-0.49648311734199524,0
0.678055465221405,-0.12114325910806656,0.25350576639175415,0.4987376630306244,-0.5026280283927917,0.5054699778556824,-0.49307793378829956,0.6707088947296143,-0.11921326816082001,0.019713111221790314,1,0.6851341724395752,-0.11900115013122559,0.2693670690059662,0.5057811737060547,-0.4984424412250519,0.4965141713619232,-0.4992135763168335,0
0.6787879467010498,-0.12104378640651703,0.2537299394607544,0.49901124835014343,-0.5025626420974731,0.5053784847259521,-0.4929615259170532,0.671355664730072,-0.1192273497581482,0.019947072491049767,1,0.6887035369873047,-0.11781895905733109,0.27691423892974854,0.5092298984527588,-0.49643129110336304,0.4922717213630676,-0.5019056797027588,0
0.6798310279846191,-0.12085992097854614,0.25458580255508423,0.49957555532455444,-0.5023282766342163,0.504926860332489,-0.49309155344963074,0.6726064085960388,-0.11915358155965805,0.02064858190715313,1,0.6921431422233582,-0.11657090485095978,0.2845171093940735,0.5126780867576599,-0.4943951666355133,0.4880112111568451,-0.5045587420463562,0
0.6811554431915283,-0.12058927118778229,0.25608599185943604,0.500428318977356,-0.501922607421875,0.5041020512580872,-0.49348369240760803,0.6744958758354187,-0.11900319159030914,0.021874476224184036,1,0.695451557636261,-0.11525830626487732,0.2921741008758545,0.5161254405975342,-0.49233385920524597,0.48373258113861084,-0.5071730613708496,0
0.6827203035354614,-0.12023201584815979,0.25819456577301025,0.5015473365783691,-0.5013566613197327,0.5029270648956299,-0.4941215217113495,0.6768875122070312,-0.11877701431512833,0.023680906742811203,1,0.6986271142959595,-0.11388230323791504,0.299882173538208,0.5195716619491577,-0.4902473986148834,0.47943639755249023,-0.5097485184669495,0
0.6844902634620667,-0.11979012191295624,0.2608643174171448,0.5029079914093018,-0.5006428956985474,0.5014309287071228,-0.49498191475868225,0.6797094941139221,-0.11847800761461258,0.026040492579340935,1,0.7016686797142029,-0.1124434620141983,0.3076395094394684,0.5230163335800171,-0.4881359040737152,0.4751223027706146,-0.5122849345207214,0
0.6864338517189026,-0.11926540732383728,0.26404616236686707,0.5044870376586914,-0.49979397654533386,0.49964356422424316,-0.4960392415523529,0.6829084753990173,-0.11810853332281113,0.028913309797644615,1,0.7045747637748718,-0.1109432652592659,0.3154429495334625,0.5264594554901123,-0.4859994649887085,0.47079065442085266,-0.5147826075553894,0
0.6885212659835815,-0.1186598613858223,0.2676936388015747,0.5062623023986816,-0.49882107973098755,0.4975931644439697,-0.49726957082748413,0.686435341835022,-0.11766859889030457,0.03225938603281975,1,0.7073440551757812,-0.10938235372304916,0.3232901096343994,0.5299001932144165,-0.48383837938308716,0.46644192934036255,-0.5172407627105713,0
0.6907250881195068,-0.11797540634870529,0.27176326513290405,0.5082129240036011,-0.4977346658706665,0.4953056871891022,-0.49865007400512695,0.6902445554733276,-0.11715736985206604,0.03604186326265335,1,0.7099752426147461,-0.10776186734437943,0.3311786353588104,0.5333387851715088,-0.48165252804756165,0.4620761275291443,-0.5196595788002014,0
0.693019449710846,-0.11721307784318924,0.27621766924858093,0.5103211402893066,-0.49654361605644226,0.4928043484687805,-0.5001604557037354,0.6942940950393677,-0.1165737584233284,0.04022720456123352,1,0.7124670743942261,-0.10608339309692383,0.3391059935092926,0.5367743968963623,-0.4794420301914215,0.45769357681274414,-0.5220394134521484,0
0.6953812837600708,-0.1163741797208786,0.2810204327106476,0.5125697255134583,-0.49525657296180725,0.4901108145713806,-0.5017814040184021,0.6985454559326172,-0.11591644585132599,0.04478510469198227,1,0.7148187160491943,-0.10434745252132416,0.3470693826675415,0.5402069091796875,-0.4772072732448578,0.4532943069934845,-0.5243796110153198,0
0.6977889537811279,-0.11545960605144501,0.2861410081386566,0.5149439573287964,-0.49388065934181213,0.48724299669265747,-0.5034967064857483,0.70296311378479,-0.11517755687236786,0.049688395112752914,1,0.7170284390449524,-0.10255593806505203,0.3550664782524109,0.543635904788971,-0.4749477505683899,0.44887885451316833,-0.5266804695129395,0
0.7002222537994385,-0.11447027325630188,0.2915509343147278,0.5174302458763123,-0.4924224019050598,0.48421815037727356,-0.5052908062934875,0.7075152397155762,-0.11436814814805984,0.05491199344396591,1,0.719095766544342,-0.10070929676294327,0.3630944490432739,0.5470612645149231,-0.472663938999176,0.4444471299648285,-0.5289417505264282,0
0.7026636004447937,-0.11340683698654175,0.29722413420677185,0.5200168490409851,-0.490887850522995,0.48105093836784363,-0.507150411605835,0.7121723294258118,-0.11347557604312897,0.060433462262153625,1,0.7210193276405334,-0.09880898892879486,0.3711509108543396,0.5504825115203857,-0.4703561067581177,0.4399995505809784,-0.531163215637207,0
0.7050964832305908,-0.11227048933506012,0.3031380772590637,0.5226926803588867,-0.489281564950943,0.47775474190711975,-0.5090640783309937,0.7169080376625061,-0.11251229792833328,0.0662313774228096,1,0.7227982878684998,-0.09685669094324112,0.3792332708835602,0.5538992881774902,-0.46802374720573425,0.43553635478019714,-0.5333454608917236,0
0.7075057625770569,-0.11106200516223907,0.30927222967147827,0.5254484415054321,-0.48760858178138733,0.47434115409851074,-0.5110206007957458,0.7216980457305908,-0.1114700436592102,0.07228705286979675,1,0.724431574344635,-0.09485302865505219,0.38733890652656555,0.5573114156723022,-0.4656675457954407,0.43105754256248474,-0.535487711429596,0
0.7098782062530518,-0.10978223383426666,0.3156062960624695,0.5282749533653259,-0.4858732223510742,0.4708213210105896,-0.5130107998847961,0.7265160083770752,-0.11032002419233322,0.0786118134856224,1,0.7259186506271362,-0.09279989451169968,0.3954651355743408,0.5607182383537292,-0.4632873833179474,0.42656323313713074,-0.5375905632972717,0
0.7122014164924622,-0.10843238234519958,0.32212352752685547,0.5311645865440369,-0.4840790629386902,0.46720436215400696,-0.515025794506073,0.7313461303710938,-0.1091010570526123,0.08515255898237228,1,0.7272583842277527,-0.09069803357124329,0.40360918641090393,0.5641198754310608,-0.46088331937789917,0.4220539927482605,-0.5396533608436584,0
0.7144641876220703,-0.10701344162225723,0.3288084864616394,0.5341103672981262,-0.4822295606136322,0.4634987413883209,-0.5170586109161377,0.7361693382263184,-0.10780232399702072,0.09190618991851807,1,0.7284501791000366,-0.08854895830154419,0.4117685854434967,0.5675156116485596,-0.45845577120780945,0.4175299406051636,-0.5416762232780457,0
0.7166566848754883,-0.10552684962749481,0.3356460928916931,0.5371057987213135,-0.4803275465965271,0.45971235632896423,-0.5191024541854858,0.7409706711769104,-0.10642968863248825,0.0988537147641182,1,0.7294934988021851,-0.08635438978672028,0.4199408292770386,0.570905327796936,-0.45600420236587524,0.4129909574985504,-0.5436593890190125,0
0.7187697887420654,-0.10397385060787201,0.3426235020160675,0.5401451587677002,-0.47837597131729126,0.45585161447525024,-0.5211515426635742,0.7457353472709656,-0.104981929063797,0.1059824600815773,1,0.7303875088691711,-0.08411511033773422,0.4281226098537445,0.5742886066436768,-0.45352938771247864,0.4084378182888031,-0.5456024408340454,0
0.7207955121994019,-0.1023557111620903,0.34972792863845825,0.54322350025177,-0.47637686133384705,0.4519230127334595,-0.523200511932373,0.750450074672699,-0.10345442593097687,0.11328734457492828,1,0.7311314344406128,-0.08183299750089645,0.4363124370574951,0.5776652097702026,-0.45103099942207336,0.40387019515037537,-0.5475058555603027,0
0.7227261662483215,-0.10067371279001236,0.35694819688796997,0.5463359355926514,-0.474333256483078,0.4479319751262665,-0.5252446532249451,0.7550995945930481,-0.10183516889810562,0.12076089531183243,1,0.7317250967025757,-0.07950891554355621,0.4445066452026367,0.5810349583625793,-0.4485093057155609,0.39928868412971497,-0.5493689775466919,0
0.7245554327964783,-0.09892909973859787,0.3642747104167938,0.5494787693023682,-0.472246378660202,0.44388261437416077,-0.5272804498672485,0.7596818804740906,-0.10018284618854523,0.12835116684436798,1,0.7321677207946777,-0.07714449614286423,0.4527033567428589,0.5843971967697144,-0.4459644556045532,0.39469295740127563,-0.5511923432350159,0
0.7262773513793945,-0.09712401777505875,0.3716965913772583,0.5526475310325623,-0.47011828422546387,0.43978068232536316,-0.5293037295341492,0.764181911945343,-0.09845434874296188,0.13607533276081085,1,0.7324590682983398,-0.07474159449338913,0.4608992040157318,0.587751567363739,-0.44339635968208313,0.3900841474533081,-0.5529757142066956,0
0.7278863191604614,-0.09525947272777557,0.3792049288749695,0.5558391809463501,-0.4679510295391083,0.43562960624694824,-0.53131103515625,0.7685895562171936,-0.09664150327444077,0.1439313441514969,1,0.7325989603996277,-0.07230105251073837,0.46909135580062866,0.591097891330719,-0.4408056139945984,0.38546180725097656,-0.5547186732292175,0
0.729377806186676,-0.09333755075931549,0.38679224252700806,0.5590503811836243,-0.4657454788684845,0.4314325153827667,-0.5333006381988525,0.7728962302207947,-0.09474044293165207,0.15191106498241425,1,0.7325868010520935,-0.06982509791851044,0.47727811336517334,0.5944358110427856,-0.438191682100296,0.38082632422447205,-0.5564218163490295,0
0.7307472229003906,-0.09135940670967102,0.3944500684738159,0.5622784495353699,-0.46350371837615967,0.42719343304634094,-0.5352691411972046,0.7770844101905823,-0.09243076294660568,0.15997248888015747,1,0.7324222922325134,-0.06731408089399338,0.4854559600353241,0.5977650880813599,-0.43555551767349243,0.37617793679237366,-0.5580846667289734,0
0.7319911122322083,-0.0893261730670929,0.40217119455337524,0.5655211806297302,-0.46122655272483826,0.4229145050048828,-0.5372141003608704,0.7811781764030457,-0.09046046435832977,0.16815346479415894,1,0.7321054935455322,-0.06477019935846329,0.49362289905548096,0.6010854840278625,-0.43289628624916077,0.3715165853500366,-0.5597074031829834,0
0.7331055998802185,-0.08724027872085571,0.4099487066268921,0.5687756538391113,-0.4589153528213501,0.418599009513855,-0.5391342639923096,0.7851487994194031,-0.08841157704591751,0.1764499843120575,1,0.7316361665725708,-0.06219518929719925,0.5017757415771484,0.6043963432312012,-0.4302145838737488,0.3668428957462311,-0.5612901449203491,0
0.7340878844261169,-0.08510331064462662,0.41777583956718445,0.5720399618148804,-0.45657098293304443,0.4142492115497589,-0.5410274267196655,0.7889851927757263,-0.08623602241277695,0.1848708540201187,1,0.7310142517089844,-0.05958998575806618,0.5099119544029236,0.6076977252960205,-0.4275105893611908,0.3621568977832794,-0.5628325939178467,0
0.7349349856376648,-0.0829169824719429,0.4256470203399658,0.5753121376037598,-0.4541945457458496,0.4098670780658722,-0.5428924560546875,0.7926913499832153,-0.08399242907762527,0.19337624311447144,1,0.7302394509315491,-0.05695664882659912,0.5180294513702393,0.6109888553619385,-0.4247840642929077,0.3574586808681488,-0.5643352270126343,0
0.7356444001197815,-0.08068245649337769,0.4335567355155945,0.5785908699035645,-0.45178642868995667,0.40545397996902466,-0.5447279214859009,0.7962660193443298,-0.0816536545753479,0.20193247497081757,1,0.7293121814727783,-0.05429624393582344,0.5261245965957642,0.6142697334289551,-0.4220356047153473,0.3527489900588989,-0.5657973885536194,0
0.7362141609191895,-0.07840175926685333,0.44149842858314514,0.5818737149238586,-0.4493482708930969,0.40101298689842224,-0.5465322732925415,0.7996923923492432,-0.07929465174674988,0.21058456599712372,1,0.7281597256660461,-0.051441773772239685,0.5346990823745728,0.617743968963623,-0.4190911650657654,0.3477320075035095,-0.5673070549964905,0
0.7366499304771423,-0.07606957107782364,0.4494960308074951,0.5851716995239258,-0.4468716084957123,0.39653244614601135,-0.5483081340789795,0.8029927015304565,-0.07685822248458862,0.21933603286743164,1,0.7268352508544922,-0.04856087267398834,0.5432429909706116,0.6212056875228882,-0.4161217510700226,0.3427019417285919,-0.5687717795372009,0
0.7369450330734253,-0.07368293404579163,0.4575534462928772,0.5884876847267151,-0.4443535804748535,0.3920056223869324,-0.5500578284263611,0.8061657547950745,-0.07433351129293442,0.22818921506404877,1,0.7253391742706299,-0.04565475881099701,0.5517526268959045,0.6246546506881714,-0.4131283164024353,0.337659627199173,-0.5701907277107239,0
0.7370935082435608,-0.07124283164739609,0.4656686782836914,0.591820478439331,-0.44179388880729675,0.3874318301677704,-0.5517817735671997,0.8092048764228821,-0.07172214984893799,0.2371421605348587,1,0.7236716151237488,-0.04272586852312088,0.5602254867553711,0.6280903220176697,-0.41010990738868713,0.3326047658920288,-0.5715648531913757,0
0.7370901703834534,-0.0687493160367012,0.4738369882106781,0.5951690077781677,-0.43919292092323303,0.38281118869781494,-0.5534789562225342,0.8121005892753601,-0.06903184205293655,0.24619321525096893,1,0.721832811832428,-0.03977547585964203,0.568658173084259,0.631512463092804,-0.40706756711006165,0.32753777503967285,-0.5728934407234192,0
0.7369315028190613,-0.06620556116104126,0.48205041885375977,0.5985302925109863,-0.4365517199039459,0.37814682722091675,-0.5551477074623108,0.8148466944694519,-0.06626593321561813,0.25533586740493774,1,0.7198236584663391,-0.03680580109357834,0.5770476460456848,0.6349207162857056,-0.4040008783340454,0.32245874404907227,-0.574177086353302,0
0.7366141080856323,-0.06361350417137146,0.4903026819229126,0.6019020676612854,-0.4338717460632324,0.3734407424926758,-0.5567865371704102,0.8174376487731934,-0.06342728435993195,0.2645624279975891,1,0.717644214630127,-0.03381893411278725,0.5853912234306335,0.6383143067359924,-0.40091007947921753,0.31736811995506287,-0.5754156708717346,0
0.7361358404159546,-0.06097573786973953,0.49858519434928894,0.6052819490432739,-0.43115371465682983,0.36869606375694275,-0.5583935379981995,0.8198684453964233,-0.06051865592598915,0.2738651633262634,1,0.7152955532073975,-0.030816366896033287,0.593684732913971,0.6416933536529541,-0.3977959454059601,0.3122665286064148,-0.5766087174415588,0
0.7354943156242371,-0.05829476937651634,0.5068917274475098,0.6086679100990295,-0.42839908599853516,0.36391451954841614,-0.5599676966667175,0.8221346735954285,-0.05754271149635315,0.28323641419410706,1,0.7127780914306641,-0.027800004929304123,0.6019260287284851,0.6450570821762085,-0.39465785026550293,0.3071536123752594,-0.5777568817138672,0
0.7346879243850708,-0.055573418736457825,0.5152146816253662,0.6120572686195374,-0.42560890316963196,0.359099417924881,-0.5615073442459106,0.824232280254364,-0.0545019693672657,0.292668879032135,1,0.7100927829742432,-0.02477213926613331,0.6101119518280029,0.6484053134918213,-0.39149630069732666,0.30203011631965637,-0.5788600444793701,0
0.7337156534194946,-0.052813444286584854,0.5235472321510315,0.615449070930481,-0.4227840304374695,0.35425254702568054,-0.5630108714103699,0.8261576890945435,-0.051399003714323044,0.30215543508529663,1,0.7072404026985168,-0.02173420786857605,0.6182391047477722,0.651737630367279,-0.3883115351200104,0.29689595103263855,-0.5799180269241333,0
0.7325754761695862,-0.050017837435007095,0.5318835377693176,0.618840754032135,-0.4199257791042328,0.34937551617622375,-0.564477801322937,0.8279076814651489,-0.048236217349767685,0.3116892874240875,1,0.7042216062545776,-0.0186882596462965,0.6263048648834229,0.6550536155700684,-0.3851035237312317,0.29175159335136414,-0.5809310674667358,0
0.731266975402832,-0.047189176082611084,0.5402170419692993,0.6222307085990906,-0.41703471541404724,0.3444708585739136,-0.5659069418907166,0.8294795155525208,-0.045016076415777206,0.3212639391422272,1,0.7010373473167419,-0.015636436641216278,0.6343066692352295,0.6583529114723206,-0.3818724453449249,0.28659701347351074,-0.5818994641304016,0
0.7297894954681396,-0.044329285621643066,0.5485424995422363,0.6256179213523865,-0.41411152482032776,0.33953946828842163,-0.567297637462616,0.8308706879615784,-0.04174107313156128,0.33087316155433655,1,0.6976893544197083,-0.012580123730003834,0.6422404646873474,0.6616349816322327,-0.3786185383796692,0.2814330756664276,-0.5828227996826172,0
0.7281425595283508,-0.041440997272729874,0.5568534135818481,0.6290006041526794,-0.4111575782299042,0.33458366990089417,-0.5686487555503845,0.8320790529251099,-0.03841358423233032,0.3405110239982605,1,0.6941782236099243,-0.00952166598290205,0.6501038670539856,0.6648995876312256,-0.3753419816493988,0.2762596011161804,-0.583701491355896,0
0.7263255715370178,-0.0385262668132782,0.56514573097229,0.6323777437210083,-0.40817293524742126,0.32960397005081177,-0.5699599385261536,0.8331027626991272,-0.03503599762916565,0.3501717448234558,1,0.690504789352417,-0.006462355609983206,0.6578946709632874,0.6681466102600098,-0.3720429539680481,0.27107658982276917,-0.5845353007316589,0
0.7243385314941406,-0.035587653517723083,0.5734138488769531,0.6357480883598328,-0.40515851974487305,0.3246024250984192,-0.5712303519248962,0.8339401483535767,-0.031610678881406784,0.35984987020492554,1,0.6869008541107178,-0.0035841651260852814,0.6651573181152344,0.6711859703063965,-0.3689175546169281,0.26619046926498413,-0.5852792859077454,0
0.7221828699111938,-0.03263632953166962,0.5816270709037781,0.6390991806983948,-0.4021243751049042,0.31959256529808044,-0.5724585652351379,0.8345836997032166,-0.028151506558060646,0.3695109784603119,1,0.6831555962562561,-0.0007088882848620415,0.6723504066467285,0.6742086410522461,-0.3657725155353546,0.2612966299057007,-0.58598393201828,0
0.7198660969734192,-0.029679037630558014,0.5897724628448486,0.6424257755279541,-0.39907509088516235,0.314583957195282,-0.5736417770385742,0.8350352644920349,-0.024665886536240578,0.37913772463798523,1,0.6792703866958618,0.0021624453365802765,0.6794711947441101,0.6772148609161377,-0.36260783672332764,0.2563951909542084,-0.5866488814353943,0
0.7173941135406494,-0.026719048619270325,0.5978425741195679,0.6457267999649048,-0.39601272344589233,0.30958062410354614,-0.57477867603302,0.8352981805801392,-0.021157389506697655,0.38872194290161133,1,0.6752464771270752,0.005027780309319496,0.6865174174308777,0.6802036166191101,-0.35942405462265015,0.25148695707321167,-0.5872747898101807,0
0.7147700786590576,-0.023758545517921448,0.6058349609375,0.6490018963813782,-0.39293748140335083,0.30458319187164307,-0.5758694410324097,0.8353753089904785,-0.017628183588385582,0.39825934171676636,1,0.6710846424102783,0.007886223495006561,0.693487286567688,0.6831751465797424,-0.35622087121009827,0.24657094478607178,-0.5878614187240601,0
0.7119963765144348,-0.020798582583665848,0.6137480735778809,0.6522518992424011,-0.38984939455986023,0.2995912432670593,-0.5769140720367432,0.835269033908844,-0.014079776592552662,0.40774789452552795,1,0.6667865514755249,0.010735956020653248,0.7003779411315918,0.6861291527748108,-0.35299864411354065,0.24164824187755585,-0.5884086489677429,0
0.7090747952461243,-0.017840852960944176,0.6215810775756836,0.6554766893386841,-0.38674822449684143,0.29460468888282776,-0.5779135823249817,0.8349814414978027,-0.010513342916965485,0.41718655824661255,1,0.6623537540435791,0.013575011864304543,0.7071871161460876,0.6890649199485779,-0.34975749254226685,0.23671914637088776,-0.5889170169830322,0
0.7060070037841797,-0.014885565266013145,0.6293339729309082,0.6586775183677673,-0.3836333751678467,0.28962212800979614,-0.5788682103157043,0.8345142602920532,-0.006930106785148382,0.4265747368335724,1,0.6577874422073364,0.01640281453728676,0.713912844657898,0.6919825077056885,-0.34649765491485596,0.23178356885910034,-0.5893859267234802,0
0.702794075012207,-0.011934344656765461,0.6370065212249756,0.66185462474823,-0.380504310131073,0.2846427857875824,-0.5797787308692932,0.8338690996170044,-0.00333107216283679,0.4359120726585388,1,0.6530891060829163,0.019217152148485184,0.7205528020858765,0.6948813199996948,-0.34321925044059753,0.2268420159816742,-0.5898162126541138,0
0.6994369029998779,-0.0089873056858778,0.6445983648300171,0.6650087833404541,-0.3773607015609741,0.27966514229774475,-0.5806458592414856,0.8330473899841309,0.0002825757546816021,0.44519805908203125,1,0.6482601761817932,0.022017110139131546,0.7271050214767456,0.6977612972259521,-0.3399222493171692,0.22189414501190186,-0.5902075171470642,0
0.695936918258667,-0.006045994348824024,0.6521090865135193,0.6681404113769531,-0.37420201301574707,0.2746887505054474,-0.5814699530601501,0.8320503830909729,0.003909791354089975,0.4544321894645691,1,0.6433023810386658,0.024801012128591537,0.7335670590400696,0.7006218433380127,-0.33660709857940674,0.21694062650203705,-0.5905601978302002,0
0.6922948360443115,-0.00311102531850338,0.6595381498336792,0.6712499856948853,-0.37102779746055603,0.26971256732940674,-0.5822515487670898,0.8308793902397156,0.007549369242042303,0.4636136591434479,1,0.638217031955719,0.027567273005843163,0.7399371862411499,0.7034628391265869,-0.33327361941337585,0.21198152005672455,-0.5908742547035217,0
0.6885114312171936,-0.0001835934817790985,0.666885256767273,0.6743378639221191,-0.367837518453598,0.26473522186279297,-0.5829916000366211,0.8295355439186096,0.011200225912034512,0.47274166345596313,1,0.6330060362815857,0.030314844101667404,0.7462131381034851,0.7062841057777405,-0.3299219310283661,0.20701713860034943,-0.5911498069763184,0
0.6845880746841431,0.0027350857853889465,0.674149215221405,0.6774042248725891,-0.36463093757629395,0.25975674390792847,-0.5836901068687439,0.8280199766159058,0.014861082658171654,0.4818151891231537,1,0.6276710033416748,0.03304196149110794,0.7523925304412842,0.7090849876403809,-0.3265525698661804,0.20204764604568481,-0.5913869142532349,0
0.680525541305542,0.005644369870424271,0.6813291907310486,0.6804492473602295,-0.3614078760147095,0.25477612018585205,-0.5843476057052612,0.8263338804244995,0.018530622124671936,0.49083301424980164,1,0.6222143173217773,0.0357477106153965,0.7584734559059143,0.7118656039237976,-0.32316574454307556,0.19707351922988892,-0.5915853381156921,0
0.6763252019882202,0.008543035946786404,0.6884240508079529,0.6834734082221985,-0.3581678867340088,0.24979303777217865,-0.5849642753601074,0.8244781494140625,0.022207627072930336,0.49979379773139954,1,0.6166368722915649,0.038430508226156235,0.7644542455673218,0.7146254181861877,-0.31976133584976196,0.19209466874599457,-0.5917455554008484,0
0.6719881892204285,0.01142942626029253,0.6954324245452881,0.686476469039917,-0.35491102933883667,0.2448071390390396,-0.5855403542518616,0.8224539756774902,0.025890808552503586,0.5086960792541504,1,0.6109408140182495,0.04108884558081627,0.7703327536582947,0.7173641324043274,-0.31633928418159485,0.18711113929748535,-0.5918679237365723,0
0.6675155758857727,0.014302792958915234,0.7023530602455139,0.6894583702087402,-0.35163700580596924,0.23981788754463196,-0.5860767364501953,0.8202624917030334,0.02957867458462715,0.51753830909729,1,0.6047611236572266,0.043885521590709686,0.7764645218849182,0.7202506065368652,-0.312684565782547,0.18181154131889343,-0.5919560194015503,0
0.6628979444503784,0.017171133309602737,0.7092054486274719,0.692429780960083,-0.34833529591560364,0.23481206595897675,-0.586571991443634,0.8179003596305847,0.0332828164100647,0.5263447761535645,1,0.5984517931938171,0.04665159061551094,0.782476544380188,0.7231125831604004,-0.3090106248855591,0.17650742828845978,-0.5920013785362244,0
0.658126950263977,0.02003701962530613,0.7159953117370605,0.6953941583633423,-0.34500107169151306,0.22978076338768005,-0.5870279669761658,0.815362811088562,0.03700689226388931,0.5351248383522034,1,0.5920157432556152,0.049385976046323776,0.7883661985397339,0.7259498834609985,-0.30531758069992065,0.17119912803173065,-0.5920039415359497,0
0.6531988382339478,0.02289976365864277,0.7227230072021484,0.6983518004417419,-0.34163278341293335,0.22472108900547028,-0.5874454975128174,0.8126462697982788,0.040750324726104736,0.5438796281814575,1,0.5854552984237671,0.052086859941482544,0.7941315770149231,0.7287619113922119,-0.30160579085350037,0.16588665544986725,-0.591964066028595,0
0.648112416267395,0.02575802057981491,0.7293853163719177,0.7013014554977417,-0.33823075890541077,0.21963290870189667,-0.5878243446350098,0.8097490072250366,0.04451083764433861,0.5526065826416016,1,0.5787724852561951,0.054752763360738754,0.799770712852478,0.7315483689308167,-0.29787516593933105,0.1605706810951233,-0.5918819904327393,0
0.6428680419921875,0.028609033674001694,0.7359781861305237,0.7042422890663147,-0.33479467034339905,0.21451663970947266,-0.588164746761322,0.8066702485084534,0.04828568547964096,0.5613009929656982,1,0.5719701647758484,0.05738254636526108,0.8052811026573181,0.7343089580535889,-0.29412615299224854,0.1552511602640152,-0.591757595539093,0
0.6374675035476685,0.03145010769367218,0.7424962520599365,0.7071723341941833,-0.33132612705230713,0.20937438309192657,-0.5884663462638855,0.803409993648529,0.05207182466983795,0.5699571967124939,1,0.5650514364242554,0.05997456982731819,0.8106608390808105,0.7370434999465942,-0.2903589606285095,0.14992843568325043,-0.5915910005569458,0
0.6319126486778259,0.034278612583875656,0.7489342093467712,0.7100902199745178,-0.32782575488090515,0.20420768857002258,-0.5887284874916077,0.7999688386917114,0.05586610361933708,0.5785691142082214,1,0.5580177903175354,0.06252733618021011,0.8159083724021912,0.7397512793540955,-0.28657346963882446,0.14460283517837524,-0.5913827419281006,0
0.6262059211730957,0.037091873586177826,0.7552870512008667,0.7129945755004883,-0.32429465651512146,0.19901804625988007,-0.588951051235199,0.7963476181030273,0.059665508568286896,0.5871306657791138,1,0.5508731007575989,0.06503987312316895,0.8210210204124451,0.7424322366714478,-0.2827703356742859,0.13927437365055084,-0.5911327004432678,0
0.6203503608703613,0.03988721966743469,0.7615493535995483,0.7158837914466858,-0.32073378562927246,0.19380751252174377,-0.5891338586807251,0.7925475239753723,0.06346701830625534,0.5956357717514038,1,0.5436192750930786,0.0675106942653656,0.8259974122047424,0.7450858950614929,-0.2789492905139923,0.13394348323345184,-0.5908411741256714,0
0.6143479943275452,0.04266257584095001,0.7677168250083923,0.718757152557373,-0.3171441853046417,0.18857735395431519,-0.5892759561538696,0.7885700464248657,0.06726771593093872,0.6040787100791931,1,0.5362592935562134,0.06993836164474487,0.8308358788490295,0.7477118372917175,-0.2751106023788452,0.12861016392707825,-0.5905085802078247,0
0.6082020401954651,0.045415159314870834,0.7737845182418823,0.7216126918792725,-0.3135266602039337,0.18332946300506592,-0.5893779397010803,0.7844167351722717,0.07106484472751617,0.6124539971351624,1,0.5287963151931763,0.07232201844453812,0.835533857345581,0.7503101229667664,-0.2712549865245819,0.12327508628368378,-0.5901344418525696,0
0.6019157767295837,0.04814279079437256,0.7797476649284363,0.724449872970581,-0.3098822832107544,0.17806577682495117,-0.5894386172294617,0.7800893187522888,0.07485566288232803,0.6207562685012817,1,0.5212327241897583,0.07466011494398117,0.8400904536247253,0.7528799772262573,-0.26738202571868896,0.11793834716081619,-0.5897195339202881,0
0.5954920649528503,0.050843365490436554,0.7856025099754333,0.7272671461105347,-0.30621209740638733,0.17278705537319183,-0.5894584059715271,0.775589644908905,0.07863757759332657,0.6289805769920349,1,0.5135720372200012,0.07695182412862778,0.8445032238960266,0.7554212212562561,-0.2634923458099365,0.11260003596544266,-0.5892636179924011,0
0.5889337658882141,0.05351449176669121,0.7913450598716736,0.7300637364387512,-0.30251654982566833,0.16749483346939087,-0.5894370675086975,0.7709197998046875,0.08240796625614166,0.6371221542358398,1,0.5058167576789856,0.07919588685035706,0.8487709164619446,0.7579336166381836,-0.2595859467983246,0.10726066678762436,-0.5887671709060669,0
0.5822439789772034,0.0561542771756649,0.7969716787338257,0.7328386306762695,-0.2987963855266571,0.16219013929367065,-0.5893747210502625,0.7660817503929138,0.08616442233324051,0.6451765298843384,1,0.49796992540359497,0.08139101415872574,0.8528920412063599,0.7604167461395264,-0.25566306710243225,0.10192053020000458,-0.5882302522659302,0
0.5754258036613464,0.05876095965504646,0.8024789094924927,0.7355911731719971,-0.2950524389743805,0.15687395632266998,-0.5892707705497742,0.7610777616500854,0.08990450948476791,0.6531394720077515,1,0.4900346100330353,0.0835365504026413,0.8568648099899292,0.7628704905509949,-0.2517239451408386,0.09657930582761765,-0.5876530408859253,0
0.5684822797775269,0.061332717537879944,0.8078632354736328,0.738320529460907,-0.29128533601760864,0.15154771506786346,-0.589125394821167,0.7559100389480591,0.0936259925365448,0.6610068678855896,1,0.48201411962509155,0.08563100546598434,0.8606879711151123,0.7652940154075623,-0.24776868522167206,0.09123799204826355,-0.5870358943939209,0
0.561416745185852,0.06386739015579224,0.8131217360496521,0.7410257458686829,-0.28749552369117737,0.1462121307849884,-0.5889389514923096,0.750580906867981,0.09732669591903687,0.6687747836112976,1,0.47391143441200256,0.08767375349998474,0.8643598556518555,0.7676875591278076,-0.2437976896762848,0.08589652925729752,-0.5863789916038513,0
0.554232120513916,0.06636369228363037,0.8182514905929565,0.743706226348877,-0.28368350863456726,0.14086760580539703,-0.5887112021446228,0.7450928092002869,0.10100437700748444,0.6764395833015442,1,0.46572932600975037,0.08966392278671265,0.867879331111908,0.770050585269928,-0.23981094360351562,0.0805547833442688,-0.585682213306427,0
0.5469311475753784,0.06881977617740631,0.8232498168945312,0.7463613748550415,-0.27984994649887085,0.13551507890224457,-0.5884422659873962,0.7394481897354126,0.10465702414512634,0.6839977502822876,1,0.4574713706970215,0.0916004404425621,0.8712449669837952,0.7723827958106995,-0.2358088493347168,0.0752137079834938,-0.5849460959434509,0
0.5395180583000183,0.07123419642448425,0.8281135559082031,0.7489904761314392,-0.2759954631328583,0.13015589118003845,-0.588131844997406,0.7336496114730835,0.10828262567520142,0.6914459466934204,1,0.4491409957408905,0.09348228573799133,0.8744555711746216,0.7746835947036743,-0.23179171979427338,0.06987328827381134,-0.5841708183288574,0
0.5319951772689819,0.07360543310642242,0.832840621471405,0.7515930533409119,-0.2721202075481415,0.12479007244110107,-0.5877803564071655,0.7276996374130249,0.11187919974327087,0.6987809538841248,1,0.44074079394340515,0.09530901908874512,0.8775098919868469,0.7769531607627869,-0.22775930166244507,0.06453348696231842,-0.5833565592765808,0
0.5243658423423767,0.07593199610710144,0.8374286890029907,0.7541683316230774,-0.2682248055934906,0.11941839754581451,-0.5873879790306091,0.7216010093688965,0.11544491350650787,0.7059996128082275,1,0.43227437138557434,0.0970795527100563,0.8804067969322205,0.779190719127655,-0.22371193766593933,0.05919467657804489,-0.5825037360191345,0
0.5166336894035339,0.07821258902549744,0.8418750762939453,0.7567160129547119,-0.2643095850944519,0.11404160410165787,-0.586954653263092,0.7153564095497131,0.11897792667150497,0.71309894323349,1,0.42374542355537415,0.09879346936941147,0.8831450343132019,0.7813964486122131,-0.21965038776397705,0.053857337683439255,-0.5816121101379395,0
0.5088013410568237,0.08044601231813431,0.8461780548095703,0.7592353820800781,-0.26037487387657166,0.10866009443998337,-0.5864804983139038,0.7089685797691345,0.12247646600008011,0.7200761437416077,1,0.41515669226646423,0.10044995695352554,0.8857237100601196,0.7835696339607239,-0.21557430922985077,0.048521723598241806,-0.5806822776794434,0
0.5008730888366699,0.08263067901134491,0.8503350019454956,0.7617260217666626,-0.2564215362071991,0.10327459871768951,-0.585965633392334,0.7024403214454651,0.12593890726566315,0.7269284129142761,1,0.4065111577510834,0.10204823315143585,0.8881423473358154,0.7857100963592529,-0.2114841192960739,0.0431877002120018,-0.5797144770622253,0
0.49285098910331726,0.08476591855287552,0.8543446660041809,0.7641876339912415,-0.25244906544685364,0.09788510948419571,-0.5854103565216064,0.6957746148109436,0.12936349213123322,0.7336530685424805,1,0.39781349897384644,0.10358798503875732,0.890399158000946,0.7878175973892212,-0.20738007128238678,0.037856072187423706,-0.5787087082862854,0
0.4847396910190582,0.08684970438480377,0.8582044839859009,0.7666192054748535,-0.24845872819423676,0.09249288588762283,-0.5848147869110107,0.6889742612838745,0.13274863362312317,0.7402475476264954,1,0.3890657424926758,0.10506854951381683,0.8924939632415771,0.78989177942276,-0.20326216518878937,0.03252655640244484,-0.577665388584137,0
0.4765416979789734,0.08888189494609833,0.8619129657745361,0.7690207362174988,-0.24445027112960815,0.08709780871868134,-0.5841789245605469,0.6820423603057861,0.13609270751476288,0.7467094659805298,1,0.3802722096443176,0.10648927092552185,0.894425630569458,0.7919323444366455,-0.19913099706172943,0.027199679985642433,-0.5765848755836487,0
0.46826040744781494,0.09086091071367264,0.8654685020446777,0.771391749382019,-0.24042415618896484,0.08170034736394882,-0.5835030674934387,0.6749817728996277,0.13939431309700012,0.7530364394187927,1,0.37143629789352417,0.10784997791051865,0.8961934447288513,0.7939391732215881,-0.1949865072965622,0.02187579870223999,-0.5754669904708862,0
0.4598999321460724,0.09278593212366104,0.8688691854476929,0.7737318873405457,-0.23638106882572174,0.07630147784948349,-0.5827872157096863,0.667795717716217,0.1426519751548767,0.7592261433601379,1,0.3625604212284088,0.1091499999165535,0.8977970480918884,0.7959117293357849,-0.1908288449048996,0.016554540023207664,-0.5743123888969421,0
