0.3625604212284088,0.1091499999165535,0.8977970480918884,0.7959117293357849,-0.1908288449048996,0.016554540023207664,-0.5743123888969421,0.7324873208999634,0.1353481560945511,0.019999999552965164,0,0.3625604212284088,0.1091499999165535,0.8977970480918884,0.7959117293357849,-0.1908288449048996,0.016554540023207664,-0.5743123888969421,1
0.3628040552139282,0.10916154831647873,0.8976776003837585,0.7959170937538147,-0.19090838730335236,0.016660241410136223,-0.5742754340171814,0.7324873208999634,0.1353481560945511,0.01981772482395172,0,0.3625604212284088,0.1091499999165535,0.8977970480918884,0.7959117293357849,-0.1908288449048996,0.016554540023207664,-0.5743123888969421,1
0.3632446825504303,0.10916890949010849,0.8974825739860535,0.7959179878234863,-0.1910729855298996,0.016885489225387573,-0.574212908744812,0.7324873208999634,0.1353481560945511,0.019884353503584862,0,0.3625604212284088,0.1091499999165535,0.8977970480918884,0.7959117293357849,-0.1908288449048996,0.016554540023207664,-0.5743123888969421,1
0.36376747488975525,0.10917111486196518,0.8972581028938293,0.7959133982658386,-0.1912766695022583,0.017166968435049057,-0.5741432309150696,0.7324873208999634,0.1353481560945511,0.019923372194170952,0,0.3625604212284088,0.1091499999165535,0.8977970480918884,0.7959117293357849,-0.1908288449048996,0.016554540023207664,-0.5743123888969421,1
0.3643089532852173,0.10917005687952042,0.8970283269882202,0.7959052920341492,-0.1914910078048706,0.01746424101293087,-0.5740739107131958,0.7324873208999634,0.1353481560945511,0.019946129992604256,0,0.3625604212284088,0.1091499999165535,0.8977970480918884,0.7959117293357849,-0.1908288449048996,0.016554540023207664,-0.5743123888969421,1
0.36483412981033325,0.10916749387979507,0.8968064785003662,0.7958957552909851,-0.19170089066028595,0.017755331471562386,-0.5740082263946533,0.7324873208999634,0.1353481560945511,0.019959425553679466,0,0.3625604212284088,0.1091499999165535,0.8977970480918884,0.7959117293357849,-0.1908288449048996,0.016554540023207664,-0.5743123888969421,1
0.3653259873390198,0.10916423052549362,0.8965990543365479,0.7958859801292419,-0.19189804792404175,0.01802937313914299,-0.5739471912384033,0.7324873208999634,0.1353481560945511,0.019967196509242058,0,0.3625604212284088,0.1091499999165535,0.8977970480918884,0.7959117293357849,-0.1908288449048996,0.016554540023207664,-0.5743123888969421,1
0.36577728390693665,0.10916095972061157,0.89640873670578,0.7958768010139465,-0.19207923114299774,0.01828133687376976,-0.5738914608955383,0.7324873208999634,0.1353481560945511,0.01997174322605133,0,0.3625604212284088,0.1091499999165535,0.8977970480918884,0.7959117293357849,-0.1908288449048996,0.016554540023207664,-0.5743123888969421,1
0.366186261177063,0.10915781557559967,0.8962359428405762,0.7958679795265198,-0.1922435611486435,0.018509861081838608,-0.5738412737846375,0.7324873208999634,0.1353481560945511,0.019974403083324432,0,0.3625604212284088,0.1091499999165535,0.8977970480918884,0.7959117293357849,-0.1908288449048996,0.016554540023207664,-0.5743123888969421,1
0.3665536642074585,0.1091550812125206,0.8960806727409363,0.7958602905273438,-0.19239117205142975,0.01871492713689804,-0.5737957954406738,0.7324873208999634,0.1353481560945511,0.01997595839202404,0,0.3625604212284088,0.1091499999165535,0.8977970480918884,0.7959117293357849,-0.1908288449048996,0.016554540023207664,-0.5743123888969421,1
0.36688217520713806,0.10915274918079376,0.895941436290741,0.7958534359931946,-0.1925230473279953,0.018898339942097664,-0.5737552642822266,0.7324873208999634,0.1353481560945511,0.019976869225502014,0,0.3625604212284088,0.1091499999165535,0.8977970480918884,0.7959117293357849,-0.1908288449048996,0.016554540023207664,-0.5743123888969421,1
0.3671749234199524,0.10915068536996841,0.8958170413970947,0.7958471775054932,-0.1926405429840088,0.019061513245105743,-0.5737189054489136,0.7324873208999634,0.1353481560945511,0.019977401942014694,0,0.3625604212284088,0.1091499999165535,0.8977970480918884,0.7959117293357849,-0.1908288449048996,0.016554540023207664,-0.5743123888969421,1
0.36743536591529846,0.10914917290210724,0.8957062363624573,0.7958419322967529,-0.19274485111236572,0.019206577911973,-0.5736864805221558,0.7324873208999634,0.1353481560945511,0.019977713003754616,0,0.3625604212284088,0.1091499999165535,0.8977970480918884,0.7959117293357849,-0.1908288449048996,0.016554540023207664,-0.5743123888969421,1
0.3676663637161255,0.10914792865514755,0.8956077694892883,0.7958371639251709,-0.19283725321292877,0.019334783777594566,-0.5736575722694397,0.7324873208999634,0.1353481560945511,0.01997789368033409,0,0.3625604212284088,0.1091499999165535,0.8977970480918884,0.7959117293357849,-0.1908288449048996,0.016554540023207664,-0.5743123888969421,1
0.3678717017173767,0.10914682596921921,0.8955199718475342,0.7958332300186157,-0.1929192990064621,0.019448645412921906,-0.573631763458252,0.7324873208999634,0.1353481560945511,0.019978001713752747,0,0.3625604212284088,0.1091499999165535,0.8977970480918884,0.7959117293357849,-0.1908288449048996,0.016554540023207664,-0.5743123888969421,1
0.3680533766746521,0.10914600640535355,0.8954421877861023,0.795829713344574,-0.19299162924289703,0.01954904943704605,-0.5736088156700134,0.7324873208999634,0.1353481560945511,0.01997806318104267,0,0.3625604212284088,0.1091499999165535,0.8977970480918884,0.7959117293357849,-0.1908288449048996,0.016554540023207664,-0.5743123888969421,1
0.3682141900062561,0.10914544761180878,0.8953732252120972,0.79582679271698,-0.19305557012557983,0.01963799074292183,-0.5735883712768555,0.7324873208999634,0.1353481560945511,0.019978100433945656,0,0.3625604212284088,0.1091499999165535,0.8977970480918884,0.7959117293357849,-0.1908288449048996,0.016554540023207664,-0.5743123888969421,1
0.3683570623397827,0.10914503037929535,0.8953116536140442,0.7958241105079651,-0.19311225414276123,0.019716612994670868,-0.5735701322555542,0.7324873208999634,0.1353481560945511,0.019978120923042297,0,0.3625604212284088,0.1091499999165535,0.8977970480918884,0.7959117293357849,-0.1908288449048996,0.016554540023207664,-0.5743123888969421,1
0.36848360300064087,0.10914475470781326,0.8952572345733643,0.7958218455314636,-0.1931624412536621,0.019786084070801735,-0.5735539793968201,0.7324873208999634,0.1353481560945511,0.019978133961558342,0,0.3625604212284088,0.1091499999165535,0.8977970480918884,0.7959117293357849,-0.1908288449048996,0.016554540023207664,-0.5743123888969421,1
0.36859551072120667,0.10914462059736252,0.8952088356018066,0.7958201169967651,-0.19320662319660187,0.019847365096211433,-0.5735394358634949,0.7324873208999634,0.1353481560945511,0.01997814141213894,0,0.3625604212284088,0.1091499999165535,0.8977970480918884,0.7959117293357849,-0.1908288449048996,0.016554540023207664,-0.5743123888969421,1
0.36869457364082336,0.10914447903633118,0.8951660394668579,0.7958184480667114,-0.1932457685470581,0.01990160159766674,-0.5735267996788025,0.7324873208999634,0.1353481560945511,0.019978145137429237,0,0.3625604212284088,0.1091499999165535,0.8977970480918884,0.7959117293357849,-0.1908288449048996,0.016554540023207664,-0.5743123888969421,1
0.3687824606895447,0.10914447903633118,0.8951278328895569,0.795816957950592,-0.19328033924102783,0.01994943805038929,-0.5735154151916504,0.7324873208999634,0.1353481560945511,0.019978148862719536,0,0.3625604212284088,0.1091499999165535,0.8977970480918884,0.7959117293357849,-0.1908288449048996,0.016554540023207664,-0.5743123888969421,1
0.36886000633239746,0.10914461314678192,0.895094096660614,0.7958159446716309,-0.19331079721450806,0.019991593435406685,-0.5735051035881042,0.7324873208999634,0.1353481560945511,0.019978148862719536,0,0.3625604212284088,0.1091499999165535,0.8977970480918884,0.7959117293357849,-0.1908288449048996,0.016554540023207664,-0.5743123888969421,1
0.36892861127853394,0.10914474725723267,0.8950642347335815,0.7958149909973145,-0.19333770871162415,0.02002882771193981,-0.5734960436820984,0.7324873208999634,0.1353481560945511,0.019978148862719536,0,0.3625604212284088,0.1091499999165535,0.8977970480918884,0.7959117293357849,-0.1908288449048996,0.016554540023207664,-0.5743123888969421,1
0.3689894676208496,0.10914488881826401,0.8950377106666565,0.7958140969276428,-0.1933615803718567,0.020061763003468513,-0.5734882354736328,0.7324873208999634,0.1353481560945511,0.019978148862719536,0,0.3625604212284088,0.1091499999165535,0.8977970480918884,0.7959117293357849,-0.1908288449048996,0.016554540023207664,-0.5743123888969421,1
0.3690434694290161,0.10914502292871475,0.8950141072273254,0.7958134412765503,-0.1933826208114624,0.020090937614440918,-0.5734809041023254,0.7324873208999634,0.1353481560945511,0.019978148862719536,0,0.3625604212284088,0.1091499999165535,0.8977970480918884,0.7959117293357849,-0.1908288449048996,0.016554540023207664,-0.5743123888969421,1
0.3690912425518036,0.10914530605077744,0.8949931859970093,0.7958129048347473,-0.1934012621641159,0.02011662721633911,-0.5734745860099792,0.7324873208999634,0.1353481560945511,0.019978148862719536,0,0.3625604212284088,0.1091499999165535,0.8977970480918884,0.7959117293357849,-0.1908288449048996,0.016554540023207664,-0.5743123888969421,1
0.3691335916519165,0.10914543271064758,0.8949745893478394,0.7958122491836548,-0.19341766834259033,0.02013932727277279,-0.5734689831733704,0.7324873208999634,0.1353481560945511,0.019978148862719536,0,0.3625604212284088,0.1091499999165535,0.8977970480918884,0.7959117293357849,-0.1908288449048996,0.016554540023207664,-0.5743123888969421,1
0.369171142578125,0.10914570838212967,0.894957959651947,0.7958120107650757,-0.19343216717243195,0.020159302279353142,-0.5734638571739197,0.7324873208999634,0.1353481560945511,0.019978148862719536,0,0.3625604212284088,0.1091499999165535,0.8977970480918884,0.7959117293357849,-0.1908288449048996,0.016554540023207664,-0.5743123888969421,1
0.36920416355133057,0.10914599150419235,0.8949434161186218,0.795811653137207,-0.19344498217105865,0.020176958292722702,-0.5734593868255615,0.7324873208999634,0.1353481560945511,0.019978148862719536,0,0.3625604212284088,0.1091499999165535,0.8977970480918884,0.7959117293357849,-0.1908288449048996,0.016554540023207664,-0.5743123888969421,1
0.36923354864120483,0.1091461256146431,0.8949304223060608,0.7958112955093384,-0.1934562772512436,0.020192500203847885,-0.5734555721282959,0.7324873208999634,0.1353481560945511,0.019978148862719536,0,0.36923354864120483,0.1091461256146431,0.8949304223060608,0.7958112955093384,-0.1934562772512436,0.020192500203847885,-0.5734555721282959,1
0.3694966435432434,0.10915748029947281,0.8948008418083191,0.7958157062530518,-0.1935444176197052,0.020310046151280403,-0.5734154582023621,0.7324873208999634,0.1353481560945511,0.019978148862719536,0,0.37560296058654785,0.10927998274564743,0.8936212062835693,0.7949129343032837,-0.19634361565113068,0.02632022276520729,-0.57347172498703,1
0.3702670931816101,0.10918009281158447,0.8945856094360352,0.7957454323768616,-0.1938430219888687,0.020930564031004906,-0.5733899474143982,0.7324873208999634,0.1353481560945511,0.019978148862719536,0,0.3819514513015747,0.10941853374242783,0.892220675945282,0.7939655184745789,-0.19923795759677887,0.03243221342563629,-0.5734728574752808,1
0.3715674877166748,0.10921458154916763,0.8942717909812927,0.795595645904541,-0.19438759982585907,0.02207932062447071,-0.5733702182769775,0.7324873208999634,0.1353481560945511,0.019978148862719536,0,0.38827821612358093,0.10956159979104996,0.8907292485237122,0.7929691076278687,-0.20213888585567474,0.038528040051460266,-0.5734591484069824,1
0.3733784854412079,0.10925936698913574,0.893851637840271,0.7953705191612244,-0.19517047703266144,0.023725904524326324,-0.5733507871627808,0.7324873208999634,0.1353481560945511,0.019978148862719536,0,0.39458245038986206,0.10970915853977203,0.8891469240188599,0.7919238805770874,-0.20504698157310486,0.04460812360048294,-0.5734302401542664,1
0.375665545463562,0.10931307822465897,0.893322765827179,0.7950732111930847,-0.19617566466331482,0.025830818340182304,-0.5733293294906616,0.7324873208999634,0.1353481560945511,0.019978148862719536,0,0.4008621275424957,0.10986118763685226,0.8874743580818176,0.7908302545547485,-0.20796175301074982,0.05067143961787224,-0.5733863115310669,1
0.3783876299858093,0.10937477648258209,0.8926854133605957,0.7947060465812683,-0.19738535583019257,0.028352607041597366,-0.5733038783073425,0.7324873208999634,0.1353481560945511,0.019978148862719536,0,0.4071163535118103,0.11001766473054886,0.8857117891311646,0.7896881103515625,-0.2108829915523529,0.05671745911240578,-0.5733273029327393,1
0.38150256872177124,0.1094437912106514,0.8919407725334167,0.7942714691162109,-0.19878080487251282,0.03125014156103134,-0.5732734203338623,0.7324873208999634,0.1353481560945511,0.019978148862719536,0,0.41334378719329834,0.11017856001853943,0.8838594555854797,0.7884974479675293,-0.21381093561649323,0.06274625658988953,-0.5732533931732178,1
0.38496971130371094,0.10951986908912659,0.8910901546478271,0.7937706708908081,-0.20034466683864594,0.03448539972305298,-0.5732370615005493,0.7324873208999634,0.1353481560945511,0.019978148862719536,0,0.4195433259010315,0.1103438287973404,0.8819178342819214,0.7872588038444519,-0.2167452722787857,0.06875719130039215,-0.5731643438339233,1
0.3887499272823334,0.10960288345813751,0.8901348114013672,0.7932056784629822,-0.2020597606897354,0.03802206367254257,-0.5731936097145081,0.7324873208999634,0.1353481560945511,0.019978148862719536,0,0.4257136583328247,0.11051344126462936,0.8798871636390686,0.7859722375869751,-0.21968600153923035,0.0747499093413353,-0.5730602145195007,1
0.39280757308006287,0.10969250649213791,0.8890762329101562,0.7925769686698914,-0.20391136407852173,0.04182755947113037,-0.5731425285339355,0.7324873208999634,0.1353481560945511,0.019978148862719536,0,0.4318529963493347,0.11068735271692276,0.8777682781219482,0.7846380472183228,-0.22263264656066895,0.08072355389595032,-0.5729411244392395,1
0.39710938930511475,0.10978876799345016,0.8879153728485107,0.7918858528137207,-0.20588479936122894,0.04587124288082123,-0.5730829238891602,0.7324873208999634,0.1353481560945511,0.019978148862719536,0,0.4379611015319824,0.11086555570363998,0.8755611181259155,0.7832562327384949,-0.2255856692790985,0.08667857944965363,-0.5728067755699158,1
0.4016265869140625,0.10989158600568771,0.8866525888442993,0.7911326289176941,-0.20796819031238556,0.05012710019946098,-0.5730143189430237,0.7324873208999634,0.1353481560945511,0.019978148862719536,0,0.4440363943576813,0.11104798316955566,0.8732662200927734,0.7818269729614258,-0.2285449057817459,0.09261446446180344,-0.5726572275161743,1
0.4063316583633423,0.11000078171491623,0.8852888345718384,0.7903184294700623,-0.21015030145645142,0.0545700378715992,-0.5729359984397888,0.7324873208999634,0.1353481560945511,0.019978148862719536,0,0.45007672905921936,0.11123459786176682,0.8708844780921936,0.7803505659103394,-0.23150959610939026,0.09852985292673111,-0.5724928379058838,1
0.4112011194229126,0.1101163700222969,0.8838244080543518,0.7894435524940491,-0.2124207764863968,0.05917830020189285,-0.572847306728363,0.7324873208999634,0.1353481560945511,0.019978148862719536,0,0.45608267188072205,0.11142539232969284,0.8684156537055969,0.7788271903991699,-0.2344805747270584,0.10442576557397842,-0.5723130106925964,1
0.41621285676956177,0.11023810505867004,0.8822599053382874,0.7885085940361023,-0.21477121114730835,0.06393266469240189,-0.5727477669715881,0.7324873208999634,0.1353481560945511,0.019978148862719536,0,0.4620512127876282,0.11162026226520538,0.8658609986305237,0.7772570848464966,-0.2374570071697235,0.11030078679323196,-0.5721182227134705,1
0.4213472306728363,0.11036616563796997,0.8805960416793823,0.7875143885612488,-0.21719294786453247,0.06881503015756607,-0.572636604309082,0.7324873208999634,0.1353481560945511,0.019978148862719536,0,0.4679821729660034,0.11181920021772385,0.8632206916809082,0.7756403088569641,-0.24043899774551392,0.11615468561649323,-0.5719084143638611,1
0.4265872538089752,0.11050023883581161,0.8788325786590576,0.7864610552787781,-0.21967944502830505,0.07380984723567963,-0.5725136995315552,0.7324873208999634,0.1353481560945511,0.019978148862719536,0,0.47387459874153137,0.11202214658260345,0.8604947924613953,0.7739771604537964,-0.24342696368694305,0.12198767066001892,-0.5716831088066101,1
0.43191617727279663,0.11064048111438751,0.8769704699516296,0.785349428653717,-0.22222399711608887,0.07890250533819199,-0.572378396987915,0.7324873208999634,0.1353481560945511,0.019978148862719536,0,0.4797266125679016,0.11222904920578003,0.8576845526695251,0.7722678184509277,-0.24642011523246765,0.12779894471168518,-0.5714427828788757,1
0.4373199939727783,0.11078649014234543,0.8750104308128357,0.7841800451278687,-0.2248205691576004,0.08408036828041077,-0.5722305178642273,0.7324873208999634,0.1353481560945511,0.019978148862719536,0,0.4855371117591858,0.11243988573551178,0.8547903299331665,0.7705125212669373,-0.24941855669021606,0.13358797132968903,-0.571187436580658,1
0.4427863359451294,0.11093856394290924,0.8729525208473206,0.7829533815383911,-0.22746491432189941,0.08933225274085999,-0.5720694065093994,0.7324873208999634,0.1353481560945511,0.019978148862719536,0,0.4913053512573242,0.11265456676483154,0.8518125414848328,0.768711507320404,-0.2524224817752838,0.13935454189777374,-0.5709167122840881,1
0.4483029842376709,0.11109612882137299,0.8707978129386902,0.7816699147224426,-0.23015165328979492,0.09464749693870544,-0.5718952417373657,0.7324873208999634,0.1353481560945511,0.019978148862719536,0,0.49702972173690796,0.11287306249141693,0.8487519025802612,0.7668648958206177,-0.2554314136505127,0.14509844779968262,-0.5706307888031006,1
0.45385992527008057,0.11125944554805756,0.8685466647148132,0.7803304195404053,-0.23287731409072876,0.10001726448535919,-0.5717071294784546,0.7324873208999634,0.1353481560945511,0.019978148862719536,0,0.5027095079421997,0.11309529840946198,0.8456089496612549,0.7649729251861572,-0.25844526290893555,0.1508190631866455,-0.5703296661376953,1
0.4594479203224182,0.11142821609973907,0.8661996126174927,0.7789353132247925,-0.2356380671262741,0.10543296486139297,-0.5715054273605347,0.7324873208999634,0.1353481560945511,0.019978148862719536,0,0.5083429217338562,0.11332123726606369,0.8423845171928406,0.7630358338356018,-0.2614642083644867,0.15651611983776093,-0.5700135827064514,1
0.4650576114654541,0.11160248517990112,0.8637577295303345,0.7774852514266968,-0.23843039572238922,0.11088715493679047,-0.5712893009185791,0.7324873208999634,0.1353481560945511,0.019978148862719536,0,0.5139294862747192,0.11355078220367432,0.8390789031982422,0.7610538601875305,-0.26448801159858704,0.16218948364257812,-0.5696820020675659,1
0.4706816077232361,0.11178198456764221,0.8612214922904968,0.7759807109832764,-0.24125167727470398,0.11637300997972488,-0.5710593461990356,0.7324873208999634,0.1353481560945511,0.019978148862719536,0,0.5194680690765381,0.11378392577171326,0.8356930613517761,0.7590273022651672,-0.2675165832042694,0.16783860325813293,-0.5693352222442627,1
0.4763127565383911,0.11196689307689667,0.8585920929908752,0.7744226455688477,-0.24409933388233185,0.12188465893268585,-0.5708145499229431,0.7324873208999634,0.1353481560945511,0.019978148862719536,0,0.5249569416046143,0.11402057111263275,0.8322276473045349,0.7569560408592224,-0.2705496549606323,0.17346283793449402,-0.5689735412597656,1
0.4819453954696655,0.1121567040681839,0.8558697700500488,0.7728110551834106,-0.24697105586528778,0.12741686403751373,-0.5705552101135254,0.7324873208999634,0.1353481560945511,0.019978148862719536,0,0.5303956270217896,0.11426068097352982,0.8286828994750977,0.7548407912254333,-0.2735874056816101,0.17906248569488525,-0.568596363067627,1
0.48757249116897583,0.11235161125659943,0.8530559539794922,0.771146833896637,-0.24986425042152405,0.1329643279314041,-0.570281445980072,0.7324873208999634,0.1353481560945511,0.019978148862719536,0,0.5357826948165894,0.11450415849685669,0.825060248374939,0.7526816725730896,-0.2766294777393341,0.1846366822719574,-0.5682039260864258,1
0.4931895136833191,0.11255127191543579,0.8501514196395874,0.7694304585456848,-0.2527775764465332,0.13852286338806152,-0.5699926614761353,0.7324873208999634,0.1353481560945511,0.019978148862719536,0,0.5411167740821838,0.11475075036287308,0.8213602304458618,0.7504786849021912,-0.27967557311058044,0.19018487632274628,-0.5677966475486755,1
0.4987913966178894,0.11275581270456314,0.8471567034721375,0.7676626443862915,-0.2557092010974884,0.14408835768699646,-0.5696888566017151,0.7324873208999634,0.1353481560945511,0.019978148862719536,0,0.5463975071907043,0.11500079184770584,0.8175830245018005,0.7482321262359619,-0.2827261984348297,0.19570744037628174,-0.5673738121986389,1
0.5043733716011047,0.11296511441469193,0.8440731167793274,0.7658438682556152,-0.25865739583969116,0.14965708553791046,-0.5693700909614563,0.7324873208999634,0.1353481560945511,0.019978148862719536,0,0.5516233444213867,0.1152540072798729,0.8137299418449402,0.7459424734115601,-0.2857808768749237,0.20120356976985931,-0.5669357180595398,1
0.5099315643310547,0.11317870765924454,0.8409016728401184,0.7639744281768799,-0.26162081956863403,0.15522576868534088,-0.5690365433692932,0.7324873208999634,0.1353481560945511,0.019978148862719536,0,0.5567933320999146,0.11551035195589066,0.8098016381263733,0.7436097860336304,-0.2888393998146057,0.206672802567482,-0.5664826035499573,1
0.5154626369476318,0.11339699476957321,0.8376427292823792,0.7620551586151123,-0.2645985782146454,0.16079190373420715,-0.5686874985694885,0.7324873208999634,0.1353481560945511,0.019978148862719536,0,0.5619063377380371,0.11576971411705017,0.8057988286018372,0.7412344813346863,-0.29190191626548767,0.21211525797843933,-0.5660139918327332,1
0.5209628343582153,0.11361955851316452,0.834297776222229,0.7600863575935364,-0.26758939027786255,0.16635271906852722,-0.5683231949806213,0.7324873208999634,0.1353481560945511,0.019978148862719536,0,0.5669616460800171,0.11603203415870667,0.8017222881317139,0.7388166189193726,-0.2949680984020233,0.21753020584583282,-0.5655301213264465,1
0.5264285802841187,0.11384615302085876,0.83086758852005,0.7580687403678894,-0.2705918252468109,0.17190542817115784,-0.5679440498352051,0.7324873208999634,0.1353481560945511,0.019978148862719536,0,0.5719578266143799,0.11629725992679596,0.797572910785675,0.7363564968109131,-0.29803794622421265,0.22291727364063263,-0.5650312304496765,1
0.5318570733070374,0.11407715082168579,0.8273534178733826,0.75600266456604,-0.2736053168773651,0.17744757235050201,-0.5675495266914368,0.7324873208999634,0.1353481560945511,0.019978148862719536,0,0.5768939256668091,0.1165652871131897,0.7933513522148132,0.7338544726371765,-0.3011114001274109,0.22827643156051636,-0.5645168423652649,1
0.5372459292411804,0.11431209743022919,0.8237558603286743,0.7538886070251465,-0.27662914991378784,0.18297797441482544,-0.5671395659446716,0.7324873208999634,0.1353481560945511,0.019978148862719536,0,0.5817694664001465,0.1168360561132431,0.7890585660934448,0.7313106656074524,-0.30418840050697327,0.2336074411869049,-0.563987135887146,1
0.5425921082496643,0.11455074697732925,0.8200762271881104,0.7517271041870117,-0.2796621024608612,0.1884942501783371,-0.5667144060134888,0.7324873208999634,0.1353481560945511,0.019978148862719536,0,0.5865829586982727,0.11710948497056961,0.7846953868865967,0.7287255525588989,-0.30726855993270874,0.23890943825244904,-0.5634422898292542,1
0.5478936433792114,0.11479346454143524,0.8163151144981384,0.749518632888794,-0.2827041745185852,0.1939948946237564,-0.5662738680839539,0.7324873208999634,0.1353481560945511,0.019978148862719536,0,0.5913333892822266,0.11738548427820206,0.7802627682685852,0.7260990738868713,-0.3103521466255188,0.2441825568675995,-0.5628823041915894,1
0.5531477332115173,0.11503976583480835,0.8124741315841675,0.7472637295722961,-0.28575390577316284,0.1994781643152237,-0.5658179521560669,0.7324873208999634,0.1353481560945511,0.019978148862719536,0,0.5960201025009155,0.11766397207975388,0.7757613658905029,0.7234317660331726,-0.31343862414360046,0.2494262456893921,-0.5623069405555725,1
0.5583531856536865,0.11528962850570679,0.8085535764694214,0.7449626326560974,-0.28881147503852844,0.20494304597377777,-0.5653465986251831,0.7324873208999634,0.1353481560945511,0.019978148862719536,0,0.6006419062614441,0.11794488877058029,0.7711923718452454,0.7207238078117371,-0.3165283203125,0.25464046001434326,-0.5617163181304932,1
0.5635068416595459,0.11554316431283951,0.8045551776885986,0.7426159381866455,-0.29187580943107605,0.21038782596588135,-0.5648599863052368,0.7324873208999634,0.1353481560945511,0.019978148862719536,0,0.6051977872848511,0.11822813004255295,0.7665565609931946,0.717975378036499,-0.3196207582950592,0.2598244845867157,-0.5611104965209961,1
0.5686081051826477,0.11579989641904831,0.8004792928695679,0.7402240633964539,-0.2949467599391937,0.21581192314624786,-0.5643579959869385,0.7324873208999634,0.1353481560945511,0.019978148862719536,0,0.6096869111061096,0.11851362884044647,0.7618550658226013,0.7151868939399719,-0.32271599769592285,0.2649782598018646,-0.5604894757270813,1
0.5736541152000427,0.11605998873710632,0.7963275909423828,0.7377874255180359,-0.2980235815048218,0.22121348977088928,-0.5638405680656433,0.7324873208999634,0.1353481560945511,0.019978148862719536,0,0.6141088604927063,0.11880126595497131,0.7570879459381104,0.7123585939407349,-0.32581403851509094,0.2701016962528229,-0.5598530173301697,1
0.578643798828125,0.11632335931062698,0.7921006679534912,0.7353065013885498,-0.3011062741279602,0.22659192979335785,-0.563307523727417,0.7324873208999634,0.1353481560945511,0.019978148862719536,0,0.618462085723877,0.11909099668264389,0.7522571682929993,0.7094906568527222,-0.328914612531662,0.2751941680908203,-0.5592014789581299,1
0.5835753083229065,0.11658971011638641,0.7877997159957886,0.7327815294265747,-0.30419406294822693,0.23194612562656403,-0.5627593994140625,0.7324873208999634,0.1353481560945511,0.019978148862719536,0,0.62274569272995,0.11938270181417465,0.7473634481430054,0.7065837383270264,-0.3320173919200897,0.28025516867637634,-0.558534562587738,1
0.5884475708007812,0.11685922741889954,0.7834252715110779,0.7302129864692688,-0.3072870969772339,0.23727582395076752,-0.5621954798698425,0.7324873208999634,0.1353481560945511,0.019978148862719536,0,0.6269593238830566,0.11967629939317703,0.7424073219299316,0.7036375999450684,-0.3351227939128876,0.28528499603271484,-0.5578523278236389,1
0.5932586789131165,0.11713156849145889,0.7789791822433472,0.7276014089584351,-0.3103845715522766,0.2425794005393982,-0.5616162419319153,0.7324873208999634,0.1353481560945511,0.019978148862719536,0,0.6311017870903015,0.11997172236442566,0.7373901605606079,0.7006528377532959,-0.33823028206825256,0.2902826964855194,-0.5571551322937012,1
0.5980072021484375,0.11740667372941971,0.7744622826576233,0.7249471545219421,-0.3134859800338745,0.24785630404949188,-0.5610218048095703,0.7324873208999634,0.1353481560945511,0.019978148862719536,0,0.6351722478866577,0.12026885896921158,0.7323129177093506,0.6976296305656433,-0.34133991599082947,0.29524850845336914,-0.556442379951477,1
0.6026921272277832,0.1176842525601387,0.7698754072189331,0.7222501635551453,-0.31659168004989624,0.2531059682369232,-0.5604121088981628,0.7324873208999634,0.1353481560945511,0.019978148862719536,0,0.6391698122024536,0.12056759744882584,0.7271765470504761,0.6945685744285583,-0.3444514274597168,0.3001818060874939,-0.55571448802948,1
0.6073122024536133,0.11796464771032333,0.765219509601593,0.7195114493370056,-0.31970107555389404,0.2583281099796295,-0.5597865581512451,0.7324873208999634,0.1353481560945511,0.019978148862719536,0,0.6430938243865967,0.12086790055036545,0.721981942653656,0.6914693713188171,-0.3475651144981384,0.3050825297832489,-0.5549712777137756,1
0.6118658781051636,0.11824759095907211,0.7604960203170776,0.7167310118675232,-0.3228139281272888,0.2635211944580078,-0.559145987033844,0.7324873208999634,0.1353481560945511,0.019978148862719536,0,0.6469436883926392,0.12116961926221848,0.7167301774024963,0.6883328557014465,-0.35068050026893616,0.3099502921104431,-0.554212749004364,1
0.6163523197174072,0.11853274703025818,0.7557058334350586,0.7139094471931458,-0.3259299099445343,0.2686854898929596,-0.5584898591041565,0.7324873208999634,0.1353481560945511,0.019978148862719536,0,0.6507177948951721,0.12147267907857895,0.7114226818084717,0.6851593852043152,-0.35379713773727417,0.314784437417984,-0.553439199924469,1
0.6207705140113831,0.11882023513317108,0.7508498430252075,0.7110467553138733,-0.3290490508079529,0.2738201916217804,-0.557818591594696,0.7324873208999634,0.1353481560945511,0.019978148862719536,0,0.654416024684906,0.1217769905924797,0.7060602903366089,0.6819487810134888,-0.35691553354263306,0.31958529353141785,-0.5526501536369324,1
0.6251190900802612,0.11911001801490784,0.7459292411804199,0.7081437110900879,-0.33217111229896545,0.2789247930049896,-0.5571317076683044,0.7324873208999634,0.1353481560945511,0.019978148862719536,0,0.6580379605293274,0.12208245694637299,0.7006432414054871,0.6787015199661255,-0.36003559827804565,0.324352502822876,-0.5518459677696228,1
0.6293966770172119,0.11940173804759979,0.74094557762146,0.7052006721496582,-0.33529534935951233,0.2839983403682709,-0.5564296245574951,0.7324873208999634,0.1353481560945511,0.019978148862719536,0,0.6615820527076721,0.12238897383213043,0.6951738595962524,0.6754180788993835,-0.36315664649009705,0.3290853500366211,-0.5510265827178955,1
0.6336027979850769,0.11969555914402008,0.7358993887901306,0.7022176384925842,-0.3384222686290741,0.2890407145023346,-0.5557122230529785,0.7324873208999634,0.1353481560945511,0.019978148862719536,0,0.6650480031967163,0.12269647419452667,0.6896525025367737,0.6720987558364868,-0.3662791848182678,0.33378392457962036,-0.5501917600631714,1
0.6377363801002502,0.11999116092920303,0.7307918667793274,0.6991952657699585,-0.3415512442588806,0.2940516471862793,-0.5549796223640442,0.7324873208999634,0.1353481560945511,0.019978148862719536,0,0.6684349775314331,0.12300480157136917,0.6840805411338806,0.6687435507774353,-0.369402676820755,0.3384478986263275,-0.5493420958518982,1
0.6417964696884155,0.1202886626124382,0.7256240844726562,0.6961337327957153,-0.344682514667511,0.2990303635597229,-0.5542314648628235,0.7324873208999634,0.1353481560945511,0.019978148862719536,0,0.6717423796653748,0.12331389635801315,0.678459107875824,0.6653531789779663,-0.3725268840789795,0.3430768847465515,-0.548477053642273,1
0.6457816362380981,0.12058774381875992,0.7203976511955261,0.6930336356163025,-0.34781524538993835,0.30397674441337585,-0.5534681677818298,0.7324873208999634,0.1353481560945511,0.019978148862719536,0,0.6749695539474487,0.12362365424633026,0.6727889776229858,0.6619274616241455,-0.3756522536277771,0.3476710021495819,-0.5475966930389404,1
0.6496918201446533,0.12088856101036072,0.7151129841804504,0.6898952722549438,-0.35094982385635376,0.30889004468917847,-0.5526893734931946,0.7324873208999634,0.1353481560945511,0.019978148862719536,0,0.6781156063079834,0.12393397092819214,0.667071521282196,0.6584672331809998,-0.37877824902534485,0.3522295355796814,-0.546701192855835,1
0.6535256505012512,0.12119077146053314,0.7097715735435486,0.6867188215255737,-0.3540859818458557,0.31377020478248596,-0.5518953800201416,0.7324873208999634,0.1353481560945511,0.019978148862719536,0,0.6811800599098206,0.12424474209547043,0.6613079309463501,0.6549725532531738,-0.38190487027168274,0.3567524254322052,-0.5457904934883118,1
0.6572821140289307,0.12149428576231003,0.7043747901916504,0.6835047602653503,-0.35722336173057556,0.318616658449173,-0.5510862469673157,0.7324873208999634,0.1353481560945511,0.019978148862719536,0,0.6841619610786438,0.12455587834119797,0.6554994583129883,0.6514440774917603,-0.38503164052963257,0.36123910546302795,-0.5448647141456604,1
0.6609607934951782,0.12179898470640182,0.6989235281944275,0.6802535057067871,-0.36036187410354614,0.3234289884567261,-0.5502618551254272,0.7324873208999634,0.1353481560945511,0.019978148862719536,0,0.6870615482330322,0.12486700713634491,0.6496464014053345,0.6478812098503113,-0.38815921545028687,0.36569011211395264,-0.5439236760139465,1
0.664560854434967,0.12210503965616226,0.693418562412262,0.6769652366638184,-0.36350172758102417,0.3282071352005005,-0.549422025680542,0.7324873208999634,0.1353481560945511,0.019978148862719536,0,0.6898773908615112,0.12517854571342468,0.6437509655952454,0.644285261631012,-0.3912869691848755,0.37010446190834045,-0.5429673790931702,1
0.6680811047554016,0.12241209298372269,0.6878620386123657,0.6736405491828918,-0.3666420876979828,0.3329504430294037,-0.5485671162605286,0.7324873208999634,0.1353481560945511,0.019978148862719536,0,0.6926090121269226,0.12549014389514923,0.6378141641616821,0.6406563520431519,-0.39441463351249695,0.3744819462299347,-0.5419960021972656,1
0.6715214252471924,0.12272005528211594,0.6822539567947388,0.6702795028686523,-0.36978331208229065,0.3376588523387909,-0.5476970672607422,0.7324873208999634,0.1353481560945511,0.019978148862719536,0,0.695256233215332,0.1258016675710678,0.6318365335464478,0.6369944214820862,-0.39754268527030945,0.37882277369499207,-0.5410094261169434,1
0.67488032579422,0.12302907556295395,0.6765965223312378,0.6668827533721924,-0.3729249835014343,0.3423316776752472,-0.5468118190765381,0.7324873208999634,0.1353481560945511,0.019978148862719536,0,0.6978182792663574,0.12611307203769684,0.6258193850517273,0.6333001255989075,-0.4006705582141876,0.38312649726867676,-0.5400075316429138,1
0.6781576871871948,0.12333854287862778,0.6708902716636658,0.6634503602981567,-0.3760671317577362,0.3469690680503845,-0.5459116101264954,0.7324873208999634,0.1353481560945511,0.019978148862719536,0,0.7002942562103271,0.126424178481102,0.6197648048400879,0.6295738220214844,-0.40379786491394043,0.387392520904541,-0.5389906167984009,1
0.6813527345657349,0.12364886701107025,0.6651365160942078,0.6599828600883484,-0.37920981645584106,0.3515705168247223,-0.544995903968811,0.7324873208999634,0.1353481560945511,0.019978148862719536,0,0.7026842832565308,0.1267349123954773,0.6136729717254639,0.625815749168396,-0.4069250822067261,0.39162129163742065,-0.537958562374115,1
0.6844648122787476,0.12395970523357391,0.6593363285064697,0.6564804911613464,-0.38235267996788025,0.35613611340522766,-0.5440650582313538,0.7324873208999634,0.1353481560945511,0.019978148862719536,0,0.7049873471260071,0.12704519927501678,0.6075453758239746,0.6220259070396423,-0.41005200147628784,0.39581218361854553,-0.5369112491607666,1
0.6874929666519165,0.12427090853452682,0.6534914970397949,0.6529437303543091,-0.3854953944683075,0.3606646656990051,-0.5431194305419922,0.7324873208999634,0.1353481560945511,0.019978148862719536,0,0.7072033286094666,0.12735487520694733,0.6013834476470947,0.6182053089141846,-0.413178026676178,0.39996492862701416,-0.5358489155769348,1
0.6904367208480835,0.1245826855301857,0.6476027965545654,0.6493731737136841,-0.38863804936408997,0.365156352519989,-0.5421584248542786,0.7324873208999634,0.1353481560945511,0.019978148862719536,0,0.7093315124511719,0.12766391038894653,0.5951882004737854,0.6143537163734436,-0.41630351543426514,0.4040793776512146,-0.5347715616226196,1
0.6932956576347351,0.1248943880200386,0.6416711807250977,0.6457685232162476,-0.3917805254459381,0.36961135268211365,-0.5411823987960815,0.7324873208999634,0.1353481560945511,0.019978148862719536,0,0.7113716006278992,0.12797212600708008,0.5889607667922974,0.6104716658592224,-0.4194283187389374,0.4081557095050812,-0.5336788296699524,1
0.6960688829421997,0.12520617246627808,0.6356986165046692,0.6421304941177368,-0.39492252469062805,0.3740288019180298,-0.5401915907859802,0.7324873208999634,0.1353481560945511,0.019978148862719536,0,0.713323175907135,0.128279447555542,0.5827027559280396,0.606559693813324,-0.4225521385669708,0.4121930003166199,-0.532571017742157,1
0.698756217956543,0.12551823258399963,0.6296854615211487,0.6384596228599548,-0.39806419610977173,0.37840867042541504,-0.5391854047775269,0.7324873208999634,0.1353481560945511,0.019978148862719536,0,0.7152613401412964,0.12859861552715302,0.5761522054672241,0.6024530529975891,-0.425805002450943,0.4163571000099182,-0.5314011573791504,1
0.7013599276542664,0.1258307248353958,0.6236205101013184,0.6347456574440002,-0.4012114405632019,0.3827616274356842,-0.5381643772125244,0.7324873208999634,0.1353481560945511,0.019978148862719536,0,0.7171022891998291,0.12891654670238495,0.569571316242218,0.5983145236968994,-0.42905643582344055,0.4204789996147156,-0.5302148461341858,1
0.7038819789886475,0.12614423036575317,0.617499589920044,0.6309866309165955,-0.4043675661087036,0.38708972930908203,-0.5371258854866028,0.7324873208999634,0.1353481560945511,0.019978148862719536,0,0.7188457250595093,0.12923288345336914,0.5629612803459167,0.5941444039344788,-0.4323064684867859,0.4245579242706299,-0.5290123820304871,1
0.7063230276107788,0.12645862996578217,0.6113218069076538,0.6271831393241882,-0.40753301978111267,0.3913928270339966,-0.536068856716156,0.7324873208999634,0.1353481560945511,0.019978148862719536,0,0.7204915285110474,0.1295480728149414,0.5563230514526367,0.5899433493614197,-0.43555495142936707,0.42859405279159546,-0.5277934074401855,1
0.7086820602416992,0.12677355110645294,0.6050881743431091,0.6233354806900024,-0.41070756316185,0.39566996693611145,-0.5349928736686707,0.7324873208999634,0.1353481560945511,0.019978148862719536,0,0.7220388054847717,0.12986165285110474,0.5496585369110107,0.5857114791870117,-0.4388018846511841,0.4325868487358093,-0.5265581011772156,1
0.7109576463699341,0.12708918750286102,0.5988003611564636,0.6194443702697754,-0.4138912260532379,0.3999200463294983,-0.5338973999023438,0.7324873208999634,0.1353481560945511,0.019978148862719536,0,0.7234876751899719,0.13017329573631287,0.5429688692092896,0.5814492702484131,-0.44204699993133545,0.4365367591381073,-0.5253064632415771,1
0.7131479382514954,0.1274045705795288,0.5924614071846008,0.6155111789703369,-0.41708195209503174,0.4041413366794586,-0.5327835083007812,0.7324873208999634,0.1353481560945511,0.019978148862719536,0,0.7248374819755554,0.13048338890075684,0.5362557768821716,0.5771573185920715,-0.4452900290489197,0.4404425323009491,-0.524038553237915,1
0.7152512669563293,0.12772014737129211,0.5860738754272461,0.6115369200706482,-0.42027974128723145,0.4083321988582611,-0.5316505432128906,0.7324873208999634,0.1353481560945511,0.019978148862719536,0,0.7260878682136536,0.130791574716568,0.5295204520225525,0.5728359818458557,-0.44853100180625916,0.4443047046661377,-0.5227542519569397,1
0.7172660827636719,0.12803520262241364,0.5796400308609009,0.6075225472450256,-0.4234829843044281,0.4124910235404968,-0.530499279499054,0.7324873208999634,0.1353481560945511,0.019978148862719536,0,0.7272388935089111,0.1310974359512329,0.5227641463279724,0.5684850215911865,-0.45177000761032104,0.44812342524528503,-0.5214536786079407,1
0.7191907167434692,0.1283498853445053,0.5731627345085144,0.6034692525863647,-0.4266914427280426,0.41661664843559265,-0.5293295979499817,0.7324873208999634,0.1353481560945511,0.019978148862719536,0,0.7282896041870117,0.13140137493610382,0.5159890055656433,0.5641058087348938,-0.4550064206123352,0.45189717411994934,-0.5201371908187866,1
0.7210237979888916,0.12866409122943878,0.5666447877883911,0.5993781089782715,-0.42990362644195557,0.4207075536251068,-0.5281418561935425,0.7324873208999634,0.1353481560945511,0.019978148862719536,0,0.729240357875824,0.13170304894447327,0.509195864200592,0.5596982836723328,-0.458240270614624,0.4556269943714142,-0.5188041925430298,1
0.7227638959884644,0.12897737324237823,0.5600888133049011,0.5952498912811279,-0.4331189692020416,0.4247627258300781,-0.526936411857605,0.7324873208999634,0.1353481560945511,0.019978148862719536,0,0.7300906777381897,0.132002055644989,0.5023862719535828,0.5552626252174377,-0.4614717960357666,0.4593122899532318,-0.5174548029899597,1
0.7244099378585815,0.12928959727287292,0.5534970164299011,0.5910857915878296,-0.43633684515953064,0.4287807047367096,-0.5257135033607483,0.7324873208999634,0.1353481560945511,0.019978148862719536,0,0.7308402061462402,0.1322987973690033,0.49556222558021545,0.5507997274398804,-0.4647000730037689,0.46295270323753357,-0.5160893797874451,1
0.7259608507156372,0.1296006441116333,0.5468717813491821,0.5868865251541138,-0.43955671787261963,0.4327608644962311,-0.5244731903076172,0.7324873208999634,0.1353481560945511,0.019978148862719536,0,0.7314890623092651,0.13259290158748627,0.48872432112693787,0.5463098883628845,-0.46792569756507874,0.4665479063987732,-0.5147076845169067,1
0.7274156808853149,0.1299106925725937,0.5402151942253113,0.5826529860496521,-0.4427778720855713,0.43670225143432617,-0.5232152342796326,0.7324873208999634,0.1353481560945511,0.019978148862719536,0,0.732036828994751,0.1328839361667633,0.4818744659423828,0.5417931079864502,-0.47114822268486023,0.47009843587875366,-0.5133097767829895,1
0.7287738919258118,0.13021904230117798,0.5335293412208557,0.5783859491348267,-0.4459998309612274,0.4406040608882904,-0.5219404101371765,0.7324873208999634,0.1353481560945511,0.019978148862719536,0,0.7324833273887634,0.133172407746315,0.4750143587589264,0.5372502207756042,-0.47436758875846863,0.47360342741012573,-0.5118958353996277,1
0.7300339341163635,0.13052579760551453,0.5268176794052124,0.5740864872932434,-0.44922158122062683,0.4444650709629059,-0.5206489562988281,0.7324873208999634,0.1353481560945511,0.019978148862719536,0,0.7328285574913025,0.13345783948898315,0.4681449234485626,0.5326815843582153,-0.47758352756500244,0.4770629405975342,-0.5104655027389526,1
0.7311959266662598,0.13083115220069885,0.5200804471969604,0.5697550177574158,-0.4524434506893158,0.4482853412628174,-0.5193403363227844,0.7324873208999634,0.1353481560945511,0.019978148862719536,0,0.7330725193023682,0.1337399035692215,0.46126803755760193,0.5280872583389282,-0.4807961881160736,0.4804769456386566,-0.5090193748474121,1
0.7322587370872498,0.13113416731357574,0.5133207440376282,0.5653921961784363,-0.4556644856929779,0.4520638585090637,-0.5180152058601379,0.7324873208999634,0.1353481560945511,0.019978148862719536,0,0.7332146763801575,0.13401901721954346,0.454384982585907,0.5234681963920593,-0.48400527238845825,0.4838450253009796,-0.5075567364692688,1
0.733222246170044,0.13143551349639893,0.5065402388572693,0.5609992146492004,-0.45888444781303406,0.45579975843429565,-0.5166733860969543,0.7324873208999634,0.1353481560945511,0.019978148862719536,0,0.7332553863525391,0.1342947632074356,0.4474974274635315,0.518824577331543,-0.4872104823589325,0.4871671497821808,-0.5060782432556152,1
0.7340856194496155,0.13173452019691467,0.49974095821380615,0.5565760135650635,-0.4621029198169708,0.4594932198524475,-0.5153154134750366,0.7324873208999634,0.1353481560945511,0.019978148862719536,0,0.7331945300102234,0.1345667988061905,0.4406066834926605,0.5141567587852478,-0.49041175842285156,0.49044305086135864,-0.5045836567878723,1
0.7348487973213196,0.13203135132789612,0.49292442202568054,0.5521238446235657,-0.4653196632862091,0.4631432592868805,-0.5139406323432922,0.7324873208999634,0.1353481560945511,0.019978148862719536,0,0.733031690120697,0.13483551144599915,0.4337141513824463,0.5094650983810425,-0.49360936880111694,0.4936727285385132,-0.5030727982521057,1
0.7355109453201294,0.13232560455799103,0.4860932230949402,0.5476431250572205,-0.46853411197662354,0.46674954891204834,-0.5125499963760376,0.7324873208999634,0.1353481560945511,0.019978148862719536,0,0.7327674031257629,0.13510052859783173,0.4268217086791992,0.5047503113746643,-0.49680250883102417,0.4968559145927429,-0.5015461444854736,1
0.7360720634460449,0.13261741399765015,0.4792484939098358,0.5431344509124756,-0.47174614667892456,0.4703117311000824,-0.5111430883407593,0.7324873208999634,0.1353481560945511,0.019978148862719536,0,0.732401430606842,0.13536149263381958,0.41993004083633423,0.5000122785568237,-0.49999159574508667,0.49999257922172546,-0.5000033974647522,1
0.7365320920944214,0.1329067200422287,0.4723915755748749,0.5385982990264893,-0.4749557673931122,0.47382962703704834,-0.5097196698188782,0.7324873208999634,0.1353481560945511,0.019978148862719536,0,0.7365320920944214,0.1329067200422287,0.4723915755748749,0.5385982990264893,-0.4749557673931122,0.47382962703704834,-0.5097196698188782,1
0.7373160123825073,0.13306857645511627,0.4657813012599945,0.5353098511695862,-0.47854501008987427,0.4771551191806793,-0.5067159533500671,0.7324873208999634,0.1353481560945511,0.019978148862719536,0,0.736985445022583,0.1329473853111267,0.47011810541152954,0.5382157564163208,-0.4752093255519867,0.4741098880767822,-0.5096268057823181,1
0.7382178902626038,0.1331583857536316,0.45996129512786865,0.5325989127159119,-0.4814397096633911,0.4799952805042267,-0.5041415095329285,0.7324873208999634,0.1353481560945511,0.019978148862719536,0,0.7374286651611328,0.13298778235912323,0.4678434431552887,0.5378330945968628,-0.4754628837108612,0.4743900001049042,-0.509533703327179,1
0.7390751838684082,0.13320346176624298,0.45518818497657776,0.530484676361084,-0.4836365878582001,0.48218148946762085,-0.5021778345108032,0.7324873208999634,0.1353481560945511,0.019978148862719536,0,0.7378618121147156,0.13302786648273468,0.46556776762008667,0.5374504923820496,-0.475716233253479,0.4746696650981903,-0.5094406604766846,1
0.7398520708084106,0.13322702050209045,0.4515432119369507,0.5289952754974365,-0.4851413667201996,0.4836956858634949,-0.5008394718170166,0.7324873208999634,0.1353481560945511,0.019978148862719536,0,0.738284707069397,0.13306765258312225,0.4632911682128906,0.5370672941207886,-0.4759696125984192,0.4749491810798645,-0.5093474388122559,1
0.7405654191970825,0.1332443207502365,0.4490301012992859,0.5281375646591187,-0.48597028851509094,0.48454421758651733,-0.5001202821731567,0.7324873208999634,0.1353481560945511,0.019978148862719536,0,0.738697350025177,0.13310715556144714,0.46101391315460205,0.5366842746734619,-0.476222962141037,0.4752282500267029,-0.5092540383338928,1
0.7412275671958923,0.1332610696554184,0.44764935970306396,0.5279116034507751,-0.48613449931144714,0.4847356081008911,-0.5000139474868774,0.7324873208999634,0.1353481560945511,0.019978148862719536,0,0.7391000390052795,0.13314636051654816,0.45873531699180603,0.5363008975982666,-0.4764764904975891,0.4755070209503174,-0.5091605186462402,1
0.7417264580726624,0.13325516879558563,0.4468984007835388,0.5280181765556335,-0.48593366146087646,0.4845787584781647,-0.5002485513687134,0.7324873208999634,0.1353481560945511,0.019978148862719536,0,0.7394922971725464,0.1331852525472641,0.45645642280578613,0.5359176397323608,-0.4767296612262726,0.47578534483909607,-0.5090670585632324,1
0.7420393824577332,0.13323821127414703,0.44642916321754456,0.5282403826713562,-0.4856005012989044,0.48429521918296814,-0.5006119012832642,0.7324873208999634,0.1353481560945511,0.019978148862719536,0,0.7398746609687805,0.13322384655475616,0.454176127910614,0.5355338454246521,-0.47698327898979187,0.4760635197162628,-0.5089733600616455,1
0.7422661185264587,0.13323074579238892,0.4460257589817047,0.5285027623176575,-0.4852253198623657,0.4839629828929901,-0.5010198950767517,0.7324873208999634,0.1353481560945511,0.019978148862719536,0,0.7402466535568237,0.13326211273670197,0.451895534992218,0.5351501107215881,-0.47723665833473206,0.47634121775627136,-0.5088797211647034,1
0.7424594759941101,0.13323476910591125,0.44556015729904175,0.528753936290741,-0.48486244678497314,0.4836362600326538,-0.5014215111732483,0.7324873208999634,0.1353481560945511,0.019978148862719536,0,0.7406083941459656,0.13330011069774628,0.4496143162250519,0.5347660183906555,-0.47748997807502747,0.4766188859939575,-0.5087857842445374,1
0.7426461577415466,0.13324694335460663,0.44497358798980713,0.5289673209190369,-0.4845372140407562,0.48334258794784546,-0.5017939805984497,0.7324873208999634,0.1353481560945511,0.019978148862719536,0,0.7409600615501404,0.13333779573440552,0.4473322927951813,0.5343820452690125,-0.4777432084083557,0.4768960177898407,-0.5086917877197266,1
0.742838978767395,0.13326522707939148,0.4442426562309265,0.5291317701339722,-0.4842604994773865,0.4830939769744873,-0.5021269917488098,0.7324873208999634,0.1353481560945511,0.019978148862719536,0,0.7413015365600586,0.1333751529455185,0.4450497329235077,0.5339975953102112,-0.47799670696258545,0.4771728515625,-0.5085977911949158,1
0.7430431842803955,0.1332869529724121,0.4433637261390686,0.5292441248893738,-0.4840342700481415,0.4828944504261017,-0.5024183988571167,0.7324873208999634,0.1353481560945511,0.019978148862719536,0,0.7416326999664307,0.1334122270345688,0.4427669644355774,0.5336132645606995,-0.47825002670288086,0.4774492084980011,-0.5085037350654602,1
0.7432604432106018,0.13331134617328644,0.44234198331832886,0.5293055772781372,-0.48385748267173767,0.48274293541908264,-0.5026694536209106,0.7324873208999634,0.1353481560945511,0.019978148862719536,0,0.7419537901878357,0.13344897329807281,0.4404835104942322,0.5332286953926086,-0.4785033166408539,0.47772541642189026,-0.5084094405174255,1
0.7434898614883423,0.13333725929260254,0.44118770956993103,0.529319703578949,-0.48372647166252136,0.48263677954673767,-0.502882719039917,0.7324873208999634,0.1353481560945511,0.019978148862719536,0,0.7422646284103394,0.13348540663719177,0.43819987773895264,0.5328437089920044,-0.47875654697418213,0.4780011475086212,-0.5083153247833252,1
0.7437295913696289,0.13336437940597534,0.4399123787879944,0.5292899012565613,-0.48363760113716125,0.4825720489025116,-0.5030616521835327,0.7324873208999634,0.1353481560945511,0.019978148862719536,0,0.742565393447876,0.13352154195308685,0.4359155297279358,0.5324588418006897,-0.47900986671447754,0.4782768487930298,-0.5082207918167114,1
0.7439781427383423,0.13339264690876007,0.43852677941322327,0.5292205214500427,-0.483586847782135,0.48254528641700745,-0.5032090544700623,0.7324873208999634,0.1353481560945511,0.019978148862719536,0,0.7428556680679321,0.13355734944343567,0.43363115191459656,0.5320736169815063,-0.4792632460594177,0.4785520136356354,-0.5081261992454529,1
0.744233250617981,0.1334214061498642,0.4370424151420593,0.5291154980659485,-0.48357027769088745,0.4825523793697357,-0.5033285021781921,0.7324873208999634,0.1353481560945511,0.019978148862719536,0,0.7431359887123108,0.1335928589105606,0.43134641647338867,0.5316884517669678,-0.4795164167881012,0.4788268804550171,-0.5080315470695496,1
0.7444925308227539,0.13345086574554443,0.4354702830314636,0.5289790630340576,-0.4835839569568634,0.4825893044471741,-0.5034233331680298,0.7324873208999634,0.1353481560945511,0.019978148862719536,0,0.7434061765670776,0.13362805545330048,0.42906129360198975,0.5313029885292053,-0.4797697365283966,0.47910138964653015,-0.5079368948936462,1
0.7447546124458313,0.1334807276725769,0.43381863832473755,0.5288140773773193,-0.48362499475479126,0.4826532304286957,-0.5034961104393005,0.7324873208999634,0.1353481560945511,0.019978148862719536,0,0.7436659932136536,0.13366290926933289,0.4267761707305908,0.5309171676635742,-0.480023056268692,0.4793757200241089,-0.5078421235084534,1
0.7450177073478699,0.13351061940193176,0.4320967197418213,0.5286237597465515,-0.4836900234222412,0.4827410578727722,-0.503549337387085,0.7324873208999634,0.1353481560945511,0.019978148862719536,0,0.7439156770706177,0.13369746506214142,0.42449113726615906,0.5305315852165222,-0.4802762269973755,0.47964951395988464,-0.5077472925186157,1
0.7452800869941711,0.13354134559631348,0.43031173944473267,0.5284110903739929,-0.4837767779827118,0.482850044965744,-0.5035846829414368,0.7324873208999634,0.1353481560945511,0.019978148862719536,0,0.7441550493240356,0.1337316930294037,0.4222058355808258,0.5301455855369568,-0.4805294871330261,0.4799230694770813,-0.5076523423194885,1
0.7455404996871948,0.1335720419883728,0.4284712076187134,0.5281785130500793,-0.48388224840164185,0.4829776883125305,-0.5036049485206604,0.7324873208999634,0.1353481560945511,0.019978148862719536,0,0.7443844079971313,0.13376562297344208,0.4199204742908478,0.5297595858573914,-0.4807826280593872,0.4801962673664093,-0.5075571537017822,1
0.7457977533340454,0.13360293209552765,0.4265807867050171,0.5279281139373779,-0.48400479555130005,0.4831219017505646,-0.5036113858222961,0.7324873208999634,0.1353481560945511,0.019978148862719536,0,0.7446035146713257,0.1337992250919342,0.41763508319854736,0.5293731689453125,-0.4810359477996826,0.4804692268371582,-0.5074619054794312,1
0.7460508346557617,0.1336342692375183,0.42464596033096313,0.5276622176170349,-0.48414233326911926,0.48328059911727905,-0.5036056041717529,0.7324873208999634,0.1353481560945511,0.019978148862719536,0,0.7448122501373291,0.13383275270462036,0.4153502881526947,0.5289870500564575,-0.4812890887260437,0.4807416498661041,-0.5073665976524353,1
0.7462986707687378,0.13366542756557465,0.4226717948913574,0.5273820757865906,-0.4842931926250458,0.48345237970352173,-0.5035890936851501,0.7324873208999634,0.1353481560945511,0.019978148862719536,0,0.7450109720230103,0.13386569917201996,0.4130650758743286,0.5286002159118652,-0.4815423786640167,0.48101410269737244,-0.5072711706161499,1
0.746540904045105,0.13369670510292053,0.420662522315979,0.5270897150039673,-0.4844557046890259,0.48363539576530457,-0.5035632252693176,0.7324873208999634,0.1353481560945511,0.019978148862719536,0,0.74519944190979,0.13389834761619568,0.41078028082847595,0.5282134413719177,-0.48179560899734497,0.4812861680984497,-0.5071756839752197,1
0.7467764616012573,0.13372807204723358,0.41862189769744873,0.5267860889434814,-0.484628826379776,0.48382872343063354,-0.5035285949707031,0.7324873208999634,0.1353481560945511,0.019978148862719536,0,0.7453777194023132,0.13393063843250275,0.4084959030151367,0.5278266072273254,-0.48204877972602844,0.4815576672554016,-0.5070801377296448,1
0.7470047473907471,0.13375945389270782,0.4165538549423218,0.5264727473258972,-0.4848109483718872,0.48403072357177734,-0.5034867525100708,0.7324873208999634,0.1353481560945511,0.019978148862719536,0,0.7455458641052246,0.13396263122558594,0.40621185302734375,0.5274396538734436,-0.4823017716407776,0.48182886838912964,-0.5069844126701355,1
0.7472253441810608,0.13379094004631042,0.4144614338874817,0.5261508226394653,-0.4850013852119446,0.4842402935028076,-0.5034383535385132,0.7324873208999634,0.1353481560945511,0.019978148862719536,0,0.745703935623169,0.13399428129196167,0.40392786264419556,0.5270523428916931,-0.4825550317764282,0.48209989070892334,-0.5068886280059814,1
0.7474379539489746,0.13382214307785034,0.4123469591140747,0.5258210897445679,-0.48519882559776306,0.4844569265842438,-0.5033841133117676,0.7324873208999634,0.1353481560945511,0.019978148862719536,0,0.7458518147468567,0.13402560353279114,0.40164417028427124,0.5266647934913635,-0.4828082323074341,0.48237061500549316,-0.5067928433418274,1
0.7476420998573303,0.13385334610939026,0.410212904214859,0.5254843235015869,-0.4854029715061188,0.4846797287464142,-0.503324568271637,0.7324873208999634,0.1353481560945511,0.019978148862719536,0,0.745989203453064,0.13405659794807434,0.39936140179634094,0.5262773633003235,-0.4830612540245056,0.48264092206954956,-0.506696879863739,1
0.7478373646736145,0.13388459384441376,0.4080621004104614,0.5251417756080627,-0.4856126308441162,0.4849075973033905,-0.5032604932785034,0.7324873208999634,0.1353481560945511,0.019978148862719536,0,0.7461166977882385,0.13408726453781128,0.39707863330841064,0.5258895754814148,-0.48331427574157715,0.48291075229644775,-0.5066009163856506,1
0.748023509979248,0.13391552865505219,0.4058959484100342,0.5247935056686401,-0.4858274459838867,0.4851401746273041,-0.5031923055648804,0.7324873208999634,0.1353481560945511,0.019978148862719536,0,0.7462339401245117,0.13411760330200195,0.39479660987854004,0.5255017280578613,-0.4835674464702606,0.4831804931163788,-0.5065045952796936,1
0.7482004165649414,0.13394618034362793,0.40371671319007874,0.5244404077529907,-0.48604637384414673,0.4853768050670624,-0.5031208395957947,0.7324873208999634,0.1353481560945511,0.019978148862719536,0,0.7463409304618835,0.13414759933948517,0.39251524209976196,0.5251137018203735,-0.4838205873966217,0.483449786901474,-0.5064084529876709,1
0.7483677864074707,0.13397681713104248,0.4015253186225891,0.5240830779075623,-0.48626938462257385,0.4856169521808624,-0.503045916557312,0.7324873208999634,0.1353481560945511,0.019978148862719536,0,0.7464378476142883,0.1341772824525833,0.39023447036743164,0.5247254967689514,-0.4840735197067261,0.4837188124656677,-0.5063122510910034,1
0.7485253810882568,0.13400739431381226,0.39932364225387573,0.5237218737602234,-0.4864959716796875,0.485860139131546,-0.5029681324958801,0.7324873208999634,0.1353481560945511,0.019978148862719536,0,0.7465246915817261,0.134206622838974,0.3879542946815491,0.5243371725082397,-0.48432657122612,0.4839875102043152,-0.5062157511711121,1
0.7486733794212341,0.13403768837451935,0.3971123695373535,0.5233571529388428,-0.48672571778297424,0.48610612750053406,-0.5028877854347229,0.7324873208999634,0.1353481560945511,0.019978148862719536,0,0.7466012239456177,0.13423563539981842,0.3856750428676605,0.523948609828949,-0.4845796525478363,0.4842557907104492,-0.5061191916465759,1
0.7488113641738892,0.13406765460968018,0.39489370584487915,0.5229896903038025,-0.4869576692581177,0.4863542914390564,-0.5028055906295776,0.7324873208999634,0.1353481560945511,0.019978148862719536,0,0.7466678023338318,0.13426432013511658,0.38339629769325256,0.5235598683357239,-0.484832763671875,0.4845239520072937,-0.5060224533081055,1
0.7489393949508667,0.13409757614135742,0.3926672637462616,0.5226192474365234,-0.48719239234924316,0.4866047203540802,-0.5027210116386414,0.7324873208999634,0.1353481560945511,0.019978148862719536,0,0.7467241287231445,0.1342926323413849,0.38111889362335205,0.5231711864471436,-0.485085666179657,0.48479142785072327,-0.5059259533882141,1
0.7490572929382324,0.1341271698474884,0.39043495059013367,0.5222465991973877,-0.487429141998291,0.48685669898986816,-0.5026347637176514,0.7324873208999634,0.1353481560945511,0.019978148862719536,0,0.7467702627182007,0.13432063162326813,0.3788421154022217,0.5227821469306946,-0.4853385090827942,0.4850589632987976,-0.5058290362358093,1
0.7491649985313416,0.1341567188501358,0.38819706439971924,0.5218715667724609,-0.48766785860061646,0.4871103763580322,-0.5025470852851868,0.7324873208999634,0.1353481560945511,0.019978148862719536,0,0.7468065023422241,0.1343483030796051,0.376566082239151,0.5223929286003113,-0.48559170961380005,0.4853260815143585,-0.5057320594787598,1
0.7492624521255493,0.13418565690517426,0.38595473766326904,0.5214948654174805,-0.48790791630744934,0.48736509680747986,-0.5024582147598267,0.7324873208999634,0.1353481560945511,0.019978148862719536,0,0.7468323707580566,0.13437561690807343,0.3742912709712982,0.5220035910606384,-0.4858447015285492,0.4855928421020508,-0.5056350231170654,1
0.74934983253479,0.13421455025672913,0.38370856642723083,0.521116316318512,-0.488149493932724,0.4876209795475006,-0.5023680329322815,0.7324873208999634,0.1353481560945511,0.019978148862719536,0,0.7468482255935669,0.13440261781215668,0.3720175623893738,0.5216142535209656,-0.4860975444316864,0.4858590066432953,-0.5055379867553711,1
0.7494269013404846,0.13424308598041534,0.3814583718776703,0.5207360982894897,-0.4883926212787628,0.4878779649734497,-0.5022764205932617,0.7324873208999634,0.1353481560945511,0.019978148862719536,0,0.746853768825531,0.13442924618721008,0.3697447180747986,0.5212245583534241,-0.48635056614875793,0.48612526059150696,-0.5054406523704529,1
0.7494937777519226,0.1342712938785553,0.37920573353767395,0.5203546285629272,-0.48863649368286133,0.4881353974342346,-0.5021843910217285,0.7324873208999634,0.1353481560945511,0.019978148862719536,0,0.7468495965003967,0.13445556163787842,0.3674730360507965,0.520834743976593,-0.48660361766815186,0.48639094829559326,-0.5053433179855347,1
0.7495502233505249,0.13429944217205048,0.37695062160491943,0.5199721455574036,-0.48888152837753296,0.48839372396469116,-0.5020910501480103,0.7324873208999634,0.1353481560945511,0.019978148862719536,0,0.7468349933624268,0.1344815045595169,0.36520254611968994,0.5204445123672485,-0.4868565797805786,0.4866565465927124,-0.5052459239959717,1
0.749596357345581,0.1343269944190979,0.3746938109397888,0.5195883512496948,-0.4891272187232971,0.48865237832069397,-0.5019973516464233,0.7324873208999634,0.1353481560945511,0.019978148862719536,0,0.7468103170394897,0.13450711965560913,0.3629334568977356,0.5200545787811279,-0.48710939288139343,0.4869215190410614,-0.5051484704017639,1
0.7496321797370911,0.13435442745685577,0.3724353611469269,0.519203782081604,-0.4893736243247986,0.4889112710952759,-0.5019029378890991,0.7324873208999634,0.1353481560945511,0.019978148862719536,0,0.74677574634552,0.1345324069261551,0.36066552996635437,0.5196641683578491,-0.48736244440078735,0.4871862530708313,-0.5050508379936218,1
0.7496578693389893,0.13438157737255096,0.3701751232147217,0.5188180208206177,-0.4896210730075836,0.4891709089279175,-0.5018076300621033,0.7324873208999634,0.1353481560945511,0.019978148862719536,0,0.7467310428619385,0.1345573216676712,0.358398973941803,0.5192738175392151,-0.48761531710624695,0.48745080828666687,-0.5049530267715454,1
0.7496731281280518,0.1344083547592163,0.36791396141052246,0.5184314846992493,-0.4898688793182373,0.48943057656288147,-0.501711905002594,0.7324873208999634,0.1353481560945511,0.019978148862719536,0,0.7466761469841003,0.13458192348480225,0.3561341464519501,0.5188833475112915,-0.4878681004047394,0.4877147376537323,-0.5048553347587585,1
0.7496781349182129,0.1344347894191742,0.3656523823738098,0.5180442929267883,-0.4901171624660492,0.4896906018257141,-0.5016158223152161,0.7324873208999634,0.1353481560945511,0.019978148862719536,0,0.7466112375259399,0.13460645079612732,0.3538705110549927,0.5184927582740784,-0.4881209135055542,0.487978458404541,-0.5047575235366821,1
0.7496727705001831,0.13446088135242462,0.36339041590690613,0.5176564455032349,-0.49036580324172974,0.4899504482746124,-0.5015193223953247,0.7324873208999634,0.1353481560945511,0.019978148862719536,0,0.7465362548828125,0.13463035225868225,0.3516084849834442,0.5181018710136414,-0.4883737862110138,0.48824185132980347,-0.5046595335006714,1
0.749657154083252,0.13448691368103027,0.36112815141677856,0.5172680616378784,-0.4906150996685028,0.4902104139328003,-0.5014222860336304,0.7324873208999634,0.1353481560945511,0.019978148862719536,0,0.7464513182640076,0.13465388119220734,0.34934765100479126,0.5177106857299805,-0.4886268377304077,0.48850515484809875,-0.5045613646507263,1
0.7496312856674194,0.1345122903585434,0.35886624455451965,0.5168792605400085,-0.49086427688598633,0.49047043919563293,-0.5013251304626465,0.7324873208999634,0.1353481560945511,0.019978148862719536,0,0.7463563680648804,0.13467708230018616,0.3470882475376129,0.51731938123703,-0.4888797700405121,0.48876798152923584,-0.5044629573822021,1
0.749595046043396,0.13453760743141174,0.3566039204597473,0.5164895057678223,-0.4911142587661743,0.4907304644584656,-0.5012272596359253,0.7324873208999634,0.1353481560945511,0.019978148862719536,0,0.7462512850761414,0.13469992578029633,0.34483104944229126,0.5169282555580139,-0.4891324043273926,0.4890304505825043,-0.5043647289276123,1
0.7495487928390503,0.13456232845783234,0.3543426990509033,0.5160998702049255,-0.491364061832428,0.49099022150039673,-0.5011296272277832,0.7324873208999634,0.1353481560945511,0.019978148862719536,0,0.7461362481117249,0.13472244143486023,0.3425750732421875,0.5165364742279053,-0.4893852770328522,0.48929277062416077,-0.5042663812637329,1
0.7494922280311584,0.13458696007728577,0.35208195447921753,0.5157097578048706,-0.4916139543056488,0.4912499785423279,-0.5010313987731934,0.7324873208999634,0.1353481560945511,0.019978148862719536,0,0.7460111975669861,0.1347445696592331,0.34032121300697327,0.516144871711731,-0.4896380305290222,0.48955443501472473,-0.5041679739952087,1
0.7494255304336548,0.13461096584796906,0.3498217761516571,0.5153191089630127,-0.4918642044067383,0.4915095567703247,-0.5009332895278931,0.7324873208999634,0.1353481560945511,0.019978148862719536,0,0.7458760142326355,0.1347663700580597,0.33806920051574707,0.5157531499862671,-0.48989081382751465,0.48981600999832153,-0.5040693879127502,1
0.7493485808372498,0.13463488221168518,0.34756264090538025,0.5149282217025757,-0.4921145439147949,0.49176886677742004,-0.5008347034454346,0.7324873208999634,0.1353481560945511,0.019978148862719536,0,0.745730996131897,0.13478782773017883,0.33581870794296265,0.5153612494468689,-0.4901435375213623,0.49007701873779297,-0.5039708018302917,1
0.7492614984512329,0.13465847074985504,0.3453042507171631,0.51453697681427,-0.4923652112483978,0.49202805757522583,-0.5007359981536865,0.7324873208999634,0.1353481560945511,0.019978148862719536,0,0.7455759644508362,0.13480892777442932,0.3335701823234558,0.5149691700935364,-0.4903962016105652,0.49033787846565247,-0.5038719773292542,1
0.7491641044616699,0.13468170166015625,0.3430474102497101,0.5141453742980957,-0.4926157593727112,0.4922869801521301,-0.5006371736526489,0.7324873208999634,0.1353481560945511,0.019978148862719536,0,0.7454110980033875,0.13482965528964996,0.3313234746456146,0.51457679271698,-0.49064916372299194,0.4905984401702881,-0.5037730932235718,1
0.7490565776824951,0.13470429182052612,0.3407917320728302,0.5137535333633423,-0.4928663671016693,0.49254581332206726,-0.5005383491516113,0.7324873208999634,0.1353481560945511,0.019978148862719536,0,0.7452360987663269,0.13485004007816315,0.32907918095588684,0.5141843557357788,-0.4909016191959381,0.49085861444473267,-0.5036742091178894,1
0.7489390969276428,0.13472682237625122,0.338537335395813,0.5133616924285889,-0.4931170642375946,0.49280405044555664,-0.5004391074180603,0.7324873208999634,0.1353481560945511,0.019978148862719536,0,0.7450512051582336,0.13487008213996887,0.32683682441711426,0.5137919187545776,-0.491154283285141,0.49111834168434143,-0.5035752654075623,1
0.7488114237785339,0.13474898040294647,0.3362840414047241,0.5129691958427429,-0.49336814880371094,0.4930623769760132,-0.5003398060798645,0.7324873208999634,0.1353481560945511,0.019978148862719536,0,0.7448564767837524,0.13488976657390594,0.32459622621536255,0.513399064540863,-0.4914071559906006,0.4913778305053711,-0.5034761428833008,1
0.7486735582351685,0.13477081060409546,0.33403271436691284,0.5125768184661865,-0.4936188757419586,0.4933202564716339,-0.5002403855323792,0.7324873208999634,0.1353481560945511,0.019978148862719536,0,0.744651734828949,0.13490909337997437,0.3223578631877899,0.5130061507225037,-0.49165982007980347,0.49163714051246643,-0.5033767819404602,1
0.7485257387161255,0.1347922831773758,0.331783264875412,0.5121843218803406,-0.4938693344593048,0.4935777187347412,-0.5001412034034729,0.7324873208999634,0.1353481560945511,0.019978148862719536,0,0.7444369792938232,0.13492803275585175,0.3201218843460083,0.5126132369041443,-0.4919123947620392,0.49189576506614685,-0.5032776594161987,1
0.7483678460121155,0.13481339812278748,0.32953524589538574,0.5117915272712708,-0.49412012100219727,0.4938349723815918,-0.5000415444374084,0.7324873208999634,0.1353481560945511,0.019978148862719536,0,0.7442124485969543,0.13494665920734406,0.3178877830505371,0.512220025062561,-0.4921649396419525,0.4921545684337616,-0.5031781196594238,1
0.748199999332428,0.1348341405391693,0.32728880643844604,0.511398434638977,-0.4943711757659912,0.49409207701683044,-0.49994179606437683,0.7324873208999634,0.1353481560945511,0.019978148862719536,0,0.743977963924408,0.13496488332748413,0.3156561255455017,0.5118264555931091,-0.49241772294044495,0.4924126863479614,-0.5030785202980042,1
0.7480219602584839,0.13485455513000488,0.32504481077194214,0.5110054016113281,-0.4946216940879822,0.4943484663963318,-0.4998423457145691,0.7324873208999634,0.1353481560945511,0.019978148862719536,0,0.7437337636947632,0.13498279452323914,0.3134267330169678,0.5114330053329468,-0.4926704168319702,0.49267059564590454,-0.5029789805412292,1
0.7478339672088623,0.13487458229064941,0.3228025734424591,0.5106121897697449,-0.49487245082855225,0.49460455775260925,-0.49974262714385986,0.7324873208999634,0.1353481560945511,0.019978148862719536,0,0.7434795498847961,0.1350003182888031,0.31119996309280396,0.5110394954681396,-0.4929228723049164,0.49292808771133423,-0.50287926197052,1
0.7476359009742737,0.13489428162574768,0.3205624222755432,0.5102186799049377,-0.49512311816215515,0.49486061930656433,-0.49964264035224915,0.7324873208999634,0.1353481560945511,0.019978148862719536,0,0.7432155013084412,0.1350174844264984,0.3089754283428192,0.5106456875801086,-0.4931754469871521,0.4931851625442505,-0.502779483795166,1
0.7474279999732971,0.1349136084318161,0.3183245062828064,0.5098254084587097,-0.4953736960887909,0.4951159954071045,-0.49954286217689514,0.7324873208999634,0.1353481560945511,0.019978148862719536,0,0.742941677570343,0.13503429293632507,0.3067534267902374,0.5102517008781433,-0.4934278726577759,0.493442177772522,-0.5026795864105225,1
0.7472100853919983,0.13493260741233826,0.31608861684799194,0.5094316601753235,-0.495624303817749,0.4953712522983551,-0.4994429349899292,0.7324873208999634,0.1353481560945511,0.019978148862719536,0,0.7426580190658569,0.13505075871944427,0.3045339584350586,0.5098575353622437,-0.49368056654930115,0.49369874596595764,-0.5025796294212341,1
0.7469822764396667,0.13495121896266937,0.31385496258735657,0.5090377330780029,-0.49587497115135193,0.49562615156173706,-0.4993429183959961,0.7324873208999634,0.1353481560945511,0.019978148862719536,0,0.7423645257949829,0.13506686687469482,0.3023173213005066,0.5094635486602783,-0.49393290281295776,0.49395474791526794,-0.5024796724319458,1
0.7467445731163025,0.13496947288513184,0.31162360310554504,0.5086438655853271,-0.4961252212524414,0.495880663394928,-0.49924272298812866,0.7324873208999634,0.1353481560945511,0.019978148862719536,0,0.7420612573623657,0.13508257269859314,0.30010268092155457,0.5090689659118652,-0.4941856265068054,0.49421074986457825,-0.5023793578147888,1
0.7464967966079712,0.13498738408088684,0.3093946874141693,0.508249819278717,-0.4963758885860443,0.4961346685886383,-0.4991426467895508,0.7324873208999634,0.1353481560945511,0.019978148862719536,0,0.7417482733726501,0.135097935795784,0.2978907525539398,0.5086744427680969,-0.49443814158439636,0.4944664537906647,-0.5022788643836975,1
0.746239185333252,0.135004922747612,0.30716821551322937,0.5078556537628174,-0.49662625789642334,0.4963884949684143,-0.49904242157936096,0.7324873208999634,0.1353481560945511,0.019978148862719536,0,0.7414254546165466,0.1351129412651062,0.2956819534301758,0.5082796812057495,-0.49469050765037537,0.4947216212749481,-0.5021787285804749,1
0.7459717988967896,0.1350220888853073,0.30494409799575806,0.5074613094329834,-0.49687671661376953,0.4966419041156769,-0.4989422559738159,0.7324873208999634,0.1353481560945511,0.019978148862719536,0,0.7410928010940552,0.13512757420539856,0.29347601532936096,0.5078849792480469,-0.49494293332099915,0.49497655034065247,-0.5020782351493835,1
0.7456944584846497,0.13503891229629517,0.3027225136756897,0.5070669651031494,-0.49712687730789185,0.49689507484436035,-0.4988418519496918,0.7324873208999634,0.1353481560945511,0.019978148862719536,0,0.7407504916191101,0.13514213263988495,0.29127246141433716,0.5074899196624756,-0.4951956570148468,0.49523109197616577,-0.5019774436950684,1
0.7454074621200562,0.13505536317825317,0.3005036413669586,0.5066723227500916,-0.4973772168159485,0.4971475601196289,-0.49874159693717957,0.7324873208999634,0.1353481560945511,0.019978148862719536,0,0.7403985261917114,0.1351560354232788,0.2890718877315521,0.5070948004722595,-0.4954480826854706,0.4954851269721985,-0.5018768906593323,1
0.7451105713844299,0.13507148623466492,0.29828745126724243,0.5062779188156128,-0.49762722849845886,0.4973999857902527,-0.4986412227153778,0.7324873208999634,0.1353481560945511,0.019978148862719536,0,0.7400367856025696,0.1351695954799652,0.2868741452693939,0.5066995620727539,-0.4957004487514496,0.4957391917705536,-0.5017759799957275,1
0.7448039054870605,0.13508723676204681,0.29607391357421875,0.5058833360671997,-0.4978770911693573,0.4976516366004944,-0.4985409677028656,0.7324873208999634,0.1353481560945511,0.019978148862719536,0,0.7396653294563293,0.13518275320529938,0.2846794128417969,0.5063040256500244,-0.4959529936313629,0.4959928095340729,-0.5016750693321228,1
0.7444873452186584,0.13510261476039886,0.29386329650878906,0.5054886341094971,-0.49812716245651245,0.49790316820144653,-0.49844053387641907,0.7324873208999634,0.1353481560945511,0.019978148862719536,0,0.7392842769622803,0.13519559800624847,0.28248751163482666,0.5059083700180054,-0.49620532989501953,0.49624621868133545,-0.5015741586685181,1
0.744161069393158,0.13511763513088226,0.2916552722454071,0.5050936937332153,-0.49837714433670044,0.4981544017791748,-0.4983399212360382,0.7324873208999634,0.1353481560945511,0.019978148862719536,0,0.7388935089111328,0.13520804047584534,0.28029894828796387,0.5055125951766968,-0.4964577853679657,0.49649912118911743,-0.501473069190979,1
0.7438250184059143,0.13513226807117462,0.2894505262374878,0.5046989321708679,-0.49862682819366455,0.4984050691127777,-0.49823954701423645,0.7324873208999634,0.1353481560945511,0.019978148862719536,0,0.7384932637214661,0.13522012531757355,0.27811333537101746,0.505116879940033,-0.49671006202697754,0.496751606464386,-0.5013719797134399,1
0.743479311466217,0.13514657318592072,0.28724825382232666,0.5043038725852966,-0.4988766014575958,0.49865537881851196,-0.4981389045715332,0.7324873208999634,0.1353481560945511,0.019978148862719536,0,0.7380831837654114,0.1352318376302719,0.2759312689304352,0.50472092628479,-0.496962308883667,0.4970037341117859,-0.5012708902359009,1
0.7431237101554871,0.13516050577163696,0.28504911065101624,0.503908634185791,-0.49912646412849426,0.4989055395126343,-0.4980381727218628,0.7324873208999634,0.1353481560945511,0.019978148862719536,0,0.7376635670661926,0.13524317741394043,0.27375197410583496,0.5043246150016785,-0.49721476435661316,0.4972556531429291,-0.5011693835258484,1
0.7427586317062378,0.13517433404922485,0.28285279870033264,0.503513514995575,-0.49937617778778076,0.49915510416030884,-0.4979374408721924,0.7324873208999634,0.1353481560945511,0.019978148862719536,0,0.7372345328330994,0.13525418937206268,0.2715758681297302,0.5039284229278564,-0.4974668323993683,0.49750739336013794,-0.5010680556297302,1
0.7423836588859558,0.1351875513792038,0.28066009283065796,0.5031182169914246,-0.4996257722377777,0.49940431118011475,-0.49783673882484436,0.7324873208999634,0.1353481560945511,0.019978148862719536,0,0.7367957234382629,0.1352647840976715,0.2694034278392792,0.5035320520401001,-0.4977191388607025,0.4977586269378662,-0.500966489315033,1
0.7419993281364441,0.1352003812789917,0.2784697711467743,0.5027226805686951,-0.4998752772808075,0.49965330958366394,-0.4977360665798187,0.7324873208999634,0.1353481560945511,0.019978148862719536,0,0.7363474369049072,0.1352750062942505,0.26723384857177734,0.5031352639198303,-0.4979715347290039,0.498009592294693,-0.5008648633956909,1
0.7416051030158997,0.13521285355091095,0.2762830853462219,0.5023272037506104,-0.5001246333122253,0.49990174174308777,-0.49763521552085876,0.7324873208999634,0.1353481560945511,0.019978148862719536,0,0.7358895540237427,0.135284885764122,0.2650676965713501,0.5027385354042053,-0.4982239007949829,0.49826017022132874,-0.5007631182670593,1
0.7412013411521912,0.13522495329380035,0.2740997076034546,0.5019317269325256,-0.500373899936676,0.5001498460769653,-0.49753451347351074,0.7324873208999634,0.1353481560945511,0.019978148862719536,0,0.7354222536087036,0.13529440760612488,0.2629052400588989,0.5023418068885803,-0.49847590923309326,0.4985104203224182,-0.500661313533783,1
0.7407880425453186,0.1352367252111435,0.2719195783138275,0.5015360713005066,-0.5006232261657715,0.5003973245620728,-0.4974338114261627,0.7324873208999634,0.1353481560945511,0.019978148862719536,0,0.7349452972412109,0.13530351221561432,0.26074621081352234,0.5019446611404419,-0.4987281262874603,0.4987603724002838,-0.5005595684051514,1
0.7403651475906372,0.135248064994812,0.269742488861084,0.5011404156684875,-0.5008723139762878,0.5006445646286011,-0.49733296036720276,0.7324873208999634,0.1353481560945511,0.019978148862719536,0,0.7344589829444885,0.1353123039007187,0.2585904598236084,0.5015475153923035,-0.4989803731441498,0.4990101158618927,-0.5004574060440063,1
0.7399327158927917,0.13525909185409546,0.2675687074661255,0.5007445812225342,-0.501121461391449,0.5008916258811951,-0.49723193049430847,0.7324873208999634,0.1353481560945511,0.019978148862719536,0,0.7339631915092468,0.13532067835330963,0.25643831491470337,0.5011499524116516,-0.49923276901245117,0.4992593824863434,-0.5003552436828613,1
0.7394906282424927,0.13526974618434906,0.26539888978004456,0.5003487467765808,-0.5013704895973206,0.501137912273407,-0.4971312880516052,0.7324873208999634,0.1353481560945511,0.019978148862719536,0,0.7334579825401306,0.13532871007919312,0.254289835691452,0.5007527470588684,-0.4994847774505615,0.4995082914829254,-0.5002530217170715,1
0.7390390634536743,0.13528001308441162,0.2632320523262024,0.49995288252830505,-0.501619279384613,0.5013841986656189,-0.4970301389694214,0.7324873208999634,0.1353481560945511,0.019978148862719536,0,0.7329434156417847,0.13533636927604675,0.25214511156082153,0.500355064868927,-0.4997369945049286,0.499756783246994,-0.5001507997512817,1
0.7385780215263367,0.13528992235660553,0.2610687017440796,0.49955660104751587,-0.5018681883811951,0.5016299486160278,-0.49692925810813904,0.7324873208999634,0.1353481560945511,0.019978148862719536,0,0.7324191927909851,0.13534364104270935,0.2500041723251343,0.4999573528766632,-0.49998903274536133,0.5000051259994507,-0.5000483393669128,1
0.738107442855835,0.1352994740009308,0.2589087188243866,0.49916037917137146,-0.5021171569824219,0.5018754601478577,-0.4968281090259552,0.7324873208999634,0.1353481560945511,0.019978148862719536,1,0.738107442855835,0.1352994740009308,0.2589087188243866,0.49916037917137146,-0.5021171569824219,0.5018754601478577,-0.4968281090259552,0
0.7380651235580444,0.135333850979805,0.2571973204612732,0.4985548257827759,-0.502738893032074,0.5024195909500122,-0.49625709652900696,0.7324873208999634,0.1353481560945511,0.019978148862719536,1,0.738107442855835,0.1352994740009308,0.2589087188243866,0.49916037917137146,-0.5021171569824219,0.5018754601478577,-0.4968281090259552,0
0.7381892204284668,0.1353510469198227,0.2559623718261719,0.4980330467224121,-0.5032626390457153,0.5029028654098511,-0.49576058983802795,0.7324873208999634,0.1353481560945511,0.019978148862719536,1,0.738107442855835,0.1352994740009308,0.2589087188243866,0.49916037917137146,-0.5021171569824219,0.5018754601478577,-0.4968281090259552,0
0.738301694393158,0.1353502869606018,0.25496959686279297,0.4976148009300232,-0.5036716461181641,0.5032899975776672,-0.49537208676338196,0.7324873208999634,0.1353481560945511,0.019978148862719536,1,0.738107442855835,0.1352994740009308,0.2589087188243866,0.49916037917137146,-0.5021171569824219,0.5018754601478577,-0.4968281090259552,0
0.738399088382721,0.13534510135650635,0.25413739681243896,0.4972643256187439,-0.5040107369422913,0.503614068031311,-0.4950495660305023,0.7324873208999634,0.1353481560945511,0.019978148862719536,1,0.738107442855835,0.1352994740009308,0.2589087188243866,0.49916037917137146,-0.5021171569824219,0.5018754601478577,-0.4968281090259552,0
0.7384836673736572,0.1353391855955124,0.25342339277267456,0.4969639182090759,-0.504300057888031,0.5038917660713196,-0.4947740137577057,0.7324873208999634,0.1353481560945511,0.019978148862719536,1,0.738107442855835,0.1352994740009308,0.2589087188243866,0.49916037917137146,-0.5021171569824219,0.5018754601478577,-0.4968281090259552,0
0.738557755947113,0.1353345811367035,0.2528006136417389,0.49670255184173584,-0.5045517683029175,0.5041330456733704,-0.4945340156555176,0.7324873208999634,0.1353481560945511,0.019978148862719536,1,0.738107442855835,0.1352994740009308,0.2589087188243866,0.49916037917137146,-0.5021171569824219,0.5018754601478577,-0.4968281090259552,0
0.738623857498169,0.1353263407945633,0.25225764513015747,0.4964718222618103,-0.5047712326049805,0.5043419003486633,-0.4943287670612335,0.7324678897857666,0.13585449755191803,0.02030020020902157,1,0.738107442855835,0.1352994740009308,0.2589087188243866,0.49916037917137146,-0.5021171569824219,0.5018754601478577,-0.4968281090259552,0
0.7386821508407593,0.13532033562660217,0.2517784833908081,0.4962703287601471,-0.5049632787704468,0.50452721118927,-0.49414578080177307,0.7323788404464722,0.13609452545642853,0.02021678350865841,1,0.7386821508407593,0.13532033562660217,0.2517784833908081,0.4962703287601471,-0.5049632787704468,0.50452721118927,-0.49414578080177307,0
0.7387567162513733,0.1353302001953125,0.2510491907596588,0.4959876537322998,-0.5052448511123657,0.5047881007194519,-0.49387532472610474,0.7322246432304382,0.13595975935459137,0.019702903926372528,1,0.741162896156311,0.13514457643032074,0.259671688079834,0.5009106993675232,-0.5018473267555237,0.5014815330505371,-0.495735764503479,0
0.7390747666358948,0.13535089790821075,0.25060105323791504,0.49592655897140503,-0.5054669976234436,0.5049538016319275,-0.49353981018066406,0.7323346734046936,0.13584809005260468,0.019546998664736748,1,0.7435111403465271,0.13496246933937073,0.2676111161708832,0.5055291056632996,-0.4987269937992096,0.4983914792537689,-0.49731019139289856,0
0.7396255731582642,0.13535450398921967,0.25071775913238525,0.4962143003940582,-0.5054736733436584,0.5049088001251221,-0.49328967928886414,0.7327743172645569,0.13576039671897888,0.01971142366528511,1,0.7457266449928284,0.13477417826652527,0.27559468150138855,0.5101256370544434,-0.49560174345970154,0.49525725841522217,-0.4988695979118347,0
0.7403801083564758,0.13533201813697815,0.25149500370025635,0.49688345193862915,-0.5052132606506348,0.5046125650405884,-0.49318593740463257,0.7336841225624084,0.13571256399154663,0.02033783122897148,1,0.7478084564208984,0.13457980751991272,0.2836194336414337,0.5146996974945068,-0.49247226119041443,0.49207931756973267,-0.5004129409790039,0
0.7413095235824585,0.1352868676185608,0.2529471516609192,0.4979328513145447,-0.5046775341033936,0.5040563941001892,-0.49324479699134827,0.7351135611534119,0.13573238253593445,0.02150454744696617,1,0.7497559189796448,0.13437922298908234,0.2916828691959381,0.5192504525184631,-0.48933881521224976,0.48885777592658997,-0.5019407272338867,0
0.7423855662345886,0.13522286713123322,0.2550497353076935,0.49934107065200806,-0.5038779377937317,0.5032476186752319,-0.4934644401073456,0.7369481325149536,0.13581903278827667,0.02329440228641033,1,0.7515681385993958,0.13417303562164307,0.29978370666503906,0.5237783789634705,-0.4862009286880493,0.48559215664863586,-0.5034530758857727,0
0.7435820698738098,0.1351434290409088,0.2577597200870514,0.501079797744751,-0.502833902835846,0.5022005438804626,-0.4938336908817291,0.7391311526298523,0.13596366345882416,0.025685789063572884,1,0.7532445788383484,0.13396114110946655,0.30791884660720825,0.5282824039459229,-0.4830590784549713,0.48228344321250916,-0.5049496293067932,0
0.744875431060791,0.1350506842136383,0.2610265910625458,0.5031168460845947,-0.5015676021575928,0.5009317994117737,-0.4943385720252991,0.7416186928749084,0.13615751266479492,0.028637148439884186,1,0.7547845840454102,0.13374364376068115,0.3160860240459442,0.5327625274658203,-0.479913592338562,0.4789312183856964,-0.5064305663108826,0
0.7462432384490967,0.13494570553302765,0.26479998230934143,0.5054214000701904,-0.5001005530357361,0.49945902824401855,-0.49496379494667053,0.7443692088127136,0.1364014595746994,0.03210517391562462,1,0.756187915802002,0.1335206776857376,0.32428276538848877,0.5372181534767151,-0.4767643213272095,0.4755358099937439,-0.5078956484794617,0
0.7476641535758972,0.1348295956850052,0.26903200149536133,0.507963240146637,-0.49845370650291443,0.4977989196777344,-0.49569496512413025,0.7473435401916504,0.1366799920797348,0.03604705259203911,1,0.7574535608291626,0.13329237699508667,0.33250731229782104,0.5416492223739624,-0.47361090779304504,0.47209739685058594,-0.5093454718589783,0
0.749118983745575,0.13470302522182465,0.2736789584159851,0.510715901851654,-0.49664556980133057,0.4959659278392792,-0.496518075466156,0.7505050897598267,0.13698327541351318,0.040424078702926636,1,0.7585812211036682,0.1330585479736328,0.3407565951347351,0.5460547804832458,-0.47045451402664185,0.4686160683631897,-0.5107793807983398,0
0.7505893707275391,0.13456611335277557,0.27870044112205505,0.5136535167694092,-0.4946933686733246,0.4939742088317871,-0.4974212646484375,0.7538201808929443,0.13731150329113007,0.04520054906606674,1,0.7595705389976501,0.13281993567943573,0.34902846813201904,0.550434947013855,-0.4672947824001312,0.4650920629501343,-0.5121974945068359,0
0.7520588636398315,0.13441969454288483,0.2840609550476074,0.5167548060417175,-0.49261218309402466,0.49183517694473267,-0.49839335680007935,0.7572577595710754,0.1376621127128601,0.05034458264708519,1,0.760421097278595,0.13257639110088348,0.35732021927833557,0.5547890663146973,-0.46413183212280273,0.46152567863464355,-0.5135996341705322,0
0.7535122632980347,0.13426430523395538,0.28972768783569336,0.5199989080429077,-0.4904157221317291,0.48955973982810974,-0.4994242787361145,0.7607897520065308,0.13803169131278992,0.055827200412750244,1,0.7611322999000549,0.13232803344726562,0.36562982201576233,0.5591168403625488,-0.46096572279930115,0.4579170346260071,-0.5149862766265869,0
0.7549355030059814,0.13409975171089172,0.29567113518714905,0.5233679413795471,-0.4881163239479065,0.48715806007385254,-0.5005051493644714,0.7643901705741882,0.13842415809631348,0.06162280961871147,1,0.7617042660713196,0.1320749819278717,0.3739551603794098,0.5634182095527649,-0.45779648423194885,0.454265832901001,-0.5163572430610657,0
0.7563163638114929,0.13392674922943115,0.3018653094768524,0.5268459320068359,-0.4857243001461029,0.4846375584602356,-0.5016288757324219,0.7680361866950989,0.1388220191001892,0.06770633161067963,1,0.7621364593505859,0.13181743025779724,0.38229286670684814,0.5676923394203186,-0.45462459325790405,0.45057299733161926,-0.5177120566368103,0
0.7576432824134827,0.13374553620815277,0.308285653591156,0.5304179787635803,-0.48324987292289734,0.48200711607933044,-0.5027876496315002,0.7717063426971436,0.13923704624176025,0.07405698299407959,1,0.7624286413192749,0.1315554827451706,0.3906412422657013,0.5719388723373413,-0.451449990272522,0.4468384087085724,-0.5190512537956238,0
0.7589058876037598,0.13355663418769836,0.31491100788116455,0.5340713858604431,-0.4807014763355255,0.4792726933956146,-0.5039756894111633,0.7753769159317017,0.13967783749103546,0.08067689836025238,1,0.7625806927680969,0.13128899037837982,0.3989979326725006,0.5761576890945435,-0.4482726752758026,0.44306185841560364,-0.5203749537467957,0
0.7600952386856079,0.13336005806922913,0.32172173261642456,0.5377941131591797,-0.47808653116226196,0.4764408767223358,-0.5051878094673157,0.7790393829345703,0.1400996446609497,0.08750809729099274,1,0.7625922560691833,0.13101868331432343,0.4073602557182312,0.5803484916687012,-0.44509291648864746,0.43924400210380554,-0.5216823816299438,0
0.7612029314041138,0.1331559121608734,0.32869964838027954,0.5415758490562439,-0.4754124581813812,0.4735170602798462,-0.5064190030097961,0.7826709151268005,0.14054520428180695,0.09457103163003922,1,0.7624636888504028,0.13074442744255066,0.41572511196136475,0.5845105051994324,-0.44191110134124756,0.4353851079940796,-0.522973895072937,0
0.7622215747833252,0.13294513523578644,0.33582907915115356,0.5454074144363403,-0.4726848602294922,0.47050583362579346,-0.5076652765274048,0.7862558364868164,0.1410120576620102,0.10184895247220993,1,0.7621943950653076,0.13046634197235107,0.4240916073322296,0.5886438488960266,-0.4387267231941223,0.4314849376678467,-0.5242499113082886,0
0.7631447315216064,0.13272736966609955,0.34309545159339905,0.54928058385849,-0.469909131526947,0.4674115478992462,-0.5089229941368103,0.7897915244102478,0.14144881069660187,0.10928551852703094,1,0.7617847919464111,0.130184605717659,0.4324556887149811,0.592747688293457,-0.43554067611694336,0.4275442361831665,-0.5255095362663269,0
0.7639665603637695,0.13250304758548737,0.3504839241504669,0.5531870722770691,-0.4670907258987427,0.4642391800880432,-0.5101883411407471,0.7932644486427307,0.14186055958271027,0.1168687641620636,1,0.7612344622612,0.12989935278892517,0.44081658124923706,0.5968220829963684,-0.4323525130748749,0.4235624670982361,-0.5267537236213684,0
0.7646817564964294,0.1322726607322693,0.35798388719558716,0.557121217250824,-0.4642332196235657,0.4609912037849426,-0.511459231376648,0.7966666221618652,0.14227034151554108,0.12460362166166306,1,0.7605441808700562,0.12961044907569885,0.4491698741912842,0.6008661389350891,-0.42916256189346313,0.4195409417152405,-0.527981698513031,0
0.7652856111526489,0.1320362091064453,0.36558276414871216,0.5610760450363159,-0.46134117245674133,0.45767128467559814,-0.5127326846122742,0.7999813556671143,0.1426873654127121,0.13248352706432343,1,0.7597132921218872,0.12931862473487854,0.45751458406448364,0.6048799157142639,-0.4259709417819977,0.4154789447784424,-0.5291939973831177,0
0.7657744884490967,0.13179369270801544,0.3732699453830719,0.5650463104248047,-0.45841798186302185,0.4542830288410187,-0.5140063762664795,0.8032037615776062,0.14310812950134277,0.14049912989139557,1,0.7587421536445618,0.1290237456560135,0.4658484160900116,0.6088631749153137,-0.4227777123451233,0.4113764464855194,-0.5303903222084045,0
0.7661443948745728,0.13154593110084534,0.3810368478298187,0.5690276026725769,-0.4554661214351654,0.45082807540893555,-0.5152787566184998,0.8063269853591919,0.1435302346944809,0.14864060282707214,1,0.7576311826705933,0.12872596085071564,0.4741678833961487,0.6128153204917908,-0.41958317160606384,0.4072345793247223,-0.5315706133842468,0
0.7663925290107727,0.13129271566867828,0.3888736665248871,0.5730149149894714,-0.45248907804489136,0.44730958342552185,-0.5165478587150574,0.8093445301055908,0.14395208656787872,0.1568988561630249,1,0.7563807964324951,0.12842543423175812,0.4824707508087158,0.6167357563972473,-0.4163873493671417,0.403053343296051,-0.5327349305152893,0
0.7665159702301025,0.13103464245796204,0.39677193760871887,0.5770042538642883,-0.4494895339012146,0.4437296390533447,-0.5178117752075195,0.8122659921646118,0.14437705278396606,0.16529546678066254,1,0.7549906969070435,0.12812228500843048,0.4907556474208832,0.6206247210502625,-0.4131901264190674,0.3988322615623474,-0.5338835716247559,0
0.7665122151374817,0.1307714432477951,0.40472519397735596,0.5809927582740784,-0.44646894931793213,0.44008997082710266,-0.5190699696540833,0.8150572776794434,0.14479517936706543,0.17377027869224548,1,0.7534615993499756,0.12781645357608795,0.4990190267562866,0.624481201171875,-0.40999194979667664,0.39457255601882935,-0.5350160002708435,0
0.7663794755935669,0.1305035650730133,0.4127255082130432,0.5849766135215759,-0.4434295892715454,0.4363926649093628,-0.5203210115432739,0.8177186846733093,0.14520864188671112,0.18232496082782745,1,0.7517937421798706,0.12750859558582306,0.5072590708732605,0.6283053159713745,-0.4067928194999695,0.3902740180492401,-0.5361325144767761,0
0.7661157250404358,0.13023161888122559,0.42076557874679565,0.5889530181884766,-0.44037380814552307,0.432639479637146,-0.5215631723403931,0.8202552795410156,0.14561887085437775,0.1909656971693039,1,0.7499876618385315,0.12719860672950745,0.5154730081558228,0.6320967078208923,-0.40359294414520264,0.38593679666519165,-0.5372328758239746,0
0.7657195329666138,0.12995511293411255,0.42884016036987305,0.5929192304611206,-0.4373028874397278,0.42883187532424927,-0.5227963924407959,0.8226640820503235,0.1460256427526474,0.1996864527463913,1,0.7480437159538269,0.12688668072223663,0.5236584544181824,0.6358547210693359,-0.40039265155792236,0.3815612196922302,-0.5383172631263733,0
0.7651898264884949,0.12967446446418762,0.436942994594574,0.5968729853630066,-0.43421801924705505,0.4249713122844696,-0.5240196585655212,0.8249413371086121,0.14642855525016785,0.20848070085048676,1,0.745962381362915,0.12657292187213898,0.5318135619163513,0.6395792365074158,-0.3971916139125824,0.377147376537323,-0.5393857359886169,0
0.7645249962806702,0.12939006090164185,0.4450688064098358,0.6008120775222778,-0.43112069368362427,0.42105892300605774,-0.5252323746681213,0.827060341835022,0.14684678614139557,0.21735188364982605,1,0.7437440156936646,0.1262574940919876,0.5399357080459595,0.6432700157165527,-0.3939899206161499,0.37269580364227295,-0.5404381155967712,0
0.7637245059013367,0.12910228967666626,0.4532121419906616,0.6047347187995911,-0.42801234126091003,0.4170960485935211,-0.5264334678649902,0.8290695548057556,0.14723411202430725,0.22627988457679749,1,0.7413896918296814,0.12594062089920044,0.5480217933654785,0.6469264030456543,-0.39078834652900696,0.36820662021636963,-0.541474461555481,0
0.7627874612808228,0.12881073355674744,0.46136802434921265,0.6086388826370239,-0.4248936176300049,0.41308364272117615,-0.5276229977607727,0.830940306186676,0.14761760830879211,0.23526255786418915,1,0.7388995289802551,0.12562207877635956,0.5560705661773682,0.6505481004714966,-0.387586385011673,0.3636799454689026,-0.5424948930740356,0
0.7617135047912598,0.12851610779762268,0.4695318937301636,0.6125227808952332,-0.42176589369773865,0.40902310609817505,-0.5288000106811523,0.8326663970947266,0.14799948036670685,0.24429386854171753,1,0.7362744808197021,0.12530265748500824,0.5640789270401001,0.6541351079940796,-0.3843843638896942,0.3591162860393524,-0.5434991121292114,0
0.7605018615722656,0.12821820378303528,0.47769978642463684,0.6163854002952576,-0.4186294674873352,0.4049147069454193,-0.5299645066261292,0.8342456817626953,0.1483791470527649,0.2533687949180603,1,0.7335152626037598,0.12498223781585693,0.5720446705818176,0.657686710357666,-0.3811827301979065,0.3545157313346863,-0.5444872975349426,0
0.7591521739959717,0.12791748344898224,0.4858670234680176,0.6202250719070435,-0.41548556089401245,0.4007597863674164,-0.5311157703399658,0.8356790542602539,0.14875511825084686,0.2624847888946533,1,0.7306221723556519,0.124660924077034,0.5799658298492432,0.6612027883529663,-0.3779812455177307,0.3498785197734833,-0.5454594492912292,0
0.7576647400856018,0.12761437892913818,0.4940292537212372,0.6240404844284058,-0.4123351573944092,0.39655932784080505,-0.5322535037994385,0.8369656205177307,0.14912711083889008,0.27163752913475037,1,0.727596640586853,0.12433890998363495,0.5878399014472961,0.6646831035614014,-0.37477996945381165,0.3452049791812897,-0.546415388584137,0
0.7560392618179321,0.12730847299098969,0.5021828413009644,0.627830445766449,-0.4091784656047821,0.3923138380050659,-0.5333775281906128,0.8381041288375854,0.14949510991573334,0.28082263469696045,1,0.7244390249252319,0.12401635944843292,0.595664381980896,0.6681270003318787,-0.37157922983169556,0.3404955267906189,-0.5473555326461792,0
0.7542755007743835,0.1270001381635666,0.5103244781494141,0.6315941214561462,-0.4060157835483551,0.3880239427089691,-0.5344878435134888,0.8390936255455017,0.14985904097557068,0.2900359034538269,1,0.7211506366729736,0.12369313091039658,0.6034370064735413,0.6715341210365295,-0.368379145860672,0.33575037121772766,-0.5482794642448425,0
0.7523738145828247,0.1266898810863495,0.5184499025344849,0.6353301405906677,-0.4028487503528595,0.38369080424308777,-0.5355836749076843,0.8399331569671631,0.15021896362304688,0.299273282289505,1,0.717731773853302,0.123369961977005,0.6111558079719543,0.6749046444892883,-0.36517971754074097,0.3309696316719055,-0.5491871237754822,0
0.7503341436386108,0.12637723982334137,0.5265566110610962,0.6390380859375,-0.39967647194862366,0.3793140947818756,-0.5366654396057129,0.8406220078468323,0.15057498216629028,0.30853086709976196,1,0.7141837477684021,0.12304670363664627,0.6188184022903442,0.678237795829773,-0.361981064081192,0.3261536657810211,-0.5500789880752563,0
0.7481570243835449,0.1260632425546646,0.5346401929855347,0.642716646194458,-0.39650052785873413,0.37489524483680725,-0.5377324223518372,0.8411595225334167,0.15092714130878448,0.31780490279197693,1,0.710507333278656,0.1227235198020935,0.626422643661499,0.6815336346626282,-0.3587832450866699,0.32130247354507446,-0.5509546995162964,0
0.745842456817627,0.1257474571466446,0.542698323726654,0.6463651657104492,-0.39332085847854614,0.3704342544078827,-0.5387849807739258,0.8415452837944031,0.15127557516098022,0.32709166407585144,1,0.7067040801048279,0.12240058928728104,0.633965790271759,0.6847915053367615,-0.35558679699897766,0.3164171278476715,-0.5518140196800232,0
0.7433910369873047,0.12543004751205444,0.550727367401123,0.6499829292297363,-0.39013758301734924,0.36593204736709595,-0.5398226380348206,0.8417789340019226,0.15162037312984467,0.33638760447502136,1,0.7027745246887207,0.12207801640033722,0.6414462924003601,0.688011109828949,-0.3523915708065033,0.31149718165397644,-0.552657425403595,0
0.7408033609390259,0.1251114457845688,0.5587241649627686,0.6535691618919373,-0.3869517147541046,0.3613891899585724,-0.5408452749252319,0.8418601751327515,0.15196163952350616,0.34568923711776733,1,0.69871985912323,0.12175573408603668,0.6488618850708008,0.6911923289299011,-0.3491972088813782,0.30654314160346985,-0.5534849166870117,0
0.7380799651145935,0.12479180842638016,0.566685676574707,0.6571230888366699,-0.38376328349113464,0.3568059504032135,-0.5418527126312256,0.8417888283729553,0.15229950845241547,0.35499316453933716,1,0.6945412755012512,0.12143439799547195,0.6562100052833557,0.694334864616394,-0.3460047245025635,0.30155548453330994,-0.5542959570884705,0
0.7352207899093628,0.12447129189968109,0.5746099352836609,0.6606444120407104,-0.3805723190307617,0.35218244791030884,-0.5428453087806702,0.8415648341178894,0.15263409912586212,0.364296019077301,1,0.6902400255203247,0.12111393362283707,0.6634888648986816,0.6974382400512695,-0.34281376004219055,0.2965342700481415,-0.5550909042358398,0
0.732227623462677,0.12414981424808502,0.5824926495552063,0.6641322374343872,-0.3773795962333679,0.3475198447704315,-0.5438224077224731,0.8411881923675537,0.15296559035778046,0.37359458208084106,1,0.6858172416687012,0.12079444527626038,0.6706960797309875,0.7005020976066589,-0.3396245241165161,0.29148009419441223,-0.5558697581291199,0
0.7291000485420227,0.1238277330994606,0.5903322696685791,0.6675859689712524,-0.37418508529663086,0.34281834959983826,-0.5447843670845032,0.8406589031219482,0.1532941311597824,0.382885605096817,1,0.6812742352485657,0.12047609686851501,0.6778298020362854,0.7035264372825623,-0.3364371359348297,0.2863929867744446,-0.5566323399543762,0
0.7258393168449402,0.12350524961948395,0.598125696182251,0.6710051894187927,-0.3709889352321625,0.33807796239852905,-0.5457311272621155,0.8399772047996521,0.15361987054347992,0.39216598868370056,1,0.6766119599342346,0.12015904486179352,0.6848880648612976,0.7065106630325317,-0.3332517147064209,0.2812729477882385,-0.5573791265487671,0
0.7224464416503906,0.12318255007266998,0.605869710445404,0.6743891835212708,-0.36779189109802246,0.33329981565475464,-0.5466620326042175,0.8391432762145996,0.15394286811351776,0.401432603597641,1,0.6718323826789856,0.11984343826770782,0.6918683052062988,0.7094545364379883,-0.3300681710243225,0.27612122893333435,-0.5581095218658447,0
0.7189217209815979,0.12285973131656647,0.6135624647140503,0.6777378916740417,-0.364593505859375,0.3284834623336792,-0.5475777983665466,0.8381574749946594,0.15426337718963623,0.41068243980407715,1,0.6669362783432007,0.11952916532754898,0.6987689733505249,0.7123579382896423,-0.32688671350479126,0.2709372043609619,-0.5588238835334778,0
0.7152662873268127,0.12253696471452713,0.6212013959884644,0.6810505390167236,-0.36139407753944397,0.32362958788871765,-0.5484780669212341,0.8370200395584106,0.15458159148693085,0.41991254687309265,1,0.661925196647644,0.11921685934066772,0.7055879235267639,0.7152203917503357,-0.32370778918266296,0.26572170853614807,-0.5595220923423767,0
0.7114816308021545,0.122214175760746,0.628783106803894,0.6843264698982239,-0.3581943213939667,0.3187391757965088,-0.5493626594543457,0.8357315063476562,0.15489763021469116,0.4291200041770935,1,0.6568007469177246,0.11890643835067749,0.7123232483863831,0.7180416584014893,-0.3205312490463257,0.26047495007514954,-0.5602040886878967,0
0.7075678706169128,0.12189200520515442,0.6363059878349304,0.6875655651092529,-0.3549942374229431,0.3138118386268616,-0.5502315163612366,0.8342922925949097,0.15521159768104553,0.43830180168151855,1,0.6515645384788513,0.11859804391860962,0.7189724445343018,0.7208214402198792,-0.31735730171203613,0.2551976442337036,-0.5608698129653931,0
0.7035265564918518,0.12157037854194641,0.6437672972679138,0.6907671689987183,-0.3517938554286957,0.3088482916355133,-0.5510847568511963,0.8327029347419739,0.15552371740341187,0.44745519757270813,1,0.6462175846099854,0.11829178035259247,0.7255343198776245,0.7235593795776367,-0.3141859173774719,0.24988920986652374,-0.5615196228027344,0
0.6993585824966431,0.12124916911125183,0.6511645913124084,0.693930983543396,-0.3485933542251587,0.30384883284568787,-0.5519224405288696,0.8309640288352966,0.1558341681957245,0.4565773010253906,1,0.6407614946365356,0.11798781901597977,0.732006847858429,0.7262552380561829,-0.3110174238681793,0.2445506602525711,-0.5621532797813416,0
0.6950652003288269,0.12092906981706619,0.658495306968689,0.6970564723014832,-0.34539321064949036,0.2988138794898987,-0.5527440309524536,0.8290762305259705,0.15614302456378937,0.4656653106212616,1,0.6351985931396484,0.11768606305122375,0.738387405872345,0.7289087772369385,-0.3078518211841583,0.23918269574642181,-0.562770664691925,0
0.6906471848487854,0.12060990929603577,0.6657577753067017,0.7001433372497559,-0.3421931862831116,0.2937436103820801,-0.5535502433776855,0.8270401954650879,0.1564505696296692,0.47471654415130615,1,0.6295291185379028,0.1173870787024498,0.74467533826828,0.731519877910614,-0.304688960313797,0.23378419876098633,-0.5633721947669983,0
0.6861066222190857,0.12029168009757996,0.6729484796524048,0.7031909823417664,-0.33899372816085815,0.28863874077796936,-0.5543403625488281,0.824856698513031,0.1567569077014923,0.4837282598018646,1,0.6237556338310242,0.11709080636501312,0.7508681416511536,0.7340879440307617,-0.30152949690818787,0.22835679352283478,-0.5639573931694031,0
0.6814435720443726,0.11997497081756592,0.6800666451454163,0.7061992883682251,-0.3357947766780853,0.2834988236427307,-0.5551150441169739,0.8225266337394714,0.15706215798854828,0.49269774556159973,1,0.6178797483444214,0.11679735779762268,0.7569639086723328,0.7366129159927368,-0.2983733117580414,0.22290053963661194,-0.5645263195037842,0
0.6766602993011475,0.11965969949960709,0.6871088147163391,0.7091677784919739,-0.3325967490673065,0.2783253490924835,-0.5558735132217407,0.8200507164001465,0.15736649930477142,0.5016223788261414,1,0.6119030714035034,0.11650687456130981,0.7629609107971191,0.7390944361686707,-0.29522040486335754,0.21741580963134766,-0.5650793313980103,0
0.6717578172683716,0.11934603750705719,0.6940731406211853,0.712096095085144,-0.3293997347354889,0.27311810851097107,-0.556615948677063,0.8174299597740173,0.15767014026641846,0.5104994773864746,1,0.6058271527290344,0.11621946841478348,0.7688578367233276,0.7415323853492737,-0.2920709252357483,0.2119024246931076,-0.5656160712242126,0
0.6667370200157166,0.11903383582830429,0.7009581327438354,0.7149836421012878,-0.32620367407798767,0.26787716150283813,-0.5573430061340332,0.8146651983261108,0.1579732596874237,0.5193265676498413,1,0.5996537804603577,0.11593525856733322,0.7746527791023254,0.7439263463020325,-0.2889251410961151,0.20636144280433655,-0.5661365985870361,0
0.6615997552871704,0.11872375011444092,0.7077609300613403,0.7178304195404053,-0.3230087161064148,0.2626032829284668,-0.5580539703369141,0.8117574453353882,0.15827599167823792,0.5281010270118713,1,0.593384861946106,0.11565414816141129,0.7803440093994141,0.7462760210037231,-0.2857828140258789,0.20079287886619568,-0.5666413903236389,0
0.6563476920127869,0.1184156984090805,0.7144792079925537,0.7206358909606934,-0.3198153078556061,0.2572968304157257,-0.5587489008903503,0.8087077736854553,0.15857844054698944,0.5368203520774841,1,0.5870227217674255,0.11537673324346542,0.7859293818473816,0.7485811114311218,-0.28264498710632324,0.1951974779367447,-0.5671296119689941,0
0.6509817838668823,0.1181100532412529,0.7211114168167114,0.7233998775482178,-0.3166234493255615,0.2519579529762268,-0.5594277381896973,0.805517315864563,0.1588807851076126,0.5454819798469543,1,0.5805681347846985,0.11510288715362549,0.7914081811904907,0.7508417963981628,-0.2795105278491974,0.189574733376503,-0.56760174036026,0
0.6455041170120239,0.11780644208192825,0.7276552319526672,0.7261216640472412,-0.3134334087371826,0.24658726155757904,-0.5600906610488892,0.8021870851516724,0.15918326377868652,0.5540834069252014,1,0.5740234851837158,0.11483271420001984,0.7967785000801086,0.7530574798583984,-0.2763802409172058,0.18392561376094818,-0.5680578351020813,0
0.6399155259132385,0.11750529706478119,0.7341088652610779,0.7288013100624084,-0.31024494767189026,0.2411845475435257,-0.5607376098632812,0.7987183332443237,0.15948596596717834,0.5626222491264343,1,0.5673908591270447,0.11456633359193802,0.8020386695861816,0.7552276849746704,-0.27325427532196045,0.17825070023536682,-0.5684979557991028,0
0.6342179775238037,0.11720694601535797,0.740470290184021,0.731438159942627,-0.3070583641529083,0.23575055599212646,-0.5613688230514526,0.7951122522354126,0.1597890853881836,0.5710960626602173,1,0.5606721043586731,0.11430389434099197,0.8071870803833008,0.7573527097702026,-0.27013248205184937,0.17254991829395294,-0.568921685218811,0
0.6284136176109314,0.11691107600927353,0.746737003326416,0.734032154083252,-0.3038741946220398,0.230286106467247,-0.5619834661483765,0.7913700938224792,0.16009275615215302,0.5795024633407593,1,0.5538685917854309,0.11404521763324738,0.8122227787971497,0.759431779384613,-0.2670147716999054,0.16682343184947968,-0.5693296194076538,0
0.6225028038024902,0.11661828309297562,0.7529082298278809,0.7365830540657043,-0.3006919324398041,0.2247905284166336,-0.5625824332237244,0.7874932289123535,0.16039709746837616,0.5878390669822693,1,0.5466946959495544,0.1137804463505745,0.8173461556434631,0.7615488171577454,-0.26377245783805847,0.1608322560787201,-0.5697372555732727,0
0.6164777278900146,0.11632740497589111,0.7589921355247498,0.7390966415405273,-0.2975076138973236,0.21925312280654907,-0.563163697719574,0.7834758758544922,0.16070348024368286,0.5961188673973083,1,0.5394334197044373,0.11352025717496872,0.8223438262939453,0.763615608215332,-0.2605349123477936,0.15481407940387726,-0.5701273679733276,0
0.6103329658508301,0.11603834480047226,0.7649922966957092,0.7415738701820374,-0.29431721568107605,0.21366924047470093,-0.5637295246124268,0.7793146371841431,0.16101166605949402,0.6043470501899719,1,0.5320873260498047,0.11326458305120468,0.8272143602371216,0.7656319737434387,-0.257302463054657,0.14876993000507355,-0.5705002546310425,0
0.6040664911270142,0.11575140058994293,0.7709083557128906,0.7440142035484314,-0.29111915826797485,0.20803716778755188,-0.5642808675765991,0.7750080227851868,0.1613217443227768,0.6125234961509705,1,0.5246590375900269,0.11301391571760178,0.8319556713104248,0.7675977349281311,-0.2540755271911621,0.14269980788230896,-0.5708554983139038,0
0.597679078578949,0.11546678096055984,0.7767372131347656,0.7464166283607483,-0.28791341185569763,0.20235803723335266,-0.5648179054260254,0.7705559730529785,0.16163398325443268,0.6206455826759338,1,0.5171504616737366,0.11276797205209732,0.8365669846534729,0.7695126533508301,-0.2508538067340851,0.1366041898727417,-0.5711934566497803,0
0.5911725163459778,0.11518511176109314,0.782475471496582,0.7487799525260925,-0.28470078110694885,0.19663207232952118,-0.5653404593467712,0.7659592032432556,0.16194860637187958,0.6287093162536621,1,0.5095643997192383,0.1125272586941719,0.8410462737083435,0.7713764309883118,-0.24763773381710052,0.13048352301120758,-0.5715137720108032,0
0.5845492482185364,0.11490632593631744,0.7881192564964294,0.751102864742279,-0.2814817428588867,0.19086112082004547,-0.5658484101295471,0.761216938495636,0.16227173805236816,0.6367100477218628,1,0.50190269947052,0.11229148507118225,0.8453925848007202,0.773188591003418,-0.24442726373672485,0.12433836609125137,-0.5718169212341309,0
0.5778117179870605,0.1146310418844223,0.7936646938323975,0.7533842921257019,-0.2782576382160187,0.18504633009433746,-0.5663414597511292,0.7563351392745972,0.16259095072746277,0.6446430683135986,1,0.4941682815551758,0.11206112056970596,0.8496043086051941,0.7749493718147278,-0.24122266471385956,0.1181691437959671,-0.5721023082733154,0
0.5709633827209473,0.11435939371585846,0.7991076707839966,0.7556230425834656,-0.27502894401550293,0.179189532995224,-0.5668190717697144,0.7513138055801392,0.16291280090808868,0.6525033116340637,1,0.4863635003566742,0.11183587461709976,0.8536802530288696,0.7766580581665039,-0.23802368342876434,0.11197638511657715,-0.5723706483840942,0
0.5640068650245667,0.11409158259630203,0.8044447302818298,0.7578181624412537,-0.2717970013618469,0.17329241335391998,-0.5672810673713684,0.7461548447608948,0.16323766112327576,0.6602861285209656,1,0.47849041223526,0.11161622405052185,0.8576195240020752,0.7783148288726807,-0.2348308563232422,0.1057601198554039,-0.5726214051246643,0
0.5569456815719604,0.11382770538330078,0.8096719980239868,0.7599682807922363,-0.2685627043247223,0.16735635697841644,-0.5677271485328674,0.7408605217933655,0.16356565058231354,0.667987048625946,1,0.4705522060394287,0.11140190064907074,0.861420214176178,0.7799190282821655,-0.23164419829845428,0.09952137619256973,-0.5728548169136047,0
0.5497825145721436,0.11356773972511292,0.8147866129875183,0.7620726227760315,-0.26532644033432007,0.16138248145580292,-0.568157434463501,0.735433042049408,0.1638968139886856,0.6756018400192261,1,0.4625508189201355,0.11119332164525986,0.865081787109375,0.7814707159996033,-0.22846393287181854,0.09326045960187912,-0.573070764541626,0
0.5425212979316711,0.1133122369647026,0.8197845220565796,0.7641303539276123,-0.2620895206928253,0.1553725153207779,-0.5685712695121765,0.729874849319458,0.16423119604587555,0.6831264495849609,1,0.4544888436794281,0.11099041253328323,0.8686028122901917,0.7829698920249939,-0.22528977692127228,0.08697743713855743,-0.5732691884040833,0
0.5351647138595581,0.11306132376194,0.8246634602546692,0.7661408185958862,-0.25885245203971863,0.14932793378829956,-0.5689682364463806,0.7241882085800171,0.16456888616085052,0.6905571222305298,1,0.4463690519332886,0.11079306900501251,0.8719823956489563,0.784415602684021,-0.22212202847003937,0.08067314326763153,-0.5734506845474243,0
0.5277153253555298,0.11281470954418182,0.8294207453727722,0.7681027054786682,-0.255615770816803,0.14324936270713806,-0.5693489909172058,0.718375563621521,0.16491001844406128,0.6978901624679565,1,0.43819406628608704,0.11060168594121933,0.875219464302063,0.785808265209198,-0.21896101534366608,0.07434779405593872,-0.5736147165298462,0
0.5201768279075623,0.11257296800613403,0.8340535163879395,0.7700161337852478,-0.2523801028728485,0.13713811337947845,-0.5697126984596252,0.7124392986297607,0.1652546226978302,0.7051222324371338,1,0.4299660623073578,0.11041602492332458,0.8783131837844849,0.787147581577301,-0.21580654382705688,0.06800194084644318,-0.5737612247467041,0
0.5125522613525391,0.1123361811041832,0.8385592699050903,0.771880030632019,-0.24914611876010895,0.13099558651447296,-0.5700592994689941,0.7063817977905273,0.16560280323028564,0.7122501134872437,1,0.4216882884502411,0.11023645848035812,0.8812622427940369,0.7884330749511719,-0.2126592993736267,0.061636295169591904,-0.5738905072212219,0
0.5048443078994751,0.11210426688194275,0.8429359197616577,0.7736936807632446,-0.2459142804145813,0.12482234835624695,-0.570388913154602,0.7002056241035461,0.16595466434955597,0.7192707061767578,1,0.4133623242378235,0.11006274074316025,0.8840664625167847,0.789664626121521,-0.20951853692531586,0.05525064840912819,-0.5740026235580444,0
0.497056245803833,0.11187755316495895,0.8471811413764954,0.7754568457603455,-0.2426849603652954,0.11861997097730637,-0.5707011818885803,0.6939132809638977,0.16631026566028595,0.726181149482727,1,0.4049921929836273,0.1098952367901802,0.8867241144180298,0.7908422946929932,-0.2063852697610855,0.04884637892246246,-0.574097216129303,0
0.4891904294490814,0.11165594309568405,0.8512933254241943,0.7771690487861633,-0.23945856094360352,0.11238859593868256,-0.5709962248802185,0.6875072121620178,0.16666975617408752,0.7329785823822021,1,0.3965796232223511,0.10973367840051651,0.8892353177070618,0.7919653058052063,-0.20325909554958344,0.04242333024740219,-0.5741748213768005,0
0.4812506437301636,0.11143972724676132,0.8552700877189636,0.7788293957710266,-0.23623566329479218,0.10612956434488297,-0.5712739825248718,0.6809898614883423,0.16703324019908905,0.7396604418754578,1,0.3881276249885559,0.109578438103199,0.891598641872406,0.7930341362953186,-0.20014038681983948,0.03598226606845856,-0.5742349624633789,0
0.47323939204216003,0.11122898757457733,0.8591099381446838,0.7804378271102905,-0.23301659524440765,0.09984374046325684,-0.5715340971946716,0.6743638515472412,0.1674007773399353,0.7462242245674133,1,0.3796384930610657,0.10942928493022919,0.8938137888908386,0.7940481901168823,-0.19702908396720886,0.029523536562919617,-0.5742780566215515,0
0.46515965461730957,0.11102383583784103,0.8628110885620117,0.7819939255714417,-0.22980156540870667,0.0935317724943161,-0.5717767477035522,0.6676317453384399,0.16777247190475464,0.7526676058769226,1,0.37111544609069824,0.10928648710250854,0.8958801031112671,0.7950075268745422,-0.19392521679401398,0.023047611117362976,-0.5743038058280945,0
0.45701441168785095,0.11082416772842407,0.8663721084594727,0.7834969758987427,-0.2265906184911728,0.08719440549612045,-0.5720018744468689,0.6607961058616638,0.16814842820167542,0.7589882612228394,1,0.3625604212284088,0.1091499999165535,0.8977970480918884,0.7959117293357849,-0.1908288449048996,0.016554540023207664,-0.5743123888969421,0
