0.3625604212284088,0.1091499999165535,0.8977970480918884,0.7959117293357849,-0.1908288449048996,0.016554540023207664,-0.5743123888969421,0.6828112602233887,0.14638130366802216,0.019999999552965164,0,0.3625604212284088,0.1091499999165535,0.8977970480918884,0.7959117293357849,-0.1908288449048996,0.016554540023207664,-0.5743123888969421,1
0.3628040552139282,0.10916154831647873,0.8976776003837585,0.7959170937538147,-0.19090838730335236,0.016660241410136223,-0.5742754340171814,0.6828112602233887,0.14638130366802216,0.01981772482395172,0,0.3625604212284088,0.1091499999165535,0.8977970480918884,0.7959117293357849,-0.1908288449048996,0.016554540023207664,-0.5743123888969421,1
0.3632446825504303,0.10916890949010849,0.8974825739860535,0.7959179878234863,-0.1910729855298996,0.016885489225387573,-0.574212908744812,0.6828112602233887,0.14638130366802216,0.019884353503584862,0,0.3625604212284088,0.1091499999165535,0.8977970480918884,0.7959117293357849,-0.1908288449048996,0.016554540023207664,-0.5743123888969421,1
0.36376747488975525,0.10917111486196518,0.8972581028938293,0.7959133982658386,-0.1912766695022583,0.017166968435049057,-0.5741432309150696,0.6828112602233887,0.14638130366802216,0.019923372194170952,0,0.3625604212284088,0.1091499999165535,0.8977970480918884,0.7959117293357849,-0.1908288449048996,0.016554540023207664,-0.5743123888969421,1
0.3643089532852173,0.10917005687952042,0.8970283269882202,0.7959052920341492,-0.1914910078048706,0.01746424101293087,-0.5740739107131958,0.6828112602233887,0.14638130366802216,0.019946129992604256,0,0.3625604212284088,0.1091499999165535,0.8977970480918884,0.7959117293357849,-0.1908288449048996,0.016554540023207664,-0.5743123888969421,1
0.36483412981033325,0.10916749387979507,0.8968064785003662,0.7958957552909851,-0.19170089066028595,0.017755331471562386,-0.5740082263946533,0.6828112602233887,0.14638130366802216,0.019959425553679466,0,0.3625604212284088,0.1091499999165535,0.8977970480918884,0.7959117293357849,-0.1908288449048996,0.016554540023207664,-0.5743123888969421,1
0.3653259873390198,0.10916423052549362,0.8965990543365479,0.7958859801292419,-0.19189804792404175,0.01802937313914299,-0.5739471912384033,0.6828112602233887,0.14638130366802216,0.019967196509242058,0,0.3625604212284088,0.1091499999165535,0.8977970480918884,0.7959117293357849,-0.1908288449048996,0.016554540023207664,-0.5743123888969421,1
0.36577728390693665,0.10916095972061157,0.89640873670578,0.7958768010139465,-0.19207923114299774,0.01828133687376976,-0.5738914608955383,0.6828112602233887,0.14638130366802216,0.01997174322605133,0,0.3625604212284088,0.1091499999165535,0.8977970480918884,0.7959117293357849,-0.1908288449048996,0.016554540023207664,-0.5743123888969421,1
0.366186261177063,0.10915781557559967,0.8962359428405762,0.7958679795265198,-0.1922435611486435,0.018509861081838608,-0.5738412737846375,0.6828112602233887,0.14638130366802216,0.019974403083324432,0,0.3625604212284088,0.1091499999165535,0.8977970480918884,0.7959117293357849,-0.1908288449048996,0.016554540023207664,-0.5743123888969421,1
0.3665536642074585,0.1091550812125206,0.8960806727409363,0.7958602905273438,-0.19239117205142975,0.01871492713689804,-0.5737957954406738,0.6828112602233887,0.14638130366802216,0.01997595839202404,0,0.3625604212284088,0.1091499999165535,0.8977970480918884,0.7959117293357849,-0.1908288449048996,0.016554540023207664,-0.5743123888969421,1
0.36688217520713806,0.10915274918079376,0.895941436290741,0.7958534359931946,-0.1925230473279953,0.018898339942097664,-0.5737552642822266,0.6828112602233887,0.14638130366802216,0.019976869225502014,0,0.3625604212284088,0.1091499999165535,0.8977970480918884,0.7959117293357849,-0.1908288449048996,0.016554540023207664,-0.5743123888969421,1
0.3671749234199524,0.10915068536996841,0.8958170413970947,0.7958471775054932,-0.1926405429840088,0.019061513245105743,-0.5737189054489136,0.6828112602233887,0.14638130366802216,0.019977401942014694,0,0.3625604212284088,0.1091499999165535,0.8977970480918884,0.7959117293357849,-0.1908288449048996,0.016554540023207664,-0.5743123888969421,1
0.36743536591529846,0.10914917290210724,0.8957062363624573,0.7958419322967529,-0.19274485111236572,0.019206577911973,-0.5736864805221558,0.6828112602233887,0.14638130366802216,0.019977713003754616,0,0.3625604212284088,0.1091499999165535,0.8977970480918884,0.7959117293357849,-0.1908288449048996,0.016554540023207664,-0.5743123888969421,1
0.3676663637161255,0.10914792865514755,0.8956077694892883,0.7958371639251709,-0.19283725321292877,0.019334783777594566,-0.5736575722694397,0.6828112602233887,0.14638130366802216,0.01997789368033409,0,0.3625604212284088,0.1091499999165535,0.8977970480918884,0.7959117293357849,-0.1908288449048996,0.016554540023207664,-0.5743123888969421,1
0.3678717017173767,0.10914682596921921,0.8955199718475342,0.7958332300186157,-0.1929192990064621,0.019448645412921906,-0.573631763458252,0.6828112602233887,0.14638130366802216,0.019978001713752747,0,0.3625604212284088,0.1091499999165535,0.8977970480918884,0.7959117293357849,-0.1908288449048996,0.016554540023207664,-0.5743123888969421,1
0.3680533766746521,0.10914600640535355,0.8954421877861023,0.795829713344574,-0.19299162924289703,0.01954904943704605,-0.5736088156700134,0.6828112602233887,0.14638130366802216,0.01997806318104267,0,0.3625604212284088,0.1091499999165535,0.8977970480918884,0.7959117293357849,-0.1908288449048996,0.016554540023207664,-0.5743123888969421,1
0.3682141900062561,0.10914544761180878,0.8953732252120972,0.79582679271698,-0.19305557012557983,0.01963799074292183,-0.5735883712768555,0.6828112602233887,0.14638130366802216,0.019978100433945656,0,0.3625604212284088,0.1091499999165535,0.8977970480918884,0.7959117293357849,-0.1908288449048996,0.016554540023207664,-0.5743123888969421,1
0.3683570623397827,0.10914503037929535,0.8953116536140442,0.7958241105079651,-0.19311225414276123,0.019716612994670868,-0.5735701322555542,0.6828112602233887,0.14638130366802216,0.019978120923042297,0,0.3625604212284088,0.1091499999165535,0.8977970480918884,0.7959117293357849,-0.1908288449048996,0.016554540023207664,-0.5743123888969421,1
0.36848360300064087,0.10914475470781326,0.8952572345733643,0.7958218455314636,-0.1931624412536621,0.019786084070801735,-0.5735539793968201,0.6828112602233887,0.14638130366802216,0.019978133961558342,0,0.3625604212284088,0.1091499999165535,0.8977970480918884,0.7959117293357849,-0.1908288449048996,0.016554540023207664,-0.5743123888969421,1
0.36859551072120667,0.10914462059736252,0.8952088356018066,0.7958201169967651,-0.19320662319660187,0.019847365096211433,-0.5735394358634949,0.6828112602233887,0.14638130366802216,0.01997814141213894,0,0.3625604212284088,0.1091499999165535,0.8977970480918884,0.7959117293357849,-0.1908288449048996,0.016554540023207664,-0.5743123888969421,1
0.36869457364082336,0.10914447903633118,0.8951660394668579,0.7958184480667114,-0.1932457685470581,0.01990160159766674,-0.5735267996788025,0.6828112602233887,0.14638130366802216,0.019978145137429237,0,0.3625604212284088,0.1091499999165535,0.8977970480918884,0.7959117293357849,-0.1908288449048996,0.016554540023207664,-0.5743123888969421,1
0.3687824606895447,0.10914447903633118,0.8951278328895569,0.795816957950592,-0.19328033924102783,0.01994943805038929,-0.5735154151916504,0.6828112602233887,0.14638130366802216,0.019978148862719536,0,0.3625604212284088,0.1091499999165535,0.8977970480918884,0.7959117293357849,-0.1908288449048996,0.016554540023207664,-0.5743123888969421,1
0.36886000633239746,0.10914461314678192,0.895094096660614,0.7958159446716309,-0.19331079721450806,0.019991593435406685,-0.5735051035881042,0.6828112602233887,0.14638130366802216,0.019978148862719536,0,0.3625604212284088,0.1091499999165535,0.8977970480918884,0.7959117293357849,-0.1908288449048996,0.016554540023207664,-0.5743123888969421,1
0.36892861127853394,0.10914474725723267,0.8950642347335815,0.7958149909973145,-0.19333770871162415,0.02002882771193981,-0.5734960436820984,0.6828112602233887,0.14638130366802216,0.019978148862719536,0,0.3625604212284088,0.1091499999165535,0.8977970480918884,0.7959117293357849,-0.1908288449048996,0.016554540023207664,-0.5743123888969421,1
0.3689894676208496,0.10914488881826401,0.8950377106666565,0.7958140969276428,-0.1933615803718567,0.020061763003468513,-0.5734882354736328,0.6828112602233887,0.14638130366802216,0.019978148862719536,0,0.3625604212284088,0.1091499999165535,0.8977970480918884,0.7959117293357849,-0.1908288449048996,0.016554540023207664,-0.5743123888969421,1
0.3690434694290161,0.10914502292871475,0.8950141072273254,0.7958134412765503,-0.1933826208114624,0.020090937614440918,-0.5734809041023254,0.6828112602233887,0.14638130366802216,0.019978148862719536,0,0.3625604212284088,0.1091499999165535,0.8977970480918884,0.7959117293357849,-0.1908288449048996,0.016554540023207664,-0.5743123888969421,1
0.3690912425518036,0.10914530605077744,0.8949931859970093,0.7958129048347473,-0.1934012621641159,0.02011662721633911,-0.5734745860099792,0.6828112602233887,0.14638130366802216,0.019978148862719536,0,0.3625604212284088,0.1091499999165535,0.8977970480918884,0.7959117293357849,-0.1908288449048996,0.016554540023207664,-0.5743123888969421,1
0.3691335916519165,0.10914543271064758,0.8949745893478394,0.7958122491836548,-0.19341766834259033,0.02013932727277279,-0.5734689831733704,0.6828112602233887,0.14638130366802216,0.019978148862719536,0,0.3625604212284088,0.1091499999165535,0.8977970480918884,0.7959117293357849,-0.1908288449048996,0.016554540023207664,-0.5743123888969421,1
0.369171142578125,0.10914570838212967,0.894957959651947,0.7958120107650757,-0.19343216717243195,0.020159302279353142,-0.5734638571739197,0.6828112602233887,0.14638130366802216,0.019978148862719536,0,0.3625604212284088,0.1091499999165535,0.8977970480918884,0.7959117293357849,-0.1908288449048996,0.016554540023207664,-0.5743123888969421,1
0.36920416355133057,0.10914599150419235,0.8949434161186218,0.795811653137207,-0.19344498217105865,0.020176958292722702,-0.5734593868255615,0.6828112602233887,0.14638130366802216,0.019978148862719536,0,0.3625604212284088,0.1091499999165535,0.8977970480918884,0.7959117293357849,-0.1908288449048996,0.016554540023207664,-0.5743123888969421,1
0.36923354864120483,0.1091461256146431,0.8949304223060608,0.7958112955093384,-0.1934562772512436,0.020192500203847885,-0.5734555721282959,0.6828112602233887,0.14638130366802216,0.019978148862719536,0,0.36923354864120483,0.1091461256146431,0.8949304223060608,0.7958112955093384,-0.1934562772512436,0.020192500203847885,-0.5734555721282959,1
0.3694966435432434,0.10915748029947281,0.8948008418083191,0.7958157062530518,-0.1935444176197052,0.020310046151280403,-0.5734154582023621,0.6828112602233887,0.14638130366802216,0.019978148862719536,0,0.37544798851013184,0.10934996604919434,0.8939018249511719,0.7949669361114502,-0.19629041850566864,0.02637702412903309,-0.5734123587608337,1
0.37027508020401,0.10918328166007996,0.8946032524108887,0.7957472205162048,-0.19384527206420898,0.020947298035025597,-0.5733858942985535,0.6828112602233887,0.14638130366802216,0.019978148862719536,0,0.38163861632347107,0.10956071317195892,0.8927730321884155,0.7940724492073059,-0.19913217425346375,0.03254474326968193,-0.5733550190925598,1
0.3715796172618866,0.10922654718160629,0.8943283557891846,0.795603334903717,-0.19439230859279633,0.02212434634566307,-0.5733563303947449,0.6828112602233887,0.14638130366802216,0.019978148862719536,0,0.3878052532672882,0.1097780242562294,0.8915439248085022,0.7931277751922607,-0.20198220014572144,0.03869621455669403,-0.5732835531234741,1
0.3733832538127899,0.10928606241941452,0.8939687609672546,0.795388400554657,-0.19517399370670319,0.02380472794175148,-0.5733216404914856,0.6828112602233887,0.14638130366802216,0.019978148862719536,0,0.3939462900161743,0.11000216752290726,0.8902148008346558,0.7921332120895386,-0.2048403024673462,0.044830720871686935,-0.5731977224349976,1
0.3756489157676697,0.10936035215854645,0.8935208320617676,0.7951053977012634,-0.1961737871170044,0.025946324691176414,-0.5732799172401428,0.6828112602233887,0.14638130366802216,0.019978148862719536,0,0.4000597894191742,0.11023293435573578,0.8887861967086792,0.791088879108429,-0.20770606398582458,0.050948016345500946,-0.5730976462364197,1
0.37833458185195923,0.10944801568984985,0.8929827809333801,0.7947565317153931,-0.1973729133605957,0.02850589156150818,-0.5732306838035583,0.6828112602233887,0.14638130366802216,0.019978148862719536,0,0.4061446487903595,0.11047013103961945,0.8872585892677307,0.7899948954582214,-0.21057964861392975,0.05704737454652786,-0.5729833245277405,1
0.3813980221748352,0.1095481589436531,0.8923539519309998,0.7943434119224548,-0.19875289499759674,0.03144161403179169,-0.5731728672981262,0.6828112602233887,0.14638130366802216,0.019978148862719536,0,0.4121990203857422,0.11071400344371796,0.885632336139679,0.7888514995574951,-0.2134607434272766,0.06312834471464157,-0.5728546977043152,1
0.3847990334033966,0.10966040939092636,0.8916332721710205,0.7938674688339233,-0.200296550989151,0.034714337438344955,-0.5731061100959778,0.6828112602233887,0.14638130366802216,0.019978148862719536,0,0.4182220697402954,0.11096435785293579,0.8839077353477478,0.7876589298248291,-0.21634946763515472,0.0691910982131958,-0.5727118253707886,1
0.38850024342536926,0.1097840964794159,0.8908199071884155,0.7933294773101807,-0.2019876092672348,0.03828839212656021,-0.5730300545692444,0.6828112602233887,0.14638130366802216,0.019978148862719536,0,0.42421215772628784,0.11122113466262817,0.8820852637290955,0.7864171266555786,-0.21924586594104767,0.07523468881845474,-0.5725549459457397,1
0.3924665153026581,0.10991881787776947,0.8899131417274475,0.7927301526069641,-0.20381119847297668,0.042130548506975174,-0.5729440450668335,0.6828112602233887,0.14638130366802216,0.019978148862719536,0,0.43016767501831055,0.1114841103553772,0.8801654577255249,0.7851264476776123,-0.22214944660663605,0.08125890046358109,-0.5723836421966553,1
0.39666658639907837,0.11006437987089157,0.8889114856719971,0.7920700311660767,-0.2057543247938156,0.04621115326881409,-0.572847843170166,0.6828112602233887,0.14638130366802216,0.019978148862719536,0,0.43608734011650085,0.11175353080034256,0.8781489729881287,0.783787190914154,-0.22506003081798553,0.08726315200328827,-0.572198212146759,1
0.4010712504386902,0.11022048443555832,0.8878142237663269,0.7913497686386108,-0.20780470967292786,0.050503265112638474,-0.5727408528327942,0.6828112602233887,0.14638130366802216,0.019978148862719536,0,0.44196969270706177,0.11202917993068695,0.8760360479354858,0.7823992967605591,-0.22797812521457672,0.09324738383293152,-0.5719984769821167,1
0.4056546688079834,0.11038688570261002,0.8866206407546997,0.7905694842338562,-0.20995162427425385,0.05498240515589714,-0.5726229548454285,0.6828112602233887,0.14638130366802216,0.019978148862719536,0,0.44781357049942017,0.11231081187725067,0.873827338218689,0.7809630632400513,-0.2309030294418335,0.09921075403690338,-0.5717846751213074,1
0.4103941321372986,0.11056315898895264,0.8853291273117065,0.7897295355796814,-0.21218562126159668,0.05962713807821274,-0.5724937319755554,0.6828112602233887,0.14638130366802216,0.019978148862719536,0,0.45361727476119995,0.11259868741035461,0.8715234994888306,0.7794787287712097,-0.23383484780788422,0.10515341907739639,-0.571556568145752,1
0.4152676463127136,0.11074946075677872,0.8839393258094788,0.7888304591178894,-0.21449808776378632,0.06441766023635864,-0.5723525881767273,0.6828112602233887,0.14638130366802216,0.019978148862719536,0,0.4593798518180847,0.11289257556200027,0.8691247701644897,0.7779465317726135,-0.23677366971969604,0.11107466369867325,-0.5713140964508057,1
0.4202565848827362,0.11094513535499573,0.8824504017829895,0.7878721356391907,-0.21688131988048553,0.06933628022670746,-0.5721995234489441,0.6828112602233887,0.14638130366802216,0.019978148862719536,0,0.4650995135307312,0.11319238692522049,0.8666320443153381,0.7763665914535522,-0.23971940577030182,0.1169738620519638,-0.5710574984550476,1
0.42534351348876953,0.11115024983882904,0.8808618187904358,0.7868554592132568,-0.2193281501531601,0.074366994202137,-0.5720342397689819,0.6828112602233887,0.14638130366802216,0.019978148862719536,0,0.47077515721321106,0.11349786072969437,0.8640457391738892,0.7747389674186707,-0.24267154932022095,0.12285131961107254,-0.5707868337631226,1
0.4305134117603302,0.11136473715305328,0.8791728615760803,0.785780668258667,-0.22183308005332947,0.07949613779783249,-0.5718559622764587,0.6828112602233887,0.14638130366802216,0.019978148862719536,0,0.4764048159122467,0.1138092651963234,0.8613670468330383,0.773064136505127,-0.24563010036945343,0.12870565056800842,-0.5705019235610962,1
0.4357519745826721,0.11158793419599533,0.8773835301399231,0.7846479415893555,-0.22439008951187134,0.08471056818962097,-0.5716648101806641,0.6828112602233887,0.14638130366802216,0.019978148862719536,0,0.48198801279067993,0.11412634700536728,0.8585958480834961,0.7713422775268555,-0.24859532713890076,0.1345372200012207,-0.570202648639679,1
0.4410463273525238,0.11182016879320145,0.8754935264587402,0.7834579944610596,-0.22699467837810516,0.08999855816364288,-0.5714606046676636,0.6828112602233887,0.14638130366802216,0.019978148862719536,0,0.4875231087207794,0.11444883793592453,0.8557332158088684,0.7695733308792114,-0.25156673789024353,0.14034545421600342,-0.5698896646499634,1
0.44638580083847046,0.11206076294183731,0.8735025525093079,0.7822109460830688,-0.2296421229839325,0.09535060077905655,-0.571243166923523,0.6828112602233887,0.14638130366802216,0.019978148862719536,0,0.4930088520050049,0.11477698385715485,0.8527796864509583,0.7677578330039978,-0.2545444667339325,0.1461298167705536,-0.5695621967315674,1
0.45175901055336,0.11230998486280441,0.8714113235473633,0.7809076309204102,-0.23232857882976532,0.10075647383928299,-0.5710120797157288,0.6828112602233887,0.14638130366802216,0.019978148862719536,0,0.4984438717365265,0.11511052399873734,0.8497360348701477,0.7658957839012146,-0.25752854347229004,0.1518903225660324,-0.5692203640937805,1
0.4571570158004761,0.11256726086139679,0.8692196011543274,0.779548168182373,-0.23505060374736786,0.10620807856321335,-0.5707676410675049,0.6828112602233887,0.14638130366802216,0.019978148862719536,0,0.5038264393806458,0.11544915288686752,0.846603274345398,0.7639875411987305,-0.2605184018611908,0.15762585401535034,-0.5688649415969849,1
0.46257174015045166,0.11283262819051743,0.8669276237487793,0.7781333923339844,-0.23780493438243866,0.1116984635591507,-0.5705090165138245,0.6828112602233887,0.14638130366802216,0.019978148862719536,0,0.5091558694839478,0.11579317599534988,0.8433818221092224,0.7620332837104797,-0.26351410150527954,0.163336843252182,-0.568494975566864,1
0.46799442172050476,0.11310581117868423,0.8645363450050354,0.7766635417938232,-0.24058914184570312,0.11722008138895035,-0.5702367424964905,0.6828112602233887,0.14638130366802216,0.019978148862719536,0,0.5144309401512146,0.11614228785037994,0.8400722146034241,0.7600333094596863,-0.2665158808231354,0.16902263462543488,-0.5681107640266418,1
0.4734189808368683,0.11338651180267334,0.8620455265045166,0.7751392722129822,-0.24340015649795532,0.1227676123380661,-0.569950520992279,0.6828112602233887,0.14638130366802216,0.019978148862719536,0,0.5196496844291687,0.11649639904499054,0.8366758823394775,0.7579878568649292,-0.26952314376831055,0.17468246817588806,-0.5677126049995422,1
0.4788382649421692,0.11367469280958176,0.8594563007354736,0.7735610008239746,-0.2462359070777893,0.12833505868911743,-0.5696502327919006,0.6828112602233887,0.14638130366802216,0.019978148862719536,0,0.5248114466667175,0.11685515940189362,0.833193302154541,0.7558969855308533,-0.27253586053848267,0.18031655251979828,-0.56730055809021,1
0.48424649238586426,0.11397021263837814,0.8567692041397095,0.7719293236732483,-0.24909406900405884,0.1339174211025238,-0.5693358778953552,0.6828112602233887,0.14638130366802216,0.019978148862719536,0,0.5299150943756104,0.11721888929605484,0.8296250700950623,0.7537608742713928,-0.2755543887615204,0.18592436611652374,-0.5668741464614868,1
0.48963895440101624,0.11427288502454758,0.8539845943450928,0.7702446579933167,-0.25197356939315796,0.1395104080438614,-0.5690072178840637,0.6828112602233887,0.14638130366802216,0.019978148862719536,0,0.5349586009979248,0.11758723855018616,0.8259724974632263,0.7515802979469299,-0.2785780429840088,0.19150519371032715,-0.5664337277412415,1
0.4950093924999237,0.11458231508731842,0.8511040210723877,0.7685077786445618,-0.25487184524536133,0.14510981738567352,-0.5686643719673157,0.6828112602233887,0.14638130366802216,0.019978148862719536,0,0.5399417281150818,0.11795993149280548,0.8222360610961914,0.7493547797203064,-0.281607061624527,0.1970592737197876,-0.5659792423248291,1
0.5003543496131897,0.11489847302436829,0.8481274843215942,0.7667187452316284,-0.2577880322933197,0.15071232616901398,-0.5683073997497559,0.6828112602233887,0.14638130366802216,0.019978148862719536,0,0.544862687587738,0.1183372437953949,0.8184168338775635,0.7470850944519043,-0.28464117646217346,0.20258566737174988,-0.5655105113983154,1
0.5056692361831665,0.11522112786769867,0.8450563549995422,0.7648783922195435,-0.26072055101394653,0.15631458163261414,-0.56793612241745,0.6828112602233887,0.14638130366802216,0.019978148862719536,0,0.5497204065322876,0.11871882528066635,0.8145156502723694,0.7447712421417236,-0.28768038749694824,0.20808419585227966,-0.5650279521942139,1
0.5109500885009766,0.115550197660923,0.8418914079666138,0.7629871368408203,-0.26366814970970154,0.16191300749778748,-0.5675505995750427,0.6828112602233887,0.14638130366802216,0.019978148862719536,0,0.554513692855835,0.11910437792539597,0.8105334043502808,0.7424136400222778,-0.29072436690330505,0.21355487406253815,-0.5645312666893005,1
0.5161932706832886,0.11588545143604279,0.8386335372924805,0.7610455751419067,-0.26662951707839966,0.16750532388687134,-0.567150890827179,0.6828112602233887,0.14638130366802216,0.019978148862719536,0,0.559241533279419,0.11949415504932404,0.8064709901809692,0.7400124669075012,-0.29377350211143494,0.218997061252594,-0.5640202164649963,1
0.5213956832885742,0.11622685194015503,0.8352838754653931,0.7590542435646057,-0.269603967666626,0.17308898270130157,-0.5667365789413452,0.6828112602233887,0.14638130366802216,0.019978148862719536,0,0.5639026761054993,0.11988787353038788,0.8023295402526855,0.7375680804252625,-0.296827107667923,0.22441016137599945,-0.5634952783584595,1
0.5265540480613708,0.11657387018203735,0.8318432569503784,0.7570133805274963,-0.27259039878845215,0.17866162955760956,-0.5663082599639893,0.6828112602233887,0.14638130366802216,0.019978148862719536,0,0.5684959888458252,0.12028535455465317,0.7981095910072327,0.735080361366272,-0.2998855710029602,0.2297944575548172,-0.5629563927650452,1
0.5316656827926636,0.11692667007446289,0.8283127546310425,0.7549237012863159,-0.2755879759788513,0.18422140181064606,-0.5658655166625977,0.6828112602233887,0.14638130366802216,0.019978148862719536,0,0.5730204582214355,0.12068627774715424,0.7938126921653748,0.7325500845909119,-0.3029482364654541,0.23514901101589203,-0.5624034404754639,1
0.5367279052734375,0.11728493869304657,0.8246932625770569,0.7527855634689331,-0.2785961329936981,0.18976670503616333,-0.5654084086418152,0.6828112602233887,0.14638130366802216,0.019978148862719536,0,0.5774745941162109,0.12109091132879257,0.7894394993782043,0.7299772500991821,-0.3060155212879181,0.24047374725341797,-0.5618363618850708,1
0.541737973690033,0.11764838546514511,0.8209860324859619,0.750599205493927,-0.28161391615867615,0.19529545307159424,-0.564937174320221,0.6828112602233887,0.14638130366802216,0.019978148862719536,0,0.5818576216697693,0.12149892747402191,0.7849911451339722,0.7273621559143066,-0.3090866506099701,0.2457682341337204,-0.5612553358078003,1
0.5466935634613037,0.11801711469888687,0.8171920776367188,0.7483654618263245,-0.2846410572528839,0.20080599188804626,-0.5644515156745911,0.6828112602233887,0.14638130366802216,0.019978148862719536,0,0.5861685872077942,0.12190995365381241,0.7804686427116394,0.7247049808502197,-0.3121621012687683,0.25103211402893066,-0.5606606006622314,1
0.5515925288200378,0.11839082092046738,0.8133126497268677,0.746084451675415,-0.2876765727996826,0.206296905875206,-0.5639517903327942,0.6828112602233887,0.14638130366802216,0.019978148862719536,0,0.590406060218811,0.12232429534196854,0.7758729457855225,0.7220061421394348,-0.31524163484573364,0.2562653124332428,-0.5600515604019165,1
0.5564326643943787,0.11876937747001648,0.8093485236167908,0.7437570095062256,-0.29072025418281555,0.21176712214946747,-0.5634375810623169,0.6828112602233887,0.14638130366802216,0.019978148862719536,0,0.5945692658424377,0.12274160981178284,0.7712051272392273,0.7192659378051758,-0.31832489371299744,0.261467307806015,-0.5594286918640137,1
0.5612123608589172,0.11915247142314911,0.8053010106086731,0.7413830757141113,-0.2937714755535126,0.2172154039144516,-0.5629091262817383,0.6828112602233887,0.14638130366802216,0.019978148862719536,0,0.5986570715904236,0.12316147983074188,0.766466498374939,0.7164844274520874,-0.32141193747520447,0.2666376829147339,-0.5587920546531677,1
0.5659293532371521,0.11954018473625183,0.8011711239814758,0.7389635443687439,-0.2968299686908722,0.2226405143737793,-0.5623663663864136,0.6828112602233887,0.14638130366802216,0.019978148862719536,0,0.6026685237884521,0.12358424812555313,0.7616579532623291,0.7136622071266174,-0.32450300455093384,0.27177634835243225,-0.5581411719322205,1
0.5705819129943848,0.11993202567100525,0.7969600558280945,0.7364984750747681,-0.2998950183391571,0.22804144024848938,-0.5618095993995667,0.6828112602233887,0.14638130366802216,0.019978148862719536,0,0.6066026091575623,0.12400951236486435,0.7567805051803589,0.7107993960380554,-0.32759732007980347,0.27688294649124146,-0.5574763417243958,1
0.5751681923866272,0.12032820284366608,0.7926694750785828,0.7339886426925659,-0.3029662072658539,0.2334170937538147,-0.5612384080886841,0.6828112602233887,0.14638130366802216,0.019978148862719536,0,0.6104584336280823,0.12443713843822479,0.7518352270126343,0.7078964710235596,-0.33069509267807007,0.2819570302963257,-0.556797444820404,1
0.5796869993209839,0.12072822451591492,0.7882996797561646,0.7314340472221375,-0.30604350566864014,0.23876671493053436,-0.5606531500816345,0.6828112602233887,0.14638130366802216,0.019978148862719536,0,0.6142347455024719,0.12486675381660461,0.7468237280845642,0.7049533128738403,-0.33379608392715454,0.2869980037212372,-0.5561051964759827,1
0.5841361880302429,0.12113216519355774,0.7838524580001831,0.7288352847099304,-0.3091263175010681,0.2440894991159439,-0.5600537657737732,0.6828112602233887,0.14638130366802216,0.019978148862719536,0,0.6179308891296387,0.1252986639738083,0.7417466640472412,0.7019705176353455,-0.3369004726409912,0.292006254196167,-0.55539870262146,1
0.5885148644447327,0.1215396523475647,0.7793288230895996,0.7261927723884583,-0.31221455335617065,0.249384805560112,-0.5594400763511658,0.6828112602233887,0.14638130366802216,0.019978148862719536,0,0.6215455532073975,0.1257324516773224,0.7366054058074951,0.6989485025405884,-0.3400077521800995,0.2969808876514435,-0.554678201675415,1
0.5928213000297546,0.12195056676864624,0.77472984790802,0.7235068082809448,-0.3153076469898224,0.25465157628059387,-0.5588126182556152,0.6828112602233887,0.14638130366802216,0.019978148862719536,0,0.6250783801078796,0.12616775929927826,0.7314012050628662,0.6958872079849243,-0.3431180715560913,0.30192187428474426,-0.5539439916610718,1
0.5970541834831238,0.12236499041318893,0.770056962966919,0.7207780480384827,-0.31840553879737854,0.25988903641700745,-0.5581707954406738,0.6828112602233887,0.14638130366802216,0.019978148862719536,0,0.628528356552124,0.1266048699617386,0.7261348962783813,0.6927869915962219,-0.3462314009666443,0.3068291246891022,-0.5531960129737854,1
0.6012117862701416,0.12278252094984055,0.7653114199638367,0.718006432056427,-0.32150766253471375,0.2650969624519348,-0.5575151443481445,0.6828112602233887,0.14638130366802216,0.019978148862719536,0,0.6318944096565247,0.1270434558391571,0.7208079099655151,0.6896485686302185,-0.3493473529815674,0.31170201301574707,-0.5524336695671082,1
0.6052936911582947,0.12320281565189362,0.7604941129684448,0.7151925563812256,-0.32461410760879517,0.27027469873428345,-0.5568453669548035,0.6828112602233887,0.14638130366802216,0.019978148862719536,0,0.6351755857467651,0.12748302519321442,0.7154215574264526,0.6864717602729797,-0.35246583819389343,0.3165402412414551,-0.5516578555107117,1
0.6092979311943054,0.12362618744373322,0.7556067705154419,0.7123371362686157,-0.3277246057987213,0.2754211723804474,-0.5561613440513611,0.6828112602233887,0.14638130366802216,0.019978148862719536,0,0.638371467590332,0.12792395055294037,0.7099767327308655,0.6832571625709534,-0.35558682680130005,0.3213438093662262,-0.5508681535720825,1
0.6132238507270813,0.124052032828331,0.7506498098373413,0.7094396948814392,-0.330839067697525,0.280536949634552,-0.5554635524749756,0.6828112602233887,0.14638130366802216,0.019978148862719536,0,0.6414804458618164,0.12836579978466034,0.704475462436676,0.6800051927566528,-0.35871002078056335,0.32611191272735596,-0.5500646233558655,1
0.6170697808265686,0.12448040395975113,0.7456253170967102,0.7065017223358154,-0.33395665884017944,0.28562024235725403,-0.5547516345977783,0.6828112602233887,0.14638130366802216,0.019978148862719536,0,0.644502580165863,0.12880843877792358,0.6989182233810425,0.6767156720161438,-0.3618355691432953,0.33084458112716675,-0.5492472648620605,1
0.6208348870277405,0.12491116672754288,0.7405344843864441,0.7035226821899414,-0.3370777368545532,0.29067084193229675,-0.5540260076522827,0.6828112602233887,0.14638130366802216,0.019978148862719536,0,0.647436797618866,0.12925143539905548,0.6933061480522156,0.6733892560005188,-0.3649631142616272,0.3355419337749481,-0.548416256904602,1
0.6245181560516357,0.1253439337015152,0.7353782653808594,0.7005032896995544,-0.3402019441127777,0.29568904638290405,-0.5532862544059753,0.6828112602233887,0.14638130366802216,0.019978148862719536,0,0.6502822637557983,0.1296951025724411,0.6876411437988281,0.6700263023376465,-0.36809277534484863,0.340203195810318,-0.5475711822509766,1
0.6281183958053589,0.12577873468399048,0.7301580905914307,0.6974438428878784,-0.3433291018009186,0.3006734549999237,-0.5525328516960144,0.6828112602233887,0.14638130366802216,0.019978148862719536,0,0.6530378460884094,0.1301390379667282,0.6819242835044861,0.6666271090507507,-0.37122419476509094,0.34482789039611816,-0.5467123985290527,1
0.6316350698471069,0.12621551752090454,0.7248749732971191,0.6943450570106506,-0.34645912051200867,0.30562424659729004,-0.5517651438713074,0.6828112602233887,0.14638130366802216,0.019978148862719536,0,0.6557035446166992,0.13058285415172577,0.6761566996574402,0.6631917357444763,-0.3743574321269989,0.34941619634628296,-0.5458402633666992,1
0.6350665092468262,0.1266537755727768,0.7195307612419128,0.6912068128585815,-0.34959179162979126,0.31054070591926575,-0.5509837865829468,0.6828112602233887,0.14638130366802216,0.019978148862719536,0,0.6582780480384827,0.13102681934833527,0.6703401207923889,0.6597209572792053,-0.37749192118644714,0.35396745800971985,-0.5449541807174683,1
0.6384122371673584,0.1270933896303177,0.7141263484954834,0.6880295872688293,-0.3527265787124634,0.3154226243495941,-0.5501887202262878,0.6828112602233887,0.14638130366802216,0.019978148862719536,0,0.6607613563537598,0.13147059082984924,0.6644750237464905,0.6562145948410034,-0.3806284964084625,0.35848212242126465,-0.5440540909767151,1
0.6416710019111633,0.12753446400165558,0.7086632251739502,0.6848139762878418,-0.35586386919021606,0.3202696442604065,-0.5493796467781067,0.6828112602233887,0.14638130366802216,0.019978148862719536,0,0.6631522178649902,0.13191364705562592,0.6585631966590881,0.6526731252670288,-0.38376638293266296,0.3629592955112457,-0.5431405305862427,1
0.6448425650596619,0.12797653675079346,0.7031424045562744,0.6815600395202637,-0.35900309681892395,0.32508131861686707,-0.548556923866272,0.6828112602233887,0.14638130366802216,0.019978148862719536,0,0.6654500365257263,0.1323564052581787,0.6526063680648804,0.6490973830223083,-0.3869050145149231,0.3673986792564392,-0.5422133207321167,1
0.6479254961013794,0.12841972708702087,0.6975657343864441,0.6782684326171875,-0.3621443212032318,0.32985714077949524,-0.5477204322814941,0.6828112602233887,0.14638130366802216,0.019978148862719536,0,0.6676541566848755,0.13279835879802704,0.6466056704521179,0.6454870104789734,-0.390045166015625,0.37180039286613464,-0.5412722229957581,1
0.6509189009666443,0.1288633495569229,0.69193434715271,0.6749393343925476,-0.36528700590133667,0.334597110748291,-0.546870231628418,0.6828112602233887,0.14638130366802216,0.019978148862719536,0,0.6697643399238586,0.13323944807052612,0.6405619382858276,0.6418427228927612,-0.3931863605976105,0.3761640787124634,-0.5403174161911011,1
0.6538225412368774,0.12930776178836823,0.6862493753433228,0.6715729832649231,-0.3684316873550415,0.3393005430698395,-0.5460063219070435,0.6828112602233887,0.14638130366802216,0.019978148862719536,0,0.6717796921730042,0.1336791217327118,0.6344773173332214,0.6381646990776062,-0.39632800221443176,0.3804892599582672,-0.5393494963645935,1
0.6566348671913147,0.1297525018453598,0.6805127859115601,0.6681700944900513,-0.37157735228538513,0.3439669609069824,-0.5451290011405945,0.6828112602233887,0.14638130366802216,0.019978148862719536,0,0.6736997365951538,0.13411781191825867,0.6283524036407471,0.6344534158706665,-0.3994707465171814,0.3847760856151581,-0.5383672714233398,1
0.6593557596206665,0.130197674036026,0.6747251152992249,0.6647307276725769,-0.37472468614578247,0.3485966622829437,-0.5442378520965576,0.6828112602233887,0.14638130366802216,0.019978148862719536,0,0.6755238175392151,0.13455501198768616,0.6221891045570374,0.6307091116905212,-0.40261414647102356,0.38902413845062256,-0.5373715162277222,1
0.6619842648506165,0.1306428760290146,0.6688883304595947,0.6612553596496582,-0.37787318229675293,0.3531888425350189,-0.5433329939842224,0.6828112602233887,0.14638130366802216,0.019978148862719536,0,0.6772513389587402,0.13499033451080322,0.615989089012146,0.6269320845603943,-0.4057573974132538,0.39323294162750244,-0.5363625288009644,1
0.6645198464393616,0.13108791410923004,0.6630036234855652,0.6577445268630981,-0.38102251291275024,0.3577432930469513,-0.5424147248268127,0.6828112602233887,0.14638130366802216,0.019978148862719536,0,0.6788820028305054,0.13542407751083374,0.6097530126571655,0.6231229305267334,-0.4089016020298004,0.39740222692489624,-0.5353397130966187,1
0.6669617295265198,0.13153260946273804,0.6570722460746765,0.654198169708252,-0.38417285680770874,0.362260103225708,-0.5414826273918152,0.6828112602233887,0.14638130366802216,0.019978148862719536,0,0.6804153919219971,0.13585586845874786,0.6034824252128601,0.6192816495895386,-0.4120461344718933,0.4015326201915741,-0.5343030691146851,1
0.669309139251709,0.13197676837444305,0.6510957479476929,0.6506170034408569,-0.3873237669467926,0.3667386472225189,-0.5405372977256775,0.6828112602233887,0.14638130366802216,0.019978148862719536,0,0.6818508505821228,0.136285200715065,0.5971792936325073,0.615408718585968,-0.4151902198791504,0.40562301874160767,-0.5332532525062561,1
0.6715613603591919,0.13242051005363464,0.6450759768486023,0.647001326084137,-0.3904753029346466,0.3711782395839691,-0.5395784378051758,0.6828112602233887,0.14638130366802216,0.019978148862719536,0,0.6831878423690796,0.1367124766111374,0.5908443927764893,0.6115047335624695,-0.4183346629142761,0.40967339277267456,-0.5321896076202393,1
0.6737182140350342,0.13286316394805908,0.639013409614563,0.6433513760566711,-0.3936273157596588,0.3755795955657959,-0.5386059284210205,0.6828112602233887,0.14638130366802216,0.019978148862719536,0,0.6844261884689331,0.13713723421096802,0.5844796299934387,0.6075697541236877,-0.42147886753082275,0.41368338465690613,-0.531112551689148,1
0.6757787466049194,0.13330502808094025,0.6329102516174316,0.6396676898002625,-0.3967796564102173,0.37994149327278137,-0.5376202464103699,0.6828112602233887,0.14638130366802216,0.019978148862719536,0,0.6856106519699097,0.13757666945457458,0.5778193473815918,0.6034383773803711,-0.4247535765171051,0.41781750321388245,-0.5299763083457947,1
0.6777437329292297,0.1337464600801468,0.6267535090446472,0.63593989610672,-0.39993816614151,0.38427531719207764,-0.53662109375,0.6828112602233887,0.14638130366802216,0.019978148862719536,0,0.6866869926452637,0.13801299035549164,0.571129322052002,0.5992740988731384,-0.4280281662940979,0.4219079613685608,-0.5288252234458923,1
0.6796154975891113,0.1341879665851593,0.6205387711524963,0.6321659684181213,-0.403107225894928,0.38858339190483093,-0.5356059074401855,0.6828112602233887,0.14638130366802216,0.019978148862719536,0,0.6876550912857056,0.13844597339630127,0.5644116401672363,0.5950775146484375,-0.431302011013031,0.4259537160396576,-0.5276597142219543,1
0.6813935041427612,0.13462957739830017,0.6142668724060059,0.62834632396698,-0.4062863886356354,0.3928651213645935,-0.5345738530158997,0.6828112602233887,0.14638130366802216,0.019978148862719536,0,0.6885144710540771,0.13887546956539154,0.5576675534248352,0.590848982334137,-0.4345751702785492,0.42995506525039673,-0.5264794230461121,1
0.6830769181251526,0.13507091999053955,0.6079389452934265,0.6244819164276123,-0.4094755947589874,0.3971191942691803,-0.5335244536399841,0.6828112602233887,0.14638130366802216,0.019978148862719536,0,0.6892645359039307,0.13930143415927887,0.5508989095687866,0.5865889191627502,-0.43784746527671814,0.43391168117523193,-0.5252842903137207,1
0.6846646666526794,0.13551181554794312,0.6015572547912598,0.6205736398696899,-0.4126741886138916,0.40134432911872864,-0.5324574112892151,0.6828112602233887,0.14638130366802216,0.019978148862719536,0,0.689905047416687,0.1397232562303543,0.5441076755523682,0.5822976231575012,-0.44111892580986023,0.4378231465816498,-0.5240748524665833,1
0.6861546039581299,0.1359514594078064,0.5951247811317444,0.6166219711303711,-0.4158811569213867,0.4055391550064087,-0.5313736796379089,0.6828112602233887,0.14638130366802216,0.019978148862719536,0,0.6904356479644775,0.14014095067977905,0.5372951626777649,0.577975869178772,-0.44438859820365906,0.4416894018650055,-0.5228508114814758,1
0.6875457167625427,0.13638995587825775,0.5886440873146057,0.6126287579536438,-0.41909560561180115,0.4097015857696533,-0.530272901058197,0.6828112602233887,0.14638130366802216,0.019978148862719536,0,0.690856397151947,0.1405542939901352,0.5304627418518066,0.5736234188079834,-0.44765743613243103,0.44551053643226624,-0.5216121673583984,1
0.6888361573219299,0.136826753616333,0.5821180939674377,0.6085947751998901,-0.42231661081314087,0.41383060812950134,-0.5291551351547241,0.6828112602233887,0.14638130366802216,0.019978148862719536,0,0.6911666393280029,0.1409631222486496,0.5236129760742188,0.5692412257194519,-0.4509245455265045,0.44928568601608276,-0.5203591585159302,1
0.6900242567062378,0.13726171851158142,0.5755502581596375,0.6045210957527161,-0.4255429804325104,0.41792434453964233,-0.5280213356018066,0.6828112602233887,0.14638130366802216,0.019978148862719536,0,0.69136643409729,0.14136721193790436,0.516746461391449,0.5648294687271118,-0.45419031381607056,0.4530152678489685,-0.5190913677215576,1
0.6911089420318604,0.13769428431987762,0.5689429044723511,0.600408673286438,-0.42877429723739624,0.4219817519187927,-0.5268712043762207,0.6828112602233887,0.14638130366802216,0.019978148862719536,0,0.6914554834365845,0.14176665246486664,0.5098655223846436,0.5603887438774109,-0.45745426416397095,0.45669853687286377,-0.517809271812439,1
0.6920892000198364,0.13812430202960968,0.5622987747192383,0.5962585806846619,-0.43200957775115967,0.42600172758102417,-0.5257050395011902,0.6828112602233887,0.14638130366802216,0.019978148862719536,0,0.6914336085319519,0.14216072857379913,0.5029716491699219,0.5559195280075073,-0.46071621775627136,0.46033573150634766,-0.5165124535560608,1
0.6929637789726257,0.1385515183210373,0.5556206107139587,0.5920718908309937,-0.43524789810180664,0.4299830198287964,-0.5245232582092285,0.6828112602233887,0.14638130366802216,0.019978148862719536,0,0.6913005113601685,0.14254945516586304,0.49606651067733765,0.5514217615127563,-0.46397602558135986,0.4639264941215515,-0.5152013301849365,1
0.693731427192688,0.13897596299648285,0.5489112734794617,0.5878496170043945,-0.43848904967308044,0.43392428755760193,-0.5233258008956909,0.6828112602233887,0.14638130366802216,0.019978148862719536,0,0.6910564303398132,0.1429327130317688,0.48915165662765503,0.5468961596488953,-0.46723389625549316,0.4674707353115082,-0.5138756632804871,1
0.6943917870521545,0.13939696550369263,0.5421726703643799,0.5835919976234436,-0.4417319893836975,0.437825471162796,-0.5221129655838013,0.6828112602233887,0.14638130366802216,0.019978148862719536,0,0.6907009482383728,0.14330986142158508,0.48222917318344116,0.5423431992530823,-0.4704889953136444,0.4709681570529938,-0.512535810470581,1
0.6949437856674194,0.13981424272060394,0.5354080200195312,0.5793005228042603,-0.4449763596057892,0.4416850805282593,-0.5208850502967834,0.6828112602233887,0.14638130366802216,0.019978148862719536,0,0.6902340054512024,0.14368148148059845,0.475300133228302,0.5377632975578308,-0.47374188899993896,0.47441864013671875,-0.5111812353134155,1
0.6953870058059692,0.14022783935070038,0.5286188125610352,0.5749755501747131,-0.4482216238975525,0.44550254940986633,-0.5196420550346375,0.6828112602233887,0.14638130366802216,0.019978148862719536,0,0.689655601978302,0.14404703676700592,0.46836698055267334,0.5331568121910095,-0.47699201107025146,0.4778216779232025,-0.5098124742507935,1
0.6957207322120667,0.1406373530626297,0.5218080282211304,0.570618212223053,-0.45146724581718445,0.44927725195884705,-0.5183841586112976,0.6828112602233887,0.14638130366802216,0.019978148862719536,0,0.6889657378196716,0.14440657198429108,0.46143078804016113,0.5285243988037109,-0.480239599943161,0.48117735981941223,-0.5084291100502014,1
0.6959445476531982,0.1410425454378128,0.5149772763252258,0.5662288069725037,-0.4547128677368164,0.45300862193107605,-0.5171113610267639,0.6828112602233887,0.14638130366802216,0.019978148862719536,0,0.688164472579956,0.1447593718767166,0.45449337363243103,0.5238660573959351,-0.48348408937454224,0.4844859540462494,-0.5070313811302185,1
0.696058452129364,0.14144322276115417,0.5081285834312439,0.5618083477020264,-0.4579583406448364,0.45669621229171753,-0.5158237218856812,0.6828112602233887,0.14638130366802216,0.019978148862719536,0,0.6872518062591553,0.1451054960489273,0.44755661487579346,0.519182562828064,-0.486725389957428,0.4877464771270752,-0.5056197047233582,1
0.6960612535476685,0.1418391466140747,0.5012646913528442,0.5573569536209106,-0.46120312809944153,0.46033939719200134,-0.5145216584205627,0.6828112602233887,0.14638130366802216,0.019978148862719536,0,0.6862276196479797,0.14544479548931122,0.4406222105026245,0.5144742131233215,-0.4899632930755615,0.4909593164920807,-0.5041935443878174,1
0.6959531307220459,0.14223012328147888,0.4943879246711731,0.5528762340545654,-0.4644462764263153,0.4639372229576111,-0.5132052898406982,0.6828112602233887,0.14638130366802216,0.019978148862719536,0,0.6850922703742981,0.14577703177928925,0.43369123339653015,0.5097412467002869,-0.4931980073451996,0.49412432312965393,-0.502752959728241,1
0.6957337260246277,0.14261600375175476,0.48749932646751404,0.5483660697937012,-0.4676884412765503,0.46748995780944824,-0.5118741393089294,0.6828112602233887,0.14638130366802216,0.019978148862719536,0,0.6838458776473999,0.14610210061073303,0.42676636576652527,0.5049845576286316,-0.49642932415008545,0.49724096059799194,-0.501298189163208,1
0.695402979850769,0.14299626648426056,0.48060154914855957,0.5438274145126343,-0.47092849016189575,0.47099703550338745,-0.5105290412902832,0.6828112602233887,0.14638130366802216,0.019978148862719536,0,0.6824881434440613,0.14641974866390228,0.41984814405441284,0.5002040266990662,-0.4996570348739624,0.5003095269203186,-0.4998290240764618,1
0.6949605345726013,0.14337126910686493,0.4736965596675873,0.5392608046531677,-0.4741666615009308,0.4744575619697571,-0.5091694593429565,0.6828112602233887,0.14638130366802216,0.019978148862719536,0,0.6949605345726013,0.14337126910686493,0.4736965596675873,0.5392608046531677,-0.4741666615009308,0.4744575619697571,-0.5091694593429565,1
0.6951695680618286,0.1435936540365219,0.4667704105377197,0.5357473492622375,-0.4780510365962982,0.47790756821632385,-0.506010115146637,0.6828112602233887,0.14638130366802216,0.019978148862719536,0,0.6953506469726562,0.14342723786830902,0.4713783860206604,0.5388719439506531,-0.47442784905433655,0.47473251819610596,-0.5090817213058472,1
0.6957167983055115,0.1437133401632309,0.46046674251556396,0.5326941013336182,-0.4813249707221985,0.48099958896636963,-0.5031924843788147,0.6828112602233887,0.14638130366802216,0.019978148862719536,0,0.6957305073738098,0.14348262548446655,0.4690589904785156,0.5384825468063354,-0.4746890962123871,0.47500738501548767,-0.5089938640594482,1
0.6963347792625427,0.1437705159187317,0.45514601469039917,0.5302127003669739,-0.483903706073761,0.4834766983985901,-0.5009610652923584,0.6828112602233887,0.14638130366802216,0.019978148862719536,0,0.6960994601249695,0.14353789389133453,0.4667396545410156,0.5380933284759521,-0.4749504327774048,0.4752815067768097,-0.5089057087898254,1
0.6969420313835144,0.14379741251468658,0.450937420129776,0.5283553600311279,-0.48577937483787537,0.48530012369155884,-0.4993423819541931,0.6828112602233887,0.14638130366802216,0.019978148862719536,0,0.6964576840400696,0.14359267055988312,0.4644196033477783,0.5377038717269897,-0.4752116799354553,0.4755554795265198,-0.5088176131248474,1
0.6975241303443909,0.1438138633966446,0.44788557291030884,0.5271443724632263,-0.4869595468044281,0.4864639639854431,-0.4983392655849457,0.6828112602233887,0.14638130366802216,0.019978148862719536,0,0.6968052387237549,0.1436469554901123,0.4620996415615082,0.5373144745826721,-0.4754728376865387,0.47582894563674927,-0.5087293386459351,1
0.6980867981910706,0.1438295543193817,0.44600388407707214,0.5265868902206421,-0.48745426535606384,0.48697179555892944,-0.4979487955570221,0.6828112602233887,0.14638130366802216,0.019978148862719536,0,0.6971424221992493,0.14370077848434448,0.4597790241241455,0.5369246006011963,-0.4757342040538788,0.4761021137237549,-0.5086409449577332,1
0.6986300349235535,0.14384639263153076,0.4452630281448364,0.5266650915145874,-0.4872879683971405,0.4868464171886444,-0.49815139174461365,0.6828112602233887,0.14638130366802216,0.019978148862719536,0,0.697468638420105,0.14375410974025726,0.45745834708213806,0.5365347266197205,-0.47599539160728455,0.47637513279914856,-0.5085524916648865,1
0.6990246176719666,0.1438428908586502,0.4450721740722656,0.527047336101532,-0.4867912232875824,0.48641514778137207,-0.49865373969078064,0.6828112602233887,0.14638130366802216,0.019978148862719536,0,0.6977843642234802,0.14380666613578796,0.4551374912261963,0.5361444354057312,-0.4762566089630127,0.4766474664211273,-0.5084642171859741,1
0.6993042230606079,0.1438392698764801,0.44498342275619507,0.5274931192398071,-0.4862234592437744,0.48591357469558716,-0.4992251396179199,0.6828112602233887,0.14638130366802216,0.019978148862719536,0,0.6980893611907959,0.14385899901390076,0.4528166353702545,0.5357543230056763,-0.4765177071094513,0.4769197702407837,-0.5083755850791931,1
0.6995299458503723,0.1438448578119278,0.44482362270355225,0.5279228687286377,-0.48567184805870056,0.4854206442832947,-0.49978703260421753,0.6828112602233887,0.14638130366802216,0.019978148862719536,0,0.6983837485313416,0.14391085505485535,0.4504953622817993,0.5353637933731079,-0.4767790138721466,0.4771915376186371,-0.5082868337631226,1
0.6997352242469788,0.14385975897312164,0.44451814889907837,0.5283022522926331,-0.48517143726348877,0.4849713146686554,-0.5003080368041992,0.6828112602233887,0.14638130366802216,0.019978148862719536,0,0.6986673474311829,0.14396217465400696,0.4481741786003113,0.5349730849266052,-0.47704023122787476,0.47746312618255615,-0.5081980228424072,1
0.6999366879463196,0.14388136565685272,0.44403916597366333,0.5286170840263367,-0.4847358465194702,0.48458045721054077,-0.5007763504981995,0.6828112602233887,0.14638130366802216,0.019978148862719536,0,0.6989404559135437,0.14401301741600037,0.44585299491882324,0.5345823168754578,-0.4773015081882477,0.47773438692092896,-0.5081090331077576,1
0.7001416683197021,0.14390793442726135,0.44338369369506836,0.5288642644882202,-0.48436710238456726,0.48425164818763733,-0.5011900067329407,0.6828112602233887,0.14638130366802216,0.019978148862719536,0,0.6992027163505554,0.14406335353851318,0.4435320794582367,0.5341914296150208,-0.47756266593933105,0.47800517082214355,-0.5080201625823975,1
0.7003527879714966,0.14393797516822815,0.4425591826438904,0.5290461778640747,-0.4840627610683441,0.48398324847221375,-0.50155109167099,0.6828112602233887,0.14638130366802216,0.019978148862719536,0,0.6994544267654419,0.14411316812038422,0.44121110439300537,0.5338003039360046,-0.4778238832950592,0.4782756268978119,-0.5079310536384583,1
0.7005704045295715,0.14397048950195312,0.441577672958374,0.529167115688324,-0.48381856083869934,0.4837717115879059,-0.5018631219863892,0.6828112602233887,0.14638130366802216,0.019978148862719536,0,0.6996955871582031,0.14416250586509705,0.4388905167579651,0.5334089994430542,-0.4780849814414978,0.47854554653167725,-0.5078422427177429,1
0.7007930278778076,0.14400511980056763,0.44045358896255493,0.5292323231697083,-0.4836289584636688,0.4836120307445526,-0.5021308660507202,0.6828112602233887,0.14638130366802216,0.019978148862719536,0,0.6999261975288391,0.144211083650589,0.4365696310997009,0.5330174565315247,-0.47834616899490356,0.478815495967865,-0.5077529549598694,1
0.7010197639465332,0.1440410017967224,0.43920040130615234,0.5292473435401917,-0.48348844051361084,0.48349952697753906,-0.5023588538169861,0.6828112602233887,0.14638130366802216,0.019978148862719536,0,0.7001460194587708,0.14425939321517944,0.4342495799064636,0.5326258540153503,-0.4786072075366974,0.47908487915992737,-0.5076637268066406,1
0.7012488842010498,0.1440783590078354,0.43783095479011536,0.529217004776001,-0.4833926558494568,0.4834287762641907,-0.5025508403778076,0.6828112602233887,0.14638130366802216,0.019978148862719536,0,0.7003549933433533,0.1443072259426117,0.4319297969341278,0.5322341322898865,-0.4788684546947479,0.4793539345264435,-0.5075743198394775,1
0.7014787197113037,0.1441165804862976,0.4363575279712677,0.5291462540626526,-0.483336478471756,0.48339617252349854,-0.50271075963974,0.6828112602233887,0.14638130366802216,0.019978148862719536,0,0.7005535364151001,0.14435450732707977,0.42961010336875916,0.5318419933319092,-0.4791296124458313,0.47962287068367004,-0.5074847936630249,1
0.7017073035240173,0.14415580034255981,0.434792160987854,0.5290398597717285,-0.48331528902053833,0.4833967089653015,-0.5028426051139832,0.6828112602233887,0.14638130366802216,0.019978148862719536,0,0.7007415890693665,0.14440131187438965,0.4272909462451935,0.5314498543739319,-0.47939082980155945,0.4798910915851593,-0.5073952078819275,1
0.7019336819648743,0.14419546723365784,0.4331437945365906,0.528901219367981,-0.483325719833374,0.4834273159503937,-0.5029491186141968,0.6828112602233887,0.14638130366802216,0.019978148862719536,0,0.7009188532829285,0.14444759488105774,0.42497268319129944,0.5310576558113098,-0.47965186834335327,0.480159193277359,-0.5073056221008301,1
0.7021563053131104,0.14423604309558868,0.4314221739768982,0.5287342667579651,-0.4833640456199646,0.48348402976989746,-0.5030333399772644,0.6828112602233887,0.14638130366802216,0.019978148862719536,0,0.7010853290557861,0.14449337124824524,0.4226548671722412,0.5306651592254639,-0.47991305589675903,0.4804267883300781,-0.5072158575057983,1
0.7023743987083435,0.14427690207958221,0.42963460087776184,0.5285418033599854,-0.4834271967411041,0.4835643768310547,-0.503097414970398,0.6828112602233887,0.14638130366802216,0.019978148862719536,0,0.7012416124343872,0.14453835785388947,0.4203372895717621,0.530272364616394,-0.48017406463623047,0.480694442987442,-0.5071260333061218,1
0.7025868892669678,0.1443183422088623,0.42778855562210083,0.528326690196991,-0.4835127592086792,0.4836656153202057,-0.503143846988678,0.6828112602233887,0.14638130366802216,0.019978148862719536,0,0.7013868093490601,0.1445831060409546,0.418021023273468,0.5298798084259033,-0.4804351031780243,0.48096123337745667,-0.5070362091064453,1
0.7027926445007324,0.1443599909543991,0.4258909225463867,0.5280916690826416,-0.48361778259277344,0.48378515243530273,-0.5031747221946716,0.6828112602233887,0.14638130366802216,0.019978148862719536,0,0.701521635055542,0.14462730288505554,0.41570499539375305,0.5294867157936096,-0.48069626092910767,0.4812280833721161,-0.5069462060928345,1
0.7029913067817688,0.14440180361270905,0.423946738243103,0.5278388261795044,-0.4837402403354645,0.483921080827713,-0.5031916499137878,0.6828112602233887,0.14638130366802216,0.019978148862719536,0,0.7016459107398987,0.1446709781885147,0.4133894145488739,0.5290934443473816,-0.4809575080871582,0.4814945161342621,-0.5068559050559998,1
0.7031818628311157,0.14444378018379211,0.4219619631767273,0.5275700688362122,-0.4838784635066986,0.4840714931488037,-0.5031960606575012,0.6828112602233887,0.14638130366802216,0.019978148862719536,0,0.7017594575881958,0.14471416175365448,0.41107508540153503,0.5287001132965088,-0.4812186062335968,0.4817603826522827,-0.5067658424377441,1
0.7033640146255493,0.14448562264442444,0.4199405908584595,0.5272871255874634,-0.4840301275253296,0.48423469066619873,-0.5031896829605103,0.6828112602233887,0.14638130366802216,0.019978148862719536,0,0.7018625736236572,0.14475682377815247,0.40876147150993347,0.5283066630363464,-0.4814797341823578,0.482026070356369,-0.5066754221916199,1
0.7035373449325562,0.14452756941318512,0.4178867042064667,0.5269914269447327,-0.48419418931007385,0.48440924286842346,-0.5031734704971313,0.6828112602233887,0.14638130366802216,0.019978148862719536,0,0.7019548416137695,0.14479894936084747,0.4064490795135498,0.5279130339622498,-0.48174095153808594,0.4822913706302643,-0.5065850019454956,1
0.7037013173103333,0.14456960558891296,0.41580405831336975,0.5266848206520081,-0.48436927795410156,0.4845936596393585,-0.5031485557556152,0.6828112602233887,0.14638130366802216,0.019978148862719536,0,0.7020367383956909,0.14484025537967682,0.40413758158683777,0.5275191068649292,-0.4820018708705902,0.4825565218925476,-0.5064947009086609,1
0.7038556933403015,0.1446111798286438,0.41369593143463135,0.5263679027557373,-0.4845537543296814,0.4847872257232666,-0.5031161308288574,0.6828112602233887,0.14638130366802216,0.019978148862719536,0,0.7021080851554871,0.14488135278224945,0.40182700753211975,0.5271252989768982,-0.48226287961006165,0.482820987701416,-0.5064041614532471,1
0.7040002942085266,0.14465278387069702,0.4115648865699768,0.5260422229766846,-0.4847469925880432,0.4849884808063507,-0.5030765533447266,0.6828112602233887,0.14638130366802216,0.019978148862719536,0,0.7021686434745789,0.1449218988418579,0.3995179831981659,0.5267313718795776,-0.48252370953559875,0.48308515548706055,-0.5063137412071228,1
0.7041344046592712,0.14469443261623383,0.4094143211841583,0.525708794593811,-0.4849478602409363,0.48519647121429443,-0.5030308961868286,0.6828112602233887,0.14638130366802216,0.019978148862719536,0,0.7022188901901245,0.14496192336082458,0.397209495306015,0.5263369679450989,-0.4827849268913269,0.4833489954471588,-0.5062229633331299,1
0.704258382320404,0.14473557472229004,0.40724578499794006,0.5253680944442749,-0.4851555824279785,0.48541060090065,-0.5029800534248352,0.6828112602233887,0.14638130366802216,0.019978148862719536,0,0.7022584676742554,0.14500141143798828,0.3949023485183716,0.5259424448013306,-0.4830459952354431,0.48361262679100037,-0.506132185459137,1
0.7043718099594116,0.14477647840976715,0.4050619602203369,0.5250211358070374,-0.48536908626556396,0.485630065202713,-0.5029245018959045,0.6828112602233887,0.14638130366802216,0.019978148862719536,0,0.7022876143455505,0.145040363073349,0.3925965428352356,0.5255478620529175,-0.4833071529865265,0.48387596011161804,-0.5060411691665649,1
0.7044745683670044,0.14481709897518158,0.40286388993263245,0.5246684551239014,-0.4855881631374359,0.48585444688796997,-0.5028642416000366,0.6828112602233887,0.14638130366802216,0.019978148862719536,0,0.7023059129714966,0.14507879316806793,0.39029231667518616,0.5251531004905701,-0.483568012714386,0.4841388463973999,-0.5059502124786377,1
0.7045666575431824,0.14485721290111542,0.40065431594848633,0.5243110656738281,-0.48581165075302124,0.4860825538635254,-0.502800703048706,0.6828112602233887,0.14638130366802216,0.019978148862719536,0,0.702314019203186,0.14511638879776,0.3879890441894531,0.5247580409049988,-0.4838290214538574,0.48440149426460266,-0.5058591365814209,1
0.7046478986740112,0.14489731192588806,0.39843395352363586,0.5239493250846863,-0.48603934049606323,0.4863143861293793,-0.502733588218689,0.6828112602233887,0.14638130366802216,0.019978148862719536,0,0.7023115754127502,0.14515374600887299,0.38568711280822754,0.5243628621101379,-0.48409008979797363,0.48466378450393677,-0.5057681202888489,1
0.7047184109687805,0.14493688941001892,0.3962043523788452,0.5235834121704102,-0.48627084493637085,0.4865492284297943,-0.502663791179657,0.6828112602233887,0.14638130366802216,0.019978148862719536,0,0.7022984623908997,0.14519056677818298,0.38338688015937805,0.5239676237106323,-0.48435118794441223,0.4849255681037903,-0.505676805973053,1
0.7047778367996216,0.1449761688709259,0.3939669728279114,0.5232140421867371,-0.48650550842285156,0.48678696155548096,-0.5025911331176758,0.6828112602233887,0.14638130366802216,0.019978148862719536,0,0.7022749185562134,0.1452268362045288,0.3810880780220032,0.5235721468925476,-0.4846121370792389,0.4851871132850647,-0.5055856108665466,1
0.7048263549804688,0.14501488208770752,0.39172258973121643,0.52284175157547,-0.48674288392066956,0.4870269298553467,-0.5025162696838379,0.6828112602233887,0.14638130366802216,0.019978148862719536,0,0.7022407650947571,0.14526256918907166,0.3787910044193268,0.5231766700744629,-0.48487308621406555,0.4854481816291809,-0.5054941177368164,1
0.7048640847206116,0.14505332708358765,0.38947200775146484,0.5224663615226746,-0.48698312044143677,0.48726898431777954,-0.5024392604827881,0.6828112602233887,0.14638130366802216,0.019978148862719536,0,0.7021963596343994,0.14529776573181152,0.37649527192115784,0.5227808356285095,-0.48513394594192505,0.48570898175239563,-0.5054026246070862,1
0.7048908472061157,0.145091250538826,0.38721615076065063,0.5220884680747986,-0.48722562193870544,0.4875129759311676,-0.5023602247238159,0.6828112602233887,0.14638130366802216,0.019978148862719536,0,0.7021414637565613,0.1453324258327484,0.3742012679576874,0.5223850607872009,-0.4853948950767517,0.4859694242477417,-0.5053109526634216,1
0.7049065232276917,0.14512859284877777,0.3849560022354126,0.5217081308364868,-0.4874700903892517,0.4877585470676422,-0.5022799372673035,0.6828112602233887,0.14638130366802216,0.019978148862719536,0,0.7020759582519531,0.14536623656749725,0.37190937995910645,0.5219889283180237,-0.4856557250022888,0.48622971773147583,-0.5052194595336914,1
0.7049111723899841,0.14516563713550568,0.3826924264431,0.5213260054588318,-0.487716406583786,0.4880053699016571,-0.5021977424621582,0.6828112602233887,0.14638130366802216,0.019978148862719536,0,0.702000081539154,0.14539983868598938,0.3696190118789673,0.5215926766395569,-0.48591673374176025,0.48648929595947266,-0.5051277875900269,1
0.7049049735069275,0.1452021449804306,0.38042569160461426,0.5209422707557678,-0.48796403408050537,0.4882531762123108,-0.502114474773407,0.6828112602233887,0.14638130366802216,0.019978148862719536,0,0.7019138336181641,0.14543287456035614,0.367330402135849,0.5211962461471558,-0.4861777126789093,0.4867488145828247,-0.505035936832428,1
0.7048880457878113,0.14523811638355255,0.3781561553478241,0.5205565690994263,-0.4882132411003113,0.48850223422050476,-0.502030074596405,0.6828112602233887,0.14638130366802216,0.019978148862719536,0,0.7018170356750488,0.14546534419059753,0.36504361033439636,0.5207996964454651,-0.48643866181373596,0.48700791597366333,-0.5049439072608948,1
0.7048600316047668,0.14527374505996704,0.37588468194007874,0.5201694369316101,-0.488463819026947,0.48875194787979126,-0.5019445419311523,0.6828112602233887,0.14638130366802216,0.019978148862719536,0,0.7017097473144531,0.14549726247787476,0.3627588152885437,0.5204028487205505,-0.48669955134391785,0.48726677894592285,-0.5048518180847168,1
0.704820990562439,0.14530882239341736,0.3736118674278259,0.5197812914848328,-0.48871511220932007,0.4890022575855255,-0.501858115196228,0.6828112602233887,0.14638130366802216,0.019978148862719536,0,0.7015922665596008,0.1455286592245102,0.3604760766029358,0.5200060606002808,-0.4869605302810669,0.48752516508102417,-0.5047596096992493,1
0.7047713398933411,0.1453433632850647,0.3713376820087433,0.5193919539451599,-0.48896753787994385,0.48925304412841797,-0.5017709732055664,0.6828112602233887,0.14638130366802216,0.019978148862719536,0,0.7014642953872681,0.14555948972702026,0.3581952750682831,0.5196089744567871,-0.48722147941589355,0.48778337240219116,-0.5046674013137817,1
0.704710841178894,0.14537735283374786,0.36906298995018005,0.5190015435218811,-0.48922067880630493,0.4895043671131134,-0.5016831159591675,0.6828112602233887,0.14638130366802216,0.019978148862719536,0,0.7013258337974548,0.14558948576450348,0.35591670870780945,0.5192117691040039,-0.4874822497367859,0.48804110288619995,-0.5045751929283142,1
0.7046393156051636,0.14541102945804596,0.3667881488800049,0.5186103582382202,-0.48947441577911377,0.48975592851638794,-0.5015945434570312,0.6828112602233887,0.14638130366802216,0.019978148862719536,0,0.7011770606040955,0.1456192284822464,0.3536403775215149,0.5188144445419312,-0.4877431392669678,0.488298237323761,-0.5044828057289124,1
0.7045573592185974,0.14544416964054108,0.36451244354248047,0.5182181596755981,-0.489729106426239,0.49000784754753113,-0.5015053153038025,0.6828112602233887,0.14638130366802216,0.019978148862719536,0,0.7010180354118347,0.14564839005470276,0.35136598348617554,0.5184168219566345,-0.4880041182041168,0.488555371761322,-0.5043904185295105,1
0.7044644951820374,0.14547646045684814,0.3622373938560486,0.5178252458572388,-0.48998403549194336,0.49025970697402954,-0.5014158487319946,0.6828112602233887,0.14638130366802216,0.019978148862719536,0,0.7008486390113831,0.14567703008651733,0.3490939736366272,0.5180193781852722,-0.4882648289203644,0.4888119101524353,-0.5042977929115295,1
0.7043607831001282,0.14550843834877014,0.3599628210067749,0.5174316167831421,-0.4902396500110626,0.49051186442375183,-0.5013258457183838,0.6828112602233887,0.14638130366802216,0.019978148862719536,0,0.7006688117980957,0.14570507407188416,0.34682437777519226,0.5176215171813965,-0.4885255694389343,0.4890681803226471,-0.5042052865028381,1
0.7042465209960938,0.14553990960121155,0.3576886057853699,0.5170373320579529,-0.4904957711696625,0.49076417088508606,-0.5012351870536804,0.6828112602233887,0.14638130366802216,0.019978148862719536,0,0.7004787921905518,0.1457325965166092,0.3445570766925812,0.5172237157821655,-0.48878639936447144,0.48932409286499023,-0.5041125416755676,1
0.7041215896606445,0.1455707997083664,0.355415403842926,0.5166425108909607,-0.49075210094451904,0.49101653695106506,-0.5011443495750427,0.6828112602233887,0.14638130366802216,0.019978148862719536,0,0.7002784609794617,0.14575955271720886,0.3422919511795044,0.5168253183364868,-0.4890473484992981,0.4895797371864319,-0.5040197372436523,1
0.7039859294891357,0.14560110867023468,0.3531431257724762,0.5162469744682312,-0.49100884795188904,0.4912687838077545,-0.5010530948638916,0.6828112602233887,0.14638130366802216,0.019978148862719536,0,0.7000677585601807,0.14578595757484436,0.340029239654541,0.5164269804954529,-0.48930832743644714,0.4898352026939392,-0.5039266347885132,1
0.7038397192955017,0.14563113451004028,0.350872278213501,0.5158512592315674,-0.4912659227848053,0.4915207326412201,-0.5009615421295166,0.6828112602233887,0.14638130366802216,0.019978148862719536,0,0.6998468637466431,0.1458115428686142,0.33776935935020447,0.5160283446311951,-0.48956891894340515,0.49009013175964355,-0.5038337707519531,1
0.703683078289032,0.14566032588481903,0.3486028015613556,0.5154551863670349,-0.49152299761772156,0.49177268147468567,-0.500869870185852,0.6828112602233887,0.14638130366802216,0.019978148862719536,0,0.6996157765388489,0.14583683013916016,0.3355117440223694,0.515629768371582,-0.4898298680782318,0.4903448224067688,-0.5037406086921692,1
0.7035157680511475,0.1456892192363739,0.34633463621139526,0.5150585174560547,-0.49178048968315125,0.49202460050582886,-0.5007777810096741,0.6828112602233887,0.14638130366802216,0.019978148862719536,0,0.6993741989135742,0.14586155116558075,0.33325666189193726,0.5152307748794556,-0.4900906980037689,0.4905991554260254,-0.5036473870277405,1
0.7033379077911377,0.1457172930240631,0.3440685272216797,0.5146616101264954,-0.49203798174858093,0.4922761917114258,-0.5006855726242065,0.6828112602233887,0.14638130366802216,0.019978148862719536,0,0.699122428894043,0.14588570594787598,0.3310048282146454,0.514832079410553,-0.4903513789176941,0.4908529222011566,-0.503554105758667,1
0.7031494379043579,0.14574506878852844,0.3418041467666626,0.5142644047737122,-0.4922958016395569,0.492527574300766,-0.5005932450294495,0.6828112602233887,0.14638130366802216,0.019978148862719536,0,0.6988605856895447,0.14590930938720703,0.32875537872314453,0.5144329071044922,-0.49061208963394165,0.49110639095306396,-0.5034610033035278,1
0.7029507160186768,0.1457720249891281,0.33954188227653503,0.5138670206069946,-0.49255335330963135,0.4927787780761719,-0.5005006790161133,0.6828112602233887,0.14638130366802216,0.019978148862719536,0,0.6985885500907898,0.1459323614835739,0.3265083432197571,0.5140336155891418,-0.4908730983734131,0.491359680891037,-0.5033673644065857,1
0.7027413845062256,0.1457986980676651,0.33728161454200745,0.5134691596031189,-0.4928111433982849,0.49302971363067627,-0.5004080533981323,0.6828112602233887,0.14638130366802216,0.019978148862719536,0,0.698306143283844,0.14595483243465424,0.3242644667625427,0.5136341452598572,-0.49113377928733826,0.49161261320114136,-0.5032737851142883,1
0.7025219798088074,0.14582450687885284,0.3350231647491455,0.5130709409713745,-0.49306926131248474,0.4932803809642792,-0.5003153085708618,0.6828112602233887,0.14638130366802216,0.019978148862719536,0,0.6980137825012207,0.1459764838218689,0.32202351093292236,0.5132346153259277,-0.49139437079429626,0.4918651282787323,-0.5031802654266357,1
0.7022918462753296,0.1458500474691391,0.33276742696762085,0.5126728415489197,-0.49332714080810547,0.49353060126304626,-0.5002222061157227,0.6828112602233887,0.14638130366802216,0.019978148862719536,0,0.697711169719696,0.14599783718585968,0.3197855055332184,0.5128348469734192,-0.49165499210357666,0.492117315530777,-0.5030866265296936,1
0.7020514011383057,0.1458750069141388,0.33051374554634094,0.5122742056846619,-0.4935852885246277,0.49378082156181335,-0.5001291036605835,0.6828112602233887,0.14638130366802216,0.019978148862719536,0,0.6973984837532043,0.1460186392068863,0.31755027174949646,0.5124349594116211,-0.4919159710407257,0.49236899614334106,-0.5029928684234619,1
0.7018008828163147,0.14589916169643402,0.3282626271247864,0.5118755102157593,-0.4938433766365051,0.494030624628067,-0.5000359416007996,0.6828112602233887,0.14638130366802216,0.019978148862719536,0,0.697075605392456,0.14603884518146515,0.31531834602355957,0.5120349526405334,-0.49217653274536133,0.4926205575466156,-0.5028990507125854,1
0.7015396952629089,0.1459229588508606,0.3260141611099243,0.5114766359329224,-0.4941013753414154,0.49428001046180725,-0.4999426007270813,0.6828112602233887,0.14638130366802216,0.019978148862719536,0,0.6967427134513855,0.14605848491191864,0.3130888342857361,0.5116347074508667,-0.4924374222755432,0.4928717017173767,-0.5028048753738403,1
0.7012683749198914,0.14594623446464539,0.32376816868782043,0.5110774040222168,-0.4943596124649048,0.4945293068885803,-0.4998491406440735,0.6828112602233887,0.14638130366802216,0.019978148862719536,0,0.6963995695114136,0.14607758820056915,0.31086310744285583,0.5112343430519104,-0.49269795417785645,0.4931224584579468,-0.5027108788490295,1
0.7009867429733276,0.145968958735466,0.3215252757072449,0.510678231716156,-0.49461764097213745,0.4947779178619385,-0.4997558295726776,0.6828112602233887,0.14638130366802216,0.019978148862719536,0,0.6960464715957642,0.1460960954427719,0.30864018201828003,0.5108338594436646,-0.49295884370803833,0.49337294697761536,-0.5026166439056396,1
0.7006949782371521,0.14599108695983887,0.31928500533103943,0.5102788805961609,-0.4948756992816925,0.4950263500213623,-0.49966225028038025,0.6828112602233887,0.14638130366802216,0.019978148862719536,0,0.6956833004951477,0.146113783121109,0.3064204752445221,0.51043301820755,-0.4932194948196411,0.4936232268810272,-0.5025222897529602,1
0.70039302110672,0.14601239562034607,0.3170470595359802,0.5098791718482971,-0.49513372778892517,0.4952746629714966,-0.4995686113834381,0.6828112602233887,0.14638130366802216,0.019978148862719536,0,0.6953101754188538,0.14613117277622223,0.30420413613319397,0.5100321769714355,-0.4934801161289215,0.4938729703426361,-0.5024280548095703,1
0.7000807523727417,0.1460333913564682,0.3148127794265747,0.5094795227050781,-0.49539175629615784,0.4955222010612488,-0.49947503209114075,0.6828112602233887,0.14638130366802216,0.019978148862719536,0,0.694926917552948,0.1461479663848877,0.30199146270751953,0.5096312761306763,-0.4937407672405243,0.49412214756011963,-0.5023337006568909,1
0.6997583508491516,0.14605383574962616,0.31258106231689453,0.5090797543525696,-0.4956497550010681,0.4957695007324219,-0.49938127398490906,0.6828112602233887,0.14638130366802216,0.019978148862719536,0,0.6945335865020752,0.14616422355175018,0.2997818887233734,0.5092301368713379,-0.4940014183521271,0.4943712055683136,-0.5022392868995667,1
0.6994258761405945,0.14607372879981995,0.31035280227661133,0.5086798667907715,-0.49590757489204407,0.49601641297340393,-0.499287486076355,0.6828112602233887,0.14638130366802216,0.019978148862719536,0,0.6941304206848145,0.14617986977100372,0.2975754141807556,0.5088289380073547,-0.49426209926605225,0.4946199059486389,-0.5021445751190186,1
0.6990832686424255,0.14609304070472717,0.30812734365463257,0.5082798004150391,-0.49616554379463196,0.4962630569934845,-0.49919363856315613,0.6828112602233887,0.14638130366802216,0.019978148862719536,0,0.693717360496521,0.1461949646472931,0.29537269473075867,0.5084275007247925,-0.49452269077301025,0.49486836791038513,-0.5020499229431152,1
0.6987303495407104,0.14611175656318665,0.305905282497406,0.5078795552253723,-0.4964235723018646,0.49650922417640686,-0.4990997612476349,0.6828112602233887,0.14638130366802216,0.019978148862719536,0,0.69329434633255,0.1462094932794571,0.29317396879196167,0.5080261826515198,-0.4947829842567444,0.49511614441871643,-0.5019551515579224,1
0.6983675360679626,0.14612995088100433,0.30368632078170776,0.5074793100357056,-0.4966813921928406,0.4967551529407501,-0.4990057051181793,0.6828112602233887,0.14638130366802216,0.019978148862719536,0,0.6928613185882568,0.14622318744659424,0.29097843170166016,0.5076244473457336,-0.49504342675209045,0.49536383152008057,-0.5018605589866638,1
0.6979947090148926,0.14614729583263397,0.30147069692611694,0.5070785880088806,-0.49693915247917175,0.4970008134841919,-0.4989118278026581,0.6828112602233887,0.14638130366802216,0.019978148862719536,0,0.6924185752868652,0.14623655378818512,0.288786381483078,0.5072225332260132,-0.49530407786369324,0.4956111013889313,-0.5017655491828918,1
0.6976117491722107,0.14616431295871735,0.29925888776779175,0.5066781044006348,-0.4971967339515686,0.49724557995796204,-0.49881795048713684,0.6828112602233887,0.14638130366802216,0.019978148862719536,0,0.6919656991958618,0.14624936878681183,0.2865981161594391,0.5068202614784241,-0.4955647885799408,0.4958580732345581,-0.5016705393791199,1
0.6972188353538513,0.14618079364299774,0.2970499098300934,0.5062775611877441,-0.497454434633255,0.49749037623405457,-0.4987237751483917,0.6828112602233887,0.14638130366802216,0.019978148862719536,0,0.6915029883384705,0.14626160264015198,0.28441375494003296,0.5064181685447693,-0.4958253502845764,0.4961045980453491,-0.5015754103660583,1
0.6968159079551697,0.1461966633796692,0.2948445975780487,0.5058767199516296,-0.4977121651172638,0.4977346956729889,-0.4986295998096466,0.6828112602233887,0.14638130366802216,0.019978148862719536,0,0.6910305619239807,0.14627325534820557,0.2822329103946686,0.5060160160064697,-0.4960860013961792,0.49635088443756104,-0.5014801025390625,1
0.6964031457901001,0.14621201157569885,0.2926429808139801,0.5054759979248047,-0.49796947836875916,0.49797844886779785,-0.498535692691803,0.6828112602233887,0.14638130366802216,0.019978148862719536,0,0.6905483603477478,0.1462843269109726,0.2800559401512146,0.5056135654449463,-0.49634647369384766,0.49659669399261475,-0.5013847351074219,1
0.6959803104400635,0.14622674882411957,0.29044514894485474,0.5050751566886902,-0.4982268810272217,0.49822190403938293,-0.49844151735305786,0.6828112602233887,0.14638130366802216,0.019978148862719536,0,0.6900562047958374,0.14629483222961426,0.27788257598876953,0.505210816860199,-0.49660709500312805,0.4968423843383789,-0.5012892484664917,1
0.6955476403236389,0.1462409496307373,0.28825053572654724,0.5046740770339966,-0.49848440289497375,0.49846506118774414,-0.4983472228050232,0.6828112602233887,0.14638130366802216,0.019978148862719536,0,0.6895543336868286,0.14630450308322906,0.27571356296539307,0.5048080086708069,-0.49686750769615173,0.4970874786376953,-0.5011940598487854,1
0.6951050162315369,0.1462542861700058,0.286060094833374,0.5042729377746582,-0.49874141812324524,0.49870777130126953,-0.49825331568717957,0.6828112602233887,0.14638130366802216,0.019978148862719536,0,0.6890428066253662,0.1463138610124588,0.2735483944416046,0.50440514087677,-0.49712783098220825,0.49733227491378784,-0.5010986328125,1
0.6946524977684021,0.1462676078081131,0.28387314081192017,0.5038719177246094,-0.4989987313747406,0.49894997477531433,-0.49815887212753296,0.6828112602233887,0.14638130366802216,0.019978148862719536,0,0.6885215044021606,0.14632265269756317,0.27138710021972656,0.5040020942687988,-0.49738845229148865,0.49757689237594604,-0.5010027885437012,1
0.694190263748169,0.14628006517887115,0.2816898822784424,0.5034704804420471,-0.49925610423088074,0.49919188022613525,-0.4980645477771759,0.6828112602233887,0.14638130366802216,0.019978148862719536,0,0.6879904270172119,0.1463308334350586,0.26923030614852905,0.5035990476608276,-0.497648686170578,0.4978208541870117,-0.5009073615074158,1
0.6937180757522583,0.14629170298576355,0.2795107066631317,0.5030691027641296,-0.4995129108428955,0.4994335174560547,-0.497970312833786,0.6828112602233887,0.14638130366802216,0.019978148862719536,0,0.6874496340751648,0.14633844792842865,0.2670772671699524,0.5031956434249878,-0.49790921807289124,0.49806466698646545,-0.5008114576339722,1
0.6932360529899597,0.14630302786827087,0.277335524559021,0.5026677250862122,-0.49976998567581177,0.4996744990348816,-0.49787601828575134,0.6828112602233887,0.14638130366802216,0.019978148862719536,0,0.6868994235992432,0.14634549617767334,0.26492828130722046,0.5027921199798584,-0.49816960096359253,0.4983081519603729,-0.5007154941558838,1
0.6927444338798523,0.14631375670433044,0.27516424655914307,0.5022660493850708,-0.5000268816947937,0.4999152421951294,-0.4977816641330719,0.6828112602233887,0.14638130366802216,0.019978148862719536,0,0.6863393783569336,0.14635199308395386,0.2627837061882019,0.5023884177207947,-0.498430073261261,0.49855127930641174,-0.5006194114685059,1
0.6922429800033569,0.14632396399974823,0.27299702167510986,0.5018647313117981,-0.5002838373184204,0.5001552700996399,-0.4976871907711029,0.6828112602233887,0.14638130366802216,0.019978148862719536,0,0.6857696175575256,0.14635759592056274,0.26064324378967285,0.5019843578338623,-0.49869048595428467,0.4987941086292267,-0.5005235075950623,1
0.6917316913604736,0.14633356034755707,0.27083370089530945,0.5014629364013672,-0.5005407333374023,0.5003951787948608,-0.4975927174091339,0.6828112602233887,0.14638130366802216,0.019978148862719536,0,0.6851904392242432,0.14636291563510895,0.2585071623325348,0.5015804767608643,-0.49895092844963074,0.4990365505218506,-0.50042724609375,1
0.691210925579071,0.14634257555007935,0.2686746120452881,0.5010610222816467,-0.50079745054245,0.5006347298622131,-0.4974983334541321,0.6828112602233887,0.14638130366802216,0.019978148862719536,0,0.6846016645431519,0.1463676244020462,0.2563753128051758,0.5011762976646423,-0.4992114305496216,0.49927863478660583,-0.5003308653831482,1
0.6906803250312805,0.14635105431079865,0.26651957631111145,0.5006592869758606,-0.5010539889335632,0.5008738040924072,-0.49740368127822876,0.6828112602233887,0.14638130366802216,0.019978148862719536,0,0.6840033531188965,0.14637179672718048,0.25424790382385254,0.5007721185684204,-0.4994717538356781,0.4995204508304596,-0.5002345442771912,1
0.6901400685310364,0.14635895192623138,0.2643689811229706,0.5002573132514954,-0.5013104677200317,0.5011124014854431,-0.4973093569278717,0.6828112602233887,0.14638130366802216,0.019978148862719536,0,0.6833953857421875,0.1463753581047058,0.25212523341178894,0.5003677606582642,-0.499732106924057,0.49976158142089844,-0.5001381635665894,1
0.6895903944969177,0.14636625349521637,0.2622222900390625,0.4998553991317749,-0.501567006111145,0.5013506412506104,-0.49721482396125793,0.6828112602233887,0.14638130366802216,0.019978148862719536,0,0.6827781200408936,0.14637833833694458,0.25000691413879395,0.4999633729457855,-0.4999922215938568,0.5000027418136597,-0.5000416040420532,1
0.6890308260917664,0.146372988820076,0.2600802779197693,0.49945324659347534,-0.5018233060836792,0.5015885829925537,-0.4971202611923218,0.6828112602233887,0.14638130366802216,0.019978148862719536,1,0.6890308260917664,0.146372988820076,0.2600802779197693,0.49945324659347534,-0.5018233060836792,0.5015885829925537,-0.4971202611923218,0
0.6889247894287109,0.14640353620052338,0.2584560811519623,0.49884501099586487,-0.5024503469467163,0.5021149516105652,-0.49656596779823303,0.6828112602233887,0.14638130366802216,0.019978148862719536,1,0.6890308260917664,0.146372988820076,0.2600802779197693,0.49945324659347534,-0.5018233060836792,0.5015885829925537,-0.4971202611923218,0
0.6890196800231934,0.14641964435577393,0.2573489546775818,0.49833425879478455,-0.5029630064964294,0.5025711059570312,-0.49609804153442383,0.6828112602233887,0.14638130366802216,0.019978148862719536,1,0.6890308260917664,0.146372988820076,0.2600802779197693,0.49945324659347534,-0.5018233060836792,0.5015885829925537,-0.4971202611923218,0
0.6891109943389893,0.14641855657100677,0.25648757815361023,0.4979392886161804,-0.503348708152771,0.5029244422912598,-0.495745450258255,0.6828112602233887,0.14638130366802216,0.019978148862719536,1,0.6890308260917664,0.146372988820076,0.2600802779197693,0.49945324659347534,-0.5018233060836792,0.5015885829925537,-0.4971202611923218,0
0.6891905665397644,0.1464134305715561,0.2557775378227234,0.4976140260696411,-0.503662645816803,0.5032150745391846,-0.49545809626579285,0.6828112602233887,0.14638130366802216,0.019978148862719536,1,0.6890308260917664,0.146372988820076,0.2600802779197693,0.49945324659347534,-0.5018233060836792,0.5015885829925537,-0.4971202611923218,0
0.6892598271369934,0.1464090496301651,0.2551717758178711,0.49733713269233704,-0.5039294958114624,0.5034621357917786,-0.4952138662338257,0.6828112602233887,0.14638130366802216,0.019978148862719536,1,0.6890308260917664,0.146372988820076,0.2600802779197693,0.49945324659347534,-0.5018233060836792,0.5015885829925537,-0.4971202611923218,0
0.6893206238746643,0.14640553295612335,0.25464490056037903,0.49709680676460266,-0.5041610598564148,0.5036762952804565,-0.4950014352798462,0.6828112602233887,0.14638130366802216,0.019978148862719536,1,0.6890308260917664,0.146372988820076,0.2600802779197693,0.49945324659347534,-0.5018233060836792,0.5015885829925537,-0.4971202611923218,0
0.6893750429153442,0.14639882743358612,0.25418564677238464,0.49688461422920227,-0.5043628811836243,0.5038616061210632,-0.494820237159729,0.6827772259712219,0.1469060778617859,0.02028784342110157,1,0.6890308260917664,0.146372988820076,0.2600802779197693,0.49945324659347534,-0.5018233060836792,0.5015885829925537,-0.4971202611923218,0
0.6894232034683228,0.14639462530612946,0.25377923250198364,0.4966992437839508,-0.504540205001831,0.5040267109870911,-0.49465760588645935,0.6826516389846802,0.1471487432718277,0.020255446434020996,1,0.6894232034683228,0.14639462530612946,0.25377923250198364,0.4966992437839508,-0.504540205001831,0.5040267109870911,-0.49465760588645935,0
0.6894803643226624,0.1464042067527771,0.25312867760658264,0.49642497301101685,-0.5048138499259949,0.5042695999145508,-0.4944060444831848,0.6824841499328613,0.147025465965271,0.019710712134838104,1,0.692806601524353,0.14620740711688995,0.2612820863723755,0.5012820959091187,-0.501447319984436,0.5011112093925476,-0.4961394667625427,0
0.6898443102836609,0.14642877876758575,0.2527729868888855,0.49637478590011597,-0.5050286650657654,0.5044166445732117,-0.4940870702266693,0.6826326847076416,0.14690476655960083,0.01958651840686798,1,0.6960577368736267,0.14600969851016998,0.26884180307388306,0.5058438181877136,-0.4983507990837097,0.4981514513492584,-0.4976077973842621,0
0.6905184388160706,0.14643575251102448,0.25297874212265015,0.4966796338558197,-0.5050192475318909,0.5043522119522095,-0.49385592341423035,0.6832013726234436,0.14680960774421692,0.01982206478714943,1,0.6991754770278931,0.1458016335964203,0.27645590901374817,0.5103837251663208,-0.49525055289268494,0.49514827132225037,-0.4990626275539398,0
0.6914684772491455,0.14641661942005157,0.25382199883461,0.497367262840271,-0.504738986492157,0.5040431022644043,-0.4937659800052643,0.6843154430389404,0.14677222073078156,0.020530113950371742,1,0.7021586894989014,0.14558342099189758,0.2841224670410156,0.5149013996124268,-0.49214667081832886,0.49210116267204285,-0.5005042552947998,0
0.6926640272140503,0.14637349545955658,0.25530993938446045,0.49843403697013855,-0.5041804313659668,0.5034814476966858,-0.4938340485095978,0.6860207915306091,0.14681002497673035,0.02174989879131317,1,0.7050065994262695,0.14535513520240784,0.2918391227722168,0.5193969011306763,-0.4890390932559967,0.48901063203811646,-0.5019325017929077,0
0.694068431854248,0.14631010591983795,0.25740954279899597,0.49985450506210327,-0.5033603310585022,0.5026788711547852,-0.49405232071876526,0.6881918907165527,0.14691634476184845,0.023550929501652718,1,0.7077181935310364,0.14511725306510925,0.29960280656814575,0.5238692760467529,-0.4859285056591034,0.4858766794204712,-0.5033470988273621,0
0.6956495642662048,0.14622895419597626,0.26007670164108276,0.5015979409217834,-0.5023000836372375,0.5016502141952515,-0.4944097399711609,0.6907631158828735,0.1470821648836136,0.025911478325724602,1,0.7102926969528198,0.14486944675445557,0.3074120581150055,0.5283183455467224,-0.4828144609928131,0.48269933462142944,-0.504748523235321,0
0.6973781585693359,0.14613217115402222,0.2632622718811035,0.5036318898200989,-0.5010226964950562,0.5004132390022278,-0.494891494512558,0.693683922290802,0.14729620516300201,0.028791842982172966,1,0.7127294540405273,0.1446121335029602,0.31526386737823486,0.5327441096305847,-0.4796971380710602,0.4794790744781494,-0.5061364769935608,0
0.6992263793945312,0.1460203379392624,0.2669205069541931,0.5059254765510559,-0.49954986572265625,0.4989842176437378,-0.4954836964607239,0.6969075798988342,0.14755183458328247,0.032151658087968826,1,0.7150272130966187,0.14434586465358734,0.3231555223464966,0.5371454954147339,-0.47657740116119385,0.4762159287929535,-0.5075106620788574,0
0.701168954372406,0.1458946019411087,0.2710067629814148,0.5084495544433594,-0.49790194630622864,0.49737849831581116,-0.4961726665496826,0.7003903985023499,0.14784270524978638,0.035953339189291,1,0.7171856760978699,0.1440700739622116,0.33108508586883545,0.5415226221084595,-0.47345444560050964,0.4729098975658417,-0.5088714957237244,0
0.7031819224357605,0.14575500786304474,0.27548226714134216,0.5111775994300842,-0.4960973262786865,0.49560990929603577,-0.49694618582725525,0.7040920853614807,0.1481630653142929,0.04016247019171715,1,0.7192039489746094,0.14378532767295837,0.3390498757362366,0.545875072479248,-0.47032883763313293,0.469561368227005,-0.5102187395095825,0
0.7052435278892517,0.14560241997241974,0.28031063079833984,0.5140858292579651,-0.4941529333591461,0.49369123578071594,-0.49779269099235535,0.7079755663871765,0.14850781857967377,0.04474788159132004,1,0.7210816144943237,0.14349181950092316,0.3470470607280731,0.5502021908760071,-0.4672006666660309,0.46617043018341064,-0.511552631855011,0
0.7073338627815247,0.14543673396110535,0.28546011447906494,0.5171523094177246,-0.49208301305770874,0.4916333854198456,-0.49870267510414124,0.7120071649551392,0.14887265861034393,0.04968132823705673,1,0.7228176593780518,0.14318974316120148,0.35507482290267944,0.5545042157173157,-0.46406999230384827,0.4627370834350586,-0.5128727555274963,0
0.7094343900680542,0.14525865018367767,0.2909005284309387,0.5203573703765869,-0.4899016320705414,0.48944640159606934,-0.49966666102409363,0.716156005859375,0.14925357699394226,0.054937202483415604,1,0.7244117856025696,0.14287959039211273,0.3631303906440735,0.5587804317474365,-0.46093711256980896,0.4592612385749817,-0.5141794085502625,0
0.7115285396575928,0.14506839215755463,0.2966068983078003,0.5236842632293701,-0.4876198470592499,0.48713865876197815,-0.5006770491600037,0.7203941941261292,0.14964722096920013,0.06049223616719246,1,0.7258636355400085,0.14256098866462708,0.3712112605571747,0.5630302429199219,-0.4578019678592682,0.455743670463562,-0.5154725313186646,0
0.7136011719703674,0.1448661834001541,0.3025549650192261,0.5271168947219849,-0.4852486550807953,0.4847181439399719,-0.5017268061637878,0.7246963381767273,0.15005053579807281,0.06632521003484726,1,0.7271725535392761,0.14223439991474152,0.3793147802352905,0.5672537088394165,-0.4546647071838379,0.45218425989151,-0.5167519450187683,0
0.7156386375427246,0.1446521133184433,0.3087226152420044,0.5306409597396851,-0.4827975034713745,0.48219239711761475,-0.5028092861175537,0.7290393114089966,0.15046700835227966,0.07241718471050262,1,0.7283381223678589,0.14190007746219635,0.3874380588531494,0.5714499950408936,-0.4515257477760315,0.44858333468437195,-0.5180177092552185,0
0.717628538608551,0.14442701637744904,0.31509077548980713,0.5342443585395813,-0.4802745580673218,0.47956693172454834,-0.5039194822311401,0.7334163784980774,0.1508832722902298,0.07879418134689331,1,0.7293599843978882,0.1415582001209259,0.39557933807373047,0.575619101524353,-0.44838494062423706,0.4449408948421478,-0.5192698240280151,0
0.7195599675178528,0.14419041574001312,0.3216421902179718,0.5379156470298767,-0.4776870906352997,0.47684767842292786,-0.5050525665283203,0.7377792000770569,0.15130241215229034,0.085357666015625,1,0.7302378416061401,0.14120899140834808,0.40373557806015015,0.5797606110572815,-0.4452424645423889,0.44125717878341675,-0.5205082893371582,0
0.721422553062439,0.14394307136535645,0.32836031913757324,0.5416446328163147,-0.4750420153141022,0.4740396738052368,-0.5062039494514465,0.742119312286377,0.15172217786312103,0.09211371093988419,1,0.7309712767601013,0.1408526748418808,0.41190457344055176,0.5838744044303894,-0.44209808111190796,0.4375321567058563,-0.5217331647872925,0
0.7232075929641724,0.14368511736392975,0.3352302610874176,0.545422375202179,-0.47234535217285156,0.4711473882198334,-0.507370114326477,0.7464301586151123,0.1521405726671219,0.09906675666570663,1,0.731560230255127,0.14048945903778076,0.4200833737850189,0.5879596471786499,-0.43895262479782104,0.4337664544582367,-0.5229442119598389,0
0.7249069809913635,0.1434165984392166,0.34223848581314087,0.5492405891418457,-0.469602108001709,0.4681749939918518,-0.5085476040840149,0.7507030963897705,0.15255206823349,0.10620806366205215,1,0.7320044636726379,0.14011983573436737,0.4282693862915039,0.5920161604881287,-0.4358060657978058,0.42995986342430115,-0.5241416692733765,0
0.7265137434005737,0.14313800632953644,0.3493724763393402,0.5530920624732971,-0.4668172597885132,0.4651261270046234,-0.5097336173057556,0.7549002766609192,0.15299637615680695,0.1135319396853447,1,0.7323038578033447,0.13974347710609436,0.4364604651927948,0.5960434675216675,-0.4326580762863159,0.42611297965049744,-0.5253254175186157,0
0.728020966053009,0.14284975826740265,0.3566206991672516,0.5569703578948975,-0.46399518847465515,0.4620043635368347,-0.5109249949455261,0.7590495347976685,0.15339139103889465,0.12100820243358612,1,0.732458233833313,0.13936090469360352,0.44465386867523193,0.6000417470932007,-0.4295089840888977,0.42222562432289124,-0.5264952778816223,0
0.7294232249259949,0.1425519734621048,0.3639729619026184,0.5608694553375244,-0.46113938093185425,0.45881223678588867,-0.512120246887207,0.7631226181983948,0.15378177165985107,0.12863190472126007,1,0.7324677109718323,0.13897232711315155,0.4528466463088989,0.6040099859237671,-0.4263593852519989,0.41829830408096313,-0.5276514291763306,0
0.7307154536247253,0.1422448605298996,0.3714188039302826,0.5647838115692139,-0.4582537114620209,0.45555320382118225,-0.5133165717124939,0.7671082615852356,0.15416988730430603,0.1363932192325592,1,0.7323320508003235,0.13857798278331757,0.46103692054748535,0.6079484820365906,-0.42320871353149414,0.4143308997154236,-0.5287938714027405,0
0.7318931221961975,0.14192888140678406,0.3789496123790741,0.568709135055542,-0.45534083247184753,0.4522291123867035,-0.5145127177238464,0.7709969878196716,0.1545560359954834,0.1442817598581314,1,0.7320513725280762,0.13817808032035828,0.46922141313552856,0.61185622215271,-0.4200577139854431,0.4103239178657532,-0.529922366142273,0
0.7329520583152771,0.14160406589508057,0.3865566849708557,0.5726405382156372,-0.4524037837982178,0.4488426744937897,-0.5157071948051453,0.7747863531112671,0.15493541955947876,0.1523311734199524,1,0.7316259145736694,0.13777288794517517,0.47739797830581665,0.6157333254814148,-0.41690605878829956,0.4062774181365967,-0.5310370326042175,0
0.7338889241218567,0.14127092063426971,0.3942321538925171,0.5765746831893921,-0.4494446814060211,0.4453957974910736,-0.5168979167938232,0.7784633040428162,0.15531060099601746,0.16044975817203522,1,0.731055498123169,0.13736259937286377,0.4855644702911377,0.619579553604126,-0.41375380754470825,0.40219125151634216,-0.5321381688117981,0
0.7347004413604736,0.14092954993247986,0.40196889638900757,0.5805078148841858,-0.44646602869033813,0.44189050793647766,-0.5180844068527222,0.7820243835449219,0.15567807853221893,0.16867195069789886,1,0.7303405404090881,0.13694776594638824,0.493717223405838,0.6233940124511719,-0.4106016457080841,0.39806661009788513,-0.5332252383232117,0
0.7353837490081787,0.14058026671409607,0.409760057926178,0.5844369530677795,-0.4434695541858673,0.4383283853530884,-0.5192652344703674,0.7854653000831604,0.15603740513324738,0.17699407041072845,1,0.7294813394546509,0.13652804493904114,0.5018545985221863,0.6271770000457764,-0.407448947429657,0.39390262961387634,-0.5342985391616821,0
0.73593670129776,0.1402234584093094,0.417598694562912,0.5883588790893555,-0.4404573440551758,0.4347110092639923,-0.5204396843910217,0.7887815833091736,0.15638838708400726,0.18540900945663452,1,0.7284778952598572,0.13610397279262543,0.5099735856056213,0.630927562713623,-0.4042966961860657,0.38970038294792175,-0.5353578925132751,0
0.7363569736480713,0.13985948264598846,0.42547935247421265,0.592271625995636,-0.4374305009841919,0.43103981018066406,-0.5216067433357239,0.7919694185256958,0.15672904253005981,0.19391144812107086,1,0.7273308634757996,0.13567575812339783,0.5180716514587402,0.6346457004547119,-0.40114450454711914,0.38545992970466614,-0.5364032983779907,0
0.7366426587104797,0.13948822021484375,0.4333958923816681,0.5961720943450928,-0.4343910813331604,0.4273163080215454,-0.5227656364440918,0.7950188517570496,0.157105952501297,0.2024802416563034,1,0.7260403037071228,0.13524366915225983,0.5261467099189758,0.6383310556411743,-0.3979923129081726,0.3811812102794647,-0.5374349355697632,0
0.7367925643920898,0.13911034166812897,0.4413425922393799,0.6000587344169617,-0.43134021759033203,0.4235418140888214,-0.5239153504371643,0.7979283928871155,0.15743014216423035,0.21113626658916473,1,0.7245125770568848,0.13478057086467743,0.5346974730491638,0.6422103643417358,-0.3946438431739807,0.3765936493873596,-0.5385156869888306,0
0.7368108630180359,0.13872544467449188,0.44934242963790894,0.6039445996284485,-0.42827168107032776,0.41970402002334595,-0.525054931640625,0.8007171750068665,0.15773369371891022,0.2198946475982666,1,0.7228235602378845,0.1343136429786682,0.5432168245315552,0.6460523009300232,-0.39129534363746643,0.3719632625579834,-0.5395809412002563,0
0.7366910576820374,0.1383320689201355,0.4574007987976074,0.6078318953514099,-0.4251796007156372,0.41579878330230713,-0.5261882543563843,0.8033803701400757,0.15803435444831848,0.22875559329986572,1,0.7209746837615967,0.13384345173835754,0.5517003536224365,0.6498557329177856,-0.38794827461242676,0.3672908544540405,-0.5406302213668823,0
0.7364281415939331,0.13792993128299713,0.46551480889320374,0.6117187142372131,-0.42206332087516785,0.4118247330188751,-0.5273169875144958,0.8059113025665283,0.1583317220211029,0.2377171367406845,1,0.7189657092094421,0.13336977362632751,0.5601457953453064,0.6536206603050232,-0.3846016228199005,0.36257657408714294,-0.5416638851165771,0
0.7360177040100098,0.1375196874141693,0.47367995977401733,0.615602433681488,-0.418923556804657,0.40778258442878723,-0.5284411311149597,0.808306097984314,0.1586277186870575,0.24677206575870514,1,0.7167982459068298,0.1328931301832199,0.5685498714447021,0.6573466658592224,-0.3812560737133026,0.35782042145729065,-0.542681872844696,0
0.7354570627212524,0.13710173964500427,0.4818882346153259,0.6194796562194824,-0.41576215624809265,0.4036746025085449,-0.5295597314834595,0.8105568289756775,0.15891771018505096,0.2559163272380829,1,0.7144726514816284,0.132413849234581,0.5769095420837402,0.6610332727432251,-0.37791186571121216,0.35302338004112244,-0.5436838269233704,0
0.7347433567047119,0.13667649030685425,0.49013349413871765,0.6233478784561157,-0.4125809967517853,0.3995012938976288,-0.5306721925735474,0.8126584887504578,0.1592005044221878,0.2651430368423462,1,0.7119895219802856,0.13193216919898987,0.5852222442626953,0.6646800637245178,-0.37456902861595154,0.3481850326061249,-0.5446701049804688,0
0.7338752150535583,0.13624444603919983,0.49840736389160156,0.6272035837173462,-0.4093819558620453,0.3952653706073761,-0.5317774415016174,0.8146069049835205,0.15947601199150085,0.274444580078125,1,0.7093501687049866,0.1314486861228943,0.5934845209121704,0.668286919593811,-0.37122759222984314,0.34330615401268005,-0.5456402897834778,0
0.7328509092330933,0.13580633699893951,0.5067031383514404,0.6310442090034485,-0.40616706013679504,0.3909686505794525,-0.5328741669654846,0.8163984417915344,0.1597442477941513,0.2838131785392761,1,0.7065552473068237,0.13096319139003754,0.6016938090324402,0.671853244304657,-0.36788782477378845,0.3383867144584656,-0.54659503698349,0
0.7316699028015137,0.13536213338375092,0.5150136947631836,0.6348671317100525,-0.40293776988983154,0.3866124153137207,-0.5339622497558594,0.8180299401283264,0.16000528633594513,0.2932414412498474,1,0.7036061882972717,0.1304761916399002,0.609846830368042,0.6753785610198975,-0.3645499050617218,0.33342769742012024,-0.5475336313247681,0
0.730330765247345,0.13491235673427582,0.5233322381973267,0.6386697888374329,-0.3996957242488861,0.382198691368103,-0.5350403785705566,0.819498598575592,0.1602591723203659,0.3027222454547882,1,0.7005034685134888,0.12998796999454498,0.6179412007331848,0.6788627505302429,-0.3612138032913208,0.3284285068511963,-0.5484564900398254,0
0.7288331389427185,0.13445746898651123,0.5316529273986816,0.6424503326416016,-0.39644232392311096,0.37772873044013977,-0.5361081957817078,0.8208019733428955,0.16050605475902557,0.3122488558292389,1,0.6972485184669495,0.12949886918067932,0.6259737014770508,0.6823054552078247,-0.35787951946258545,0.3233899176120758,-0.5493636727333069,0
0.7271769642829895,0.1339980661869049,0.5399693846702576,0.6462066173553467,-0.3931787312030792,0.37320390343666077,-0.5371649861335754,0.8219380378723145,0.16074611246585846,0.32181480526924133,1,0.6938426494598389,0.129009410738945,0.6339412331581116,0.6857060194015503,-0.35454806685447693,0.31831255555152893,-0.5502544641494751,0
0.7253614664077759,0.13353410363197327,0.5482763648033142,0.6499367952346802,-0.38990625739097595,0.3686259090900421,-0.5382101535797119,0.8229049444198608,0.1609794944524765,0.3314138650894165,1,0.6902867555618286,0.12851932644844055,0.641841471195221,0.6890643239021301,-0.35121843218803406,0.3131965100765228,-0.5511295199394226,0
0.7233873605728149,0.13306613266468048,0.5565680265426636,0.6536391377449036,-0.3866259753704071,0.36399561166763306,-0.5392432808876038,0.8237012624740601,0.1612064093351364,0.3410402238368988,1,0.6865822672843933,0.1280292123556137,0.6496716141700745,0.6923799514770508,-0.3478914201259613,0.3080417513847351,-0.5519888401031494,0
0.7212541103363037,0.13259470462799072,0.5648391842842102,0.6573122143745422,-0.38333913683891296,0.35931459069252014,-0.5402636528015137,0.824325680732727,0.16142696142196655,0.35068807005882263,1,0.6827306151390076,0.12753936648368835,0.6574281454086304,0.695652425289154,-0.3445672392845154,0.30284956097602844,-0.5528318881988525,0
0.7189622521400452,0.1321200728416443,0.5730851292610168,0.6609545350074768,-0.3800462484359741,0.3545833230018616,-0.5412711501121521,0.8247772455215454,0.1616414487361908,0.3603520095348358,1,0.6789720058441162,0.12707878649234772,0.6646597385406494,0.698692798614502,-0.34144094586372375,0.2979278862476349,-0.5536110997200012,0
0.7165147066116333,0.13164368271827698,0.5812761783599854,0.6645517349243164,-0.376755028963089,0.3498179614543915,-0.5422674417495728,0.8250507116317749,0.16184782981872559,0.36999785900115967,1,0.675085723400116,0.12661892175674438,0.6718213558197021,0.7016944289207458,-0.3383174538612366,0.2929733097553253,-0.554375946521759,0
0.713919997215271,0.1311674416065216,0.5893973112106323,0.6680993437767029,-0.37347331643104553,0.345026433467865,-0.5432472825050354,0.8251484036445618,0.16204769909381866,0.3796082139015198,1,0.6710725426673889,0.12616023421287537,0.6789113283157349,0.7046573162078857,-0.3351965546607971,0.2879859209060669,-0.555126428604126,0
0.7111833691596985,0.13069163262844086,0.5974434614181519,0.6715969443321228,-0.3702032268047333,0.34021076560020447,-0.5442091822624207,0.825073778629303,0.1622418612241745,0.3891749083995819,1,0.6669337153434753,0.12570245563983917,0.6859273910522461,0.7075807452201843,-0.3320784568786621,0.28296589851379395,-0.5558630228042603,0
0.708308219909668,0.13021668791770935,0.6054108142852783,0.6750445365905762,-0.3669458329677582,0.3353725075721741,-0.5451520681381226,0.8248297572135925,0.16243065893650055,0.39869391918182373,1,0.6626708507537842,0.1252460777759552,0.6928673982620239,0.710464358329773,-0.32896339893341064,0.2779137194156647,-0.5565853118896484,0
0.7052974700927734,0.12974251806735992,0.6132981777191162,0.6784427762031555,-0.3637004494667053,0.3305113911628723,-0.5460764765739441,0.8244189620018005,0.16261430084705353,0.40816327929496765,1,0.6582850217819214,0.12479132413864136,0.6997290253639221,0.7133081555366516,-0.3258513808250427,0.27282992005348206,-0.5572935342788696,0
0.7021524906158447,0.12926918268203735,0.621105432510376,0.6817924380302429,-0.3604668080806732,0.32562705874443054,-0.5469822883605957,0.8238434791564941,0.16279307007789612,0.41758209466934204,1,0.6537779569625854,0.12433841079473495,0.7065100073814392,0.7161117792129517,-0.3227425515651703,0.26771441102027893,-0.5579874515533447,0
0.6988750696182251,0.12879635393619537,0.6288320422172546,0.6850941181182861,-0.35724392533302307,0.32071933150291443,-0.5478703379631042,0.8231052756309509,0.1629672646522522,0.4269499182701111,1,0.6491508483886719,0.1238875612616539,0.7132083177566528,0.7188750505447388,-0.31963714957237244,0.2625677287578583,-0.558667004108429,0
0.6954659819602966,0.12832479178905487,0.6364783644676208,0.6883488297462463,-0.35403138399124146,0.315786749124527,-0.548740565776825,0.8222060203552246,0.16313713788986206,0.43626639246940613,1,0.6444051265716553,0.12343902885913849,0.7198220491409302,0.7215975522994995,-0.31653502583503723,0.25738975405693054,-0.559332549571991,0
0.6919268369674683,0.12785397469997406,0.6440437436103821,0.6915572881698608,-0.3508278429508209,0.31082916259765625,-0.5495939254760742,0.8211472630500793,0.16330301761627197,0.4455312192440033,1,0.6395424604415894,0.12299300730228424,0.7263486385345459,0.7242791652679443,-0.3134365379810333,0.2521814703941345,-0.5599836707115173,0
0.6882582306861877,0.12738434970378876,0.6515282392501831,0.6947202086448669,-0.3476329743862152,0.305845707654953,-0.5504301190376282,0.819930374622345,0.163465216755867,0.4547439217567444,1,0.6345643997192383,0.12254993617534637,0.7327864170074463,0.7269193530082703,-0.3103417456150055,0.2469426989555359,-0.5606205463409424,0
0.6844611167907715,0.12691614031791687,0.6589316129684448,0.6978381872177124,-0.3444457948207855,0.30083537101745605,-0.5512503981590271,0.8185567259788513,0.1636240929365158,0.46390384435653687,1,0.6294724345207214,0.12210958451032639,0.7391332387924194,0.7295179963111877,-0.3072507679462433,0.24167414009571075,-0.5612432956695557,0
0.680536687374115,0.126449316740036,0.6662530303001404,0.7009114027023315,-0.34126609563827515,0.29579806327819824,-0.5520543456077576,0.8170275688171387,0.16377989947795868,0.47301021218299866,1,0.6242682337760925,0.1216723844408989,0.745387077331543,0.7320747971534729,-0.30416348576545715,0.23637574911117554,-0.5618517994880676,0
0.6764861941337585,0.12598411738872528,0.6734914183616638,0.7039405107498169,-0.3380933105945587,0.29073336720466614,-0.5528424978256226,0.8153441548347473,0.1639329344034195,0.48206210136413574,1,0.618953287601471,0.12123856693506241,0.7515462636947632,0.7345895171165466,-0.30108046531677246,0.2310483306646347,-0.562445878982544,0
0.6723102331161499,0.1255204677581787,0.6806464791297913,0.7069255709648132,-0.334926575422287,0.2856404483318329,-0.5536152720451355,0.8135077357292175,0.16408352553844452,0.4910584092140198,1,0.6135296821594238,0.12080831080675125,0.7576084136962891,0.7370619773864746,-0.29800134897232056,0.22569164633750916,-0.5630258321762085,0
0.668010413646698,0.12505914270877838,0.6877166628837585,0.7098671197891235,-0.3317662179470062,0.28051966428756714,-0.5543721914291382,0.8115194439888,0.16423194110393524,0.4999978542327881,1,0.6079990863800049,0.12038183212280273,0.7635715007781982,0.7394917011260986,-0.29492679238319397,0.22030670940876007,-0.5635912418365479,0
0.6635876297950745,0.12459956854581833,0.6947011351585388,0.7127648591995239,-0.32861122488975525,0.2753705680370331,-0.555114209651947,0.8093804717063904,0.16437852382659912,0.5088790655136108,1,0.6023626327514648,0.11995932459831238,0.7694344520568848,0.7418787479400635,-0.29185619950294495,0.21489299833774567,-0.5641425848007202,0
0.6590429544448853,0.12414246797561646,0.7015987634658813,0.7156195044517517,-0.32546183466911316,0.2701924741268158,-0.5558410882949829,0.8070920705795288,0.16452348232269287,0.5177005529403687,1,0.5962607860565186,0.11951498687267303,0.7755511999130249,0.7443677186965942,-0.2885986566543579,0.20911049842834473,-0.5647125244140625,0
0.6543665528297424,0.12368633598089218,0.7084285616874695,0.7184417247772217,-0.32231083512306213,0.26496827602386475,-0.5565510392189026,0.8046502470970154,0.1646687388420105,0.5264868140220642,1,0.5900439620018005,0.11907582730054855,0.7815502285957336,0.7468077540397644,-0.28534623980522156,0.20329654216766357,-0.5652663707733154,0
0.6495503783226013,0.1232302337884903,0.7151970267295837,0.7212334871292114,-0.3191513419151306,0.25969138741493225,-0.5572476387023926,0.8020506501197815,0.16481345891952515,0.5352474451065063,1,0.5837149620056152,0.11864162236452103,0.7874289751052856,0.7491984963417053,-0.28209948539733887,0.19745220243930817,-0.5658037662506104,0
0.6445907354354858,0.12277412414550781,0.7219043374061584,0.723994255065918,-0.31598135828971863,0.2543594241142273,-0.5579330325126648,0.7992903590202332,0.16495762765407562,0.5439836382865906,1,0.5772753953933716,0.11821280419826508,0.7931857705116272,0.7515397667884827,-0.27885785698890686,0.19157734513282776,-0.566325306892395,0
0.6394867300987244,0.12231874465942383,0.7285474538803101,0.7267230749130249,-0.31280088424682617,0.24897240102291107,-0.5586070418357849,0.7963678240776062,0.16510160267353058,0.5526927709579468,1,0.5707279443740845,0.1177896037697792,0.7988184690475464,0.7538312673568726,-0.2756219208240509,0.18567243218421936,-0.5668303370475769,0
0.6342390775680542,0.12186465412378311,0.7351221442222595,0.7294184565544128,-0.3096100986003876,0.2435312122106552,-0.5592698454856873,0.793282687664032,0.16524578630924225,0.5613701343536377,1,0.5640752911567688,0.11737225204706192,0.804324746131897,0.7560722827911377,-0.2723919451236725,0.17973847687244415,-0.567319393157959,0
0.6288496851921082,0.12141259014606476,0.7416229248046875,0.7320786118507385,-0.306410551071167,0.23803767561912537,-0.5599209666252136,0.7900353074073792,0.16539056599140167,0.5700100660324097,1,0.5573191046714783,0.11696115136146545,0.8097031712532043,0.7582635283470154,-0.26916763186454773,0.1737750619649887,-0.5677918195724487,0
0.6233203411102295,0.12096288055181503,0.7480451464653015,0.7347023487091064,-0.3032030761241913,0.23249293863773346,-0.5605599284172058,0.786626398563385,0.16553623974323273,0.5786066055297852,1,0.5504623055458069,0.1165560781955719,0.814951479434967,0.7604035139083862,-0.2659491300582886,0.16778314113616943,-0.5682483911514282,0
0.6176537275314331,0.12051577866077423,0.7543835043907166,0.7372878193855286,-0.2999888062477112,0.22689908742904663,-0.5611863732337952,0.7830570936203003,0.1656830757856369,0.5871536731719971,1,0.5435073971748352,0.11615747213363647,0.8200678825378418,0.762492835521698,-0.2627370059490204,0.16176310181617737,-0.5686885118484497,0
0.6118521690368652,0.12007207423448563,0.7606332302093506,0.7398338913917542,-0.2967688739299774,0.22125719487667084,-0.561799943447113,0.7793287038803101,0.16583134233951569,0.5956454277038574,1,0.5364564061164856,0.1157655268907547,0.8250507116317749,0.7645307183265686,-0.2595307528972626,0.15571501851081848,-0.5691126585006714,0
0.6059190034866333,0.11963183432817459,0.7667890191078186,0.742339015007019,-0.29354479908943176,0.2155701220035553,-0.5623998641967773,0.7754428386688232,0.16598135232925415,0.6040762662887573,1,0.5293126702308655,0.11538039892911911,0.8298976421356201,0.7665174007415771,-0.256331205368042,0.1496398001909256,-0.5695202946662903,0
0.5998564958572388,0.11919555813074112,0.7728467583656311,0.7448021173477173,-0.2903170585632324,0.20983831584453583,-0.5629863739013672,0.7714011669158936,0.16613329946994781,0.6124407052993774,1,0.5220780372619629,0.11500251293182373,0.8346076607704163,0.7684521675109863,-0.25313812494277954,0.14353783428668976,-0.5699115991592407,0
0.5936679840087891,0.1187635064125061,0.7788020968437195,0.7472221851348877,-0.28708669543266296,0.20406398177146912,-0.5635583400726318,0.767203688621521,0.16629286110401154,0.6207336187362671,1,0.5147554278373718,0.11463160067796707,0.8391786813735962,0.7703349590301514,-0.24995170533657074,0.13740921020507812,-0.570286750793457,0
0.5873565673828125,0.11833596229553223,0.7846505641937256,0.7495976090431213,-0.28385522961616516,0.19824887812137604,-0.5641160011291504,0.7628553509712219,0.16644981503486633,0.6289503574371338,1,0.5073469877243042,0.11426807194948196,0.8436094522476196,0.7721653580665588,-0.24677160382270813,0.1312543749809265,-0.5706456899642944,0
0.5809246301651001,0.11791341006755829,0.7903889417648315,0.7519280314445496,-0.2806229591369629,0.1923934519290924,-0.5646589994430542,0.7583574652671814,0.16660822927951813,0.6370858550071716,1,0.4998561143875122,0.11391210556030273,0.847898006439209,0.773943305015564,-0.24359889328479767,0.12507423758506775,-0.5709882974624634,0
0.5743749141693115,0.11749584972858429,0.796013593673706,0.7542122006416321,-0.2773903012275696,0.18649892508983612,-0.5651872158050537,0.7537115812301636,0.1667695939540863,0.645135760307312,1,0.4922851622104645,0.11356383562088013,0.852043092250824,0.7756686806678772,-0.2404329776763916,0.11886905133724213,-0.5713144540786743,0
0.5677109956741333,0.11708378046751022,0.8015208840370178,0.7564495801925659,-0.2741584777832031,0.18056750297546387,-0.5657000541687012,0.7489198446273804,0.16693416237831116,0.6530959606170654,1,0.4846368432044983,0.11322362720966339,0.8560429811477661,0.7773409485816956,-0.23727409541606903,0.11263888329267502,-0.5716245174407959,0
0.560935378074646,0.116677425801754,0.806907594203949,0.7586390376091003,-0.27092787623405457,0.17459966242313385,-0.5661976337432861,0.7439844608306885,0.1671021580696106,0.6609625816345215,1,0.47691410779953003,0.11289123445749283,0.8598963618278503,0.7789599299430847,-0.2341226488351822,0.10638514906167984,-0.5719180107116699,0
0.5540511608123779,0.11627702414989471,0.8121710419654846,0.7607802152633667,-0.26769912242889404,0.16859622299671173,-0.5666796565055847,0.7389076352119446,0.1672738492488861,0.6687317490577698,1,0.4691193103790283,0.11256701499223709,0.8636019229888916,0.7805253863334656,-0.23097828030586243,0.10010719299316406,-0.5721954107284546,0
0.547061026096344,0.11588277667760849,0.8173081278800964,0.7628724575042725,-0.26447245478630066,0.16255830228328705,-0.5671461224555969,0.7336916923522949,0.1674494594335556,0.6763999462127686,1,0.46125537157058716,0.11225107312202454,0.8671585321426392,0.7820373177528381,-0.22784143686294556,0.09380589425563812,-0.5724563002586365,0
0.5399680733680725,0.11549492180347443,0.8223162293434143,0.7649147510528564,-0.2612486779689789,0.15648704767227173,-0.5675967931747437,0.7283389568328857,0.1676291823387146,0.6839637160301208,1,0.45332589745521545,0.11194359511137009,0.870564341545105,0.7834951281547546,-0.22471250593662262,0.08748246729373932,-0.5727008581161499,0
0.532775342464447,0.11511387676000595,0.827192485332489,0.7669070363044739,-0.25802817940711975,0.15038326382637024,-0.5680316090583801,0.7228518128395081,0.167813241481781,0.6914196610450745,1,0.4453325569629669,0.11164482682943344,0.8738187551498413,0.7848989963531494,-0.22159120440483093,0.0811363160610199,-0.5729290246963501,0
0.5254856944084167,0.11473961919546127,0.8319348096847534,0.7688484191894531,-0.25481149554252625,0.14424805343151093,-0.5684502124786377,0.7172327637672424,0.16800184547901154,0.6987648010253906,1,0.43727898597717285,0.11135458201169968,0.8769204020500183,0.7862482666969299,-0.21847762167453766,0.07476846128702164,-0.5731412172317505,0
0.5181017518043518,0.11437256634235382,0.8365409970283508,0.7707386612892151,-0.25159844756126404,0.13808144629001617,-0.5688529014587402,0.7114842534065247,0.16819524765014648,0.705996036529541,1,0.4291675388813019,0.11107314378023148,0.8798681497573853,0.7875431776046753,-0.21537187695503235,0.06837891042232513,-0.5733367204666138,0
0.5106269121170044,0.1140126883983612,0.8410085439682007,0.7725769877433777,-0.2483900636434555,0.13188496232032776,-0.5692393183708191,0.7056087851524353,0.16839365661144257,0.7131105661392212,1,0.4210020899772644,0.11080057919025421,0.8826608061790466,0.788783073425293,-0.21227458119392395,0.061969175934791565,-0.5735159516334534,0
0.5030641555786133,0.11366038024425507,0.8453351259231567,0.7743632197380066,-0.2451862394809723,0.1256590038537979,-0.5696095824241638,0.6996089816093445,0.16859722137451172,0.7201055288314819,1,0.412784606218338,0.11053704470396042,0.8852977752685547,0.7899680733680725,-0.20918521285057068,0.05553848668932915,-0.5736787915229797,0
0.4954162538051605,0.1133156269788742,0.8495193123817444,0.776096761226654,-0.2419874519109726,0.11940465122461319,-0.5699635148048401,0.6934874653816223,0.16880616545677185,0.7269782423973083,1,0.4045182466506958,0.11028273403644562,0.8877778053283691,0.7910978198051453,-0.2061043530702591,0.049088187515735626,-0.5738252997398376,0
0.48768630623817444,0.11297877877950668,0.8535588383674622,0.7777773141860962,-0.23879380524158478,0.11312217265367508,-0.5703010559082031,0.6872467994689941,0.16902072727680206,0.7337261438369751,1,0.3962063789367676,0.11003748327493668,0.8901001214981079,0.7921722531318665,-0.203031986951828,0.04261842742562294,-0.5739554166793823,0
0.47987768054008484,0.11264999210834503,0.8574516177177429,0.7794044613838196,-0.2356058806180954,0.10681277513504028,-0.570621907711029,0.6808897256851196,0.1692410409450531,0.7403467297554016,1,0.3878513276576996,0.10980148613452911,0.8922640085220337,0.7931908965110779,-0.1999678611755371,0.03612944856286049,-0.5740693211555481,0
0.4719923436641693,0.11232940107584,0.8611968159675598,0.7809780240058899,-0.23242352902889252,0.10047642141580582,-0.5709264874458313,0.6744189262390137,0.16946734488010406,0.7468376159667969,1,0.3794568181037903,0.10957483947277069,0.8942685127258301,0.7941538095474243,-0.19691286981105804,0.029622383415699005,-0.5741667151451111,0
0.4640343487262726,0.11201702058315277,0.8647920489311218,0.7824971675872803,-0.2292473465204239,0.09411460161209106,-0.5712146162986755,0.6678370237350464,0.16969987750053406,0.7531965374946594,1,0.3710257411003113,0.10935762524604797,0.8961130976676941,0.7950607538223267,-0.19386644661426544,0.023097477853298187,-0.5742478966712952,0
0.4560064375400543,0.11171314120292664,0.8682360649108887,0.7839620113372803,-0.22607731819152832,0.08772732317447662,-0.5714860558509827,0.6611469984054565,0.16993874311447144,0.7594212889671326,1,0.3625604212284088,0.1091499999165535,0.8977970480918884,0.7959117293357849,-0.1908288449048996,0.016554540023207664,-0.5743123888969421,0
