0.3625604212284088,0.1091499999165535,0.8977970480918884,0.7959117293357849,-0.1908288449048996,0.016554540023207664,-0.5743123888969421,0.692677915096283,0.1525830179452896,0.019999999552965164,0,0.3625604212284088,0.1091499999165535,0.8977970480918884,0.7959117293357849,-0.1908288449048996,0.016554540023207664,-0.5743123888969421,1
0.3628040552139282,0.10916154831647873,0.8976776003837585,0.7959170937538147,-0.19090838730335236,0.016660241410136223,-0.5742754340171814,0.692677915096283,0.1525830179452896,0.01981772482395172,0,0.3625604212284088,0.1091499999165535,0.8977970480918884,0.7959117293357849,-0.1908288449048996,0.016554540023207664,-0.5743123888969421,1
0.3632446825504303,0.10916890949010849,0.8974825739860535,0.7959179878234863,-0.1910729855298996,0.016885489225387573,-0.574212908744812,0.692677915096283,0.1525830179452896,0.019884353503584862,0,0.3625604212284088,0.1091499999165535,0.8977970480918884,0.7959117293357849,-0.1908288449048996,0.016554540023207664,-0.5743123888969421,1
0.36376747488975525,0.10917111486196518,0.8972581028938293,0.7959133982658386,-0.1912766695022583,0.017166968435049057,-0.5741432309150696,0.692677915096283,0.1525830179452896,0.019923372194170952,0,0.3625604212284088,0.1091499999165535,0.8977970480918884,0.7959117293357849,-0.1908288449048996,0.016554540023207664,-0.5743123888969421,1
0.3643089532852173,0.10917005687952042,0.8970283269882202,0.7959052920341492,-0.1914910078048706,0.01746424101293087,-0.5740739107131958,0.692677915096283,0.1525830179452896,0.019946129992604256,0,0.3625604212284088,0.1091499999165535,0.8977970480918884,0.7959117293357849,-0.1908288449048996,0.016554540023207664,-0.5743123888969421,1
0.36483412981033325,0.10916749387979507,0.8968064785003662,0.7958957552909851,-0.19170089066028595,0.017755331471562386,-0.5740082263946533,0.692677915096283,0.1525830179452896,0.019959425553679466,0,0.3625604212284088,0.1091499999165535,0.8977970480918884,0.7959117293357849,-0.1908288449048996,0.016554540023207664,-0.5743123888969421,1
0.3653259873390198,0.10916423052549362,0.8965990543365479,0.7958859801292419,-0.19189804792404175,0.01802937313914299,-0.5739471912384033,0.692677915096283,0.1525830179452896,0.019967196509242058,0,0.3625604212284088,0.1091499999165535,0.8977970480918884,0.7959117293357849,-0.1908288449048996,0.016554540023207664,-0.5743123888969421,1
0.36577728390693665,0.10916095972061157,0.89640873670578,0.7958768010139465,-0.19207923114299774,0.01828133687376976,-0.5738914608955383,0.692677915096283,0.1525830179452896,0.01997174322605133,0,0.3625604212284088,0.1091499999165535,0.8977970480918884,0.7959117293357849,-0.1908288449048996,0.016554540023207664,-0.5743123888969421,1
0.366186261177063,0.10915781557559967,0.8962359428405762,0.7958679795265198,-0.1922435611486435,0.018509861081838608,-0.5738412737846375,0.692677915096283,0.1525830179452896,0.019974403083324432,0,0.3625604212284088,0.1091499999165535,0.8977970480918884,0.7959117293357849,-0.1908288449048996,0.016554540023207664,-0.5743123888969421,1
0.3665536642074585,0.1091550812125206,0.8960806727409363,0.7958602905273438,-0.19239117205142975,0.01871492713689804,-0.5737957954406738,0.692677915096283,0.1525830179452896,0.01997595839202404,0,0.3625604212284088,0.1091499999165535,0.8977970480918884,0.7959117293357849,-0.1908288449048996,0.016554540023207664,-0.5743123888969421,1
0.36688217520713806,0.10915274918079376,0.895941436290741,0.7958534359931946,-0.1925230473279953,0.018898339942097664,-0.5737552642822266,0.692677915096283,0.1525830179452896,0.019976869225502014,0,0.3625604212284088,0.1091499999165535,0.8977970480918884,0.7959117293357849,-0.1908288449048996,0.016554540023207664,-0.5743123888969421,1
0.3671749234199524,0.10915068536996841,0.8958170413970947,0.7958471775054932,-0.1926405429840088,0.019061513245105743,-0.5737189054489136,0.692677915096283,0.1525830179452896,0.019977401942014694,0,0.3625604212284088,0.1091499999165535,0.8977970480918884,0.7959117293357849,-0.1908288449048996,0.016554540023207664,-0.5743123888969421,1
0.36743536591529846,0.10914917290210724,0.8957062363624573,0.7958419322967529,-0.19274485111236572,0.019206577911973,-0.5736864805221558,0.692677915096283,0.1525830179452896,0.019977713003754616,0,0.3625604212284088,0.1091499999165535,0.8977970480918884,0.7959117293357849,-0.1908288449048996,0.016554540023207664,-0.5743123888969421,1
0.3676663637161255,0.10914792865514755,0.8956077694892883,0.7958371639251709,-0.19283725321292877,0.019334783777594566,-0.5736575722694397,0.692677915096283,0.1525830179452896,0.01997789368033409,0,0.3625604212284088,0.1091499999165535,0.8977970480918884,0.7959117293357849,-0.1908288449048996,0.016554540023207664,-0.5743123888969421,1
0.3678717017173767,0.10914682596921921,0.8955199718475342,0.7958332300186157,-0.1929192990064621,0.019448645412921906,-0.573631763458252,0.692677915096283,0.1525830179452896,0.019978001713752747,0,0.3625604212284088,0.1091499999165535,0.8977970480918884,0.7959117293357849,-0.1908288449048996,0.016554540023207664,-0.5743123888969421,1
0.3680533766746521,0.10914600640535355,0.8954421877861023,0.795829713344574,-0.19299162924289703,0.01954904943704605,-0.5736088156700134,0.692677915096283,0.1525830179452896,0.01997806318104267,0,0.3625604212284088,0.1091499999165535,0.8977970480918884,0.7959117293357849,-0.1908288449048996,0.016554540023207664,-0.5743123888969421,1
0.3682141900062561,0.10914544761180878,0.8953732252120972,0.79582679271698,-0.19305557012557983,0.01963799074292183,-0.5735883712768555,0.692677915096283,0.1525830179452896,0.019978100433945656,0,0.3625604212284088,0.1091499999165535,0.8977970480918884,0.7959117293357849,-0.1908288449048996,0.016554540023207664,-0.5743123888969421,1
0.3683570623397827,0.10914503037929535,0.8953116536140442,0.7958241105079651,-0.19311225414276123,0.019716612994670868,-0.5735701322555542,0.692677915096283,0.1525830179452896,0.019978120923042297,0,0.3625604212284088,0.1091499999165535,0.8977970480918884,0.7959117293357849,-0.1908288449048996,0.016554540023207664,-0.5743123888969421,1
0.36848360300064087,0.10914475470781326,0.8952572345733643,0.7958218455314636,-0.1931624412536621,0.019786084070801735,-0.5735539793968201,0.692677915096283,0.1525830179452896,0.019978133961558342,0,0.3625604212284088,0.1091499999165535,0.8977970480918884,0.7959117293357849,-0.1908288449048996,0.016554540023207664,-0.5743123888969421,1
0.36859551072120667,0.10914462059736252,0.8952088356018066,0.7958201169967651,-0.19320662319660187,0.019847365096211433,-0.5735394358634949,0.692677915096283,0.1525830179452896,0.01997814141213894,0,0.3625604212284088,0.1091499999165535,0.8977970480918884,0.7959117293357849,-0.1908288449048996,0.016554540023207664,-0.5743123888969421,1
0.36869457364082336,0.10914447903633118,0.8951660394668579,0.7958184480667114,-0.1932457685470581,0.01990160159766674,-0.5735267996788025,0.692677915096283,0.1525830179452896,0.019978145137429237,0,0.3625604212284088,0.1091499999165535,0.8977970480918884,0.7959117293357849,-0.1908288449048996,0.016554540023207664,-0.5743123888969421,1
0.3687824606895447,0.10914447903633118,0.8951278328895569,0.795816957950592,-0.19328033924102783,0.01994943805038929,-0.5735154151916504,0.692677915096283,0.1525830179452896,0.019978148862719536,0,0.3625604212284088,0.1091499999165535,0.8977970480918884,0.7959117293357849,-0.1908288449048996,0.016554540023207664,-0.5743123888969421,1
0.36886000633239746,0.10914461314678192,0.895094096660614,0.7958159446716309,-0.19331079721450806,0.019991593435406685,-0.5735051035881042,0.692677915096283,0.1525830179452896,0.019978148862719536,0,0.3625604212284088,0.1091499999165535,0.8977970480918884,0.7959117293357849,-0.1908288449048996,0.016554540023207664,-0.5743123888969421,1
0.36892861127853394,0.10914474725723267,0.8950642347335815,0.7958149909973145,-0.19333770871162415,0.02002882771193981,-0.5734960436820984,0.692677915096283,0.1525830179452896,0.019978148862719536,0,0.3625604212284088,0.1091499999165535,0.8977970480918884,0.7959117293357849,-0.1908288449048996,0.016554540023207664,-0.5743123888969421,1
0.3689894676208496,0.10914488881826401,0.8950377106666565,0.7958140969276428,-0.1933615803718567,0.020061763003468513,-0.5734882354736328,0.692677915096283,0.1525830179452896,0.019978148862719536,0,0.3625604212284088,0.1091499999165535,0.8977970480918884,0.7959117293357849,-0.1908288449048996,0.016554540023207664,-0.5743123888969421,1
0.3690434694290161,0.10914502292871475,0.8950141072273254,0.7958134412765503,-0.1933826208114624,0.020090937614440918,-0.5734809041023254,0.692677915096283,0.1525830179452896,0.019978148862719536,0,0.3625604212284088,0.1091499999165535,0.8977970480918884,0.7959117293357849,-0.1908288449048996,0.016554540023207664,-0.5743123888969421,1
0.3690912425518036,0.10914530605077744,0.8949931859970093,0.7958129048347473,-0.1934012621641159,0.02011662721633911,-0.5734745860099792,0.692677915096283,0.1525830179452896,0.019978148862719536,0,0.3625604212284088,0.1091499999165535,0.8977970480918884,0.7959117293357849,-0.1908288449048996,0.016554540023207664,-0.5743123888969421,1
0.3691335916519165,0.10914543271064758,0.8949745893478394,0.7958122491836548,-0.19341766834259033,0.02013932727277279,-0.5734689831733704,0.692677915096283,0.1525830179452896,0.019978148862719536,0,0.3625604212284088,0.1091499999165535,0.8977970480918884,0.7959117293357849,-0.1908288449048996,0.016554540023207664,-0.5743123888969421,1
0.369171142578125,0.10914570838212967,0.894957959651947,0.7958120107650757,-0.19343216717243195,0.020159302279353142,-0.5734638571739197,0.692677915096283,0.1525830179452896,0.019978148862719536,0,0.3625604212284088,0.1091499999165535,0.8977970480918884,0.7959117293357849,-0.1908288449048996,0.016554540023207664,-0.5743123888969421,1
0.36920416355133057,0.10914599150419235,0.8949434161186218,0.795811653137207,-0.19344498217105865,0.020176958292722702,-0.5734593868255615,0.692677915096283,0.1525830179452896,0.019978148862719536,0,0.3625604212284088,0.1091499999165535,0.8977970480918884,0.7959117293357849,-0.1908288449048996,0.016554540023207664,-0.5743123888969421,1
0.36923354864120483,0.1091461256146431,0.8949304223060608,0.7958112955093384,-0.1934562772512436,0.020192500203847885,-0.5734555721282959,0.692677915096283,0.1525830179452896,0.019978148862719536,0,0.36923354864120483,0.1091461256146431,0.8949304223060608,0.7958112955093384,-0.1934562772512436,0.020192500203847885,-0.5734555721282959,1
0.3694966435432434,0.10915748029947281,0.8948008418083191,0.7958157062530518,-0.1935444176197052,0.020310046151280403,-0.5734154582023621,0.692677915096283,0.1525830179452896,0.019978148862719536,0,0.37547439336776733,0.10938022285699844,0.893837034702301,0.794985294342041,-0.19627094268798828,0.02640080638229847,-0.5733926296234131,1
0.37027299404144287,0.10918564349412918,0.8945990204811096,0.7957483530044556,-0.19384191930294037,0.020947465673089027,-0.57338547706604,0.692677915096283,0.1525830179452896,0.019978148862719536,0,0.38169267773628235,0.10962225496768951,0.8926451206207275,0.7941083312034607,-0.19909432530403137,0.03259211406111717,-0.5733157396316528,1
0.3715757727622986,0.10923420637845993,0.8943148851394653,0.7956075668334961,-0.19438272714614868,0.022125355899333954,-0.5733535885810852,0.692677915096283,0.1525830179452896,0.019978148862719536,0,0.3878866732120514,0.10987203568220139,0.8913553953170776,0.7931810021400452,-0.20192599296569824,0.03876655921339989,-0.5732250213623047,1
0.3733794391155243,0.10930145531892776,0.8939411044120789,0.795397162437439,-0.19515658915042877,0.023808177560567856,-0.5733151435852051,0.692677915096283,0.1525830179452896,0.019978148862719536,0,0.39405596256256104,0.11012953519821167,0.8899677991867065,0.7922031283378601,-0.2047664374113083,0.04492383450269699,-0.5731201171875,1
0.37564826011657715,0.1093856692314148,0.8934739828109741,0.7951201796531677,-0.19614756107330322,0.02595469169318676,-0.5732681155204773,0.692677915096283,0.1525830179452896,0.019978148862719536,0,0.4001985192298889,0.11039470881223679,0.8884825706481934,0.7911750674247742,-0.2076149731874466,0.05106326565146446,-0.5730013251304626,1
0.37833911180496216,0.10948571562767029,0.8929128050804138,0.7947784662246704,-0.19733673334121704,0.028520507737994194,-0.5732118487358093,0.692677915096283,0.1525830179452896,0.019978148862719536,0,0.4063132405281067,0.11066745966672897,0.8869004249572754,0.7900968790054321,-0.2104719877243042,0.05718473345041275,-0.5728685855865479,1
0.3814108669757843,0.10960033535957336,0.8922569751739502,0.7943735122680664,-0.19870653748512268,0.031464580446481705,-0.5731459259986877,0.692677915096283,0.1525830179452896,0.019978148862719536,0,0.41239845752716064,0.11094776540994644,0.8852216601371765,0.7889687418937683,-0.21333716809749603,0.06328734010457993,-0.5727217793464661,1
0.3848229646682739,0.10972879081964493,0.8915060758590698,0.7939064502716064,-0.20023943483829498,0.03474744036793709,-0.5730698704719543,0.692677915096283,0.1525830179452896,0.019978148862719536,0,0.4184524714946747,0.11123555898666382,0.8834468722343445,0.7877907752990723,-0.2162102460861206,0.06937091052532196,-0.5725613236427307,1
0.38853737711906433,0.1098707765340805,0.8906596899032593,0.7933782339096069,-0.20191936194896698,0.0383329801261425,-0.5729833841323853,0.692677915096283,0.1525830179452896,0.019978148862719536,0,0.42447465658187866,0.11153077334165573,0.8815761208534241,0.7865632176399231,-0.21909140050411224,0.07543519139289856,-0.5723869204521179,1
0.39251962304115295,0.1100255474448204,0.8897175192832947,0.7927892208099365,-0.2037319391965866,0.04218839108943939,-0.5728861689567566,0.692677915096283,0.1525830179452896,0.019978148862719536,0,0.4304633140563965,0.11183332651853561,0.8796099424362183,0.7852863669395447,-0.22198064625263214,0.0814797431230545,-0.5721983313560486,1
0.39673691987991333,0.11019286513328552,0.8886789679527283,0.7921399474143982,-0.20566338300704956,0.04628301039338112,-0.5727781057357788,0.692677915096283,0.1525830179452896,0.019978148862719536,0,0.4364170432090759,0.11214333027601242,0.87754887342453,0.7839602828025818,-0.2248774915933609,0.08750399947166443,-0.5719958543777466,1
0.4011613726615906,0.11037229001522064,0.8875434994697571,0.7914305329322815,-0.2077021598815918,0.05059000477194786,-0.5726587176322937,0.692677915096283,0.1525830179452896,0.019978148862719536,0,0.44233450293540955,0.11246036738157272,0.8753935098648071,0.7825851440429688,-0.22778217494487762,0.0935075506567955,-0.571779727935791,1
0.40576645731925964,0.11056365817785263,0.8863102793693542,0.790661633014679,-0.209837406873703,0.05508532002568245,-0.5725276470184326,0.692677915096283,0.1525830179452896,0.019978148862719536,0,0.4482143223285675,0.11278454214334488,0.8731443881988525,0.7811611890792847,-0.2306942641735077,0.09949016571044922,-0.5715495944023132,1
0.41052865982055664,0.11076661199331284,0.8849787712097168,0.789833128452301,-0.21205992996692657,0.0597466379404068,-0.5723848342895508,0.692677915096283,0.1525830179452896,0.019978148862719536,0,0.4540550708770752,0.11311574280261993,0.8708019256591797,0.7796886563301086,-0.23361380398273468,0.10545139759778976,-0.5713056325912476,1
0.4154272973537445,0.11098107695579529,0.8835482001304626,0.788945734500885,-0.21436090767383575,0.06455428153276443,-0.5722296833992004,0.692677915096283,0.1525830179452896,0.019978148862719536,0,0.45985496044158936,0.11345390975475311,0.8683670163154602,0.7781676054000854,-0.23654060065746307,0.11139030754566193,-0.5710479617118835,1
0.4204423725605011,0.11120637506246567,0.8820186257362366,0.7879990339279175,-0.21673256158828735,0.06949044018983841,-0.5720624923706055,0.692677915096283,0.1525830179452896,0.019978148862719536,0,0.46561387181282043,0.11379893869161606,0.8658397197723389,0.7765983939170837,-0.2394750416278839,0.11730742454528809,-0.5707762837409973,1
0.42555657029151917,0.1114426702260971,0.8803895115852356,0.7869940996170044,-0.21916808187961578,0.07453882694244385,-0.5718824863433838,0.692677915096283,0.1525830179452896,0.019978148862719536,0,0.47132962942123413,0.1141507476568222,0.863220751285553,0.7749811410903931,-0.2424165904521942,0.12320181727409363,-0.5704907178878784,1
0.4307553768157959,0.11168956756591797,0.8786603212356567,0.7859306335449219,-0.2216617614030838,0.07968609035015106,-0.5716898441314697,0.692677915096283,0.1525830179452896,0.019978148862719536,0,0.47700104117393494,0.1145092323422432,0.8605109453201294,0.7733162045478821,-0.2453649640083313,0.1290731579065323,-0.5701914429664612,1
0.43602386116981506,0.11194697767496109,0.8768312335014343,0.7848093509674072,-0.22420784831047058,0.08491843938827515,-0.571483850479126,0.692677915096283,0.1525830179452896,0.019978148862719536,0,0.48262688517570496,0.11487432569265366,0.8577106595039368,0.7716033458709717,-0.24832049012184143,0.134921133518219,-0.5698782801628113,1
0.4413498044013977,0.11221440136432648,0.874902069568634,0.7836304903030396,-0.22680145502090454,0.09022465348243713,-0.5712649822235107,0.692677915096283,0.1525830179452896,0.019978148862719536,0,0.48820531368255615,0.11524586379528046,0.8548210859298706,0.7698435187339783,-0.2512826919555664,0.14074470102787018,-0.5695514678955078,1
0.44672122597694397,0.1124916523694992,0.8728731870651245,0.7823943495750427,-0.22943809628486633,0.09559417515993118,-0.5710331201553345,0.692677915096283,0.1525830179452896,0.019978148862719536,0,0.4937361478805542,0.11562380939722061,0.8518422842025757,0.7680363059043884,-0.25425174832344055,0.14654456079006195,-0.5692106485366821,1
0.45212841033935547,0.11277875304222107,0.870744526386261,0.7811017036437988,-0.23211434483528137,0.1010182648897171,-0.5707874894142151,0.692677915096283,0.1525830179452896,0.019978148862719536,0,0.4992169737815857,0.11600799858570099,0.8487753868103027,0.7661821246147156,-0.2572275698184967,0.1523195058107376,-0.5688562989234924,1
0.457561731338501,0.11307524144649506,0.8685164451599121,0.7797526717185974,-0.23482632637023926,0.10648780316114426,-0.5705283880233765,0.692677915096283,0.1525830179452896,0.019978148862719536,0,0.5046474933624268,0.116398386657238,0.8456206321716309,0.7642812728881836,-0.2602097988128662,0.15806953608989716,-0.5684882402420044,1
0.463012158870697,0.11338105797767639,0.8661895990371704,0.7783479690551758,-0.2375708818435669,0.11199548095464706,-0.5702555775642395,0.692677915096283,0.1525830179452896,0.019978148862719536,0,0.5100257992744446,0.11679479479789734,0.8423791527748108,0.7623341679573059,-0.26319846510887146,0.1637943685054779,-0.5681061744689941,1
0.468472421169281,0.1136959046125412,0.8637643456459045,0.7768878936767578,-0.2403455674648285,0.11753449589014053,-0.5699690580368042,0.692677915096283,0.1525830179452896,0.019978148862719536,0,0.515350878238678,0.11719713360071182,0.8390514850616455,0.7603405117988586,-0.26619356870651245,0.1694931834936142,-0.5677105784416199,1
0.47393548488616943,0.1140194684267044,0.8612409830093384,0.7753729224205017,-0.24314755201339722,0.12309899181127548,-0.5696688294410706,0.692677915096283,0.1525830179452896,0.019978148862719536,0,0.5206213593482971,0.1176052913069725,0.8356385827064514,0.7583009004592896,-0.26919472217559814,0.17516590654850006,-0.567301332950592,1
0.47939470410346985,0.1143517717719078,0.8586205244064331,0.7738037109375,-0.245974600315094,0.1286831498146057,-0.569354772567749,0.692677915096283,0.1525830179452896,0.019978148862719536,0,0.5258362293243408,0.11801912635564804,0.8321410417556763,0.756215512752533,-0.27220189571380615,0.1808120310306549,-0.5668785572052002,1
0.48484402894973755,0.11469247192144394,0.8559036254882812,0.7721807360649109,-0.24882464110851288,0.13428179919719696,-0.56902676820755,0.692677915096283,0.1525830179452896,0.019978148862719536,0,0.5309942960739136,0.11843853443861008,0.8285596966743469,0.7540847063064575,-0.27521514892578125,0.18643143773078918,-0.5664415955543518,1
0.4902784526348114,0.1150413528084755,0.8530910015106201,0.7705044746398926,-0.25169602036476135,0.13989104330539703,-0.5686848759651184,0.692677915096283,0.1525830179452896,0.019978148862719536,0,0.5360942482948303,0.11886338144540787,0.8248953819274902,0.7519084215164185,-0.2782343327999115,0.19202354550361633,-0.5659913420677185,1
0.4956926703453064,0.11539825052022934,0.8501834273338318,0.7687754034996033,-0.2545868754386902,0.14550592005252838,-0.5683290362358093,0.692677915096283,0.1525830179452896,0.019978148862719536,0,0.5411347150802612,0.11929354071617126,0.8211489915847778,0.7496872544288635,-0.2812591791152954,0.19758780300617218,-0.5655273199081421,1
0.5010823607444763,0.11576272547245026,0.8471817970275879,0.7669938802719116,-0.25749579071998596,0.151123508810997,-0.5679595470428467,0.692677915096283,0.1525830179452896,0.019978148862719536,0,0.5461148023605347,0.11972886323928833,0.8173213005065918,0.7474213242530823,-0.2842896580696106,0.20312447845935822,-0.5650496482849121,1
0.5064438581466675,0.11613491177558899,0.8440865278244019,0.7651606202125549,-0.26042166352272034,0.1567404568195343,-0.5675756931304932,0.692677915096283,0.1525830179452896,0.019978148862719536,0,0.551033079624176,0.12016922980546951,0.8134133219718933,0.745110809803009,-0.2873256504535675,0.20863251388072968,-0.5645584464073181,1
0.5117719173431396,0.11651458591222763,0.8408995866775513,0.7632761001586914,-0.26336267590522766,0.16235288977622986,-0.5671781301498413,0.692677915096283,0.1525830179452896,0.019978148862719536,0,0.555888831615448,0.12061449140310287,0.8094255328178406,0.7427560687065125,-0.29036709666252136,0.21411170065402985,-0.5640535950660706,1
0.5170646905899048,0.11690128594636917,0.837620735168457,0.761340856552124,-0.2663184404373169,0.16795915365219116,-0.5667665600776672,0.692677915096283,0.1525830179452896,0.019978148862719536,0,0.5606806874275208,0.12106450647115707,0.8053591847419739,0.7403572201728821,-0.2934139668941498,0.2195623219013214,-0.5635349750518799,1
0.5223175287246704,0.11729492992162704,0.834251880645752,0.7593550682067871,-0.2692874073982239,0.17355643212795258,-0.5663410425186157,0.692677915096283,0.1525830179452896,0.019978148862719536,0,0.5654070973396301,0.12151912599802017,0.8012152910232544,0.7379146814346313,-0.29646599292755127,0.2249830663204193,-0.5630029439926147,1
0.5275276303291321,0.11769544333219528,0.8307937383651733,0.7573196291923523,-0.27226880192756653,0.17914186418056488,-0.5659018158912659,0.692677915096283,0.1525830179452896,0.019978148862719536,0,0.570067822933197,0.12197822332382202,0.7969944477081299,0.735428512096405,-0.29952311515808105,0.23037441074848175,-0.5624573826789856,1
0.5326926708221436,0.1181025356054306,0.827246904373169,0.7552347779273987,-0.27526184916496277,0.18471413850784302,-0.5654483437538147,0.692677915096283,0.1525830179452896,0.019978148862719536,0,0.5746610164642334,0.12244164198637009,0.7926979660987854,0.7328993678092957,-0.30258500576019287,0.23573556542396545,-0.5618980526924133,1
0.5378097891807556,0.11851590126752853,0.8236128687858582,0.7531010508537292,-0.27826598286628723,0.19027116894721985,-0.5649811625480652,0.692677915096283,0.1525830179452896,0.019978148862719536,0,0.5791860818862915,0.12290923297405243,0.7883264422416687,0.7303271293640137,-0.305651992559433,0.24106624722480774,-0.5613253116607666,1
0.5428764224052429,0.11893563717603683,0.8198923468589783,0.7509188055992126,-0.28128042817115784,0.19581124186515808,-0.5644999742507935,0.692677915096283,0.1525830179452896,0.019978148862719536,0,0.583641529083252,0.12338083237409592,0.7838810086250305,0.7277122139930725,-0.30872347950935364,0.24636612832546234,-0.5607391595840454,1
0.547889769077301,0.11936141550540924,0.8160870671272278,0.7486886978149414,-0.2843041718006134,0.201332226395607,-0.5640049576759338,0.692677915096283,0.1525830179452896,0.019978148862719536,0,0.588026762008667,0.12385629117488861,0.779362678527832,0.7250548005104065,-0.3117998540401459,0.25163498520851135,-0.5601393580436707,1
0.5528484582901001,0.11979272961616516,0.8121972680091858,0.7464108467102051,-0.287337064743042,0.20683367550373077,-0.5634961724281311,0.692677915096283,0.1525830179452896,0.019978148862719536,0,0.5923402309417725,0.12433546036481857,0.7747727632522583,0.7223554849624634,-0.3148803114891052,0.256872296333313,-0.5595261454582214,1
0.5577497482299805,0.12022985517978668,0.8082246780395508,0.7440861463546753,-0.2903784215450287,0.2123134583234787,-0.5629734992980957,0.692677915096283,0.1525830179452896,0.019978148862719536,0,0.596581220626831,0.12481813877820969,0.7701119184494019,0.7196140885353088,-0.31796514987945557,0.26207783818244934,-0.5588996410369873,1
0.5625921487808228,0.12067245692014694,0.804169774055481,0.7417145371437073,-0.29342788457870483,0.21777097880840302,-0.5624368786811829,0.692677915096283,0.1525830179452896,0.019978148862719536,0,0.6007487773895264,0.1253042370080948,0.7653809785842896,0.7168312072753906,-0.3210546374320984,0.26725122332572937,-0.5582594275474548,1
0.567373514175415,0.12112041562795639,0.8000342845916748,0.7392969727516174,-0.2964848577976227,0.22320446372032166,-0.5618864893913269,0.692677915096283,0.1525830179452896,0.019978148862719536,0,0.604841947555542,0.12579351663589478,0.7605814337730408,0.7140070199966431,-0.3241479992866516,0.27239224314689636,-0.557606041431427,1
0.5720921754837036,0.12157315760850906,0.7958188652992249,0.7368332743644714,-0.2995491325855255,0.22861342132091522,-0.5613223910331726,0.692677915096283,0.1525830179452896,0.019978148862719536,0,0.6088595986366272,0.1262858808040619,0.7557141780853271,0.7111420035362244,-0.3272453546524048,0.27750036120414734,-0.556938886642456,1
0.5767464637756348,0.12203098088502884,0.7915249466896057,0.7343242168426514,-0.30262020230293274,0.2339966893196106,-0.5607446432113647,0.692677915096283,0.1525830179452896,0.019978148862719536,0,0.6128007769584656,0.12678109109401703,0.7507802248001099,0.7082361578941345,-0.3303467035293579,0.28257566690444946,-0.5562583804130554,1
0.5813348293304443,0.12249351292848587,0.787153422832489,0.7317703366279602,-0.30569759011268616,0.23935306072235107,-0.5601528286933899,0.692677915096283,0.1525830179452896,0.019978148862719536,0,0.616664469242096,0.12727902829647064,0.7457809448242188,0.7052899599075317,-0.33345159888267517,0.2876172959804535,-0.5555647611618042,1
0.5858554840087891,0.12296060472726822,0.7827057838439941,0.7291716933250427,-0.3087809979915619,0.24468226730823517,-0.559547483921051,0.692677915096283,0.1525830179452896,0.019978148862719536,0,0.6204495429992676,0.12777948379516602,0.7407174110412598,0.7023040056228638,-0.33656013011932373,0.2926250100135803,-0.5548574924468994,1
0.5903071761131287,0.12343190610408783,0.7781830430030823,0.7265288233757019,-0.31187009811401367,0.24998289346694946,-0.5589287281036377,0.692677915096283,0.1525830179452896,0.019978148862719536,0,0.6241558194160461,0.1282823383808136,0.735590398311615,0.6992778778076172,-0.33967235684394836,0.29759907722473145,-0.5541369915008545,1
0.5946887135505676,0.12390723824501038,0.7735859751701355,0.7238420248031616,-0.31496497988700867,0.25525492429733276,-0.5582961440086365,0.692677915096283,0.1525830179452896,0.019978148862719536,0,0.6277819275856018,0.1287873238325119,0.7304011583328247,0.6962122321128845,-0.3427880108356476,0.30253875255584717,-0.5534031987190247,1
0.5989982485771179,0.12438667565584183,0.7689164280891418,0.7211120128631592,-0.3180646598339081,0.2604970633983612,-0.5576500296592712,0.692677915096283,0.1525830179452896,0.019978148862719536,0,0.6313269734382629,0.12929436564445496,0.7251510620117188,0.6931076645851135,-0.3459068536758423,0.3074437081813812,-0.552655816078186,1
0.6032347679138184,0.12486983090639114,0.7641750574111938,0.7183387279510498,-0.32116928696632385,0.2657089829444885,-0.556990385055542,0.692677915096283,0.1525830179452896,0.019978148862719536,0,0.6347901821136475,0.12980322539806366,0.7198412418365479,0.6899640560150146,-0.3490288555622101,0.3123137950897217,-0.5518953800201416,1
0.6073967218399048,0.1253565400838852,0.7593637704849243,0.7155230045318604,-0.32427874207496643,0.27088963985443115,-0.5563172698020935,0.692677915096283,0.1525830179452896,0.019978148862719536,0,0.6381705403327942,0.1303137242794037,0.7144726514816284,0.6867820024490356,-0.35215380787849426,0.31714847683906555,-0.5511214733123779,1
0.611483633518219,0.12584663927555084,0.7544826865196228,0.712664783000946,-0.327392578125,0.27603909373283386,-0.5556305646896362,0.692677915096283,0.1525830179452896,0.019978148862719536,0,0.6414670944213867,0.1308256983757019,0.7090470194816589,0.6835617423057556,-0.35528144240379333,0.32194769382476807,-0.5503344535827637,1
0.615493655204773,0.12633997201919556,0.7495337128639221,0.7097648978233337,-0.33051052689552307,0.2811563313007355,-0.5549303889274597,0.692677915096283,0.1525830179452896,0.019978148862719536,0,0.6446797251701355,0.131338968873024,0.703564465045929,0.6803033351898193,-0.3584122061729431,0.32671141624450684,-0.549534022808075,1
0.6194260120391846,0.126836359500885,0.7445178627967834,0.7068232893943787,-0.33363279700279236,0.2862411439418793,-0.5542165637016296,0.692677915096283,0.1525830179452896,0.019978148862719536,0,0.6478073596954346,0.13185332715511322,0.6980270743370056,0.6770073175430298,-0.3615456819534302,0.3314388692378998,-0.5487203001976013,1
0.6232793927192688,0.12733539938926697,0.7394366264343262,0.7038403749465942,-0.3367585837841034,0.2912929952144623,-0.5534895062446594,0.692677915096283,0.1525830179452896,0.019978148862719536,0,0.6508486270904541,0.13236859440803528,0.6924360990524292,0.6736741662025452,-0.36468130350112915,0.3361298143863678,-0.5478935837745667,1
0.6270529627799988,0.1278373748064041,0.7342908978462219,0.7008170485496521,-0.3398880958557129,0.2963109314441681,-0.5527487993240356,0.692677915096283,0.1525830179452896,0.019978148862719536,0,0.6538037061691284,0.13288460671901703,0.6867921352386475,0.670304000377655,-0.3678196370601654,0.34078431129455566,-0.5470532774925232,1
0.6307457089424133,0.1283414214849472,0.7290821075439453,0.6977530717849731,-0.34302109479904175,0.30129504203796387,-0.5519949197769165,0.692677915096283,0.1525830179452896,0.019978148862719536,0,0.656670868396759,0.13340112566947937,0.6810973286628723,0.6668971180915833,-0.3709598779678345,0.3454015851020813,-0.546200156211853,1
0.634355902671814,0.12884801626205444,0.7238119840621948,0.6946492195129395,-0.346157044172287,0.3062443435192108,-0.5512278079986572,0.692677915096283,0.1525830179452896,0.019978148862719536,0,0.6594501733779907,0.13391800224781036,0.6753522157669067,0.6634539365768433,-0.3741023540496826,0.34998172521591187,-0.5453338027000427,1
0.6378837823867798,0.12935659289360046,0.7184807062149048,0.6915056109428406,-0.34929609298706055,0.3111593425273895,-0.5504469871520996,0.692677915096283,0.1525830179452896,0.019978148862719536,0,0.6621405482292175,0.1344350278377533,0.6695582270622253,0.6599748730659485,-0.37724700570106506,0.3545244634151459,-0.544454038143158,1
0.6413277387619019,0.12986689805984497,0.7130904197692871,0.6883226633071899,-0.3524380922317505,0.31603875756263733,-0.5496532917022705,0.692677915096283,0.1525830179452896,0.019978148862719536,0,0.6647414565086365,0.13495200872421265,0.6637167930603027,0.6564599275588989,-0.38039353489875793,0.3590294420719147,-0.5435613393783569,1
0.6446868181228638,0.13037903606891632,0.707642138004303,0.6851009726524353,-0.355582594871521,0.32088252902030945,-0.5488460063934326,0.692677915096283,0.1525830179452896,0.019978148862719536,0,0.6672523617744446,0.13546904921531677,0.6578289270401001,0.6529098749160767,-0.38354185223579407,0.3634960353374481,-0.5426552891731262,1
0.6479607224464417,0.1308925300836563,0.7021368145942688,0.6818404197692871,-0.3587297797203064,0.32569053769111633,-0.5480257272720337,0.692677915096283,0.1525830179452896,0.019978148862719536,0,0.6696721911430359,0.1359853744506836,0.6518963575363159,0.6493247747421265,-0.386691689491272,0.3679249584674835,-0.5417362451553345,1
0.6511479616165161,0.1314074844121933,0.6965762376785278,0.6785418391227722,-0.36187922954559326,0.3304620683193207,-0.5471919775009155,0.692677915096283,0.1525830179452896,0.019978148862719536,0,0.6720008850097656,0.13650110363960266,0.645919680595398,0.6457048058509827,-0.38984301686286926,0.372314989566803,-0.5408042073249817,1
0.6542478799819946,0.13192318379878998,0.6909617185592651,0.6752053499221802,-0.3650307059288025,0.3351968228816986,-0.5463453531265259,0.692677915096283,0.1525830179452896,0.019978148862719536,0,0.6742374300956726,0.13701601326465607,0.6399010419845581,0.6420506238937378,-0.39299583435058594,0.37666627764701843,-0.5398589968681335,1
0.6572598218917847,0.13244019448757172,0.6852943897247314,0.671831488609314,-0.3681844174861908,0.3398944139480591,-0.5454853177070618,0.692677915096283,0.1525830179452896,0.019978148862719536,0,0.6763813495635986,0.1375298947095871,0.6338412165641785,0.6383623480796814,-0.39614972472190857,0.38097861409187317,-0.5389008522033691,1
0.6601830124855042,0.1329576075077057,0.6795753240585327,0.6684203743934631,-0.3713400065898895,0.3445549011230469,-0.5446123480796814,0.692677915096283,0.1525830179452896,0.019978148862719536,0,0.6784319281578064,0.13804258406162262,0.627741813659668,0.6346406936645508,-0.39930459856987,0.3852514326572418,-0.5379296541213989,1
0.663016676902771,0.1334756761789322,0.6738061904907227,0.6649726629257202,-0.3744972348213196,0.3491775393486023,-0.5437261462211609,0.692677915096283,0.1525830179452896,0.019978148862719536,0,0.6803889870643616,0.13855387270450592,0.6216040849685669,0.6308855414390564,-0.402460515499115,0.38948509097099304,-0.5369454026222229,1
0.6657599806785583,0.1339939683675766,0.6679885983467102,0.6614886522293091,-0.37765592336654663,0.3537617623806,-0.5428271293640137,0.692677915096283,0.1525830179452896,0.019978148862719536,0,0.6822516918182373,0.1390635222196579,0.6154290437698364,0.6270974278450012,-0.40561753511428833,0.39367884397506714,-0.5359479784965515,1
0.6684125065803528,0.13451260328292847,0.6621230840682983,0.6579684615135193,-0.3808162808418274,0.3583080470561981,-0.5419148206710815,0.692677915096283,0.1525830179452896,0.019978148862719536,0,0.6840197443962097,0.1395713984966278,0.6092184782028198,0.6232766509056091,-0.40877509117126465,0.39783257246017456,-0.5349376201629639,1
0.6709733605384827,0.1350308209657669,0.6562115550041199,0.6544126272201538,-0.3839778006076813,0.3628156781196594,-0.5409896969795227,0.692677915096283,0.1525830179452896,0.019978148862719536,0,0.6856924295425415,0.14007727801799774,0.6029737591743469,0.6194238662719727,-0.4119330942630768,0.40194615721702576,-0.53391432762146,1
0.6734417676925659,0.13554894924163818,0.6502556204795837,0.6508217453956604,-0.3871402442455292,0.36728405952453613,-0.5400516986846924,0.692677915096283,0.1525830179452896,0.019978148862719536,0,0.687269389629364,0.1405809372663498,0.5966958999633789,0.6155389547348022,-0.4150916337966919,0.4060192406177521,-0.5328781008720398,1
0.6758174896240234,0.136066272854805,0.644256055355072,0.6471957564353943,-0.3903038501739502,0.37171342968940735,-0.5391008257865906,0.692677915096283,0.1525830179452896,0.019978148862719536,0,0.6887503862380981,0.14108221232891083,0.5903865694999695,0.6116226315498352,-0.4182506203651428,0.4100515842437744,-0.5318288207054138,1
0.6780998110771179,0.136583149433136,0.6382142305374146,0.643535315990448,-0.3934682011604309,0.37610337138175964,-0.538136899471283,0.692677915096283,0.1525830179452896,0.019978148862719536,0,0.6901342868804932,0.14158083498477936,0.5840474367141724,0.6076751947402954,-0.4214094579219818,0.41404303908348083,-0.5307666063308716,1
0.6802875995635986,0.13709929585456848,0.6321321725845337,0.6398407816886902,-0.39663341641426086,0.38045352697372437,-0.5371599793434143,0.692677915096283,0.1525830179452896,0.019978148862719536,0,0.6914732456207275,0.14209721982479095,0.577413022518158,0.6035302877426147,-0.42470023036003113,0.4181571900844574,-0.5296464562416077,1
0.6823827624320984,0.137614905834198,0.6259968280792236,0.636101484298706,-0.3998050391674042,0.38477474451065063,-0.5361707806587219,0.692677915096283,0.1525830179452896,0.019978148862719536,0,0.6927064061164856,0.1426105499267578,0.5707488656044006,0.599352240562439,-0.4279913902282715,0.4222263693809509,-0.5285121202468872,1
0.6843870878219604,0.13813118636608124,0.6198040246963501,0.6323160529136658,-0.40298715233802795,0.38906946778297424,-0.5351659655570984,0.692677915096283,0.1525830179452896,0.019978148862719536,0,0.6938331723213196,0.1431201547384262,0.564057469367981,0.5951419472694397,-0.43128150701522827,0.42625030875205994,-0.527364194393158,1
0.68630051612854,0.13864798843860626,0.6135540008544922,0.6284847259521484,-0.40618017315864563,0.39333686232566833,-0.5341448187828064,0.692677915096283,0.1525830179452896,0.019978148862719536,0,0.6948539018630981,0.1436256617307663,0.5573387742042542,0.5908989310264587,-0.43457141518592834,0.43022918701171875,-0.5262023210525513,1
0.6881218552589417,0.13916455209255219,0.6072482466697693,0.6246080994606018,-0.4093838036060333,0.3975757360458374,-0.5331071019172668,0.692677915096283,0.1525830179452896,0.019978148862719536,0,0.695767343044281,0.14412784576416016,0.5505955815315247,0.5866244435310364,-0.437860906124115,0.43416234850883484,-0.5250263810157776,1
0.6898499727249146,0.13968093693256378,0.6008887887001038,0.620686948299408,-0.41259709000587463,0.4017851948738098,-0.5320525765419006,0.692677915096283,0.1525830179452896,0.019978148862719536,0,0.6965738534927368,0.14462558925151825,0.5438289642333984,0.5823183059692383,-0.44114968180656433,0.438049852848053,-0.5238364338874817,1
0.6914830207824707,0.14019639790058136,0.5944785475730896,0.616722583770752,-0.41581904888153076,0.4059631824493408,-0.530981719493866,0.692677915096283,0.1525830179452896,0.019978148862719536,0,0.6972728371620178,0.14511923491954803,0.5370404720306396,0.5779812335968018,-0.44443777203559875,0.4418913722038269,-0.5226325392723083,1
0.693019688129425,0.14071069657802582,0.588019609451294,0.6127158999443054,-0.41904914379119873,0.41010844707489014,-0.5298943519592285,0.692677915096283,0.1525830179452896,0.019978148862719536,0,0.6978638172149658,0.14560796320438385,0.530232310295105,0.573613703250885,-0.4477246105670929,0.4456864297389984,-0.5214149951934814,1
0.6944581866264343,0.14122328162193298,0.581515908241272,0.6086680889129639,-0.42228618264198303,0.41421911120414734,-0.528791069984436,0.692677915096283,0.1525830179452896,0.019978148862719536,0,0.6983470320701599,0.14609210193157196,0.5234055519104004,0.5692160725593567,-0.45101049542427063,0.44943511486053467,-0.5201833248138428,1
0.6957970261573792,0.14173416793346405,0.5749697089195251,0.6045805811882019,-0.42552894353866577,0.4182939827442169,-0.5276718139648438,0.692677915096283,0.1525830179452896,0.019978148862719536,0,0.6987218260765076,0.14657092094421387,0.5165618062019348,0.5647885203361511,-0.4542948007583618,0.4531371593475342,-0.5189380645751953,1
0.6970351338386536,0.14224262535572052,0.5683836340904236,0.6004536747932434,-0.42877715826034546,0.42233195900917053,-0.5265370011329651,0.692677915096283,0.1525830179452896,0.019978148862719536,0,0.6989880204200745,0.14704470336437225,0.5097030997276306,0.5603318214416504,-0.4575778543949127,0.456792414188385,-0.5176788568496704,1
0.6981709003448486,0.1427486389875412,0.5617610216140747,0.5962890386581421,-0.43202945590019226,0.42633113265037537,-0.5253871083259583,0.692677915096283,0.1525830179452896,0.019978148862719536,0,0.6991456151008606,0.14751270413398743,0.5028305649757385,0.5558459162712097,-0.4608593285083771,0.46040067076683044,-0.5164060592651367,1
0.699203610420227,0.1432517021894455,0.5551037788391113,0.5920872092247009,-0.4352855384349823,0.43029123544692993,-0.5242219567298889,0.692677915096283,0.1525830179452896,0.019978148862719536,0,0.6991944313049316,0.14797496795654297,0.49594613909721375,0.5513318181037903,-0.46413880586624146,0.463961660861969,-0.5151193737983704,1
0.7001322507858276,0.14375117421150208,0.5484147667884827,0.587848961353302,-0.43854448199272156,0.4342110753059387,-0.5230420827865601,0.692677915096283,0.1525830179452896,0.019978148862719536,0,0.6991340517997742,0.14843155443668365,0.4890514016151428,0.5467897057533264,-0.4674164950847626,0.4674750566482544,-0.5138188600540161,1
0.7009555101394653,0.1442478597164154,0.5416965484619141,0.5835758447647095,-0.44180577993392944,0.438088983297348,-0.5218474268913269,0.692677915096283,0.1525830179452896,0.019978148862719536,0,0.6989647746086121,0.1488817036151886,0.4821479022502899,0.5422199368476868,-0.4706922173500061,0.47094106674194336,-0.5125045776367188,1
0.701673150062561,0.14474061131477356,0.5349513292312622,0.579268217086792,-0.44506901502609253,0.4419251084327698,-0.5206380486488342,0.692677915096283,0.1525830179452896,0.019978148862719536,0,0.6986860632896423,0.14932569861412048,0.4752373993396759,0.5376229286193848,-0.47396570444107056,0.47435927391052246,-0.5111764669418335,1
0.702284038066864,0.14522916078567505,0.5281815528869629,0.5749269723892212,-0.4483329951763153,0.4457184672355652,-0.519414484500885,0.692677915096283,0.1525830179452896,0.019978148862719536,0,0.6982982158660889,0.1497628390789032,0.46832141280174255,0.5329991579055786,-0.47723665833473206,0.4777293801307678,-0.5098350048065186,1
0.7027880549430847,0.14571356773376465,0.5213890075683594,0.5705528855323792,-0.45159831643104553,0.44946789741516113,-0.5181764960289001,0.692677915096283,0.1525830179452896,0.019978148862719536,0,0.6978010535240173,0.15019342303276062,0.46140140295028687,0.5283488035202026,-0.4805053472518921,0.48105159401893616,-0.5084794759750366,1
0.7031846046447754,0.14619334042072296,0.5145761966705322,0.5661465525627136,-0.45486363768577576,0.45317327976226807,-0.5169245600700378,0.692677915096283,0.1525830179452896,0.019978148862719536,0,0.6971946954727173,0.15061667561531067,0.4544792175292969,0.5236726999282837,-0.4837712347507477,0.4843255281448364,-0.5071105360984802,1
0.7034729719161987,0.14666847884655,0.5077449679374695,0.5617085695266724,-0.4581293761730194,0.45683425664901733,-0.5156581997871399,0.692677915096283,0.1525830179452896,0.019978148862719536,0,0.6964788436889648,0.1510326862335205,0.4475569725036621,0.51897132396698,-0.4870339334011078,0.4875507652759552,-0.5057281851768494,1
0.7036527991294861,0.14713823795318604,0.5008983612060547,0.5572400689125061,-0.4613941013813019,0.4604494571685791,-0.5143784284591675,0.692677915096283,0.1525830179452896,0.019978148862719536,0,0.6956537961959839,0.15144149959087372,0.4406352639198303,0.5142448544502258,-0.4902942478656769,0.4907273054122925,-0.5043315887451172,1
0.7037239074707031,0.14760291576385498,0.49403712153434753,0.552741527557373,-0.46465837955474854,0.4640190899372101,-0.513084352016449,0.692677915096283,0.1525830179452896,0.019978148862719536,0,0.6947193741798401,0.15184235572814941,0.4337168037891388,0.5094935297966003,-0.4935510754585266,0.49385538697242737,-0.5029218196868896,1
0.7036861181259155,0.14806175231933594,0.48716408014297485,0.5482134222984314,-0.46792125701904297,0.4675426781177521,-0.511776864528656,0.692677915096283,0.1525830179452896,0.019978148862719536,0,0.6936759948730469,0.15223562717437744,0.42680248618125916,0.5047183036804199,-0.49680474400520325,0.4969342052936554,-0.5014985203742981,1
0.7035391926765442,0.14851483702659607,0.48028069734573364,0.5436566472053528,-0.4711827039718628,0.4710194766521454,-0.5104556679725647,0.692677915096283,0.1525830179452896,0.019978148862719536,0,0.6925233006477356,0.15262052416801453,0.419894278049469,0.4999193549156189,-0.5000547766685486,0.49996423721313477,-0.500061571598053,1
0.7032828330993652,0.1489618718624115,0.4733888804912567,0.5390712022781372,-0.47444257140159607,0.47444960474967957,-0.509120762348175,0.692677915096283,0.1525830179452896,0.019978148862719536,0,0.7032828330993652,0.1489618718624115,0.4733888804912567,0.5390712022781372,-0.47444257140159607,0.47444960474967957,-0.509120762348175,1
0.7036126852035522,0.14921513199806213,0.46653592586517334,0.5355784296989441,-0.47832003235816956,0.47782784700393677,-0.5060100555419922,0.692677915096283,0.1525830179452896,0.019978148862719536,0,0.7036834955215454,0.14902767539024353,0.4710808992385864,0.5386844873428345,-0.4747009575366974,0.4747244417667389,-0.5090331435203552,1
0.7042384743690491,0.1493464559316635,0.46034279465675354,0.5325774550437927,-0.48154181241989136,0.4808243215084076,-0.5032757520675659,0.692677915096283,0.1525830179452896,0.019978148862719536,0,0.7040735483169556,0.1490929126739502,0.468771755695343,0.5382973551750183,-0.4749595820903778,0.47499924898147583,-0.5089450478553772,1
0.7049131393432617,0.1494101583957672,0.4551455080509186,0.5301567316055298,-0.48405778408050537,0.4832078516483307,-0.5011308193206787,0.692677915096283,0.1525830179452896,0.019978148862719536,0,0.7044529914855957,0.1491575837135315,0.4664626717567444,0.5379101634025574,-0.4752178490161896,0.4752735197544098,-0.508857250213623,1
0.705561637878418,0.14944276213645935,0.4510657787322998,0.5283665060997009,-0.4858644902706146,0.48494240641593933,-0.4995952546596527,0.692677915096283,0.1525830179452896,0.019978148862719536,0,0.7048220634460449,0.1492220163345337,0.464152455329895,0.5375230312347412,-0.47547635436058044,0.47554758191108704,-0.5087688565254211,1
0.706170916557312,0.14946430921554565,0.44814613461494446,0.5272276997566223,-0.4869703948497772,0.48602238297462463,-0.49867117404937744,0.692677915096283,0.1525830179452896,0.019978148862719536,0,0.7051805853843689,0.14928561449050903,0.46184203028678894,0.5371354818344116,-0.47573456168174744,0.4758211672306061,-0.5086807608604431,1
0.7067476511001587,0.1494847536087036,0.4463973939418793,0.5267463326454163,-0.48738598823547363,0.4864524006843567,-0.49835461378097534,0.692677915096283,0.1525830179452896,0.019978148862719536,0,0.7055286765098572,0.14934861660003662,0.459531307220459,0.5367477536201477,-0.47599300742149353,0.47609445452690125,-0.5085926055908203,1
0.707274317741394,0.14950236678123474,0.4457348585128784,0.5268720388412476,-0.48716673254966736,0.48628541827201843,-0.49859896302223206,0.692677915096283,0.1525830179452896,0.019978148862719536,0,0.7058661580085754,0.1494111269712448,0.4572201073169708,0.536359965801239,-0.4762512147426605,0.4763675034046173,-0.5085044503211975,1
0.7076383829116821,0.14949995279312134,0.44550541043281555,0.527234673500061,-0.4866865575313568,0.48588213324546814,-0.49907752871513367,0.692677915096283,0.1525830179452896,0.019978148862719536,0,0.7061930894851685,0.14947305619716644,0.4549085795879364,0.5359720587730408,-0.47650954127311707,0.4766400456428528,-0.5084160566329956,1
0.7079001665115356,0.14950060844421387,0.44534873962402344,0.5276464819908142,-0.48615214228630066,0.48542335629463196,-0.49960917234420776,0.692677915096283,0.1525830179452896,0.019978148862719536,0,0.706509530544281,0.1495344191789627,0.4525967240333557,0.5355836749076843,-0.47676798701286316,0.47691240906715393,-0.5083276629447937,1
0.7081162333488464,0.14951097965240479,0.4451134204864502,0.5280390381813049,-0.48563751578330994,0.48497676849365234,-0.5001283288002014,0.692677915096283,0.1525830179452896,0.019978148862719536,0,0.7068154215812683,0.1495952308177948,0.45028460025787354,0.5351952910423279,-0.4770262837409973,0.4771844148635864,-0.5082389712333679,1
0.7083161473274231,0.14953093230724335,0.4447341859340668,0.5283819437026978,-0.48517361283302307,0.48457297682762146,-0.5006077289581299,0.692677915096283,0.1525830179452896,0.019978148862719536,0,0.7071106433868408,0.14965547621250153,0.44797271490097046,0.5348068475723267,-0.47728440165519714,0.47745588421821594,-0.508150577545166,1
0.7085155844688416,0.14955781400203705,0.4441864788532257,0.5286626815795898,-0.48477163910865784,0.4842248260974884,-0.5010372400283813,0.692677915096283,0.1525830179452896,0.019978148862719536,0,0.7073954939842224,0.14971540868282318,0.4456603229045868,0.5344180464744568,-0.4775431156158447,0.4777272343635559,-0.5080616474151611,1
0.7087202668190002,0.14958956837654114,0.4434691369533539,0.5288791060447693,-0.4844333231449127,0.4839348793029785,-0.5014160871505737,0.692677915096283,0.1525830179452896,0.019978148862719536,0,0.7076696753501892,0.14977453649044037,0.4433480501174927,0.5340291261672974,-0.47780129313468933,0.47799816727638245,-0.5079728960990906,1
0.7089325785636902,0.14962530136108398,0.44258904457092285,0.529033362865448,-0.48415645956993103,0.4837018549442291,-0.5017456412315369,0.692677915096283,0.1525830179452896,0.019978148862719536,0,0.7079335451126099,0.149833083152771,0.44103556871414185,0.5336400270462036,-0.47805967926979065,0.47826874256134033,-0.5078840255737305,1
0.7091521620750427,0.14966385066509247,0.4415583610534668,0.5291294455528259,-0.4839368164539337,0.4835221469402313,-0.5020294189453125,0.692677915096283,0.1525830179452896,0.019978148862719536,0,0.7081868648529053,0.14989107847213745,0.43872320652008057,0.5332505702972412,-0.47831815481185913,0.4785391390323639,-0.5077950358390808,1
0.7093781232833862,0.14970438182353973,0.4403907060623169,0.5291726589202881,-0.4837687313556671,0.48339104652404785,-0.5022718906402588,0.692677915096283,0.1525830179452896,0.019978148862719536,0,0.7084295153617859,0.14994844794273376,0.4364109933376312,0.5328611135482788,-0.47857651114463806,0.4788089990615845,-0.5077059268951416,1
0.7096086144447327,0.1497471034526825,0.43909943103790283,0.5291681885719299,-0.48364776372909546,0.483303964138031,-0.5024770498275757,0.692677915096283,0.1525830179452896,0.019978148862719536,0,0.7086616158485413,0.1500052809715271,0.4340992867946625,0.5324715971946716,-0.4788345694541931,0.47907859086990356,-0.5076169967651367,1
0.7098422050476074,0.14979106187820435,0.4376967251300812,0.5291206240653992,-0.48356878757476807,0.4832563102245331,-0.5026488900184631,0.692677915096283,0.1525830179452896,0.019978148862719536,0,0.7088834047317505,0.15006156265735626,0.43178752064704895,0.5320818424224854,-0.47909295558929443,0.4793476462364197,-0.5075278282165527,1
0.7100769281387329,0.1498362123966217,0.436194509267807,0.5290347337722778,-0.48352736234664917,0.4832438826560974,-0.5027910470962524,0.692677915096283,0.1525830179452896,0.019978148862719536,0,0.7090946435928345,0.15011723339557648,0.4294759929180145,0.5316919684410095,-0.47935107350349426,0.47961661219596863,-0.5074386596679688,1
0.7103112936019897,0.14988243579864502,0.43460366129875183,0.5289149284362793,-0.4835193157196045,0.4832625985145569,-0.5029066801071167,0.692677915096283,0.1525830179452896,0.019978148862719536,0,0.7092952132225037,0.15017260611057281,0.42716479301452637,0.5313019156455994,-0.47960957884788513,0.479885071516037,-0.5073491334915161,1
0.7105439901351929,0.14992965757846832,0.43293318152427673,0.528764545917511,-0.48354125022888184,0.48330968618392944,-0.5029985904693604,0.692677915096283,0.1525830179452896,0.019978148862719536,0,0.7094852924346924,0.15022709965705872,0.4248540699481964,0.5309116244316101,-0.4798677861690521,0.48015326261520386,-0.5072599053382874,1
0.7107734680175781,0.14997752010822296,0.4311925768852234,0.5285869836807251,-0.48358967900276184,0.4833810329437256,-0.503070056438446,0.692677915096283,0.1525830179452896,0.019978148862719536,0,0.709665060043335,0.15028105676174164,0.422543466091156,0.5305210947990417,-0.48012620210647583,0.4804209768772125,-0.5071703791618347,1
0.7109987735748291,0.15002599358558655,0.42938899993896484,0.5283856391906738,-0.48366162180900574,0.48347458243370056,-0.5031226277351379,0.692677915096283,0.1525830179452896,0.019978148862719536,0,0.7098340392112732,0.15033438801765442,0.420233815908432,0.5301306247711182,-0.4803842008113861,0.48068854212760925,-0.5070808529853821,1
0.7112188339233398,0.15007469058036804,0.4275294840335846,0.5281625986099243,-0.48375433683395386,0.4835876226425171,-0.5031591057777405,0.692677915096283,0.1525830179452896,0.019978148862719536,0,0.7099926471710205,0.15038716793060303,0.417924165725708,0.5297396779060364,-0.4806426763534546,0.4809557795524597,-0.5069911479949951,1
0.711432695388794,0.1501241773366928,0.42562007904052734,0.5279207825660706,-0.4838659465312958,0.48371750116348267,-0.5031805634498596,0.692677915096283,0.1525830179452896,0.019978148862719536,0,0.7101409435272217,0.15043935179710388,0.4156155288219452,0.5293487310409546,-0.48090073466300964,0.4812224507331848,-0.5069016218185425,1
0.7116397619247437,0.15017354488372803,0.4236663579940796,0.5276617407798767,-0.48399388790130615,0.48386284708976746,-0.5031893849372864,0.692677915096283,0.1525830179452896,0.019978148862719536,0,0.7102786302566528,0.15049095451831818,0.413307249546051,0.5289576649665833,-0.4811590015888214,0.4814889430999756,-0.5068116784095764,1
0.7118393182754517,0.1502230316400528,0.4216732978820801,0.5273876190185547,-0.4841366112232208,0.48402172327041626,-0.503186821937561,0.692677915096283,0.1525830179452896,0.019978148862719536,0,0.7104058265686035,0.15054194629192352,0.4109996259212494,0.5285661220550537,-0.48141738772392273,0.48175519704818726,-0.5067217946052551,1
0.7120308876037598,0.15027263760566711,0.4196451008319855,0.5271002054214478,-0.48429229855537415,0.48419249057769775,-0.503173828125,0.692677915096283,0.1525830179452896,0.019978148862719536,0,0.710522472858429,0.15059234201908112,0.40869271755218506,0.5281745195388794,-0.48167577385902405,0.4820209741592407,-0.5066317915916443,1
0.7122135758399963,0.15032225847244263,0.4175861179828644,0.5268006920814514,-0.48445960879325867,0.48437368869781494,-0.5031519532203674,0.692677915096283,0.1525830179452896,0.019978148862719536,0,0.7106286287307739,0.15064242482185364,0.4063868224620819,0.5277830362319946,-0.48193392157554626,0.4822864234447479,-0.5065416693687439,1
0.7123873233795166,0.1503719836473465,0.41549932956695557,0.5264908075332642,-0.4846373200416565,0.48456433415412903,-0.5031217932701111,0.692677915096283,0.1525830179452896,0.019978148862719536,0,0.710724413394928,0.15069164335727692,0.4040820300579071,0.5273913145065308,-0.48219212889671326,0.48255136609077454,-0.5064516067504883,1
0.7125519514083862,0.15042142570018768,0.4133879542350769,0.5261713862419128,-0.48482388257980347,0.4847632050514221,-0.5030845999717712,0.692677915096283,0.1525830179452896,0.019978148862719536,0,0.7108097076416016,0.15074028074741364,0.40177786350250244,0.526999294757843,-0.48245030641555786,0.48281610012054443,-0.5063616037368774,1
0.7127068042755127,0.15047064423561096,0.411255419254303,0.525843620300293,-0.48501840233802795,0.48496899008750916,-0.5030413866043091,0.692677915096283,0.1525830179452896,0.019978148862719536,0,0.710884690284729,0.1507883071899414,0.3994743227958679,0.5266072154045105,-0.48270854353904724,0.48308059573173523,-0.5062711834907532,1
0.7128517031669617,0.15051978826522827,0.4091033935546875,0.5255082249641418,-0.48522040247917175,0.48518142104148865,-0.5029922127723694,0.692677915096283,0.1525830179452896,0.019978148862719536,0,0.7109489440917969,0.15083572268486023,0.39717215299606323,0.5262148380279541,-0.48296675086021423,0.48334455490112305,-0.5061807036399841,1
0.7129866480827332,0.1505684107542038,0.4069342613220215,0.5251659750938416,-0.48542872071266174,0.48539966344833374,-0.5029382109642029,0.692677915096283,0.1525830179452896,0.019978148862719536,0,0.7110030055046082,0.1508825421333313,0.3948708176612854,0.5258222818374634,-0.4832249879837036,0.48360827565193176,-0.5060904622077942,1
0.713111162185669,0.15061695873737335,0.4047505259513855,0.5248181819915771,-0.48564255237579346,0.4856224060058594,-0.5028797388076782,0.692677915096283,0.1525830179452896,0.019978148862719536,0,0.711046576499939,0.15092876553535461,0.39257052540779114,0.5254295468330383,-0.48348328471183777,0.48387160897254944,-0.5059999227523804,1
0.7132254838943481,0.15066522359848022,0.40255334973335266,0.5244647860527039,-0.4858614504337311,0.4858497977256775,-0.5028172731399536,0.692677915096283,0.1525830179452896,0.019978148862719536,0,0.7110794186592102,0.15097437798976898,0.3902720808982849,0.5250368714332581,-0.4837411642074585,0.48413464426994324,-0.5059093832969666,1
0.7133293151855469,0.15071289241313934,0.40034475922584534,0.5241067409515381,-0.4860846996307373,0.48608070611953735,-0.5027515888214111,0.692677915096283,0.1525830179452896,0.019978148862719536,0,0.7111021876335144,0.1510196477174759,0.3879740238189697,0.5246438980102539,-0.4839996099472046,0.48439714312553406,-0.5058185458183289,1
0.7134224772453308,0.1507604867219925,0.39812588691711426,0.5237446427345276,-0.48631206154823303,0.4863150119781494,-0.5026825070381165,0.692677915096283,0.1525830179452896,0.019978148862719536,0,0.7111144065856934,0.15106405317783356,0.38567742705345154,0.5242506265640259,-0.4842578172683716,0.48465970158576965,-0.5057277679443359,1
0.7135050296783447,0.1508072018623352,0.39589807391166687,0.5233785510063171,-0.48654282093048096,0.4865523874759674,-0.5026108622550964,0.692677915096283,0.1525830179452896,0.019978148862719536,0,0.7111162543296814,0.15110783278942108,0.3833822011947632,0.5238572955131531,-0.48451605439186096,0.4849216341972351,-0.505636990070343,1
0.7135767936706543,0.15085384249687195,0.39366263151168823,0.5230092406272888,-0.48677653074264526,0.4867921471595764,-0.5025368332862854,0.692677915096283,0.1525830179452896,0.019978148862719536,0,0.7111077904701233,0.15115103125572205,0.38108813762664795,0.5234635472297668,-0.4847743511199951,0.4851834177970886,-0.5055460333824158,1
0.7136380076408386,0.15089987218379974,0.39142045378685,0.5226369500160217,-0.48701298236846924,0.48703402280807495,-0.5024607181549072,0.692677915096283,0.1525830179452896,0.019978148862719536,0,0.7110888957977295,0.15119358897209167,0.3787958025932312,0.5230699181556702,-0.48503243923187256,0.4854445457458496,-0.5054551362991333,1
0.7136881947517395,0.15094555914402008,0.38917291164398193,0.5222625136375427,-0.4872516095638275,0.4872775971889496,-0.5023826360702515,0.692677915096283,0.1525830179452896,0.019978148862719536,0,0.7110596299171448,0.15123556554317474,0.37650492787361145,0.5226760506629944,-0.4852904677391052,0.48570558428764343,-0.5053640007972717,1
0.7137277126312256,0.15099062025547028,0.3869199752807617,0.521885097026825,-0.48749253153800964,0.4875229597091675,-0.502302885055542,0.692677915096283,0.1525830179452896,0.019978148862719536,0,0.71101975440979,0.1512768715620041,0.37421584129333496,0.5222822427749634,-0.4855484962463379,0.4859660863876343,-0.5052729845046997,1
0.7137566208839417,0.15103507041931152,0.3846627473831177,0.52150559425354,-0.48773548007011414,0.4877699017524719,-0.5022215843200684,0.692677915096283,0.1525830179452896,0.019978148862719536,0,0.7109696269035339,0.15131759643554688,0.371927946805954,0.521888017654419,-0.4858066439628601,0.486226350069046,-0.5051819086074829,1
0.713774561882019,0.15107914805412292,0.38240188360214233,0.5211244225502014,-0.487979918718338,0.48801788687705994,-0.5021389126777649,0.692677915096283,0.1525830179452896,0.019978148862719536,0,0.7109092473983765,0.1513579934835434,0.36964157223701477,0.5214937329292297,-0.4860648810863495,0.4864862263202667,-0.5050902962684631,1
0.7137817144393921,0.151122584939003,0.38013792037963867,0.5207412838935852,-0.4882259964942932,0.48826709389686584,-0.5020549297332764,0.692677915096283,0.1525830179452896,0.019978148862719536,0,0.7108384370803833,0.1513974666595459,0.3673568367958069,0.5210991501808167,-0.4863230288028717,0.4867458939552307,-0.5049989819526672,1
0.7137781381607056,0.1511656641960144,0.37787187099456787,0.5203567743301392,-0.4884732663631439,0.48851677775382996,-0.5019700527191162,0.692677915096283,0.1525830179452896,0.019978148862719536,0,0.7107574939727783,0.15143635869026184,0.36507415771484375,0.5207046270370483,-0.48658108711242676,0.4870049059391022,-0.5049076676368713,1
0.7137638926506042,0.15120786428451538,0.3756035566329956,0.519970715045929,-0.48872169852256775,0.4887674152851105,-0.5018843412399292,0.692677915096283,0.1525830179452896,0.019978148862719536,0,0.7106660604476929,0.15147459506988525,0.36279311776161194,0.5203097462654114,-0.4868391156196594,0.487263947725296,-0.5048161149024963,1
0.7137387990951538,0.1512496918439865,0.3733338713645935,0.5195835828781128,-0.4889710247516632,0.48901864886283875,-0.5017977356910706,0.692677915096283,0.1525830179452896,0.019978148862719536,0,0.7105644345283508,0.15151222050189972,0.3605136275291443,0.5199146270751953,-0.4870973229408264,0.4875224828720093,-0.504724383354187,1
0.7137030363082886,0.151291161775589,0.37106311321258545,0.519195556640625,-0.4892212152481079,0.48927009105682373,-0.5017102360725403,0.692677915096283,0.1525830179452896,0.019978148862719536,0,0.7104521989822388,0.15154920518398285,0.35823652148246765,0.5195193886756897,-0.4873553514480591,0.4877806007862091,-0.5046328902244568,1
0.7136565446853638,0.15133172273635864,0.3687915503978729,0.5188063383102417,-0.48947224020957947,0.48952215909957886,-0.5016222596168518,0.692677915096283,0.1525830179452896,0.019978148862719536,0,0.7103299498558044,0.15158560872077942,0.3559609055519104,0.5191240906715393,-0.4876135587692261,0.4880386292934418,-0.5045408010482788,1
0.713599443435669,0.15137194097042084,0.366519570350647,0.5184164047241211,-0.48972392082214355,0.48977428674697876,-0.501533567905426,0.692677915096283,0.1525830179452896,0.019978148862719536,0,0.710197389125824,0.15162135660648346,0.35368743538856506,0.518728494644165,-0.48787155747413635,0.48829612135887146,-0.5044491291046143,1
0.7135315537452698,0.1514115035533905,0.3642473816871643,0.5180255770683289,-0.4899761974811554,0.4900267422199249,-0.5014445185661316,0.692677915096283,0.1525830179452896,0.019978148862719536,0,0.7100544571876526,0.15165674686431885,0.35141634941101074,0.5183330774307251,-0.4881296455860138,0.488552987575531,-0.5043571591377258,1
0.7134531736373901,0.15145044028759003,0.36197522282600403,0.5176339745521545,-0.49022892117500305,0.4902794361114502,-0.5013549327850342,0.692677915096283,0.1525830179452896,0.019978148862719536,0,0.7099014520645142,0.1516912281513214,0.34914690256118774,0.5179371237754822,-0.4883877635002136,0.48880985379219055,-0.5042652487754822,1
0.7133641242980957,0.1514887511730194,0.3597033619880676,0.5172418355941772,-0.4904821813106537,0.49053213000297546,-0.501264750957489,0.692677915096283,0.1525830179452896,0.019978148862719536,0,0.7097380757331848,0.15172511339187622,0.3468797504901886,0.5175412893295288,-0.48864567279815674,0.4890662431716919,-0.5041730999946594,1
0.713264524936676,0.15152640640735626,0.3574322462081909,0.5168491005897522,-0.4907356798648834,0.4907846748828888,-0.5011745691299438,0.692677915096283,0.1525830179452896,0.019978148862719536,0,0.7095644474029541,0.1517583280801773,0.3446149528026581,0.517145037651062,-0.4889037609100342,0.48932239413261414,-0.5040810108184814,1
0.7131544351577759,0.15156342089176178,0.3551616072654724,0.5164554715156555,-0.490989625453949,0.4910374581813812,-0.5010838508605957,0.692677915096283,0.1525830179452896,0.019978148862719536,0,0.709380567073822,0.15179093182086945,0.34235242009162903,0.51674884557724,-0.4891616702079773,0.48957809805870056,-0.5039886832237244,1
0.7130337953567505,0.15160009264945984,0.35289227962493896,0.5160617828369141,-0.49124380946159363,0.49129000306129456,-0.5009928345680237,0.692677915096283,0.1525830179452896,0.019978148862719536,0,0.7091866135597229,0.15182290971279144,0.340091735124588,0.5163522362709045,-0.48941972851753235,0.4898335635662079,-0.5038964748382568,1
0.7129027247428894,0.15163587033748627,0.3506239652633667,0.5156674385070801,-0.491498202085495,0.4915423095226288,-0.5009017586708069,0.692677915096283,0.1525830179452896,0.019978148862719536,0,0.7089823484420776,0.1518542319536209,0.3378335237503052,0.5159556269645691,-0.489677757024765,0.4900885820388794,-0.503804087638855,1
0.7127609252929688,0.15167124569416046,0.34835708141326904,0.515272855758667,-0.4917529821395874,0.49179473519325256,-0.5008101463317871,0.692677915096283,0.1525830179452896,0.019978148862719536,0,0.7087681293487549,0.15188494324684143,0.33557796478271484,0.5155587792396545,-0.4899357259273529,0.49034324288368225,-0.5037118196487427,1
0.7126089930534363,0.1517060101032257,0.3460913896560669,0.5148778557777405,-0.49200788140296936,0.4920467436313629,-0.5007182955741882,0.692677915096283,0.1525830179452896,0.019978148862719536,0,0.7085434198379517,0.15191499888896942,0.3333247900009155,0.5151619911193848,-0.4901936650276184,0.490597665309906,-0.5036191344261169,1
0.7124465107917786,0.15173980593681335,0.34382766485214233,0.5144825577735901,-0.49226269125938416,0.49229896068573,-0.5006265044212341,0.692677915096283,0.1525830179452896,0.019978148862719536,0,0.708308756351471,0.15194469690322876,0.3310739994049072,0.5147649645805359,-0.490451842546463,0.490851491689682,-0.5035263299942017,1
0.7122735977172852,0.15177330374717712,0.3415653109550476,0.5140867233276367,-0.4925179183483124,0.49255046248435974,-0.5005345940589905,0.692677915096283,0.1525830179452896,0.019978148862719536,0,0.7080638408660889,0.15197348594665527,0.32882604002952576,0.5143677592277527,-0.4907098114490509,0.49110499024391174,-0.5034337043762207,1
0.7120904922485352,0.15180613100528717,0.33930498361587524,0.5136908292770386,-0.4927731156349182,0.4928019046783447,-0.5004424452781677,0.692677915096283,0.1525830179452896,0.019978148862719536,0,0.7078089118003845,0.15200163424015045,0.32658037543296814,0.5139703750610352,-0.49096783995628357,0.4913584291934967,-0.5033407211303711,1
0.7118968367576599,0.15183834731578827,0.33704641461372375,0.513294517993927,-0.49302852153778076,0.49305304884910583,-0.5003500580787659,0.692677915096283,0.1525830179452896,0.019978148862719536,0,0.7075438499450684,0.1520291417837143,0.3243374228477478,0.5135727524757385,-0.4912257194519043,0.49161145091056824,-0.5032479763031006,1
0.7116930484771729,0.15186963975429535,0.33479005098342896,0.5128982067108154,-0.4932836592197418,0.49330395460128784,-0.5002578496932983,0.692677915096283,0.1525830179452896,0.019978148862719536,0,0.7072687149047852,0.152056023478508,0.3220972418785095,0.5131751298904419,-0.49148353934288025,0.49186384677886963,-0.5031551122665405,1
0.7114787101745605,0.1519005447626114,0.33253586292266846,0.5125013589859009,-0.49353906512260437,0.4935546815395355,-0.5001651644706726,0.692677915096283,0.1525830179452896,0.019978148862719536,0,0.7069836258888245,0.15208223462104797,0.31985968351364136,0.5127770900726318,-0.49174147844314575,0.4921163320541382,-0.5030620694160461,1
0.7112542986869812,0.1519308239221573,0.33028340339660645,0.5121044516563416,-0.49379459023475647,0.4938049912452698,-0.5000725388526917,0.692677915096283,0.1525830179452896,0.019978148862719536,0,0.7066881656646729,0.1521078199148178,0.31762486696243286,0.5123789310455322,-0.4919995665550232,0.4923681616783142,-0.5029689073562622,1
0.7110196352005005,0.15196047723293304,0.32803383469581604,0.5117074847221375,-0.4940498173236847,0.494054913520813,-0.4999799132347107,0.692677915096283,0.1525830179452896,0.019978148862719536,0,0.7063827514648438,0.15213274955749512,0.3153933882713318,0.5119808316230774,-0.4922572672367096,0.49261966347694397,-0.5028760433197021,1
0.7107746601104736,0.15198947489261627,0.3257867395877838,0.5113101601600647,-0.49430522322654724,0.49430447816848755,-0.4998871982097626,0.692677915096283,0.1525830179452896,0.019978148862719536,0,0.7060674428939819,0.15215730667114258,0.3131639361381531,0.5115824341773987,-0.4925154149532318,0.4928710162639618,-0.5027823448181152,1
0.7105196714401245,0.15201780200004578,0.3235418498516083,0.5109127759933472,-0.49456074833869934,0.494553804397583,-0.49979424476623535,0.692677915096283,0.1525830179452896,0.019978148862719536,0,0.7057421207427979,0.1521809697151184,0.31093835830688477,0.51118403673172,-0.4927730858325958,0.4931217133998871,-0.5026893615722656,1
0.7102542519569397,0.15204553306102753,0.321299284696579,0.5105150938034058,-0.4948164224624634,0.49480268359184265,-0.4997011721134186,0.692677915096283,0.1525830179452896,0.019978148862719536,0,0.7054067254066467,0.1522040069103241,0.30871516466140747,0.5107852220535278,-0.49303099513053894,0.49337220191955566,-0.502595841884613,1
0.7099787592887878,0.15207259356975555,0.3190597891807556,0.5101173520088196,-0.49507176876068115,0.4950512647628784,-0.4996083080768585,0.692677915096283,0.1525830179452896,0.019978148862719536,0,0.7050613760948181,0.15222634375095367,0.3064950406551361,0.5103861093521118,-0.4932890236377716,0.4936225116252899,-0.5025023221969604,1
0.709693193435669,0.15209902822971344,0.3168228268623352,0.5097192525863647,-0.49532729387283325,0.49529963731765747,-0.499515175819397,0.692677915096283,0.1525830179452896,0.019978148862719536,0,0.7047061324119568,0.1522480547428131,0.30427807569503784,0.5099872350692749,-0.49354684352874756,0.49387237429618835,-0.5024086833000183,1
0.7093974351882935,0.15212507545948029,0.31458908319473267,0.509321391582489,-0.49558258056640625,0.49554726481437683,-0.4994220435619354,0.692677915096283,0.1525830179452896,0.019978148862719536,0,0.7043407559394836,0.15226911008358002,0.30206435918807983,0.5095879435539246,-0.4938047230243683,0.4941219091415405,-0.502315104007721,1
0.7090917229652405,0.1521502137184143,0.312357634305954,0.5089232325553894,-0.495837926864624,0.49579474329948425,-0.49932897090911865,0.692677915096283,0.1525830179452896,0.019978148862719536,0,0.7039655447006226,0.1522895246744156,0.2998542785644531,0.5091888904571533,-0.4940623641014099,0.4943709671497345,-0.502221405506134,1
0.7087758779525757,0.152174711227417,0.3101290464401245,0.5085247755050659,-0.4960932433605194,0.4960419833660126,-0.49923568964004517,0.692677915096283,0.1525830179452896,0.019978148862719536,0,0.7035804986953735,0.15230928361415863,0.2976469099521637,0.5087892413139343,-0.49432018399238586,0.494619756937027,-0.5021276473999023,1
0.7084499001502991,0.15219855308532715,0.30790358781814575,0.5081261992454529,-0.49634861946105957,0.49628889560699463,-0.4991423785686493,0.692677915096283,0.1525830179452896,0.019978148862719536,0,0.7031854391098022,0.15232867002487183,0.29544275999069214,0.5083895921707153,-0.4945783317089081,0.49486812949180603,-0.5020337104797363,1
0.708113968372345,0.15222176909446716,0.3056812584400177,0.5077276229858398,-0.4966035783290863,0.4965352416038513,-0.49904927611351013,0.692677915096283,0.1525830179452896,0.019978148862719536,0,0.7027806043624878,0.152347132563591,0.29324203729629517,0.5079897046089172,-0.4948360323905945,0.4951162040233612,-0.5019397735595703,1
0.7077679634094238,0.15224431455135345,0.30346179008483887,0.5073287487030029,-0.49685898423194885,0.4967814087867737,-0.4989558160305023,0.692677915096283,0.1525830179452896,0.019978148862719536,0,0.7023659348487854,0.15236493945121765,0.2910447120666504,0.5075897574424744,-0.4950939118862152,0.4953639805316925,-0.5018455982208252,1
0.7074121236801147,0.1522662490606308,0.3012457489967346,0.5069300532341003,-0.4971138536930084,0.49702689051628113,-0.4988625943660736,0.692677915096283,0.1525830179452896,0.019978148862719536,0,0.7019414305686951,0.15238210558891296,0.28885096311569214,0.5071896314620972,-0.495351642370224,0.4956114888191223,-0.5017516613006592,1
0.7070460915565491,0.15228775143623352,0.29903316497802734,0.506531298160553,-0.4973689317703247,0.49727198481559753,-0.4987691640853882,0.692677915096283,0.1525830179452896,0.019978148862719536,0,0.701507031917572,0.15239860117435455,0.2866608500480652,0.5067894458770752,-0.4956093728542328,0.4958583116531372,-0.5016574859619141,1
0.706670343875885,0.1523083746433258,0.2968234121799469,0.506132185459137,-0.4976238012313843,0.497516930103302,-0.4986758232116699,0.692677915096283,0.1525830179452896,0.019978148862719536,0,0.701062798500061,0.1524144411087036,0.2844739854335785,0.5063890218734741,-0.4958670735359192,0.4961051642894745,-0.5015632510185242,1
0.7062847018241882,0.15232832729816437,0.29461681842803955,0.5057328939437866,-0.49787890911102295,0.4977613389492035,-0.4985823929309845,0.692677915096283,0.1525830179452896,0.019978148862719536,0,0.7006088495254517,0.15242964029312134,0.2822907269001007,0.5059882998466492,-0.4961249828338623,0.4963515102863312,-0.5014688372612,1
0.7058888673782349,0.1523476392030716,0.29241421818733215,0.505333662033081,-0.49813371896743774,0.4980054199695587,-0.4984888732433319,0.692677915096283,0.1525830179452896,0.019978148862719536,0,0.7001451253890991,0.15244416892528534,0.2801111936569214,0.5055875182151794,-0.4963827133178711,0.4965975284576416,-0.5013744831085205,1
0.7054835557937622,0.15236632525920868,0.29021474719047546,0.5049344897270203,-0.498388409614563,0.49824902415275574,-0.49839547276496887,0.692677915096283,0.1525830179452896,0.019978148862719536,0,0.699671745300293,0.1524583101272583,0.2779350280761719,0.5051866769790649,-0.4966406226158142,0.4968430697917938,-0.5012798309326172,1
0.7050682306289673,0.15238434076309204,0.2880186438560486,0.5045348405838013,-0.4986431300640106,0.49849236011505127,-0.4983018934726715,0.692677915096283,0.1525830179452896,0.019978148862719536,0,0.6991885304450989,0.15247154235839844,0.2757629156112671,0.5047855973243713,-0.49689826369285583,0.4970885217189789,-0.5011851787567139,1
0.7046428918838501,0.15240168571472168,0.28582656383514404,0.5041354298591614,-0.4988976716995239,0.49873512983322144,-0.49820849299430847,0.692677915096283,0.1525830179452896,0.019978148862719536,0,0.6986958384513855,0.15248411893844604,0.27359458804130554,0.5043843388557434,-0.4971560537815094,0.4973334074020386,-0.501090407371521,1
0.7042079567909241,0.15241868793964386,0.28363731503486633,0.5037357807159424,-0.499152272939682,0.4989776611328125,-0.49811485409736633,0.692677915096283,0.1525830179452896,0.019978148862719536,0,0.6981931924819946,0.15249605476856232,0.27143025398254395,0.5039829611778259,-0.4974137246608734,0.4975779056549072,-0.500995934009552,1
0.7037630677223206,0.15243473649024963,0.2814522981643677,0.5033362507820129,-0.49940675497055054,0.49921971559524536,-0.49802127480506897,0.692677915096283,0.1525830179452896,0.019978148862719536,0,0.6976809501647949,0.15250727534294128,0.26926982402801514,0.5035815834999084,-0.49767130613327026,0.49782219529151917,-0.5009009838104248,1
0.7033085227012634,0.15245014429092407,0.27927055954933167,0.5029361844062805,-0.4996613562107086,0.4994613528251648,-0.49792763590812683,0.692677915096283,0.1525830179452896,0.019978148862719536,0,0.6971591711044312,0.1525178849697113,0.2671130895614624,0.5031798481941223,-0.49792900681495667,0.49806609749794006,-0.5008062124252319,1
0.7028444409370422,0.15246492624282837,0.27709251642227173,0.5025362968444824,-0.4999156594276428,0.4997027516365051,-0.49783405661582947,0.692677915096283,0.1525830179452896,0.019978148862719536,0,0.6966277360916138,0.1525278091430664,0.2649604082107544,0.5027781128883362,-0.4981866776943207,0.49830952286720276,-0.5007113218307495,1
0.702370285987854,0.15247902274131775,0.27491846680641174,0.50213623046875,-0.500170111656189,0.49994367361068726,-0.4977402985095978,0.692677915096283,0.1525830179452896,0.019978148862719536,0,0.6960867643356323,0.15253710746765137,0.262811541557312,0.502376139163971,-0.49844422936439514,0.49855291843414307,-0.500616192817688,1
0.7018866539001465,0.152492493391037,0.2727484703063965,0.5017359852790833,-0.5004242062568665,0.5001840591430664,-0.49764683842658997,0.692677915096283,0.1525830179452896,0.019978148862719536,0,0.6955361366271973,0.1525457352399826,0.26066669821739197,0.5019738674163818,-0.4987020492553711,0.4987957179546356,-0.5005209445953369,1
0.7013932466506958,0.1525055319070816,0.2705819606781006,0.5013357400894165,-0.5006786584854126,0.5004242062568665,-0.4975528419017792,0.692677915096283,0.1525830179452896,0.019978148862719536,0,0.6949760913848877,0.1525539606809616,0.2585263252258301,0.501571774482727,-0.4989597797393799,0.4990379214286804,-0.5004256963729858,1
0.7008903622627258,0.15251769125461578,0.26841989159584045,0.5009358525276184,-0.500932514667511,0.500663697719574,-0.497459352016449,0.692677915096283,0.1525830179452896,0.019978148862719536,0,0.694406270980835,0.1525612324476242,0.25639015436172485,0.5011693239212036,-0.49921730160713196,0.49928030371665955,-0.5003304481506348,1
0.7003776431083679,0.15252919495105743,0.26626136898994446,0.5005353093147278,-0.5011865496635437,0.5009031891822815,-0.4973655343055725,0.692677915096283,0.1525830179452896,0.019978148862719536,0,0.6938270926475525,0.15256787836551666,0.25425806641578674,0.5007668137550354,-0.4994749426841736,0.49952197074890137,-0.5002350807189941,1
0.6998555064201355,0.15254002809524536,0.2641071379184723,0.5001348853111267,-0.5014404654502869,0.5011418461799622,-0.4972718358039856,0.692677915096283,0.1525830179452896,0.019978148862719536,0,0.6932384967803955,0.1525738686323166,0.2521302103996277,0.5003639459609985,-0.4997326135635376,0.49976351857185364,-0.5001396536827087,1
0.6993237137794495,0.15255020558834076,0.2619569003582001,0.4997343420982361,-0.5016942024230957,0.5013805031776428,-0.4971781373023987,0.692677915096283,0.1525830179452896,0.019978148862719536,0,0.6926404237747192,0.1525791883468628,0.2500063478946686,0.49996113777160645,-0.4999901056289673,0.5000047087669373,-0.5000438690185547,1
0.6987822651863098,0.1525600254535675,0.2598109841346741,0.4993337094783783,-0.5019481778144836,0.501618504524231,-0.49708420038223267,0.692677915096283,0.1525830179452896,0.019978148862719536,1,0.6987822651863098,0.1525600254535675,0.2598109841346741,0.4993337094783783,-0.5019481778144836,0.501618504524231,-0.49708420038223267,0
0.6986901760101318,0.15259437263011932,0.2581671476364136,0.49872133135795593,-0.5025812983512878,0.5021401643753052,-0.4965322017669678,0.692677915096283,0.1525830179452896,0.019978148862719536,1,0.6987822651863098,0.1525600254535675,0.2598109841346741,0.4993337094783783,-0.5019481778144836,0.501618504524231,-0.49708420038223267,0
0.6987913250923157,0.1526128202676773,0.25703075528144836,0.4982026517391205,-0.503102719783783,0.5025957822799683,-0.4960636794567108,0.692677915096283,0.1525830179452896,0.019978148862719536,1,0.6987822651863098,0.1525600254535675,0.2598109841346741,0.4993337094783783,-0.5019481778144836,0.501618504524231,-0.49708420038223267,0
0.6988871693611145,0.15261319279670715,0.2561393976211548,0.4977976977825165,-0.5034984350204468,0.502951979637146,-0.49570751190185547,0.692677915096283,0.1525830179452896,0.019978148862719536,1,0.6987822651863098,0.1525600254535675,0.2598109841346741,0.4993337094783783,-0.5019481778144836,0.501618504524231,-0.49708420038223267,0
0.6989706754684448,0.15260879695415497,0.25540101528167725,0.49746230244636536,-0.5038222074508667,0.5032467842102051,-0.4954161047935486,0.692677915096283,0.1525830179452896,0.019978148862719536,1,0.6987822651863098,0.1525600254535675,0.2598109841346741,0.4993337094783783,-0.5019481778144836,0.501618504524231,-0.49708420038223267,0
0.6990433931350708,0.15260455012321472,0.25477075576782227,0.4971766769886017,-0.5040972828865051,0.5034975409507751,-0.4951680600643158,0.692677915096283,0.1525830179452896,0.019978148862719536,1,0.6987822651863098,0.1525600254535675,0.2598109841346741,0.4993337094783783,-0.5019481778144836,0.501618504524231,-0.49708420038223267,0
0.6991072297096252,0.15260106325149536,0.2542220950126648,0.49692869186401367,-0.5043359398841858,0.5037150979042053,-0.4949526786804199,0.692677915096283,0.1525830179452896,0.019978148862719536,1,0.6987822651863098,0.1525600254535675,0.2598109841346741,0.4993337094783783,-0.5019481778144836,0.501618504524231,-0.49708420038223267,0
0.6991643905639648,0.15259452164173126,0.2537437081336975,0.49670934677124023,-0.5045445561408997,0.5039034485816956,-0.49476850032806396,0.6926488280296326,0.15309827029705048,0.020287612453103065,1,0.6987822651863098,0.1525600254535675,0.2598109841346741,0.4993337094783783,-0.5019481778144836,0.501618504524231,-0.49708420038223267,0
0.6992148160934448,0.15259021520614624,0.25332072377204895,0.4965181052684784,-0.5047271847724915,0.5040709972381592,-0.4946034550666809,0.692551851272583,0.15324674546718597,0.020242273807525635,1,0.6992148160934448,0.15259021520614624,0.25332072377204895,0.4965181052684784,-0.5047271847724915,0.5040709972381592,-0.4946034550666809,0
0.6992759108543396,0.15260086953639984,0.25265344977378845,0.49623972177505493,-0.5050050616264343,0.5043140649795532,-0.49435144662857056,0.6923955678939819,0.15309271216392517,0.019742898643016815,1,0.7023995518684387,0.1523563414812088,0.2608758807182312,0.5011209845542908,-0.501615583896637,0.5011866688728333,-0.4960559606552124,0
0.6996289491653442,0.15262402594089508,0.25227487087249756,0.49618420004844666,-0.505226194858551,0.5044630169868469,-0.49402907490730286,0.6925273537635803,0.15297619998455048,0.0196014866232872,1,0.7054531574249268,0.15211044251918793,0.2684851586818695,0.5057018995285034,-0.4985004663467407,0.4982578158378601,-0.4974956214427948,0
0.7002748847007751,0.15262572467327118,0.2524561583995819,0.4964825510978699,-0.505224347114563,0.5044053792953491,-0.4937898814678192,0.6930631399154663,0.1528874933719635,0.019811691716313362,1,0.7083745002746582,0.15185324847698212,0.27614685893058777,0.5102613568305969,-0.49538129568099976,0.49528422951698303,-0.49892303347587585,0
0.7011823654174805,0.15259741246700287,0.25327959656715393,0.49716565012931824,-0.5049497485160828,0.5041051506996155,-0.4936901330947876,0.6941290497779846,0.15285122394561768,0.02049345150589943,1,0.7111628651618958,0.1515844315290451,0.2838575541973114,0.5147980451583862,-0.49225929379463196,0.4922664761543274,-0.5003372430801392,0
0.7023182511329651,0.1525411307811737,0.2547498941421509,0.49822762608528137,-0.5043970942497253,0.5035572648048401,-0.4937435984611511,0.6957653164863586,0.15288420021533966,0.021689986810088158,1,0.7138171195983887,0.15130463242530823,0.2916157841682434,0.5193122029304504,-0.4891338646411896,0.4892042875289917,-0.5017389059066772,0
0.7036495804786682,0.15246063470840454,0.2568376660346985,0.49964481592178345,-0.5035812854766846,0.5027709603309631,-0.4939456582069397,0.6978524923324585,0.15298208594322205,0.023474177345633507,1,0.7163368463516235,0.15101362764835358,0.2994184195995331,0.5238031148910522,-0.4860053062438965,0.4860982894897461,-0.5031278133392334,0
0.7051457166671753,0.15235936641693115,0.2594987154006958,0.5013870000839233,-0.5025229454040527,0.5017607808113098,-0.4942852258682251,0.7003275752067566,0.1531357765197754,0.02582469768822193,1,0.7187206745147705,0.1507120579481125,0.30726349353790283,0.5282703042030334,-0.4828740358352661,0.4829484522342682,-0.504503607749939,0
0.7067784667015076,0.15223905444145203,0.2626853287220001,0.5034226179122925,-0.5012446045875549,0.5005426406860352,-0.4947488009929657,0.7031416893005371,0.1533433347940445,0.028702406212687492,1,0.72096848487854,0.15039962530136108,0.31514912843704224,0.5327140688896179,-0.47973930835723877,0.47975462675094604,-0.5058670043945312,0
0.7085214853286743,0.15210101008415222,0.26634979248046875,0.5057199597358704,-0.49976876378059387,0.49913349747657776,-0.4953222870826721,0.7062493562698364,0.15358410775661469,0.03206583857536316,1,0.7230787873268127,0.15007708966732025,0.3230718970298767,0.5371332764625549,-0.47660231590270996,0.47651728987693787,-0.507217288017273,0
0.7103503942489624,0.15194621682167053,0.27044740319252014,0.5082497000694275,-0.4981156587600708,0.4975486099720001,-0.4959923326969147,0.7096081376075745,0.1538565754890442,0.035876113921403885,1,0.7250515818595886,0.14974409341812134,0.33103007078170776,0.5415278673171997,-0.47346240282058716,0.4732362926006317,-0.508554995059967,0
0.7122421264648438,0.15177521109580994,0.2749378979206085,0.5109854936599731,-0.496304452419281,0.4958012104034424,-0.4967462122440338,0.7131786346435547,0.15415675938129425,0.04009826481342316,1,0.7268858551979065,0.14940112829208374,0.3390212059020996,0.5458976030349731,-0.4703202545642853,0.46991196274757385,-0.5098797082901001,0
0.7141761183738708,0.15158842504024506,0.27978482842445374,0.5139026045799255,-0.4943513870239258,0.49390408396720886,-0.49757352471351624,0.7169247269630432,0.15447969734668732,0.04470027983188629,1,0.7285810112953186,0.14904868602752686,0.3470420837402344,0.5502417683601379,-0.4671759307384491,0.46654465794563293,-0.5111913681030273,0
0.7161328792572021,0.15138675272464752,0.2849549949169159,0.5169796347618103,-0.49227210879325867,0.49186789989471436,-0.4984637498855591,0.7208132743835449,0.1548282951116562,0.04965394362807274,1,0.7301366925239563,0.148686483502388,0.3550916612148285,0.5545603632926941,-0.46402913331985474,0.46313416957855225,-0.5124903917312622,0
0.7180950045585632,0.15117037296295166,0.2904188632965088,0.5201968550682068,-0.4900796711444855,0.489702433347702,-0.49940812587738037,0.7248144745826721,0.1551835685968399,0.05493181198835373,1,0.731552243232727,0.14831525087356567,0.3631663918495178,0.5588529109954834,-0.4608803987503052,0.45968082547187805,-0.5137763619422913,0
0.7200464606285095,0.15093958377838135,0.296149343252182,0.5235364437103271,-0.48778602480888367,0.48741665482521057,-0.5003990530967712,0.7289009094238281,0.15554966032505035,0.060510288923978806,1,0.7328271865844727,0.147934690117836,0.37126392126083374,0.5631187558174133,-0.45772993564605713,0.45618507266044617,-0.5150492787361145,0
0.7219727039337158,0.15069489181041718,0.3021221160888672,0.5269823670387268,-0.485402375459671,0.4850185215473175,-0.5014291405677795,0.7330477833747864,0.15592385828495026,0.06636770814657211,1,0.7339611053466797,0.14754556119441986,0.3793826103210449,0.5673582553863525,-0.4545772671699524,0.45264649391174316,-0.5163093209266663,0
0.723860502243042,0.15043684840202332,0.308316171169281,0.5305210947990417,-0.4829375445842743,0.48251399397850037,-0.5024927258491516,0.7372326254844666,0.1563035249710083,0.07248421013355255,1,0.7349538207054138,0.14714756608009338,0.3875189423561096,0.571570098400116,-0.4514230191707611,0.4490657448768616,-0.5175564289093018,0
0.7256981730461121,0.15016531944274902,0.314710408449173,0.5341392755508423,-0.480400413274765,0.4799100458621979,-0.5035839676856995,0.7414352297782898,0.15668639540672302,0.07884170860052109,1,0.7358046770095825,0.14674149453639984,0.39567071199417114,0.5757545232772827,-0.4482678174972534,0.44544267654418945,-0.5187903642654419,0
0.727475106716156,0.14988085627555847,0.3212874233722687,0.5378259420394897,-0.4777984023094177,0.47721222043037415,-0.5046982765197754,0.7456048727035522,0.15710775554180145,0.08544042706489563,1,0.736513614654541,0.14632703363895416,0.40383610129356384,0.5799111127853394,-0.44511061906814575,0.44177764654159546,-0.5200114846229553,0
0.7291815280914307,0.1495840698480606,0.32803118228912354,0.5415709614753723,-0.4751383066177368,0.47442495822906494,-0.5058313608169556,0.7497918605804443,0.1574801355600357,0.09223499894142151,1,0.7370802164077759,0.145905002951622,0.41201168298721313,0.5840393900871277,-0.4419524669647217,0.4380708336830139,-0.5212196111679077,0
0.7308089733123779,0.1492748260498047,0.33492547273635864,0.5453645586967468,-0.4724263548851013,0.4715535044670105,-0.5069793462753296,0.7539491653442383,0.1578502506017685,0.09922278672456741,1,0.7375045418739319,0.14547549188137054,0.42019516229629517,0.5881391167640686,-0.43879324197769165,0.4343225657939911,-0.5224143862724304,0
0.7323498129844666,0.14895392954349518,0.34195730090141296,0.5491991639137268,-0.4696676433086395,0.46860140562057495,-0.50813889503479,0.7580597996711731,0.15821994841098785,0.10639079660177231,1,0.737786054611206,0.14503848552703857,0.42838484048843384,0.5922097563743591,-0.4356328845024109,0.4305327832698822,-0.5235962867736816,0
0.7337968349456787,0.14862161874771118,0.34911394119262695,0.553067147731781,-0.46686750650405884,0.46557238698005676,-0.5093070864677429,0.7621118426322937,0.1585872918367386,0.1137271597981453,1,0.7379250526428223,0.14459408819675446,0.436577171087265,0.5962508916854858,-0.43247169256210327,0.42670199275016785,-0.5247650742530823,0
0.7351443767547607,0.14827777445316315,0.35638344287872314,0.5569614768028259,-0.46402981877326965,0.46247029304504395,-0.5104814767837524,0.7660925984382629,0.1589522808790207,0.12121939659118652,1,0.7379212379455566,0.14414313435554504,0.44477009773254395,0.6002625823020935,-0.42930978536605835,0.42283016443252563,-0.5259206891059875,0
0.7363865375518799,0.1479233205318451,0.36375534534454346,0.5608767867088318,-0.4611586928367615,0.4592975676059723,-0.511659562587738,0.7699795365333557,0.15933921933174133,0.12886591255664825,1,0.7377744913101196,0.14368528127670288,0.4529613256454468,0.6042441129684448,-0.42614737153053284,0.41891738772392273,-0.527063250541687,0
0.7375189065933228,0.14755846560001373,0.3712199032306671,0.5648078322410583,-0.4582572877407074,0.4560568332672119,-0.512839674949646,0.7737904191017151,0.159689262509346,0.13664934039115906,1,0.7374850511550903,0.1432214081287384,0.46114811301231384,0.6081952452659607,-0.42298442125320435,0.4149639308452606,-0.5281927585601807,0
0.7385367751121521,0.14718316495418549,0.37876784801483154,0.5687491297721863,-0.4553287923336029,0.4527509808540344,-0.5140199065208435,0.7775142192840576,0.16002200543880463,0.14455951750278473,1,0.7370530366897583,0.14275120198726654,0.469327837228775,0.6121154427528381,-0.41982120275497437,0.4109703302383423,-0.5293090343475342,0
0.7394365668296814,0.14679822325706482,0.38639044761657715,0.57269686460495,-0.4523761570453644,0.4493820369243622,-0.5151986479759216,0.7811360955238342,0.16034914553165436,0.15258800983428955,1,0.7364782691001892,0.14227545261383057,0.477497935295105,0.6160047650337219,-0.41665783524513245,0.4069364666938782,-0.5304120779037476,0
0.7402148842811584,0.14640368521213531,0.39407995343208313,0.5766469836235046,-0.44940194487571716,0.4459522068500519,-0.5163745284080505,0.7846521735191345,0.1606701761484146,0.16075605154037476,1,0.735761284828186,0.141793891787529,0.485656201839447,0.6198624968528748,-0.41349437832832336,0.4028627574443817,-0.5315020084381104,0
0.7408683896064758,0.14599990844726562,0.4018293619155884,0.5805960893630981,-0.4464079439640045,0.4424632489681244,-0.5175464153289795,0.7880511283874512,0.16098687052726746,0.1690036654472351,1,0.7349016666412354,0.14130733907222748,0.49380040168762207,0.6236886382102966,-0.41033098101615906,0.3987490236759186,-0.5325787663459778,0
0.7413950562477112,0.14558763802051544,0.40963107347488403,0.584540843963623,-0.4433966279029846,0.43891704082489014,-0.518713116645813,0.7913280725479126,0.16129469871520996,0.17733532190322876,1,0.7339003682136536,0.14081552624702454,0.5019270181655884,0.6274822354316711,-0.40716785192489624,0.3945963680744171,-0.5336422324180603,0
0.7417923212051392,0.14516675472259521,0.4174790382385254,0.5884784460067749,-0.44036954641342163,0.4353150427341461,-0.5198734998703003,0.7944812774658203,0.16159319877624512,0.18575771152973175,1,0.7327571511268616,0.14031922817230225,0.5100350379943848,0.6312440633773804,-0.40400490164756775,0.39040374755859375,-0.5346922874450684,0
0.7420582175254822,0.14473718404769897,0.42536693811416626,0.5924059748649597,-0.4373284578323364,0.43165895342826843,-0.5210273265838623,0.797507107257843,0.16188213229179382,0.19426487386226654,1,0.7314727902412415,0.1398182213306427,0.5181204676628113,0.6349725127220154,-0.4008426368236542,0.3861725926399231,-0.5357292294502258,0
0.7421910762786865,0.14430001378059387,0.4332893490791321,0.5963214635848999,-0.43427467346191406,0.4279496967792511,-0.5221735835075378,0.8004019856452942,0.16216139495372772,0.20285026729106903,1,0.7300474047660828,0.13931329548358917,0.5261813402175903,0.6386678814888,-0.39768096804618835,0.38190263509750366,-0.5367525815963745,0
0.7421891689300537,0.14385533332824707,0.4412411153316498,0.6002228260040283,-0.43120935559272766,0.42418843507766724,-0.5233116745948792,0.8031630516052246,0.16242942214012146,0.21150921285152435,1,0.7284813523292542,0.13880421221256256,0.5342159867286682,0.6423299908638,-0.3945196866989136,0.37759390473365784,-0.5377631783485413,0
0.7420514225959778,0.14340335130691528,0.4492162764072418,0.6041077971458435,-0.42813408374786377,0.42037689685821533,-0.5244407057762146,0.8057868480682373,0.16268989443778992,0.22023288905620575,1,0.7267752289772034,0.13829171657562256,0.5422208905220032,0.6459581255912781,-0.39135947823524475,0.3732469975948334,-0.5387601256370544,0
0.7417768239974976,0.14294424653053284,0.4572107791900635,0.6079747080802917,-0.42504987120628357,0.4165155589580536,-0.525560736656189,0.8082552552223206,0.1629825085401535,0.22900822758674622,1,0.7249296307563782,0.13777559995651245,0.5501941442489624,0.649552047252655,-0.3882002532482147,0.36886200308799744,-0.5397439002990723,0
0.7413643002510071,0.142478808760643,0.4652196168899536,0.611822247505188,-0.4219573140144348,0.4126054644584656,-0.5266709923744202,0.8105911016464233,0.16321037709712982,0.23785468935966492,1,0.7229449152946472,0.1372566819190979,0.5581331849098206,0.6531116366386414,-0.3850420415401459,0.36443912982940674,-0.5407141447067261,0
0.7408130764961243,0.14200694859027863,0.4732383191585541,0.6156483888626099,-0.41885775327682495,0.40864771604537964,-0.52777099609375,0.8127861022949219,0.16342869400978088,0.24675221741199493,1,0.720821738243103,0.13673467934131622,0.566035270690918,0.6566362977027893,-0.3818853199481964,0.3599788546562195,-0.541671097278595,0
0.7401227355003357,0.1415289044380188,0.48126301169395447,0.619452178478241,-0.41575145721435547,0.4046429693698883,-0.5288607478141785,0.8148362636566162,0.16364185512065887,0.2556942403316498,1,0.7185606360435486,0.1362103819847107,0.5738986134529114,0.6601258516311646,-0.37872976064682007,0.3554810583591461,-0.5426146388053894,0
0.7392928004264832,0.1410451978445053,0.48928916454315186,0.6232320070266724,-0.41263970732688904,0.4005923867225647,-0.5299396514892578,0.8167404532432556,0.16385042667388916,0.2646755874156952,1,0.7161627411842346,0.1356835663318634,0.5817203521728516,0.6635800004005432,-0.3755756914615631,0.3509465754032135,-0.5435447692871094,0
0.7383226156234741,0.14055633544921875,0.49731338024139404,0.6269871592521667,-0.4095229208469391,0.3964961767196655,-0.5310074090957642,0.8184971809387207,0.16405391693115234,0.2736920416355133,1,0.7136285901069641,0.13515476882457733,0.5894978642463684,0.6669980883598328,-0.3724234402179718,0.34637516736984253,-0.5444616079330444,0
0.7372124195098877,0.14006228744983673,0.5053316354751587,0.6307163834571838,-0.4064014256000519,0.3923548758029938,-0.5320641398429871,0.8201037645339966,0.16424953937530518,0.2827415466308594,1,0.7109583616256714,0.13462452590465546,0.597229540348053,0.6703805327415466,-0.36927270889282227,0.34176701307296753,-0.5453648567199707,0
0.7359618544578552,0.13956330716609955,0.5133402943611145,0.6344186663627625,-0.4032759368419647,0.38816988468170166,-0.5331093072891235,0.8215591311454773,0.16443711519241333,0.2918201684951782,1,0.7081536650657654,0.13409261405467987,0.6049121022224426,0.6737262010574341,-0.36612412333488464,0.33712297677993774,-0.546254575252533,0
0.7345708012580872,0.1390599012374878,0.5213360786437988,0.6380930542945862,-0.40014705061912537,0.38394126296043396,-0.5341428518295288,0.822862446308136,0.16461676359176636,0.30092400312423706,1,0.7052150964736938,0.13355974853038788,0.6125438213348389,0.6770352721214294,-0.36297738552093506,0.3324427008628845,-0.5471310019493103,0
0.733039379119873,0.13855263590812683,0.5293153524398804,0.6417388319969177,-0.39701539278030396,0.3796693980693817,-0.5351645350456238,0.8240129947662354,0.16478867828845978,0.31004929542541504,1,0.7021431922912598,0.13302573561668396,0.620122492313385,0.6803074479103088,-0.3598327040672302,0.3277263641357422,-0.5479940176010132,0
0.7313677072525024,0.13804122805595398,0.5372748374938965,0.6453550457954407,-0.3938809037208557,0.37535542249679565,-0.5361742973327637,0.8250101804733276,0.1649531126022339,0.31919223070144653,1,0.6989394426345825,0.13249139487743378,0.6276448369026184,0.683542013168335,-0.3566906750202179,0.3229753077030182,-0.5488431453704834,0
0.7295562624931335,0.13752618432044983,0.5452114939689636,0.6489410400390625,-0.3907443881034851,0.3709994852542877,-0.5371719002723694,0.8258535265922546,0.16511023044586182,0.3283492624759674,1,0.6956043243408203,0.13195639848709106,0.6351099014282227,0.6867390275001526,-0.35355058312416077,0.31818869709968567,-0.5496792197227478,0
0.7276049256324768,0.13700777292251587,0.553122341632843,0.6524959802627563,-0.3876059949398041,0.3666020929813385,-0.5381574034690857,0.8265425562858582,0.16526030004024506,0.33751678466796875,1,0.6921393871307373,0.13142165541648865,0.6425140500068665,0.6898982524871826,-0.35041317343711853,0.3133675158023834,-0.5505014061927795,0
0.7255144119262695,0.13648657500743866,0.5610037446022034,0.656019389629364,-0.3844662606716156,0.36216381192207336,-0.5391303896903992,0.8270770311355591,0.1654035896062851,0.34669142961502075,1,0.6885455250740051,0.13088679313659668,0.6498554944992065,0.6930187344551086,-0.3472786247730255,0.3085119426250458,-0.551310122013092,0
0.7232851982116699,0.1359625607728958,0.5688530206680298,0.6595103740692139,-0.3813251852989197,0.3576851189136505,-0.5400910377502441,0.8274567723274231,0.16554033756256104,0.35586977005004883,1,0.6848233938217163,0.1303526759147644,0.6571328639984131,0.6961012482643127,-0.3441462814807892,0.3036215603351593,-0.5521053075790405,0
0.7209174036979675,0.1354362517595291,0.576667308807373,0.6629687547683716,-0.3781835436820984,0.3531660735607147,-0.5410391688346863,0.8276816010475159,0.16567081212997437,0.36504849791526794,1,0.6807301044464111,0.1297857165336609,0.6647907495498657,0.6993333697319031,-0.3408218026161194,0.29838883876800537,-0.5529352426528931,0
0.7184084057807922,0.13490645587444305,0.5844691395759583,0.6664069294929504,-0.37503406405448914,0.3485921025276184,-0.5419729948043823,0.8277550935745239,0.16579729318618774,0.37425288558006287,1,0.6764947175979614,0.1292201429605484,0.6723709106445312,0.7025216221809387,-0.33750030398368835,0.2931175231933594,-0.5537497997283936,0
0.7157512903213501,0.13437160849571228,0.5922643542289734,0.6698272824287415,-0.37187060713768005,0.34395745396614075,-0.5428967475891113,0.8276743292808533,0.16591870784759521,0.38349220156669617,1,0.6721197366714478,0.128655806183815,0.6798694133758545,0.7056650519371033,-0.3341827690601349,0.2878090441226959,-0.5545490384101868,0
0.7129420042037964,0.13383185863494873,0.6000523567199707,0.6732286810874939,-0.3686915338039398,0.33926066756248474,-0.5438122749328613,0.8274357318878174,0.16603462398052216,0.39276668429374695,1,0.6676056385040283,0.12809346616268158,0.6872847080230713,0.7087634205818176,-0.33086884021759033,0.2824632525444031,-0.5553329586982727,0
0.7099780440330505,0.13328826427459717,0.607830286026001,0.6766101717948914,-0.36549675464630127,0.3345014154911041,-0.5447195768356323,0.827036440372467,0.1661452203989029,0.40207263827323914,1,0.6629543900489807,0.1275329291820526,0.6946138143539429,0.7118167281150818,-0.327558696269989,0.27708062529563904,-0.5561012029647827,0
0.7068593502044678,0.1327408254146576,0.6155913472175598,0.6799691319465637,-0.3622877895832062,0.3296816349029541,-0.54561847448349,0.8264740705490112,0.16625098884105682,0.41140446066856384,1,0.6581679582595825,0.12697505950927734,0.7018539309501648,0.714824378490448,-0.324252724647522,0.27166134119033813,-0.5568540096282959,0
0.703585684299469,0.13219037652015686,0.6233303546905518,0.6833034753799438,-0.3590655028820038,0.32480233907699585,-0.5465084910392761,0.8257470726966858,0.16635216772556305,0.4207555949687958,1,0.6532474160194397,0.12641963362693787,0.7090033292770386,0.7177859544754028,-0.32095080614089966,0.26620587706565857,-0.5575915575027466,0
0.7001574039459229,0.13163785636425018,0.6310407519340515,0.6866114139556885,-0.3558315634727478,0.3198651075363159,-0.5473891496658325,0.8248541355133057,0.16644906997680664,0.43011921644210815,1,0.6481950283050537,0.12586720287799835,0.7160584926605225,0.7207012176513672,-0.3176529109477997,0.26071491837501526,-0.5583135485649109,0
0.6965755224227905,0.13108326494693756,0.6387166380882263,0.6898907423019409,-0.3525870442390442,0.3148719072341919,-0.5482596158981323,0.8237943649291992,0.16654208302497864,0.43948858976364136,1,0.643012285232544,0.12531830370426178,0.7230175733566284,0.7235698699951172,-0.3143599033355713,0.2551884055137634,-0.559019923210144,0
0.6928411722183228,0.13052748143672943,0.6463518142700195,0.6931395530700684,-0.3493337035179138,0.30982446670532227,-0.5491194725036621,0.8225672245025635,0.16663148999214172,0.44885700941085815,1,0.6377006769180298,0.12477275729179382,0.7298786044120789,0.7263915538787842,-0.31107097864151,0.2496265470981598,-0.559711217880249,0
0.6889554858207703,0.12997087836265564,0.6539409756660461,0.6963562369346619,-0.34607261419296265,0.30472415685653687,-0.5499680638313293,0.8211724162101746,0.16671757400035858,0.45821815729141235,1,0.6322627067565918,0.12423131614923477,0.7366383075714111,0.7291660308837891,-0.30778706073760986,0.24403046071529388,-0.5603864789009094,0
0.684920072555542,0.12941379845142365,0.6614781618118286,0.699539065361023,-0.3428051471710205,0.29957282543182373,-0.550804615020752,0.8196098804473877,0.1668006181716919,0.4675658643245697,1,0.6266997456550598,0.12369382381439209,0.7432947754859924,0.7318927049636841,-0.3045079708099365,0.23840013146400452,-0.5610464811325073,0
0.6807360053062439,0.1288568079471588,0.6689586639404297,0.7026864886283875,-0.33953213691711426,0.29437142610549927,-0.551629364490509,0.8178796768188477,0.16688093543052673,0.4768943190574646,1,0.6210142374038696,0.12316100299358368,0.7498456239700317,0.7345715761184692,-0.3012338876724243,0.23273636400699615,-0.5616907477378845,0
0.6764053106307983,0.12830054759979248,0.6763771176338196,0.7057970762252808,-0.33625489473342896,0.2891220450401306,-0.5524413585662842,0.8159821033477783,0.16695883870124817,0.48619797825813293,1,0.6152077317237854,0.12263268232345581,0.7562887072563171,0.7372020483016968,-0.29796481132507324,0.22703883051872253,-0.5623195767402649,0
0.6719295382499695,0.12774506211280823,0.6837295293807983,0.708869993686676,-0.3329741656780243,0.2838253974914551,-0.5532401204109192,0.8139177560806274,0.16703464090824127,0.4954715669155121,1,0.6092824935913086,0.12210960686206818,0.7626216411590576,0.7397840619087219,-0.2947011888027191,0.22130835056304932,-0.5629327893257141,0
0.6673100590705872,0.1271909475326538,0.6910111308097839,0.7119036316871643,-0.32969075441360474,0.27848291397094727,-0.5540256500244141,0.8116871118545532,0.16710864007472992,0.5047099590301514,1,0.6032402515411377,0.12159157544374466,0.7688425183296204,0.7423171401023865,-0.2914426624774933,0.2155451476573944,-0.5635303854942322,0
0.6625490784645081,0.12663856148719788,0.6982173919677734,0.7148969769477844,-0.32640549540519714,0.27309563755989075,-0.5547977089881897,0.8092910051345825,0.16718114912509918,0.5139083862304688,1,0.5974491238594055,0.12110929936170578,0.7745926380157471,0.7446563839912415,-0.28838106989860535,0.2100917249917984,-0.5640785098075867,0
0.6576594114303589,0.12608997523784637,0.7053245902061462,0.7178380489349365,-0.3231254518032074,0.2676818370819092,-0.5555581450462341,0.8067355155944824,0.1672511100769043,0.5230363607406616,1,0.5915576219558716,0.12063190340995789,0.7802401781082153,0.746951699256897,-0.28532442450523376,0.20461006462574005,-0.5646129250526428,0
0.6526524424552917,0.12554717063903809,0.7123205661773682,0.7207242250442505,-0.31985825300216675,0.26224905252456665,-0.556302547454834,0.8040271401405334,0.1673201322555542,0.5320780873298645,1,0.5855687856674194,0.12016011774539948,0.7857822775840759,0.7492029666900635,-0.2822730541229248,0.19910073280334473,-0.5651332139968872,0
0.6475348472595215,0.12501025199890137,0.719200074672699,0.7235550880432129,-0.31660598516464233,0.2568005621433258,-0.5570297837257385,0.8011712431907654,0.16738881170749664,0.54102623462677,1,0.5794838666915894,0.11969362944364548,0.7912179827690125,0.7514098882675171,-0.2792271375656128,0.19356422126293182,-0.5656396746635437,0
0.6423109173774719,0.12447919696569443,0.7259613275527954,0.7263309955596924,-0.3133695721626282,0.2513370215892792,-0.557738721370697,0.7981716990470886,0.16745734214782715,0.5498774647712708,1,0.5733044147491455,0.11923292279243469,0.7965458631515503,0.7535721659660339,-0.27618613839149475,0.1880001723766327,-0.5661324858665466,0
0.6369836330413818,0.12395380437374115,0.7326033115386963,0.7290523052215576,-0.3101488947868347,0.24585884809494019,-0.5584296584129333,0.7950314283370972,0.16752590239048004,0.558630645275116,1,0.567033052444458,0.11877840757369995,0.8017634153366089,0.7556898593902588,-0.2731511890888214,0.18240956962108612,-0.5666109919548035,0
0.6315546035766602,0.12343396246433258,0.7391265630722046,0.7317200303077698,-0.306942880153656,0.2403651922941208,-0.5591031908988953,0.7917528748512268,0.16759464144706726,0.5672855973243713,1,0.5606712102890015,0.11832984536886215,0.8068698048591614,0.7577624320983887,-0.27012136578559875,0.17679256200790405,-0.5670758485794067,0
0.6260254383087158,0.12291991710662842,0.7455310225486755,0.7343349456787109,-0.30375123023986816,0.2348552793264389,-0.5597590804100037,0.7883380055427551,0.16766373813152313,0.5758427381515503,1,0.5542210936546326,0.11788785457611084,0.8118630647659302,0.7597898840904236,-0.26709726452827454,0.17114952206611633,-0.5675264000892639,0
0.6203970909118652,0.12241159379482269,0.7518178820610046,0.7368978261947632,-0.3005729615688324,0.22932831943035126,-0.5603979825973511,0.7847885489463806,0.16773346066474915,0.5843024253845215,1,0.5476848483085632,0.11745218932628632,0.8167417645454407,0.7617715001106262,-0.2640792429447174,0.16548116505146027,-0.5679632425308228,0
0.6146705150604248,0.12190894037485123,0.7579874396324158,0.7394095063209534,-0.29740670323371887,0.22378316521644592,-0.5610203742980957,0.7811059951782227,0.16780410706996918,0.5926651358604431,1,0.5410637259483337,0.11702347546815872,0.8215047121047974,0.7637075781822205,-0.2610667645931244,0.15978698432445526,-0.5683861374855042,0
0.6088469624519348,0.12141234427690506,0.7640396356582642,0.7418702840805054,-0.2942524552345276,0.2182188481092453,-0.5616264939308167,0.7772919535636902,0.1678759604692459,0.6009311676025391,1,0.534360945224762,0.11660147458314896,0.8261499404907227,0.7655977010726929,-0.25806066393852234,0.15406841039657593,-0.5687950849533081,0
0.6029277443885803,0.12092157453298569,0.7699745297431946,0.7442811131477356,-0.29110926389694214,0.21263518929481506,-0.5622163414955139,0.7733478546142578,0.16794927418231964,0.6091005802154541,1,0.5275778770446777,0.11618677526712418,0.830676257610321,0.7674415111541748,-0.255060613155365,0.148325115442276,-0.5691899061203003,0
0.5969135761260986,0.12043699622154236,0.77579265832901,0.7466422319412231,-0.28797629475593567,0.2070309966802597,-0.5627904534339905,0.7692751288414001,0.16802437603473663,0.6171732544898987,1,0.5207167863845825,0.11577913910150528,0.8350822925567627,0.7692389488220215,-0.25206702947616577,0.1425577849149704,-0.5695706605911255,0
0.5908053517341614,0.11995857954025269,0.7814937829971313,0.7489539384841919,-0.2848529517650604,0.2014058232307434,-0.5633493065834045,0.7650752663612366,0.16810151934623718,0.6251489520072937,1,0.5137797594070435,0.11537914723157883,0.8393667936325073,0.7709897756576538,-0.24907974898815155,0.13676661252975464,-0.5699376463890076,0
0.5846049785614014,0.1194864958524704,0.787077009677887,0.7512166500091553,-0.28173908591270447,0.1957593858242035,-0.5638926029205322,0.7607496380805969,0.16818098723888397,0.633027195930481,1,0.5067684054374695,0.11498653888702393,0.843528687953949,0.7726937532424927,-0.2460986226797104,0.13095180690288544,-0.5702905654907227,0
0.578313410282135,0.11902093887329102,0.7925423979759216,0.7534307241439819,-0.2786339223384857,0.19009092450141907,-0.5644207000732422,0.7562997341156006,0.16826306283473969,0.6408073902130127,1,0.4996860921382904,0.11460188776254654,0.8475660085678101,0.7743509411811829,-0.24312430620193481,0.12511423230171204,-0.5706291794776917,0
0.5719323754310608,0.11856206506490707,0.7978888154029846,0.755595862865448,-0.27553752064704895,0.18440058827400208,-0.5649338960647583,0.7517271041870117,0.168348029255867,0.6484888195991516,1,0.4925345182418823,0.11422494798898697,0.851477861404419,0.7759605646133423,-0.24015675485134125,0.11925411969423294,-0.5709539651870728,0
0.5654629468917847,0.11810984462499619,0.8031160831451416,0.7577126026153564,-0.272449254989624,0.17868785560131073,-0.5654322504997253,0.7470332980155945,0.16843609511852264,0.6560704708099365,1,0.48434779047966003,0.11380758881568909,0.8557583093643188,0.7777276039123535,-0.23680168390274048,0.11258544027805328,-0.5713049173355103,0
0.5588677525520325,0.11766050010919571,0.8082526326179504,0.7597989439964294,-0.26935508847236633,0.17291128635406494,-0.5659106969833374,0.7421912550926208,0.16852959990501404,0.6635949015617371,1,0.4760783314704895,0.11340079456567764,0.8598743677139282,0.7794332504272461,-0.23345546424388885,0.10588919371366501,-0.5716378688812256,0
0.5521258115768433,0.1172122061252594,0.813310444355011,0.7618563771247864,-0.2662414610385895,0.16705580055713654,-0.5663766264915466,0.7371859550476074,0.16862699389457703,0.6710824370384216,1,0.4677291214466095,0.11300476640462875,0.8638246059417725,0.7810774445533752,-0.23011814057826996,0.09916530549526215,-0.5719527006149292,0
0.5452291965484619,0.11676613241434097,0.8182902932167053,0.7638838887214661,-0.2631044387817383,0.16111749410629272,-0.5668320059776306,0.732009768486023,0.1687285304069519,0.6785373687744141,1,0.45930349826812744,0.11261965334415436,0.8676074743270874,0.7826600074768066,-0.22679011523723602,0.09241469204425812,-0.572249174118042,0
0.5381759405136108,0.1163230761885643,0.8231883645057678,0.7658789157867432,-0.25994306802749634,0.1550958901643753,-0.5672780871391296,0.7266599535942078,0.16883501410484314,0.6859562397003174,1,0.4508046805858612,0.11224564164876938,0.871221661567688,0.7841801643371582,-0.22347135841846466,0.08563767373561859,-0.5725277662277222,0
0.530968189239502,0.11588455736637115,0.8279982209205627,0.7678390145301819,-0.2567588686943054,0.14899353682994843,-0.5677138566970825,0.7211366295814514,0.16894717514514923,0.6933318376541138,1,0.4422362744808197,0.11188293993473053,0.8746653199195862,0.785638153553009,-0.22016215324401855,0.07883509248495102,-0.5727881193161011,0
0.5236104726791382,0.11545119434595108,0.8327120542526245,0.7697612643241882,-0.2535538077354431,0.14281371235847473,-0.5681392550468445,0.7154417634010315,0.1690656840801239,0.7006550431251526,1,0.4336022734642029,0.11153168976306915,0.8779370188713074,0.7870334982872009,-0.21686260402202606,0.07200781255960464,-0.5730303525924683,0
0.5161078572273254,0.11502382159233093,0.8373221158981323,0.7716431617736816,-0.2503300905227661,0.13656046986579895,-0.5685533285140991,0.7095785140991211,0.16919098794460297,0.7079160213470459,1,0.42490464448928833,0.1111920177936554,0.8810363411903381,0.7883658409118652,-0.21357248723506927,0.06515530496835709,-0.5732544660568237,0
0.5084667801856995,0.11460327357053757,0.8418205380439758,0.7734819650650024,-0.24709062278270721,0.13023768365383148,-0.5689550638198853,0.7035506367683411,0.16932347416877747,0.7151051163673401,1,0.41614845395088196,0.11086409538984299,0.8839612007141113,0.789635181427002,-0.21029262244701385,0.058279432356357574,-0.5734602212905884,0
0.5006934404373169,0.11419012397527695,0.8462000489234924,0.7752753496170044,-0.24383772909641266,0.1238500103354454,-0.5693436861038208,0.6973598599433899,0.16946934163570404,0.7222126126289368,1,0.40733569860458374,0.11054804921150208,0.886711061000824,0.7908413410186768,-0.2070225179195404,0.05137981101870537,-0.5736477971076965,0
0.49279430508613586,0.1137847974896431,0.8504536747932434,0.7770211696624756,-0.2405739277601242,0.1174006536602974,-0.5697185397148132,0.6910151839256287,0.1696164309978485,0.7292302250862122,1,0.3984713852405548,0.110244020819664,0.8892844319343567,0.7919835448265076,-0.2037629932165146,0.044457919895648956,-0.5738171339035034,0
0.48477548360824585,0.11338777095079422,0.8545752167701721,0.7787171006202698,-0.23730111122131348,0.11089390516281128,-0.5700793266296387,0.6845188736915588,0.16977134346961975,0.736149251461029,1,0.38955774903297424,0.10995209217071533,0.8916807174682617,0.7930619120597839,-0.20051348209381104,0.03751383721828461,-0.5739684104919434,0
0.47664305567741394,0.11299964040517807,0.8585587739944458,0.780361533164978,-0.2340216338634491,0.10433253645896912,-0.5704247951507568,0.6778753399848938,0.16993457078933716,0.7429619431495667,1,0.38059908151626587,0.10967237502336502,0.8938987255096436,0.7940762639045715,-0.19727469980716705,0.030548185110092163,-0.5741013288497925,0
0.46840330958366394,0.11262066662311554,0.862399160861969,0.7819526791572571,-0.23073722422122955,0.09772061556577682,-0.5707547068595886,0.6710890531539917,0.17010639607906342,0.7496612668037415,1,0.3715989887714386,0.10940499603748322,0.8959376811981201,0.7950261831283569,-0.1940464824438095,0.023561714217066765,-0.5742160081863403,0
0.46006178855895996,0.11225134134292603,0.8660913705825806,0.7834891676902771,-0.22744958102703094,0.09105998277664185,-0.5710687041282654,0.6641619205474854,0.17029282450675964,0.75624018907547,1,0.3625604212284088,0.1091499999165535,0.8977970480918884,0.7959117293357849,-0.1908288449048996,0.016554540023207664,-0.5743123888969421,0
