0.3625604212284088,0.1091499999165535,0.8977970480918884,0.7959117293357849,-0.1908288449048996,0.016554540023207664,-0.5743123888969421,0.8040914535522461,0.1957223266363144,0.019999999552965164,0,0.3625604212284088,0.1091499999165535,0.8977970480918884,0.7959117293357849,-0.1908288449048996,0.016554540023207664,-0.5743123888969421,1
0.3628040552139282,0.10916154831647873,0.8976776003837585,0.7959170937538147,-0.19090838730335236,0.016660241410136223,-0.5742754340171814,0.8040914535522461,0.1957223266363144,0.01981772482395172,0,0.3625604212284088,0.1091499999165535,0.8977970480918884,0.7959117293357849,-0.1908288449048996,0.016554540023207664,-0.5743123888969421,1
0.3632446825504303,0.10916890949010849,0.8974825739860535,0.7959179878234863,-0.1910729855298996,0.016885489225387573,-0.574212908744812,0.8040914535522461,0.1957223266363144,0.019884353503584862,0,0.3625604212284088,0.1091499999165535,0.8977970480918884,0.7959117293357849,-0.1908288449048996,0.016554540023207664,-0.5743123888969421,1
0.36376747488975525,0.10917111486196518,0.8972581028938293,0.7959133982658386,-0.1912766695022583,0.017166968435049057,-0.5741432309150696,0.8040914535522461,0.1957223266363144,0.019923372194170952,0,0.3625604212284088,0.1091499999165535,0.8977970480918884,0.7959117293357849,-0.1908288449048996,0.016554540023207664,-0.5743123888969421,1
0.3643089532852173,0.10917005687952042,0.8970283269882202,0.7959052920341492,-0.1914910078048706,0.01746424101293087,-0.5740739107131958,0.8040914535522461,0.1957223266363144,0.019946129992604256,0,0.3625604212284088,0.1091499999165535,0.8977970480918884,0.7959117293357849,-0.1908288449048996,0.016554540023207664,-0.5743123888969421,1
0.36483412981033325,0.10916749387979507,0.8968064785003662,0.7958957552909851,-0.19170089066028595,0.017755331471562386,-0.5740082263946533,0.8040914535522461,0.1957223266363144,0.019959425553679466,0,0.3625604212284088,0.1091499999165535,0.8977970480918884,0.7959117293357849,-0.1908288449048996,0.016554540023207664,-0.5743123888969421,1
0.3653259873390198,0.10916423052549362,0.8965990543365479,0.7958859801292419,-0.19189804792404175,0.01802937313914299,-0.5739471912384033,0.8040914535522461,0.1957223266363144,0.019967196509242058,0,0.3625604212284088,0.1091499999165535,0.8977970480918884,0.7959117293357849,-0.1908288449048996,0.016554540023207664,-0.5743123888969421,1
0.36577728390693665,0.10916095972061157,0.89640873670578,0.7958768010139465,-0.19207923114299774,0.01828133687376976,-0.5738914608955383,0.8040914535522461,0.1957223266363144,0.01997174322605133,0,0.3625604212284088,0.1091499999165535,0.8977970480918884,0.7959117293357849,-0.1908288449048996,0.016554540023207664,-0.5743123888969421,1
0.366186261177063,0.10915781557559967,0.8962359428405762,0.7958679795265198,-0.1922435611486435,0.018509861081838608,-0.5738412737846375,0.8040914535522461,0.1957223266363144,0.019974403083324432,0,0.3625604212284088,0.1091499999165535,0.8977970480918884,0.7959117293357849,-0.1908288449048996,0.016554540023207664,-0.5743123888969421,1
0.3665536642074585,0.1091550812125206,0.8960806727409363,0.7958602905273438,-0.19239117205142975,0.01871492713689804,-0.5737957954406738,0.8040914535522461,0.1957223266363144,0.01997595839202404,0,0.3625604212284088,0.1091499999165535,0.8977970480918884,0.7959117293357849,-0.1908288449048996,0.016554540023207664,-0.5743123888969421,1
0.36688217520713806,0.10915274918079376,0.895941436290741,0.7958534359931946,-0.1925230473279953,0.018898339942097664,-0.5737552642822266,0.8040914535522461,0.1957223266363144,0.019976869225502014,0,0.3625604212284088,0.1091499999165535,0.8977970480918884,0.7959117293357849,-0.1908288449048996,0.016554540023207664,-0.5743123888969421,1
0.3671749234199524,0.10915068536996841,0.8958170413970947,0.7958471775054932,-0.1926405429840088,0.019061513245105743,-0.5737189054489136,0.8040914535522461,0.1957223266363144,0.019977401942014694,0,0.3625604212284088,0.1091499999165535,0.8977970480918884,0.7959117293357849,-0.1908288449048996,0.016554540023207664,-0.5743123888969421,1
0.36743536591529846,0.10914917290210724,0.8957062363624573,0.7958419322967529,-0.19274485111236572,0.019206577911973,-0.5736864805221558,0.8040914535522461,0.1957223266363144,0.019977713003754616,0,0.3625604212284088,0.1091499999165535,0.8977970480918884,0.7959117293357849,-0.1908288449048996,0.016554540023207664,-0.5743123888969421,1
0.3676663637161255,0.10914792865514755,0.8956077694892883,0.7958371639251709,-0.19283725321292877,0.019334783777594566,-0.5736575722694397,0.8040914535522461,0.1957223266363144,0.01997789368033409,0,0.3625604212284088,0.1091499999165535,0.8977970480918884,0.7959117293357849,-0.1908288449048996,0.016554540023207664,-0.5743123888969421,1
0.3678717017173767,0.10914682596921921,0.8955199718475342,0.7958332300186157,-0.1929192990064621,0.019448645412921906,-0.573631763458252,0.8040914535522461,0.1957223266363144,0.019978001713752747,0,0.3625604212284088,0.1091499999165535,0.8977970480918884,0.7959117293357849,-0.1908288449048996,0.016554540023207664,-0.5743123888969421,1
0.3680533766746521,0.10914600640535355,0.8954421877861023,0.795829713344574,-0.19299162924289703,0.01954904943704605,-0.5736088156700134,0.8040914535522461,0.1957223266363144,0.01997806318104267,0,0.3625604212284088,0.1091499999165535,0.8977970480918884,0.7959117293357849,-0.1908288449048996,0.016554540023207664,-0.5743123888969421,1
0.3682141900062561,0.10914544761180878,0.8953732252120972,0.79582679271698,-0.19305557012557983,0.01963799074292183,-0.5735883712768555,0.8040914535522461,0.1957223266363144,0.019978100433945656,0,0.3625604212284088,0.1091499999165535,0.8977970480918884,0.7959117293357849,-0.1908288449048996,0.016554540023207664,-0.5743123888969421,1
0.3683570623397827,0.10914503037929535,0.8953116536140442,0.7958241105079651,-0.19311225414276123,0.019716612994670868,-0.5735701322555542,0.8040914535522461,0.1957223266363144,0.019978120923042297,0,0.3625604212284088,0.1091499999165535,0.8977970480918884,0.7959117293357849,-0.1908288449048996,0.016554540023207664,-0.5743123888969421,1
0.36848360300064087,0.10914475470781326,0.8952572345733643,0.7958218455314636,-0.1931624412536621,0.019786084070801735,-0.5735539793968201,0.8040914535522461,0.1957223266363144,0.019978133961558342,0,0.3625604212284088,0.1091499999165535,0.8977970480918884,0.7959117293357849,-0.1908288449048996,0.016554540023207664,-0.5743123888969421,1
0.36859551072120667,0.10914462059736252,0.8952088356018066,0.7958201169967651,-0.19320662319660187,0.019847365096211433,-0.5735394358634949,0.8040914535522461,0.1957223266363144,0.01997814141213894,0,0.3625604212284088,0.1091499999165535,0.8977970480918884,0.7959117293357849,-0.1908288449048996,0.016554540023207664,-0.5743123888969421,1
0.36869457364082336,0.10914447903633118,0.8951660394668579,0.7958184480667114,-0.1932457685470581,0.01990160159766674,-0.5735267996788025,0.8040914535522461,0.1957223266363144,0.019978145137429237,0,0.3625604212284088,0.1091499999165535,0.8977970480918884,0.7959117293357849,-0.1908288449048996,0.016554540023207664,-0.5743123888969421,1
0.3687824606895447,0.10914447903633118,0.8951278328895569,0.795816957950592,-0.19328033924102783,0.01994943805038929,-0.5735154151916504,0.8040914535522461,0.1957223266363144,0.019978148862719536,0,0.3625604212284088,0.1091499999165535,0.8977970480918884,0.7959117293357849,-0.1908288449048996,0.016554540023207664,-0.5743123888969421,1
0.36886000633239746,0.10914461314678192,0.895094096660614,0.7958159446716309,-0.19331079721450806,0.019991593435406685,-0.5735051035881042,0.8040914535522461,0.1957223266363144,0.019978148862719536,0,0.3625604212284088,0.1091499999165535,0.8977970480918884,0.7959117293357849,-0.1908288449048996,0.016554540023207664,-0.5743123888969421,1
0.36892861127853394,0.10914474725723267,0.8950642347335815,0.7958149909973145,-0.19333770871162415,0.02002882771193981,-0.5734960436820984,0.8040914535522461,0.1957223266363144,0.019978148862719536,0,0.3625604212284088,0.1091499999165535,0.8977970480918884,0.7959117293357849,-0.1908288449048996,0.016554540023207664,-0.5743123888969421,1
0.3689894676208496,0.10914488881826401,0.8950377106666565,0.7958140969276428,-0.1933615803718567,0.020061763003468513,-0.5734882354736328,0.8040914535522461,0.1957223266363144,0.019978148862719536,0,0.3625604212284088,0.1091499999165535,0.8977970480918884,0.7959117293357849,-0.1908288449048996,0.016554540023207664,-0.5743123888969421,1
0.3690434694290161,0.10914502292871475,0.8950141072273254,0.7958134412765503,-0.1933826208114624,0.020090937614440918,-0.5734809041023254,0.8040914535522461,0.1957223266363144,0.019978148862719536,0,0.3625604212284088,0.1091499999165535,0.8977970480918884,0.7959117293357849,-0.1908288449048996,0.016554540023207664,-0.5743123888969421,1
0.3690912425518036,0.10914530605077744,0.8949931859970093,0.7958129048347473,-0.1934012621641159,0.02011662721633911,-0.5734745860099792,0.8040914535522461,0.1957223266363144,0.019978148862719536,0,0.3625604212284088,0.1091499999165535,0.8977970480918884,0.7959117293357849,-0.1908288449048996,0.016554540023207664,-0.5743123888969421,1
0.3691335916519165,0.10914543271064758,0.8949745893478394,0.7958122491836548,-0.19341766834259033,0.02013932727277279,-0.5734689831733704,0.8040914535522461,0.1957223266363144,0.019978148862719536,0,0.3625604212284088,0.1091499999165535,0.8977970480918884,0.7959117293357849,-0.1908288449048996,0.016554540023207664,-0.5743123888969421,1
0.369171142578125,0.10914570838212967,0.894957959651947,0.7958120107650757,-0.19343216717243195,0.020159302279353142,-0.5734638571739197,0.8040914535522461,0.1957223266363144,0.019978148862719536,0,0.3625604212284088,0.1091499999165535,0.8977970480918884,0.7959117293357849,-0.1908288449048996,0.016554540023207664,-0.5743123888969421,1
0.36920416355133057,0.10914599150419235,0.8949434161186218,0.795811653137207,-0.19344498217105865,0.020176958292722702,-0.5734593868255615,0.8040914535522461,0.1957223266363144,0.019978148862719536,0,0.3625604212284088,0.1091499999165535,0.8977970480918884,0.7959117293357849,-0.1908288449048996,0.016554540023207664,-0.5743123888969421,1
0.36923354864120483,0.1091461256146431,0.8949304223060608,0.7958112955093384,-0.1934562772512436,0.020192500203847885,-0.5734555721282959,0.8040914535522461,0.1957223266363144,0.019978148862719536,0,0.36923354864120483,0.1091461256146431,0.8949304223060608,0.7958112955093384,-0.1934562772512436,0.020192500203847885,-0.5734555721282959,1
0.3694966435432434,0.10915748029947281,0.8948008418083191,0.7958157062530518,-0.1935444176197052,0.020310046151280403,-0.5734154582023621,0.8040914535522461,0.1957223266363144,0.019978148862719536,0,0.3752129375934601,0.10954564809799194,0.8932013511657715,0.7951136231422424,-0.1959967315196991,0.026320256292819977,-0.573311984539032,1
0.37021854519844055,0.10920075327157974,0.8945510387420654,0.7957587242126465,-0.19380900263786316,0.02093045972287655,-0.5733828544616699,0.8040914535522461,0.1957223266363144,0.019978148862719536,0,0.3811764419078827,0.10995811969041824,0.8914085030555725,0.7943658828735352,-0.19854846596717834,0.032430488616228104,-0.573157548904419,1
0.3714306950569153,0.10927937179803848,0.8941669464111328,0.7956404089927673,-0.19428624212741852,0.022074861451983452,-0.5733426213264465,0.8040914535522461,0.1957223266363144,0.019978148862719536,0,0.38712313771247864,0.11038322746753693,0.8895518183708191,0.7935680747032166,-0.20111112296581268,0.03852289170026779,-0.5729919672012329,1
0.37312161922454834,0.10939051955938339,0.893643856048584,0.7954637408256531,-0.19497261941432953,0.023715263232588768,-0.5732892155647278,0.8040914535522461,0.1957223266363144,0.019978148862719536,0,0.3930526673793793,0.1108211949467659,0.8876315951347351,0.7927204966545105,-0.20368468761444092,0.044597141444683075,-0.5728156566619873,1
0.3752620220184326,0.10953134298324585,0.8929836750030518,0.7952302694320679,-0.19585679471492767,0.025813447311520576,-0.5732212662696838,0.8040914535522461,0.1957223266363144,0.019978148862719536,0,0.39896395802497864,0.11127166450023651,0.8856478333473206,0.7918233275413513,-0.2062690258026123,0.050652798265218735,-0.572628378868103,1
0.37781617045402527,0.10969941318035126,0.8921905755996704,0.794940710067749,-0.1969243884086609,0.02832949161529541,-0.5731381177902222,0.8040914535522461,0.1957223266363144,0.019978148862719536,0,0.4048568606376648,0.11173489689826965,0.8836007714271545,0.7908765077590942,-0.2088642567396164,0.05668956786394119,-0.5724301338195801,1
0.3807443380355835,0.10989300161600113,0.8912705779075623,0.7945958971977234,-0.19815951585769653,0.031221970915794373,-0.5730403065681458,0.8040914535522461,0.1957223266363144,0.019978148862719536,0,0.41073018312454224,0.11221065372228622,0.8814907073974609,0.7898802757263184,-0.2114703506231308,0.0627070739865303,-0.5722213387489319,1
0.38400787115097046,0.11011061817407608,0.8902294635772705,0.7941958904266357,-0.19954641163349152,0.03445229306817055,-0.5729284882545471,0.8040914535522461,0.1957223266363144,0.019978148862719536,0,0.41658347845077515,0.11269873380661011,0.8793176412582397,0.7888349294662476,-0.21408694982528687,0.06870468705892563,-0.5720016956329346,1
0.38757026195526123,0.11035151779651642,0.8890728950500488,0.7937410473823547,-0.20107054710388184,0.03798415884375572,-0.5728026628494263,0.8040914535522461,0.1957223266363144,0.019978148862719536,0,0.4224153757095337,0.11319936811923981,0.8770821690559387,0.7877405285835266,-0.2167140245437622,0.07468169927597046,-0.5717713832855225,1
0.3913978934288025,0.11061457544565201,0.8878058791160583,0.793231189250946,-0.2027185708284378,0.04178493842482567,-0.5726633071899414,0.8040914535522461,0.1957223266363144,0.019978148862719536,0,0.42822569608688354,0.11371231824159622,0.8747844099998474,0.7865974307060242,-0.21935132145881653,0.08063825219869614,-0.5715302228927612,1
0.3954598307609558,0.1108991876244545,0.8864328861236572,0.7926662564277649,-0.20447823405265808,0.04582410305738449,-0.5725110769271851,0.8040914535522461,0.1957223266363144,0.019978148862719536,0,0.4340135455131531,0.11423736065626144,0.8724244236946106,0.7854054570198059,-0.22199903428554535,0.08657385408878326,-0.5712789297103882,1
0.3997279703617096,0.11120466887950897,0.8849579691886902,0.7920461297035217,-0.20633846521377563,0.05007440969347954,-0.5723459124565125,0.8040914535522461,0.1957223266363144,0.019978148862719536,0,0.43977832794189453,0.11477472633123398,0.8700025677680969,0.7841650247573853,-0.22465699911117554,0.09248805791139603,-0.571016788482666,1
0.404177188873291,0.11153041571378708,0.8833849430084229,0.7913706302642822,-0.20828944444656372,0.05451153218746185,-0.572168231010437,0.8040914535522461,0.1957223266363144,0.019978148862719536,0,0.445519357919693,0.11532403528690338,0.8675190806388855,0.7828764319419861,-0.22732502222061157,0.09838036447763443,-0.5707443356513977,1
0.40878474712371826,0.11187605559825897,0.8817167282104492,0.7906396389007568,-0.21032220125198364,0.05911308899521828,-0.5719782710075378,0.8040914535522461,0.1957223266363144,0.019978148862719536,0,0.4512353539466858,0.11588546633720398,0.8649742603302002,0.7815398573875427,-0.23000307381153107,0.10424982011318207,-0.5704612731933594,1
0.4135303497314453,0.1122409775853157,0.8799566626548767,0.7898532152175903,-0.21242892742156982,0.0638592317700386,-0.5717760920524597,0.8040914535522461,0.1957223266363144,0.019978148862719536,0,0.45692646503448486,0.11645884066820145,0.8623682260513306,0.7801552414894104,-0.2326909601688385,0.11009705066680908,-0.5701677203178406,1
0.418395459651947,0.1126246377825737,0.8781070709228516,0.7890108227729797,-0.21460264921188354,0.06873183697462082,-0.5715621709823608,0.8040914535522461,0.1957223266363144,0.019978148862719536,0,0.46259161829948425,0.11704385280609131,0.8597013354301453,0.7787228226661682,-0.23538878560066223,0.11592139303684235,-0.56986403465271,1
0.423364520072937,0.11302677541971207,0.8761701583862305,0.7881131172180176,-0.21683712303638458,0.07371541857719421,-0.5713364481925964,0.8040914535522461,0.1957223266363144,0.019978148862719536,0,0.4682299792766571,0.11764078587293625,0.8569738864898682,0.7772430181503296,-0.23809626698493958,0.12172193080186844,-0.5695499777793884,1
0.4284220337867737,0.11344686150550842,0.8741484880447388,0.7871599793434143,-0.21912647783756256,0.07879510521888733,-0.5710989832878113,0.8040914535522461,0.1957223266363144,0.019978148862719536,0,0.4738410711288452,0.11824934184551239,0.8541861176490784,0.7757159471511841,-0.2408135086297989,0.1274988055229187,-0.5692254304885864,1
0.4335556626319885,0.11388463526964188,0.872043788433075,0.7861514687538147,-0.22146597504615784,0.08395835757255554,-0.5708498358726501,0.8040914535522461,0.1957223266363144,0.019978148862719536,0,0.47942349314689636,0.11886924505233765,0.8513388633728027,0.774141788482666,-0.24354001879692078,0.13325083255767822,-0.5688909292221069,1
0.4387531578540802,0.11433947086334229,0.8698579668998718,0.7850877046585083,-0.22385118901729584,0.08919346332550049,-0.5705894231796265,0.8040914535522461,0.1957223266363144,0.019978148862719536,0,0.48497748374938965,0.11950074136257172,0.8484316468238831,0.7725206613540649,-0.2462760955095291,0.13897855579853058,-0.5685462951660156,1
0.4440045952796936,0.11481133848428726,0.8675926327705383,0.7839692831039429,-0.2262781858444214,0.09449027478694916,-0.5703173875808716,0.8040914535522461,0.1957223266363144,0.019978148862719536,0,0.4905022084712982,0.12014339864253998,0.8454650640487671,0.7708526849746704,-0.24902164936065674,0.1446814090013504,-0.5681914687156677,1
0.4493001103401184,0.11529966443777084,0.8652493953704834,0.7827959656715393,-0.22874324023723602,0.09983908385038376,-0.5700341463088989,0.8040914535522461,0.1957223266363144,0.019978148862719536,0,0.4959966838359833,0.12079744786024094,0.8424393534660339,0.7691384553909302,-0.2517763376235962,0.15035881102085114,-0.5678264498710632,1
0.45463138818740845,0.11580396443605423,0.862829864025116,0.7815684080123901,-0.2312435656785965,0.10523159056901932,-0.569739818572998,0.8040914535522461,0.1957223266363144,0.019978148862719536,0,0.5014601945877075,0.1214626207947731,0.8393551707267761,0.7673779726028442,-0.2545400857925415,0.1560101956129074,-0.5674514770507812,1
0.45999082922935486,0.11632425338029861,0.8603353500366211,0.780286967754364,-0.23377574980258942,0.11066030710935593,-0.5694342255592346,0.8040914535522461,0.1957223266363144,0.019978148862719536,0,0.5068920850753784,0.12213856726884842,0.836212694644928,0.7655714154243469,-0.2573128044605255,0.16163522005081177,-0.5670666098594666,1
0.4653717875480652,0.11685983836650848,0.8577671051025391,0.7789518237113953,-0.23633775115013123,0.11611884087324142,-0.5691176056861877,0.8040914535522461,0.1957223266363144,0.019978148862719536,0,0.5122917890548706,0.12282559275627136,0.8330122232437134,0.7637189626693726,-0.26009443402290344,0.1672339141368866,-0.5666717886924744,1
0.47076818346977234,0.11741062998771667,0.8551262021064758,0.7775631546974182,-0.2389274388551712,0.12160082161426544,-0.5687901973724365,0.8040914535522461,0.1957223266363144,0.019978148862719536,0,0.5176588892936707,0.12352335453033447,0.8297539949417114,0.7618210315704346,-0.26288503408432007,0.17280572652816772,-0.5662670731544495,1
0.47617417573928833,0.11797638982534409,0.8524142503738403,0.7761220932006836,-0.24154230952262878,0.12710078060626984,-0.5684515833854675,0.8040914535522461,0.1957223266363144,0.019978148862719536,0,0.5229924321174622,0.12423158437013626,0.8264384269714355,0.7598775625228882,-0.26568418741226196,0.1783503144979477,-0.5658525228500366,1
0.481584757566452,0.11855645477771759,0.8496320843696594,0.7746281027793884,-0.24418088793754578,0.1326133757829666,-0.5681025981903076,0.8040914535522461,0.1957223266363144,0.019978148862719536,0,0.5282915830612183,0.12495049834251404,0.8230661153793335,0.7578890919685364,-0.2684919238090515,0.18386703729629517,-0.5654281973838806,1
0.4869958758354187,0.11915087699890137,0.8467807173728943,0.7730823159217834,-0.24684137105941772,0.13813474774360657,-0.5677427053451538,0.8040914535522461,0.1957223266363144,0.019978148862719536,0,0.5335558652877808,0.125679612159729,0.8196374773979187,0.7558558583259583,-0.271308034658432,0.18935544788837433,-0.5649940967559814,1
0.4924026131629944,0.11975912749767303,0.8438614010810852,0.7714849710464478,-0.24952225387096405,0.14366066455841064,-0.56737220287323,0.8040914535522461,0.1957223266363144,0.019978148862719536,0,0.5387846827507019,0.12641915678977966,0.8161523342132568,0.7537779211997986,-0.27413251996040344,0.19481556117534637,-0.5645503401756287,1
0.4978027641773224,0.12038122117519379,0.840874433517456,0.7698363661766052,-0.2522226572036743,0.14918804168701172,-0.5669907927513123,0.8040914535522461,0.1957223266363144,0.019978148862719536,0,0.5439773797988892,0.12716881930828094,0.8126115798950195,0.751655638217926,-0.2769652307033539,0.20024695992469788,-0.5640966892242432,1
0.5031912922859192,0.12101656943559647,0.8378216624259949,0.7681370973587036,-0.25494077801704407,0.15471258759498596,-0.5665991902351379,0.8040914535522461,0.1957223266363144,0.019978148862719536,0,0.5491334199905396,0.12792830169200897,0.8090153932571411,0.7494890093803406,-0.2798062562942505,0.20564937591552734,-0.5636337399482727,1
0.5085659623146057,0.12166496366262436,0.8347035050392151,0.7663872838020325,-0.25767579674720764,0.16023190319538116,-0.5661972761154175,0.8040914535522461,0.1957223266363144,0.019978148862719536,0,0.5542517900466919,0.12869779765605927,0.8053645491600037,0.74727863073349,-0.2826550602912903,0.2110220193862915,-0.5631610751152039,1
0.5139238238334656,0.12232618778944016,0.8315209150314331,0.7645877003669739,-0.26042670011520386,0.1657433956861496,-0.5657849311828613,0.8040914535522461,0.1957223266363144,0.019978148862719536,0,0.5593321323394775,0.12947700917720795,0.801659107208252,0.7450248003005981,-0.28551173210144043,0.21636462211608887,-0.5626786947250366,1
0.5192623138427734,0.12300018221139908,0.828274667263031,0.7627387642860413,-0.26319271326065063,0.17124462127685547,-0.5653622150421143,0.8040914535522461,0.1957223266363144,0.019978148862719536,0,0.564373791217804,0.13026556372642517,0.7978994846343994,0.7427272796630859,-0.2883763015270233,0.22167742252349854,-0.562187135219574,1
0.5245794057846069,0.12368649244308472,0.8249654769897461,0.7608407735824585,-0.26597297191619873,0.17673306167125702,-0.5649293065071106,0.8040914535522461,0.1957223266363144,0.019978148862719536,0,0.5693761110305786,0.131063774228096,0.7940862774848938,0.7403867840766907,-0.2912483513355255,0.22695951163768768,-0.5616858601570129,1
0.5298728346824646,0.12438484281301498,0.8215940594673157,0.7588940262794495,-0.26876696944236755,0.18220725655555725,-0.5644862055778503,0.8040914535522461,0.1957223266363144,0.019978148862719536,0,0.5743384957313538,0.1318710297346115,0.790219783782959,0.7380031943321228,-0.29412806034088135,0.2322108894586563,-0.561175525188446,1
0.5351399779319763,0.1250951737165451,0.81816166639328,0.756899356842041,-0.27157363295555115,0.1876646727323532,-0.5640328526496887,0.8040914535522461,0.1957223266363144,0.019978148862719536,0,0.5792605876922607,0.13268764317035675,0.7863001823425293,0.7355770468711853,-0.29701536893844604,0.23743101954460144,-0.5606554746627808,1
0.5403798818588257,0.1258169710636139,0.8146682977676392,0.7548565864562988,-0.27439263463020325,0.19310404360294342,-0.5635697841644287,0.8040914535522461,0.1957223266363144,0.019978148862719536,0,0.584141194820404,0.1335132122039795,0.782328724861145,0.7331088185310364,-0.2999097406864166,0.24261923134326935,-0.5601262450218201,1
0.5455900430679321,0.1265503168106079,0.8111155033111572,0.7527668476104736,-0.2772231996059418,0.19852350652217865,-0.5630964636802673,0.8040914535522461,0.1957223266363144,0.019978148862719536,0,0.5889801979064941,0.13434737920761108,0.7783049941062927,0.7305982112884521,-0.30281132459640503,0.24777574837207794,-0.5595880150794983,1
0.5507695078849792,0.12729477882385254,0.8075032234191895,0.7506299614906311,-0.28006505966186523,0.2039220929145813,-0.5626135468482971,0.8040914535522461,0.1957223266363144,0.019978148862719536,0,0.5937767624855042,0.1351904422044754,0.7742300629615784,0.7280460000038147,-0.30571994185447693,0.2528999447822571,-0.5590400695800781,1
0.5559170246124268,0.12805013358592987,0.8038321733474731,0.7484464645385742,-0.282917857170105,0.20929865539073944,-0.5621204972267151,0.8040914535522461,0.1957223266363144,0.019978148862719536,0,0.5985304117202759,0.13604195415973663,0.7701040506362915,0.7254520654678345,-0.3086356520652771,0.25799164175987244,-0.5584831833839417,1
0.5610305070877075,0.1288163959980011,0.8001036643981934,0.7462169528007507,-0.2857808768749237,0.21465127170085907,-0.5616175532341003,0.8040914535522461,0.1957223266363144,0.019978148862719536,0,0.6032406091690063,0.1369016319513321,0.7659276723861694,0.7228169441223145,-0.3115580379962921,0.263050377368927,-0.5579172372817993,1
0.5661088824272156,0.12959308922290802,0.796317994594574,0.7439417839050293,-0.28865358233451843,0.21997933089733124,-0.5611048936843872,0.8040914535522461,0.1957223266363144,0.019978148862719536,0,0.6079064011573792,0.13776971399784088,0.7617014050483704,0.7201409339904785,-0.314487099647522,0.2680756449699402,-0.5573421120643616,1
0.5711511373519897,0.13037995994091034,0.792475700378418,0.7416211366653442,-0.29153576493263245,0.22528176009655,-0.5605828166007996,0.8040914535522461,0.1957223266363144,0.019978148862719536,0,0.6125277876853943,0.13864557445049286,0.7574256062507629,0.7174240350723267,-0.31742292642593384,0.2730673551559448,-0.5567580461502075,1
0.5761561393737793,0.13117705285549164,0.7885773181915283,0.7392555475234985,-0.2944272756576538,0.23055770993232727,-0.5600507855415344,0.8040914535522461,0.1957223266363144,0.019978148862719536,0,0.6171040534973145,0.1395294964313507,0.7531004548072815,0.7146670818328857,-0.3203651010990143,0.2780255675315857,-0.5561645030975342,1
0.581122636795044,0.13198406994342804,0.784623920917511,0.7368453145027161,-0.29732760787010193,0.23580625653266907,-0.55950927734375,0.8040914535522461,0.1957223266363144,0.019978148862719536,0,0.6216346025466919,0.14042076468467712,0.7487267255783081,0.711869478225708,-0.3233136236667633,0.2829495072364807,-0.5555624961853027,1
0.5860501527786255,0.13280078768730164,0.7806153893470764,0.7343907952308655,-0.3002367913722992,0.2410265952348709,-0.5589580535888672,0.8040914535522461,0.1957223266363144,0.019978148862719536,0,0.626118540763855,0.1413196176290512,0.7443053722381592,0.7090323567390442,-0.3262680768966675,0.28783875703811646,-0.5549513697624207,1
0.5909367799758911,0.13362708687782288,0.7765533924102783,0.7318925261497498,-0.30315399169921875,0.2462175190448761,-0.5583974719047546,0.8040914535522461,0.1957223266363144,0.019978148862719536,0,0.6305557489395142,0.14222604036331177,0.7398362159729004,0.7061554789543152,-0.3292289972305298,0.292693555355072,-0.5543312430381775,1
0.5957821607589722,0.1344624161720276,0.7724378108978271,0.7293508052825928,-0.30607911944389343,0.2513788342475891,-0.5578275918960571,0.8040914535522461,0.1957223266363144,0.019978148862719536,0,0.6349454522132874,0.14313961565494537,0.7353202700614929,0.7032395005226135,-0.3321957588195801,0.29751265048980713,-0.5537022948265076,1
0.600585401058197,0.13530699908733368,0.7682693600654602,0.7267658114433289,-0.30901211500167847,0.2565099596977234,-0.5572482347488403,0.8040914535522461,0.1957223266363144,0.019978148862719536,0,0.6392872929573059,0.1440599113702774,0.7307577729225159,0.7002846002578735,-0.33516815304756165,0.3022969365119934,-0.5530644655227661,1
0.6053457260131836,0.13616055250167847,0.7640488147735596,0.7241382002830505,-0.31195268034935,0.26160967350006104,-0.5566593408584595,0.8040914535522461,0.1957223266363144,0.019978148862719536,0,0.6435803771018982,0.14498721063137054,0.7261494994163513,0.6972909569740295,-0.33814626932144165,0.3070450723171234,-0.552418053150177,1
0.610062301158905,0.13702256977558136,0.7597764730453491,0.721467912197113,-0.314900666475296,0.2666780352592468,-0.5560614466667175,0.8040914535522461,0.1957223266363144,0.019978148862719536,0,0.6478247046470642,0.14592090249061584,0.7214956283569336,0.6942590475082397,-0.341129869222641,0.3117574453353882,-0.5517627000808716,1
0.6147341728210449,0.1378931999206543,0.7554531693458557,0.718755841255188,-0.3178555369377136,0.27171385288238525,-0.5554541945457458,0.8040914535522461,0.1957223266363144,0.019978148862719536,0,0.6520193815231323,0.146861270070076,0.716796875,0.6911889910697937,-0.3441191613674164,0.31643351912498474,-0.5510985255241394,1
0.6193608641624451,0.13877204060554504,0.7510794401168823,0.7160018682479858,-0.32081761956214905,0.27671706676483154,-0.5548377633094788,0.8040914535522461,0.1957223266363144,0.019978148862719536,0,0.656164288520813,0.14780783653259277,0.7120538949966431,0.6880813241004944,-0.347113698720932,0.32107284665107727,-0.5504255294799805,1
0.6239416599273682,0.1396588832139969,0.7466557025909424,0.7132066488265991,-0.32378605008125305,0.2816871702671051,-0.5542120933532715,0.8040914535522461,0.1957223266363144,0.019978148862719536,0,0.6602585315704346,0.14876024425029755,0.7072672247886658,0.684935986995697,-0.3501133322715759,0.325675368309021,-0.5497443079948425,1
0.6284754276275635,0.14055344462394714,0.7421832084655762,0.7103701829910278,-0.32676106691360474,0.28662362694740295,-0.5535776615142822,0.8040914535522461,0.1957223266363144,0.019978148862719536,0,0.6643018126487732,0.1497187614440918,0.7024370431900024,0.6817536950111389,-0.3531181812286377,0.3302410840988159,-0.549053966999054,1
0.632962167263031,0.14145581424236298,0.7376616597175598,0.707493245601654,-0.3297424912452698,0.29152578115463257,-0.5529338121414185,0.8040914535522461,0.1957223266363144,0.019978148862719536,0,0.6682935357093811,0.15068267285823822,0.6975646615028381,0.6785344481468201,-0.3561275601387024,0.33476895093917847,-0.5483555793762207,1
0.6374008059501648,0.14236588776111603,0.7330920696258545,0.7045760750770569,-0.3327299952507019,0.29639342427253723,-0.5522809028625488,0.8040914535522461,0.1957223266363144,0.019978148862719536,0,0.6722333431243896,0.15165235102176666,0.6926498413085938,0.6752786040306091,-0.35914215445518494,0.33925947546958923,-0.5476482510566711,1
0.6417904496192932,0.14328302443027496,0.7284754514694214,0.7016189098358154,-0.3357231318950653,0.3012256920337677,-0.5516192317008972,0.8040914535522461,0.1957223266363144,0.019978148862719536,0,0.6761205196380615,0.15262730419635773,0.6876937747001648,0.6719868183135986,-0.3621610999107361,0.34371164441108704,-0.546932578086853,1
0.6461308598518372,0.14420753717422485,0.72381192445755,0.6986222267150879,-0.33872225880622864,0.306022584438324,-0.5509485602378845,0.8040914535522461,0.1957223266363144,0.019978148862719536,0,0.6799545288085938,0.1536070555448532,0.6826972365379333,0.6686590313911438,-0.36518439650535583,0.3481256365776062,-0.5462086796760559,1
0.6504214406013489,0.14513851702213287,0.7191022634506226,0.6955861449241638,-0.3417268693447113,0.31078365445137024,-0.5502691268920898,0.8040914535522461,0.1957223266363144,0.019978148862719536,0,0.6837355494499207,0.15459200739860535,0.6776599287986755,0.6652957797050476,-0.36821240186691284,0.3525012135505676,-0.5454759001731873,1
0.6546616554260254,0.146076500415802,0.7143468856811523,0.6925113201141357,-0.3447369635105133,0.31550833582878113,-0.5495806932449341,0.8040914535522461,0.1957223266363144,0.019978148862719536,0,0.6874625086784363,0.15558163821697235,0.6725831627845764,0.6618971824645996,-0.3712444305419922,0.3568379878997803,-0.5447350144386292,1
0.6588507294654846,0.14702080190181732,0.7095466256141663,0.6893977522850037,-0.34775227308273315,0.32019683718681335,-0.5488833785057068,0.8040914535522461,0.1957223266363144,0.019978148862719536,0,0.6911354660987854,0.1565755158662796,0.6674669981002808,0.6584636569023132,-0.37428048253059387,0.36113569140434265,-0.543985903263092,1
0.6629881858825684,0.1479712277650833,0.7047020196914673,0.6862460970878601,-0.3507726788520813,0.32484784722328186,-0.5481775999069214,0.8040914535522461,0.1957223266363144,0.019978148862719536,0,0.6947535872459412,0.15757393836975098,0.6623123288154602,0.6549956202507019,-0.3773208260536194,0.3653942048549652,-0.5432279706001282,1
0.6670735478401184,0.14892786741256714,0.6998136043548584,0.6830565929412842,-0.3537980616092682,0.32946184277534485,-0.5474627017974854,0.8040914535522461,0.1957223266363144,0.019978148862719536,0,0.6983165740966797,0.15857620537281036,0.6571199297904968,0.6514933705329895,-0.38036468625068665,0.36961302161216736,-0.5424622297286987,1
0.671106219291687,0.1498904675245285,0.6948822736740112,0.6798295974731445,-0.35682812333106995,0.334038108587265,-0.5467393398284912,0.8040914535522461,0.1957223266363144,0.019978148862719536,0,0.7018238306045532,0.15958261489868164,0.6518903374671936,0.6479573249816895,-0.38341230154037476,0.37379205226898193,-0.5416878461837769,1
0.6750855445861816,0.15085864067077637,0.689908504486084,0.6765652894973755,-0.3598628342151642,0.3385763466358185,-0.5460074543952942,0.8040914535522461,0.1957223266363144,0.019978148862719536,0,0.7052751779556274,0.160592719912529,0.6466238498687744,0.6443874835968018,-0.3864637017250061,0.37793123722076416,-0.5409052968025208,1
0.6790112853050232,0.1518321931362152,0.6848927736282349,0.6732642650604248,-0.36290183663368225,0.34307628870010376,-0.5452669262886047,0.8040914535522461,0.1957223266363144,0.019978148862719536,0,0.7086702585220337,0.1616060584783554,0.6413211822509766,0.6407843828201294,-0.3895183801651001,0.3820302486419678,-0.5401144623756409,1
0.6828827261924744,0.15281113982200623,0.6798359155654907,0.6699268221855164,-0.36594536900520325,0.34753742814064026,-0.5445179343223572,0.8040914535522461,0.1957223266363144,0.019978148862719536,0,0.7120082974433899,0.16262289881706238,0.6359835863113403,0.6371485590934753,-0.39257630705833435,0.38608819246292114,-0.5393155813217163,1
0.6866998076438904,0.153795063495636,0.6747384071350098,0.6665530800819397,-0.3689929246902466,0.3519600033760071,-0.543760359287262,0.8040914535522461,0.1957223266363144,0.019978148862719536,0,0.7152893543243408,0.16364282369613647,0.6306109428405762,0.6334801316261292,-0.3956373929977417,0.3901057541370392,-0.5385084748268127,1
0.6904616355895996,0.1547837257385254,0.6696009635925293,0.6631436347961426,-0.37204453349113464,0.356343150138855,-0.5429943799972534,0.8040914535522461,0.1957223266363144,0.019978148862719536,0,0.7185126543045044,0.16466529667377472,0.6252043843269348,0.6297793984413147,-0.3987012505531311,0.39408230781555176,-0.5376933813095093,1
0.6941675543785095,0.15577693283557892,0.6644245386123657,0.6596987843513489,-0.37509971857070923,0.3606867790222168,-0.5422200560569763,0.8040914535522461,0.1957223266363144,0.019978148862719536,0,0.7216784358024597,0.16569077968597412,0.6197638511657715,0.6260468363761902,-0.4017682671546936,0.3980178236961365,-0.536870002746582,1
0.6978178024291992,0.15677474439144135,0.6592090725898743,0.6562188267707825,-0.37815889716148376,0.36499089002609253,-0.5414371490478516,0.8040914535522461,0.1957223266363144,0.019978148862719536,0,0.7247856259346008,0.16671834886074066,0.6142905950546265,0.6222826838493347,-0.40483784675598145,0.40191182494163513,-0.5360385775566101,1
0.701411247253418,0.15777668356895447,0.6539559364318848,0.6527042388916016,-0.38122162222862244,0.3692546784877777,-0.5406461358070374,0.8040914535522461,0.1957223266363144,0.019978148862719536,0,0.7278342843055725,0.16774843633174896,0.6087851524353027,0.6184872984886169,-0.4079101085662842,0.4057641923427582,-0.5351992249488831,1
0.7049480080604553,0.15878261625766754,0.6486650705337524,0.6491551995277405,-0.38428765535354614,0.3734782934188843,-0.5398465991020203,0.8040914535522461,0.1957223266363144,0.019978148862719536,0,0.7309470772743225,0.16882342100143433,0.6030168533325195,0.6145010590553284,-0.41111284494400024,0.4097324013710022,-0.5343163013458252,1
0.7084329724311829,0.15979477763175964,0.6433280110359192,0.6455619931221008,-0.3873624801635742,0.37767189741134644,-0.5390398502349854,0.8040914535522461,0.1957223266363144,0.019978148862719536,0,0.7339954376220703,0.1699003428220749,0.5972150564193726,0.6104817390441895,-0.4143180847167969,0.4136550724506378,-0.5334247946739197,1
0.7118690609931946,0.1608138531446457,0.6379395723342896,0.641923189163208,-0.3904494345188141,0.38183704018592834,-0.5382232069969177,0.8040914535522461,0.1957223266363144,0.019978148862719536,0,0.7369792461395264,0.17097900807857513,0.5913801193237305,0.6064296364784241,-0.41752585768699646,0.4175319969654083,-0.5325244069099426,1
0.7152568101882935,0.1618400365114212,0.6324981451034546,0.638238787651062,-0.39354944229125977,0.3859737813472748,-0.537395715713501,0.8040914535522461,0.1957223266363144,0.019978148862719536,0,0.7398975491523743,0.17205935716629028,0.5855134725570679,0.6023452877998352,-0.4207358658313751,0.42136263847351074,-0.5316153168678284,1
0.718595564365387,0.1628725826740265,0.6270041465759277,0.6345094442367554,-0.396662175655365,0.3900810778141022,-0.536557137966156,0.8040914535522461,0.1957223266363144,0.019978148862719536,0,0.7427505850791931,0.17314063012599945,0.5796155333518982,0.5982291102409363,-0.4239477217197418,0.42514684796333313,-0.5306980013847351,1
0.7218846082687378,0.16391140222549438,0.6214575171470642,0.6307358741760254,-0.3997875154018402,0.39415791630744934,-0.5357066988945007,0.8040914535522461,0.1957223266363144,0.019978148862719536,0,0.745537519454956,0.17422287166118622,0.5736875534057617,0.594081461429596,-0.42716121673583984,0.4288843274116516,-0.5297722220420837,1
0.7251216173171997,0.16495555639266968,0.6158611178398132,0.6269188523292542,-0.40292423963546753,0.39820244908332825,-0.5348452925682068,0.8040914535522461,0.1957223266363144,0.019978148862719536,0,0.7482585310935974,0.17530584335327148,0.5677288174629211,0.5899026393890381,-0.43037673830986023,0.43257561326026917,-0.5288373827934265,1
0.728305459022522,0.16600485146045685,0.6102160215377808,0.6230597496032715,-0.4060715138912201,0.4022132158279419,-0.5339727997779846,0.8040914535522461,0.1957223266363144,0.019978148862719536,0,0.7509127855300903,0.17638927698135376,0.561741828918457,0.5856932401657104,-0.43359360098838806,0.4362194836139679,-0.5278944969177246,1
0.7314344048500061,0.16705843806266785,0.6045242547988892,0.6191592216491699,-0.40922847390174866,0.4061889052391052,-0.5330894589424133,0.8040914535522461,0.1957223266363144,0.019978148862719536,0,0.7535001039505005,0.17747287452220917,0.5557265281677246,0.5814533829689026,-0.4368118643760681,0.4398162364959717,-0.5269430875778198,1
0.7345069050788879,0.16811634600162506,0.5987875461578369,0.615218460559845,-0.41239413619041443,0.41012799739837646,-0.5321957468986511,0.8040914535522461,0.1957223266363144,0.019978148862719536,0,0.7560204267501831,0.17855650186538696,0.5496839284896851,0.5771837830543518,-0.4400312304496765,0.44336554408073425,-0.5259832143783569,1
0.7375212907791138,0.16917796432971954,0.5930080413818359,0.6112387180328369,-0.4155677855014801,0.41402918100357056,-0.5312913060188293,0.8040914535522461,0.1957223266363144,0.019978148862719536,0,0.7584731578826904,0.1796398162841797,0.5436145067214966,0.572884738445282,-0.4432518184185028,0.4468671679496765,-0.5250148773193359,1
0.740476667881012,0.1702428162097931,0.5871873497962952,0.6072204113006592,-0.418748676776886,0.41789111495018005,-0.5303771495819092,0.8040914535522461,0.1957223266363144,0.019978148862719536,0,0.7608579993247986,0.18072260916233063,0.5375192761421204,0.5685566663742065,-0.4464729428291321,0.4503209590911865,-0.5240382552146912,1
0.7433712482452393,0.17131054401397705,0.5813270807266235,0.6031649708747864,-0.42193588614463806,0.42171311378479004,-0.5294526815414429,0.8040914535522461,0.1957223266363144,0.019978148862719536,0,0.763174831867218,0.18180488049983978,0.5313992500305176,0.5642002820968628,-0.4496948719024658,0.4537266790866852,-0.5230531096458435,1
0.7462043166160583,0.17238083481788635,0.5754291415214539,0.599073052406311,-0.4251288175582886,0.42549362778663635,-0.5285187363624573,0.8040914535522461,0.1957223266363144,0.019978148862719536,0,0.765423595905304,0.18288590013980865,0.525254487991333,0.5598152279853821,-0.4529176652431488,0.4570845365524292,-0.5220595002174377,1
0.7489749789237976,0.1734529733657837,0.569494366645813,0.59494549036026,-0.42832693457603455,0.4292323589324951,-0.5275750160217285,0.8040914535522461,0.1957223266363144,0.019978148862719536,0,0.7676035165786743,0.1839655637741089,0.5190867781639099,0.5554026365280151,-0.4561404883861542,0.46039366722106934,-0.5210577845573425,1
0.7516818046569824,0.17452718317508698,0.5635253190994263,0.5907831192016602,-0.43152955174446106,0.43292784690856934,-0.5266221761703491,0.8040914535522461,0.1957223266363144,0.019978148862719536,0,0.7697145938873291,0.18504375219345093,0.5128960013389587,0.5509626269340515,-0.459363728761673,0.46365442872047424,-0.5200477242469788,1
0.7543243765830994,0.17560262978076935,0.5575224757194519,0.5865868330001831,-0.4347359538078308,0.43657997250556946,-0.5256599187850952,0.8040914535522461,0.1957223266363144,0.019978148862719536,0,0.7717565894126892,0.18611998856067657,0.5066835880279541,0.5464956164360046,-0.4625869691371918,0.4668664336204529,-0.519029438495636,1
0.7569019198417664,0.17667904496192932,0.5514873266220093,0.582356870174408,-0.4379461705684662,0.44018787145614624,-0.5246886014938354,0.8040914535522461,0.1957223266363144,0.019978148862719536,0,0.7737293243408203,0.1871943175792694,0.5004501342773438,0.5420020818710327,-0.4658101499080658,0.4700295627117157,-0.5180028080940247,1
0.7594135999679565,0.17775645852088928,0.5454213619232178,0.5780945420265198,-0.4411592483520508,0.4437508285045624,-0.5237082839012146,0.8040914535522461,0.1957223266363144,0.019978148862719536,0,0.7756325602531433,0.18826638162136078,0.494196355342865,0.5374825596809387,-0.46903279423713684,0.4731435775756836,-0.5169678330421448,1
0.7618585824966431,0.17883425951004028,0.5393261313438416,0.573800265789032,-0.44437506794929504,0.44726794958114624,-0.5227192640304565,0.8040914535522461,0.1957223266363144,0.019978148862719536,0,0.7774660587310791,0.1893358826637268,0.4879229664802551,0.532937228679657,-0.47225522994995117,0.4762083888053894,-0.5159248113632202,1
0.7642366886138916,0.17991195619106293,0.5332023501396179,0.5694746971130371,-0.44759324193000793,0.45073920488357544,-0.5217210650444031,0.8040914535522461,0.1957223266363144,0.019978148862719536,0,0.7792295217514038,0.1904025673866272,0.48163121938705444,0.5283665657043457,-0.4754768908023834,0.4792238175868988,-0.514873743057251,1
0.7665472626686096,0.1809895634651184,0.5270510315895081,0.5651184320449829,-0.4508132338523865,0.4541639983654022,-0.5207144021987915,0.8040914535522461,0.1957223266363144,0.019978148862719536,0,0.7809231281280518,0.19146621227264404,0.4753211438655853,0.523770809173584,-0.4786980152130127,0.4821898639202118,-0.5138142704963684,1
0.7687895894050598,0.18206681311130524,0.5208741426467896,0.5607322454452515,-0.4540346562862396,0.4575417637825012,-0.5196992754936218,0.8040914535522461,0.1957223266363144,0.019978148862719536,0,0.7825460433959961,0.19252686202526093,0.4689943492412567,0.5191511511802673,-0.48191818594932556,0.48510605096817017,-0.5127465724945068,1
0.7709636688232422,0.18314281105995178,0.514671802520752,0.5563165545463562,-0.4572572708129883,0.4608722925186157,-0.5186754465103149,0.8040914535522461,0.1957223266363144,0.019978148862719536,0,0.7840986847877502,0.1935836672782898,0.4626513123512268,0.5145073533058167,-0.48513707518577576,0.487972617149353,-0.511670708656311,1
0.7730686068534851,0.18421797454357147,0.5084457993507385,0.5518723130226135,-0.46048083901405334,0.46415483951568604,-0.5176432132720947,0.8040914535522461,0.1957223266363144,0.019978148862719536,0,0.7730686068534851,0.18421797454357147,0.5084457993507385,0.5518723130226135,-0.46048083901405334,0.46415483951568604,-0.5176432132720947,1
0.7750185132026672,0.18479295074939728,0.5029916763305664,0.5492878556251526,-0.463589608669281,0.46655699610710144,-0.5154531598091125,0.8040914535522461,0.1957223266363144,0.019978148862719536,0,0.7737317085266113,0.18436464667320251,0.5064559578895569,0.5515354871749878,-0.4606930613517761,0.4643804132938385,-0.5176112055778503,1
0.7767385244369507,0.18508441746234894,0.4985347390174866,0.547359824180603,-0.46578970551490784,0.46843820810317993,-0.5138118863105774,0.8040914535522461,0.1957223266363144,0.019978148862719536,0,0.7743849158287048,0.1845104992389679,0.5044631958007812,0.5511984825134277,-0.4609050452709198,0.4646056294441223,-0.5175791382789612,1
0.7782196402549744,0.185254767537117,0.49507445096969604,0.5460578799247742,-0.4672035276889801,0.46969154477119446,-0.5127684473991394,0.8040914535522461,0.1957223266363144,0.019978148862719536,0,0.7750287055969238,0.18465526401996613,0.5024667978286743,0.550861120223999,-0.4611174166202545,0.4648307263851166,-0.5175471305847168,1
0.7789261937141418,0.1852538287639618,0.49341362714767456,0.5454834699630737,-0.46773475408554077,0.47022783756256104,-0.5124039053916931,0.8040914535522461,0.1957223266363144,0.019978148862719536,0,0.7756624817848206,0.18479952216148376,0.5004671812057495,0.5505238771438599,-0.46132972836494446,0.4650554358959198,-0.5175148844718933,1
0.7791356444358826,0.1852022111415863,0.4928506016731262,0.5453991889953613,-0.4677097201347351,0.47028082609176636,-0.5124677419662476,0.8040914535522461,0.1957223266363144,0.019978148862719536,0,0.7762866020202637,0.18494294583797455,0.49846458435058594,0.5501865148544312,-0.46154195070266724,0.4652796685695648,-0.5174828767776489,1
0.7791870832443237,0.1851692795753479,0.49262118339538574,0.5455133318901062,-0.4674752950668335,0.4701352119445801,-0.5126936435699463,0.8040914535522461,0.1957223266363144,0.019978148862719536,0,0.776901125907898,0.18508529663085938,0.49645859003067017,0.549848735332489,-0.4617541432380676,0.4655039608478546,-0.5174508690834045,1
0.7792258262634277,0.1851647049188614,0.4923818111419678,0.5456693172454834,-0.4672011733055115,0.46994319558143616,-0.5129536986351013,0.8040914535522461,0.1957223266363144,0.019978148862719536,0,0.7775055766105652,0.18522709608078003,0.49444979429244995,0.5495110750198364,-0.46196654438972473,0.465727835893631,-0.5174186825752258,1
0.7793046236038208,0.1851845532655716,0.49200761318206787,0.5458027124404907,-0.4669536352157593,0.46976685523986816,-0.5131984949111938,0.8040914535522461,0.1957223266363144,0.019978148862719536,0,0.778100311756134,0.18536809086799622,0.49243777990341187,0.5491732954978943,-0.4621787965297699,0.4659511148929596,-0.5173865556716919,1
0.7794382572174072,0.18522289395332336,0.49146461486816406,0.5458912253379822,-0.4667533040046692,0.46962815523147583,-0.5134134292602539,0.8040914535522461,0.1957223266363144,0.019978148862719536,0,0.7786852121353149,0.18550795316696167,0.4904230237007141,0.5488354563713074,-0.4623909294605255,0.46617427468299866,-0.5173544883728027,1
0.7796259522438049,0.18527454137802124,0.49075692892074585,0.5459313988685608,-0.46660181879997253,0.4695311188697815,-0.5135971307754517,0.8040914535522461,0.1957223266363144,0.019978148862719536,0,0.7792602777481079,0.18564727902412415,0.48840513825416565,0.5484973788261414,-0.4626031816005707,0.4663971960544586,-0.5173224806785583,1
0.7798619270324707,0.18533717095851898,0.48989829421043396,0.545926034450531,-0.46649622917175293,0.46947306394577026,-0.5137519836425781,0.8040914535522461,0.1957223266363144,0.019978148862719536,0,0.7798255085945129,0.18578575551509857,0.48638463020324707,0.5481592416763306,-0.46281540393829346,0.46661972999572754,-0.5172902345657349,1
0.7801392674446106,0.18540805578231812,0.4889059066772461,0.5458797812461853,-0.46643027663230896,0.4694502353668213,-0.5138816237449646,0.8040914535522461,0.1957223266363144,0.019978148862719536,0,0.7803809642791748,0.18592312932014465,0.4843609929084778,0.5478209853172302,-0.463027685880661,0.46684202551841736,-0.5172582268714905,1
0.7804523706436157,0.1854865550994873,0.4877941906452179,0.5457977056503296,-0.46639975905418396,0.46945810317993164,-0.5139893889427185,0.8040914535522461,0.1957223266363144,0.019978148862719536,0,0.7809264659881592,0.18605993688106537,0.4823344647884369,0.5474823713302612,-0.46323999762535095,0.46706423163414,-0.5172258615493774,1
0.7807950973510742,0.18557104468345642,0.48657721281051636,0.5456836819648743,-0.46640002727508545,0.46949315071105957,-0.5140783190727234,0.8040914535522461,0.1957223266363144,0.019978148862719536,0,0.7814620733261108,0.18619586527347565,0.48030537366867065,0.5471437573432922,-0.4634524881839752,0.4672859311103821,-0.517193615436554,1
0.7811614274978638,0.18566085398197174,0.4852692186832428,0.5455424189567566,-0.4664264917373657,0.46955111622810364,-0.5141512155532837,0.8040914535522461,0.1957223266363144,0.019978148862719536,0,0.7819877862930298,0.18633069097995758,0.47827354073524475,0.5468049049377441,-0.4636649191379547,0.46750742197036743,-0.5171614289283752,1
0.7815460562705994,0.18575513362884521,0.48388272523880005,0.5453782081604004,-0.4664750397205353,0.46962854266166687,-0.5142107009887695,0.8040914535522461,0.1957223266363144,0.019978148862719536,0,0.7825036644935608,0.18646492063999176,0.47623932361602783,0.5464662313461304,-0.46387720108032227,0.46772849559783936,-0.5171291828155518,1
0.7819444537162781,0.18585294485092163,0.48242881894111633,0.545194149017334,-0.46654194593429565,0.46972209215164185,-0.5142595767974854,0.8040914535522461,0.1957223266363144,0.019978148862719536,0,0.7830094695091248,0.18659831583499908,0.47420215606689453,0.546127200126648,-0.46408960223197937,0.4679493308067322,-0.5170969367027283,1
0.7823526263237,0.18595421314239502,0.4809170365333557,0.5449938774108887,-0.4666241407394409,0.46982887387275696,-0.514299750328064,0.8040914535522461,0.1957223266363144,0.019978148862719536,0,0.7835054397583008,0.1867305040359497,0.47216272354125977,0.5457879900932312,-0.4643020033836365,0.46817007660865784,-0.5170645713806152,1
0.7827677726745605,0.18605825304985046,0.4793541133403778,0.5447794198989868,-0.4667198657989502,0.4699472486972809,-0.5143319964408875,0.8040914535522461,0.1957223266363144,0.019978148862719536,0,0.7839913964271545,0.18686214089393616,0.4701206386089325,0.5454487800598145,-0.4645145535469055,0.4683902859687805,-0.517032265663147,1
0.7831879258155823,0.18616467714309692,0.47774603962898254,0.5445525646209717,-0.4668266475200653,0.4700753092765808,-0.5143584609031677,0.8040914535522461,0.1957223266363144,0.019978148862719536,0,0.7844675183296204,0.18699276447296143,0.46807602047920227,0.5451093912124634,-0.4647270441055298,0.46861016750335693,-0.5170000195503235,1
0.7836106419563293,0.1862732470035553,0.4760982394218445,0.5443151593208313,-0.4669432044029236,0.4702117443084717,-0.5143792033195496,0.8040914535522461,0.1957223266363144,0.019978148862719536,0,0.7849335670471191,0.18712233006954193,0.4660293161869049,0.544769823551178,-0.46493929624557495,0.46883004903793335,-0.5169677734375,1
0.7840351462364197,0.18638353049755096,0.47441399097442627,0.5440680384635925,-0.46706852316856384,0.47035545110702515,-0.5143954157829285,0.8040914535522461,0.1957223266363144,0.019978148862719536,0,0.7853896021842957,0.18725132942199707,0.46398022770881653,0.5444302558898926,-0.4651516377925873,0.46904921531677246,-0.5169355273246765,1
0.7844595909118652,0.18649543821811676,0.4726974368095398,0.5438126921653748,-0.4672015309333801,0.4705057442188263,-0.514407217502594,0.8040914535522461,0.1957223266363144,0.019978148862719536,0,0.7858355045318604,0.18737941980361938,0.4619289040565491,0.5440905690193176,-0.4653642177581787,0.4692683517932892,-0.5169030427932739,1
0.7848830223083496,0.18660877645015717,0.4709513187408447,0.5435497164726257,-0.46734151244163513,0.47066158056259155,-0.5144155025482178,0.8040914535522461,0.1957223266363144,0.019978148862719536,0,0.7862718105316162,0.18750633299350739,0.45987486839294434,0.543750524520874,-0.46557673811912537,0.46948719024658203,-0.5168706774711609,1
0.7853044867515564,0.18672321736812592,0.4691784679889679,0.5432800650596619,-0.4674874544143677,0.4708227515220642,-0.5144202709197998,0.8040914535522461,0.1957223266363144,0.019978148862719536,0,0.7866977453231812,0.18763266503810883,0.45781901478767395,0.5434105396270752,-0.46578922867774963,0.46970584988594055,-0.5168382525444031,1
0.7857232093811035,0.18683838844299316,0.46738147735595703,0.5430043935775757,-0.46763864159584045,0.47098827362060547,-0.5144222974777222,0.8040914535522461,0.1957223266363144,0.019978148862719536,0,0.7871137857437134,0.18775807321071625,0.4557609558105469,0.543070375919342,-0.46600183844566345,0.46992406249046326,-0.5168057680130005,1
0.7861379384994507,0.18695446848869324,0.46556252241134644,0.5427234172821045,-0.4677949845790863,0.4711577296257019,-0.5144215822219849,0.8040914535522461,0.1957223266363144,0.019978148862719536,0,0.7875196933746338,0.18788227438926697,0.4537009000778198,0.5427299737930298,-0.4662143588066101,0.47014203667640686,-0.5167733430862427,1
0.7865485548973083,0.1870710849761963,0.46372365951538086,0.5424374938011169,-0.46795547008514404,0.4713306725025177,-0.5144186019897461,0.8040914535522461,0.1957223266363144,0.019978148862719536,0,0.7879154682159424,0.18800586462020874,0.45163917541503906,0.5423897504806519,-0.46642690896987915,0.4703594744205475,-0.5167409181594849,1
0.7869546413421631,0.1871878057718277,0.4618660807609558,0.5421470403671265,-0.46812009811401367,0.4715070128440857,-0.5144135355949402,0.8040914535522461,0.1957223266363144,0.019978148862719536,0,0.788301408290863,0.1881285160779953,0.4495747685432434,0.5420491099357605,-0.4666394889354706,0.4705769419670105,-0.516708493232727,1
0.7873549461364746,0.18730507791042328,0.4599919617176056,0.5418527722358704,-0.4682881534099579,0.4716859757900238,-0.5144064426422119,0.8040914535522461,0.1957223266363144,0.019978148862719536,0,0.7886770963668823,0.18824997544288635,0.44750916957855225,0.5417085886001587,-0.4668518602848053,0.4707939326763153,-0.516676127910614,1
0.787749171257019,0.18742245435714722,0.4581030607223511,0.5415550470352173,-0.4684590995311737,0.4718674123287201,-0.5143979787826538,0.8040914535522461,0.1957223266363144,0.019978148862719536,0,0.7890427708625793,0.18837080895900726,0.4454410970211029,0.5413678288459778,-0.4670645296573639,0.471010684967041,-0.5166435837745667,1
0.7881369590759277,0.18753989040851593,0.45620042085647583,0.5412543416023254,-0.46863284707069397,0.47205081582069397,-0.5143879652023315,0.8040914535522461,0.1957223266363144,0.019978148862719536,0,0.7893984317779541,0.18849074840545654,0.44337132573127747,0.541026771068573,-0.46727707982063293,0.4712272584438324,-0.5166109204292297,1
0.7885182499885559,0.18765705823898315,0.45428454875946045,0.540950357913971,-0.46880921721458435,0.47223642468452454,-0.514376699924469,0.8040914535522461,0.1957223266363144,0.019978148862719536,0,0.7897439002990723,0.18860940635204315,0.44130003452301025,0.540685772895813,-0.4674895703792572,0.4714432954788208,-0.5165786147117615,1
0.7888921499252319,0.187774196267128,0.45235753059387207,0.5406439900398254,-0.4689878225326538,0.4724234640598297,-0.5143641829490662,0.8040914535522461,0.1957223266363144,0.019978148862719536,0,0.7900792956352234,0.18872743844985962,0.4392266273498535,0.5403445959091187,-0.4677024483680725,0.4716593623161316,-0.516545832157135,1
0.7892585396766663,0.18789121508598328,0.45042020082473755,0.5403355360031128,-0.4691682457923889,0.47261208295822144,-0.5143505334854126,0.8040914535522461,0.1957223266363144,0.019978148862719536,0,0.7904045581817627,0.18884453177452087,0.43715178966522217,0.5400033593177795,-0.46791502833366394,0.4718747138977051,-0.5165133476257324,1
0.7896173596382141,0.1880079209804535,0.44847288727760315,0.5400247573852539,-0.4693506062030792,0.47280189394950867,-0.5143359303474426,0.8040914535522461,0.1957223266363144,0.019978148862719536,0,0.7907196879386902,0.18896040320396423,0.43507522344589233,0.5396618247032166,-0.46812760829925537,0.4720902442932129,-0.5164808034896851,1
0.7899680137634277,0.1881241500377655,0.44651713967323303,0.539712131023407,-0.46953466534614563,0.47299283742904663,-0.5143207311630249,0.8040914535522461,0.1957223266363144,0.019978148862719536,0,0.7910245060920715,0.18907558917999268,0.4329974353313446,0.5393202304840088,-0.46834036707878113,0.4723052680492401,-0.5164480805397034,1
0.7903105616569519,0.18823997676372528,0.44455331563949585,0.5393980741500854,-0.4697197675704956,0.47318461537361145,-0.5143046975135803,0.8040914535522461,0.1957223266363144,0.019978148862719536,0,0.7913195490837097,0.1891898512840271,0.4309176206588745,0.5389785170555115,-0.46855318546295166,0.47251981496810913,-0.516415536403656,1
0.7906447649002075,0.18835501372814178,0.44258177280426025,0.5390820503234863,-0.4699063301086426,0.47337743639945984,-0.514288067817688,0.8040914535522461,0.1957223266363144,0.019978148862719536,0,0.7916042804718018,0.18930287659168243,0.4288367033004761,0.5386368632316589,-0.4687657058238983,0.4727342426776886,-0.5163829922676086,1
0.7909700870513916,0.18846988677978516,0.44060391187667847,0.5387652516365051,-0.4700937569141388,0.47357064485549927,-0.5142709612846375,0.8040914535522461,0.1957223266363144,0.019978148862719536,0,0.7918787002563477,0.18941520154476166,0.42675456404685974,0.5382948517799377,-0.4689784049987793,0.4729484021663666,-0.5163503885269165,1
0.791286826133728,0.18858398497104645,0.4386194050312042,0.5384467840194702,-0.4702824056148529,0.47376471757888794,-0.5142532587051392,0.8040914535522461,0.1957223266363144,0.019978148862719536,0,0.7921431660652161,0.18952658772468567,0.4246706962585449,0.5379528403282166,-0.46919113397598267,0.4731622040271759,-0.5163174867630005,1
0.7915948629379272,0.18869751691818237,0.4366292655467987,0.5381274223327637,-0.47047191858291626,0.4739590585231781,-0.5142351388931274,0.8040914535522461,0.1957223266363144,0.019978148862719536,0,0.7923973798751831,0.1896367073059082,0.42258572578430176,0.5376105308532715,-0.4694039225578308,0.47337576746940613,-0.5162848830223083,1
0.7918935418128967,0.1888105571269989,0.4346340596675873,0.537807047367096,-0.4706622362136841,0.47415396571159363,-0.5142164826393127,0.8040914535522461,0.1957223266363144,0.019978148862719536,0,0.7926415205001831,0.18974612653255463,0.42049920558929443,0.5372684001922607,-0.4696166515350342,0.4735890030860901,-0.5162521004676819,1
0.7921833395957947,0.1889227330684662,0.4326334595680237,0.5374854803085327,-0.47085335850715637,0.47434934973716736,-0.5141975283622742,0.8040914535522461,0.1957223266363144,0.019978148862719536,0,0.7928752899169922,0.18985459208488464,0.41841205954551697,0.5369261503219604,-0.46982917189598083,0.47380170226097107,-0.5162196755409241,1
0.7924638390541077,0.1890343427658081,0.4306289553642273,0.5371636152267456,-0.4710448682308197,0.47454455494880676,-0.5141783356666565,0.8040914535522461,0.1957223266363144,0.019978148862719536,0,0.7930989861488342,0.18996208906173706,0.41632306575775146,0.536583423614502,-0.4700421988964081,0.47401461005210876,-0.5161865949630737,1
0.7927349805831909,0.18914508819580078,0.4286198019981384,0.5368404388427734,-0.4712372124195099,0.4747403860092163,-0.5141587257385254,0.8040914535522461,0.1957223266363144,0.019978148862719536,0,0.7933124899864197,0.1900682896375656,0.4142334759235382,0.536240816116333,-0.4702548086643219,0.47422680258750916,-0.5161540508270264,1
0.7929967641830444,0.18925493955612183,0.42660754919052124,0.5365170836448669,-0.47142964601516724,0.4749361276626587,-0.5141392946243286,0.8040914535522461,0.1957223266363144,0.019978148862719536,0,0.7935158610343933,0.19017384946346283,0.4121425151824951,0.535897970199585,-0.47046777606010437,0.4744388163089752,-0.5161213278770447,1
0.7932491898536682,0.18936391174793243,0.4245915412902832,0.5361929535865784,-0.4716225266456604,0.4751320779323578,-0.5141194462776184,0.8040914535522461,0.1957223266363144,0.019978148862719536,0,0.7937089800834656,0.19027838110923767,0.41005054116249084,0.5355550050735474,-0.4706805646419525,0.4746507406234741,-0.5160883665084839,1
0.7934917211532593,0.18947258591651917,0.4225722551345825,0.5358682870864868,-0.47181618213653564,0.47532787919044495,-0.5140991806983948,0.8040914535522461,0.1957223266363144,0.019978148862719536,0,0.7938919067382812,0.19038160145282745,0.4079579710960388,0.535211980342865,-0.4708932638168335,0.47486209869384766,-0.5160558223724365,1
0.7937249541282654,0.1895800530910492,0.42055001854896545,0.5355432033538818,-0.4720098674297333,0.47552385926246643,-0.5140789747238159,0.8040914535522461,0.1957223266363144,0.019978148862719536,0,0.7940646409988403,0.19048413634300232,0.40586426854133606,0.5348687767982483,-0.47110626101493835,0.47507327795028687,-0.5160229206085205,1
0.7939487099647522,0.18968690931797028,0.41852468252182007,0.5352175235748291,-0.4722040295600891,0.47571974992752075,-0.514058530330658,0.8040914535522461,0.1957223266363144,0.019978148862719536,0,0.7942270040512085,0.1905856877565384,0.4037700593471527,0.5345255136489868,-0.47131896018981934,0.4752841591835022,-0.515990138053894,1
0.7941625118255615,0.18979254364967346,0.416497141122818,0.5348913669586182,-0.4723982810974121,0.4759156107902527,-0.5140382647514343,0.8040914535522461,0.1957223266363144,0.019978148862719536,0,0.7943794131278992,0.1906859129667282,0.4016745686531067,0.5341818332672119,-0.4715319573879242,0.4754948318004608,-0.5159572958946228,1
0.794366717338562,0.18989752233028412,0.4144672453403473,0.5345648527145386,-0.47259294986724854,0.47611141204833984,-0.514017641544342,0.8040914535522461,0.1957223266363144,0.019978148862719536,0,0.7945214509963989,0.19078543782234192,0.3995785713195801,0.5338384509086609,-0.4717447757720947,0.47570517659187317,-0.5159242749214172,1
0.7945611476898193,0.19000157713890076,0.41243502497673035,0.5342381000518799,-0.47278761863708496,0.47630712389945984,-0.5139970183372498,0.8040914535522461,0.1957223266363144,0.019978148862719536,0,0.7946531772613525,0.19088396430015564,0.3974817991256714,0.5334948301315308,-0.4719577431678772,0.47591501474380493,-0.5158913731575012,1
0.794745922088623,0.19010497629642487,0.4104006290435791,0.5339109897613525,-0.4729827344417572,0.4765027165412903,-0.5139760971069336,0.8040914535522461,0.1957223266363144,0.019978148862719536,0,0.7947750091552734,0.1909811943769455,0.39538413286209106,0.5331507921218872,-0.4721706807613373,0.4761251211166382,-0.5158584713935852,1
0.7949207425117493,0.1902071088552475,0.40836477279663086,0.5335837602615356,-0.47317761182785034,0.4766981303691864,-0.5139554738998413,0.8040914535522461,0.1957223266363144,0.019978148862719536,0,0.7948862314224243,0.19107767939567566,0.39328673481941223,0.5328071713447571,-0.47238340973854065,0.47633424401283264,-0.5158257484436035,1
0.7950856685638428,0.19030864536762238,0.40632709860801697,0.5332561731338501,-0.4733729660511017,0.47689324617385864,-0.5139343738555908,0.8040914535522461,0.1957223266363144,0.019978148862719536,0,0.7949873805046082,0.19117313623428345,0.39118826389312744,0.5324631333351135,-0.47259628772735596,0.47654327750205994,-0.5157926678657532,1
0.7952409386634827,0.19040915369987488,0.4042873978614807,0.5329281687736511,-0.4735684096813202,0.4770885407924652,-0.5139134526252747,0.8040914535522461,0.1957223266363144,0.019978148862719536,0,0.7950782775878906,0.1912672519683838,0.38908952474594116,0.5321190357208252,-0.47280919551849365,0.4767521321773529,-0.5157598257064819,1
0.7953863739967346,0.1905084252357483,0.4022466242313385,0.5326000452041626,-0.4737637937068939,0.4772834777832031,-0.5138924717903137,0.8040914535522461,0.1957223266363144,0.019978148862719536,0,0.795159101486206,0.1913606971502304,0.3869900405406952,0.531774640083313,-0.4730221629142761,0.476960688829422,-0.5157269835472107,1
0.79552161693573,0.1906070113182068,0.40020474791526794,0.5322718024253845,-0.4739592373371124,0.47747811675071716,-0.5138715505599976,0.8040914535522461,0.1957223266363144,0.019978148862719536,0,0.7952293157577515,0.19145303964614868,0.384890615940094,0.5314303636550903,-0.47323504090309143,0.47716882824897766,-0.5156938433647156,1
0.7956472635269165,0.19070465862751007,0.3981611728668213,0.5319432020187378,-0.4741549789905548,0.4776727855205536,-0.5138503313064575,0.8040914535522461,0.1957223266363144,0.019978148862719536,0,0.7952897548675537,0.19154411554336548,0.38279053568840027,0.5310858488082886,-0.47344791889190674,0.47737666964530945,-0.5156610012054443,1
0.7957630157470703,0.19080130755901337,0.3961162865161896,0.5316143035888672,-0.47435083985328674,0.477867066860199,-0.5138291716575623,0.8040914535522461,0.1957223266363144,0.019978148862719536,0,0.7953396439552307,0.191634401679039,0.3806902766227722,0.5307411551475525,-0.4736611247062683,0.47758448123931885,-0.5156278014183044,1
0.7958685159683228,0.19089725613594055,0.39407089352607727,0.5312854647636414,-0.4745466113090515,0.4780610501766205,-0.513808012008667,0.8040914535522461,0.1957223266363144,0.019978148862719536,0,0.7953793406486511,0.19172364473342896,0.37858977913856506,0.5303962230682373,-0.4738740921020508,0.47779175639152527,-0.5155948996543884,1
0.7959644198417664,0.19099195301532745,0.3920242488384247,0.5309563875198364,-0.4747425615787506,0.47825488448143005,-0.513786792755127,0.8040914535522461,0.1957223266363144,0.019978148862719536,0,0.7954089045524597,0.19181159138679504,0.37648898363113403,0.5300513505935669,-0.47408702969551086,0.4779990315437317,-0.5155616998672485,1
0.7960501909255981,0.1910855919122696,0.38997703790664673,0.5306271314620972,-0.47493839263916016,0.47844839096069336,-0.5137658715248108,0.8040914535522461,0.1957223266363144,0.019978148862719536,0,0.7954280376434326,0.19189874827861786,0.37438833713531494,0.5297063589096069,-0.4743001163005829,0.4782055914402008,-0.5155287384986877,1
0.796126127243042,0.19117829203605652,0.38792911171913147,0.5302976965904236,-0.47513431310653687,0.4786418080329895,-0.5137447714805603,0.8040914535522461,0.1957223266363144,0.019978148862719536,0,0.7954370975494385,0.1919848769903183,0.372287392616272,0.5293611884117126,-0.4745131731033325,0.47841235995292664,-0.5154955387115479,1
0.7961920499801636,0.19127027690410614,0.38588011264801025,0.52996826171875,-0.47533032298088074,0.47883477807044983,-0.5137235522270203,0.8040914535522461,0.1957223266363144,0.019978148862719536,0,0.7954356670379639,0.1920696198940277,0.3701871633529663,0.5290160775184631,-0.4747259020805359,0.47861820459365845,-0.5154626965522766,1
0.7962480187416077,0.1913609653711319,0.3838310241699219,0.5296386480331421,-0.4755261540412903,0.47902756929397583,-0.5137024521827698,0.8040914535522461,0.1957223266363144,0.019978148862719536,0,0.7954242825508118,0.19215361773967743,0.3680860996246338,0.528670608997345,-0.4749391973018646,0.4788241386413574,-0.5154294967651367,1
0.7962940335273743,0.19145062565803528,0.3817811608314514,0.5293089151382446,-0.4757221043109894,0.47922012209892273,-0.5136813521385193,0.8040914535522461,0.1957223266363144,0.019978148862719536,0,0.7954026460647583,0.19223657250404358,0.36598527431488037,0.5283252596855164,-0.47515222430229187,0.47902968525886536,-0.5153962969779968,1
0.7963299751281738,0.19153957068920135,0.3797311782836914,0.5289791226387024,-0.4759179651737213,0.4794122278690338,-0.5136603116989136,0.8040914535522461,0.1957223266363144,0.019978148862719536,0,0.7953706979751587,0.1923181563615799,0.36388495564460754,0.5279795527458191,-0.4753650724887848,0.4792349934577942,-0.515363335609436,1
0.7963560223579407,0.19162723422050476,0.377680242061615,0.5286489725112915,-0.4761141836643219,0.4796043038368225,-0.5136392116546631,0.8040914535522461,0.1957223266363144,0.019978148862719536,0,0.7953284978866577,0.19239892065525055,0.36178454756736755,0.5276337265968323,-0.47557830810546875,0.4794400632381439,-0.5153300166130066,1
0.7963720560073853,0.19171413779258728,0.375629186630249,0.5283188819885254,-0.47631019353866577,0.4797962009906769,-0.5136178135871887,0.8040914535522461,0.1957223266363144,0.019978148862719536,0,0.7952760457992554,0.19247868657112122,0.3596847951412201,0.5272880792617798,-0.47579139471054077,0.4796445369720459,-0.5152969360351562,1
0.7963783144950867,0.19179977476596832,0.37357810139656067,0.5279887318611145,-0.47650623321533203,0.47998756170272827,-0.513596773147583,0.8040914535522461,0.1957223266363144,0.019978148862719536,0,0.7952134013175964,0.19255705177783966,0.35758501291275024,0.5269420742988586,-0.47600439190864563,0.47984904050827026,-0.5152636766433716,1
0.7963743209838867,0.1918846070766449,0.37152647972106934,0.5276581048965454,-0.4767025113105774,0.4801788926124573,-0.513575553894043,0.8040914535522461,0.1957223266363144,0.019978148862719536,0,0.7951404452323914,0.19263465702533722,0.35548558831214905,0.5265957713127136,-0.4762175381183624,0.48005324602127075,-0.5152304768562317,1
0.796360433101654,0.19196847081184387,0.3694750666618347,0.5273279547691345,-0.47689834237098694,0.4803696274757385,-0.5135545134544373,0.8040914535522461,0.1957223266363144,0.019978148862719536,0,0.7950572967529297,0.19271115958690643,0.3533865213394165,0.5262497067451477,-0.4764307141304016,0.4802570939064026,-0.5151970982551575,1
0.7963366508483887,0.1920509934425354,0.36742356419563293,0.5269972681999207,-0.477094441652298,0.48056021332740784,-0.513533353805542,0.8040914535522461,0.1957223266363144,0.019978148862719536,0,0.7949639558792114,0.19278627634048462,0.3512878715991974,0.5259031057357788,-0.4766440689563751,0.4804607033729553,-0.5151638984680176,1
0.7963027954101562,0.19213278591632843,0.36537209153175354,0.5266667008399963,-0.47729048132896423,0.4807504415512085,-0.5135123133659363,0.8040914535522461,0.1957223266363144,0.019978148862719536,0,0.794860303401947,0.19286060333251953,0.3491901457309723,0.5255568027496338,-0.47685715556144714,0.48066359758377075,-0.5151307582855225,1
0.7962590456008911,0.19221322238445282,0.36332079768180847,0.5263360142707825,-0.47748634219169617,0.48094043135643005,-0.5134913921356201,0.8040914535522461,0.1957223266363144,0.019978148862719536,0,0.7947465181350708,0.1929338425397873,0.3470929265022278,0.525210440158844,-0.4770700931549072,0.48086655139923096,-0.5150974988937378,1
0.7962051630020142,0.19229289889335632,0.36126962304115295,0.5260053277015686,-0.4776822328567505,0.4811301529407501,-0.5134702324867249,0.8040914535522461,0.1957223266363144,0.019978148862719536,0,0.7946226000785828,0.19300571084022522,0.34499621391296387,0.5248637199401855,-0.47728320956230164,0.48106908798217773,-0.5150642991065979,1
0.7961414456367493,0.19237127900123596,0.3592185378074646,0.5256743431091309,-0.47787824273109436,0.4813196361064911,-0.5134493112564087,0.8040914535522461,0.1957223266363144,0.019978148862719536,0,0.7944884300231934,0.19307677447795868,0.3429001271724701,0.5245170593261719,-0.4774963855743408,0.4812713861465454,-0.5150309205055237,1
0.7960675954818726,0.19244885444641113,0.35716772079467773,0.5253434181213379,-0.47807419300079346,0.4815087616443634,-0.513428270816803,0.8040914535522461,0.1957223266363144,0.019978148862719536,0,0.794343888759613,0.1931467354297638,0.34080466628074646,0.5241701602935791,-0.4777096211910248,0.48147329688072205,-0.514997661113739,1
0.7959838509559631,0.19252543151378632,0.3551172614097595,0.5250124335289001,-0.47827020287513733,0.48169761896133423,-0.5134071111679077,0.8040914535522461,0.1957223266363144,0.019978148862719536,0,0.7941893339157104,0.19321531057357788,0.3387099802494049,0.5238229036331177,-0.4779227674007416,0.4816754162311554,-0.5149641633033752,1
0.7958900928497314,0.19260093569755554,0.3530670404434204,0.5246812105178833,-0.478466272354126,0.48188623785972595,-0.5133859515190125,0.8040914535522461,0.1957223266363144,0.019978148862719536,0,0.7940244078636169,0.1932830810546875,0.3366163372993469,0.5234759449958801,-0.4781358540058136,0.4818766117095947,-0.5149309039115906,1
0.7957864999771118,0.19267509877681732,0.35101717710494995,0.5243498682975769,-0.4786621630191803,0.48207467794418335,-0.5133649706840515,0.8040914535522461,0.1957223266363144,0.019978148862719536,0,0.7938492298126221,0.19334973394870758,0.33452361822128296,0.5231286287307739,-0.4783492684364319,0.4820776879787445,-0.5148975849151611,1
0.7956728935241699,0.19274850189685822,0.3489677906036377,0.5240184664726257,-0.4788582921028137,0.4822627604007721,-0.5133438110351562,0.8040914535522461,0.1957223266363144,0.019978148862719536,0,0.7936641573905945,0.19341497123241425,0.332431435585022,0.5227810740470886,-0.4785623848438263,0.4822787940502167,-0.5148641467094421,1
0.7955492734909058,0.19282081723213196,0.346919447183609,0.5236873030662537,-0.4790540933609009,0.48245030641555786,-0.5133228898048401,0.8040914535522461,0.1957223266363144,0.019978148862719536,0,0.7934685945510864,0.19347938895225525,0.33034080266952515,0.5224335789680481,-0.47877568006515503,0.4824792444705963,-0.5148307681083679,1
0.7954156398773193,0.19289180636405945,0.34487128257751465,0.5233557820320129,-0.4792499244213104,0.4826376736164093,-0.5133019685745239,0.8040914535522461,0.1957223266363144,0.019978148862719536,0,0.7932630181312561,0.1935427486896515,0.3282507359981537,0.5220860242843628,-0.4789888858795166,0.4826793968677521,-0.5147972702980042,1
0.7952722311019897,0.19296200573444366,0.34282365441322327,0.5230244398117065,-0.47944578528404236,0.48282477259635925,-0.5132810473442078,0.8040914535522461,0.1957223266363144,0.019978148862719536,0,0.7930471897125244,0.19360493123531342,0.32616186141967773,0.5217383503913879,-0.4792022109031677,0.48287931084632874,-0.5147637724876404,1
0.7951188087463379,0.19303111732006073,0.3407769799232483,0.5226927399635315,-0.4796416163444519,0.4830116033554077,-0.513260006904602,0.8040914535522461,0.1957223266363144,0.019978148862719536,0,0.7928214073181152,0.1936657428741455,0.32407453656196594,0.5213904976844788,-0.47941526770591736,0.4830789864063263,-0.5147305727005005,1
0.7949554324150085,0.19309920072555542,0.3387306332588196,0.5223610997200012,-0.4798375368118286,0.4831981360912323,-0.5132390856742859,0.8040914535522461,0.1957223266363144,0.019978148862719536,0,0.7925851941108704,0.19372570514678955,0.32198792695999146,0.5210424661636353,-0.47962862253189087,0.4832783639431,-0.5146969556808472,1
0.7947820425033569,0.1931658685207367,0.33668553829193115,0.5220292806625366,-0.4800333082675934,0.48338425159454346,-0.5132184028625488,0.8040914535522461,0.1957223266363144,0.019978148862719536,0,0.7923389673233032,0.19378453493118286,0.31990283727645874,0.5206945538520813,-0.47984182834625244,0.4834772050380707,-0.514663577079773,1
0.7945987582206726,0.19323180615901947,0.3346408009529114,0.5216972827911377,-0.48022928833961487,0.48357030749320984,-0.5131971836090088,0.8040914535522461,0.1957223266363144,0.019978148862719536,0,0.7920825481414795,0.19384197890758514,0.3178185820579529,0.5203461647033691,-0.4800553619861603,0.48367631435394287,-0.5146299004554749,1
0.7944055795669556,0.1932966113090515,0.3325974941253662,0.5213654637336731,-0.480425089597702,0.483755886554718,-0.5131763219833374,0.8040914535522461,0.1957223266363144,0.019978148862719536,0,0.791815996170044,0.19389855861663818,0.31573614478111267,0.5199978947639465,-0.4802684783935547,0.4838746190071106,-0.5145965218544006,1
0.794202446937561,0.19336006045341492,0.330554723739624,0.5210333466529846,-0.4806208610534668,0.48394134640693665,-0.5131554007530212,0.8040914535522461,0.1957223266363144,0.019978148862719536,0,0.7915392518043518,0.19395402073860168,0.3136548101902008,0.5196493864059448,-0.48048198223114014,0.4840729534626007,-0.5145627856254578,1
0.7939895391464233,0.19342273473739624,0.32851260900497437,0.520700991153717,-0.48081687092781067,0.4841267466545105,-0.5131343603134155,0.8040914535522461,0.1957223266363144,0.019978148862719536,0,0.7912524938583374,0.19400806725025177,0.31157517433166504,0.5193008780479431,-0.48069512844085693,0.48427072167396545,-0.5145294070243835,1
0.7937664985656738,0.19348430633544922,0.3264722228050232,0.5203689932823181,-0.48101264238357544,0.48431116342544556,-0.5131136775016785,0.8040914535522461,0.1957223266363144,0.019978148862719536,0,0.7909554243087769,0.19406120479106903,0.30949705839157104,0.5189523696899414,-0.48090851306915283,0.4844682812690735,-0.5144957900047302,1
0.7935336828231812,0.19354449212551117,0.32443293929100037,0.5200366377830505,-0.48120826482772827,0.48449569940567017,-0.5130928158760071,0.8040914535522461,0.1957223266363144,0.019978148862719536,0,0.7906484007835388,0.19411329925060272,0.3074204921722412,0.518603503704071,-0.48112189769744873,0.4846656322479248,-0.5144621729850769,1
0.7932910919189453,0.19360388815402985,0.32239416241645813,0.5197043418884277,-0.4814041554927826,0.48468002676963806,-0.5130718350410461,0.8040914535522461,0.1957223266363144,0.019978148862719536,0,0.7903313040733337,0.19416387379169464,0.3053455054759979,0.5182545185089111,-0.4813351333141327,0.4848625659942627,-0.5144287347793579,1
0.7930383086204529,0.19366218149662018,0.3203573524951935,0.5193721652030945,-0.48159974813461304,0.48486366868019104,-0.5130510926246643,0.8040914535522461,0.1957223266363144,0.019978148862719536,0,0.7900039553642273,0.1942136585712433,0.3032720685005188,0.5179057121276855,-0.4815484881401062,0.48505932092666626,-0.5143948197364807,1
0.7927758097648621,0.19371940195560455,0.31832122802734375,0.5190396308898926,-0.48179537057876587,0.4850473999977112,-0.5130302309989929,0.8040914535522461,0.1957223266363144,0.019978148862719536,1,0.7927758097648621,0.19371940195560455,0.31832122802734375,0.5190396308898926,-0.48179537057876587,0.4850473999977112,-0.5130302309989929,0
0.7926579713821411,0.19375106692314148,0.31697070598602295,0.518500030040741,-0.4823923110961914,0.4855005741119385,-0.5125859975814819,0.8040914535522461,0.1957223266363144,0.019978148862719536,1,0.7927758097648621,0.19371940195560455,0.31832122802734375,0.5190396308898926,-0.48179537057876587,0.4850473999977112,-0.5130302309989929,0
0.7926449179649353,0.19376887381076813,0.3164858818054199,0.5182071924209595,-0.48271432518959045,0.48575422167778015,-0.5123388171195984,0.8040914535522461,0.1957223266363144,0.019978148862719536,1,0.7927758097648621,0.19371940195560455,0.31832122802734375,0.5190396308898926,-0.48179537057876587,0.4850473999977112,-0.5130302309989929,0
0.7926363348960876,0.19377069175243378,0.31627941131591797,0.518073320388794,-0.48285767436027527,0.48587116599082947,-0.5122281312942505,0.8040914535522461,0.1957223266363144,0.019978148862719536,1,0.7927758097648621,0.19371940195560455,0.31832122802734375,0.5190396308898926,-0.48179537057876587,0.4850473999977112,-0.5130302309989929,0
0.7926250100135803,0.19376584887504578,0.3161641061306,0.5179879665374756,-0.4829457104206085,0.4859461188316345,-0.5121601819992065,0.8040914535522461,0.1957223266363144,0.019978148862719536,1,0.7927758097648621,0.19371940195560455,0.31832122802734375,0.5190396308898926,-0.48179537057876587,0.4850473999977112,-0.5130302309989929,0
0.7926135063171387,0.19375915825366974,0.31608450412750244,0.5179228186607361,-0.4830111563205719,0.48600342869758606,-0.51211017370224,0.8040914535522461,0.1957223266363144,0.019978148862719536,1,0.7927758097648621,0.19371940195560455,0.31832122802734375,0.5190396308898926,-0.48179537057876587,0.4850473999977112,-0.5130302309989929,0
0.7926027774810791,0.19375254213809967,0.3160201609134674,0.5178678035736084,-0.48306572437286377,0.4860518276691437,-0.5120682120323181,0.8040914535522461,0.1957223266363144,0.019978148862719536,1,0.7927758097648621,0.19371940195560455,0.31832122802734375,0.5190396308898926,-0.48179537057876587,0.4850473999977112,-0.5130302309989929,0
0.7925935983657837,0.19374637305736542,0.3159632980823517,0.5178192257881165,-0.48311397433280945,0.48609459400177,-0.5120313167572021,0.8040914535522461,0.1957223266363144,0.019978148862719536,1,0.7927758097648621,0.19371940195560455,0.31832122802734375,0.5190396308898926,-0.48179537057876587,0.4850473999977112,-0.5130302309989929,0
0.7925856709480286,0.19374096393585205,0.31591132283210754,0.5177754163742065,-0.48315733671188354,0.4861332178115845,-0.5119980573654175,0.8040914535522461,0.1957223266363144,0.019978148862719536,1,0.7927758097648621,0.19371940195560455,0.31832122802734375,0.5190396308898926,-0.48179537057876587,0.4850473999977112,-0.5130302309989929,0
0.7925789952278137,0.19373604655265808,0.3158632814884186,0.5177357196807861,-0.4831966757774353,0.48616835474967957,-0.5119678378105164,0.8040914535522461,0.1957223266363144,0.019978148862719536,1,0.7927758097648621,0.19371940195560455,0.31832122802734375,0.5190396308898926,-0.48179537057876587,0.4850473999977112,-0.5130302309989929,0
0.7925735116004944,0.19373147189617157,0.3158186078071594,0.5176994204521179,-0.48323264718055725,0.4862001836299896,-0.5119403004646301,0.8040914535522461,0.1957223266363144,0.019978148862719536,1,0.7927758097648621,0.19371940195560455,0.31832122802734375,0.5190396308898926,-0.48179537057876587,0.4850473999977112,-0.5130302309989929,0
0.792568564414978,0.19372758269309998,0.3157777190208435,0.5176665782928467,-0.48326513171195984,0.4862290918827057,-0.5119153261184692,0.8040914535522461,0.1957223266363144,0.019978148862719536,1,0.7927758097648621,0.19371940195560455,0.31832122802734375,0.5190396308898926,-0.48179537057876587,0.4850473999977112,-0.5130302309989929,0
0.7925644516944885,0.1937241107225418,0.31573963165283203,0.5176363587379456,-0.4832950532436371,0.4862555265426636,-0.5118924379348755,0.8040914535522461,0.1957223266363144,0.019978148862719536,1,0.7927758097648621,0.19371940195560455,0.31832122802734375,0.5190396308898926,-0.48179537057876587,0.4850473999977112,-0.5130302309989929,0
0.7925608158111572,0.1937209814786911,0.31570518016815186,0.5176092386245728,-0.48332199454307556,0.4862794578075409,-0.5118716955184937,0.8040914535522461,0.1957223266363144,0.019978148862719536,1,0.7927758097648621,0.19371940195560455,0.31832122802734375,0.5190396308898926,-0.48179537057876587,0.4850473999977112,-0.5130302309989929,0
0.7925577759742737,0.19371791183948517,0.3156735897064209,0.5175846815109253,-0.48334625363349915,0.4863012135028839,-0.5118530988693237,0.8040914535522461,0.1957223266363144,0.019978148862719536,1,0.7927758097648621,0.19371940195560455,0.31832122802734375,0.5190396308898926,-0.48179537057876587,0.4850473999977112,-0.5130302309989929,0
0.7925552129745483,0.19371551275253296,0.31564462184906006,0.5175625085830688,-0.483368456363678,0.48632070422172546,-0.5118359327316284,0.8040914535522461,0.1957223266363144,0.019978148862719536,1,0.7927758097648621,0.19371940195560455,0.31832122802734375,0.5190396308898926,-0.48179537057876587,0.4850473999977112,-0.5130302309989929,0
0.7925528287887573,0.19371312856674194,0.31561848521232605,0.5175422430038452,-0.4833885431289673,0.48633840680122375,-0.5118207335472107,0.8040914535522461,0.1957223266363144,0.019978148862719536,1,0.7927758097648621,0.19371940195560455,0.31832122802734375,0.5190396308898926,-0.48179537057876587,0.4850473999977112,-0.5130302309989929,0
0.7925508618354797,0.19371110200881958,0.3155949115753174,0.517524242401123,-0.4834063947200775,0.4863542914390564,-0.5118070244789124,0.8040914535522461,0.1957223266363144,0.019978148862719536,1,0.7927758097648621,0.19371940195560455,0.31832122802734375,0.5190396308898926,-0.48179537057876587,0.4850473999977112,-0.5130302309989929,0
0.7925490140914917,0.1937093585729599,0.3155733346939087,0.517507791519165,-0.4834226965904236,0.48636865615844727,-0.5117945075035095,0.8040914535522461,0.1957223266363144,0.019978148862719536,1,0.7927758097648621,0.19371940195560455,0.31832122802734375,0.5190396308898926,-0.48179537057876587,0.4850473999977112,-0.5130302309989929,0
0.792547345161438,0.193707674741745,0.31555408239364624,0.5174930095672607,-0.48343732953071594,0.4863816797733307,-0.5117831826210022,0.8040914535522461,0.1957223266363144,0.019978148862719536,1,0.7927758097648621,0.19371940195560455,0.31832122802734375,0.5190396308898926,-0.48179537057876587,0.4850473999977112,-0.5130302309989929,0
0.7925459146499634,0.19370633363723755,0.31553661823272705,0.5174797773361206,-0.4834505021572113,0.4863933324813843,-0.5117730498313904,0.8040914535522461,0.1957223266363144,0.019978148862719536,1,0.7927758097648621,0.19371940195560455,0.31832122802734375,0.5190396308898926,-0.48179537057876587,0.4850473999977112,-0.5130302309989929,0
0.7925446629524231,0.1937049776315689,0.31552058458328247,0.5174677968025208,-0.48346245288848877,0.4864040017127991,-0.511763870716095,0.8040914535522461,0.1957223266363144,0.019978148862719536,1,0.7927758097648621,0.19371940195560455,0.31832122802734375,0.5190396308898926,-0.48179537057876587,0.4850473999977112,-0.5130302309989929,0
0.7925435900688171,0.19370362162590027,0.3155063986778259,0.5174568295478821,-0.48347315192222595,0.48641347885131836,-0.511755645275116,0.8040914535522461,0.1957223266363144,0.019978148862719536,1,0.7927758097648621,0.19371940195560455,0.31832122802734375,0.5190396308898926,-0.48179537057876587,0.4850473999977112,-0.5130302309989929,0
0.7925427556037903,0.19370263814926147,0.3154933750629425,0.517447292804718,-0.4834827482700348,0.48642203211784363,-0.5117482542991638,0.8040914535522461,0.1957223266363144,0.019978148862719536,1,0.7927758097648621,0.19371940195560455,0.31832122802734375,0.5190396308898926,-0.48179537057876587,0.4850473999977112,-0.5130302309989929,0
0.7925417423248291,0.1937016248703003,0.315481960773468,0.5174384117126465,-0.4834915101528168,0.4864296615123749,-0.5117416977882385,0.8040914535522461,0.1957223266363144,0.019978148862719536,1,0.7927758097648621,0.19371940195560455,0.31832122802734375,0.5190396308898926,-0.48179537057876587,0.4850473999977112,-0.5130302309989929,0
0.7925409078598022,0.193700909614563,0.3154716193675995,0.51743084192276,-0.4834991991519928,0.48643630743026733,-0.5117356777191162,0.8040914535522461,0.1957223266363144,0.019978148862719536,1,0.7927758097648621,0.19371940195560455,0.31832122802734375,0.5190396308898926,-0.48179537057876587,0.4850473999977112,-0.5130302309989929,0
0.7925403118133545,0.19370023906230927,0.31546202301979065,0.5174237489700317,-0.48350635170936584,0.4864426255226135,-0.5117301344871521,0.8040914535522461,0.1957223266363144,0.019978148862719536,1,0.7927758097648621,0.19371940195560455,0.31832122802734375,0.5190396308898926,-0.48179537057876587,0.4850473999977112,-0.5130302309989929,0
0.7925395369529724,0.19369958341121674,0.31545382738113403,0.5174174904823303,-0.48351263999938965,0.4864480197429657,-0.5117254853248596,0.8040914535522461,0.1957223266363144,0.019978148862719536,1,0.7927758097648621,0.19371940195560455,0.31832122802734375,0.5190396308898926,-0.48179537057876587,0.4850473999977112,-0.5130302309989929,0
0.792539119720459,0.19369888305664062,0.3154461085796356,0.5174117684364319,-0.48351824283599854,0.48645323514938354,-0.5117210149765015,0.8040914535522461,0.1957223266363144,0.019978148862719536,1,0.7927758097648621,0.19371940195560455,0.31832122802734375,0.5190396308898926,-0.48179537057876587,0.4850473999977112,-0.5130302309989929,0
0.7925386428833008,0.1936982423067093,0.3154391050338745,0.5174065828323364,-0.48352333903312683,0.486457884311676,-0.5117170214653015,0.8040914535522461,0.1957223266363144,0.019978148862719536,1,0.7927758097648621,0.19371940195560455,0.31832122802734375,0.5190396308898926,-0.48179537057876587,0.4850473999977112,-0.5130302309989929,0
0.7925379872322083,0.19369786977767944,0.31543323397636414,0.5174020528793335,-0.48352792859077454,0.48646172881126404,-0.5117136240005493,0.8040914535522461,0.1957223266363144,0.019978148862719536,1,0.7925379872322083,0.19369786977767944,0.31543323397636414,0.5174020528793335,-0.48352792859077454,0.48646172881126404,-0.5117136240005493,0
0.7925134897232056,0.193693146109581,0.31524133682250977,0.5172931551933289,-0.48364120721817017,0.4865557551383972,-0.5116271376609802,0.8040914535522461,0.1957223266363144,0.019978148862719536,1,0.7928828597068787,0.19287613034248352,0.32316383719444275,0.5218437910079956,-0.48042890429496765,0.4836742579936981,-0.512763261795044,0
0.7925536036491394,0.19365505874156952,0.3154180347919464,0.5174325704574585,-0.4836735427379608,0.4865257740020752,-0.5114842057228088,0.8040914535522461,0.1957223266363144,0.019978148862719536,1,0.7931211590766907,0.19204317033290863,0.33090347051620483,0.5262629389762878,-0.47732922434806824,0.48084118962287903,-0.5138052105903625,0
0.7926647067070007,0.1935587227344513,0.31614357233047485,0.5179235935211182,-0.48348215222358704,0.4862886071205139,-0.5113935470581055,0.8040914535522461,0.1957223266363144,0.019978148862719536,1,0.7932531833648682,0.19119879603385925,0.3386507034301758,0.5306594371795654,-0.4742284417152405,0.4779624044895172,-0.5148394703865051,0
0.7928376793861389,0.1933976113796234,0.3174232244491577,0.5187605619430542,-0.4830508232116699,0.4858393669128418,-0.5113797783851624,0.8040914535522461,0.1957223266363144,0.019978148862719536,1,0.7932784557342529,0.1903439164161682,0.34640371799468994,0.5350329875946045,-0.4711267948150635,0.475038081407547,-0.5158662796020508,0
0.7930625677108765,0.19317246973514557,0.31921833753585815,0.5199154615402222,-0.48239317536354065,0.48519080877304077,-0.5114434957504272,0.8040914535522461,0.1957223266363144,0.019978148862719536,1,0.7931970953941345,0.18947824835777283,0.3541609048843384,0.5393826365470886,-0.4680247902870178,0.472068727016449,-0.5168851613998413,0
0.7933291792869568,0.19288724660873413,0.3214806318283081,0.5213562250137329,-0.4815298020839691,0.4843595027923584,-0.5115784406661987,0.8040914535522461,0.1957223266363144,0.019978148862719536,1,0.7930088043212891,0.18860270082950592,0.3619210422039032,0.5437085032463074,-0.46492207050323486,0.46905407309532166,-0.5178963541984558,0
0.7936274409294128,0.19254758954048157,0.3241613507270813,0.5230522751808167,-0.4804825186729431,0.4833609163761139,-0.5117762684822083,0.8040914535522461,0.1957223266363144,0.019978148862719536,1,0.7927135825157166,0.1877172291278839,0.36968231201171875,0.548009991645813,-0.4618191123008728,0.4659944474697113,-0.5188999772071838,0
0.7939480543136597,0.19215735793113708,0.3272151052951813,0.5249752402305603,-0.4792710840702057,0.4822098910808563,-0.5120290517807007,0.8040914535522461,0.1957223266363144,0.019978148862719536,1,0.7923114895820618,0.18682235479354858,0.37744301557540894,0.5522870421409607,-0.4587160646915436,0.4628899395465851,-0.5198955535888672,0
0.794277548789978,0.19172073900699615,0.3306090235710144,0.5271003842353821,-0.47791290283203125,0.4809180498123169,-0.5123300552368164,0.8040914535522461,0.1957223266363144,0.019978148862719536,1,0.7918023467063904,0.18591804802417755,0.38520199060440063,0.5565388202667236,-0.45561283826828003,0.45974084734916687,-0.5208835601806641,0
0.7945969104766846,0.19123892486095428,0.33433353900909424,0.5294108390808105,-0.47641634941101074,0.4794911742210388,-0.5126791000366211,0.8040914535522461,0.1957223266363144,0.019978148862719536,1,0.7911859750747681,0.18500523269176483,0.3929569125175476,0.5607651472091675,-0.4525100886821747,0.45654743909835815,-0.5218634009361267,0
0.7948830723762512,0.19071409106254578,0.33840298652648926,0.5319005846977234,-0.47478002309799194,0.47792524099349976,-0.5130820274353027,0.8040914535522461,0.1957223266363144,0.019978148862719536,1,0.7904629111289978,0.1840839833021164,0.40070685744285583,0.5649659633636475,-0.4494074881076813,0.45330923795700073,-0.5228354334831238,0
0.7951172590255737,0.19014833867549896,0.34282535314559937,0.5345633029937744,-0.47300300002098083,0.47621673345565796,-0.5135444402694702,0.8040914535522461,0.1957223266363144,0.019978148862719536,1,0.7896326780319214,0.18315428495407104,0.40845075249671936,0.5691406726837158,-0.4463050067424774,0.4500270187854767,-0.5237999558448792,0
0.7952877283096313,0.18954548239707947,0.34758761525154114,0.5373888611793518,-0.4710901379585266,0.4743666648864746,-0.5140656232833862,0.8040914535522461,0.1957223266363144,0.019978148862719536,1,0.7886955738067627,0.1822170913219452,0.4161858856678009,0.5732888579368591,-0.44320324063301086,0.4467006027698517,-0.5247563719749451,0
0.7953866720199585,0.18890886008739471,0.3526664674282074,0.540362536907196,-0.46905067563056946,0.4723797142505646,-0.514642596244812,0.8040914535522461,0.1957223266363144,0.019978148862719536,1,0.7876516580581665,0.18127219378948212,0.4239111542701721,0.5774099230766296,-0.4401022791862488,0.4433306157588959,-0.5257048606872559,0
0.7954075932502747,0.1882413774728775,0.35803571343421936,0.5434693098068237,-0.4668956696987152,0.470262348651886,-0.5152695775032043,0.8040914535522461,0.1957223266363144,0.019978148862719536,1,0.786500871181488,0.18032047152519226,0.4316251277923584,0.5815041065216064,-0.43700215220451355,0.4399167597293854,-0.5266453623771667,0
0.795345664024353,0.18754567205905914,0.36366668343544006,0.5466930866241455,-0.4646361172199249,0.46802201867103577,-0.5159410238265991,0.8040914535522461,0.1957223266363144,0.019978148862719536,1,0.785243570804596,0.1793617159128189,0.4393264353275299,0.5855704545974731,-0.4339028298854828,0.4364592730998993,-0.5275782346725464,0
0.7951964735984802,0.18682336807250977,0.36953258514404297,0.5500193238258362,-0.4622828960418701,0.4656657874584198,-0.5166512131690979,0.8040914535522461,0.1957223266363144,0.019978148862719536,1,0.7838797569274902,0.17839688062667847,0.44701308012008667,0.5896092653274536,-0.43080469965934753,0.4329584240913391,-0.5285027027130127,0
0.7949568629264832,0.18607668578624725,0.3756076693534851,0.5534342527389526,-0.45984625816345215,0.4632006585597992,-0.5173943638801575,0.8040914535522461,0.1957223266363144,0.019978148862719536,1,0.7824099063873291,0.17742572724819183,0.45468342304229736,0.5936192870140076,-0.4277079403400421,0.42941442131996155,-0.5294197201728821,0
0.7946231961250305,0.18530772626399994,0.3818691670894623,0.5569254159927368,-0.45733508467674255,0.4606327414512634,-0.5181660652160645,0.8040914535522461,0.1957223266363144,0.019978148862719536,1,0.7808337211608887,0.17644916474819183,0.4623364508152008,0.5976011157035828,-0.4246124029159546,0.425827294588089,-0.5303283333778381,0
0.7941932082176208,0.18451741337776184,0.3882959485054016,0.5604817271232605,-0.4547573924064636,0.45796775817871094,-0.5189617872238159,0.8040914535522461,0.1957223266363144,0.019978148862719536,1,0.7791519165039062,0.17546698451042175,0.46997013688087463,0.6015535593032837,-0.42151856422424316,0.42219778895378113,-0.5312291383743286,0
0.7936646938323975,0.18370768427848816,0.3948679268360138,0.5640926361083984,-0.4521212577819824,0.45521125197410583,-0.5197774171829224,0.8040914535522461,0.1957223266363144,0.019978148862719536,1,0.7773646116256714,0.1744801253080368,0.47758281230926514,0.6054767966270447,-0.4184264540672302,0.41852566599845886,-0.5321215391159058,0
0.7930355072021484,0.18287929892539978,0.40156853199005127,0.5677490830421448,-0.4494325518608093,0.45236751437187195,-0.5206100940704346,0.8040914535522461,0.1957223266363144,0.019978148862719536,1,0.7754719257354736,0.17348836362361908,0.48517391085624695,0.6093704104423523,-0.4153360426425934,0.41481080651283264,-0.5330062508583069,0
0.7923040390014648,0.1820342242717743,0.40838128328323364,0.5714428424835205,-0.44669783115386963,0.4494415521621704,-0.5214559435844421,0.8040914535522461,0.1957223266363144,0.019978148862719536,1,0.7734741568565369,0.1724926382303238,0.4927409887313843,0.6132341027259827,-0.4122474491596222,0.41105377674102783,-0.5338826775550842,0
0.791469156742096,0.18117323517799377,0.4152919054031372,0.575166642665863,-0.44392237067222595,0.44643670320510864,-0.5223125219345093,0.8040914535522461,0.1957223266363144,0.019978148862719536,1,0.7713720798492432,0.17149274051189423,0.5002820491790771,0.6170668005943298,-0.4091615080833435,0.40725529193878174,-0.5347508192062378,0
0.7905294299125671,0.18029755353927612,0.42228803038597107,0.5789140462875366,-0.44111040234565735,0.4433566927909851,-0.5231778025627136,0.8040914535522461,0.1957223266363144,0.019978148862719536,1,0.7691651582717896,0.17048951983451843,0.5077969431877136,0.6208692193031311,-0.40607765316963196,0.4034144878387451,-0.5356107950210571,0
0.7894838452339172,0.1794082522392273,0.4293579161167145,0.5826788544654846,-0.43826642632484436,0.4402044117450714,-0.5240494012832642,0.8040914535522461,0.1957223266363144,0.019978148862719536,1,0.7668547630310059,0.16948288679122925,0.5152833461761475,0.6246402263641357,-0.4029960334300995,0.399532288312912,-0.5364630222320557,0
0.7883321046829224,0.178506001830101,0.43648970127105713,0.5864556431770325,-0.43539461493492126,0.43698349595069885,-0.5249252915382385,0.8040914535522461,0.1957223266363144,0.019978148862719536,1,0.7644405364990234,0.16847369074821472,0.5227400064468384,0.6283800601959229,-0.39991703629493713,0.39560872316360474,-0.5373066663742065,0
0.7870730757713318,0.17759190499782562,0.4436756670475006,0.5902401208877563,-0.43249770998954773,0.433695524930954,-0.5258045792579651,0.8040914535522461,0.1957223266363144,0.019978148862719536,1,0.7619234323501587,0.1674620658159256,0.5301647186279297,0.6320880651473999,-0.396840900182724,0.3916440010070801,-0.5381420254707336,0
0.7857070565223694,0.17666664719581604,0.4509055018424988,0.594027578830719,-0.4295789301395416,0.43034401535987854,-0.5266851186752319,0.8040914535522461,0.1957223266363144,0.019978148862719536,1,0.759303629398346,0.16644801199436188,0.5375566482543945,0.6357637643814087,-0.39376747608184814,0.3876386880874634,-0.5389691591262817,0
0.7842329144477844,0.17573140561580658,0.45817235112190247,0.5978145599365234,-0.42664095759391785,0.4269300103187561,-0.527566134929657,0.8040914535522461,0.1957223266363144,0.019978148862719536,1,0.7565814256668091,0.16543246805667877,0.5449146032333374,0.6394071578979492,-0.3906968832015991,0.383592426776886,-0.5397880673408508,0
0.7826510667800903,0.17478688061237335,0.4654678404331207,0.6015973687171936,-0.4236862361431122,0.4234564006328583,-0.5284459590911865,0.8040914535522461,0.1957223266363144,0.019978148862719536,1,0.7537579536437988,0.16441531479358673,0.552236020565033,0.6430176496505737,-0.3876296281814575,0.3795059323310852,-0.5405985713005066,0
0.780961275100708,0.17383335530757904,0.47278615832328796,0.605372965335846,-0.42071694135665894,0.4199245870113373,-0.5293241739273071,0.8040914535522461,0.1957223266363144,0.019978148862719536,1,0.7508329153060913,0.16339735686779022,0.5595203638076782,0.6465951204299927,-0.38456547260284424,0.37537920475006104,-0.5414006114006042,0
0.7791633009910583,0.17287211120128632,0.4801211357116699,0.6091387867927551,-0.41773468255996704,0.41633597016334534,-0.5301998853683472,0.8040914535522461,0.1957223266363144,0.019978148862719536,1,0.7478072047233582,0.16237841546535492,0.5667662024497986,0.6501390933990479,-0.3815045654773712,0.3712122440338135,-0.5421944260597229,0
0.7772576212882996,0.17190350592136383,0.48746687173843384,0.6128918528556824,-0.41474175453186035,0.41269245743751526,-0.5310722589492798,0.8040914535522461,0.1957223266363144,0.019978148862719536,1,0.7446815967559814,0.16135947406291962,0.5739710330963135,0.653649091720581,-0.37844741344451904,0.36700597405433655,-0.5429795980453491,0
0.7752442955970764,0.1709281951189041,0.4948183298110962,0.6166302561759949,-0.4117390811443329,0.408995121717453,-0.5319406986236572,0.8040914535522461,0.1957223266363144,0.019978148862719536,1,0.7414562106132507,0.16034027934074402,0.5811344981193542,0.6571249961853027,-0.375393807888031,0.3627600073814392,-0.5437566637992859,0
0.7731234431266785,0.16994687914848328,0.5021706223487854,0.6203515529632568,-0.40872839093208313,0.4052455723285675,-0.5328047275543213,0.8040914535522461,0.1957223266363144,0.019978148862719536,1,0.7381319999694824,0.15932172536849976,0.5882547497749329,0.6605666279792786,-0.37234416604042053,0.3584746718406677,-0.5445249080657959,0
0.77089524269104,0.1689598560333252,0.5095199346542358,0.6240542531013489,-0.4057108461856842,0.4014447331428528,-0.5336637496948242,0.8040914535522461,0.1957223266363144,0.019978148862719536,1,0.7347095012664795,0.1583036333322525,0.5953301787376404,0.663973331451416,-0.3692983090877533,0.354150652885437,-0.5452846884727478,0
0.768560528755188,0.16796842217445374,0.5168613195419312,0.6277366876602173,-0.40268760919570923,0.3975936770439148,-0.534517228603363,0.8040914535522461,0.1957223266363144,0.019978148862719536,1,0.7311895489692688,0.15728691220283508,0.6023594737052917,0.6673448085784912,-0.3662565350532532,0.3497880697250366,-0.5460359454154968,0
0.7661192417144775,0.16697238385677338,0.5241914987564087,0.6313968300819397,-0.39965951442718506,0.39369362592697144,-0.5353648066520691,0.8040914535522461,0.1957223266363144,0.019978148862719536,1,0.727572500705719,0.15627135336399078,0.6093412041664124,0.6706808805465698,-0.3632192015647888,0.3453868627548218,-0.5467785596847534,0
0.7635720372200012,0.16597241163253784,0.5315068364143372,0.6350337862968445,-0.3966275155544281,0.3897451162338257,-0.5362066030502319,0.8040914535522461,0.1957223266363144,0.019978148862719536,1,0.7238589525222778,0.15525788068771362,0.616274356842041,0.6739814281463623,-0.3601858913898468,0.3409472405910492,-0.5475126504898071,0
0.7609189748764038,0.16496944427490234,0.538804292678833,0.638646125793457,-0.39359232783317566,0.38574904203414917,-0.5370416641235352,0.8040914535522461,0.1957223266363144,0.019978148862719536,1,0.7200499773025513,0.15424621105194092,0.6231570243835449,0.6772456169128418,-0.35715705156326294,0.33646994829177856,-0.5482380986213684,0
0.7581613063812256,0.16396360099315643,0.5460799336433411,0.6422322988510132,-0.39055511355400085,0.381706565618515,-0.5378701686859131,0.8040914535522461,0.1957223266363144,0.019978148862719536,1,0.7161462306976318,0.15323731303215027,0.6299879550933838,0.6804735660552979,-0.3541330099105835,0.33195486664772034,-0.5489547848701477,0
0.7552987337112427,0.16295546293258667,0.5533320307731628,0.6457919478416443,-0.38751596212387085,0.3776179254055023,-0.5386917591094971,0.8040914535522461,0.1957223266363144,0.019978148862719536,1,0.7121482491493225,0.15223097801208496,0.6367658376693726,0.6836646795272827,-0.35111358761787415,0.32740265130996704,-0.5496628284454346,0
0.7523322701454163,0.16194579005241394,0.5605568289756775,0.6493237018585205,-0.38447582721710205,0.37348413467407227,-0.5395059585571289,0.8040914535522461,0.1957223266363144,0.019978148862719536,1,0.708057165145874,0.15122807025909424,0.6434893012046814,0.6868187785148621,-0.34809911251068115,0.3228132128715515,-0.5503621697425842,0
0.7492625117301941,0.16093429923057556,0.5677520036697388,0.6528261303901672,-0.3814353048801422,0.36930587887763977,-0.5403130054473877,0.8040914535522461,0.1957223266363144,0.019978148862719536,1,0.7038732767105103,0.15022839605808258,0.6501569747924805,0.6899356842041016,-0.34508946537971497,0.31818681955337524,-0.5510526299476624,0
0.7460899949073792,0.15992231667041779,0.5749150514602661,0.6562990546226501,-0.3783949315547943,0.3650835156440735,-0.5411125421524048,0.8040914535522461,0.1957223266363144,0.019978148862719536,1,0.6995977163314819,0.14923283457756042,0.6567676663398743,0.693014919757843,-0.34208500385284424,0.31352391839027405,-0.5517343878746033,0
0.7428152561187744,0.15890955924987793,0.5820435881614685,0.6597413420677185,-0.3753550946712494,0.36081787943840027,-0.5419044494628906,0.8040914535522461,0.1957223266363144,0.019978148862719536,1,0.6952317357063293,0.14824146032333374,0.66331946849823,0.6960561871528625,-0.3390860855579376,0.30882489681243896,-0.5524069666862488,0
0.7394392490386963,0.15789702534675598,0.5891353487968445,0.6631520986557007,-0.3723161518573761,0.3565095067024231,-0.5426886081695557,0.8040914535522461,0.1957223266363144,0.019978148862719536,1,0.6907755136489868,0.14725430309772491,0.6698117256164551,0.6990591883659363,-0.3360922634601593,0.3040899932384491,-0.5530709028244019,0
0.7359622716903687,0.15688475966453552,0.5961882472038269,0.6665308475494385,-0.36927852034568787,0.35215866565704346,-0.5434648990631104,0.8040914535522461,0.1957223266363144,0.019978148862719536,1,0.6862303018569946,0.14627224206924438,0.6762427091598511,0.7020236849784851,-0.33310407400131226,0.29931938648223877,-0.5537257790565491,0
0.7323850989341736,0.15587343275547028,0.6032002568244934,0.6698772311210632,-0.36624252796173096,0.34776580333709717,-0.5442330837249756,0.8040914535522461,0.1957223266363144,0.019978148862719536,1,0.6815967559814453,0.14529509842395782,0.6826116442680359,0.7049493789672852,-0.3301214277744293,0.2945133149623871,-0.55437171459198,0
0.7287087440490723,0.15486310422420502,0.6101692914962769,0.6731900572776794,-0.3632083535194397,0.3433319628238678,-0.5449934005737305,0.8040914535522461,0.1957223266363144,0.019978148862719536,1,0.6768763065338135,0.1443237066268921,0.6889165043830872,0.7078359127044678,-0.3271447718143463,0.2896723747253418,-0.5550084710121155,0
0.7249339818954468,0.15385474264621735,0.6170928478240967,0.6764689683914185,-0.3601769506931305,0.338856965303421,-0.5457454323768616,0.8040914535522461,0.1957223266363144,0.019978148862719536,1,0.6720690131187439,0.14335787296295166,0.6951569318771362,0.7106829881668091,-0.3241737186908722,0.28479647636413574,-0.5556365251541138,0
0.7210609316825867,0.15284809470176697,0.6239700317382812,0.6797133088111877,-0.3571479022502899,0.33434197306632996,-0.5464891791343689,0.8040914535522461,0.1957223266363144,0.019978148862719536,1,0.6671765446662903,0.1423983871936798,0.7013311386108398,0.7134904861450195,-0.3212088942527771,0.27988603711128235,-0.5562551617622375,0
0.7170910239219666,0.1518440693616867,0.6307982802391052,0.6829226613044739,-0.35412201285362244,0.3297867178916931,-0.5472246408462524,0.8040914535522461,0.1957223266363144,0.019978148862719536,1,0.6622000336647034,0.14144548773765564,0.7074373960494995,0.7162577509880066,-0.31825047731399536,0.2749418318271637,-0.5568647980690002,0
0.7130247354507446,0.150842547416687,0.6375764608383179,0.6860966086387634,-0.35109877586364746,0.3251919448375702,-0.5479518175125122,0.8040914535522461,0.1957223266363144,0.019978148862719536,1,0.6571397185325623,0.14049923419952393,0.7134755253791809,0.7189847826957703,-0.31529802083969116,0.2699635326862335,-0.5574652552604675,0
0.7088630199432373,0.14984461665153503,0.6443023085594177,0.6892346143722534,-0.3480793237686157,0.3205576539039612,-0.5486702919006348,0.8040914535522461,0.1957223266363144,0.019978148862719536,1,0.6519972085952759,0.1395597755908966,0.7194438576698303,0.7216713428497314,-0.3123520314693451,0.26495182514190674,-0.5580565929412842,0
0.7046065926551819,0.14884985983371735,0.6509743928909302,0.6923359632492065,-0.3450635075569153,0.31588509678840637,-0.5493802428245544,0.8040914535522461,0.1957223266363144,0.019978148862719536,1,0.6467735171318054,0.13862799108028412,0.7253409028053284,0.7243170142173767,-0.3094125986099243,0.25990691781044006,-0.5586384534835815,0
0.7002562284469604,0.1478591114282608,0.6575912237167358,0.6954004764556885,-0.34205129742622375,0.3111739158630371,-0.5500816702842712,0.8040914535522461,0.1957223266363144,0.019978148862719536,1,0.6414694786071777,0.13770361244678497,0.731165885925293,0.7269214391708374,-0.30647987127304077,0.25482943654060364,-0.559211254119873,0
0.6958133578300476,0.14687278866767883,0.6641508340835571,0.6984275579452515,-0.3390434980392456,0.30642449855804443,-0.550774335861206,0.8040914535522461,0.1957223266363144,0.019978148862719536,1,0.6360859274864197,0.13678747415542603,0.7369178533554077,0.7294847369194031,-0.30355367064476013,0.24971862137317657,-0.55977463722229,0
0.691278338432312,0.14589090645313263,0.670651912689209,0.7014170289039612,-0.33603978157043457,0.30163776874542236,-0.5514581203460693,0.8040914535522461,0.1957223266363144,0.019978148862719536,1,0.6306242942810059,0.13587933778762817,0.742595374584198,0.7320061922073364,-0.30063438415527344,0.24457582831382751,-0.5603289008140564,0
0.6866523623466492,0.14491410553455353,0.6770926117897034,0.704367995262146,-0.3330407738685608,0.29681387543678284,-0.5521330833435059,0.8040914535522461,0.1957223266363144,0.019978148862719536,1,0.6250861287117004,0.13498002290725708,0.7481968402862549,0.7344857454299927,-0.29772254824638367,0.23940134048461914,-0.5608733296394348,0
0.6819359660148621,0.1439426988363266,0.6834722757339478,0.707280695438385,-0.3300461173057556,0.29195263981819153,-0.5527992844581604,0.8040914535522461,0.1957223266363144,0.019978148862719536,1,0.6194717884063721,0.13408932089805603,0.7537219524383545,0.7369229793548584,-0.2948176860809326,0.2341952621936798,-0.5614085793495178,0
0.6771305203437805,0.1429767608642578,0.6897885799407959,0.7101542949676514,-0.3270564079284668,0.28705525398254395,-0.5534566044807434,0.8040914535522461,0.1957223266363144,0.019978148862719536,1,0.6137826442718506,0.13320793211460114,0.7591693997383118,0.739317774772644,-0.29191991686820984,0.22895796597003937,-0.5619342923164368,0
0.672236979007721,0.14201723039150238,0.6960402131080627,0.712988555431366,-0.3240717649459839,0.2821216881275177,-0.554104745388031,0.8040914535522461,0.1957223266363144,0.019978148862719536,1,0.6080204248428345,0.13233600556850433,0.7645375728607178,0.7416698932647705,-0.2890298366546631,0.2236897349357605,-0.5624502301216125,0
0.6672561764717102,0.14106374979019165,0.7022261619567871,0.7157829999923706,-0.3210923969745636,0.27715224027633667,-0.5547440052032471,0.8040914535522461,0.1957223266363144,0.019978148862719536,1,0.6021851301193237,0.13147351145744324,0.7698262929916382,0.7439787983894348,-0.28614699840545654,0.21839094161987305,-0.5629571080207825,0
0.6621890068054199,0.14011695981025696,0.7083449363708496,0.7185375094413757,-0.31811806559562683,0.27214744687080383,-0.5553742051124573,0.8040914535522461,0.1957223266363144,0.019978148862719536,1,0.5962787866592407,0.13062117993831635,0.7750340700149536,0.7462446689605713,-0.2832717299461365,0.2130618840456009,-0.5634541511535645,0
0.6570367813110352,0.13917720317840576,0.7143950462341309,0.7212514877319336,-0.3151494562625885,0.2671072781085968,-0.5559952855110168,0.8040914535522461,0.1957223266363144,0.019978148862719536,1,0.5903027057647705,0.1297788769006729,0.7801596522331238,0.748466968536377,-0.280404269695282,0.20770302414894104,-0.5639415383338928,0
0.6518006920814514,0.13824480772018433,0.7203748822212219,0.7239247560501099,-0.31218644976615906,0.26203280687332153,-0.5566068291664124,0.8040914535522461,0.1957223266363144,0.019978148862719536,1,0.5842579007148743,0.12894724309444427,0.7852022647857666,0.7506453990936279,-0.2775448262691498,0.20231497287750244,-0.5644190311431885,0
0.6464810371398926,0.13731978833675385,0.7262841463088989,0.7265569567680359,-0.3092290759086609,0.25692373514175415,-0.5572095513343811,0.8040914535522461,0.1957223266363144,0.019978148862719536,1,0.5781453847885132,0.1281260997056961,0.7901610732078552,0.7527799606323242,-0.2746930718421936,0.19689764082431793,-0.5648869872093201,0
0.6410795450210571,0.13640299439430237,0.7321204543113708,0.7291476726531982,-0.30627793073654175,0.2517804205417633,-0.5578028559684753,0.8040914535522461,0.1957223266363144,0.019978148862719536,1,0.5719664096832275,0.1273161768913269,0.7950351238250732,0.7548702359199524,-0.27184954285621643,0.19145125150680542,-0.565345048904419,0
0.6355975270271301,0.13549447059631348,0.737882673740387,0.7316966652870178,-0.3033328950405121,0.24660371243953705,-0.5583866238594055,0.8040914535522461,0.1957223266363144,0.019978148862719536,1,0.5657229423522949,0.12651726603507996,0.7998229265213013,0.7569160461425781,-0.2690141201019287,0.1859767884016037,-0.5657933354377747,0
0.6300352811813354,0.13459421694278717,0.7435704469680786,0.7342036366462708,-0.30039387941360474,0.24139350652694702,-0.5589612126350403,0.8040914535522461,0.1957223266363144,0.019978148862719536,1,0.5594154596328735,0.12573003768920898,0.804524302482605,0.7589170336723328,-0.2661871910095215,0.18047396838665009,-0.5662316679954529,0
0.6243948340415955,0.1337030977010727,0.7491816282272339,0.7366679906845093,-0.297461599111557,0.2361505776643753,-0.5595262050628662,0.8040914535522461,0.1957223266363144,0.019978148862719536,1,0.5530456900596619,0.12495430558919907,0.809137761592865,0.7608731389045715,-0.26336848735809326,0.17494367063045502,-0.5666600465774536,0
0.6186766624450684,0.13282087445259094,0.7547154426574707,0.7390899062156677,-0.2945356070995331,0.23087477684020996,-0.5600817799568176,0.8040914535522461,0.1957223266363144,0.019978148862719536,1,0.5466148257255554,0.12419071048498154,0.8136626482009888,0.7627840042114258,-0.2605583667755127,0.16938582062721252,-0.567078709602356,0
0.6128824353218079,0.1319483369588852,0.7601704597473145,0.741468608379364,-0.2916165888309479,0.22556716203689575,-0.5606276392936707,0.8040914535522461,0.1957223266363144,0.019978148862719536,1,0.5401241779327393,0.12343906611204147,0.8180981874465942,0.7646495699882507,-0.2577568292617798,0.16380099952220917,-0.5674871802330017,0
0.6070128083229065,0.13108547031879425,0.7655460238456726,0.7438041567802429,-0.28870415687561035,0.22022755444049835,-0.5611640214920044,0.8040914535522461,0.1957223266363144,0.019978148862719536,1,0.5333009958267212,0.12266936898231506,0.822622537612915,0.7665441632270813,-0.25484779477119446,0.1579553633928299,-0.5679019689559937,0
0.6010589003562927,0.13023021817207336,0.7708495855331421,0.7461023330688477,-0.2857948839664459,0.21484410762786865,-0.5616890788078308,0.8040914535522461,0.1957223266363144,0.019978148862719536,1,0.5264159440994263,0.12191354483366013,0.8270478248596191,0.7683889269828796,-0.2519487142562866,0.15208123624324799,-0.5683057308197021,0
0.5950151085853577,0.12938198447227478,0.7760852575302124,0.7483632564544678,-0.28288522362709045,0.2094133049249649,-0.5622049570083618,0.8040914535522461,0.1957223266363144,0.019978148862719536,1,0.5194706916809082,0.12117143720388412,0.8313732743263245,0.7701838612556458,-0.24905912578105927,0.14617937803268433,-0.568698525428772,0
0.5888801217079163,0.12854154407978058,0.7812528014183044,0.7505866289138794,-0.2799735367298126,0.20393407344818115,-0.5627124309539795,0.8040914535522461,0.1957223266363144,0.019978148862719536,1,0.5124667882919312,0.12044347077608109,0.8355981111526489,0.7719281911849976,-0.24617965519428253,0.14024992287158966,-0.5690802335739136,0
0.5826535224914551,0.127709299325943,0.7863510847091675,0.7527714967727661,-0.27705976366996765,0.1984064131975174,-0.5632120370864868,0.8040914535522461,0.1957223266363144,0.019978148862719536,1,0.5054054260253906,0.11972986906766891,0.8397213220596313,0.7736221551895142,-0.24330973625183105,0.1342930942773819,-0.5694510340690613,0
0.5763369798660278,0.1268860548734665,0.7913774847984314,0.7549166083335876,-0.2741442322731018,0.1928311586380005,-0.5637037754058838,0.8040914535522461,0.1957223266363144,0.019978148862719536,1,0.4982883632183075,0.11903086304664612,0.8437423706054688,0.7752653360366821,-0.24045012891292572,0.12830953299999237,-0.5698105692863464,0
0.5699326992034912,0.1260722279548645,0.7963289618492126,0.7570207118988037,-0.27122822403907776,0.18721002340316772,-0.5641871690750122,0.8040914535522461,0.1957223266363144,0.019978148862719536,1,0.49111777544021606,0.11834665387868881,0.8476598262786865,0.7768574357032776,-0.23760056495666504,0.12229987978935242,-0.5701588988304138,0
0.5634427666664124,0.1252688467502594,0.8012028336524963,0.759083092212677,-0.2683122754096985,0.1815444827079773,-0.5646617412567139,0.8040914535522461,0.1957223266363144,0.019978148862719536,1,0.48389434814453125,0.11767744272947311,0.8514733910560608,0.778398334980011,-0.23476150631904602,0.11626414954662323,-0.5704960227012634,0
0.5568697452545166,0.1244761124253273,0.8059961199760437,0.7611023187637329,-0.2653972804546356,0.17583563923835754,-0.5651276707649231,0.8040914535522461,0.1957223266363144,0.019978148862719536,1,0.4766206443309784,0.11702362447977066,0.8551821112632751,0.779887855052948,-0.23193302750587463,0.11020355671644211,-0.5708214044570923,0
0.5502163171768188,0.12369478493928909,0.8107056617736816,0.7630776762962341,-0.26248446106910706,0.17008547484874725,-0.5655840635299683,0.8040914535522461,0.1957223266363144,0.019978148862719536,1,0.46929728984832764,0.11638498306274414,0.8587855100631714,0.7813255786895752,-0.22911480069160461,0.10411723703145981,-0.571135938167572,0
0.5434848666191101,0.1229250356554985,0.8153296113014221,0.7650076746940613,-0.25957438349723816,0.16429534554481506,-0.5660311579704285,0.8040914535522461,0.1957223266363144,0.019978148862719536,1,0.4619268774986267,0.11576192826032639,0.862282395362854,0.782711386680603,-0.22630736231803894,0.0980069488286972,-0.5714388489723206,0
0.5366780161857605,0.12216738611459732,0.819864809513092,0.76689213514328,-0.25666797161102295,0.158466637134552,-0.566468358039856,0.8040914535522461,0.1957223266363144,0.019978148862719536,1,0.45451048016548157,0.11515463143587112,0.8656726479530334,0.7840452790260315,-0.22351063787937164,0.09187256544828415,-0.5717302560806274,0
0.5297980308532715,0.1214224174618721,0.8243094086647034,0.7687296867370605,-0.2537657618522644,0.15260055661201477,-0.5668955445289612,0.8040914535522461,0.1957223266363144,0.019978148862719536,1,0.44704997539520264,0.11456325650215149,0.8689550757408142,0.7853267788887024,-0.22072471678256989,0.08571435511112213,-0.5720100998878479,0
0.5228480100631714,0.12069040536880493,0.828660786151886,0.7705200910568237,-0.2508689761161804,0.14669862389564514,-0.5673121809959412,0.8040914535522461,0.1957223266363144,0.019978148862719536,1,0.4395468235015869,0.11398793756961823,0.8721293807029724,0.7865555882453918,-0.21794980764389038,0.07953334599733353,-0.5722784996032715,0
0.5158292651176453,0.1199718564748764,0.8329177498817444,0.7722622156143188,-0.24797743558883667,0.14076130092144012,-0.5677185654640198,0.8040914535522461,0.1957223266363144,0.019978148862719536,1,0.4320034384727478,0.11342886835336685,0.8751947283744812,0.7877316474914551,-0.215186208486557,0.07332976907491684,-0.5725350975990295,0
0.5087447166442871,0.11926665902137756,0.8370779156684875,0.7739555835723877,-0.24509207904338837,0.13479052484035492,-0.5681143999099731,0.8040914535522461,0.1957223266363144,0.019978148862719536,1,0.42442041635513306,0.11288619041442871,0.8781507611274719,0.7888547778129578,-0.21243347227573395,0.06710387021303177,-0.5727800726890564,0
0.5015968680381775,0.11857568472623825,0.8411396145820618,0.7755997180938721,-0.24221371114253998,0.12878696620464325,-0.5684993267059326,0.8040914535522461,0.1957223266363144,0.019978148862719536,1,0.41680052876472473,0.11236018687486649,0.8809966444969177,0.7899249196052551,-0.20969238877296448,0.060856323689222336,-0.5730131268501282,0
0.49438753724098206,0.11789898574352264,0.8451014757156372,0.7771939635276794,-0.2393425852060318,0.12275151908397675,-0.5688732266426086,0.8040914535522461,0.1957223266363144,0.019978148862719536,1,0.40914466977119446,0.11185067892074585,0.8837321400642395,0.7909417748451233,-0.20696225762367249,0.05458732694387436,-0.5732346177101135,0
0.487119197845459,0.11723684519529343,0.8489617109298706,0.7787376642227173,-0.23647907376289368,0.11668538302183151,-0.5692360401153564,0.8040914535522461,0.1957223266363144,0.019978148862719536,1,0.401455283164978,0.11135794222354889,0.8863565325737,0.7919048070907593,-0.2042441964149475,0.0482979379594326,-0.5734441876411438,0
0.47979357838630676,0.11658943444490433,0.8527195453643799,0.7802306413650513,-0.23362353444099426,0.11058913916349411,-0.569587767124176,0.8040914535522461,0.1957223266363144,0.019978148862719536,1,0.3937334716320038,0.11088210344314575,0.8888694047927856,0.7928143739700317,-0.20153720676898956,0.041987884789705276,-0.5736418962478638,0
0.4724133312702179,0.11595723778009415,0.8563730120658875,0.7816722393035889,-0.23077642917633057,0.10446389764547348,-0.5699279308319092,0.8040914535522461,0.1957223266363144,0.019978148862719536,1,0.3859817087650299,0.11042327433824539,0.8912702202796936,0.7936698794364929,-0.19884255528450012,0.035658370703458786,-0.5738276243209839,0
0.4649799168109894,0.11534042656421661,0.8599214553833008,0.7830624580383301,-0.22793792188167572,0.09831021726131439,-0.5702565908432007,0.8040914535522461,0.1957223266363144,0.019978148862719536,1,0.37820079922676086,0.10998157411813736,0.8935588002204895,0.7944714426994324,-0.19615930318832397,0.029309213161468506,-0.5740014314651489,0
0.4574955999851227,0.11473921686410904,0.8633636236190796,0.7844005227088928,-0.2251082807779312,0.09212883561849594,-0.5705736875534058,0.8040914535522461,0.1957223266363144,0.019978148862719536,1,0.370393306016922,0.10955706238746643,0.895734429359436,0.7952187061309814,-0.19348806142807007,0.02294119819998741,-0.5741631388664246,0
0.4499629735946655,0.11415362358093262,0.866698145866394,0.7856860160827637,-0.222288116812706,0.08592084795236588,-0.5708792805671692,0.8040914535522461,0.1957223266363144,0.019978148862719536,1,0.3625604212284088,0.1091499999165535,0.8977970480918884,0.7959117293357849,-0.1908288449048996,0.016554540023207664,-0.5743123888969421,0
