0.3625604212284088,0.1091499999165535,0.8977970480918884,0.7959117293357849,-0.1908288449048996,0.016554540023207664,-0.5743123888969421,0.5503324866294861,-0.0526023805141449,0.019999999552965164,0,0.3625604212284088,0.1091499999165535,0.8977970480918884,0.7959117293357849,-0.1908288449048996,0.016554540023207664,-0.5743123888969421,1
0.3628040552139282,0.10916154831647873,0.8976776003837585,0.7959170937538147,-0.19090838730335236,0.016660241410136223,-0.5742754340171814,0.5503324866294861,-0.0526023805141449,0.01981772482395172,0,0.3625604212284088,0.1091499999165535,0.8977970480918884,0.7959117293357849,-0.1908288449048996,0.016554540023207664,-0.5743123888969421,1
0.3632446825504303,0.10916890949010849,0.8974825739860535,0.7959179878234863,-0.1910729855298996,0.016885489225387573,-0.574212908744812,0.5503324866294861,-0.0526023805141449,0.019884353503584862,0,0.3625604212284088,0.1091499999165535,0.8977970480918884,0.7959117293357849,-0.1908288449048996,0.016554540023207664,-0.5743123888969421,1
0.36376747488975525,0.10917111486196518,0.8972581028938293,0.7959133982658386,-0.1912766695022583,0.017166968435049057,-0.5741432309150696,0.5503324866294861,-0.0526023805141449,0.019923372194170952,0,0.3625604212284088,0.1091499999165535,0.8977970480918884,0.7959117293357849,-0.1908288449048996,0.016554540023207664,-0.5743123888969421,1
0.3643089532852173,0.10917005687952042,0.8970283269882202,0.7959052920341492,-0.1914910078048706,0.01746424101293087,-0.5740739107131958,0.5503324866294861,-0.0526023805141449,0.019946129992604256,0,0.3625604212284088,0.1091499999165535,0.8977970480918884,0.7959117293357849,-0.1908288449048996,0.016554540023207664,-0.5743123888969421,1
0.36483412981033325,0.10916749387979507,0.8968064785003662,0.7958957552909851,-0.19170089066028595,0.017755331471562386,-0.5740082263946533,0.5503324866294861,-0.0526023805141449,0.019959425553679466,0,0.3625604212284088,0.1091499999165535,0.8977970480918884,0.7959117293357849,-0.1908288449048996,0.016554540023207664,-0.5743123888969421,1
0.3653259873390198,0.10916423052549362,0.8965990543365479,0.7958859801292419,-0.19189804792404175,0.01802937313914299,-0.5739471912384033,0.5503324866294861,-0.0526023805141449,0.019967196509242058,0,0.3625604212284088,0.1091499999165535,0.8977970480918884,0.7959117293357849,-0.1908288449048996,0.016554540023207664,-0.5743123888969421,1
0.36577728390693665,0.10916095972061157,0.89640873670578,0.7958768010139465,-0.19207923114299774,0.01828133687376976,-0.5738914608955383,0.5503324866294861,-0.0526023805141449,0.01997174322605133,0,0.3625604212284088,0.1091499999165535,0.8977970480918884,0.7959117293357849,-0.1908288449048996,0.016554540023207664,-0.5743123888969421,1
0.366186261177063,0.10915781557559967,0.8962359428405762,0.7958679795265198,-0.1922435611486435,0.018509861081838608,-0.5738412737846375,0.5503324866294861,-0.0526023805141449,0.019974403083324432,0,0.3625604212284088,0.1091499999165535,0.8977970480918884,0.7959117293357849,-0.1908288449048996,0.016554540023207664,-0.5743123888969421,1
0.3665536642074585,0.1091550812125206,0.8960806727409363,0.7958602905273438,-0.19239117205142975,0.01871492713689804,-0.5737957954406738,0.5503324866294861,-0.0526023805141449,0.01997595839202404,0,0.3625604212284088,0.1091499999165535,0.8977970480918884,0.7959117293357849,-0.1908288449048996,0.016554540023207664,-0.5743123888969421,1
0.36688217520713806,0.10915274918079376,0.895941436290741,0.7958534359931946,-0.1925230473279953,0.018898339942097664,-0.5737552642822266,0.5503324866294861,-0.0526023805141449,0.019976869225502014,0,0.3625604212284088,0.1091499999165535,0.8977970480918884,0.7959117293357849,-0.1908288449048996,0.016554540023207664,-0.5743123888969421,1
0.3671749234199524,0.10915068536996841,0.8958170413970947,0.7958471775054932,-0.1926405429840088,0.019061513245105743,-0.5737189054489136,0.5503324866294861,-0.0526023805141449,0.019977401942014694,0,0.3625604212284088,0.1091499999165535,0.8977970480918884,0.7959117293357849,-0.1908288449048996,0.016554540023207664,-0.5743123888969421,1
0.36743536591529846,0.10914917290210724,0.8957062363624573,0.7958419322967529,-0.19274485111236572,0.019206577911973,-0.5736864805221558,0.5503324866294861,-0.0526023805141449,0.019977713003754616,0,0.3625604212284088,0.1091499999165535,0.8977970480918884,0.7959117293357849,-0.1908288449048996,0.016554540023207664,-0.5743123888969421,1
0.3676663637161255,0.10914792865514755,0.8956077694892883,0.7958371639251709,-0.19283725321292877,0.019334783777594566,-0.5736575722694397,0.5503324866294861,-0.0526023805141449,0.01997789368033409,0,0.3625604212284088,0.1091499999165535,0.8977970480918884,0.7959117293357849,-0.1908288449048996,0.016554540023207664,-0.5743123888969421,1
0.3678717017173767,0.10914682596921921,0.8955199718475342,0.7958332300186157,-0.1929192990064621,0.019448645412921906,-0.573631763458252,0.5503324866294861,-0.0526023805141449,0.019978001713752747,0,0.3625604212284088,0.1091499999165535,0.8977970480918884,0.7959117293357849,-0.1908288449048996,0.016554540023207664,-0.5743123888969421,1
0.3680533766746521,0.10914600640535355,0.8954421877861023,0.795829713344574,-0.19299162924289703,0.01954904943704605,-0.5736088156700134,0.5503324866294861,-0.0526023805141449,0.01997806318104267,0,0.3625604212284088,0.1091499999165535,0.8977970480918884,0.7959117293357849,-0.1908288449048996,0.016554540023207664,-0.5743123888969421,1
0.3682141900062561,0.10914544761180878,0.8953732252120972,0.79582679271698,-0.19305557012557983,0.01963799074292183,-0.5735883712768555,0.5503324866294861,-0.0526023805141449,0.019978100433945656,0,0.3625604212284088,0.1091499999165535,0.8977970480918884,0.7959117293357849,-0.1908288449048996,0.016554540023207664,-0.5743123888969421,1
0.3683570623397827,0.10914503037929535,0.8953116536140442,0.7958241105079651,-0.19311225414276123,0.019716612994670868,-0.5735701322555542,0.5503324866294861,-0.0526023805141449,0.019978120923042297,0,0.3625604212284088,0.1091499999165535,0.8977970480918884,0.7959117293357849,-0.1908288449048996,0.016554540023207664,-0.5743123888969421,1
0.36848360300064087,0.10914475470781326,0.8952572345733643,0.7958218455314636,-0.1931624412536621,0.019786084070801735,-0.5735539793968201,0.5503324866294861,-0.0526023805141449,0.019978133961558342,0,0.3625604212284088,0.1091499999165535,0.8977970480918884,0.7959117293357849,-0.1908288449048996,0.016554540023207664,-0.5743123888969421,1
0.36859551072120667,0.10914462059736252,0.8952088356018066,0.7958201169967651,-0.19320662319660187,0.019847365096211433,-0.5735394358634949,0.5503324866294861,-0.0526023805141449,0.01997814141213894,0,0.3625604212284088,0.1091499999165535,0.8977970480918884,0.7959117293357849,-0.1908288449048996,0.016554540023207664,-0.5743123888969421,1
0.36869457364082336,0.10914447903633118,0.8951660394668579,0.7958184480667114,-0.1932457685470581,0.01990160159766674,-0.5735267996788025,0.5503324866294861,-0.0526023805141449,0.019978145137429237,0,0.3625604212284088,0.1091499999165535,0.8977970480918884,0.7959117293357849,-0.1908288449048996,0.016554540023207664,-0.5743123888969421,1
0.3687824606895447,0.10914447903633118,0.8951278328895569,0.795816957950592,-0.19328033924102783,0.01994943805038929,-0.5735154151916504,0.5503324866294861,-0.0526023805141449,0.019978148862719536,0,0.3625604212284088,0.1091499999165535,0.8977970480918884,0.7959117293357849,-0.1908288449048996,0.016554540023207664,-0.5743123888969421,1
0.36886000633239746,0.10914461314678192,0.895094096660614,0.7958159446716309,-0.19331079721450806,0.019991593435406685,-0.5735051035881042,0.5503324866294861,-0.0526023805141449,0.019978148862719536,0,0.3625604212284088,0.1091499999165535,0.8977970480918884,0.7959117293357849,-0.1908288449048996,0.016554540023207664,-0.5743123888969421,1
0.36892861127853394,0.10914474725723267,0.8950642347335815,0.7958149909973145,-0.19333770871162415,0.02002882771193981,-0.5734960436820984,0.5503324866294861,-0.0526023805141449,0.019978148862719536,0,0.3625604212284088,0.1091499999165535,0.8977970480918884,0.7959117293357849,-0.1908288449048996,0.016554540023207664,-0.5743123888969421,1
0.3689894676208496,0.10914488881826401,0.8950377106666565,0.7958140969276428,-0.1933615803718567,0.020061763003468513,-0.5734882354736328,0.5503324866294861,-0.0526023805141449,0.019978148862719536,0,0.3625604212284088,0.1091499999165535,0.8977970480918884,0.7959117293357849,-0.1908288449048996,0.016554540023207664,-0.5743123888969421,1
0.3690434694290161,0.10914502292871475,0.8950141072273254,0.7958134412765503,-0.1933826208114624,0.020090937614440918,-0.5734809041023254,0.5503324866294861,-0.0526023805141449,0.019978148862719536,0,0.3625604212284088,0.1091499999165535,0.8977970480918884,0.7959117293357849,-0.1908288449048996,0.016554540023207664,-0.5743123888969421,1
0.3690912425518036,0.10914530605077744,0.8949931859970093,0.7958129048347473,-0.1934012621641159,0.02011662721633911,-0.5734745860099792,0.5503324866294861,-0.0526023805141449,0.019978148862719536,0,0.3625604212284088,0.1091499999165535,0.8977970480918884,0.7959117293357849,-0.1908288449048996,0.016554540023207664,-0.5743123888969421,1
0.3691335916519165,0.10914543271064758,0.8949745893478394,0.7958122491836548,-0.19341766834259033,0.02013932727277279,-0.5734689831733704,0.5503324866294861,-0.0526023805141449,0.019978148862719536,0,0.3625604212284088,0.1091499999165535,0.8977970480918884,0.7959117293357849,-0.1908288449048996,0.016554540023207664,-0.5743123888969421,1
0.369171142578125,0.10914570838212967,0.894957959651947,0.7958120107650757,-0.19343216717243195,0.020159302279353142,-0.5734638571739197,0.5503324866294861,-0.0526023805141449,0.019978148862719536,0,0.3625604212284088,0.1091499999165535,0.8977970480918884,0.7959117293357849,-0.1908288449048996,0.016554540023207664,-0.5743123888969421,1
0.36920416355133057,0.10914599150419235,0.8949434161186218,0.795811653137207,-0.19344498217105865,0.020176958292722702,-0.5734593868255615,0.5503324866294861,-0.0526023805141449,0.019978148862719536,0,0.3625604212284088,0.1091499999165535,0.8977970480918884,0.7959117293357849,-0.1908288449048996,0.016554540023207664,-0.5743123888969421,1
0.36923354864120483,0.1091461256146431,0.8949304223060608,0.7958112955093384,-0.1934562772512436,0.020192500203847885,-0.5734555721282959,0.5503324866294861,-0.0526023805141449,0.019978148862719536,0,0.36923354864120483,0.1091461256146431,0.8949304223060608,0.7958112955093384,-0.1934562772512436,0.020192500203847885,-0.5734555721282959,1
0.3694966435432434,0.10915748029947281,0.8948008418083191,0.7958157062530518,-0.1935444176197052,0.020310046151280403,-0.5734154582023621,0.5503324866294861,-0.0526023805141449,0.019978148862719536,0,0.3750265836715698,0.10806544125080109,0.8947386741638184,0.794045090675354,-0.19717316329479218,0.025234241038560867,-0.5744373798370361,1
0.3702908754348755,0.10909175872802734,0.894656777381897,0.795691192150116,-0.1939525455236435,0.020861895754933357,-0.573430597782135,0.5503324866294861,-0.0526023805141449,0.019978148862719536,0,0.3807849884033203,0.10695245862007141,0.8944284319877625,0.7922478318214417,-0.20088014006614685,0.030275853350758553,-0.575390100479126,1
0.37159690260887146,0.10893040895462036,0.8945007920265198,0.7954096794128418,-0.19469548761844635,0.021867990493774414,-0.5735318660736084,0.5503324866294861,-0.0526023805141449,0.019978148862719536,0,0.3865079879760742,0.10580760985612869,0.8939998149871826,0.7904201149940491,-0.20457777380943298,0.0353175513446331,-0.5763128995895386,1
0.373370885848999,0.1086757704615593,0.8943259716033936,0.7949780821800232,-0.19574454426765442,0.023290319368243217,-0.5737170577049255,0.5503324866294861,-0.0526023805141449,0.019978148862719536,0,0.3921927511692047,0.10463092476129532,0.8934534192085266,0.7885617613792419,-0.2082652449607849,0.04035888984799385,-0.5772062540054321,1
0.37556833028793335,0.10833387821912766,0.8941246867179871,0.7944080829620361,-0.1970704048871994,0.025090200826525688,-0.5739768743515015,0.5503324866294861,-0.0526023805141449,0.019978148862719536,0,0.3978380858898163,0.10342288017272949,0.8927896618843079,0.7866733074188232,-0.2119428515434265,0.045399781316518784,-0.5780693888664246,1
0.37814584374427795,0.1079103946685791,0.8938896656036377,0.7937100529670715,-0.19864541292190552,0.027230875566601753,-0.5743018984794617,0.5503324866294861,-0.0526023805141449,0.019978148862719536,0,0.4034420847892761,0.10218380391597748,0.892008900642395,0.7847545742988586,-0.2156100571155548,0.050439655780792236,-0.5789026021957397,1
0.3810606300830841,0.10741058737039566,0.8936144113540649,0.7928944230079651,-0.2004430741071701,0.029677631333470345,-0.5746827721595764,0.5503324866294861,-0.0526023805141449,0.019978148862719536,0,0.40900248289108276,0.10091407597064972,0.8911116719245911,0.7828059792518616,-0.21926704049110413,0.055478937923908234,-0.5797056555747986,1
0.38427498936653137,0.10683891177177429,0.893291711807251,0.7919694781303406,-0.20244000852108002,0.032399456948041916,-0.5751108527183533,0.5503324866294861,-0.0526023805141449,0.019978148862719536,0,0.41451865434646606,0.09961410611867905,0.8900982737541199,0.7808281183242798,-0.22291353344917297,0.060516927391290665,-0.5804778933525085,1
0.3877541422843933,0.10619932413101196,0.8929145336151123,0.7909435033798218,-0.20461487770080566,0.035367969423532486,-0.5755780935287476,0.5503324866294861,-0.0526023805141449,0.019978148862719536,0,0.41998782753944397,0.09828425943851471,0.8889693021774292,0.7788206338882446,-0.2265494465827942,0.06555360555648804,-0.5812197327613831,1
0.3914647400379181,0.10549530386924744,0.8924765586853027,0.7898229360580444,-0.20694759488105774,0.03855722025036812,-0.5760777592658997,0.5503324866294861,-0.0526023805141449,0.019978148862719536,0,0.4254094362258911,0.09692496806383133,0.8877250552177429,0.7767840623855591,-0.2301747351884842,0.07058929651975632,-0.5819305181503296,1
0.39537811279296875,0.10472983866930008,0.8919718265533447,0.7886143922805786,-0.20942066609859467,0.04194432869553566,-0.5766028165817261,0.5503324866294861,-0.0526023805141449,0.019978148862719536,0,0.4307805895805359,0.09553668648004532,0.8863663673400879,0.7747185230255127,-0.23378898203372955,0.0756227895617485,-0.582610547542572,1
0.39946770668029785,0.10390575975179672,0.8913942575454712,0.7873232960700989,-0.21201860904693604,0.04550859332084656,-0.5771473050117493,0.5503324866294861,-0.0526023805141449,0.019978148862719536,0,0.43610042333602905,0.09411986917257309,0.8848937153816223,0.7726243734359741,-0.2373923659324646,0.08065475523471832,-0.583259105682373,1
0.40370893478393555,0.10302551090717316,0.8907390236854553,0.7859543561935425,-0.21472667157649994,0.04923100396990776,-0.5777060985565186,0.5503324866294861,-0.0526023805141449,0.019978148862719536,0,0.44136688113212585,0.09267497807741165,0.8833075761795044,0.7705016136169434,-0.24098436534404755,0.08568452298641205,-0.5838766098022461,1
0.40808016061782837,0.10209119319915771,0.8900012373924255,0.784512460231781,-0.21753232181072235,0.05309515446424484,-0.5782740116119385,0.5503324866294861,-0.0526023805141449,0.019978148862719536,0,0.4465784430503845,0.09120252728462219,0.881608784198761,0.7683507800102234,-0.24456511437892914,0.09071190655231476,-0.5844623446464539,1
0.41256213188171387,0.10110512375831604,0.8891761898994446,0.7830013036727905,-0.22042399644851685,0.05708589404821396,-0.5788465738296509,0.5503324866294861,-0.0526023805141449,0.019978148862719536,0,0.4517331123352051,0.0897030457854271,0.8797979950904846,0.7661718130111694,-0.24813412129878998,0.09573667496442795,-0.585016667842865,1
0.41713669896125793,0.10006892681121826,0.8882603645324707,0.7814245820045471,-0.2233915627002716,0.061189912259578705,-0.5794199705123901,0.5503324866294861,-0.0526023805141449,0.019978148862719536,0,0.45682910084724426,0.08817707002162933,0.8778760433197021,0.7639654278755188,-0.2516914904117584,0.10075850784778595,-0.5855389833450317,1
0.4217877686023712,0.09898471087217331,0.8872501254081726,0.7797858715057373,-0.22642554342746735,0.06539490073919296,-0.5799904465675354,0.5503324866294861,-0.0526023805141449,0.019978148862719536,0,0.4618660509586334,0.08662523329257965,0.8758428692817688,0.7617312669754028,-0.2552374005317688,0.10577776283025742,-0.5860292315483093,1
0.4265006482601166,0.09785386919975281,0.8861425518989563,0.7780879139900208,-0.2295178920030594,0.06969041377305984,-0.580554723739624,0.5503324866294861,-0.0526023805141449,0.019978148862719536,0,0.4668407142162323,0.085048146545887,0.8737000823020935,0.7594701647758484,-0.2587709426879883,0.11079342663288116,-0.5864874124526978,1
0.43126198649406433,0.09667832404375076,0.8849352598190308,0.7763341069221497,-0.232661172747612,0.07406637817621231,-0.5811094641685486,0.5503324866294861,-0.0526023805141449,0.019978148862719536,0,0.4717525839805603,0.08344603329896927,0.8714479207992554,0.7571816444396973,-0.2622927129268646,0.11580603569746017,-0.5869133472442627,1
0.4360593259334564,0.09545954316854477,0.8836261034011841,0.7745264768600464,-0.2358483225107193,0.0785137340426445,-0.5816527605056763,0.5503324866294861,-0.0526023805141449,0.019978148862719536,0,0.47659993171691895,0.08181973546743393,0.8690872192382812,0.7548666596412659,-0.2658020853996277,0.12081487476825714,-0.5873067378997803,1
0.44088253378868103,0.09419872611761093,0.8822129964828491,0.772667407989502,-0.23907393217086792,0.0830255001783371,-0.5821817517280579,0.5503324866294861,-0.0526023805141449,0.019978148862719536,0,0.4813809394836426,0.0801699087023735,0.8666189312934875,0.7525249123573303,-0.2692992091178894,0.12582029402256012,-0.58766770362854,1
0.44572126865386963,0.09289747476577759,0.8806945085525513,0.7707589864730835,-0.24233242869377136,0.08759422600269318,-0.5826943516731262,0.5503324866294861,-0.0526023805141449,0.019978148862719536,0,0.4860941767692566,0.07849716395139694,0.8640437126159668,0.7501570582389832,-0.2727838456630707,0.13082151114940643,-0.5879957675933838,1
0.4505656361579895,0.09155721217393875,0.8790696263313293,0.768803596496582,-0.24561847746372223,0.0922129675745964,-0.5831888318061829,0.5503324866294861,-0.0526023805141449,0.019978148862719536,0,0.4907379746437073,0.07680214196443558,0.8613626956939697,0.7477629780769348,-0.27625572681427,0.13581857085227966,-0.5882911682128906,1
0.4554080069065094,0.09017925709486008,0.8773374557495117,0.766802966594696,-0.24892838299274445,0.09687653183937073,-0.5836631655693054,0.5503324866294861,-0.0526023805141449,0.019978148862719536,0,0.4953112006187439,0.07508550584316254,0.858576238155365,0.7453433871269226,-0.27971503138542175,0.14081135392189026,-0.5885531902313232,1
0.46024027466773987,0.08876457810401917,0.8754973411560059,0.7647585272789001,-0.25225791335105896,0.10157950222492218,-0.5841163396835327,0.5503324866294861,-0.0526023805141449,0.019978148862719536,0,0.49981167912483215,0.07334799319505692,0.8556857705116272,0.7428981065750122,-0.2831612229347229,0.14579908549785614,-0.5887823104858398,1
0.4650556445121765,0.0873149186372757,0.8735488057136536,0.7626722455024719,-0.25560352206230164,0.10631739348173141,-0.5845463871955872,0.5503324866294861,-0.0526023805141449,0.019978148862719536,0,0.5042386054992676,0.07159025222063065,0.8526920676231384,0.740427553653717,-0.28659436106681824,0.15078237652778625,-0.588978111743927,1
0.4698478579521179,0.08583130687475204,0.8714914917945862,0.760545551776886,-0.2589622735977173,0.11108618229627609,-0.5849519968032837,0.5503324866294861,-0.0526023805141449,0.019978148862719536,0,0.5085902810096741,0.06981298327445984,0.8495957851409912,0.7379320859909058,-0.290014386177063,0.15576054155826569,-0.5891403555870056,1
0.4746106266975403,0.08431471884250641,0.8693253993988037,0.7583794593811035,-0.26233115792274475,0.11588171124458313,-0.5853326916694641,0.5503324866294861,-0.0526023805141449,0.019978148862719536,0,0.5128652453422546,0.06801694631576538,0.8463981747627258,0.7354117631912231,-0.2934211790561676,0.16073346138000488,-0.58926922082901,1
0.4793391823768616,0.08276653289794922,0.8670505881309509,0.7561753392219543,-0.2657078802585602,0.12070111185312271,-0.585686981678009,0.5503324866294861,-0.0526023805141449,0.019978148862719536,0,0.5170620679855347,0.06620287895202637,0.8431001305580139,0.7328670620918274,-0.29681408405303955,0.1657007932662964,-0.5893643498420715,1
0.4840274155139923,0.08118795603513718,0.8646675944328308,0.7539349794387817,-0.2690897285938263,0.12554042041301727,-0.5860139727592468,0.5503324866294861,-0.0526023805141449,0.019978148862719536,0,0.5211796164512634,0.06437168270349503,0.8397024273872375,0.7302981615066528,-0.300193727016449,0.17066246271133423,-0.5894255638122559,1
0.48867201805114746,0.07957988977432251,0.8621763586997986,0.75165855884552,-0.2724749445915222,0.13039784133434296,-0.5863131284713745,0.5503324866294861,-0.0526023805141449,0.019978148862719536,0,0.5252163410186768,0.06252378225326538,0.8362064361572266,0.7277052998542786,-0.3035596013069153,0.17561882734298706,-0.5894527435302734,1
0.4932681918144226,0.07794350385665894,0.8595771789550781,0.7493476867675781,-0.27586179971694946,0.13527055084705353,-0.5865833759307861,0.5503324866294861,-0.0526023805141449,0.019978148862719536,0,0.5291710495948792,0.06066014617681503,0.8326129913330078,0.7250885367393494,-0.30691176652908325,0.18056893348693848,-0.5894460082054138,1
0.49781155586242676,0.07628000527620316,0.8568714261054993,0.7470033764839172,-0.2792482078075409,0.14015577733516693,-0.5868241786956787,0.5503324866294861,-0.0526023805141449,0.019978148862719536,0,0.533041775226593,0.05878159776329994,0.8289234638214111,0.7224484086036682,-0.31024959683418274,0.18551239371299744,-0.5894051790237427,1
0.5022990703582764,0.07459025830030441,0.8540589809417725,0.7446263432502747,-0.2826330363750458,0.14505240321159363,-0.5870348215103149,0.5503324866294861,-0.0526023805141449,0.019978148862719536,0,0.536828339099884,0.05688885599374771,0.8251383304595947,0.7197850346565247,-0.31357353925704956,0.19044999778270721,-0.5893299579620361,1
0.5067264437675476,0.07287561148405075,0.8511413335800171,0.742217481136322,-0.2860143482685089,0.14995746314525604,-0.5872150659561157,0.5503324866294861,-0.0526023805141449,0.019978148862719536,0,0.5405283570289612,0.05498301982879639,0.8212593793869019,0.7170989513397217,-0.31688305735588074,0.1953803300857544,-0.5892204642295837,1
0.5110910534858704,0.07113700360059738,0.848118782043457,0.739777684211731,-0.289391428232193,0.15486986935138702,-0.5873643159866333,0.5503324866294861,-0.0526023805141449,0.019978148862719536,0,0.5441409349441528,0.053064629435539246,0.8172874450683594,0.714390218257904,-0.3201782703399658,0.20030412077903748,-0.5890761613845825,1
0.5153899192810059,0.06937526166439056,0.8449923992156982,0.7373074889183044,-0.2927630543708801,0.15978799760341644,-0.5874820351600647,0.5503324866294861,-0.0526023805141449,0.019978148862719536,0,0.5476651787757874,0.051134660840034485,0.8132237195968628,0.7116590142250061,-0.3234587609767914,0.2052207887172699,-0.5888974070549011,1
0.5196199417114258,0.06759162247180939,0.8417630791664124,0.7348078489303589,-0.2961277365684509,0.1647101193666458,-0.5875680446624756,0.5503324866294861,-0.0526023805141449,0.019978148862719536,0,0.5510997772216797,0.049193959683179855,0.8090692162513733,0.7089056968688965,-0.32672491669654846,0.2101302444934845,-0.5886839032173157,1
0.5237790942192078,0.06578711420297623,0.8384316563606262,0.7322794198989868,-0.29948535561561584,0.1696358621120453,-0.5876214504241943,0.5503324866294861,-0.0526023805141449,0.019978148862719536,0,0.5544430613517761,0.04724346101284027,0.8048254251480103,0.7061307430267334,-0.3299759030342102,0.21503213047981262,-0.5884355306625366,1
0.5278634428977966,0.06396275758743286,0.8350000381469727,0.729722797870636,-0.3028341233730316,0.17456242442131042,-0.5876427292823792,0.5503324866294861,-0.0526023805141449,0.019978148862719536,0,0.5576944351196289,0.045283980667591095,0.8004932999610901,0.7033341526985168,-0.333212286233902,0.21992629766464233,-0.5881521105766296,1
0.531872570514679,0.06211952865123749,0.8314679265022278,0.7271386981010437,-0.3061741888523102,0.17949041724205017,-0.5876306295394897,0.5503324866294861,-0.0526023805141449,0.019978148862719536,0,0.5608526468276978,0.04331640154123306,0.7960739135742188,0.7005163431167603,-0.3364335894584656,0.22481249272823334,-0.587833821773529,1
0.5358031988143921,0.06025826930999756,0.8278372883796692,0.7245275378227234,-0.3095042407512665,0.1844182163476944,-0.5875856280326843,0.5503324866294861,-0.0526023805141449,0.019978148862719536,0,0.5639165639877319,0.041341669857501984,0.7915688753128052,0.6976773738861084,-0.3396396040916443,0.22969071567058563,-0.5874804258346558,1
0.5396534204483032,0.05838014557957649,0.8241090774536133,0.7218899726867676,-0.3128238022327423,0.1893443912267685,-0.5875072479248047,0.5503324866294861,-0.0526023805141449,0.019978148862719536,0,0.5668849945068359,0.03936067968606949,0.7869793772697449,0.6948179602622986,-0.3428303599357605,0.23456059396266937,-0.5870916247367859,1
0.54342120885849,0.056486181914806366,0.8202846646308899,0.7192264795303345,-0.3161322772502899,0.19426873326301575,-0.5873953104019165,0.5503324866294861,-0.0526023805141449,0.019978148862719536,0,0.5697567462921143,0.03737463802099228,0.7823066711425781,0.6919379830360413,-0.34600594639778137,0.2394217997789383,-0.586667537689209,1
0.5471045970916748,0.05457765981554985,0.8163651823997498,0.7165378332138062,-0.3194291889667511,0.19919025897979736,-0.5872491598129272,0.5503324866294861,-0.0526023805141449,0.019978148862719536,0,0.5725312232971191,0.035383906215429306,0.7775518894195557,0.6890377998352051,-0.3491656482219696,0.24427446722984314,-0.586208164691925,1
0.5507022142410278,0.052654869854450226,0.8123515248298645,0.7138242125511169,-0.3227139115333557,0.20410875976085663,-0.5870692133903503,0.5503324866294861,-0.0526023805141449,0.019978148862719536,0,0.5752068758010864,0.03338981419801712,0.7727168202400208,0.6861178278923035,-0.3523098826408386,0.24911801517009735,-0.5857133865356445,1
0.5542113780975342,0.050719648599624634,0.8082459568977356,0.7110863924026489,-0.3259860575199127,0.20902232825756073,-0.5868550539016724,0.5503324866294861,-0.0526023805141449,0.019978148862719536,0,0.577782928943634,0.03139319270849228,0.7678024172782898,0.6831784844398499,-0.35543790459632874,0.2539525330066681,-0.5851829051971436,1
0.5576313734054565,0.04877238720655441,0.8040487766265869,0.7083244323730469,-0.3292451798915863,0.21393157541751862,-0.586606502532959,0.5503324866294861,-0.0526023805141449,0.019978148862719536,0,0.5802590847015381,0.0293949693441391,0.762809693813324,0.6802194118499756,-0.35855063796043396,0.2587779462337494,-0.5846167802810669,1
0.5609604120254517,0.04681437090039253,0.7997617125511169,0.7055392265319824,-0.332491010427475,0.2188352346420288,-0.5863233804702759,0.5503324866294861,-0.0526023805141449,0.019978148862719536,0,0.5826334953308105,0.02739623934030533,0.75774085521698,0.6772415637969971,-0.36164698004722595,0.2635933756828308,-0.5840150713920593,1
0.5641969442367554,0.04484650492668152,0.7953860759735107,0.7027308940887451,-0.33572298288345337,0.2237330973148346,-0.5860057473182678,0.5503324866294861,-0.0526023805141449,0.019978148862719536,0,0.5849058628082275,0.025397837162017822,0.752596378326416,0.6742449402809143,-0.3647273778915405,0.2683998644351959,-0.5833773612976074,1
0.5673395991325378,0.04286994785070419,0.7909231185913086,0.699900209903717,-0.3389408588409424,0.228624165058136,-0.5856531858444214,0.5503324866294861,-0.0526023805141449,0.019978148862719536,0,0.5870750546455383,0.02340085059404373,0.7473784685134888,0.671229898929596,-0.3677913546562195,0.273195743560791,-0.5827040076255798,1
0.5703869462013245,0.04088559001684189,0.7863743901252747,0.697047233581543,-0.34214428067207336,0.23350848257541656,-0.5852658748626709,0.5503324866294861,-0.0526023805141449,0.019978148862719536,0,0.5892659425735474,0.021281901746988297,0.7417550683021545,0.668006420135498,-0.37102916836738586,0.2782805860042572,-0.5819489359855652,1
0.5733449459075928,0.0388866662979126,0.7817227840423584,0.6941601634025574,-0.3453458249568939,0.23840458691120148,-0.5848428010940552,0.5503324866294861,-0.0526023805141449,0.019978148862719536,0,0.5913382172584534,0.019166739657521248,0.7360519766807556,0.6647630929946899,-0.37424787878990173,0.28335341811180115,-0.5811533331871033,1
0.5762153267860413,0.03687160462141037,0.7769647240638733,0.6912363171577454,-0.3485479950904846,0.243316650390625,-0.5843831300735474,0.5503324866294861,-0.0526023805141449,0.019978148862719536,0,0.5932916402816772,0.0170566625893116,0.730270266532898,0.6614997982978821,-0.3774479925632477,0.28841471672058105,-0.5803170204162598,1
0.578997790813446,0.034841712564229965,0.7720997333526611,0.6882762908935547,-0.35175034403800964,0.24824441969394684,-0.5838853120803833,0.5503324866294861,-0.0526023805141449,0.019978148862719536,0,0.5951244235038757,0.014953013509511948,0.7244125008583069,0.6582170724868774,-0.3806292712688446,0.29346349835395813,-0.5794400572776794,1
0.5816901326179504,0.032798297703266144,0.767128586769104,0.6852810382843018,-0.3549516499042511,0.2531866729259491,-0.5833486318588257,0.5503324866294861,-0.0526023805141449,0.019978148862719536,0,0.5968365669250488,0.012856881134212017,0.7184797525405884,0.6549153327941895,-0.3837915360927582,0.29850009083747864,-0.5785219669342041,1
0.5842896699905396,0.03074340894818306,0.7620530128479004,0.6822519898414612,-0.35815051198005676,0.25814151763916016,-0.5827720165252686,0.5503324866294861,-0.0526023805141449,0.019978148862719536,0,0.5984268188476562,0.010769570246338844,0.7124742269515991,0.6515949368476868,-0.38693442940711975,0.30352386832237244,-0.5775629878044128,1
0.5867926478385925,0.028678666800260544,0.7568759918212891,0.6791902780532837,-0.36134520173072815,0.26310598850250244,-0.582155704498291,0.5503324866294861,-0.0526023805141449,0.019978148862719536,0,0.5998944044113159,0.008692264556884766,0.7063977718353271,0.6482560634613037,-0.3900580108165741,0.3085345923900604,-0.5765631794929504,1
0.5891963243484497,0.02660592459142208,0.7515997886657715,0.6760972142219543,-0.3645342290401459,0.26807817816734314,-0.5814992785453796,0.5503324866294861,-0.0526023805141449,0.019978148862719536,0,0.6012388467788696,0.00662614218890667,0.700251579284668,0.6448991298675537,-0.39316245913505554,0.31353265047073364,-0.5755220651626587,1
0.5914974212646484,0.0245274156332016,0.746226966381073,0.672974169254303,-0.36771607398986816,0.273055762052536,-0.5808020830154419,0.5503324866294861,-0.0526023805141449,0.019978148862719536,0,0.6024591326713562,0.004572617821395397,0.6940382122993469,0.6415247321128845,-0.3962469696998596,0.3185170292854309,-0.5744398832321167,1
0.5936934351921082,0.022444382309913635,0.7407602071762085,0.6698221564292908,-0.37088918685913086,0.27803748846054077,-0.5800642371177673,0.5503324866294861,-0.0526023805141449,0.019978148862719536,0,0.603554904460907,0.002532745711505413,0.6877591013908386,0.6381326913833618,-0.39931195974349976,0.3234880864620209,-0.5733165740966797,1
0.5957813858985901,0.020359225571155548,0.7352023720741272,0.6666426062583923,-0.3740527331829071,0.2830204665660858,-0.5792853832244873,0.5503324866294861,-0.0526023805141449,0.019978148862719536,0,0.6045252084732056,0.000507863238453865,0.6814166903495789,0.6347240209579468,-0.4023570418357849,0.328445166349411,-0.5721520781517029,1
0.597758948802948,0.018273256719112396,0.7295562624931335,0.6634362936019897,-0.3772050440311432,0.2880032956600189,-0.5784658193588257,0.5503324866294861,-0.0526023805141449,0.019978148862719536,0,0.6053695678710938,-0.001500781625509262,0.6750119924545288,0.6312984824180603,-0.4053821265697479,0.3333880603313446,-0.570946455001831,1
0.5996237993240356,0.016188424080610275,0.7238242030143738,0.6602042317390442,-0.3803453743457794,0.29298433661460876,-0.5776051878929138,0.5503324866294861,-0.0526023805141449,0.019978148862719536,0,0.6060874462127686,-0.003491949290037155,0.6685477495193481,0.6278567910194397,-0.4083871841430664,0.3383166790008545,-0.5696994662284851,1
0.6013737320899963,0.01410624012351036,0.718009352684021,0.656947672367096,-0.38347265124320984,0.2979622483253479,-0.5767034292221069,0.5503324866294861,-0.0526023805141449,0.019978148862719536,0,0.6066785454750061,-0.005464427173137665,0.6620253324508667,0.6243992447853088,-0.41137197613716125,0.34323060512542725,-0.5684112906455994,1
0.6030068397521973,0.01202844176441431,0.7121142148971558,0.6536673307418823,-0.38658568263053894,0.30293533205986023,-0.5757609605789185,0.5503324866294861,-0.0526023805141449,0.019978148862719536,0,0.6071421504020691,-0.007416938431560993,0.6554467678070068,0.6209262013435364,-0.4143364131450653,0.3481300175189972,-0.5670815706253052,1
0.6045215129852295,0.009956778958439827,0.7061411738395691,0.6503640413284302,-0.3896842300891876,0.30790281295776367,-0.5747770667076111,0.5503324866294861,-0.0526023805141449,0.019978148862719536,0,0.6074780821800232,-0.009348238818347454,0.6488139629364014,0.6174378395080566,-0.41728028655052185,0.3530142903327942,-0.5657105445861816,1
0.6059163808822632,0.007892709225416183,0.7000925540924072,0.6470385193824768,-0.3927671015262604,0.3128632605075836,-0.573752224445343,0.5503324866294861,-0.0526023805141449,0.019978148862719536,0,0.6076858043670654,-0.011256899684667587,0.6421289443969727,0.6139349937438965,-0.4202035069465637,0.35788336396217346,-0.5642980337142944,1
0.6071898341178894,0.005837772972881794,0.6939708590507507,0.6436917781829834,-0.39583414793014526,0.3178158402442932,-0.5726860761642456,0.5503324866294861,-0.0526023805141449,0.019978148862719536,0,0.607764720916748,-0.013141883537173271,0.6353937387466431,0.6104174256324768,-0.4231061339378357,0.36273694038391113,-0.5628441572189331,1
0.6083405613899231,0.003793547861278057,0.6877790093421936,0.6403243541717529,-0.3988841474056244,0.3227593004703522,-0.5715789198875427,0.5503324866294861,-0.0526023805141449,0.019978148862719536,0,0.6077150702476501,-0.015001893043518066,0.6286100149154663,0.6068859100341797,-0.42598798871040344,0.3675748109817505,-0.5613487362861633,1
0.6093677282333374,0.0017614364624023438,0.6815184354782104,0.6369370818138123,-0.4019172191619873,0.32769322395324707,-0.570430338382721,0.5503324866294861,-0.0526023805141449,0.019978148862719536,0,0.6075361371040344,-0.016835534945130348,0.6217803955078125,0.6033408045768738,-0.42884865403175354,0.37239664793014526,-0.5598117709159851,1
0.6102701425552368,-0.0002569565549492836,0.6751923561096191,0.6335303783416748,-0.4049324691295624,0.3326165974140167,-0.5692407488822937,0.5503324866294861,-0.0526023805141449,0.019978148862719536,0,0.6072279810905457,-0.018641669303178787,0.6149060726165771,0.5997822284698486,-0.431688517332077,0.37720242142677307,-0.5582334399223328,1
0.6110466122627258,-0.002260345034301281,0.668802797794342,0.6301050186157227,-0.4079294204711914,0.33752864599227905,-0.5680100917816162,0.5503324866294861,-0.0526023805141449,0.019978148862719536,0,0.6067898273468018,-0.02041899412870407,0.6079902648925781,0.5962109565734863,-0.43450674414634705,0.3819912374019623,-0.5566139817237854,1
0.6116964817047119,-0.004246952012181282,0.6623523235321045,0.6266617774963379,-0.41090771555900574,0.34242865443229675,-0.5667383074760437,0.5503324866294861,-0.0526023805141449,0.019978148862719536,0,0.6062225699424744,-0.0221664197742939,0.601033091545105,0.5926268696784973,-0.43730390071868896,0.38676413893699646,-0.5549523234367371,1
0.6122187376022339,-0.006215772591531277,0.6558427810668945,0.6232011914253235,-0.4138670265674591,0.3473161458969116,-0.5654253363609314,0.5503324866294861,-0.0526023805141449,0.019978148862719536,0,0.6055253744125366,-0.023882554844021797,0.5940379500389099,0.589030385017395,-0.44007962942123413,0.3915199935436249,-0.5532496571540833,1
0.6126132607460022,-0.008165023289620876,0.6492770910263062,0.6197237968444824,-0.4168068468570709,0.3521900177001953,-0.5640714168548584,0.5503324866294861,-0.0526023805141449,0.019978148862719536,0,0.6046984791755676,-0.025566190481185913,0.5870063900947571,0.5854222774505615,-0.4428338408470154,0.39625856280326843,-0.5515053272247314,1
0.6128791570663452,-0.010093479417264462,0.642656683921814,0.6162298917770386,-0.4197272062301636,0.3570505976676941,-0.562676191329956,0.5503324866294861,-0.0526023805141449,0.019978148862719536,0,0.6037415862083435,-0.027216119691729546,0.5799409747123718,0.5818027257919312,-0.44556620717048645,0.40097978711128235,-0.549719512462616,1
0.6130163669586182,-0.011999774724245071,0.6359838247299194,0.6127204895019531,-0.42262768745422363,0.36189690232276917,-0.5612397193908691,0.5503324866294861,-0.0526023805141449,0.019978148862719536,0,0.6026549935340881,-0.028830885887145996,0.5728429555892944,0.5781719088554382,-0.4482770562171936,0.40568339824676514,-0.5478920936584473,1
0.6130234003067017,-0.013882426545023918,0.6292617917060852,0.60919588804245,-0.42550748586654663,0.36672812700271606,-0.5597625374794006,0.5503324866294861,-0.0526023805141449,0.019978148862719536,0,0.6014387607574463,-0.03040981851518154,0.5657147169113159,0.5745302438735962,-0.4509660005569458,0.4103694260120392,-0.5460233092308044,1
0.6129010915756226,-0.015740234404802322,0.6224914193153381,0.6056565642356873,-0.42836716771125793,0.37154459953308105,-0.5582438707351685,0.5503324866294861,-0.0526023805141449,0.019978148862719536,0,0.6000927090644836,-0.03195135295391083,0.5585587024688721,0.5708783268928528,-0.45363277196884155,0.41503724455833435,-0.5441133379936218,1
0.6126482486724854,-0.01757175289094448,0.6156761646270752,0.6021029949188232,-0.4312059283256531,0.37634527683258057,-0.5566844344139099,0.5503324866294861,-0.0526023805141449,0.019978148862719536,0,0.5986171364784241,-0.03345431387424469,0.551376461982727,0.5672163367271423,-0.456277459859848,0.4196867346763611,-0.5421618819236755,1
0.6122649312019348,-0.019375594332814217,0.6088172793388367,0.5985357165336609,-0.4340236783027649,0.38113006949424744,-0.5550838708877563,0.5503324866294861,-0.0526023805141449,0.019978148862719536,0,0.5970122814178467,-0.03491753339767456,0.5441703200340271,0.5635448098182678,-0.45889967679977417,0.42431795597076416,-0.5401690006256104,1
0.6117509603500366,-0.021150479093194008,0.6019176244735718,0.594955325126648,-0.43682044744491577,0.3858981728553772,-0.5534424185752869,0.5503324866294861,-0.0526023805141449,0.019978148862719536,0,0.5952783226966858,-0.036339886486530304,0.5369419455528259,0.5598638653755188,-0.46149978041648865,0.4289305508136749,-0.538134753704071,1
0.6111060380935669,-0.022895166650414467,0.5949789881706238,0.5913621783256531,-0.4395957291126251,0.3906497359275818,-0.5517600774765015,0.5503324866294861,-0.0526023805141449,0.019978148862719536,0,0.5934158563613892,-0.037719808518886566,0.5296934843063354,0.5561740398406982,-0.46407783031463623,0.43352416157722473,-0.536058783531189,1
0.6103302836418152,-0.024608390405774117,0.5880038738250732,0.5877568125724792,-0.4423491954803467,0.3953840434551239,-0.5500368475914001,0.5503324866294861,-0.0526023805141449,0.019978148862719536,0,0.5914247035980225,-0.03905660659074783,0.5224272012710571,0.5524755716323853,-0.46663305163383484,0.4380984902381897,-0.533941924571991,1
0.6094241142272949,-0.02628881111741066,0.5809932351112366,0.5841394066810608,-0.44508111476898193,0.4001011848449707,-0.5482725501060486,0.5503324866294861,-0.0526023805141449,0.019978148862719536,0,0.5893054604530334,-0.04034899175167084,0.5151452422142029,0.5487691760063171,-0.4691655933856964,0.4426538050174713,-0.5317834615707397,1
0.6083864569664001,-0.027935195714235306,0.573951005935669,0.5805106163024902,-0.447791188955307,0.4048003852367401,-0.5464679002761841,0.5503324866294861,-0.0526023805141449,0.019978148862719536,0,0.5870587825775146,-0.04159580543637276,0.5078490376472473,0.5450546741485596,-0.47167566418647766,0.4471895694732666,-0.529583752155304,1
0.607218325138092,-0.029546091333031654,0.5668780207633972,0.5768709778785706,-0.4504791498184204,0.4094814360141754,-0.5446221232414246,0.5503324866294861,-0.0526023805141449,0.019978148862719536,0,0.5846845507621765,-0.042795803397893906,0.5005415081977844,0.5413329601287842,-0.4741627871990204,0.4517052471637726,-0.5273429751396179,1
0.6059195399284363,-0.031120665371418,0.5597769021987915,0.5732207298278809,-0.4531448185443878,0.4141441583633423,-0.5427359342575073,0.5503324866294861,-0.0526023805141449,0.019978148862719536,0,0.5821833610534668,-0.04394792765378952,0.49322423338890076,0.537604033946991,-0.47662681341171265,0.45620131492614746,-0.5250609517097473,1
0.6044901609420776,-0.032657191157341,0.5526495575904846,0.5695602297782898,-0.45578861236572266,0.41878843307495117,-0.5408087968826294,0.5503324866294861,-0.0526023805141449,0.019978148862719536,0,0.579555869102478,-0.04505104944109917,0.4858996570110321,0.5338687300682068,-0.47906795144081116,0.4606766700744629,-0.5227380990982056,1
0.6029306650161743,-0.034154802560806274,0.5454984307289124,0.5658903121948242,-0.4584096074104309,0.42341339588165283,-0.5388410687446594,0.5503324866294861,-0.0526023805141449,0.019978148862719536,0,0.5768026113510132,-0.0461040735244751,0.4785696566104889,0.5301271080970764,-0.48148593306541443,0.46513140201568604,-0.5203741788864136,1
0.6012407541275024,-0.03561222180724144,0.538325846195221,0.5622112154960632,-0.4610077738761902,0.428019255399704,-0.5368331670761108,0.5503324866294861,-0.0526023805141449,0.019978148862719536,0,0.57392418384552,-0.04710597172379494,0.47123590111732483,0.526379406452179,-0.4838806986808777,0.46956580877304077,-0.5179690718650818,1
0.5994215607643127,-0.03702843189239502,0.5311329960823059,0.5585229396820068,-0.4635832905769348,0.4326057434082031,-0.5347847938537598,0.5503324866294861,-0.0526023805141449,0.019978148862719536,0,0.5709211230278015,-0.04805561155080795,0.4639010727405548,0.5226262211799622,-0.48625218868255615,0.4739791750907898,-0.5155233144760132,1
0.5974724292755127,-0.03840144723653793,0.5239231586456299,0.5548266172409058,-0.4661361277103424,0.43717220425605774,-0.5326958894729614,0.5503324866294861,-0.0526023805141449,0.019978148862719536,0,0.5677943229675293,-0.04895200580358505,0.4565664529800415,0.5188679099082947,-0.4886002838611603,0.47837167978286743,-0.5130364298820496,1
0.5953946709632874,-0.03973089158535004,0.5166972279548645,0.5511220097541809,-0.46866607666015625,0.4417189955711365,-0.5305665731430054,0.5503324866294861,-0.0526023805141449,0.019978148862719536,0,0.5645443201065063,-0.04979412630200386,0.4492347836494446,0.5151044130325317,-0.49092480540275574,0.4827427864074707,-0.5105090737342834,1
0.5931883454322815,-0.04101552069187164,0.5094580054283142,0.5474097728729248,-0.47117292881011963,0.4462456703186035,-0.5283969640731812,0.5503324866294861,-0.0526023805141449,0.019978148862719536,0,0.5611717104911804,-0.05058080330491066,0.44190773367881775,0.511336624622345,-0.4932260811328888,0.48709243535995483,-0.5079407095909119,1
0.5908539891242981,-0.04225394129753113,0.5022072792053223,0.5436904430389404,-0.47365641593933105,0.4507519602775574,-0.5261871814727783,0.5503324866294861,-0.0526023805141449,0.019978148862719536,0,0.5576775074005127,-0.05131123214960098,0.4345875680446625,0.5075647234916687,-0.4955034852027893,0.4914202392101288,-0.5053320527076721,1
0.5883921384811401,-0.043445080518722534,0.49494749307632446,0.5399642586708069,-0.47611692547798157,0.4552372694015503,-0.5239372253417969,0.5503324866294861,-0.0526023805141449,0.019978148862719536,0,0.5540624856948853,-0.05198425054550171,0.4272764325141907,0.5037892460823059,-0.49775710701942444,0.49572622776031494,-0.5026825666427612,1
0.5858033895492554,-0.04458780959248543,0.48768001794815063,0.5362316370010376,-0.4785541594028473,0.45970189571380615,-0.5216469764709473,0.5503324866294861,-0.0526023805141449,0.019978148862719536,0,0.5503274202346802,-0.05259900540113449,0.41997599601745605,0.5000101923942566,-0.4999869167804718,0.5000098347663879,-0.49999290704727173,1
0.5830880999565125,-0.04568128287792206,0.48040759563446045,0.5324930548667908,-0.48096778988838196,0.4641454815864563,-0.5193169713020325,0.5503324866294861,-0.0526023805141449,0.019978148862719536,0,0.5830880999565125,-0.04568128287792206,0.48040759563446045,0.5324930548667908,-0.48096778988838196,0.4641454815864563,-0.5193169713020325,1
0.581357479095459,-0.04592888802289963,0.47309279441833496,0.5296211242675781,-0.4834950268268585,0.4692194163799286,-0.5153319835662842,0.5503324866294861,-0.0526023805141449,0.019978148862719536,0,0.5833652019500732,-0.04592592269182205,0.47793149948120117,0.5321665406227112,-0.4811677634716034,0.4645145535469055,-0.5191362500190735,1
0.5807644128799438,-0.0457308404147625,0.46580201387405396,0.5271897912025452,-0.4861655831336975,0.4740023910999298,-0.5109164118766785,0.5503324866294861,-0.0526023805141449,0.019978148862719536,0,0.5836293697357178,-0.046167369931936264,0.4754561483860016,0.5318399667739868,-0.4813675582408905,0.46488356590270996,-0.518955409526825,1
0.5807122588157654,-0.04561838135123253,0.45911288261413574,0.5250638723373413,-0.4885144531726837,0.4781688451766968,-0.5069674253463745,0.5503324866294861,-0.0526023805141449,0.019978148862719536,0,0.5838804841041565,-0.04640548303723335,0.4729810953140259,0.5315133333206177,-0.4815673828125,0.4652526080608368,-0.5187739133834839,1
0.5808325409889221,-0.045603469014167786,0.4534148871898651,0.523291826248169,-0.49040916562080383,0.4815642833709717,-0.5037462711334229,0.5503324866294861,-0.0526023805141449,0.019978148862719536,0,0.5841186046600342,-0.04663998633623123,0.4705066978931427,0.5311866402626038,-0.48176705837249756,0.4656214714050293,-0.5185922384262085,1
0.5810394287109375,-0.04565108194947243,0.4488280415534973,0.5219188928604126,-0.49183282256126404,0.48413342237472534,-0.501314103603363,0.5503324866294861,-0.0526023805141449,0.019978148862719536,0,0.5843436121940613,-0.04687127470970154,0.46803349256515503,0.5308599472045898,-0.4819663166999817,0.4659903049468994,-0.5184102058410645,1
0.5813268423080444,-0.04574592411518097,0.44538742303848267,0.5209661722183228,-0.49279147386550903,0.4858664870262146,-0.49968433380126953,0.5503324866294861,-0.0526023805141449,0.019978148862719536,0,0.5845556259155273,-0.04709918797016144,0.4655613303184509,0.5305331349372864,-0.4821654260158539,0.4663589298725128,-0.5182279944419861,1
0.5817082524299622,-0.045883774757385254,0.44310012459754944,0.5204423069953918,-0.4932941198348999,0.4867686629295349,-0.4988555610179901,0.5503324866294861,-0.0526023805141449,0.019978148862719536,0,0.5847545862197876,-0.047323644161224365,0.46308988332748413,0.5302062630653381,-0.4823645353317261,0.46672749519348145,-0.5180454254150391,1
0.5821980237960815,-0.04606489837169647,0.4419637620449066,0.5203480124473572,-0.4933488965034485,0.4868493378162384,-0.4988209903240204,0.5503324866294861,-0.0526023805141449,0.019978148862719536,0,0.5849406123161316,-0.047544464468955994,0.4606197476387024,0.5298795104026794,-0.4825635850429535,0.4670957326889038,-0.5178625583648682,1
0.5828051567077637,-0.04629027098417282,0.4419747591018677,0.5206804871559143,-0.4929601550102234,0.4861166179180145,-0.4995725750923157,0.5503324866294861,-0.0526023805141449,0.019978148862719536,0,0.5851138234138489,-0.04776206612586975,0.4581504762172699,0.5295525193214417,-0.48276233673095703,0.46746397018432617,-0.5176793932914734,1
0.5833519101142883,-0.04652824252843857,0.44258132576942444,0.5212438702583313,-0.4923098683357239,0.4849252998828888,-0.5007825493812561,0.5503324866294861,-0.0526023805141449,0.019978148862719536,0,0.5852737426757812,-0.04797620326280594,0.4556829333305359,0.5292256474494934,-0.48296085000038147,0.46783190965652466,-0.5174961686134338,1
0.5837746262550354,-0.04674496129155159,0.4431925415992737,0.5218239426612854,-0.49162757396698,0.4836799204349518,-0.5020515322685242,0.5503324866294861,-0.0526023805141449,0.019978148862719536,0,0.5854212045669556,-0.04818674921989441,0.4532161056995392,0.5288987755775452,-0.4831593632698059,0.46819987893104553,-0.5173122882843018,1
0.5841262340545654,-0.04694321006536484,0.4436187744140625,0.5223544239997864,-0.49099111557006836,0.48251286149024963,-0.5032442808151245,0.5503324866294861,-0.0526023805141449,0.019978148862719536,0,0.5855554938316345,-0.04839399456977844,0.4507509469985962,0.5285719633102417,-0.48335760831832886,0.4685676097869873,-0.517128050327301,1
0.584438145160675,-0.04713273048400879,0.44380179047584534,0.5228136777877808,-0.4904227554798126,0.48146727681159973,-0.5043219327926636,0.5503324866294861,-0.0526023805141449,0.019978148862719536,0,0.5856767296791077,-0.04859776794910431,0.44828739762306213,0.5282449126243591,-0.4835556447505951,0.46893510222435,-0.5169438123703003,1
0.5847252607345581,-0.047319620847702026,0.44373321533203125,0.5231975317001343,-0.489926278591156,0.4805532991886139,-0.505277156829834,0.5503324866294861,-0.0526023805141449,0.019978148862719536,0,0.5857852101325989,-0.0487978495657444,0.4458252787590027,0.5279181003570557,-0.48375362157821655,0.4693024456501007,-0.5167592763900757,1
0.5849944949150085,-0.04750681668519974,0.44342368841171265,0.5235082507133484,-0.48949962854385376,0.47976773977279663,-0.5061147809028625,0.5503324866294861,-0.0526023805141449,0.019978148862719536,0,0.5858808159828186,-0.04899470508098602,0.44336462020874023,0.5275910496711731,-0.48395147919654846,0.4696698784828186,-0.5165742039680481,1
0.5852489471435547,-0.047695282846689224,0.44289225339889526,0.5237515568733215,-0.4891371428966522,0.4791014790534973,-0.5068439245223999,0.5503324866294861,-0.0526023805141449,0.019978148862719536,0,0.5859633684158325,-0.04918797314167023,0.4409058690071106,0.5272638201713562,-0.4841490685939789,0.4700370132923126,-0.5163889527320862,1
0.5854899883270264,-0.047885507345199585,0.44215893745422363,0.5239333510398865,-0.4888336658477783,0.4785444140434265,-0.5074747800827026,0.5503324866294861,-0.0526023805141449,0.019978148862719536,0,0.5860334038734436,-0.04937758296728134,0.43844857811927795,0.5269368290901184,-0.4843466877937317,0.47040417790412903,-0.5162031054496765,1
0.5857179164886475,-0.048076778650283813,0.441243976354599,0.5240603685379028,-0.4885828495025635,0.47808560729026794,-0.508017361164093,0.5503324866294861,-0.0526023805141449,0.019978148862719536,0,0.5860902070999146,-0.049563877284526825,0.4359935522079468,0.5266097784042358,-0.4845438003540039,0.4707709848880768,-0.516017496585846,1
0.585932731628418,-0.04826899245381355,0.4401662349700928,0.5241381525993347,-0.4883795976638794,0.47771504521369934,-0.5084809064865112,0.5503324866294861,-0.0526023805141449,0.019978148862719536,0,0.5861345529556274,-0.04974672198295593,0.433540016412735,0.5262824296951294,-0.48474106192588806,0.47113800048828125,-0.5158311724662781,1
0.5861345529556274,-0.048461563885211945,0.43894216418266296,0.5241718888282776,-0.48821908235549927,0.47742369771003723,-0.5088737607002258,0.5503324866294861,-0.0526023805141449,0.019978148862719536,0,0.586165726184845,-0.049925968050956726,0.43108898401260376,0.5259552597999573,-0.4849379360675812,0.4715045988559723,-0.5156448483467102,1
0.5863226056098938,-0.048654019832611084,0.43758776783943176,0.5241663455963135,-0.4880967438220978,0.47720324993133545,-0.5092034339904785,0.5503324866294861,-0.0526023805141449,0.019978148862719536,0,0.5861844420433044,-0.050101496279239655,0.4286397099494934,0.5256280899047852,-0.48513486981391907,0.47187095880508423,-0.5154579877853394,1
0.5864970684051514,-0.048845984041690826,0.4361169636249542,0.5241259932518005,-0.4880084991455078,0.47704583406448364,-0.5094769597053528,0.5503324866294861,-0.0526023805141449,0.019978148862719536,0,0.5861902236938477,-0.050273701548576355,0.4261925518512726,0.5253008604049683,-0.48533162474632263,0.472237229347229,-0.5152708888053894,1
0.5866573452949524,-0.04903705418109894,0.43454188108444214,0.524054229259491,-0.48795080184936523,0.476945161819458,-0.5097002983093262,0.5503324866294861,-0.0526023805141449,0.019978148862719536,0,0.5861833095550537,-0.05044245719909668,0.42374762892723083,0.5249735713005066,-0.48552805185317993,0.4726034104824066,-0.5150837302207947,1
0.586803138256073,-0.049226731061935425,0.43287432193756104,0.5239549875259399,-0.487920343875885,0.47689470648765564,-0.5098788142204285,0.5503324866294861,-0.0526023805141449,0.019978148862719536,0,0.5861635804176331,-0.05060732364654541,0.42130517959594727,0.5246464610099792,-0.4857243299484253,0.4729694724082947,-0.5148959159851074,1
0.5869345664978027,-0.04941467195749283,0.43112391233444214,0.5238306522369385,-0.48791423439979553,0.47688913345336914,-0.5100173354148865,0.5503324866294861,-0.0526023805141449,0.019978148862719536,0,0.5861311554908752,-0.050768882036209106,0.41886502504348755,0.5243191123008728,-0.4859205186367035,0.4733353853225708,-0.5147079825401306,1
0.5870509743690491,-0.04960041865706444,0.42930033802986145,0.5236847400665283,-0.48792967200279236,0.4769236743450165,-0.5101202130317688,0.5503324866294861,-0.0526023805141449,0.019978148862719536,0,0.5860860347747803,-0.05092687904834747,0.4164273142814636,0.5239917635917664,-0.4861164391040802,0.4737010598182678,-0.5145198702812195,1
0.5871526598930359,-0.04978414624929428,0.42741090059280396,0.5235188007354736,-0.487964391708374,0.4769940674304962,-0.5101914405822754,0.5503324866294861,-0.0526023805141449,0.019978148862719536,0,0.5860283374786377,-0.05108111724257469,0.41399186849594116,0.5236643552780151,-0.4863123893737793,0.474066823720932,-0.5143311023712158,1
0.5872392654418945,-0.04996507614850998,0.4254630208015442,0.5233356952667236,-0.48801663517951965,0.4770960211753845,-0.5102340579032898,0.5503324866294861,-0.0526023805141449,0.019978148862719536,0,0.5859577655792236,-0.05123196542263031,0.41155946254730225,0.5233369469642639,-0.4865080416202545,0.47443220019340515,-0.5141423344612122,1
0.5873106718063354,-0.05014370381832123,0.42346352338790894,0.5231364369392395,-0.48808398842811584,0.4772266745567322,-0.5102517008781433,0.5503324866294861,-0.0526023805141449,0.019978148862719536,0,0.585874617099762,-0.0513792559504509,0.40912961959838867,0.5230095386505127,-0.48670339584350586,0.4747977554798126,-0.5139530897140503,1
0.5873671174049377,-0.05031927675008774,0.4214176833629608,0.522923469543457,-0.4881652295589447,0.47738251090049744,-0.5102465748786926,0.5503324866294861,-0.0526023805141449,0.019978148862719536,0,0.5857790112495422,-0.05152294784784317,0.4067023992538452,0.5226821303367615,-0.4868987202644348,0.4751628637313843,-0.5137636661529541,1
0.5874082446098328,-0.05049175024032593,0.4193311631679535,0.5226982235908508,-0.4882584810256958,0.47756096720695496,-0.5102211833000183,0.5503324866294861,-0.0526023805141449,0.019978148862719536,0,0.5856707692146301,-0.0516628734767437,0.40427812933921814,0.5223547220230103,-0.48709410429000854,0.475527822971344,-0.5135737657546997,1
0.5874341726303101,-0.05066099762916565,0.4172086715698242,0.5224618315696716,-0.48836269974708557,0.4777594208717346,-0.5101777911186218,0.5503324866294861,-0.0526023805141449,0.019978148862719536,0,0.5855498313903809,-0.05179937183856964,0.40185651183128357,0.5220271944999695,-0.4872892200946808,0.4758928418159485,-0.5133837461471558,1
0.5874450206756592,-0.05082714557647705,0.415054053068161,0.5222155451774597,-0.4884765148162842,0.4779757261276245,-0.5101184248924255,0.5503324866294861,-0.0526023805141449,0.019978148862719536,0,0.5854164361953735,-0.05193227529525757,0.3994382321834564,0.5216994881629944,-0.4874840974807739,0.4762576222419739,-0.5131933689117432,1
0.5874407291412354,-0.05098975449800491,0.41287142038345337,0.5219604969024658,-0.48859903216362,0.4782077372074127,-0.5100446939468384,0.5503324866294861,-0.0526023805141449,0.019978148862719536,0,0.5852704048156738,-0.05206134170293808,0.39702314138412476,0.5213721394538879,-0.4876786768436432,0.4766218960285187,-0.513002872467041,1
0.5874216556549072,-0.05114913359284401,0.4106634259223938,0.5216972827911377,-0.4887290894985199,0.4784542918205261,-0.5099581480026245,0.5503324866294861,-0.0526023805141449,0.019978148862719536,0,0.5851119160652161,-0.052187077701091766,0.39461079239845276,0.5210446119308472,-0.48787304759025574,0.4769863486289978,-0.512812077999115,1
0.5873874425888062,-0.05130476504564285,0.4084339737892151,0.5214273929595947,-0.4888659417629242,0.47871309518814087,-0.5098599791526794,0.5503324866294861,-0.0526023805141449,0.019978148862719536,0,0.5849409699440002,-0.05230914056301117,0.39220166206359863,0.5207170844078064,-0.4880673885345459,0.47735080122947693,-0.512620747089386,1
0.587338387966156,-0.051456838846206665,0.4061852693557739,0.5211513042449951,-0.4890088737010956,0.4789832532405853,-0.5097516179084778,0.5503324866294861,-0.0526023805141449,0.019978148862719536,0,0.5847576856613159,-0.052427440881729126,0.3897954821586609,0.5203893780708313,-0.4882618486881256,0.4777151644229889,-0.5124289989471436,1
0.5872747898101807,-0.051605552434921265,0.4039194881916046,0.520869255065918,-0.4891570806503296,0.47926363348960876,-0.5096341371536255,0.5503324866294861,-0.0526023805141449,0.019978148862719536,0,0.5845616459846497,-0.05254217982292175,0.3873935639858246,0.520061731338501,-0.4884558320045471,0.47807908058166504,-0.5122372508049011,1
0.5871964693069458,-0.051750291138887405,0.4016396701335907,0.5205827355384827,-0.48930999636650085,0.4795524477958679,-0.5095083117485046,0.5503324866294861,-0.0526023805141449,0.019978148862719536,0,0.5843533873558044,-0.05265334993600845,0.38499438762664795,0.5197340250015259,-0.4886496365070343,0.47844284772872925,-0.5120452046394348,1
0.5871036648750305,-0.05189158022403717,0.39934682846069336,0.5202913880348206,-0.489467054605484,0.47984933853149414,-0.5093753933906555,0.5503324866294861,-0.0526023805141449,0.019978148862719536,0,0.5841327905654907,-0.05276096612215042,0.38259854912757874,0.5194063186645508,-0.4888436198234558,0.47880682349205017,-0.511852502822876,1
0.5869964361190796,-0.05202903598546982,0.3970431387424469,0.519996166229248,-0.48962798714637756,0.48015308380126953,-0.5092359185218811,0.5503324866294861,-0.0526023805141449,0.019978148862719536,0,0.5838995575904846,-0.05286460369825363,0.3802069127559662,0.51907879114151,-0.48903706669807434,0.4791702628135681,-0.5116597414016724,1
0.5868749022483826,-0.05216262489557266,0.3947305679321289,0.5196977853775024,-0.48979222774505615,0.48046284914016724,-0.5090906023979187,0.5503324866294861,-0.0526023805141449,0.019978148862719536,0,0.5836543440818787,-0.05296493321657181,0.37781843543052673,0.5187509655952454,-0.4892304837703705,0.4795338213443756,-0.5114666819572449,1
0.586739182472229,-0.05229261517524719,0.39240968227386475,0.5193960070610046,-0.4899592399597168,0.4807782769203186,-0.5089399814605713,0.5503324866294861,-0.0526023805141449,0.019978148862719536,0,0.5833966732025146,-0.053061552345752716,0.3754340410232544,0.5184232592582703,-0.48942360281944275,0.47989708185195923,-0.5112735033035278,1
0.5865895748138428,-0.052418820559978485,0.3900820016860962,0.5190913081169128,-0.49012893438339233,0.48109883069992065,-0.5087844729423523,0.5503324866294861,-0.0526023805141449,0.019978148862719536,0,0.5831266641616821,-0.05315432697534561,0.37305331230163574,0.5180955529212952,-0.489616721868515,0.48026010394096375,-0.5110799074172974,1
0.5864258408546448,-0.052541155368089676,0.3877490162849426,0.5187845230102539,-0.4903008043766022,0.4814232885837555,-0.508624792098999,0.5503324866294861,-0.0526023805141449,0.019978148862719536,0,0.5828444957733154,-0.053243640810251236,0.37067651748657227,0.5177677869796753,-0.489809513092041,0.4806229770183563,-0.5108861327171326,1
0.5862483978271484,-0.052659839391708374,0.3854115307331085,0.5184751749038696,-0.4904748201370239,0.481751948595047,-0.5084614157676697,0.5503324866294861,-0.0526023805141449,0.019978148862719536,0,0.5825501084327698,-0.05332931876182556,0.3683032691478729,0.5174397826194763,-0.490002304315567,0.48098596930503845,-0.5106918215751648,1
0.586057186126709,-0.05277467519044876,0.38307052850723267,0.5181638598442078,-0.4906505346298218,0.4820837676525116,-0.5082946419715881,0.5503324866294861,-0.0526023805141449,0.019978148862719536,0,0.5822433233261108,-0.05341130495071411,0.3659343719482422,0.5171118974685669,-0.4901948869228363,0.4813486933708191,-0.5104973912239075,1
0.585852324962616,-0.05288579314947128,0.38072678446769714,0.5178508162498474,-0.4908277988433838,0.48241865634918213,-0.508124828338623,0.5503324866294861,-0.0526023805141449,0.019978148862719536,0,0.5819244980812073,-0.05348941311240196,0.363569438457489,0.516784131526947,-0.49038732051849365,0.48171138763427734,-0.5103021860122681,1
0.585634171962738,-0.05299295485019684,0.3783809244632721,0.5175362825393677,-0.4910065829753876,0.4827560782432556,-0.5079520344734192,0.5503324866294861,-0.0526023805141449,0.019978148862719536,0,0.5815935134887695,-0.05356409028172493,0.36120861768722534,0.5164563655853271,-0.49057963490486145,0.48207372426986694,-0.5101071000099182,1
0.5854025483131409,-0.05309666693210602,0.37603384256362915,0.5172201991081238,-0.49118638038635254,0.4830959141254425,-0.5077770948410034,0.5503324866294861,-0.0526023805141449,0.019978148862719536,0,0.5812504291534424,-0.05363507941365242,0.35885196924209595,0.516128420829773,-0.49077171087265015,0.48243609070777893,-0.5099116563796997,1
0.5851576328277588,-0.053196296095848083,0.37368619441986084,0.5169029831886292,-0.4913672208786011,0.4834376871585846,-0.5075997710227966,0.5503324866294861,-0.0526023805141449,0.019978148862719536,0,0.5808952450752258,-0.05370217189192772,0.3565000295639038,0.5158005356788635,-0.4909636676311493,0.4827980697154999,-0.5097159743309021,1
0.5848994851112366,-0.053292207419872284,0.37133821845054626,0.5165847539901733,-0.4915488064289093,0.4837813079357147,-0.507420539855957,0.5503324866294861,-0.0526023805141449,0.019978148862719536,0,0.5805280804634094,-0.05376584827899933,0.3541518747806549,0.5154725909233093,-0.4911555051803589,0.4831601679325104,-0.5095199346542358,1
0.5846283435821533,-0.05338449776172638,0.3689906895160675,0.5162652730941772,-0.49173128604888916,0.48412662744522095,-0.5072393417358398,0.5503324866294861,-0.0526023805141449,0.019978148862719536,0,0.5801488161087036,-0.05382581800222397,0.3518088459968567,0.5151447057723999,-0.49134689569473267,0.4835217297077179,-0.5093238949775696,1
0.5843440890312195,-0.0534728541970253,0.3666441738605499,0.5159453749656677,-0.49191445112228394,0.48447293043136597,-0.507056713104248,0.5503324866294861,-0.0526023805141449,0.019978148862719536,0,0.5797576904296875,-0.0538819245994091,0.34946978092193604,0.5148168802261353,-0.49153828620910645,0.48388347029685974,-0.5091270804405212,1
0.5840469598770142,-0.053557392209768295,0.36429882049560547,0.515624463558197,-0.49209824204444885,0.48482051491737366,-0.5068725347518921,0.5503324866294861,-0.0526023805141449,0.019978148862719536,0,0.5793543457984924,-0.05393452197313309,0.34713566303253174,0.5144888162612915,-0.4917295277118683,0.4842449128627777,-0.5089302659034729,1
0.5837368369102478,-0.05363832786679268,0.3619551360607147,0.515302836894989,-0.49228227138519287,0.485169380903244,-0.5066870450973511,0.5503324866294861,-0.0526023805141449,0.019978148862719536,0,0.5789391994476318,-0.053983453661203384,0.34480589628219604,0.5141607522964478,-0.49192067980766296,0.48460647463798523,-0.5087330341339111,1
0.5834142565727234,-0.05371546372771263,0.3596131205558777,0.5149803757667542,-0.49246707558631897,0.4855192303657532,-0.5065001249313354,0.5503324866294861,-0.0526023805141449,0.019978148862719536,0,0.5785121321678162,-0.05402866005897522,0.34248101711273193,0.5138327479362488,-0.4921115040779114,0.4849676191806793,-0.5085357427597046,1
0.5830788016319275,-0.05378873646259308,0.35727375745773315,0.514657735824585,-0.49265196919441223,0.48586970567703247,-0.5063122510910034,0.5503324866294861,-0.0526023805141449,0.019978148862719536,0,0.5780733227729797,-0.054070040583610535,0.3401607871055603,0.513504683971405,-0.49230244755744934,0.48532864451408386,-0.5083377957344055,1
0.5827305912971497,-0.05385836213827133,0.35493722558021545,0.514334499835968,-0.49283698201179504,0.48622068762779236,-0.5061235427856445,0.5503324866294861,-0.0526023805141449,0.019978148862719536,0,0.5776224136352539,-0.054107874631881714,0.33784550428390503,0.5131767988204956,-0.4924929141998291,0.48568961024284363,-0.5081395506858826,1
0.5823701024055481,-0.053924039006233215,0.35260316729545593,0.5140107870101929,-0.49302273988723755,0.4865722954273224,-0.5059335827827454,0.5503324866294861,-0.0526023805141449,0.019978148862719536,0,0.5771598219871521,-0.05414203554391861,0.3355353772640228,0.5128486752510071,-0.4926833510398865,0.48605045676231384,-0.5079411864280701,1
0.5819970369338989,-0.05398613214492798,0.3502722978591919,0.5136867165565491,-0.4932083487510681,0.4869244694709778,-0.5057429671287537,0.5503324866294861,-0.0526023805141449,0.019978148862719536,0,0.5766856074333191,-0.054172299802303314,0.33322957158088684,0.5125204920768738,-0.49287378787994385,0.48641112446784973,-0.5077423453330994,1
0.5816116333007812,-0.05404447764158249,0.3479449450969696,0.513362467288971,-0.49339398741722107,0.48727700114250183,-0.5055515170097351,0.5503324866294861,-0.0526023805141449,0.019978148862719536,0,0.576199471950531,-0.05419911444187164,0.33092957735061646,0.5121923685073853,-0.49306386709213257,0.4867715537548065,-0.5075435638427734,1
0.5812138319015503,-0.05409922078251839,0.34562090039253235,0.5130376815795898,-0.49357977509498596,0.48763003945350647,-0.5053594708442688,0.5503324866294861,-0.0526023805141449,0.019978148862719536,0,0.5757017135620117,-0.05422220379114151,0.3286343812942505,0.5118642449378967,-0.493253618478775,0.4871317446231842,-0.5073444247245789,1
0.5808039307594299,-0.054150018841028214,0.3433007001876831,0.5127129554748535,-0.49376559257507324,0.48798301815986633,-0.50516676902771,0.5503324866294861,-0.0526023805141449,0.019978148862719536,0,0.575192391872406,-0.05424141511321068,0.3263445198535919,0.5115360617637634,-0.4934436082839966,0.48749205470085144,-0.5071446299552917,1
0.5803816914558411,-0.0541972778737545,0.3409847021102905,0.512387752532959,-0.4939514994621277,0.4883362352848053,-0.5049737095832825,0.5503324866294861,-0.0526023805141449,0.019978148862719536,0,0.5746713876724243,-0.0542571023106575,0.32405978441238403,0.5112078189849854,-0.4936332702636719,0.4878520369529724,-0.5069448351860046,1
0.5799472332000732,-0.05424053966999054,0.33867257833480835,0.5120623111724854,-0.49413755536079407,0.48868975043296814,-0.5047796368598938,0.5503324866294861,-0.0526023805141449,0.019978148862719536,0,0.5741385221481323,-0.054269082844257355,0.32178086042404175,0.5108797550201416,-0.4938224256038666,0.48821189999580383,-0.5067447423934937,1
0.5795008540153503,-0.054280251264572144,0.3363645672798157,0.5117369294166565,-0.4943234622478485,0.48904335498809814,-0.5045850872993469,0.5503324866294861,-0.0526023805141449,0.019978148862719536,0,0.5735944509506226,-0.05427740514278412,0.3195067346096039,0.5105514526367188,-0.494011789560318,0.4885718524456024,-0.5065442323684692,1
0.579042375087738,-0.054316189140081406,0.3340611159801483,0.511411190032959,-0.49450942873954773,0.48939695954322815,-0.5043901801109314,0.5503324866294861,-0.0526023805141449,0.019978148862719536,0,0.5730387568473816,-0.05428183078765869,0.31723830103874207,0.5102234482765198,-0.494201123714447,0.4889312982559204,-0.5063431859016418,1
0.5785718560218811,-0.054348450154066086,0.33176207542419434,0.5110854506492615,-0.49469518661499023,0.4897507429122925,-0.5041948556900024,0.5503324866294861,-0.0526023805141449,0.019978148862719536,0,0.5724714398384094,-0.05428275465965271,0.3149758279323578,0.5098952054977417,-0.49438995122909546,0.48929062485694885,-0.5061423778533936,1
0.5780895352363586,-0.054376982152462006,0.32946765422821045,0.5107595324516296,-0.49488091468811035,0.49010470509529114,-0.503998875617981,0.5503324866294861,-0.0526023805141449,0.019978148862719536,0,0.5718926787376404,-0.05427992343902588,0.3127187192440033,0.5095667839050293,-0.49457886815071106,0.4896501302719116,-0.5059407949447632,1
0.5775952935218811,-0.05440178140997887,0.3271782696247101,0.5104334950447083,-0.4950665831565857,0.4904583990573883,-0.5038027167320251,0.5503324866294861,-0.0526023805141449,0.019978148862719536,0,0.571302592754364,-0.05427325889468193,0.3104669451713562,0.5092386603355408,-0.49476751685142517,0.4900093078613281,-0.5057389736175537,1
0.5770893096923828,-0.05442284420132637,0.32489362359046936,0.5101075172424316,-0.4952521324157715,0.49081218242645264,-0.5036060810089111,0.5503324866294861,-0.0526023805141449,0.019978148862719536,0,0.5707011222839355,-0.05426312983036041,0.3082212805747986,0.5089102983474731,-0.4949559271335602,0.49036839604377747,-0.5055370926856995,1
0.5765714049339294,-0.05444011837244034,0.32261455059051514,0.509781539440155,-0.49543753266334534,0.49116531014442444,-0.5034092664718628,0.5503324866294861,-0.0526023805141449,0.019978148862719536,0,0.5700883865356445,-0.054249271750450134,0.30598127841949463,0.5085819363594055,-0.495144248008728,0.49072736501693726,-0.5053347945213318,1
0.5760418176651001,-0.05445374548435211,0.3203399181365967,0.5094552040100098,-0.49562299251556396,0.4915189743041992,-0.5032118558883667,0.5503324866294861,-0.0526023805141449,0.019978148862719536,0,0.5694642663002014,-0.05423147231340408,0.3037474751472473,0.5082536339759827,-0.49533241987228394,0.49108588695526123,-0.5051321983337402,1
0.5755007266998291,-0.05446384474635124,0.31807082891464233,0.509128987789154,-0.49580803513526917,0.4918724298477173,-0.5030143857002258,0.5503324866294861,-0.0526023805141449,0.019978148862719536,0,0.5688289999961853,-0.054210249334573746,0.3015192747116089,0.5079253315925598,-0.49552032351493835,0.4914444088935852,-0.5049294829368591,1
0.5749480128288269,-0.054470084607601166,0.315807044506073,0.5088027119636536,-0.49599310755729675,0.4922257959842682,-0.5028164386749268,0.5503324866294861,-0.0526023805141449,0.019978148862719536,0,0.5681822896003723,-0.05418527126312256,0.2992975115776062,0.5075969099998474,-0.495708167552948,0.49180281162261963,-0.5047263503074646,1
0.5743836760520935,-0.05447257310152054,0.31354865431785583,0.5084763765335083,-0.4961780607700348,0.4925791025161743,-0.5026180744171143,0.5503324866294861,-0.0526023805141449,0.019978148862719536,0,0.5675245523452759,-0.05415663868188858,0.29708167910575867,0.5072686076164246,-0.4958958625793457,0.49216100573539734,-0.5045228004455566,1
0.5738076567649841,-0.05447152629494667,0.31129592657089233,0.5081498622894287,-0.4963628351688385,0.49293220043182373,-0.502419650554657,0.5503324866294861,-0.0526023805141449,0.019978148862719536,0,0.5668556690216064,-0.05412411689758301,0.294871985912323,0.5069403648376465,-0.4960833489894867,0.4925190806388855,-0.5043190121650696,1
0.5732206106185913,-0.05446666106581688,0.30904877185821533,0.507823646068573,-0.49654728174209595,0.49328505992889404,-0.5022208094596863,0.5503324866294861,-0.0526023805141449,0.019978148862719536,0,0.5661755800247192,-0.054088108241558075,0.29266831278800964,0.5066120028495789,-0.4962705671787262,0.49287712574005127,-0.5041148662567139,1
0.5726218223571777,-0.054458051919937134,0.3068070709705353,0.5074971914291382,-0.4967317283153534,0.4936378598213196,-0.5020215511322021,0.5503324866294861,-0.0526023805141449,0.019978148862719536,0,0.5654844641685486,-0.054048389196395874,0.29047125577926636,0.5062834024429321,-0.4964577853679657,0.4932349920272827,-0.5039106011390686,1
0.5720117688179016,-0.05444594472646713,0.304571270942688,0.5071707963943481,-0.49691611528396606,0.4939904510974884,-0.5018221139907837,0.5503324866294861,-0.0526023805141449,0.019978148862719536,0,0.564782440662384,-0.05400479584932327,0.2882802486419678,0.5059550404548645,-0.4966449439525604,0.49359267950057983,-0.5037057995796204,1
0.5713901519775391,-0.054430145770311356,0.30234187841415405,0.5068445801734924,-0.49709993600845337,0.49434274435043335,-0.5016228556632996,0.5503324866294861,-0.0526023805141449,0.019978148862719536,0,0.5640691518783569,-0.05395769700407982,0.28609612584114075,0.5056264996528625,-0.4968317449092865,0.4939502477645874,-0.5035008192062378,1
0.5707575678825378,-0.054410453885793686,0.30011799931526184,0.5065183043479919,-0.4972837567329407,0.4946948289871216,-0.5014228820800781,0.5503324866294861,-0.0526023805141449,0.019978148862719536,0,0.563345193862915,-0.05390700697898865,0.28391802310943604,0.5052981972694397,-0.4970181882381439,0.49430763721466064,-0.5032956004142761,1
0.5701136589050293,-0.054387301206588745,0.2979000210762024,0.5061917901039124,-0.4974674582481384,0.4950469136238098,-0.5012228488922119,0.5503324866294861,-0.0526023805141449,0.019978148862719536,0,0.5626101493835449,-0.05385229364037514,0.2817469835281372,0.5049698352813721,-0.4972047507762909,0.4946647584438324,-0.5030900239944458,1
0.5694584250450134,-0.05436021462082863,0.2956889867782593,0.505865752696991,-0.4976508319377899,0.49539852142333984,-0.5010226964950562,0.5503324866294861,-0.0526023805141449,0.019978148862719536,0,0.56186443567276,-0.05379420891404152,0.27958232164382935,0.5046412944793701,-0.4973909556865692,0.4950217604637146,-0.5028843283653259,1
0.5687922239303589,-0.05432972311973572,0.29348358511924744,0.5055395364761353,-0.49783390760421753,0.4957500696182251,-0.5008223652839661,0.5503324866294861,-0.0526023805141449,0.019978148862719536,0,0.5611078143119812,-0.053732410073280334,0.27742457389831543,0.5043129324913025,-0.4975772500038147,0.49537843465805054,-0.5026783347129822,1
0.5681149363517761,-0.054295312613248825,0.29128408432006836,0.5052130818367004,-0.498017281293869,0.49610161781311035,-0.5006213188171387,0.5503324866294861,-0.0526023805141449,0.019978148862719536,0,0.5603404641151428,-0.05366700142621994,0.27527347207069397,0.5039845108985901,-0.497763067483902,0.49573516845703125,-0.5024719834327698,1
0.5674265027046204,-0.05425743758678436,0.2890915274620056,0.5048868656158447,-0.4981999695301056,0.4964527189731598,-0.5004205107688904,0.5503324866294861,-0.0526023805141449,0.019978148862719536,0,0.5595624446868896,-0.05359771475195885,0.27312910556793213,0.5036560893058777,-0.49794894456863403,0.4960915744304657,-0.5022653937339783,1
0.5667270421981812,-0.05421566218137741,0.2869051694869995,0.5045607089996338,-0.49838265776634216,0.4968036711215973,-0.5002192258834839,0.5503324866294861,-0.0526023805141449,0.019978148862719536,0,0.5587735772132874,-0.05352487042546272,0.2709912657737732,0.5033273100852966,-0.4981347620487213,0.4964483380317688,-0.5020580291748047,1
0.5660167336463928,-0.054170459508895874,0.28472501039505005,0.5042343735694885,-0.4985651671886444,0.49715450406074524,-0.5000177025794983,0.5503324866294861,-0.0526023805141449,0.019978148862719536,0,0.5579741597175598,-0.05344846099615097,0.26886096596717834,0.5029988288879395,-0.4983201324939728,0.49680453538894653,-0.5018509030342102,1
0.5652953386306763,-0.05412157624959946,0.28255143761634827,0.5039082169532776,-0.49874740839004517,0.49750518798828125,-0.49981608986854553,0.5503324866294861,-0.0526023805141449,0.019978148862719536,0,0.557164192199707,-0.05336814373731613,0.26673778891563416,0.5026705265045166,-0.4985053539276123,0.4971604645252228,-0.5016433596611023,1
0.5645632147789001,-0.05406878888607025,0.28038498759269714,0.503582239151001,-0.49892956018447876,0.49785518646240234,-0.4996142089366913,0.5503324866294861,-0.0526023805141449,0.019978148862719536,0,0.5563435554504395,-0.053284380584955215,0.2646211087703705,0.5023418664932251,-0.49869057536125183,0.49751657247543335,-0.501435399055481,1
0.5638201832771301,-0.05401265621185303,0.27822476625442505,0.5032559633255005,-0.49911147356033325,0.4982055127620697,-0.49941202998161316,0.5503324866294861,-0.0526023805141449,0.019978148862719536,0,0.5555124282836914,-0.05319695174694061,0.2625119090080261,0.5020133256912231,-0.4988754987716675,0.4978724718093872,-0.5012272596359253,1
0.5630664229393005,-0.05395258963108063,0.27607154846191406,0.5029299259185791,-0.49929317831993103,0.49855533242225647,-0.49920961260795593,0.5503324866294861,-0.0526023805141449,0.019978148862719536,0,0.5546708703041077,-0.05310568958520889,0.2604095935821533,0.5016846656799316,-0.4990605413913727,0.4982283115386963,-0.5010184645652771,1
0.5623021125793457,-0.05388907343149185,0.2739250659942627,0.5026040077209473,-0.4994744658470154,0.49890488386154175,-0.49900731444358826,0.5503324866294861,-0.0526023805141449,0.019978148862719536,0,0.5538188219070435,-0.053010981529951096,0.2583150863647461,0.5013562440872192,-0.49924516677856445,0.49858358502388,-0.500809907913208,1
0.5615269541740417,-0.05382198840379715,0.27178552746772766,0.5022778511047363,-0.4996557831764221,0.4992542862892151,-0.4988047480583191,0.5503324866294861,-0.0526023805141449,0.019978148862719536,0,0.5529565811157227,-0.0529126301407814,0.2562275528907776,0.5010277628898621,-0.49942952394485474,0.49893903732299805,-0.5006008148193359,1
0.5607410669326782,-0.053751181811094284,0.26965296268463135,0.5019518733024597,-0.4998367130756378,0.4996034502983093,-0.4986018240451813,0.5503324866294861,-0.0526023805141449,0.019978148862719536,0,0.5520838499069214,-0.0528106614947319,0.25414741039276123,0.5006991624832153,-0.49961385130882263,0.4992941915988922,-0.5003914833068848,1
0.559944748878479,-0.0536765530705452,0.2675272226333618,0.5016259551048279,-0.5000177025794983,0.49995240569114685,-0.49839866161346436,0.5503324866294861,-0.0526023805141449,0.019978148862719536,0,0.5512010455131531,-0.052704885601997375,0.252074658870697,0.5003705620765686,-0.49979808926582336,0.4996492564678192,-0.5001816749572754,1
0.5591379404067993,-0.0535985603928566,0.2654086947441101,0.5012999176979065,-0.5001984238624573,0.5003011226654053,-0.49819546937942505,0.5503324866294861,-0.0526023805141449,0.019978148862719536,0,0.5503078699111938,-0.05259563773870468,0.2500096261501312,0.5000418424606323,-0.4999820590019226,0.5000041723251343,-0.499971866607666,1
0.5583205223083496,-0.053516700863838196,0.26329711079597473,0.5009741187095642,-0.5003789067268372,0.5006498098373413,-0.4979916214942932,0.5503324866294861,-0.0526023805141449,0.019978148862719536,1,0.5583205223083496,-0.053516700863838196,0.26329711079597473,0.5009741187095642,-0.5003789067268372,0.5006498098373413,-0.4979916214942932,0
0.5579794645309448,-0.05345391854643822,0.26185572147369385,0.5005546808242798,-0.5007590055465698,0.5013810396194458,-0.4972950220108032,0.5503324866294861,-0.0526023805141449,0.019978148862719536,1,0.5583205223083496,-0.053516700863838196,0.26329711079597473,0.5009741187095642,-0.5003789067268372,0.5006498098373413,-0.4979916214942932,0
0.5579898357391357,-0.053455956280231476,0.2610813081264496,0.5002594590187073,-0.5010514855384827,0.5019295811653137,-0.4967440068721771,0.5503324866294861,-0.0526023805141449,0.019978148862719536,1,0.5583205223083496,-0.053516700863838196,0.26329711079597473,0.5009741187095642,-0.5003789067268372,0.5006498098373413,-0.4979916214942932,0
0.5580320358276367,-0.053470760583877563,0.26057344675064087,0.5000704526901245,-0.5012359023094177,0.5022815465927124,-0.49639230966567993,0.5503324866294861,-0.0526023805141449,0.019978148862719536,1,0.5583205223083496,-0.053516700863838196,0.26329711079597473,0.5009741187095642,-0.5003789067268372,0.5006498098373413,-0.4979916214942932,0
0.5580723881721497,-0.05348397046327591,0.26018619537353516,0.4999275803565979,-0.5013754963874817,0.5025472640991211,-0.4961262345314026,0.5503324866294861,-0.0526023805141449,0.019978148862719536,1,0.5583205223083496,-0.053516700863838196,0.26329711079597473,0.5009741187095642,-0.5003789067268372,0.5006498098373413,-0.4979916214942932,0
0.558108925819397,-0.053494252264499664,0.2598658800125122,0.4998103380203247,-0.501491367816925,0.502765953540802,-0.4959055483341217,0.5503324866294861,-0.0526023805141449,0.019978148862719536,1,0.5583205223083496,-0.053516700863838196,0.26329711079597473,0.5009741187095642,-0.5003789067268372,0.5006498098373413,-0.4979916214942932,0
0.5581414699554443,-0.05350252240896225,0.2595887780189514,0.4997093379497528,-0.5015917420387268,0.5029543042182922,-0.4957147538661957,0.5503324866294861,-0.0526023805141449,0.019978148862719536,1,0.5583205223083496,-0.053516700863838196,0.26329711079597473,0.5009741187095642,-0.5003789067268372,0.5006498098373413,-0.4979916214942932,0
0.558171272277832,-0.05351272225379944,0.2593495547771454,0.49961885809898376,-0.5016797184944153,0.503116250038147,-0.4955527186393738,0.5502502918243408,-0.0520552322268486,0.020242543891072273,1,0.5583205223083496,-0.053516700863838196,0.26329711079597473,0.5009741187095642,-0.5003789067268372,0.5006498098373413,-0.4979916214942932,0
0.5581976771354675,-0.05351961404085159,0.259135365486145,0.4995408058166504,-0.5017569661140442,0.5032616257667542,-0.4954054057598114,0.550126314163208,-0.052107952535152435,0.020327458158135414,1,0.5581976771354675,-0.05351961404085159,0.259135365486145,0.4995408058166504,-0.5017569661140442,0.5032616257667542,-0.4954054057598114,0
0.5582085847854614,-0.05351579561829567,0.2587187886238098,0.49940335750579834,-0.5018977522850037,0.5035163164138794,-0.4951426386833191,0.549947202205658,-0.05217679589986801,0.019946465268731117,1,0.5639775395393372,-0.05359572172164917,0.2661782503128052,0.5031309723854065,-0.49964284896850586,0.49918755888938904,-0.4980238974094391,0
0.5586788654327393,-0.05351308360695839,0.2586202919483185,0.49944007396698,-0.5019844770431519,0.5036625862121582,-0.49486884474754333,0.5502114295959473,-0.052239201962947845,0.019892003387212753,1,0.5696250796318054,-0.05359872803092003,0.27330589294433594,0.5067178010940552,-0.4975071847438812,0.49509304761886597,-0.5006060004234314,0
0.5596446990966797,-0.053517114371061325,0.2590552270412445,0.49975907802581787,-0.5019168257713318,0.5035149455070496,-0.4947657287120819,0.5511214733123779,-0.05231907591223717,0.020284030586481094,1,0.5751386284828186,-0.053529564291238785,0.2805151343345642,0.5103011727333069,-0.49534958600997925,0.4909783899784088,-0.5031517744064331,0
0.5610888004302979,-0.053530506789684296,0.26009422540664673,0.5003864169120789,-0.5016610622406006,0.503010094165802,-0.4949043393135071,0.5528926253318787,-0.05239138752222061,0.0211025457829237,1,0.580515444278717,-0.053389038890600204,0.28780311346054077,0.5138803124427795,-0.4931705594062805,0.4868437945842743,-0.5056608319282532,0
0.5629714131355286,-0.05355194956064224,0.2617398798465729,0.5013138055801392,-0.5012140274047852,0.5021401047706604,-0.49530214071273804,0.555400013923645,-0.052475351840257645,0.02247699536383152,1,0.5857540965080261,-0.053177595138549805,0.2951672077178955,0.5174553990364075,-0.4909698963165283,0.4826893210411072,-0.5081331729888916,0
0.5652451515197754,-0.053576163947582245,0.26396289467811584,0.5025215744972229,-0.5005839467048645,0.5009219646453857,-0.4959484040737152,0.5585610866546631,-0.05257415026426315,0.02440921775996685,1,0.5908520817756653,-0.05289630591869354,0.30260470509529114,0.5210260152816772,-0.4887474775314331,0.4785153567790985,-0.5105690360069275,0
0.5678622722625732,-0.053597450256347656,0.26672089099884033,0.5039849281311035,-0.49978435039520264,0.49938249588012695,-0.49682173132896423,0.5623056292533875,-0.052681177854537964,0.0268678180873394,1,0.5958079099655151,-0.05254562199115753,0.31011271476745605,0.5245918035507202,-0.4865037202835083,0.4743216335773468,-0.5129682421684265,0
0.5707729458808899,-0.05360803380608559,0.2699662446975708,0.5056769251823425,-0.49883124232292175,0.49755412340164185,-0.497893750667572,0.5665597915649414,-0.05278734862804413,0.029812591150403023,1,0.6006191968917847,-0.052126675844192505,0.3176884651184082,0.5281524062156677,-0.48423871397972107,0.4701085388660431,-0.5153307318687439,0
0.5739223957061768,-0.0535985566675663,0.27363693714141846,0.5075656175613403,-0.4977463185787201,0.4954794943332672,-0.4991251230239868,0.5712371468544006,-0.0528775155544281,0.033190056681632996,1,0.6052843332290649,-0.05164002627134323,0.3253285884857178,0.5317075252532959,-0.481952428817749,0.46587666869163513,-0.5176560282707214,0
0.5772715210914612,-0.05356275662779808,0.2776918411254883,0.509628176689148,-0.4965437352657318,0.49318650364875793,-0.500490128993988,0.5762770771980286,-0.05294232442975044,0.03696432709693909,1,0.6098014712333679,-0.051086947321891785,0.3330305814743042,0.5352568030357361,-0.4796450436115265,0.4616259038448334,-0.5199445486068726,0
0.5807856321334839,-0.05349534749984741,0.2820967137813568,0.5118455290794373,-0.49523448944091797,0.4906977415084839,-0.5019687414169312,0.5816273093223572,-0.0529746450483799,0.04110676795244217,1,0.614169180393219,-0.05046796053647995,0.3407914638519287,0.538800060749054,-0.47731640934944153,0.4573562741279602,-0.5221959948539734,0
0.5844330191612244,-0.05339226871728897,0.2868225574493408,0.5142006278038025,-0.4938277006149292,0.4880322813987732,-0.5035436153411865,0.5872409343719482,-0.052968159317970276,0.045592837035655975,1,0.6183853149414062,-0.04978419840335846,0.3486081063747406,0.5423368811607361,-0.47496700286865234,0.4530678987503052,-0.5244104862213135,0
0.588184654712677,-0.053249068558216095,0.291843444108963,0.5166788697242737,-0.49233144521713257,0.48520681262016296,-0.5051999688148499,0.5930754542350769,-0.05290980637073517,0.05040145665407181,1,0.6224485039710999,-0.04903692379593849,0.35647785663604736,0.5458670854568481,-0.4725964069366455,0.4487612843513489,-0.5265880823135376,0
0.5920137166976929,-0.053062327206134796,0.29713571071624756,0.5192662477493286,-0.49075305461883545,0.4822365343570709,-0.5069239139556885,0.5990925431251526,-0.052810292690992355,0.05551188066601753,1,0.6263574957847595,-0.0482267290353775,0.3643973767757416,0.5493902564048767,-0.4702048599720001,0.4444364011287689,-0.5287284851074219,0
0.5958964824676514,-0.052828870713710785,0.3026793897151947,0.5219513773918152,-0.4890984296798706,0.47913387417793274,-0.5087044835090637,0.6052381992340088,-0.052399005740880966,0.0609232522547245,1,0.6301103830337524,-0.04735506325960159,0.37236303091049194,0.552905797958374,-0.4677930772304535,0.44009387493133545,-0.5308316349983215,0
0.5998104810714722,-0.05254538357257843,0.30845463275909424,0.524723470211029,-0.4873730540275574,0.4759112298488617,-0.5105302929878235,0.6115203499794006,-0.052164122462272644,0.06654337793588638,1,0.6337057948112488,-0.0464225709438324,0.3803728222846985,0.5564138889312744,-0.4653603434562683,0.43573346734046936,-0.5328973531723022,0
0.6037358641624451,-0.05220979079604149,0.31444406509399414,0.5275726318359375,-0.48558276891708374,0.47257891297340393,-0.5123921036720276,0.61789470911026,-0.051963482052087784,0.07243511080741882,1,0.6371424198150635,-0.04543113708496094,0.388423353433609,0.5599138736724854,-0.4629065692424774,0.43135538697242737,-0.5349264740943909,0
0.6076544523239136,-0.05182016268372536,0.3206321597099304,0.5304903388023376,-0.4837312400341034,0.46914610266685486,-0.5142819285392761,0.6243230700492859,-0.051693495362997055,0.07858569920063019,1,0.6404191851615906,-0.04438085854053497,0.3965107202529907,0.5634053349494934,-0.46043330430984497,0.4269601106643677,-0.5369176864624023,0
0.6115499138832092,-0.05137505754828453,0.3270033001899719,0.5334684252738953,-0.4818229675292969,0.4656217694282532,-0.5161921977996826,0.6307885646820068,-0.051333505660295486,0.0849628821015358,1,0.6435345411300659,-0.0432734452188015,0.40463340282440186,0.5668886303901672,-0.45793887972831726,0.4225470721721649,-0.5388721227645874,0
0.6154071092605591,-0.05087273567914963,0.3335452377796173,0.5365006923675537,-0.47986117005348206,0.46201252937316895,-0.5181165337562561,0.6372661590576172,-0.050893671810626984,0.09155634045600891,1,0.6464877128601074,-0.04211040586233139,0.4127863347530365,0.5703626871109009,-0.4554242491722107,0.4181177020072937,-0.5407889485359192,0
0.6192126274108887,-0.050312589854002,0.3402441740036011,0.5395798087120056,-0.47784948348999023,0.45832598209381104,-0.5200487375259399,0.6437406539916992,-0.05036978796124458,0.09834782779216766,1,0.6492772102355957,-0.0408923402428627,0.4209674894809723,0.5738276839256287,-0.45288947224617004,0.41367122530937195,-0.5426684021949768,0
0.622954249382019,-0.04969346523284912,0.3470890522003174,0.5427006483078003,-0.4757905602455139,0.45456790924072266,-0.5219839215278625,0.6502457857131958,-0.04966586083173752,0.10528315603733063,1,0.6519020199775696,-0.03962108492851257,0.42917394638061523,0.577282726764679,-0.45033466815948486,0.40920811891555786,-0.5445107817649841,0
0.6266205906867981,-0.04901530593633652,0.35406896471977234,0.5458582043647766,-0.4736870527267456,0.45074355602264404,-0.5239174962043762,0.6566359400749207,-0.049016617238521576,0.11246228218078613,1,0.6543614864349365,-0.03829733282327652,0.4374014735221863,0.5807280540466309,-0.447759747505188,0.4047287404537201,-0.546315610408783,0
0.6302019357681274,-0.04827738553285599,0.36117300391197205,0.5490472912788391,-0.4715418815612793,0.446858674287796,-0.5258446335792542,0.6629711389541626,-0.048294324427843094,0.11981230974197388,1,0.6566542983055115,-0.0369228757917881,0.44564831256866455,0.5841631889343262,-0.4451647698879242,0.4002329707145691,-0.5480831265449524,0
0.6336891055107117,-0.04748041182756424,0.36839258670806885,0.5522640347480774,-0.4693562388420105,0.4429169297218323,-0.5277628898620605,0.6692445874214172,-0.047481972724199295,0.12731675803661346,1,0.6587800979614258,-0.03549860417842865,0.45390957593917847,0.5875877737998962,-0.44255030155181885,0.39572134613990784,-0.5498130917549133,0
0.6370735168457031,-0.04662413150072098,0.3757185935974121,0.5555046796798706,-0.4671325385570526,0.4389222264289856,-0.5296686887741089,0.6754432916641235,-0.04658696427941322,0.13496796786785126,1,0.6607376337051392,-0.03402595594525337,0.4621836543083191,0.5910014510154724,-0.4399157762527466,0.3911936581134796,-0.5515059232711792,0
0.6403480768203735,-0.04570872336626053,0.383142352104187,0.5587655901908875,-0.464872807264328,0.4348789155483246,-0.5315585732460022,0.6815593838691711,-0.04561469703912735,0.1427554041147232,1,0.6625267863273621,-0.03250666707754135,0.47046589851379395,0.5944039821624756,-0.4372617304325104,0.38665062189102173,-0.5531611442565918,0
0.6435060501098633,-0.04473491013050079,0.3906559348106384,0.5620436668395996,-0.46257826685905457,0.4307895004749298,-0.5334309339523315,0.6876251101493835,-0.04449140653014183,0.1506434828042984,1,0.664146363735199,-0.03094147890806198,0.47875428199768066,0.5977950096130371,-0.4345882534980774,0.3820917308330536,-0.5547791719436646,0
0.6465413570404053,-0.04370325058698654,0.39825165271759033,0.5653360486030579,-0.4602503478527069,0.42665767669677734,-0.5352829694747925,0.6935285329818726,-0.043360594660043716,0.15869054198265076,1,0.6655961275100708,-0.029332350939512253,0.4870447814464569,0.6011741757392883,-0.43189525604248047,0.37751829624176025,-0.5563596487045288,0
0.6494482159614563,-0.04261453077197075,0.4059234857559204,0.5686405897140503,-0.45789018273353577,0.4224849045276642,-0.5371133685112,0.6992951035499573,-0.042189765721559525,0.16687051951885223,1,0.6668756604194641,-0.0276801660656929,0.49533432722091675,0.6045414209365845,-0.4291830062866211,0.3729293942451477,-0.5579025149345398,0
0.6522219181060791,-0.04146963357925415,0.41366326808929443,0.5719543695449829,-0.45549944043159485,0.41827499866485596,-0.5389196872711182,0.7049418091773987,-0.04094136878848076,0.175159752368927,1,0.6679842472076416,-0.02598683163523674,0.503619909286499,0.6078961491584778,-0.4264514744281769,0.3683258295059204,-0.5594081282615662,0
0.654857873916626,-0.040269315242767334,0.4214651882648468,0.5752755403518677,-0.45307886600494385,0.4140293002128601,-0.5407006144523621,0.7104670405387878,-0.03960257023572922,0.18354865908622742,1,0.668921709060669,-0.024253269657492638,0.5118981003761292,0.6112381815910339,-0.423700749874115,0.3637074828147888,-0.5608764886856079,0
0.6573519110679626,-0.03901485726237297,0.4293229281902313,0.5786020159721375,-0.45062944293022156,0.4097502827644348,-0.5424549579620361,0.7158657908439636,-0.038188982754945755,0.1920306384563446,1,0.6696879267692566,-0.022481447085738182,0.5201655626296997,0.6145671606063843,-0.4209310710430145,0.3590748906135559,-0.5623071789741516,0
0.6597006320953369,-0.03770724684000015,0.43723106384277344,0.5819320678710938,-0.4481521546840668,0.40543898940086365,-0.544181764125824,0.7211702466011047,-0.03662949055433273,0.20058083534240723,1,0.6702824831008911,-0.020672470331192017,0.5284194350242615,0.6178829073905945,-0.4181424081325531,0.35442790389060974,-0.5637006163597107,0
0.6619006991386414,-0.03634738177061081,0.44518351554870605,0.5852643847465515,-0.4456477761268616,0.4010975956916809,-0.5458793640136719,0.7262636423110962,-0.03507743030786514,0.2092454731464386,1,0.6707260012626648,-0.018711581826210022,0.5371702909469604,0.621390700340271,-0.4151589870452881,0.34947532415390015,-0.5651403069496155,0
0.663964569568634,-0.03493171185255051,0.45320647954940796,0.5886099338531494,-0.4431087374687195,0.3967141807079315,-0.5475499033927917,0.7312049269676208,-0.0334775447845459,0.21803532540798187,1,0.6709756255149841,-0.0167121309787035,0.5458980202674866,0.6248828172683716,-0.4121544361114502,0.34450721740722656,-0.5665375590324402,0
0.6658852696418762,-0.033458806574344635,0.4613036513328552,0.5919720530509949,-0.44053077697753906,0.39228159189224243,-0.5491964817047119,0.736021101474762,-0.03179476410150528,0.22694286704063416,1,0.67103111743927,-0.014676399528980255,0.554598867893219,0.628358781337738,-0.4091287851333618,0.3395237624645233,-0.5678930282592773,0
0.6676550507545471,-0.031929150223731995,0.46947091817855835,0.5953490138053894,-0.4379139244556427,0.38779953122138977,-0.5508196949958801,0.7407183051109314,-0.030018862336874008,0.23595966398715973,1,0.6708928942680359,-0.012605657801032066,0.5632688403129578,0.6318182945251465,-0.40608248114585876,0.3345247805118561,-0.5692062377929688,0
0.6692672371864319,-0.030343566089868546,0.47770190238952637,0.5987386107444763,-0.4352589547634125,0.38326969742774963,-0.5524182915687561,0.7452712655067444,-0.028162667527794838,0.24508465826511383,1,0.6705610156059265,-0.010502281598746777,0.5719040632247925,0.6352607607841492,-0.40301525592803955,0.3295113146305084,-0.5704776644706726,0
0.6707167625427246,-0.028703587129712105,0.485988587141037,0.6021384000778198,-0.4325668215751648,0.37869423627853394,-0.55399090051651,0.749667227268219,-0.026230864226818085,0.2543116509914398,1,0.6700357794761658,-0.0083675067871809,0.5805010199546814,0.6386861205101013,-0.3999274671077728,0.32448315620422363,-0.5717068314552307,0
0.6719991564750671,-0.027010738849639893,0.4943229556083679,0.6055458188056946,-0.4298388361930847,0.37407591938972473,-0.5555357933044434,0.7538986206054688,-0.024225397035479546,0.26363253593444824,1,0.6693176627159119,-0.006203744560480118,0.5890551805496216,0.6420935392379761,-0.3968195915222168,0.3194408118724823,-0.5728940367698669,0
0.6731104254722595,-0.02526683919131756,0.5026969909667969,0.6089581847190857,-0.42707669734954834,0.36941707134246826,-0.5570514798164368,0.7579591870307922,-0.022147949784994125,0.2730391025543213,1,0.6684069633483887,-0.004012318328022957,0.5975632071495056,0.6454831957817078,-0.39369118213653564,0.3143843710422516,-0.5740392804145813,0
0.67404705286026,-0.023473288863897324,0.5111032724380493,0.6123738884925842,-0.42428115010261536,0.3647201359272003,-0.5585364103317261,0.7618431448936462,-0.020000280812382698,0.2825232744216919,1,0.6673044562339783,-0.0017956001684069633,0.6060213446617126,0.6488543748855591,-0.39054247736930847,0.30931392312049866,-0.5751428604125977,0
0.6748060584068298,-0.021632671356201172,0.5195345878601074,0.615790069103241,-0.42145347595214844,0.3599875271320343,-0.5599896311759949,0.7655453681945801,-0.017784075811505318,0.29207730293273926,1,0.6660105586051941,0.00044513214379549026,0.6144256591796875,0.6522068381309509,-0.3873739242553711,0.30422985553741455,-0.5762045383453369,0
0.6753851771354675,-0.01974615827202797,0.5279832482337952,0.6192054152488708,-0.4185948371887207,0.355221152305603,-0.5614097118377686,0.7690611481666565,-0.015501237474381924,0.3016936480998993,1,0.6645262837409973,0.002707448787987232,0.6227723360061646,0.6555403470993042,-0.3841855227947235,0.2991325557231903,-0.5772243738174438,0
0.6757821440696716,-0.01781579479575157,0.5364426970481873,0.6226179599761963,-0.41570624709129333,0.35042262077331543,-0.5627957582473755,0.7723864912986755,-0.013153648935258389,0.3113650679588318,1,0.6628521084785461,0.004990038461983204,0.631057858467102,0.6588544249534607,-0.38097721338272095,0.29402193427085876,-0.5782026052474976,0
0.6759949922561646,-0.01584392599761486,0.5449069738388062,0.6260262131690979,-0.4127880930900574,0.34559378027915955,-0.5641471743583679,0.7755176424980164,-0.010743203572928905,0.3210846185684204,1,0.6609894633293152,0.007290486246347427,0.639277994632721,0.6621484756469727,-0.37774959206581116,0.28889912366867065,-0.5791389346122742,0
0.6760223507881165,-0.01383216679096222,0.553368866443634,0.6294283270835876,-0.40984198451042175,0.340736448764801,-0.5654627084732056,0.7784513831138611,-0.008271891623735428,0.33084556460380554,1,0.658938467502594,0.009607512503862381,0.6474300622940063,0.6654224395751953,-0.3745023310184479,0.2837631106376648,-0.5800340175628662,0
0.6758629083633423,-0.011782770976424217,0.5618225932121277,0.6328232884407043,-0.40686798095703125,0.3358517587184906,-0.5667420625686646,0.7811847925186157,-0.005741787143051624,0.3406413793563843,1,0.6567011475563049,0.011938711628317833,0.6555095314979553,0.66867595911026,-0.37123578786849976,0.2786147892475128,-0.5808873176574707,0
0.6755155920982361,-0.009697673842310905,0.5702624320983887,0.6362096071243286,-0.403867244720459,0.33094123005867004,-0.5679845213890076,0.7837153673171997,-0.0031549406703561544,0.3504657447338104,1,0.6542782187461853,0.014282510615885258,0.6635130047798157,0.6719085574150085,-0.36795008182525635,0.27345454692840576,-0.5816994309425354,0
0.6749796867370605,-0.007578523829579353,0.5786828994750977,0.6395862102508545,-0.4008401036262512,0.3260059654712677,-0.5691895484924316,0.7860409021377563,-0.0005134628154337406,0.3603125214576721,1,0.6518293023109436,0.016498196870088577,0.6709733009338379,0.6749315857887268,-0.36484017968177795,0.2685866951942444,-0.5824260711669922,0
0.6742498874664307,-0.005435209721326828,0.5870485901832581,0.6429397463798523,-0.3977965712547302,0.32106107473373413,-0.5703561305999756,0.7881471514701843,0.002170492662116885,0.3701423704624176,1,0.649218738079071,0.018721986562013626,0.6783595085144043,0.6779355406761169,-0.36171361804008484,0.2637089788913727,-0.5831158757209778,0
0.6733333468437195,-0.003271901048719883,0.5953465104103088,0.6462659239768982,-0.3947419226169586,0.31611567735671997,-0.5714804530143738,0.7900345325469971,0.004891482647508383,0.3799385130405426,1,0.6464467644691467,0.02095193974673748,0.685670018196106,0.6809201240539551,-0.3585703372955322,0.25882095098495483,-0.5837693214416504,0
0.6722352504730225,-0.0010920995846390724,0.6035709977149963,0.649563193321228,-0.3916778564453125,0.31117287278175354,-0.5725621581077576,0.7917066216468811,0.007646674290299416,0.38969355821609497,1,0.6435151696205139,0.02318701148033142,0.6929010152816772,0.6838850378990173,-0.35541069507598877,0.2539229393005371,-0.5843864679336548,0
0.6709591746330261,0.0011027827858924866,0.6117197871208191,0.6528323292732239,-0.38860437273979187,0.3062322437763214,-0.573601245880127,0.7931667566299438,0.010434035211801529,0.39940375089645386,1,0.6404255628585815,0.02542513981461525,0.7000494599342346,0.686829686164856,-0.35223475098609924,0.2490156590938568,-0.584967315196991,0
0.6695085167884827,0.0033109597861766815,0.6197898983955383,0.6560736298561096,-0.38552144169807434,0.30129456520080566,-0.5745974183082581,0.794417679309845,0.013251920230686665,0.40906691551208496,1,0.637178897857666,0.027665354311466217,0.7071129679679871,0.6897543668746948,-0.34904253482818604,0.2440987080335617,-0.5855116844177246,0
0.6678847074508667,0.005530939437448978,0.627781331539154,0.6592875719070435,-0.3824283480644226,0.2963586151599884,-0.5755518078804016,0.7954620718955994,0.01609881781041622,0.41868162155151367,1,0.6337769031524658,0.029905900359153748,0.7140884399414062,0.6926584243774414,-0.3458341360092163,0.23917269706726074,-0.5860199332237244,0
0.6660895943641663,0.0077619776129722595,0.6356930732727051,0.6624752879142761,-0.3793249726295471,0.29142293334007263,-0.5764647722244263,0.7963020205497742,0.01897338591516018,0.4282468557357788,1,0.6302207708358765,0.03214506432414055,0.720973014831543,0.6955413222312927,-0.3426100015640259,0.23423758149147034,-0.5864924192428589,0
0.6641249656677246,0.010002637282013893,0.6435245275497437,0.6656371355056763,-0.37621021270751953,0.28648659586906433,-0.5773373246192932,0.7969395518302917,0.02187429927289486,0.437761515378952,1,0.6265125274658203,0.03438181057572365,0.7277640104293823,0.6984033584594727,-0.3393700122833252,0.22929376363754272,-0.5869283676147461,0
0.661992073059082,0.01225157268345356,0.6512740850448608,0.6687736511230469,-0.3730837106704712,0.28154903650283813,-0.5781698822975159,0.7973763942718506,0.024800267070531845,0.447224497795105,1,0.6226534843444824,0.03661424666643143,0.7344587445259094,0.7012438178062439,-0.3361140787601471,0.22434136271476746,-0.5873288512229919,0
0.6596919298171997,0.014507576823234558,0.6589415669441223,0.6718855500221252,-0.36994490027427673,0.27660873532295227,-0.5789628624916077,0.797614336013794,0.027749860659241676,0.456634521484375,1,0.6186455488204956,0.0388413667678833,0.741054356098175,0.7040627002716064,-0.33284294605255127,0.219380721449852,-0.5876932740211487,0
0.6572264432907104,0.01676979660987854,0.6665251851081848,0.6749729514122009,-0.36679333448410034,0.27166539430618286,-0.5797171592712402,0.797654926776886,0.030721791088581085,0.46599021553993225,1,0.6144902110099792,0.041061289608478546,0.747548520565033,0.7068592309951782,-0.32955625653266907,0.2144116908311844,-0.5880222320556641,0
0.6545966863632202,0.019036676734685898,0.6740237474441528,0.6780364513397217,-0.36362865567207336,0.2667178809642792,-0.5804328322410583,0.7974996566772461,0.03371467813849449,0.4752899408340454,1,0.6101894378662109,0.04327304661273956,0.7539381980895996,0.7096337676048279,-0.32625406980514526,0.2094346433877945,-0.5883155465126038,0
0.6518040895462036,0.021306633949279785,0.6814353466033936,0.6810757517814636,-0.36045071482658386,0.26176613569259644,-0.5811105370521545,0.7971499562263489,0.036727141588926315,0.48453205823898315,1,0.6057454347610474,0.04547496140003204,0.7602208852767944,0.7123858332633972,-0.3229368031024933,0.20444993674755096,-0.588573157787323,0
0.6488500237464905,0.023579098284244537,0.688758909702301,0.6840918660163879,-0.35725876688957214,0.25680914521217346,-0.5817503333091736,0.796607255935669,0.03975769504904747,0.49371469020843506,1,0.6011596918106079,0.04766547679901123,0.7663940787315369,0.7151147723197937,-0.3196045458316803,0.19945764541625977,-0.5887956023216248,0
0.6457356214523315,0.02585238218307495,0.6959922313690186,0.6870843768119812,-0.3540527820587158,0.2518465518951416,-0.5823529362678528,0.7958728671073914,0.042805008590221405,0.5028358697891235,1,0.596434473991394,0.04984363168478012,0.7724552750587463,0.7178208231925964,-0.31625744700431824,0.19445836544036865,-0.5889825224876404,0
0.6424626111984253,0.028124917298555374,0.7031337022781372,0.6900534629821777,-0.3508325219154358,0.24687813222408295,-0.5829184055328369,0.7949482202529907,0.045867543667554855,0.5118933916091919,1,0.5915719270706177,0.05200750380754471,0.7784019112586975,0.7205032706260681,-0.31289541721343994,0.18945176899433136,-0.5891343951225281,0
0.639032244682312,0.03039596788585186,0.7101812958717346,0.6929993033409119,-0.34759777784347534,0.24190320074558258,-0.5834469795227051,0.7938346862792969,0.04894387349486351,0.520885169506073,1,0.5862572193145752,0.05429021269083023,0.7845919728279114,0.7233275175094604,-0.30930742621421814,0.18412473797798157,-0.5892572402954102,0
0.6354389786720276,0.0326719805598259,0.717157244682312,0.6959330439567566,-0.34433794021606445,0.2369070202112198,-0.5839380025863647,0.7925332188606262,0.05204436928033829,0.5298388004302979,1,0.5807923674583435,0.05655378848314285,0.7906471490859985,0.7261248230934143,-0.3057030439376831,0.17879019677639008,-0.5893406271934509,0
0.6316748261451721,0.03495456278324127,0.7240655422210693,0.6988575458526611,-0.3410480320453644,0.2318810224533081,-0.5843931436538696,0.7910400629043579,0.055171266198158264,0.538761556148529,1,0.5751796960830688,0.05879721790552139,0.7965647578239441,0.7288947701454163,-0.30208227038383484,0.17344829440116882,-0.5893846750259399,0
0.6277368068695068,0.03724217787384987,0.7309038043022156,0.7017726302146912,-0.33772701025009155,0.22682377696037292,-0.5848132967948914,0.7893516421318054,0.05832352116703987,0.5476526618003845,1,0.569422721862793,0.061018429696559906,0.8023416996002197,0.7316367030143738,-0.29844561219215393,0.16809961199760437,-0.5893898010253906,0
0.623623251914978,0.03953367471694946,0.7376682758331299,0.7046772241592407,-0.3343746066093445,0.221734881401062,-0.5851984024047852,0.7874659299850464,0.061498891562223434,0.5565077662467957,1,0.563524067401886,0.06321640312671661,0.8079752326011658,0.734350860118866,-0.29479339718818665,0.16274461150169373,-0.5893554091453552,0
0.6193345785140991,0.04182663559913635,0.7443533539772034,0.7075700759887695,-0.3309914767742157,0.2166152447462082,-0.5855484008789062,0.7853819131851196,0.06469489634037018,0.565321147441864,1,0.5574860572814941,0.06538927555084229,0.8134630918502808,0.7370365858078003,-0.29112499952316284,0.15738222002983093,-0.5892826318740845,0
0.6148721575737,0.04411855712532997,0.7509530186653137,0.7104493379592896,-0.3275788426399231,0.21146702766418457,-0.585862934589386,0.7830992341041565,0.06790881603956223,0.5740861296653748,1,0.5513123273849487,0.06753598153591156,0.8188022971153259,0.7396935820579529,-0.2874414920806885,0.1520143300294876,-0.5891709327697754,0
0.6102378368377686,0.04640693962574005,0.7574611902236938,0.7133138179779053,-0.32413744926452637,0.2062917798757553,-0.5861415266990662,0.7806182503700256,0.07113786041736603,0.5827959775924683,1,0.545005738735199,0.06965473294258118,0.8239905834197998,0.7423216104507446,-0.2837425172328949,0.14664049446582794,-0.5890206098556519,0
0.6054335236549377,0.04868954047560692,0.7638722658157349,0.7161620259284973,-0.3206683397293091,0.2010907679796219,-0.5863839387893677,0.7779396176338196,0.07437921315431595,0.5914438962936401,1,0.5385688543319702,0.07174455374479294,0.8290255069732666,0.7449204325675964,-0.28002822399139404,0.14126060903072357,-0.5888319611549377,0
0.6004615426063538,0.050964221358299255,0.7701807618141174,0.7189926505088806,-0.3171725273132324,0.19586600363254547,-0.5865898132324219,0.7750644087791443,0.0776301845908165,0.6000232696533203,1,0.5320054292678833,0.07380372285842896,0.833904504776001,0.7474896311759949,-0.2762990891933441,0.13587534427642822,-0.5886050462722778,0
0.5953254699707031,0.053228314965963364,0.7763803601264954,0.7218042016029358,-0.3136509656906128,0.1906193494796753,-0.5867587924003601,0.77199387550354,0.08088818937540054,0.6085277199745178,1,0.5253188014030457,0.07583127915859222,0.8386250138282776,0.7500286102294922,-0.27255547046661377,0.13048548996448517,-0.5883399844169617,0
0.5900275111198425,0.05548001080751419,0.7824661135673523,0.724595844745636,-0.310104638338089,0.1853523552417755,-0.5868903994560242,0.7687295079231262,0.08415050804615021,0.6169511079788208,1,0.5185115933418274,0.07782559096813202,0.8431851863861084,0.752537727355957,-0.2687968313694,0.12509030103683472,-0.5880371332168579,0
0.5845703482627869,0.05771689862012863,0.7884333729743958,0.7273662090301514,-0.3065343201160431,0.18006576597690582,-0.5869849324226379,0.7652730345726013,0.0874146893620491,0.625287652015686,1,0.5115876793861389,0.07978560775518417,0.8475826382637024,0.7550160884857178,-0.26502394676208496,0.11969044059515,-0.5876964926719666,0
0.5789575576782227,0.059936802834272385,0.7942770719528198,0.7301141619682312,-0.30294111371040344,0.17476187646389008,-0.5870418548583984,0.7616263628005981,0.09067825227975845,0.6335317492485046,1,0.5045496821403503,0.08171039074659348,0.851815402507782,0.7574636340141296,-0.26123666763305664,0.11428617686033249,-0.5873183608055115,0
0.57319176197052,0.06213804706931114,0.7999928593635559,0.7328391075134277,-0.29932546615600586,0.16944147646427155,-0.5870609283447266,0.7577915787696838,0.09393878281116486,0.6416780948638916,1,0.4974016547203064,0.0835983082652092,0.8558813333511353,0.7598800659179688,-0.2574352025985718,0.10887783765792847,-0.586902916431427,0
0.5672761797904968,0.06431857496500015,0.805576741695404,0.7355399131774902,-0.29568803310394287,0.1641051322221756,-0.5870426297187805,0.7537708282470703,0.09719399362802505,0.649721622467041,1,0.4901467263698578,0.08544838428497314,0.8597782254219055,0.7622650265693665,-0.25361964106559753,0.1034654751420021,-0.5864502787590027,0
0.5612138509750366,0.06647677719593048,0.8110246062278748,0.7382160425186157,-0.29202941060066223,0.15875443816184998,-0.586986243724823,0.7495664358139038,0.1004415974020958,0.6576575636863708,1,0.4827890992164612,0.08725963532924652,0.8635041117668152,0.7646182775497437,-0.2497907280921936,0.09804964810609818,-0.5859605669975281,0
0.5550086498260498,0.06861040741205215,0.8163321614265442,0.740866482257843,-0.2883504033088684,0.15339046716690063,-0.5868918895721436,0.7451808452606201,0.10367944836616516,0.6654812097549438,1,0.4753313660621643,0.08903112262487411,0.8670575618743896,0.7669393420219421,-0.24594798684120178,0.09263032674789429,-0.585434079170227,0
0.5486630201339722,0.07071821391582489,0.8214963674545288,0.7434905767440796,-0.2846513092517853,0.14801347255706787,-0.5867599844932556,0.7406166195869446,0.10690543800592422,0.6731882095336914,1,0.4677779972553253,0.0907614454627037,0.8704362511634827,0.7692282199859619,-0.24209195375442505,0.08720819652080536,-0.5848709940910339,0
0.5421813726425171,0.07279819995164871,0.8265129923820496,0.7460876107215881,-0.2809330224990845,0.14262504875659943,-0.586590051651001,0.7358764410018921,0.11011750996112823,0.6807743310928345,1,0.4601321518421173,0.09245003014802933,0.8736387491226196,0.7714846134185791,-0.23822256922721863,0.08178291469812393,-0.5842714309692383,0
0.5355660319328308,0.07484882324934006,0.8313796520233154,0.7486570477485657,-0.2771954834461212,0.13722531497478485,-0.5863825082778931,0.7309629917144775,0.11331366747617722,0.6882354617118835,1,0.45239758491516113,0.09409560263156891,0.8766635060310364,0.7737076878547668,-0.23434032499790192,0.07635508477687836,-0.5836358070373535,0
0.5288212895393372,0.07686880230903625,0.8360924124717712,0.7511982321739197,-0.27343982458114624,0.1318153589963913,-0.5861369967460632,0.7258791923522949,0.11649197340011597,0.695567786693573,1,0.4445781111717224,0.09569761157035828,0.8795084953308105,0.7758979797363281,-0.23044517636299133,0.07092507183551788,-0.5829638838768005,0
0.5219502449035645,0.07885638624429703,0.8406487107276917,0.7537103891372681,-0.2696659564971924,0.12639588117599487,-0.5858539938926697,0.7206279635429382,0.11965055018663406,0.7027676105499268,1,0.4366777241230011,0.09725488722324371,0.8821727633476257,0.7780545353889465,-0.22653740644454956,0.0654931589961052,-0.5822564363479614,0
0.5149565935134888,0.08081028610467911,0.8450453877449036,0.756193220615387,-0.2658744156360626,0.12096697837114334,-0.5855334401130676,0.715212345123291,0.12278757244348526,0.7098312377929688,1,0.42869994044303894,0.09876699000597,0.8846544027328491,0.7801773548126221,-0.2226172238588333,0.06005944311618805,-0.5815132260322571,0
0.507844090461731,0.08272917568683624,0.8492795825004578,0.7586463689804077,-0.2620655298233032,0.1155298501253128,-0.5851753354072571,0.7096353769302368,0.1259012520313263,0.716755211353302,1,0.42064881324768066,0.1002328172326088,0.88695228099823,0.7822662591934204,-0.21868477761745453,0.05462397262454033,-0.5807346105575562,0
0.5006164312362671,0.0846114307641983,0.8533490300178528,0.7610689997673035,-0.2582398056983948,0.11008480191230774,-0.5847798585891724,0.7039002776145935,0.12898992002010345,0.7235363125801086,1,0.4125274419784546,0.10165201872587204,0.8890655040740967,0.7843208312988281,-0.2147398591041565,0.049187034368515015,-0.5799208283424377,0
0.4932771325111389,0.086455799639225,0.857250988483429,0.7634604573249817,-0.25439754128456116,0.10463248193264008,-0.5843474268913269,0.6980103850364685,0.13205182552337646,0.730171263217926,1,0.404340922832489,0.10302358865737915,0.8909923434257507,0.786340594291687,-0.21078339219093323,0.04374944791197777,-0.5790723562240601,0
0.4858301281929016,0.08826159685850143,0.8609828352928162,0.7658209204673767,-0.2505388855934143,0.09917326271533966,-0.5838776230812073,0.6919689774513245,0.135085329413414,0.7366570234298706,1,0.39609235525131226,0.10434725135564804,0.8927319645881653,0.7883256077766418,-0.2068149745464325,0.03831085190176964,-0.5781888961791992,0
0.4782789945602417,0.09002728015184402,0.8645428419113159,0.7681496739387512,-0.24666450917720795,0.09370765089988708,-0.5833708047866821,0.685779333114624,0.13808894157409668,0.7429904937744141,1,0.3877865672111511,0.10562210530042648,0.894282877445221,0.790275514125824,-0.2028355747461319,0.032872218638658524,-0.5772708654403687,0
0.4706280827522278,0.0917515903711319,0.8679282069206238,0.7704460024833679,-0.24277478456497192,0.0882364958524704,-0.5828273296356201,0.6794450283050537,0.14106109738349915,0.7491688132286072,1,0.37942618131637573,0.10684794932603836,0.8956447839736938,0.7921899557113647,-0.1988443285226822,0.027432797476649284,-0.5763187408447266,0
0.4628808796405792,0.09343387931585312,0.8711371421813965,0.7727099657058716,-0.23886960744857788,0.08275969326496124,-0.5822468400001526,0.6729695200920105,0.14400029182434082,0.7551892399787903,1,0.37101656198501587,0.10802400857210159,0.8968162536621094,0.7940688729286194,-0.19484220445156097,0.02199389971792698,-0.5753324627876282,0
0.45504099130630493,0.0950726792216301,0.8741678595542908,0.7749407291412354,-0.23494915664196014,0.0772775337100029,-0.5816303491592407,0.6663564443588257,0.14690518379211426,0.761049211025238,1,0.3625604212284088,0.1091499999165535,0.8977970480918884,0.7959117293357849,-0.1908288449048996,0.016554540023207664,-0.5743123888969421,0
