0.3625604212284088,0.1091499999165535,0.8977970480918884,0.7959117293357849,-0.1908288449048996,0.016554540023207664,-0.5743123888969421,0.737476110458374,-0.18554174900054932,0.019999999552965164,0,0.3625604212284088,0.1091499999165535,0.8977970480918884,0.7959117293357849,-0.1908288449048996,0.016554540023207664,-0.5743123888969421,1
0.3628040552139282,0.10916154831647873,0.8976776003837585,0.7959170937538147,-0.19090838730335236,0.016660241410136223,-0.5742754340171814,0.737476110458374,-0.18554174900054932,0.01981772482395172,0,0.3625604212284088,0.1091499999165535,0.8977970480918884,0.7959117293357849,-0.1908288449048996,0.016554540023207664,-0.5743123888969421,1
0.3632446825504303,0.10916890949010849,0.8974825739860535,0.7959179878234863,-0.1910729855298996,0.016885489225387573,-0.574212908744812,0.737476110458374,-0.18554174900054932,0.019884353503584862,0,0.3625604212284088,0.1091499999165535,0.8977970480918884,0.7959117293357849,-0.1908288449048996,0.016554540023207664,-0.5743123888969421,1
0.36376747488975525,0.10917111486196518,0.8972581028938293,0.7959133982658386,-0.1912766695022583,0.017166968435049057,-0.5741432309150696,0.737476110458374,-0.18554174900054932,0.019923372194170952,0,0.3625604212284088,0.1091499999165535,0.8977970480918884,0.7959117293357849,-0.1908288449048996,0.016554540023207664,-0.5743123888969421,1
0.3643089532852173,0.10917005687952042,0.8970283269882202,0.7959052920341492,-0.1914910078048706,0.01746424101293087,-0.5740739107131958,0.737476110458374,-0.18554174900054932,0.019946129992604256,0,0.3625604212284088,0.1091499999165535,0.8977970480918884,0.7959117293357849,-0.1908288449048996,0.016554540023207664,-0.5743123888969421,1
0.36483412981033325,0.10916749387979507,0.8968064785003662,0.7958957552909851,-0.19170089066028595,0.017755331471562386,-0.5740082263946533,0.737476110458374,-0.18554174900054932,0.019959425553679466,0,0.3625604212284088,0.1091499999165535,0.8977970480918884,0.7959117293357849,-0.1908288449048996,0.016554540023207664,-0.5743123888969421,1
0.3653259873390198,0.10916423052549362,0.8965990543365479,0.7958859801292419,-0.19189804792404175,0.01802937313914299,-0.5739471912384033,0.737476110458374,-0.18554174900054932,0.019967196509242058,0,0.3625604212284088,0.1091499999165535,0.8977970480918884,0.7959117293357849,-0.1908288449048996,0.016554540023207664,-0.5743123888969421,1
0.36577728390693665,0.10916095972061157,0.89640873670578,0.7958768010139465,-0.19207923114299774,0.01828133687376976,-0.5738914608955383,0.737476110458374,-0.18554174900054932,0.01997174322605133,0,0.3625604212284088,0.1091499999165535,0.8977970480918884,0.7959117293357849,-0.1908288449048996,0.016554540023207664,-0.5743123888969421,1
0.366186261177063,0.10915781557559967,0.8962359428405762,0.7958679795265198,-0.1922435611486435,0.018509861081838608,-0.5738412737846375,0.737476110458374,-0.18554174900054932,0.019974403083324432,0,0.3625604212284088,0.1091499999165535,0.8977970480918884,0.7959117293357849,-0.1908288449048996,0.016554540023207664,-0.5743123888969421,1
0.3665536642074585,0.1091550812125206,0.8960806727409363,0.7958602905273438,-0.19239117205142975,0.01871492713689804,-0.5737957954406738,0.737476110458374,-0.18554174900054932,0.01997595839202404,0,0.3625604212284088,0.1091499999165535,0.8977970480918884,0.7959117293357849,-0.1908288449048996,0.016554540023207664,-0.5743123888969421,1
0.36688217520713806,0.10915274918079376,0.895941436290741,0.7958534359931946,-0.1925230473279953,0.018898339942097664,-0.5737552642822266,0.737476110458374,-0.18554174900054932,0.019976869225502014,0,0.3625604212284088,0.1091499999165535,0.8977970480918884,0.7959117293357849,-0.1908288449048996,0.016554540023207664,-0.5743123888969421,1
0.3671749234199524,0.10915068536996841,0.8958170413970947,0.7958471775054932,-0.1926405429840088,0.019061513245105743,-0.5737189054489136,0.737476110458374,-0.18554174900054932,0.019977401942014694,0,0.3625604212284088,0.1091499999165535,0.8977970480918884,0.7959117293357849,-0.1908288449048996,0.016554540023207664,-0.5743123888969421,1
0.36743536591529846,0.10914917290210724,0.8957062363624573,0.7958419322967529,-0.19274485111236572,0.019206577911973,-0.5736864805221558,0.737476110458374,-0.18554174900054932,0.019977713003754616,0,0.3625604212284088,0.1091499999165535,0.8977970480918884,0.7959117293357849,-0.1908288449048996,0.016554540023207664,-0.5743123888969421,1
0.3676663637161255,0.10914792865514755,0.8956077694892883,0.7958371639251709,-0.19283725321292877,0.019334783777594566,-0.5736575722694397,0.737476110458374,-0.18554174900054932,0.01997789368033409,0,0.3625604212284088,0.1091499999165535,0.8977970480918884,0.7959117293357849,-0.1908288449048996,0.016554540023207664,-0.5743123888969421,1
0.3678717017173767,0.10914682596921921,0.8955199718475342,0.7958332300186157,-0.1929192990064621,0.019448645412921906,-0.573631763458252,0.737476110458374,-0.18554174900054932,0.019978001713752747,0,0.3625604212284088,0.1091499999165535,0.8977970480918884,0.7959117293357849,-0.1908288449048996,0.016554540023207664,-0.5743123888969421,1
0.3680533766746521,0.10914600640535355,0.8954421877861023,0.795829713344574,-0.19299162924289703,0.01954904943704605,-0.5736088156700134,0.737476110458374,-0.18554174900054932,0.01997806318104267,0,0.3625604212284088,0.1091499999165535,0.8977970480918884,0.7959117293357849,-0.1908288449048996,0.016554540023207664,-0.5743123888969421,1
0.3682141900062561,0.10914544761180878,0.8953732252120972,0.79582679271698,-0.19305557012557983,0.01963799074292183,-0.5735883712768555,0.737476110458374,-0.18554174900054932,0.019978100433945656,0,0.3625604212284088,0.1091499999165535,0.8977970480918884,0.7959117293357849,-0.1908288449048996,0.016554540023207664,-0.5743123888969421,1
0.3683570623397827,0.10914503037929535,0.8953116536140442,0.7958241105079651,-0.19311225414276123,0.019716612994670868,-0.5735701322555542,0.737476110458374,-0.18554174900054932,0.019978120923042297,0,0.3625604212284088,0.1091499999165535,0.8977970480918884,0.7959117293357849,-0.1908288449048996,0.016554540023207664,-0.5743123888969421,1
0.36848360300064087,0.10914475470781326,0.8952572345733643,0.7958218455314636,-0.1931624412536621,0.019786084070801735,-0.5735539793968201,0.737476110458374,-0.18554174900054932,0.019978133961558342,0,0.3625604212284088,0.1091499999165535,0.8977970480918884,0.7959117293357849,-0.1908288449048996,0.016554540023207664,-0.5743123888969421,1
0.36859551072120667,0.10914462059736252,0.8952088356018066,0.7958201169967651,-0.19320662319660187,0.019847365096211433,-0.5735394358634949,0.737476110458374,-0.18554174900054932,0.01997814141213894,0,0.3625604212284088,0.1091499999165535,0.8977970480918884,0.7959117293357849,-0.1908288449048996,0.016554540023207664,-0.5743123888969421,1
0.36869457364082336,0.10914447903633118,0.8951660394668579,0.7958184480667114,-0.1932457685470581,0.01990160159766674,-0.5735267996788025,0.737476110458374,-0.18554174900054932,0.019978145137429237,0,0.3625604212284088,0.1091499999165535,0.8977970480918884,0.7959117293357849,-0.1908288449048996,0.016554540023207664,-0.5743123888969421,1
0.3687824606895447,0.10914447903633118,0.8951278328895569,0.795816957950592,-0.19328033924102783,0.01994943805038929,-0.5735154151916504,0.737476110458374,-0.18554174900054932,0.019978148862719536,0,0.3625604212284088,0.1091499999165535,0.8977970480918884,0.7959117293357849,-0.1908288449048996,0.016554540023207664,-0.5743123888969421,1
0.36886000633239746,0.10914461314678192,0.895094096660614,0.7958159446716309,-0.19331079721450806,0.019991593435406685,-0.5735051035881042,0.737476110458374,-0.18554174900054932,0.019978148862719536,0,0.3625604212284088,0.1091499999165535,0.8977970480918884,0.7959117293357849,-0.1908288449048996,0.016554540023207664,-0.5743123888969421,1
0.36892861127853394,0.10914474725723267,0.8950642347335815,0.7958149909973145,-0.19333770871162415,0.02002882771193981,-0.5734960436820984,0.737476110458374,-0.18554174900054932,0.019978148862719536,0,0.3625604212284088,0.1091499999165535,0.8977970480918884,0.7959117293357849,-0.1908288449048996,0.016554540023207664,-0.5743123888969421,1
0.3689894676208496,0.10914488881826401,0.8950377106666565,0.7958140969276428,-0.1933615803718567,0.020061763003468513,-0.5734882354736328,0.737476110458374,-0.18554174900054932,0.019978148862719536,0,0.3625604212284088,0.1091499999165535,0.8977970480918884,0.7959117293357849,-0.1908288449048996,0.016554540023207664,-0.5743123888969421,1
0.3690434694290161,0.10914502292871475,0.8950141072273254,0.7958134412765503,-0.1933826208114624,0.020090937614440918,-0.5734809041023254,0.737476110458374,-0.18554174900054932,0.019978148862719536,0,0.3625604212284088,0.1091499999165535,0.8977970480918884,0.7959117293357849,-0.1908288449048996,0.016554540023207664,-0.5743123888969421,1
0.3690912425518036,0.10914530605077744,0.8949931859970093,0.7958129048347473,-0.1934012621641159,0.02011662721633911,-0.5734745860099792,0.737476110458374,-0.18554174900054932,0.019978148862719536,0,0.3625604212284088,0.1091499999165535,0.8977970480918884,0.7959117293357849,-0.1908288449048996,0.016554540023207664,-0.5743123888969421,1
0.3691335916519165,0.10914543271064758,0.8949745893478394,0.7958122491836548,-0.19341766834259033,0.02013932727277279,-0.5734689831733704,0.737476110458374,-0.18554174900054932,0.019978148862719536,0,0.3625604212284088,0.1091499999165535,0.8977970480918884,0.7959117293357849,-0.1908288449048996,0.016554540023207664,-0.5743123888969421,1
0.369171142578125,0.10914570838212967,0.894957959651947,0.7958120107650757,-0.19343216717243195,0.020159302279353142,-0.5734638571739197,0.737476110458374,-0.18554174900054932,0.019978148862719536,0,0.3625604212284088,0.1091499999165535,0.8977970480918884,0.7959117293357849,-0.1908288449048996,0.016554540023207664,-0.5743123888969421,1
0.36920416355133057,0.10914599150419235,0.8949434161186218,0.795811653137207,-0.19344498217105865,0.020176958292722702,-0.5734593868255615,0.737476110458374,-0.18554174900054932,0.019978148862719536,0,0.3625604212284088,0.1091499999165535,0.8977970480918884,0.7959117293357849,-0.1908288449048996,0.016554540023207664,-0.5743123888969421,1
0.36923354864120483,0.1091461256146431,0.8949304223060608,0.7958112955093384,-0.1934562772512436,0.020192500203847885,-0.5734555721282959,0.737476110458374,-0.18554174900054932,0.019978148862719536,0,0.36923354864120483,0.1091461256146431,0.8949304223060608,0.7958112955093384,-0.1934562772512436,0.020192500203847885,-0.5734555721282959,1
0.3694966435432434,0.10915748029947281,0.8948008418083191,0.7958157062530518,-0.1935444176197052,0.020310046151280403,-0.5734154582023621,0.737476110458374,-0.18554174900054932,0.019978148862719536,0,0.3761013448238373,0.10767830908298492,0.893521785736084,0.7937448620796204,-0.19751191139221191,0.025047022849321365,-0.5747440457344055,1
0.3702804148197174,0.10907220840454102,0.8945856094360352,0.7956794500350952,-0.19394536316394806,0.020784644410014153,-0.5734520554542542,0.737476110458374,-0.18554174900054932,0.019978148862719536,0,0.3829432725906372,0.1061585545539856,0.8920252323150635,0.7916497588157654,-0.20155346393585205,0.029907116666436195,-0.5759967565536499,1
0.37162405252456665,0.10886039584875107,0.8942685723304749,0.79536372423172,-0.19468922913074493,0.02166568860411644,-0.5736052989959717,0.737476110458374,-0.18554174900054932,0.019978148862719536,0,0.38975805044174194,0.10458742082118988,0.8904410600662231,0.7895268201828003,-0.20558123290538788,0.03477264195680618,-0.5772127509117126,1
0.37351563572883606,0.10852275043725967,0.8938391804695129,0.7948735356330872,-0.19576171040534973,0.02294282056391239,-0.5738701224327087,0.737476110458374,-0.18554174900054932,0.019978148862719536,0,0.3965442478656769,0.10296506434679031,0.8887695074081421,0.7873759865760803,-0.20959478616714478,0.03964376077055931,-0.5783920884132385,1
0.37592291831970215,0.10806594043970108,0.8932936191558838,0.7942207455635071,-0.1971396505832672,0.024591265246272087,-0.5742339491844177,0.737476110458374,-0.18554174900054932,0.019978148862719536,0,0.40330061316490173,0.10129161924123764,0.8870106339454651,0.7851975560188293,-0.2135942429304123,0.04452031850814819,-0.5795343518257141,1
0.37880414724349976,0.10749711841344833,0.892631471157074,0.7934187054634094,-0.1987970620393753,0.026581982150673866,-0.5746824741363525,0.737476110458374,-0.18554174900054932,0.019978148862719536,0,0.41002514958381653,0.09956768900156021,0.8851651549339294,0.7829919457435608,-0.2175789177417755,0.049401793628931046,-0.5806397795677185,1
0.38211485743522644,0.10682262480258942,0.891854465007782,0.7924792170524597,-0.20070697367191315,0.028884492814540863,-0.575203537940979,0.737476110458374,-0.18554174900054932,0.019978148862719536,0,0.4167165160179138,0.09779337048530579,0.8832332491874695,0.7807592749595642,-0.22154869139194489,0.054287709295749664,-0.5817078351974487,1
0.3858105540275574,0.1060476303100586,0.890964686870575,0.7914132475852966,-0.20284321904182434,0.03146900609135628,-0.5757858753204346,0.737476110458374,-0.18554174900054932,0.019978148862719536,0,0.42337363958358765,0.09596925973892212,0.8812152147293091,0.7784998416900635,-0.2255038022994995,0.05917879939079285,-0.5827383399009705,1
0.389847993850708,0.10517723858356476,0.8899646401405334,0.790230929851532,-0.20518101751804352,0.034306712448596954,-0.5764189958572388,0.737476110458374,-0.18554174900054932,0.019978148862719536,0,0.4299950897693634,0.09409549087285995,0.8791112899780273,0.7762138843536377,-0.2294437289237976,0.06407428532838821,-0.5837311148643494,1
0.3941887319087982,0.10421513766050339,0.8888558745384216,0.7889404296875,-0.20769855380058289,0.03737243264913559,-0.5770941376686096,0.737476110458374,-0.18554174900054932,0.019978148862719536,0,0.43657875061035156,0.09217274934053421,0.8769221901893616,0.7739021182060242,-0.233367919921875,0.06897393614053726,-0.5846856832504272,1
0.3987963795661926,0.10316519439220428,0.8876405954360962,0.7875502109527588,-0.2103748321533203,0.04064258188009262,-0.5778021216392517,0.737476110458374,-0.18554174900054932,0.019978148862719536,0,0.4431234896183014,0.09020114690065384,0.8746482133865356,0.771564245223999,-0.2372766137123108,0.07387735694646835,-0.5856025815010071,1
0.4036373198032379,0.10203037410974503,0.8863202333450317,0.7860667705535889,-0.21319091320037842,0.044094622135162354,-0.5785362124443054,0.737476110458374,-0.18554174900054932,0.019978148862719536,0,0.44962814450263977,0.08818145096302032,0.8722895979881287,0.7692011594772339,-0.24116966128349304,0.07878492027521133,-0.5864807963371277,1
0.40868279337882996,0.10081348568201065,0.8848962187767029,0.7844969034194946,-0.21613053977489471,0.04771062359213829,-0.5792891979217529,0.737476110458374,-0.18554174900054932,0.019978148862719536,0,0.456091046333313,0.08611418306827545,0.8698469996452332,0.7668127417564392,-0.2450464516878128,0.08369602262973785,-0.5873203873634338,1
0.4139052629470825,0.09951727092266083,0.8833696842193604,0.7828459739685059,-0.21917831897735596,0.05147264897823334,-0.5800547003746033,0.737476110458374,-0.18554174900054932,0.019978148862719536,0,0.4625106155872345,0.08399929106235504,0.8673208951950073,0.7643994092941284,-0.2489071786403656,0.08861067146062851,-0.5881215333938599,1
0.4192810654640198,0.0981440469622612,0.8817417025566101,0.7811194658279419,-0.22232118248939514,0.05536574125289917,-0.5808271169662476,0.737476110458374,-0.18554174900054932,0.019978148862719536,0,0.4688861072063446,0.08183778077363968,0.8647112846374512,0.7619616389274597,-0.25275132060050964,0.09352865070104599,-0.5888833999633789,1
0.42478814721107483,0.0966958999633789,0.8800132274627686,0.7793221473693848,-0.22554652392864227,0.059375785291194916,-0.5816013216972351,0.737476110458374,-0.18554174900054932,0.019978148862719536,0,0.47521546483039856,0.07962991297245026,0.8620192408561707,0.7594992518424988,-0.25657883286476135,0.0984494611620903,-0.5896064043045044,1
0.4304068386554718,0.09517485648393631,0.878185510635376,0.7774579524993896,-0.22884371876716614,0.06349054723978043,-0.5823730826377869,0.737476110458374,-0.18554174900054932,0.019978148862719536,0,0.4814973771572113,0.07737652957439423,0.8592451214790344,0.757013201713562,-0.26038944721221924,0.10337312519550323,-0.5902900695800781,1
0.43611961603164673,0.09358298778533936,0.8762592077255249,0.7755309343338013,-0.23220323026180267,0.06769899278879166,-0.5831381678581238,0.737476110458374,-0.18554174900054932,0.019978148862719536,0,0.48773086071014404,0.0750778391957283,0.8563891053199768,0.7545032501220703,-0.2641831636428833,0.10829947143793106,-0.5909342765808105,1
0.4419104754924774,0.09192187339067459,0.8742353320121765,0.7735447883605957,-0.23561589419841766,0.07199102640151978,-0.5838927626609802,0.737476110458374,-0.18554174900054932,0.019978148862719536,0,0.4939144253730774,0.07273473590612411,0.8534519672393799,0.7519702315330505,-0.26795947551727295,0.11322842538356781,-0.5915385484695435,1
0.4477657973766327,0.09019359946250916,0.8721144199371338,0.7715027928352356,-0.23907461762428284,0.07635863125324249,-0.5846333503723145,0.737476110458374,-0.18554174900054932,0.019978148862719536,0,0.50004643201828,0.07034752517938614,0.8504343032836914,0.749413788318634,-0.27171850204467773,0.11815936863422394,-0.5921033024787903,1
0.45367181301116943,0.08839961141347885,0.8698979616165161,0.7694076299667358,-0.24257192015647888,0.08079324662685394,-0.5853572487831116,0.737476110458374,-0.18554174900054932,0.019978148862719536,0,0.5061259269714355,0.06791708618402481,0.8473365902900696,0.7468347549438477,-0.2754596471786499,0.12309230118989944,-0.592628002166748,1
0.4596172571182251,0.08654169738292694,0.8675863742828369,0.7672623991966248,-0.24610182642936707,0.08528775721788406,-0.5860616564750671,0.737476110458374,-0.18554174900054932,0.019978148862719536,0,0.5121510624885559,0.06544394046068192,0.8441595435142517,0.7442333102226257,-0.2791830897331238,0.12802700698375702,-0.5931125283241272,1
0.465591698884964,0.08462116122245789,0.8651807308197021,0.7650694251060486,-0.24965862929821014,0.08983610570430756,-0.5867441892623901,0.737476110458374,-0.18554174900054932,0.019978148862719536,0,0.5181213617324829,0.06292849034070969,0.8409034609794617,0.7416096925735474,-0.2828885614871979,0.13296344876289368,-0.5935568809509277,1
0.47158536314964294,0.08263988792896271,0.862682044506073,0.7628311514854431,-0.25323766469955444,0.0944327712059021,-0.5874025821685791,0.737476110458374,-0.18554174900054932,0.019978148862719536,0,0.5240347385406494,0.06037179008126259,0.8375692367553711,0.7389642596244812,-0.2865754961967468,0.13790103793144226,-0.5939608216285706,1
0.4775901734828949,0.08059903979301453,0.860090970993042,0.7605494856834412,-0.2568342983722687,0.09907262027263641,-0.5880348682403564,0.737476110458374,-0.18554174900054932,0.019978148862719536,0,0.5298904180526733,0.05777411162853241,0.8341572284698486,0.7362974286079407,-0.29024410247802734,0.14283998310565948,-0.5943241119384766,1
0.48359760642051697,0.07850014418363571,0.8574087619781494,0.7582268118858337,-0.2604442834854126,0.10375045239925385,-0.5886396169662476,0.737476110458374,-0.18554174900054932,0.019978148862719536,0,0.5356869697570801,0.055136676877737045,0.8306683301925659,0.7336093187332153,-0.29389405250549316,0.1477799117565155,-0.5946465730667114,1
0.4896012246608734,0.0763445571064949,0.8546359539031982,0.755864679813385,-0.2640644907951355,0.10846340656280518,-0.5892148017883301,0.737476110458374,-0.18554174900054932,0.019978148862719536,0,0.5414228439331055,0.052459683269262314,0.8271031379699707,0.7309004068374634,-0.2975251376628876,0.15272024273872375,-0.5949283242225647,1
0.4955938756465912,0.074133962392807,0.8517740368843079,0.7534651756286621,-0.2676912844181061,0.11320668458938599,-0.5897591710090637,0.737476110458374,-0.18554174900054932,0.019978148862719536,0,0.5470971465110779,0.04974434897303581,0.823462188243866,0.7281711101531982,-0.3011370599269867,0.1576613038778305,-0.595168948173523,1
0.5015705227851868,0.07186921685934067,0.8488235473632812,0.7510291337966919,-0.2713221609592438,0.11797768622636795,-0.5902715921401978,0.737476110458374,-0.18554174900054932,0.019978148862719536,0,0.5527088046073914,0.04699115827679634,0.8197461366653442,0.7254217267036438,-0.30472999811172485,0.16260263323783875,-0.5953682065010071,1
0.5075247883796692,0.06955181807279587,0.8457856774330139,0.7485586404800415,-0.2749541699886322,0.12277296185493469,-0.5907511711120605,0.737476110458374,-0.18554174900054932,0.019978148862719536,0,0.5582563877105713,0.04420072212815285,0.8159557580947876,0.7226523160934448,-0.30830326676368713,0.16754409670829773,-0.5955263376235962,1
0.5134521126747131,0.06718310713768005,0.8426613211631775,0.7460548281669617,-0.2785849869251251,0.12758995592594147,-0.5911964774131775,0.737476110458374,-0.18554174900054932,0.019978148862719536,0,0.5637386441230774,0.041374195367097855,0.8120917677879333,0.7198634743690491,-0.3118570148944855,0.17248517274856567,-0.5956429243087769,1
0.5193484425544739,0.06476421654224396,0.8394514322280884,0.7435188889503479,-0.28221291303634644,0.13242658972740173,-0.591606855392456,0.737476110458374,-0.18554174900054932,0.019978148862719536,0,0.5691545605659485,0.03851194679737091,0.808154821395874,0.7170553207397461,-0.315390944480896,0.177426278591156,-0.5957180261611938,1
0.5252091884613037,0.062296368181705475,0.8361569046974182,0.7409522533416748,-0.28583571314811707,0.13728053867816925,-0.591981053352356,0.737476110458374,-0.18554174900054932,0.019978148862719536,0,0.5745029449462891,0.0356152318418026,0.8041458129882812,0.7142284512519836,-0.31890493631362915,0.18236646056175232,-0.5957513451576233,1
0.5310307145118713,0.059780873358249664,0.832778811454773,0.7383559346199036,-0.2894517481327057,0.1421494483947754,-0.5923188924789429,0.737476110458374,-0.18554174900054932,0.019978148862719536,0,0.5797827839851379,0.03268435597419739,0.8000651597976685,0.7113829255104065,-0.32239872217178345,0.18730604648590088,-0.59574294090271,1
0.5368093848228455,0.05721880868077278,0.8293180465698242,0.7357308864593506,-0.2930595874786377,0.14703217148780823,-0.5926192998886108,0.737476110458374,-0.18554174900054932,0.019978148862719536,0,0.5849926471710205,0.02972070500254631,0.7959140539169312,0.7085195183753967,-0.32587188482284546,0.1922445446252823,-0.5956923961639404,1
0.5425416827201843,0.054611239582300186,0.8257759213447571,0.7330779433250427,-0.2966575622558594,0.15192653238773346,-0.5928820967674255,0.737476110458374,-0.18554174900054932,0.019978148862719536,0,0.590131402015686,0.026724625378847122,0.7916930913925171,0.7056379914283752,-0.3293245732784271,0.1971816122531891,-0.5956002473831177,1
0.5482251644134521,0.05195970833301544,0.8221526741981506,0.7303985357284546,-0.3002448081970215,0.15683145821094513,-0.5931060910224915,0.737476110458374,-0.18554174900054932,0.019978148862719536,0,0.5951986312866211,0.023697353899478912,0.7874028086662292,0.7027390003204346,-0.3327564597129822,0.20211747288703918,-0.5954657196998596,1
0.5538564324378967,0.049265000969171524,0.8184502124786377,0.7276931405067444,-0.3038196861743927,0.1617451310157776,-0.5932913422584534,0.737476110458374,-0.18554174900054932,0.019978148862719536,0,0.6001924872398376,0.020639844238758087,0.7830443382263184,0.6998229622840881,-0.3361675441265106,0.2070513367652893,-0.5952888131141663,1
0.5594334602355957,0.04652850702404976,0.814668595790863,0.7249627113342285,-0.3073817491531372,0.16666701436042786,-0.5934370160102844,0.737476110458374,-0.18554174900054932,0.019978148862719536,0,0.6051124334335327,0.017552345991134644,0.7786182165145874,0.6968899369239807,-0.3395572900772095,0.21198369562625885,-0.5950697660446167,1
0.5649530291557312,0.043751172721385956,0.8108096718788147,0.7222079634666443,-0.3109295070171356,0.17159533500671387,-0.5935430526733398,0.737476110458374,-0.18554174900054932,0.019978148862719536,0,0.6099572777748108,0.014436503872275352,0.7741255164146423,0.6939404606819153,-0.342926025390625,0.21691367030143738,-0.5948082208633423,1
0.5704137086868286,0.04093401879072189,0.8068737387657166,0.7194296717643738,-0.314462274312973,0.17652954161167145,-0.5936089158058167,0.737476110458374,-0.18554174900054932,0.019978148862719536,0,0.6147259473800659,0.011292779818177223,0.7695668339729309,0.6909747123718262,-0.3462730944156647,0.221841499209404,-0.5945041179656982,1
0.5758128762245178,0.03807827830314636,0.8028618693351746,0.7166286110877991,-0.3179793655872345,0.18146860599517822,-0.5936341881752014,0.737476110458374,-0.18554174900054932,0.019978148862719536,0,0.6194176077842712,0.008122499100863934,0.7649432420730591,0.6879932880401611,-0.34959855675697327,0.2267664223909378,-0.5941572785377502,1
0.5811485648155212,0.03518488258123398,0.7987753748893738,0.7138051986694336,-0.3214799165725708,0.18641166388988495,-0.5936188697814941,0.737476110458374,-0.18554174900054932,0.019978148862719536,0,0.6240310072898865,0.004926207475364208,0.7602556347846985,0.6849963665008545,-0.3529020845890045,0.23168867826461792,-0.5937680006027222,1
0.5864187479019165,0.03225528448820114,0.7946149110794067,0.7109605073928833,-0.32496339082717896,0.19135767221450806,-0.5935622453689575,0.737476110458374,-0.18554174900054932,0.019978148862719536,0,0.6285656094551086,0.001705249771475792,0.7555045485496521,0.6819844841957092,-0.35618364810943604,0.23660771548748016,-0.5933355093002319,1
0.5916218757629395,0.02929004281759262,0.7903815507888794,0.7080946564674377,-0.3284289836883545,0.1963059902191162,-0.5934645533561707,0.737476110458374,-0.18554174900054932,0.019978148862719536,0,0.6330201625823975,-0.0015398645773530006,0.7506909966468811,0.6789575219154358,-0.35944318771362305,0.24152374267578125,-0.5928604602813721,1
0.596756100654602,0.026290668174624443,0.7860763669013977,0.7052087783813477,-0.3318761885166168,0.2012561410665512,-0.593325138092041,0.737476110458374,-0.18554174900054932,0.019978148862719536,0,0.6373937726020813,-0.004807682707905769,0.7458162903785706,0.6759164333343506,-0.36268001794815063,0.24643616378307343,-0.59234219789505,1
0.6018195748329163,0.023258045315742493,0.7817004919052124,0.7023029327392578,-0.3353045880794525,0.20620715618133545,-0.5931440591812134,0.737476110458374,-0.18554174900054932,0.019978148862719536,0,0.6416860222816467,-0.00809747725725174,0.74088054895401,0.6728611588478088,-0.3658946752548218,0.25134485960006714,-0.591780960559845,1
0.6068112850189209,0.020193401724100113,0.777254581451416,0.6993778944015503,-0.33871379494667053,0.21115879714488983,-0.5929210186004639,0.737476110458374,-0.18554174900054932,0.019978148862719536,0,0.6458955407142639,-0.011408498510718346,0.7358852028846741,0.6697918772697449,-0.36908644437789917,0.2562498152256012,-0.5911767482757568,1
0.6117294430732727,0.017097502946853638,0.7727394700050354,0.6964342594146729,-0.34210318326950073,0.21611052751541138,-0.5926557183265686,0.737476110458374,-0.18554174900054932,0.019978148862719536,0,0.6500213146209717,-0.01473921537399292,0.7308314442634583,0.6667095422744751,-0.3722551167011261,0.26115041971206665,-0.5905293226242065,1
0.6165726780891418,0.013971801847219467,0.7681566476821899,0.6934725642204285,-0.3454722464084625,0.22106167674064636,-0.5923481583595276,0.737476110458374,-0.18554174900054932,0.019978148862719536,0,0.6540630459785461,-0.018089165911078453,0.7257198095321655,0.6636139154434204,-0.37540075182914734,0.2660466134548187,-0.5898389220237732,1
0.6213394403457642,0.010817011818289757,0.7635071277618408,0.690493106842041,-0.34882068634033203,0.22601155936717987,-0.5919983983039856,0.737476110458374,-0.18554174900054932,0.019978148862719536,0,0.6580197811126709,-0.021456656977534294,0.7205511927604675,0.6605057716369629,-0.37852343916893005,0.27093806862831116,-0.5891048312187195,1
0.6260288953781128,0.007634623907506466,0.758791446685791,0.6874966025352478,-0.35214826464653015,0.23095984756946564,-0.5916057825088501,0.737476110458374,-0.18554174900054932,0.019978148862719536,0,0.6618906855583191,-0.024841375648975372,0.715326726436615,0.6573853492736816,-0.381622314453125,0.2758248448371887,-0.5883276462554932,1
0.6306396722793579,0.004425478167831898,0.7540109157562256,0.6844833493232727,-0.3554545044898987,0.2359064817428589,-0.5911705493927002,0.737476110458374,-0.18554174900054932,0.019978148862719536,0,0.6656746864318848,-0.02824157290160656,0.7100475430488586,0.6542529463768005,-0.38469797372817993,0.2807062566280365,-0.5875070691108704,1
0.6351704597473145,0.0011906996369361877,0.7491663098335266,0.6814540028572083,-0.35873913764953613,0.24085049331188202,-0.5906925201416016,0.737476110458374,-0.18554174900054932,0.019978148862719536,0,0.6693717241287231,-0.03165682405233383,0.7047141194343567,0.6511086821556091,-0.3877498209476471,0.2855827212333679,-0.5866430401802063,1
0.6396201252937317,-0.0020686276257038116,0.7442591190338135,0.6784088611602783,-0.36200177669525146,0.24579158425331116,-0.5901715755462646,0.737476110458374,-0.18554174900054932,0.019978148862719536,0,0.6729806065559387,-0.035085469484329224,0.6993280053138733,0.6479533910751343,-0.39077773690223694,0.2904531955718994,-0.5857354402542114,1
0.6439880728721619,-0.0053514353930950165,0.7392897009849548,0.6753485202789307,-0.36524224281311035,0.2507297694683075,-0.5896074175834656,0.737476110458374,-0.18554174900054932,0.019978148862719536,0,0.6765005588531494,-0.038526710122823715,0.6938899159431458,0.6447871923446655,-0.3937816917896271,0.2953178286552429,-0.5847843885421753,1
0.648272693157196,-0.008656821213662624,0.7342596054077148,0.6722732782363892,-0.36846017837524414,0.2556643486022949,-0.5890003442764282,0.737476110458374,-0.18554174900054932,0.019978148862719536,0,0.6799312829971313,-0.041979797184467316,0.6884009838104248,0.6416102051734924,-0.3967612087726593,0.30017656087875366,-0.5837900638580322,1
0.6524730920791626,-0.011983364820480347,0.7291697859764099,0.6691835522651672,-0.3716552257537842,0.2605949640274048,-0.5883501768112183,0.737476110458374,-0.18554174900054932,0.019978148862719536,0,0.6832719445228577,-0.045443106442689896,0.6828621029853821,0.6384233236312866,-0.39971646666526794,0.3050290644168854,-0.5827517509460449,1
0.6565883159637451,-0.015330275520682335,0.7240211963653564,0.6660798788070679,-0.37482696771621704,0.2655216157436371,-0.5876568555831909,0.737476110458374,-0.18554174900054932,0.019978148862719536,0,0.6865219473838806,-0.04891608655452728,0.6772742867469788,0.6352262496948242,-0.4026471674442291,0.3098751902580261,-0.5816702246665955,1
0.6606177091598511,-0.018696242943406105,0.7188149094581604,0.6629624962806702,-0.37797582149505615,0.2704433500766754,-0.5869202017784119,0.737476110458374,-0.18554174900054932,0.019978148862719536,0,0.6896806359291077,-0.052397117018699646,0.6716387867927551,0.6320196986198425,-0.40555325150489807,0.31471437215805054,-0.5805448889732361,1
0.6645601987838745,-0.02208009921014309,0.7135521173477173,0.659832239151001,-0.38110101222991943,0.2753601670265198,-0.586139976978302,0.737476110458374,-0.18554174900054932,0.019978148862719536,0,0.6927475333213806,-0.05588556081056595,0.6659564971923828,0.6288040280342102,-0.4084342420101166,0.31954649090766907,-0.5793762803077698,1
0.6684150695800781,-0.025480754673480988,0.7082334756851196,0.6566889882087708,-0.3842025399208069,0.28027212619781494,-0.5853164792060852,0.737476110458374,-0.18554174900054932,0.019978148862719536,0,0.6957221627235413,-0.059379979968070984,0.6602284908294678,0.6255796551704407,-0.4112904369831085,0.3243715167045593,-0.5781636834144592,1
0.6721815466880798,-0.028897535055875778,0.7028601765632629,0.6535336375236511,-0.38728004693984985,0.285178542137146,-0.584449291229248,0.737476110458374,-0.18554174900054932,0.019978148862719536,0,0.6986037492752075,-0.06287899613380432,0.6544559597969055,0.6223468780517578,-0.4141214191913605,0.3291890323162079,-0.5769075155258179,1
0.6758585572242737,-0.0323287770152092,0.6974336504936218,0.6503663659095764,-0.3903334140777588,0.2900790274143219,-0.5835387706756592,0.737476110458374,-0.18554174900054932,0.019978148862719536,0,0.7013920545578003,-0.06638241559267044,0.6486395597457886,0.6191057562828064,-0.4169272780418396,0.3339988887310028,-0.5756078958511353,1
0.679445207118988,-0.035773396492004395,0.6919549107551575,0.6471876502037048,-0.3933621346950531,0.2949731647968292,-0.582584798336029,0.737476110458374,-0.18554174900054932,0.019978148862719536,0,0.7040863633155823,-0.06988824903964996,0.6427809596061707,0.615856945514679,-0.41970744729042053,0.3388008177280426,-0.5742645263671875,1
0.6829413175582886,-0.03923063352704048,0.6864248514175415,0.6439977288246155,-0.3963664174079895,0.29986119270324707,-0.5815873742103577,0.737476110458374,-0.18554174900054932,0.019978148862719536,0,0.7066863775253296,-0.07339583337306976,0.6368808150291443,0.6126008629798889,-0.4224621057510376,0.34359434247016907,-0.5728776454925537,1
0.6863460540771484,-0.04269915446639061,0.6808445453643799,0.6407970190048218,-0.39934593439102173,0.3047424554824829,-0.5805461406707764,0.737476110458374,-0.18554174900054932,0.019978148862719536,0,0.7091915011405945,-0.07690365612506866,0.6309406161308289,0.6093378663063049,-0.4251910150051117,0.3483794629573822,-0.5714468955993652,1
0.6896585822105408,-0.04617781192064285,0.6752153038978577,0.6375861763954163,-0.4023004472255707,0.30961698293685913,-0.579461395740509,0.737476110458374,-0.18554174900054932,0.019978148862719536,0,0.7116016149520874,-0.08041093498468399,0.6249610185623169,0.6060681939125061,-0.4278939664363861,0.35315629839897156,-0.569972574710846,1
0.6928781867027283,-0.04966549947857857,0.6695380210876465,0.6343652606010437,-0.405229777097702,0.31448403000831604,-0.5783331990242004,0.737476110458374,-0.18554174900054932,0.019978148862719536,0,0.7139161229133606,-0.08391613513231277,0.6189436912536621,0.6027922630310059,-0.43057093024253845,0.3579237163066864,-0.5684546232223511,1
0.6960048079490662,-0.05316091328859329,0.6638137102127075,0.6311348676681519,-0.4081340730190277,0.31934383511543274,-0.5771610140800476,0.737476110458374,-0.18554174900054932,0.019978148862719536,0,0.7161346077919006,-0.08741865307092667,0.6128891706466675,0.5995102524757385,-0.43322157859802246,0.36268240213394165,-0.5668932199478149,1
0.6990370750427246,-0.05666332691907883,0.6580442786216736,0.6278952360153198,-0.4110124409198761,0.32419538497924805,-0.5759457945823669,0.737476110458374,-0.18554174900054932,0.019978148862719536,0,0.7182570695877075,-0.09091684222221375,0.6067988872528076,0.5962228178977966,-0.435846209526062,0.36743149161338806,-0.5652880072593689,1
0.7019751071929932,-0.06017124652862549,0.6522299647331238,0.6246468424797058,-0.41386526823043823,0.329039067029953,-0.5746868252754211,0.737476110458374,-0.18554174900054932,0.019978148862719536,0,0.7202829122543335,-0.09440978616476059,0.6006737947463989,0.5929300785064697,-0.4384441375732422,0.3721712529659271,-0.5636391043663025,1
0.7048183083534241,-0.06368383020162582,0.6463719606399536,0.6213900446891785,-0.4166922867298126,0.33387476205825806,-0.573384165763855,0.737476110458374,-0.18554174900054932,0.019978148862719536,0,0.7222118973731995,-0.09789664298295975,0.5945154428482056,0.5896324515342712,-0.4410155117511749,0.376900851726532,-0.5619471073150635,1
0.7075656652450562,-0.06719905138015747,0.6404720544815063,0.6181255578994751,-0.4194933772087097,0.3387017846107483,-0.5720377564430237,0.737476110458374,-0.18554174900054932,0.019978148862719536,0,0.7240437269210815,-0.10137571394443512,0.5883245468139648,0.5863303542137146,-0.4435601234436035,0.38162046670913696,-0.5602115392684937,1
0.7102175951004028,-0.07071690261363983,0.6345305442810059,0.6148529648780823,-0.42226842045783997,0.3435201942920685,-0.5706478953361511,0.737476110458374,-0.18554174900054932,0.019978148862719536,0,0.7257784008979797,-0.10484650731086731,0.5821021199226379,0.5830239057540894,-0.44607800245285034,0.38632988929748535,-0.5584323406219482,1
0.7127728462219238,-0.074235700070858,0.6285493969917297,0.6115733981132507,-0.42501693964004517,0.34832900762557983,-0.5692146420478821,0.737476110458374,-0.18554174900054932,0.019978148862719536,0,0.727481484413147,-0.10845108330249786,0.5755889415740967,0.5795758366584778,-0.44867199659347534,0.3912241458892822,-0.5565329194068909,1
0.715234100818634,-0.07776127010583878,0.6225169897079468,0.6082791090011597,-0.4277462065219879,0.3531385362148285,-0.5677347779273987,0.737476110458374,-0.18554174900054932,0.019978148862719536,0,0.7290783524513245,-0.11204367130994797,0.5690447688102722,0.5761241316795349,-0.45123642683029175,0.39610642194747925,-0.5545867085456848,1
0.7176032066345215,-0.08129674196243286,0.6164291501045227,0.6049673557281494,-0.4304574728012085,0.3579527735710144,-0.5662071704864502,0.737476110458374,-0.18554174900054932,0.019978148862719536,0,0.7305691838264465,-0.11562319844961166,0.5624699592590332,0.5726689100265503,-0.45377135276794434,0.40097713470458984,-0.5525931119918823,1
0.7198808193206787,-0.08484122157096863,0.6102846264839172,0.6016385555267334,-0.43315038084983826,0.36277252435684204,-0.5646307468414307,0.737476110458374,-0.18554174900054932,0.019978148862719536,0,0.7319539189338684,-0.11918821930885315,0.5558665990829468,0.5692108273506165,-0.4562767446041107,0.40583518147468567,-0.5505527257919312,1
0.722065806388855,-0.08839341998100281,0.6040846109390259,0.5982931852340698,-0.4358242154121399,0.3675974905490875,-0.5630048513412476,0.737476110458374,-0.18554174900054932,0.019978148862719536,0,0.7332318425178528,-0.12273728847503662,0.5492361187934875,0.565750241279602,-0.4587521255016327,0.41068077087402344,-0.5484655499458313,1
0.7241573929786682,-0.09195159375667572,0.5978299379348755,0.5949324369430542,-0.4384780526161194,0.37242698669433594,-0.561329185962677,0.737476110458374,-0.18554174900054932,0.019978148862719536,0,0.7344031929969788,-0.12626919150352478,0.5425798296928406,0.562287449836731,-0.46119746565818787,0.41551336646080017,-0.5463315844535828,1
0.726153552532196,-0.09551356732845306,0.5915236473083496,0.5915572047233582,-0.4411109685897827,0.3772590160369873,-0.5596041083335876,0.737476110458374,-0.18554174900054932,0.019978148862719536,0,0.7354680299758911,-0.1297827959060669,0.5358986258506775,0.5588231682777405,-0.4636126458644867,0.4203331768512726,-0.5441507697105408,1
0.7280529737472534,-0.09907670319080353,0.585168182849884,0.588169276714325,-0.4437218904495239,0.38209182024002075,-0.5578292608261108,0.737476110458374,-0.18554174900054932,0.019978148862719536,0,0.7364262342453003,-0.13327664136886597,0.5291943550109863,0.5553574562072754,-0.46599751710891724,0.4251391291618347,-0.5419235825538635,1
0.7298540472984314,-0.10263912379741669,0.5787661075592041,0.5847694873809814,-0.4463099241256714,0.38692423701286316,-0.5560050010681152,0.737476110458374,-0.18554174900054932,0.019978148862719536,0,0.737277626991272,-0.1367495208978653,0.5224681496620178,0.5518909096717834,-0.4683520197868347,0.42993155121803284,-0.5396494269371033,1
0.7315558195114136,-0.10619883239269257,0.5723196864128113,0.5813589692115784,-0.44887423515319824,0.39175504446029663,-0.5541314482688904,0.737476110458374,-0.18554174900054932,0.019978148862719536,0,0.7380225658416748,-0.14020022749900818,0.515721321105957,0.5484239459037781,-0.47067585587501526,0.4347101151943207,-0.5373290777206421,1
0.7331562638282776,-0.10975358635187149,0.5658324360847473,0.5779386758804321,-0.4514136016368866,0.39658212661743164,-0.5522094368934631,0.737476110458374,-0.18554174900054932,0.019978148862719536,0,0.7386610507965088,-0.14362721145153046,0.5089550018310547,0.5449566841125488,-0.4729692041873932,0.43947461247444153,-0.5349619388580322,1
0.7346550226211548,-0.11330139636993408,0.5593057870864868,0.5745099186897278,-0.4539276957511902,0.40140464901924133,-0.5502381920814514,0.737476110458374,-0.18554174900054932,0.019978148862719536,0,0.7391926050186157,-0.14702968299388885,0.5021716356277466,0.5414897799491882,-0.47523149847984314,0.4442242383956909,-0.5325491428375244,1
0.7360511422157288,-0.11684062331914902,0.552742063999176,0.5710732340812683,-0.4564158320426941,0.4062219560146332,-0.5482184886932373,0.737476110458374,-0.18554174900054932,0.019978148862719536,0,0.7396181225776672,-0.15040580928325653,0.4953712224960327,0.5380235910415649,-0.4774629771709442,0.4489593207836151,-0.5300897359848022,1
0.7373435497283936,-0.12036880850791931,0.5461444854736328,0.5676299333572388,-0.4588771462440491,0.4110320210456848,-0.5461506843566895,0.737476110458374,-0.18554174900054932,0.019978148862719536,0,0.7399371862411499,-0.1537548154592514,0.4885561466217041,0.5345585942268372,-0.47966334223747253,0.4536791443824768,-0.5275843739509583,1
0.7385317087173462,-0.12388449907302856,0.5395144820213318,0.5641807317733765,-0.46131134033203125,0.4158341586589813,-0.5440347194671631,0.737476110458374,-0.18554174900054932,0.019978148862719536,0,0.7401505708694458,-0.15707539021968842,0.48172691464424133,0.5310949087142944,-0.4818326234817505,0.4583839476108551,-0.5250329375267029,1
0.739614725112915,-0.12738612294197083,0.532854437828064,0.5607264041900635,-0.4637177586555481,0.4206277132034302,-0.5418708920478821,0.737476110458374,-0.18554174900054932,0.019978148862719536,0,0.740257740020752,-0.1603660136461258,0.4748859703540802,0.5276331901550293,-0.4839704632759094,0.46307289600372314,-0.5224359035491943,1
0.7405927181243896,-0.13087156414985657,0.5261664390563965,0.557267963886261,-0.4660956859588623,0.42541155219078064,-0.5396593809127808,0.737476110458374,-0.18554174900054932,0.019978148862719536,0,0.7402594089508057,-0.16362564265727997,0.46803367137908936,0.5241737365722656,-0.4860769808292389,0.4677460491657257,-0.519792914390564,1
0.7414644956588745,-0.13433951139450073,0.519453227519989,0.5538058280944824,-0.46844491362571716,0.43018439412117004,-0.5374009609222412,0.737476110458374,-0.18554174900054932,0.019978148862719536,0,0.7401556968688965,-0.16685304045677185,0.4611721336841583,0.5207170248031616,-0.4881517291069031,0.47240307927131653,-0.5171043276786804,1
0.7422306537628174,-0.1377880573272705,0.5127150416374207,0.5503407716751099,-0.47076526284217834,0.4349464774131775,-0.5350949764251709,0.737476110458374,-0.18554174900054932,0.019978148862719536,0,0.7399471402168274,-0.1700466275215149,0.45430222153663635,0.5172634720802307,-0.49019521474838257,0.4770435094833374,-0.5143700242042542,1
0.7428902387619019,-0.14121602475643158,0.505955159664154,0.5468732118606567,-0.47305598855018616,0.43969690799713135,-0.5327422618865967,0.737476110458374,-0.18554174900054932,0.019978148862719536,0,0.7396336197853088,-0.1732058972120285,0.4474257230758667,0.5138131976127625,-0.4922066628932953,0.48166730999946594,-0.511590838432312,1
0.7434436678886414,-0.14462170004844666,0.4991748332977295,0.5434044003486633,-0.47531694173812866,0.44443440437316895,-0.5303427577018738,0.737476110458374,-0.18554174900054932,0.019978148862719536,0,0.7392157316207886,-0.17632925510406494,0.4405439496040344,0.5103667974472046,-0.49418625235557556,0.48627403378486633,-0.5087663531303406,1
0.7438905239105225,-0.14800339937210083,0.4923761785030365,0.5399345755577087,-0.4775477349758148,0.4491591155529022,-0.5278966426849365,0.737476110458374,-0.18554174900054932,0.019978148862719536,0,0.7386938333511353,-0.17941555380821228,0.4336581230163574,0.5069246292114258,-0.4961339235305786,0.4908636212348938,-0.5058966875076294,1
0.7442309856414795,-0.15135955810546875,0.4855603575706482,0.5364644527435303,-0.4797484576702118,0.45387002825737,-0.5254038572311401,0.737476110458374,-0.18554174900054932,0.019978148862719536,0,0.7380682826042175,-0.18246373534202576,0.4267697036266327,0.5034869313240051,-0.49804943799972534,0.49543577432632446,-0.5029820203781128,1
0.7444648742675781,-0.15468940138816833,0.47872987389564514,0.5329943895339966,-0.4819180965423584,0.45856690406799316,-0.522865355014801,0.737476110458374,-0.18554174900054932,0.019978148862719536,0,0.737339437007904,-0.1854725480079651,0.419880211353302,0.5000542998313904,-0.4999329149723053,0.49998998641967773,-0.5000226497650146,1
0.7445924282073975,-0.15799102187156677,0.47188615798950195,0.529525101184845,-0.48405715823173523,0.4632488191127777,-0.5202809572219849,0.737476110458374,-0.18554174900054932,0.019978148862719536,0,0.7445924282073975,-0.15799102187156677,0.47188615798950195,0.529525101184845,-0.48405715823173523,0.4632488191127777,-0.5202809572219849,1
0.7451094388961792,-0.16044174134731293,0.4653584063053131,0.5269259810447693,-0.48548564314842224,0.46823182702064514,-0.5171185731887817,0.737476110458374,-0.18554174900054932,0.019978148862719536,0,0.7449854612350464,-0.15844029188156128,0.4696296453475952,0.5292249917984009,-0.48422908782958984,0.46362435817718506,-0.520091712474823,1
0.7459174394607544,-0.16170085966587067,0.4596685767173767,0.5251540541648865,-0.48681989312171936,0.472085565328598,-0.5141543745994568,0.737476110458374,-0.18554174900054932,0.019978148862719536,0,0.745369017124176,-0.15888643264770508,0.46737149357795715,0.5289250016212463,-0.4844009280204773,0.46399974822998047,-0.5199020504951477,1
0.746803879737854,-0.16218474507331848,0.4550393223762512,0.52399742603302,-0.48798465728759766,0.47481968998908997,-0.5117068290710449,0.737476110458374,-0.18554174900054932,0.019978148862719536,0,0.7457427382469177,-0.15932972729206085,0.4651120901107788,0.5286248922348022,-0.4845726191997528,0.46437519788742065,-0.5197121500968933,1
0.7476652264595032,-0.1623918116092682,0.4515053331851959,0.5232800841331482,-0.4888392686843872,0.4765975773334503,-0.5099695324897766,0.737476110458374,-0.18554174900054932,0.019978148862719536,0,0.7461071014404297,-0.15976949036121368,0.46285146474838257,0.5283247828483582,-0.48474404215812683,0.46475061774253845,-0.5195217132568359,1
0.7484737038612366,-0.16251368820667267,0.4490761458873749,0.5229329466819763,-0.48933789134025574,0.47749003767967224,-0.5090115666389465,0.737476110458374,-0.18554174900054932,0.019978148862719536,0,0.7464615106582642,-0.16020606458187103,0.4605900049209595,0.5280249118804932,-0.48491528630256653,0.46512556076049805,-0.5193313360214233,1
0.7492009401321411,-0.16261854767799377,0.4476458728313446,0.5228946805000305,-0.4895007014274597,0.4776131510734558,-0.5087786912918091,0.737476110458374,-0.18554174900054932,0.019978148862719536,0,0.7468065023422241,-0.16063949465751648,0.4583270847797394,0.5277250409126282,-0.4850863218307495,0.46550071239471436,-0.5191401839256287,1
0.7497296333312988,-0.1627058982849121,0.4466448426246643,0.5229532718658447,-0.48952716588974,0.4774588644504547,-0.508837878704071,0.737476110458374,-0.18554174900054932,0.019978148862719536,0,0.7471417188644409,-0.16106997430324554,0.4560632109642029,0.5274249911308289,-0.48525699973106384,0.4658759534358978,-0.5189489722251892,1
0.7500499486923218,-0.16276386380195618,0.44595667719841003,0.5230576395988464,-0.48947593569755554,0.4771556556224823,-0.5090643763542175,0.737476110458374,-0.18554174900054932,0.019978148862719536,0,0.7474671006202698,-0.16149689257144928,0.45379889011383057,0.527125358581543,-0.48542749881744385,0.46625056862831116,-0.5187575817108154,1
0.7502525448799133,-0.1628073751926422,0.4454291760921478,0.523189127445221,-0.48937851190567017,0.4767579138278961,-0.5093953013420105,0.737476110458374,-0.18554174900054932,0.019978148862719536,0,0.7477830648422241,-0.16192059218883514,0.45153307914733887,0.5268254280090332,-0.48559799790382385,0.4666254222393036,-0.5185654759407043,1
0.7504094243049622,-0.16285789012908936,0.44489845633506775,0.5233176350593567,-0.48927029967308044,0.4763430655002594,-0.5097551345825195,0.737476110458374,-0.18554174900054932,0.019978148862719536,0,0.7480893135070801,-0.16234101355075836,0.44926661252975464,0.5265256762504578,-0.48576802015304565,0.4670000970363617,-0.5183733105659485,1
0.750552773475647,-0.16292887926101685,0.44427943229675293,0.5234237909317017,-0.48917073011398315,0.4759596288204193,-0.5100999474525452,0.737476110458374,-0.18554174900054932,0.019978148862719536,0,0.7483860850334167,-0.1627584993839264,0.446999192237854,0.5262259244918823,-0.4859378933906555,0.4673747718334198,-0.5181808471679688,1
0.7506982088088989,-0.16302618384361267,0.443535178899765,0.5234986543655396,-0.4890894591808319,0.47562918066978455,-0.5104091167449951,0.737476110458374,-0.18554174900054932,0.019978148862719536,0,0.7486727833747864,-0.16317231953144073,0.44473129510879517,0.5259261727333069,-0.4861077070236206,0.46774911880493164,-0.5179879665374756,1
0.7508524656295776,-0.16315200924873352,0.44265347719192505,0.523539662361145,-0.4890297055244446,0.4753609001636505,-0.510674238204956,0.737476110458374,-0.18554174900054932,0.019978148862719536,0,0.7489501237869263,-0.1635829359292984,0.44246214628219604,0.525626540184021,-0.486277312040329,0.4681237041950226,-0.5177945494651794,1
0.7510179281234741,-0.16330605745315552,0.4416346549987793,0.5235461592674255,-0.4889920949935913,0.47515642642974854,-0.5108936429023743,0.737476110458374,-0.18554174900054932,0.019978148862719536,0,0.7492178082466125,-0.16399027407169342,0.44019263982772827,0.5253269672393799,-0.4864464998245239,0.46849802136421204,-0.5176010131835938,1
0.7511943578720093,-0.1634867638349533,0.4404863715171814,0.5235207676887512,-0.4889758229255676,0.4750126004219055,-0.511069118976593,0.737476110458374,-0.18554174900054932,0.019978148862719536,0,0.7494756579399109,-0.16439448297023773,0.43792229890823364,0.5250272154808044,-0.4866156578063965,0.4688723683357239,-0.5174072980880737,1
0.751380980014801,-0.16369137167930603,0.4392176866531372,0.5234652757644653,-0.48897963762283325,0.47492513060569763,-0.5112034678459167,0.737476110458374,-0.18554174900054932,0.019978148862719536,0,0.7497239708900452,-0.16479511559009552,0.43565165996551514,0.5247276425361633,-0.48678454756736755,0.46924638748168945,-0.5172130465507507,1
0.7515755891799927,-0.16391761600971222,0.43784022331237793,0.5233831405639648,-0.48900139331817627,0.4748889207839966,-0.5113003849983215,0.737476110458374,-0.18554174900054932,0.019978148862719536,0,0.7499626874923706,-0.16519242525100708,0.4333801567554474,0.524428129196167,-0.4869532585144043,0.4696204960346222,-0.5170185565948486,1
0.7517765164375305,-0.1641627848148346,0.43636441230773926,0.5232766270637512,-0.48903945088386536,0.47489893436431885,-0.5113638043403625,0.737476110458374,-0.18554174900054932,0.019978148862719536,0,0.7501915693283081,-0.16558632254600525,0.4311085045337677,0.5241286754608154,-0.48712167143821716,0.46999427676200867,-0.5168237090110779,1
0.751981794834137,-0.16442462801933289,0.4347999095916748,0.5231483578681946,-0.4890923798084259,0.4749504029750824,-0.5113967061042786,0.737476110458374,-0.18554174900054932,0.019978148862719536,0,0.7504109740257263,-0.16597720980644226,0.4288363754749298,0.5238293409347534,-0.4872898459434509,0.4703681468963623,-0.5166287422180176,1
0.7521897554397583,-0.16470102965831757,0.4331566393375397,0.5230007767677307,-0.4891579747200012,0.4750388562679291,-0.5114027261734009,0.737476110458374,-0.18554174900054932,0.019978148862719536,0,0.7506208419799805,-0.1663644015789032,0.42656347155570984,0.5235296487808228,-0.4874580204486847,0.47074204683303833,-0.5164332389831543,1
0.7523987293243408,-0.16498982906341553,0.43144285678863525,0.5228358507156372,-0.4892352223396301,0.47515997290611267,-0.5113847851753235,0.737476110458374,-0.18554174900054932,0.019978148862719536,0,0.7508207559585571,-0.1667482852935791,0.4242907464504242,0.5232304930686951,-0.48762568831443787,0.47111546993255615,-0.5162374973297119,1
0.7526074051856995,-0.16528905928134918,0.42966628074645996,0.5226556658744812,-0.48932284116744995,0.4753100574016571,-0.511345624923706,0.737476110458374,-0.18554174900054932,0.019978148862719536,0,0.751011312007904,-0.16712866723537445,0.4220174551010132,0.5229312777519226,-0.48779332637786865,0.47148916125297546,-0.5160411596298218,1
0.7528142929077148,-0.16559752821922302,0.42783382534980774,0.5224618911743164,-0.4894193410873413,0.4754859507083893,-0.5112879276275635,0.737476110458374,-0.18554174900054932,0.019978148862719536,0,0.751192033290863,-0.16750594973564148,0.41974401473999023,0.522631824016571,-0.48796048760414124,0.47186264395713806,-0.5158449411392212,1
0.7530184984207153,-0.16591370105743408,0.4259512722492218,0.5222560167312622,-0.48952385783195496,0.47568488121032715,-0.5112131237983704,0.737476110458374,-0.18554174900054932,0.019978148862719536,0,0.7513632774353027,-0.16787955164909363,0.41747045516967773,0.5223325490951538,-0.4881278872489929,0.4722359776496887,-0.5156481266021729,1
0.7532187104225159,-0.166236013174057,0.4240245819091797,0.5220394730567932,-0.4896353483200073,0.4759037494659424,-0.5111237168312073,0.737476110458374,-0.18554174900054932,0.019978148862719536,0,0.751524806022644,-0.1682497262954712,0.41519656777381897,0.5220335125923157,-0.4882948398590088,0.4726092219352722,-0.5154509544372559,1
0.7534144520759583,-0.16656331717967987,0.42205870151519775,0.5218135118484497,-0.4897533655166626,0.4761405289173126,-0.511021077632904,0.737476110458374,-0.18554174900054932,0.019978148862719536,0,0.7516768574714661,-0.16861644387245178,0.4129224717617035,0.521734356880188,-0.48846158385276794,0.47298240661621094,-0.5152534246444702,1
0.7536047101020813,-0.1668950617313385,0.42005738615989685,0.5215791463851929,-0.48987650871276855,0.47639304399490356,-0.5109067559242249,0.737476110458374,-0.18554174900054932,0.019978148862719536,0,0.7518191337585449,-0.1689797192811966,0.4106488823890686,0.5214352011680603,-0.4886280596256256,0.47335532307624817,-0.5150558352470398,1
0.7537887096405029,-0.1672300100326538,0.4180253744125366,0.5213371515274048,-0.49000465869903564,0.4766596555709839,-0.5107823014259338,0.737476110458374,-0.18554174900054932,0.019978148862719536,0,0.7519518136978149,-0.16933989524841309,0.4083748459815979,0.5211360454559326,-0.48879432678222656,0.47372835874557495,-0.5148577690124512,1
0.7539662718772888,-0.1675674021244049,0.41596534848213196,0.5210886597633362,-0.4901368021965027,0.47693851590156555,-0.5106486082077026,0.737476110458374,-0.18554174900054932,0.019978148862719536,0,0.7520750164985657,-0.16969619691371918,0.4061008095741272,0.520837128162384,-0.48896053433418274,0.47410136461257935,-0.5146592855453491,1
0.7541368007659912,-0.1679062843322754,0.4138805866241455,0.5208343267440796,-0.490273118019104,0.47722822427749634,-0.5105066299438477,0.737476110458374,-0.18554174900054932,0.019978148862719536,0,0.752188503742218,-0.17004910111427307,0.4038273096084595,0.5205380320549011,-0.48912638425827026,0.4744739830493927,-0.5144607424736023,1
0.7542993426322937,-0.1682465672492981,0.4117746353149414,0.5205748677253723,-0.490412175655365,0.4775274991989136,-0.5103577375411987,0.737476110458374,-0.18554174900054932,0.019978148862719536,0,0.7522923946380615,-0.17039838433265686,0.4015536308288574,0.5202391743659973,-0.4892921447753906,0.47484663128852844,-0.5142617225646973,1
0.7544543743133545,-0.1685873121023178,0.4096488654613495,0.5203106999397278,-0.4905545115470886,0.47783535718917847,-0.5102023482322693,0.737476110458374,-0.18554174900054932,0.019978148862719536,0,0.7523866891860962,-0.17074456810951233,0.3992800712585449,0.5199400782585144,-0.4894576072692871,0.4752192497253418,-0.5140622854232788,1
0.7546008825302124,-0.1689281165599823,0.4075062572956085,0.5200426578521729,-0.49069905281066895,0.47815048694610596,-0.510041356086731,0.737476110458374,-0.18554174900054932,0.019978148862719536,0,0.7524715065956116,-0.17108701169490814,0.39700719714164734,0.5196412801742554,-0.4896227717399597,0.4755917191505432,-0.5138628482818604,1
0.7547391653060913,-0.16926869750022888,0.40534794330596924,0.5197707414627075,-0.49084606766700745,0.47847262024879456,-0.5098749399185181,0.737476110458374,-0.18554174900054932,0.019978148862719536,0,0.7525467872619629,-0.17142580449581146,0.39473438262939453,0.5193424820899963,-0.4897877871990204,0.47596412897109985,-0.5136626958847046,1
0.7548685073852539,-0.16960853338241577,0.4031764566898346,0.5194956064224243,-0.49099475145339966,0.47880053520202637,-0.5097043514251709,0.737476110458374,-0.18554174900054932,0.019978148862719536,0,0.7526123523712158,-0.1717611402273178,0.3924618363380432,0.5190436244010925,-0.48995280265808105,0.47633621096611023,-0.5134624242782593,1
0.7549890279769897,-0.1699472963809967,0.4009930491447449,0.5192179083824158,-0.49114495515823364,0.47913336753845215,-0.509529709815979,0.737476110458374,-0.18554174900054932,0.019978148862719536,0,0.7526684403419495,-0.1720932126045227,0.3901897668838501,0.518744945526123,-0.4901173412799835,0.4767085015773773,-0.5132617950439453,1
0.7551005482673645,-0.1702846884727478,0.3987991213798523,0.5189375281333923,-0.49129682779312134,0.4794706106185913,-0.5093515515327454,0.737476110458374,-0.18554174900054932,0.019978148862719536,0,0.7527149319648743,-0.17242148518562317,0.3879179060459137,0.5184462070465088,-0.4902816712856293,0.4770807921886444,-0.5130607485771179,1
0.7552030086517334,-0.17062027752399445,0.3965959846973419,0.5186554789543152,-0.491449773311615,0.4798118472099304,-0.5091701149940491,0.737476110458374,-0.18554174900054932,0.019978148862719536,0,0.7527517676353455,-0.17274606227874756,0.3856467604637146,0.5181475281715393,-0.49044594168663025,0.47745281457901,-0.5128594040870667,1
0.7552961111068726,-0.17095428705215454,0.39438456296920776,0.5183708667755127,-0.4916038513183594,0.4801566004753113,-0.5089860558509827,0.737476110458374,-0.18554174900054932,0.019978148862719536,0,0.7527792453765869,-0.17306722700595856,0.3833763897418976,0.5178489089012146,-0.4906100332736969,0.47782450914382935,-0.5126578211784363,1
0.755379855632782,-0.17128585278987885,0.39216598868370056,0.5180848836898804,-0.491758793592453,0.4805043935775757,-0.5087993144989014,0.737476110458374,-0.18554174900054932,0.019978148862719536,0,0.7527970671653748,-0.17338496446609497,0.3811061978340149,0.5175502300262451,-0.4907735586166382,0.47819656133651733,-0.512455940246582,1
0.7554540634155273,-0.17161542177200317,0.3899412155151367,0.5177972912788391,-0.4919146001338959,0.4808550179004669,-0.5086103081703186,0.737476110458374,-0.18554174900054932,0.019978148862719536,0,0.7528054118156433,-0.17369888722896576,0.3788367509841919,0.51725172996521,-0.4909372329711914,0.47856825590133667,-0.5122535228729248,1
0.755518913269043,-0.17194250226020813,0.3877106308937073,0.5175082683563232,-0.49207109212875366,0.48120805621147156,-0.5084191560745239,0.737476110458374,-0.18554174900054932,0.019978148862719536,0,0.7528043389320374,-0.17400921881198883,0.37656843662261963,0.5169533491134644,-0.4911005198955536,0.4789395034313202,-0.5120512247085571,1
0.7555740475654602,-0.17226721346378326,0.3854758143424988,0.5172181129455566,-0.4922277331352234,0.4815630316734314,-0.5082265734672546,0.737476110458374,-0.18554174900054932,0.019978148862719536,0,0.752793550491333,-0.1743159145116806,0.3743005394935608,0.5166548490524292,-0.4912635385990143,0.4793110191822052,-0.5118483304977417,1
0.7556195855140686,-0.17258894443511963,0.383236289024353,0.5169268250465393,-0.4923853874206543,0.48191991448402405,-0.5080319046974182,0.737476110458374,-0.18554174900054932,0.019978148862719536,0,0.7527733445167542,-0.17461927235126495,0.37203341722488403,0.5163565278053284,-0.49142637848854065,0.4796825051307678,-0.5116450786590576,1
0.7556556463241577,-0.17290805280208588,0.3809933662414551,0.5166348218917847,-0.4925430417060852,0.48227837681770325,-0.507835865020752,0.737476110458374,-0.18554174900054932,0.019978148862719536,0,0.7527438402175903,-0.1749187409877777,0.3697673976421356,0.5160581469535828,-0.49158915877342224,0.48005369305610657,-0.5114416480064392,1
0.7556819915771484,-0.17322413623332977,0.3787473142147064,0.5163419246673584,-0.49270132184028625,0.48263826966285706,-0.5076383352279663,0.737476110458374,-0.18554174900054932,0.019978148862719536,0,0.7527045607566833,-0.17521455883979797,0.3675021529197693,0.5157598853111267,-0.4917515516281128,0.4804247319698334,-0.5112379789352417,1
0.7556986212730408,-0.17353731393814087,0.3764989376068115,0.5160483121871948,-0.49285954236984253,0.48299920558929443,-0.507439911365509,0.737476110458374,-0.18554174900054932,0.019978148862719536,0,0.7526559233665466,-0.17550675570964813,0.3652375638484955,0.5154615044593811,-0.4919140040874481,0.4807959198951721,-0.5110335946083069,1
0.755705714225769,-0.17384716868400574,0.374248206615448,0.5157542824745178,-0.4930180311203003,0.4833609461784363,-0.507240355014801,0.737476110458374,-0.18554174900054932,0.019978148862719536,0,0.7525978088378906,-0.1757955551147461,0.3629741072654724,0.515163242816925,-0.49207597970962524,0.4811670780181885,-0.5108290314674377,1
0.7557032108306885,-0.17415393888950348,0.37199556827545166,0.5154594779014587,-0.4931768774986267,0.48372387886047363,-0.5070397257804871,0.737476110458374,-0.18554174900054932,0.019978148862719536,0,0.7525302171707153,-0.17608049511909485,0.36071181297302246,0.5148651003837585,-0.4922378659248352,0.4815380573272705,-0.5106240510940552,1
0.7556908130645752,-0.17445771396160126,0.36974191665649414,0.515164315700531,-0.49333539605140686,0.48408734798431396,-0.5068383812904358,0.737476110458374,-0.18554174900054932,0.019978148862719536,0,0.7524532079696655,-0.17636170983314514,0.3584505319595337,0.5145667791366577,-0.4923996031284332,0.4819088280200958,-0.5104189515113831,1
0.7556689381599426,-0.17475806176662445,0.36748677492141724,0.5148686766624451,-0.4934941828250885,0.4844517409801483,-0.5066360831260681,0.737476110458374,-0.18554174900054932,0.019978148862719536,0,0.7523667812347412,-0.17663921415805817,0.35619020462036133,0.5142687559127808,-0.492561012506485,0.48227956891059875,-0.5102132558822632,1
0.7556372880935669,-0.17505508661270142,0.3652307987213135,0.5145728588104248,-0.4936530888080597,0.48481643199920654,-0.5064330697059631,0.737476110458374,-0.18554174900054932,0.019978148862719536,0,0.7522709369659424,-0.17691339552402496,0.3539312481880188,0.5139707326889038,-0.49272212386131287,0.48265013098716736,-0.5100076198577881,1
0.7555962204933167,-0.17534880340099335,0.36297452449798584,0.5142766237258911,-0.49381157755851746,0.48518165946006775,-0.5062294602394104,0.737476110458374,-0.18554174900054932,0.019978148862719536,0,0.7521655559539795,-0.17718344926834106,0.35167384147644043,0.5136727094650269,-0.49288299679756165,0.4830205738544464,-0.5098016262054443,1
0.7555453181266785,-0.17563903331756592,0.3607177138328552,0.5139801502227783,-0.4939703345298767,0.4855472147464752,-0.5060251355171204,0.737476110458374,-0.18554174900054932,0.019978148862719536,0,0.7520509958267212,-0.17744997143745422,0.34941741824150085,0.5133748054504395,-0.49304378032684326,0.4833909571170807,-0.5095950961112976,1
0.7554848194122314,-0.17592594027519226,0.3584606647491455,0.513683557510376,-0.4941289722919464,0.48591315746307373,-0.5058203339576721,0.737476110458374,-0.18554174900054932,0.019978148862719536,0,0.7519270181655884,-0.17771272361278534,0.34716224670410156,0.5130770206451416,-0.49320441484451294,0.483761191368103,-0.5093882083892822,1
0.7554147839546204,-0.17620912194252014,0.3562038242816925,0.5133868455886841,-0.4942874610424042,0.48627927899360657,-0.5056147575378418,0.737476110458374,-0.18554174900054932,0.019978148862719536,0,0.7517935633659363,-0.17797210812568665,0.3449085056781769,0.512779176235199,-0.49336448311805725,0.48413145542144775,-0.5091814398765564,1
0.7553350925445557,-0.17648886144161224,0.35394710302352905,0.5130897164344788,-0.4944460093975067,0.48664572834968567,-0.5054087042808533,0.737476110458374,-0.18554174900054932,0.019978148862719536,0,0.7516506910324097,-0.17822739481925964,0.34265628457069397,0.5124812722206116,-0.49352478981018066,0.48450151085853577,-0.5089739561080933,1
0.7552458643913269,-0.17676521837711334,0.3516905903816223,0.5127924680709839,-0.49460431933403015,0.48701244592666626,-0.5052021145820618,0.737476110458374,-0.18554174900054932,0.019978148862719536,0,0.7514985203742981,-0.17847898602485657,0.34040567278862,0.5121836066246033,-0.49368470907211304,0.48487138748168945,-0.508766233921051,1
0.7551470994949341,-0.1770378202199936,0.34943461418151855,0.512495219707489,-0.4947625696659088,0.48737937211990356,-0.5049950480461121,0.737476110458374,-0.18554174900054932,0.019978148862719536,0,0.7513370513916016,-0.17872676253318787,0.33815640211105347,0.5118857622146606,-0.49384447932243347,0.48524144291877747,-0.5085580945014954,1
0.755038857460022,-0.17730672657489777,0.3471793532371521,0.5121979713439941,-0.4949204921722412,0.4877462089061737,-0.5047874450683594,0.737476110458374,-0.18554174900054932,0.019978148862719536,0,0.7511661648750305,-0.17897087335586548,0.3359087109565735,0.5115880966186523,-0.4940039813518524,0.4856112599372864,-0.5083495378494263,1
0.7549210786819458,-0.17757219076156616,0.34492528438568115,0.5119005441665649,-0.49507835507392883,0.4881128668785095,-0.504580020904541,0.737476110458374,-0.18554174900054932,0.019978148862719536,0,0.750985860824585,-0.17921151220798492,0.3336629271507263,0.5112904906272888,-0.49416306614875793,0.48598095774650574,-0.5081409811973572,1
0.754793643951416,-0.17783427238464355,0.3426714539527893,0.511603057384491,-0.4952358901500702,0.4884800612926483,-0.5043718218803406,0.737476110458374,-0.18554174900054932,0.019978148862719536,0,0.7507964372634888,-0.17944812774658203,0.33141833543777466,0.5109927654266357,-0.4943223297595978,0.4863505959510803,-0.5079318284988403,1
0.7546568512916565,-0.17809219658374786,0.3404192626476288,0.5113057494163513,-0.4953935146331787,0.48884671926498413,-0.5041630864143372,0.737476110458374,-0.18554174900054932,0.019978148862719536,0,0.7505976557731628,-0.17968091368675232,0.3291758894920349,0.5106953978538513,-0.49448105692863464,0.48671993613243103,-0.5077226161956787,1
0.7545105814933777,-0.17834679782390594,0.3381681442260742,0.5110083222389221,-0.4955505430698395,0.48921361565589905,-0.5039544105529785,0.737476110458374,-0.18554174900054932,0.019978148862719536,0,0.750389575958252,-0.17990997433662415,0.3269350230693817,0.5103979110717773,-0.49463966488838196,0.4870894253253937,-0.5075128674507141,1
0.7543548345565796,-0.17859752476215363,0.3359180688858032,0.5107106566429138,-0.4957078695297241,0.4895804822444916,-0.5037451386451721,0.737476110458374,-0.18554174900054932,0.019978148862719536,0,0.7501720786094666,-0.18013548851013184,0.32469606399536133,0.5101004242897034,-0.4947981834411621,0.4874587953090668,-0.5073028802871704,1
0.7541897296905518,-0.1788448691368103,0.33366942405700684,0.5104132890701294,-0.49586474895477295,0.4899471700191498,-0.5035357475280762,0.737476110458374,-0.18554174900054932,0.019978148862719536,0,0.7499455809593201,-0.1803569346666336,0.32245883345603943,0.509803056716919,-0.49495622515678406,0.4878278970718384,-0.5070927143096924,1
0.7540151476860046,-0.17908813059329987,0.33142200112342834,0.5101158618927002,-0.49602144956588745,0.4903140664100647,-0.5033256411552429,0.737476110458374,-0.18554174900054932,0.019978148862719536,0,0.7497098445892334,-0.18057459592819214,0.3202238082885742,0.5095059275627136,-0.49511411786079407,0.4881967008113861,-0.5068821310997009,1
0.7538310885429382,-0.17932789027690887,0.32917648553848267,0.5098182559013367,-0.4961777627468109,0.49068066477775574,-0.5031155347824097,0.737476110458374,-0.18554174900054932,0.019978148862719536,0,0.749464750289917,-0.18078850209712982,0.31799066066741943,0.509208619594574,-0.49527204036712646,0.4885655641555786,-0.5066713094711304,1
0.7536377310752869,-0.17956389486789703,0.32693204283714294,0.509520947933197,-0.4963339865207672,0.49104735255241394,-0.5029048919677734,0.737476110458374,-0.18554174900054932,0.019978148862719536,0,0.7492104172706604,-0.18099884688854218,0.315759539604187,0.5089113116264343,-0.4954294264316559,0.48893460631370544,-0.5064601898193359,1
0.7534348964691162,-0.17979606986045837,0.32468974590301514,0.5092236399650574,-0.49648991227149963,0.49141380190849304,-0.5026942491531372,0.737476110458374,-0.18554174900054932,0.019978148862719536,0,0.748947024345398,-0.18120503425598145,0.3135303258895874,0.5086142420768738,-0.4955867528915405,0.4893033504486084,-0.5062484741210938,1
0.7532228231430054,-0.18002478778362274,0.3224491477012634,0.5089262127876282,-0.4966457188129425,0.4917799234390259,-0.5024833083152771,0.737476110458374,-0.18554174900054932,0.019978148862719536,0,0.7486742734909058,-0.18140746653079987,0.3113035261631012,0.5083171725273132,-0.49574387073516846,0.4896719753742218,-0.5060365200042725,1
0.75300133228302,-0.1802494078874588,0.3202100396156311,0.5086289644241333,-0.496801495552063,0.49214601516723633,-0.5022718906402588,0.737476110458374,-0.18554174900054932,0.019978148862719536,0,0.7483925819396973,-0.18160611391067505,0.3090783953666687,0.5080199241638184,-0.49590086936950684,0.49004074931144714,-0.5058242082595825,1
0.7527706623077393,-0.1804702877998352,0.3179730176925659,0.5083316564559937,-0.4969567656517029,0.49251216650009155,-0.5020602941513062,0.737476110458374,-0.18554174900054932,0.019978148862719536,0,0.7481014728546143,-0.18180108070373535,0.3068557381629944,0.5077229142189026,-0.4960574805736542,0.49040910601615906,-0.5056116580963135,1
0.7525306344032288,-0.18068760633468628,0.3157379925251007,0.5080345273017883,-0.49711179733276367,0.4928780794143677,-0.5018484592437744,0.737476110458374,-0.18554174900054932,0.019978148862719536,0,0.7478014826774597,-0.1819920539855957,0.3046354055404663,0.5074259638786316,-0.4962140619754791,0.4907773435115814,-0.5053989291191101,1
0.7522813677787781,-0.18090109527111053,0.31350502371788025,0.507737398147583,-0.4972665011882782,0.4932436943054199,-0.5016366839408875,0.737476110458374,-0.18554174900054932,0.019978148862719536,0,0.7474921345710754,-0.1821790635585785,0.302417516708374,0.5071291327476501,-0.4963703155517578,0.49114567041397095,-0.505185604095459,1
0.7520229816436768,-0.18111053109169006,0.3112737834453583,0.5074403882026672,-0.49742138385772705,0.49360930919647217,-0.5014240741729736,0.737476110458374,-0.18554174900054932,0.019978148862719536,0,0.7471738457679749,-0.18236230313777924,0.3002016544342041,0.5068321824073792,-0.49652621150016785,0.49151381850242615,-0.5049721598625183,1
0.7517551183700562,-0.18131640553474426,0.3090450167655945,0.5071432590484619,-0.49757564067840576,0.4939746856689453,-0.5012115836143494,0.737476110458374,-0.18554174900054932,0.019978148862719536,0,0.7468462586402893,-0.18254199624061584,0.29798829555511475,0.5065352320671082,-0.4966820180416107,0.49188175797462463,-0.5047585368156433,1
0.7514782547950745,-0.18151849508285522,0.30681830644607544,0.5068463683128357,-0.4977297782897949,0.49433979392051697,-0.500998854637146,0.737476110458374,-0.18554174900054932,0.019978148862719536,0,0.7465097904205322,-0.1827174872159958,0.2957773506641388,0.506238579750061,-0.49683770537376404,0.4922497868537903,-0.504544198513031,1
0.7511920928955078,-0.18171676993370056,0.30459359288215637,0.506549596786499,-0.497883677482605,0.4947052001953125,-0.5007854700088501,0.737476110458374,-0.18554174900054932,0.019978148862719536,0,0.7461642622947693,-0.1828891485929489,0.2935693860054016,0.5059419274330139,-0.49699291586875916,0.49261751770973206,-0.504330039024353,1
0.7508966326713562,-0.18191111087799072,0.30237168073654175,0.5062527656555176,-0.4980372488498688,0.4950701892375946,-0.5005722045898438,0.737476110458374,-0.18554174900054932,0.019978148862719536,0,0.7458096146583557,-0.18305693566799164,0.2913634777069092,0.505645215511322,-0.4971482455730438,0.49298515915870667,-0.5041152238845825,1
0.7505921125411987,-0.18210169672966003,0.30015188455581665,0.5059560537338257,-0.4981907308101654,0.4954349100589752,-0.5003585815429688,0.737476110458374,-0.18554174900054932,0.019978148862719536,0,0.7454460263252258,-0.18322108685970306,0.2891601324081421,0.5053485631942749,-0.49730318784713745,0.49335283041000366,-0.5039000511169434,1
0.7502785325050354,-0.18228846788406372,0.2979344427585602,0.5056593418121338,-0.498343825340271,0.49579963088035583,-0.5001446604728699,0.737476110458374,-0.18554174900054932,0.019978148862719536,0,0.7450734376907349,-0.18338114023208618,0.2869594097137451,0.5050520300865173,-0.4974578022956848,0.49372050166130066,-0.5036845803260803,1
0.7499556541442871,-0.18247127532958984,0.29571980237960815,0.5053629875183105,-0.4984966218471527,0.4961639642715454,-0.4999305009841919,0.737476110458374,-0.18554174900054932,0.019978148862719536,0,0.7446916699409485,-0.18353724479675293,0.2847619950771332,0.5047555565834045,-0.4976122975349426,0.4940875470638275,-0.5034691095352173,1
0.7496238350868225,-0.18265029788017273,0.2935071587562561,0.505066454410553,-0.4986494481563568,0.49652835726737976,-0.49971601366996765,0.737476110458374,-0.18554174900054932,0.019978148862719536,0,0.7443011403083801,-0.1836894154548645,0.2825666069984436,0.5044592022895813,-0.4977667033672333,0.49445492029190063,-0.5032528638839722,1
0.749282956123352,-0.18282553553581238,0.2912972569465637,0.5047699213027954,-0.49880191683769226,0.4968926012516022,-0.49950137734413147,0.737476110458374,-0.18554174900054932,0.019978148862719536,0,0.7439014911651611,-0.1838381290435791,0.2803742587566376,0.5041627883911133,-0.4979206621646881,0.4948221743106842,-0.5030364990234375,1
0.7489328384399414,-0.18299710750579834,0.28909000754356384,0.5044736266136169,-0.4989539086818695,0.49725642800331116,-0.4992866814136505,0.737476110458374,-0.18554174900054932,0.019978148862719536,0,0.743492841720581,-0.1839825063943863,0.27818500995635986,0.5038663744926453,-0.49807459115982056,0.4951893091201782,-0.5028200149536133,1
0.748573899269104,-0.18316462635993958,0.2868853807449341,0.5041775107383728,-0.49910587072372437,0.4976201355457306,-0.49907156825065613,0.737476110458374,-0.18554174900054932,0.019978148862719536,0,0.7430754899978638,-0.18412300944328308,0.27599814534187317,0.5035700798034668,-0.4982282519340515,0.49555641412734985,-0.502602756023407,1
0.7482057809829712,-0.18332818150520325,0.28468358516693115,0.5038814544677734,-0.4992576241493225,0.4979839324951172,-0.4988560378551483,0.737476110458374,-0.18554174900054932,0.019978148862719536,0,0.7426491975784302,-0.18425966799259186,0.2738145589828491,0.5032739639282227,-0.49838167428970337,0.49592310190200806,-0.5023854374885559,1
0.7478286027908325,-0.18348786234855652,0.282484769821167,0.5035853981971741,-0.4994089603424072,0.49834707379341125,-0.4986407458782196,0.737476110458374,-0.18554174900054932,0.019978148862719536,0,0.7422139644622803,-0.18439266085624695,0.27163368463516235,0.5029776692390442,-0.49853482842445374,0.49629002809524536,-0.5021679401397705,1
0.7474427819252014,-0.18364371359348297,0.28028813004493713,0.5032894015312195,-0.49956029653549194,0.4987104535102844,-0.49842461943626404,0.737476110458374,-0.18554174900054932,0.019978148862719536,0,0.7417699098587036,-0.1845214068889618,0.26945605874061584,0.5026816129684448,-0.49868783354759216,0.496656596660614,-0.5019499659538269,1
0.7470476627349854,-0.1837959736585617,0.2780948281288147,0.5029934048652649,-0.4997110366821289,0.4990735352039337,-0.49820879101753235,0.737476110458374,-0.18554174900054932,0.019978148862719536,0,0.7413170337677002,-0.18464624881744385,0.2672814130783081,0.5023856163024902,-0.49884068965911865,0.4970230758190155,-0.5017315745353699,1
0.7466436624526978,-0.18394407629966736,0.27590444684028625,0.5026978254318237,-0.4998617172241211,0.4994363486766815,-0.49799248576164246,0.737476110458374,-0.18554174900054932,0.019978148862719536,0,0.7408553957939148,-0.18476733565330505,0.2651098072528839,0.5020895004272461,-0.4989931881427765,0.49738946557044983,-0.5015131831169128,1
0.7462307214736938,-0.18408825993537903,0.27371713519096375,0.5024020671844482,-0.5000122785568237,0.499798983335495,-0.49777594208717346,0.737476110458374,-0.18554174900054932,0.019978148862719536,0,0.7403848171234131,-0.1848842203617096,0.26294127106666565,0.501793622970581,-0.4991457462310791,0.49775588512420654,-0.5012940764427185,1
0.7458088994026184,-0.18422852456569672,0.27153271436691284,0.5021064877510071,-0.5001624822616577,0.5001614093780518,-0.4975590407848358,0.737476110458374,-0.18554174900054932,0.019978148862719536,0,0.7399053573608398,-0.18499760329723358,0.2607765793800354,0.501497745513916,-0.499297559261322,0.49812188744544983,-0.5010752081871033,1
0.7453782558441162,-0.18436522781848907,0.2693512439727783,0.5018107295036316,-0.5003123879432678,0.5005239844322205,-0.49734199047088623,0.737476110458374,-0.18554174900054932,0.019978148862719536,0,0.7394173741340637,-0.18510672450065613,0.2586143910884857,0.5012018084526062,-0.49944961071014404,0.4984882175922394,-0.500855565071106,1
0.7449386119842529,-0.18449777364730835,0.26717275381088257,0.5015153288841248,-0.5004621148109436,0.5008860230445862,-0.4971247911453247,0.737476110458374,-0.18554174900054932,0.019978148862719536,0,0.7389205694198608,-0.18521195650100708,0.25645557045936584,0.5009060502052307,-0.4996013045310974,0.49885427951812744,-0.5006355047225952,1
0.7444902658462524,-0.18462638556957245,0.2649977207183838,0.5012201070785522,-0.5006117224693298,0.5012480020523071,-0.49690723419189453,0.737476110458374,-0.18554174900054932,0.019978148862719536,0,0.738415002822876,-0.18531319499015808,0.2543002665042877,0.5006104111671448,-0.49975284934043884,0.49922025203704834,-0.5004152059555054,1
0.7440330386161804,-0.18475134670734406,0.26282554864883423,0.5009246468544006,-0.5007608532905579,0.5016099810600281,-0.4966895580291748,0.737476110458374,-0.18554174900054932,0.019978148862719536,0,0.7379006743431091,-0.185410737991333,0.2521488666534424,0.5003146529197693,-0.499904066324234,0.49958571791648865,-0.5001950860023499,1
0.7435671091079712,-0.18487218022346497,0.26065748929977417,0.5006296038627625,-0.5009097456932068,0.5019713044166565,-0.4964717924594879,0.737476110458374,-0.18554174900054932,0.019978148862719536,0,0.7373776435852051,-0.18550410866737366,0.2500002086162567,0.5000192523002625,-0.5000549554824829,0.49995172023773193,-0.4999740719795227,1
0.74309241771698,-0.1849890947341919,0.2584916651248932,0.5003344416618347,-0.5010585784912109,0.5023327469825745,-0.4962533414363861,0.737476110458374,-0.18554174900054932,0.019978148862719536,1,0.74309241771698,-0.1849890947341919,0.2584916651248932,0.5003344416618347,-0.5010585784912109,0.5023327469825745,-0.4962533414363861,0
0.7430531978607178,-0.1850896030664444,0.2567450702190399,0.4999588131904602,-0.5013554692268372,0.503128170967102,-0.49552592635154724,0.737476110458374,-0.18554174900054932,0.019978148862719536,1,0.74309241771698,-0.1849890947341919,0.2584916651248932,0.5003344416618347,-0.5010585784912109,0.5023327469825745,-0.4962533414363861,0
0.743174135684967,-0.18516936898231506,0.2554610073566437,0.49966487288475037,-0.5016233921051025,0.5038068294525146,-0.4948611855506897,0.737476110458374,-0.18554174900054932,0.019978148862719536,1,0.74309241771698,-0.1849890947341919,0.2584916651248932,0.5003344416618347,-0.5010585784912109,0.5023327469825745,-0.4962533414363861,0
0.7432838678359985,-0.18522168695926666,0.2544195353984833,0.4994354844093323,-0.5018414855003357,0.5043444633483887,-0.49432364106178284,0.737476110458374,-0.18554174900054932,0.019978148862719536,1,0.74309241771698,-0.1849890947341919,0.2584916651248932,0.5003344416618347,-0.5010585784912109,0.5023327469825745,-0.4962533414363861,0
0.7433794736862183,-0.18525825440883636,0.25354325771331787,0.49924612045288086,-0.5020262598991394,0.5047916173934937,-0.4938706159591675,0.737476110458374,-0.18554174900054932,0.019978148862719536,1,0.74309241771698,-0.1849890947341919,0.2584916651248932,0.5003344416618347,-0.5010585784912109,0.5023327469825745,-0.4962533414363861,0
0.743463397026062,-0.18528544902801514,0.2527906596660614,0.49908554553985596,-0.5021858215332031,0.5051729083061218,-0.4934806823730469,0.737476110458374,-0.18554174900054932,0.019978148862719536,1,0.74309241771698,-0.1849890947341919,0.2584916651248932,0.5003344416618347,-0.5010585784912109,0.5023327469825745,-0.4962533414363861,0
0.7435365319252014,-0.18531189858913422,0.2521405816078186,0.4989437758922577,-0.5023248791694641,0.5054997801780701,-0.49314776062965393,0.7374452352523804,-0.18498265743255615,0.020340293645858765,1,0.74309241771698,-0.1849890947341919,0.2584916651248932,0.5003344416618347,-0.5010585784912109,0.5023327469825745,-0.4962533414363861,0
0.7436007857322693,-0.18533441424369812,0.25157052278518677,0.4988211393356323,-0.5024451017379761,0.5057867169380188,-0.49285489320755005,0.7373365759849548,-0.18324905633926392,0.020507868379354477,1,0.74309241771698,-0.1849890947341919,0.2584916651248932,0.5003344416618347,-0.5010585784912109,0.5023327469825745,-0.4962533414363861,0
0.7436588406562805,-0.18535009026527405,0.25106656551361084,0.49871522188186646,-0.5025518536567688,0.5060386061668396,-0.49259477853775024,0.73724764585495,-0.18262629210948944,0.020303156226873398,1,0.7436588406562805,-0.18535009026527405,0.25106656551361084,0.49871522188186646,-0.5025518536567688,0.5060386061668396,-0.49259477853775024,0
0.7437373399734497,-0.1853673756122589,0.25031641125679016,0.4985664486885071,-0.5027032494544983,0.5063920617103577,-0.4922276437282562,0.7371673583984375,-0.18270033597946167,0.019863784313201904,1,0.7463255524635315,-0.1832575649023056,0.259046733379364,0.5020529627799988,-0.5007398128509521,0.501608669757843,-0.4955715537071228,0
0.7440617084503174,-0.18530985713005066,0.24981781840324402,0.49855950474739075,-0.5027750730514526,0.5066544413566589,-0.49189117550849915,0.7372944951057434,-0.1827760934829712,0.019641445949673653,1,0.7488663792610168,-0.18109911680221558,0.2670685350894928,0.505395233631134,-0.49889662861824036,0.4971611201763153,-0.4985063970088959,0
0.7446274161338806,-0.18511071801185608,0.24987927079200745,0.4987984299659729,-0.5027109384536743,0.5066184401512146,-0.4917515218257904,0.7377538084983826,-0.18273557722568512,0.01978558860719204,1,0.7512801885604858,-0.1788758933544159,0.2751290798187256,0.5087414383888245,-0.49702295660972595,0.492696076631546,-0.5013989210128784,0
0.7454094290733337,-0.18474407494068146,0.25060683488845825,0.49931347370147705,-0.5024950504302979,0.5062130689620972,-0.4918668568134308,0.738705575466156,-0.18253189325332642,0.0203864648938179,1,0.7535655498504639,-0.17658889293670654,0.28322675824165344,0.5120913982391357,-0.49511846899986267,0.4882139563560486,-0.5042491555213928,0
0.746381402015686,-0.18420487642288208,0.2520187497138977,0.5001040101051331,-0.5021276473999023,0.5054243803024292,-0.49224987626075745,0.7402117252349854,-0.1821642965078354,0.021530600264668465,1,0.7557214498519897,-0.17423953115940094,0.2913587689399719,0.5154447555541992,-0.49318358302116394,0.4837148189544678,-0.507056713104248,0
0.7475156188011169,-0.18349841237068176,0.25409355759620667,0.5011541843414307,-0.5016159415245056,0.5042648315429688,-0.492892324924469,0.7421392202377319,-0.18164244294166565,0.023308001458644867,1,0.7577464580535889,-0.1718289703130722,0.29952314496040344,0.5188009738922119,-0.4912181794643402,0.4791993498802185,-0.5098216533660889,0
0.7487859129905701,-0.182633638381958,0.256788432598114,0.502443790435791,-0.5009685158729553,0.5027590394020081,-0.4937753677368164,0.744428277015686,-0.18098115921020508,0.02569756656885147,1,0.7596395611763,-0.16935843229293823,0.30771732330322266,0.522159993648529,-0.4892224967479706,0.4746674597263336,-0.5125435590744019,0
0.7501676678657532,-0.18162047863006592,0.26005247235298157,0.5039510130882263,-0.5001950263977051,0.5009362697601318,-0.4948749244213104,0.7470348477363586,-0.180191770195961,0.028657548129558563,1,0.7613995671272278,-0.16682913899421692,0.31593960523605347,0.5255212187767029,-0.48719659447669983,0.4701195955276489,-0.5152226090431213,0
0.7516374588012695,-0.1804679036140442,0.2638344168663025,0.5056548118591309,-0.49930405616760254,0.49882593750953674,-0.49616655707359314,0.7499171495437622,-0.1792747974395752,0.03214337304234505,1,0.7630256414413452,-0.1642424762248993,0.3241875171661377,0.5288845300674438,-0.4851405918598175,0.4655556082725525,-0.5178586840629578,0
0.7531732320785522,-0.17918315529823303,0.2680847942829132,0.5075355172157288,-0.4983048439025879,0.4964565634727478,-0.4976251721382141,0.753035843372345,-0.1782483160495758,0.036111488938331604,1,0.764516294002533,-0.16159966588020325,0.33245888352394104,0.5322494506835938,-0.48305442929267883,0.46097612380981445,-0.5204516053199768,0
0.7547547817230225,-0.17777390778064728,0.27275723218917847,0.5095747709274292,-0.4972052574157715,0.49385371804237366,-0.4992283284664154,0.7563539743423462,-0.17711147665977478,0.04052133485674858,1,0.7658711671829224,-0.15890219807624817,0.34075066447257996,0.5356155633926392,-0.48093849420547485,0.45638132095336914,-0.5230010747909546,0
0.7563627362251282,-0.17624692618846893,0.2778118848800659,0.5117563605308533,-0.4960118532180786,0.4910406172275543,-0.5009558200836182,0.7598373293876648,-0.17586569488048553,0.045336347073316574,1,0.7670890688896179,-0.15615177154541016,0.3490613102912903,0.5389823913574219,-0.47879257798194885,0.45177140831947327,-0.5255074501037598,0
0.7579799890518188,-0.17460699379444122,0.28320997953414917,0.5140653252601624,-0.4947313964366913,0.4880385100841522,-0.5027881860733032,0.7634543776512146,-0.17450615763664246,0.050523851066827774,1,0.7681692242622375,-0.15334880352020264,0.3573877215385437,0.5423499345779419,-0.47661730647087097,0.44714686274528503,-0.5279696583747864,0
0.759590208530426,-0.17286014556884766,0.2889181971549988,0.516488254070282,-0.49336937069892883,0.4848664700984955,-0.5047088861465454,0.7671766877174377,-0.1730497181415558,0.05605252832174301,1,0.7691107392311096,-0.1504957675933838,0.36572858691215515,0.5457176566123962,-0.4744121730327606,0.44250762462615967,-0.5303888320922852,0
0.7611789703369141,-0.17101065814495087,0.29490599036216736,0.5190132856369019,-0.49193063378334045,0.48154088854789734,-0.506702721118927,0.7709778547286987,-0.17149066925048828,0.06189515441656113,1,0.7699124813079834,-0.14759373664855957,0.37408116459846497,0.5490850806236267,-0.472177654504776,0.43785399198532104,-0.5327641367912292,0
0.7627328634262085,-0.16906329989433289,0.30114611983299255,0.5216299295425415,-0.49041983485221863,0.478076696395874,-0.5087565779685974,0.7748340964317322,-0.1698303371667862,0.06802693009376526,1,0.7705740928649902,-0.14464418590068817,0.3824431598186493,0.5524519681930542,-0.4699137806892395,0.43318653106689453,-0.5350955724716187,0
0.7642399072647095,-0.1670215129852295,0.3076137900352478,0.5243284106254578,-0.4888409674167633,0.4744871258735657,-0.5108582377433777,0.7787238359451294,-0.16807034611701965,0.07442521303892136,1,0.7710950374603271,-0.14164865016937256,0.3908120393753052,0.555817723274231,-0.4676205813884735,0.42850518226623535,-0.5373832583427429,0
0.7656892538070679,-0.16488973796367645,0.31428611278533936,0.5270997285842896,-0.48719772696495056,0.47078490257263184,-0.5129968523979187,0.7826274037361145,-0.16621224582195282,0.08106942474842072,1,0.7714744806289673,-0.1386086344718933,0.3991856276988983,0.5591821074485779,-0.4652985632419586,0.42381033301353455,-0.539626955986023,0
0.7670705914497375,-0.16267110407352448,0.32114365696907043,0.529936671257019,-0.485493540763855,0.46697938442230225,-0.5151633024215698,0.7865270376205444,-0.16425767540931702,0.08794073015451431,1,0.7717118859291077,-0.13552555441856384,0.4075613021850586,0.5625447630882263,-0.46294745802879333,0.4191024601459503,-0.5418264865875244,0
0.7683755159378052,-0.16036948561668396,0.3281674385070801,0.5328319668769836,-0.4837310314178467,0.4630812108516693,-0.5173491835594177,0.7904287576675415,-0.16218411922454834,0.0950525775551796,1,0.7718065977096558,-0.1324010044336319,0.4159376323223114,0.565905749797821,-0.4605674743652344,0.4143809974193573,-0.5439822673797607,0
0.7695958018302917,-0.1579880565404892,0.33534157276153564,0.5357795357704163,-0.48191291093826294,0.45909789204597473,-0.5195472240447998,0.7942665219306946,-0.16003772616386414,0.10233153402805328,1,0.7717584371566772,-0.12923656404018402,0.4243110418319702,0.5692640542984009,-0.4581586718559265,0.4096474051475525,-0.5460932850837708,0
0.7707241177558899,-0.1555299013853073,0.3426503837108612,0.5387734770774841,-0.48004162311553955,0.45503756403923035,-0.521750807762146,0.7980459928512573,-0.1578073501586914,0.10977869480848312,1,0.7715666890144348,-0.12603378295898438,0.4326801300048828,0.572619616985321,-0.45572152733802795,0.4049008786678314,-0.5481604933738708,0
0.7717541456222534,-0.15299786627292633,0.35008004307746887,0.54180908203125,-0.47811970114707947,0.4509069323539734,-0.5239536762237549,0.8017736673355103,-0.15548205375671387,0.11739584803581238,1,0.771230936050415,-0.12279421836137772,0.44104233384132385,0.5759719014167786,-0.4532557725906372,0.40014228224754333,-0.5501832962036133,0
0.7726801633834839,-0.1503951996564865,0.3576182723045349,0.5448813438415527,-0.4761488735675812,0.44671177864074707,-0.5261512398719788,0.8054100275039673,-0.1530330628156662,0.12516792118549347,1,0.7707511186599731,-0.11951974034309387,0.44939517974853516,0.5793208479881287,-0.450761616230011,0.39537137746810913,-0.5521617531776428,0
0.7734968066215515,-0.1477247178554535,0.36525288224220276,0.5479864478111267,-0.4741310179233551,0.44245803356170654,-0.5283384323120117,0.8089917898178101,-0.15053929388523102,0.1330879032611847,1,0.7701269388198853,-0.11621158570051193,0.4577361047267914,0.582665741443634,-0.44823944568634033,0.39058899879455566,-0.5540958046913147,0
0.7741996645927429,-0.14498932659626007,0.3729736804962158,0.551120400428772,-0.4720677137374878,0.4381502568721771,-0.5305115580558777,0.8124983906745911,-0.14797362685203552,0.14114180207252502,1,0.7693580985069275,-0.11287161707878113,0.4660634398460388,0.5860064625740051,-0.44568920135498047,0.38579490780830383,-0.5559853911399841,0
0.7747844457626343,-0.14219172298908234,0.3807712495326996,0.5542802214622498,-0.46996065974235535,0.4337928295135498,-0.5326670408248901,0.815906822681427,-0.14532217383384705,0.14931674301624298,1,0.7684442400932312,-0.10950148105621338,0.4743742048740387,0.5893423557281494,-0.4431110918521881,0.3809899389743805,-0.5578303933143616,0
0.7752475738525391,-0.13933426141738892,0.3886353671550751,0.5574619770050049,-0.46781134605407715,0.4293901324272156,-0.5348014831542969,0.8192086815834045,-0.142581045627594,0.1576034128665924,1,0.7673854231834412,-0.106102854013443,0.48266658186912537,0.5926734209060669,-0.44050511717796326,0.37617379426956177,-0.5596307516098022,0
0.7755855917930603,-0.13641983270645142,0.39655858278274536,0.5606635808944702,-0.4656209945678711,0.42494553327560425,-0.5369120836257935,0.822418212890625,-0.1397601217031479,0.1660279482603073,1,0.7661815285682678,-0.10267727822065353,0.4909381568431854,0.595999002456665,-0.4378714859485626,0.3713468909263611,-0.5613868236541748,0
0.7757956385612488,-0.13345083594322205,0.4045336842536926,0.5638826489448547,-0.46339038014411926,0.42046162486076355,-0.5389968752861023,0.8254892826080322,-0.1368587613105774,0.17452087998390198,1,0.764832615852356,-0.09922625124454498,0.49918627738952637,0.5993190407752991,-0.43521058559417725,0.3665095269680023,-0.5630978345870972,0
0.7758753299713135,-0.1304294914007187,0.41255268454551697,0.5671164393424988,-0.46112117171287537,0.41594186425209045,-0.5410531163215637,0.8284273147583008,-0.13388824462890625,0.1830875277519226,1,0.7633386850357056,-0.09575195610523224,0.5074087381362915,0.6026327013969421,-0.43252232670783997,0.3616621196269989,-0.5647642612457275,0
0.7758220434188843,-0.1273585855960846,0.42060962319374084,0.5703631043434143,-0.45881393551826477,0.41138845682144165,-0.5430793762207031,0.8312414288520813,-0.13084596395492554,0.19173681735992432,1,0.7616996765136719,-0.09225579351186752,0.5156038999557495,0.6059401631355286,-0.4298064112663269,0.35680440068244934,-0.5663862824440002,0
0.7756340503692627,-0.1242404356598854,0.42869749665260315,0.5736204981803894,-0.4564695656299591,0.4068041443824768,-0.5450736284255981,0.8339278101921082,-0.12773270905017853,0.20046311616897583,1,0.7599160671234131,-0.08873946219682693,0.5237683653831482,0.6092405915260315,-0.4270640015602112,0.35193753242492676,-0.567963182926178,0
0.7753097414970398,-0.12107723951339722,0.43681058287620544,0.5768868327140808,-0.4540896415710449,0.4021909534931183,-0.5470342040061951,0.836484432220459,-0.12455154210329056,0.20926159620285034,1,0.7579877376556396,-0.08520464599132538,0.5319008827209473,0.6125338673591614,-0.42429429292678833,0.3470606803894043,-0.5694957971572876,0
0.7748469710350037,-0.11787141859531403,0.44494399428367615,0.5801607370376587,-0.4516740143299103,0.39755088090896606,-0.5489602088928223,0.8389028906822205,-0.1213022992014885,0.21812264621257782,1,0.7559149265289307,-0.08165299892425537,0.5399986505508423,0.6158196330070496,-0.42149797081947327,0.3421747088432312,-0.570983350276947,0
0.7742447853088379,-0.11462479829788208,0.4530925750732422,0.5834407210350037,-0.4492236375808716,0.3928849697113037,-0.5508504509925842,0.8412083387374878,-0.11798452585935593,0.2270858734846115,1,0.7536980509757996,-0.07808621227741241,0.5480595231056213,0.6190972924232483,-0.4186752140522003,0.3372799754142761,-0.5724261999130249,0
0.7735020518302917,-0.11134026199579239,0.4612509608268738,0.5867252945899963,-0.44673946499824524,0.38819578289985657,-0.5527034997940063,0.8433399796485901,-0.11460791528224945,0.23605599999427795,1,0.7513375878334045,-0.07450650632381439,0.5560809373855591,0.6223666071891785,-0.4158259630203247,0.332376629114151,-0.5738242864608765,0
0.772617518901825,-0.10801982879638672,0.4694148004055023,0.5900129675865173,-0.44422194361686707,0.38348427414894104,-0.5545188784599304,0.8453235626220703,-0.11117072403430939,0.24507084488868713,1,0.7488337755203247,-0.07091477513313293,0.5640613436698914,0.625627338886261,-0.4129503071308136,0.32746461033821106,-0.5751776695251465,0
0.7715907096862793,-0.10466542840003967,0.47757968306541443,0.593302845954895,-0.44167187809944153,0.3787519335746765,-0.5562954545021057,0.8471602201461792,-0.10767458379268646,0.2541298270225525,1,0.7461869120597839,-0.06731318682432175,0.571997880935669,0.6288789510726929,-0.4100487232208252,0.3225444257259369,-0.5764861106872559,0
0.770420491695404,-0.10127913951873779,0.48574191331863403,0.5965940356254578,-0.4390890598297119,0.3739994168281555,-0.5580328106880188,0.8488477468490601,-0.10412155836820602,0.2632282078266144,1,0.7433977127075195,-0.06370347738265991,0.5798887014389038,0.632121205329895,-0.4071210026741028,0.31761646270751953,-0.5777499079704285,0
0.7691066265106201,-0.09786315262317657,0.4938969016075134,0.5998851656913757,-0.4364747405052185,0.36922866106033325,-0.5597299933433533,0.8503838181495667,-0.10051363706588745,0.27236127853393555,1,0.7404665946960449,-0.06008730083703995,0.5877315402030945,0.6353535652160645,-0.40416765213012695,0.3126806616783142,-0.57896888256073,0
0.7676483988761902,-0.09441955387592316,0.5020414590835571,0.6031754016876221,-0.43382909893989563,0.3644396662712097,-0.5613869428634644,0.8517663478851318,-0.09685283154249191,0.28152456879615784,1,0.7373943328857422,-0.056466467678546906,0.5955239534378052,0.6385756731033325,-0.40118855237960815,0.3077376186847687,-0.5801433324813843,0
0.7660455703735352,-0.09095025807619095,0.5101717114448547,0.6064639091491699,-0.4311526119709015,0.359634131193161,-0.5630027651786804,0.8529936671257019,-0.09314121305942535,0.290713906288147,1,0.7341814637184143,-0.05284254997968674,0.6032641530036926,0.6417872905731201,-0.3981841206550598,0.30278709530830383,-0.5812730193138123,0
0.7642980217933655,-0.08745743334293365,0.5182837843894958,0.6097496151924133,-0.42844584584236145,0.35481277108192444,-0.5645771622657776,0.8540642261505127,-0.08938070386648178,0.2999252676963806,1,0.7308287620544434,-0.04921736568212509,0.6109497547149658,0.6449881196022034,-0.39515420794487,0.29782962799072266,-0.5823580622673035,0
0.7624053359031677,-0.08394299447536469,0.5263751149177551,0.6130322217941284,-0.4257088005542755,0.34997615218162537,-0.5661097168922424,0.8549767732620239,-0.08557336032390594,0.30915483832359314,1,0.7273367643356323,-0.04559249058365822,0.6185786128044128,0.6481775045394897,-0.39209920167922974,0.2928656041622162,-0.5833985209465027,0
0.760367751121521,-0.08040890097618103,0.5344420075416565,0.6163104772567749,-0.4229421317577362,0.3451251983642578,-0.5676001906394958,0.8557301163673401,-0.08172113448381424,0.31839895248413086,1,0.7237066626548767,-0.04196968302130699,0.626148521900177,0.6513553261756897,-0.38901934027671814,0.28789517283439636,-0.584394097328186,0
0.7581851482391357,-0.07685723900794983,0.5424811840057373,0.6195839643478394,-0.42014622688293457,0.34026041626930237,-0.5690479278564453,0.8563233017921448,-0.07782601565122604,0.32765400409698486,1,0.7199389934539795,-0.03835057467222214,0.6336577534675598,0.6545211672782898,-0.3859144449234009,0.2829183042049408,-0.5853453874588013,0
0.7558575868606567,-0.07328971475362778,0.5504902005195618,0.6228519678115845,-0.41732117533683777,0.3353824019432068,-0.5704532861709595,0.8567554950714111,-0.0738900825381279,0.3369165360927582,1,0.7160347700119019,-0.03473668172955513,0.6411036849021912,0.6576746702194214,-0.3827854096889496,0.2779358923435211,-0.5862516760826111,0
0.7533854842185974,-0.06970840692520142,0.5584654211997986,0.6261138319969177,-0.4144672751426697,0.3304916322231293,-0.5718159079551697,0.8570259809494019,-0.069915272295475,0.3461832106113434,1,0.711995005607605,-0.03113003820180893,0.6484847664833069,0.6608154773712158,-0.37963151931762695,0.27294760942459106,-0.5871135592460632,0
0.7507686614990234,-0.06611508876085281,0.5664046406745911,0.629368782043457,-0.41158515214920044,0.32558920979499817,-0.5731353163719177,0.8571341037750244,-0.06590357422828674,0.35545071959495544,1,0.7078206539154053,-0.027532396838068962,0.6557985544204712,0.6639431118965149,-0.3764534592628479,0.2679537236690521,-0.5879311561584473,0
0.7480078935623169,-0.06251192092895508,0.5743046402931213,0.6326165199279785,-0.40867477655410767,0.3206750154495239,-0.5744116306304932,0.8570793867111206,-0.06185697391629219,0.3647158741950989,1,0.7035127282142639,-0.023945041000843048,0.663043200969696,0.6670573949813843,-0.37325119972229004,0.2629549503326416,-0.5887041091918945,0
0.7451033592224121,-0.058900780975818634,0.5821628570556641,0.6358562707901001,-0.4057365357875824,0.31574997305870056,-0.5756444334983826,0.856861412525177,-0.05777750164270401,0.37397557497024536,1,0.6990721821784973,-0.020369812846183777,0.6702167391777039,0.6701579689979553,-0.370025098323822,0.25795063376426697,-0.5894328951835632,0
0.7420556545257568,-0.05528317391872406,0.5899763703346252,0.6390874981880188,-0.4027706980705261,0.3108143210411072,-0.5768338441848755,0.8564798831939697,-0.0536670945584774,0.38322675228118896,1,0.6945005655288696,-0.016808368265628815,0.6773170828819275,0.6732441782951355,-0.3667750954627991,0.25294187664985657,-0.5901174545288086,0
0.7388651967048645,-0.05166131258010864,0.5977429151535034,0.6423097848892212,-0.39977744221687317,0.3058685064315796,-0.5779797434806824,0.8559345006942749,-0.04952775314450264,0.39246636629104614,1,0.6897989511489868,-0.013262365013360977,0.6843419671058655,0.6763156652450562,-0.36350199580192566,0.24792897701263428,-0.5907576084136963,0
0.7355326414108276,-0.04803691804409027,0.6054601073265076,0.6455224752426147,-0.3967569172382355,0.30091285705566406,-0.5790819525718689,0.8552252054214478,-0.045361511409282684,0.4016914665699005,1,0.6849683523178101,-0.00973327923566103,0.6912899613380432,0.6793725490570068,-0.3602049648761749,0.24291151762008667,-0.5913538336753845,0
0.7320584654808044,-0.044411689043045044,0.6131247282028198,0.6487252116203308,-0.3937096893787384,0.2959480881690979,-0.5801404118537903,0.8543519377708435,-0.04117025062441826,0.41089919209480286,1,0.6800102591514587,-0.00622282549738884,0.6981589794158936,0.6824140548706055,-0.35688498616218567,0.23789018392562866,-0.5919056534767151,0
0.7284436821937561,-0.04078765958547592,0.6207350492477417,0.6519173979759216,-0.39063555002212524,0.2909742593765259,-0.5811553001403809,0.8533146381378174,-0.03695593774318695,0.4200866222381592,1,0.6749259233474731,-0.002732480876147747,0.7049469947814941,0.6854400038719177,-0.35354194045066833,0.23286516964435577,-0.592413604259491,0
0.7246887683868408,-0.03716624528169632,0.6282883882522583,0.6550987362861633,-0.3875351548194885,0.2859916687011719,-0.5821260809898376,0.8521134257316589,-0.03272053599357605,0.4292509853839874,1,0.6697167158126831,0.0007360642775893211,0.7116520404815674,0.6884499192237854,-0.35017621517181396,0.22783665359020233,-0.5928775072097778,0
0.7207950353622437,-0.033549681305885315,0.63578200340271,0.6582682728767395,-0.3844088017940521,0.28100132942199707,-0.5830531120300293,0.8507484197616577,-0.02846594899892807,0.43838950991630554,1,0.6643841862678528,0.004181375727057457,0.7182726860046387,0.6914436221122742,-0.34678760170936584,0.22280459105968475,-0.59329754114151,0
0.716762900352478,-0.029939502477645874,0.6432140469551086,0.6614261269569397,-0.381256103515625,0.27600300312042236,-0.5839362740516663,0.8492199182510376,-0.02419421263039112,0.4474993944168091,1,0.6589298844337463,0.007601848803460598,0.7248064875602722,0.694420576095581,-0.3433767855167389,0.21776989102363586,-0.5936738848686218,0
0.7125934958457947,-0.02633720263838768,0.6505820751190186,0.6645716428756714,-0.3780776858329773,0.27099695801734924,-0.5847753882408142,0.8475282192230225,-0.0199072677642107,0.45657801628112793,1,0.6533548831939697,0.010996057651937008,0.7312524914741516,0.697380542755127,-0.3399435579776764,0.21273185312747955,-0.5940065979957581,0
0.7082875967025757,-0.02274492383003235,0.657883882522583,0.6677044630050659,-0.3748738765716553,0.265983521938324,-0.5855705738067627,0.8456736207008362,-0.015606950037181377,0.4656227231025696,1,0.6476611495018005,0.014362205751240253,0.737608015537262,0.7003229856491089,-0.33648818731307983,0.20769162476062775,-0.594295859336853,0
0.70384681224823,-0.019164375960826874,0.6651169657707214,0.6708239912986755,-0.37164437770843506,0.26096343994140625,-0.586322009563446,0.8436565399169922,-0.011295279487967491,0.47463083267211914,1,0.6418502330780029,0.017699213698506355,0.7438718676567078,0.7032479047775269,-0.3330111503601074,0.20264896750450134,-0.5945412516593933,0
0.6992713809013367,-0.015597080811858177,0.6722797751426697,0.6739300489425659,-0.3683898150920868,0.2559366226196289,-0.5870295166969299,0.8414775729179382,-0.0069742039777338505,0.4835997521877289,1,0.6359239220619202,0.021005265414714813,0.7500418424606323,0.7061545252799988,-0.329512357711792,0.1976044625043869,-0.5947434902191162,0
0.6945632696151733,-0.012044805102050304,0.6793690919876099,0.6770215630531311,-0.36511048674583435,0.250903844833374,-0.5876932740211487,0.8391372561454773,-0.0026455994229763746,0.49252691864967346,1,0.6298834681510925,0.024279313161969185,0.7561168074607849,0.7090429663658142,-0.32599204778671265,0.1925577074289322,-0.5949023365974426,0
0.6897232532501221,-0.008509163744747639,0.6863836646080017,0.680098831653595,-0.361806184053421,0.24586468935012817,-0.5883130431175232,0.8366361856460571,0.0016885407967492938,0.5014097690582275,1,0.6237310767173767,0.02751932665705681,0.7620945572853088,0.7119122743606567,-0.32245057821273804,0.18751005828380585,-0.5950179696083069,0
0.6847527623176575,-0.004991982597857714,0.6933212876319885,0.6831610798835754,-0.3584774434566498,0.24081997573375702,-0.5888891816139221,0.8339750170707703,0.006026383023709059,0.5102458596229553,1,0.6174681186676025,0.030724240466952324,0.7679740786552429,0.7147626876831055,-0.31888771057128906,0.1824602335691452,-0.5950907468795776,0
0.6796528100967407,-0.0014946330338716507,0.7001796960830688,0.686208188533783,-0.355124294757843,0.23576965928077698,-0.5894215106964111,0.8311545252799988,0.010366024449467659,0.5190326571464539,1,0.6110965609550476,0.033892661333084106,0.77375328540802,0.7175935506820679,-0.3153040111064911,0.17740967869758606,-0.5951206684112549,0
0.6744251847267151,0.001980990171432495,0.7069568037986755,0.6892393827438354,-0.3517471253871918,0.23071442544460297,-0.5899099111557007,0.8281754851341248,0.014705581590533257,0.5277677178382874,1,0.6046184301376343,0.03702320158481598,0.7794307470321655,0.7204045653343201,-0.31169986724853516,0.17235833406448364,-0.5951076149940491,0
0.6690712571144104,0.0054333144798874855,0.7136504650115967,0.6922544240951538,-0.34834611415863037,0.2256542295217514,-0.5903548002243042,0.8250387907028198,0.019043155014514923,0.5364486575126648,1,0.5980356931686401,0.04011452570557594,0.7850046753883362,0.723195493221283,-0.308074951171875,0.16730643808841705,-0.5950517058372498,0
0.6635920405387878,0.008861088193953037,0.7202592492103577,0.6952531933784485,-0.34492114186286926,0.22058948874473572,-0.5907559990882874,0.8217453360557556,0.02337687648832798,0.5450730323791504,1,0.5913497805595398,0.0431654267013073,0.7904738783836365,0.7259658575057983,-0.304429829120636,0.16225376725196838,-0.5949534773826599,0
0.6579892039299011,0.012262488715350628,0.7267810106277466,0.6982347965240479,-0.3414727449417114,0.2155202180147171,-0.5911137461662292,0.8182960748672485,0.027704907581210136,0.5536384582519531,1,0.5845631957054138,0.04617450013756752,0.7958366274833679,0.7287154197692871,-0.3007645308971405,0.1572011113166809,-0.5948127508163452,0
0.6522645950317383,0.01563568413257599,0.7332134246826172,0.7011991143226624,-0.33800092339515686,0.21044695377349854,-0.5914279818534851,0.8146920204162598,0.03202541172504425,0.5621426701545715,1,0.5776774883270264,0.049140602350234985,0.8010914921760559,0.7314437031745911,-0.2970794439315796,0.1521483063697815,-0.5946298837661743,0
0.6464196443557739,0.018979568034410477,0.7395548820495605,0.7041457295417786,-0.33450615406036377,0.20536990463733673,-0.5916988253593445,0.81093430519104,0.0363365076482296,0.5705832242965698,1,0.5706945657730103,0.052062515169382095,0.8062374591827393,0.7341507077217102,-0.2933744788169861,0.1470954269170761,-0.5944047570228577,0
0.6404560208320618,0.022292163223028183,0.7458033561706543,0.7070742845535278,-0.330988347530365,0.2002895474433899,-0.5919262766838074,0.8070240616798401,0.04063643887639046,0.5789579749107361,1,0.5636175870895386,0.05493877828121185,0.8112723231315613,0.7368355989456177,-0.28965020179748535,0.14204366505146027,-0.5941376686096191,0
0.6343754529953003,0.025572441518306732,0.7519572377204895,0.709984302520752,-0.3274478018283844,0.19520600140094757,-0.5921104550361633,0.8029624819755554,0.044923339039087296,0.5872645378112793,1,0.556146502494812,0.05788543447852135,0.8163982629776001,0.7396089434623718,-0.2857500910758972,0.13678176701068878,-0.5938148498535156,0
0.628168523311615,0.028825797140598297,0.7580254077911377,0.7128821015357971,-0.32387760281562805,0.1901111751794815,-0.5922500491142273,0.7987436056137085,0.04920518770813942,0.5955151915550232,1,0.5485777854919434,0.06078009307384491,0.8214008808135986,0.7423577904701233,-0.2818293869495392,0.13152116537094116,-0.5934467911720276,0
0.6218299865722656,0.032053276896476746,0.7640116214752197,0.7157695889472961,-0.3202739655971527,0.18499934673309326,-0.5923457741737366,0.7943634986877441,0.05348430201411247,0.6037155389785767,1,0.5409131646156311,0.06362134963274002,0.8262790441513062,0.7450817227363586,-0.27788832783699036,0.12626181542873383,-0.5930339097976685,0
0.6153584718704224,0.03525444492697716,0.7699143886566162,0.7186470031738281,-0.3166368901729584,0.17986884713172913,-0.5923973917961121,0.7898203134536743,0.05775937810540199,0.611865758895874,1,0.5331555008888245,0.06640831381082535,0.831031084060669,0.747780442237854,-0.27392706274986267,0.12100385874509811,-0.5925760269165039,0
0.60875403881073,0.03842701017856598,0.7757321000099182,0.7215132713317871,-0.31296584010124207,0.1747197061777115,-0.5924051403999329,0.7851137518882751,0.06202790513634682,0.6199635863304138,1,0.5253068208694458,0.06913968920707703,0.8356561660766602,0.750453770160675,-0.26994553208351135,0.11574780195951462,-0.5920735001564026,0
0.6020182371139526,0.04156838729977608,0.7814615368843079,0.724367082118988,-0.30926162004470825,0.16955244541168213,-0.5923693180084229,0.7802443504333496,0.06628696620464325,0.6280052065849304,1,0.5173704028129578,0.07181424647569656,0.8401523232460022,0.7531009912490845,-0.2659444808959961,0.11049375683069229,-0.5915263295173645,0
0.5951535105705261,0.044676199555397034,0.7870988845825195,0.7272074222564697,-0.30552464723587036,0.16436834633350372,-0.5922895669937134,0.7752133011817932,0.07053342461585999,0.6359861493110657,1,0.5093483328819275,0.07443089038133621,0.8445185422897339,0.7557219862937927,-0.26192378997802734,0.10524202138185501,-0.5909350514411926,0
0.5881629586219788,0.047747861593961716,0.7926400303840637,0.730032742023468,-0.30175626277923584,0.15916910767555237,-0.5921658873558044,0.7700223326683044,0.0747642070055008,0.6439017653465271,1,0.5012436509132385,0.07698853313922882,0.8487533330917358,0.7583162188529968,-0.25788411498069763,0.09999289363622665,-0.590299665927887,0
0.5810493230819702,0.05078067258000374,0.7980815172195435,0.7328420281410217,-0.2979569435119629,0.15395605564117432,-0.5919980406761169,0.7646731734275818,0.07897630333900452,0.6517472267150879,1,0.4930585026741028,0.07948599010705948,0.8528558015823364,0.7608835101127625,-0.25382524728775024,0.09474645555019379,-0.5896204113960266,0
0.573816180229187,0.05377264320850372,0.8034192323684692,0.7356337904930115,-0.29412809014320374,0.14873117208480835,-0.5917858481407166,0.7591679096221924,0.08316683024168015,0.6595180630683899,1,0.48479583859443665,0.08192257583141327,0.8568246960639954,0.7634233832359314,-0.24974758923053741,0.08950326591730118,-0.5888972878456116,0
0.5664665699005127,0.05672134831547737,0.808650016784668,0.7384073138237,-0.2902705669403076,0.14349541068077087,-0.591529130935669,0.7535088062286377,0.08733296394348145,0.6672099232673645,1,0.47645872831344604,0.08429716527462006,0.860658586025238,0.7659356594085693,-0.24565157294273376,0.08426330238580704,-0.5881304740905762,0
0.5590036511421204,0.05962453410029411,0.8137707710266113,0.7411612272262573,-0.28638482093811035,0.13825015723705292,-0.5912280678749084,0.7476980686187744,0.09147201478481293,0.6748185157775879,1,0.46804967522621155,0.08660855889320374,0.8643566370010376,0.768419623374939,-0.2415371537208557,0.07902706414461136,-0.587320864200592,0
0.5514312982559204,0.06248031556606293,0.818777859210968,0.7438945770263672,-0.2824724018573761,0.13299721479415894,-0.5908822417259216,0.7417381405830383,0.09558137506246567,0.6823399066925049,1,0.4595707654953003,0.08885632455348969,0.8679180145263672,0.7708753347396851,-0.23740456998348236,0.07379411160945892,-0.5864678025245667,0
0.5437522530555725,0.06528677046298981,0.8236687779426575,0.7466065883636475,-0.27853357791900635,0.12773682177066803,-0.5904920697212219,0.7356313467025757,0.09965857863426208,0.6897703409194946,1,0.4510261118412018,0.09103915840387344,0.8713412284851074,0.7733021974563599,-0.2332543134689331,0.06856542825698853,-0.5855721235275269,0
0.5359700322151184,0.06804195046424866,0.82844078540802,0.7492963671684265,-0.27456894516944885,0.12247078120708466,-0.5900572538375854,0.729380190372467,0.10370126366615295,0.6971063017845154,1,0.442417711019516,0.09315657615661621,0.8746255040168762,0.7756999135017395,-0.22908645868301392,0.0633411705493927,-0.5846339464187622,0
0.5280876159667969,0.07074444741010666,0.8330913186073303,0.7519633173942566,-0.27057945728302,0.11719965934753418,-0.5895779728889465,0.722987174987793,0.10770716518163681,0.7043444514274597,1,0.43374839425086975,0.09520766884088516,0.8777700662612915,0.7780683040618896,-0.22490137815475464,0.058121249079704285,-0.5836531519889832,0
0.5201088190078735,0.07339223474264145,0.8376179933547974,0.7546063661575317,-0.2665660083293915,0.11192480474710464,-0.5890539884567261,0.7164548635482788,0.11167412251234055,0.7114816904067993,1,0.4250216484069824,0.0971916913986206,0.8807738423347473,0.7804065942764282,-0.2206992357969284,0.0529063381254673,-0.5826303958892822,0
0.5120363831520081,0.07598425447940826,0.8420186638832092,0.757224977016449,-0.262528657913208,0.10664662718772888,-0.588485598564148,0.7097858190536499,0.11560001224279404,0.7185149788856506,1,0.41623973846435547,0.09910798072814941,0.8836361169815063,0.7827149033546448,-0.21648041903972626,0.04769626632332802,-0.5815657377243042,0
0.503873884677887,0.0785185694694519,0.8462911248207092,0.7598184943199158,-0.258468359708786,0.1013663113117218,-0.587873101234436,0.7029826045036316,0.11948290467262268,0.7254415154457092,1,0.40740591287612915,0.10095573961734772,0.886355996131897,0.7849924564361572,-0.2122449427843094,0.042491428554058075,-0.580459475517273,0
0.49562373757362366,0.08099428564310074,0.8504338264465332,0.76238614320755,-0.25438544154167175,0.09608391672372818,-0.5872164964675903,0.6960479021072388,0.1233208179473877,0.7322585582733154,1,0.39852291345596313,0.10273467749357224,0.888933002948761,0.7872393131256104,-0.20799309015274048,0.03729213774204254,-0.5793118476867676,0
0.4872899651527405,0.08340974897146225,0.8544446229934692,0.7649274468421936,-0.2502807080745697,0.09080079942941666,-0.5865156054496765,0.6889842748641968,0.12711195647716522,0.7389634847640991,1,0.3895939886569977,0.10444406419992447,0.8913660645484924,0.789454996585846,-0.20372557640075684,0.03209862858057022,-0.5781230926513672,0
0.4788757562637329,0.0857638344168663,0.8583216071128845,0.767441987991333,-0.24615445733070374,0.08551748096942902,-0.5857709050178528,0.6817945241928101,0.1308545023202896,0.7455539107322693,1,0.38062214851379395,0.10608340054750443,0.8936548233032227,0.7916392087936401,-0.1994420886039734,0.026911241933703423,-0.5768933892250061,0
0.47038358449935913,0.08805543184280396,0.8620636463165283,0.7699289917945862,-0.2420068085193634,0.08023399114608765,-0.5849825143814087,0.6744813919067383,0.1345466673374176,0.7520274519920349,1,0.3716099262237549,0.10765224695205688,0.8957985639572144,0.793791651725769,-0.1951431781053543,0.021729780361056328,-0.5756229162216187,0
0.46181732416152954,0.09028337895870209,0.8656690120697021,0.7723879814147949,-0.23783893883228302,0.07495145499706268,-0.5841502547264099,0.6670475006103516,0.13818688690662384,0.7583820223808289,1,0.3625604212284088,0.1091499999165535,0.8977970480918884,0.7959117293357849,-0.1908288449048996,0.016554540023207664,-0.5743123888969421,0
