0.3625604212284088,0.1091499999165535,0.8977970480918884,0.7959117293357849,-0.1908288449048996,0.016554540023207664,-0.5743123888969421,0.5217304229736328,-0.04339304566383362,0.019999999552965164,0,0.3625604212284088,0.1091499999165535,0.8977970480918884,0.7959117293357849,-0.1908288449048996,0.016554540023207664,-0.5743123888969421,1
0.3628040552139282,0.10916154831647873,0.8976776003837585,0.7959170937538147,-0.19090838730335236,0.016660241410136223,-0.5742754340171814,0.5217304229736328,-0.04339304566383362,0.01981772482395172,0,0.3625604212284088,0.1091499999165535,0.8977970480918884,0.7959117293357849,-0.1908288449048996,0.016554540023207664,-0.5743123888969421,1
0.3632446825504303,0.10916890949010849,0.8974825739860535,0.7959179878234863,-0.1910729855298996,0.016885489225387573,-0.574212908744812,0.5217304229736328,-0.04339304566383362,0.019884351640939713,0,0.3625604212284088,0.1091499999165535,0.8977970480918884,0.7959117293357849,-0.1908288449048996,0.016554540023207664,-0.5743123888969421,1
0.36376747488975525,0.10917111486196518,0.8972581028938293,0.7959133982658386,-0.1912766695022583,0.017166968435049057,-0.5741432309150696,0.5217304229736328,-0.04339304566383362,0.019923370331525803,0,0.3625604212284088,0.1091499999165535,0.8977970480918884,0.7959117293357849,-0.1908288449048996,0.016554540023207664,-0.5743123888969421,1
0.3643089532852173,0.10917005687952042,0.8970283269882202,0.7959052920341492,-0.1914910078048706,0.01746424101293087,-0.5740739107131958,0.5217304229736328,-0.04339304566383362,0.019946129992604256,0,0.3625604212284088,0.1091499999165535,0.8977970480918884,0.7959117293357849,-0.1908288449048996,0.016554540023207664,-0.5743123888969421,1
0.36483412981033325,0.10916749387979507,0.8968064785003662,0.7958957552909851,-0.19170089066028595,0.017755331471562386,-0.5740082263946533,0.5217304229736328,-0.04339304566383362,0.019959423691034317,0,0.3625604212284088,0.1091499999165535,0.8977970480918884,0.7959117293357849,-0.1908288449048996,0.016554540023207664,-0.5743123888969421,1
0.3653259873390198,0.10916423052549362,0.8965990543365479,0.7958859801292419,-0.19189804792404175,0.01802937313914299,-0.5739471912384033,0.5217304229736328,-0.04339304566383362,0.019967196509242058,0,0.3625604212284088,0.1091499999165535,0.8977970480918884,0.7959117293357849,-0.1908288449048996,0.016554540023207664,-0.5743123888969421,1
0.36577728390693665,0.10916095972061157,0.89640873670578,0.7958768010139465,-0.19207923114299774,0.01828133687376976,-0.5738914608955383,0.5217304229736328,-0.04339304566383362,0.01997174322605133,0,0.3625604212284088,0.1091499999165535,0.8977970480918884,0.7959117293357849,-0.1908288449048996,0.016554540023207664,-0.5743123888969421,1
0.366186261177063,0.10915781557559967,0.8962359428405762,0.7958679795265198,-0.1922435611486435,0.018509861081838608,-0.5738412737846375,0.5217304229736328,-0.04339304566383362,0.019974403083324432,0,0.3625604212284088,0.1091499999165535,0.8977970480918884,0.7959117293357849,-0.1908288449048996,0.016554540023207664,-0.5743123888969421,1
0.3665536642074585,0.1091550812125206,0.8960806727409363,0.7958602905273438,-0.19239117205142975,0.01871492713689804,-0.5737957954406738,0.5217304229736328,-0.04339304566383362,0.01997595839202404,0,0.3625604212284088,0.1091499999165535,0.8977970480918884,0.7959117293357849,-0.1908288449048996,0.016554540023207664,-0.5743123888969421,1
0.36688217520713806,0.10915274918079376,0.895941436290741,0.7958534359931946,-0.1925230473279953,0.018898339942097664,-0.5737552642822266,0.5217304229736328,-0.04339304566383362,0.019976869225502014,0,0.3625604212284088,0.1091499999165535,0.8977970480918884,0.7959117293357849,-0.1908288449048996,0.016554540023207664,-0.5743123888969421,1
0.3671749234199524,0.10915068536996841,0.8958170413970947,0.7958471775054932,-0.1926405429840088,0.019061513245105743,-0.5737189054489136,0.5217304229736328,-0.04339304566383362,0.019977401942014694,0,0.3625604212284088,0.1091499999165535,0.8977970480918884,0.7959117293357849,-0.1908288449048996,0.016554540023207664,-0.5743123888969421,1
0.36743536591529846,0.10914917290210724,0.8957062363624573,0.7958419322967529,-0.19274485111236572,0.019206577911973,-0.5736864805221558,0.5217304229736328,-0.04339304566383362,0.019977713003754616,0,0.3625604212284088,0.1091499999165535,0.8977970480918884,0.7959117293357849,-0.1908288449048996,0.016554540023207664,-0.5743123888969421,1
0.3676663637161255,0.10914792865514755,0.8956077694892883,0.7958371639251709,-0.19283725321292877,0.019334783777594566,-0.5736575722694397,0.5217304229736328,-0.04339304566383362,0.01997789368033409,0,0.3625604212284088,0.1091499999165535,0.8977970480918884,0.7959117293357849,-0.1908288449048996,0.016554540023207664,-0.5743123888969421,1
0.3678717017173767,0.10914682596921921,0.8955199718475342,0.7958332300186157,-0.1929192990064621,0.019448645412921906,-0.573631763458252,0.5217304229736328,-0.04339304566383362,0.019978001713752747,0,0.3625604212284088,0.1091499999165535,0.8977970480918884,0.7959117293357849,-0.1908288449048996,0.016554540023207664,-0.5743123888969421,1
0.3680533766746521,0.10914600640535355,0.8954421877861023,0.795829713344574,-0.19299162924289703,0.01954904943704605,-0.5736088156700134,0.5217304229736328,-0.04339304566383362,0.01997806318104267,0,0.3625604212284088,0.1091499999165535,0.8977970480918884,0.7959117293357849,-0.1908288449048996,0.016554540023207664,-0.5743123888969421,1
0.3682141900062561,0.10914544761180878,0.8953732252120972,0.79582679271698,-0.19305557012557983,0.01963799074292183,-0.5735883712768555,0.5217304229736328,-0.04339304566383362,0.019978100433945656,0,0.3625604212284088,0.1091499999165535,0.8977970480918884,0.7959117293357849,-0.1908288449048996,0.016554540023207664,-0.5743123888969421,1
0.3683570623397827,0.10914503037929535,0.8953116536140442,0.7958241105079651,-0.19311225414276123,0.019716612994670868,-0.5735701322555542,0.5217304229736328,-0.04339304566383362,0.019978120923042297,0,0.3625604212284088,0.1091499999165535,0.8977970480918884,0.7959117293357849,-0.1908288449048996,0.016554540023207664,-0.5743123888969421,1
0.36848360300064087,0.10914475470781326,0.8952572345733643,0.7958218455314636,-0.1931624412536621,0.019786084070801735,-0.5735539793968201,0.5217304229736328,-0.04339304566383362,0.019978133961558342,0,0.3625604212284088,0.1091499999165535,0.8977970480918884,0.7959117293357849,-0.1908288449048996,0.016554540023207664,-0.5743123888969421,1
0.36859551072120667,0.10914462059736252,0.8952088356018066,0.7958201169967651,-0.19320662319660187,0.019847365096211433,-0.5735394358634949,0.5217304229736328,-0.04339304566383362,0.01997814141213894,0,0.3625604212284088,0.1091499999165535,0.8977970480918884,0.7959117293357849,-0.1908288449048996,0.016554540023207664,-0.5743123888969421,1
0.36869457364082336,0.10914447903633118,0.8951660394668579,0.7958184480667114,-0.1932457685470581,0.01990160159766674,-0.5735267996788025,0.5217304229736328,-0.04339304566383362,0.019978145137429237,0,0.3625604212284088,0.1091499999165535,0.8977970480918884,0.7959117293357849,-0.1908288449048996,0.016554540023207664,-0.5743123888969421,1
0.3687824606895447,0.10914447903633118,0.8951278328895569,0.795816957950592,-0.19328033924102783,0.01994943805038929,-0.5735154151916504,0.5217304229736328,-0.04339304566383362,0.019978148862719536,0,0.3625604212284088,0.1091499999165535,0.8977970480918884,0.7959117293357849,-0.1908288449048996,0.016554540023207664,-0.5743123888969421,1
0.36886000633239746,0.10914461314678192,0.895094096660614,0.7958159446716309,-0.19331079721450806,0.019991593435406685,-0.5735051035881042,0.5217304229736328,-0.04339304566383362,0.019978148862719536,0,0.3625604212284088,0.1091499999165535,0.8977970480918884,0.7959117293357849,-0.1908288449048996,0.016554540023207664,-0.5743123888969421,1
0.36892861127853394,0.10914474725723267,0.8950642347335815,0.7958149909973145,-0.19333770871162415,0.02002882771193981,-0.5734960436820984,0.5217304229736328,-0.04339304566383362,0.019978148862719536,0,0.3625604212284088,0.1091499999165535,0.8977970480918884,0.7959117293357849,-0.1908288449048996,0.016554540023207664,-0.5743123888969421,1
0.3689894676208496,0.10914488881826401,0.8950377106666565,0.7958140969276428,-0.1933615803718567,0.020061763003468513,-0.5734882354736328,0.5217304229736328,-0.04339304566383362,0.019978148862719536,0,0.3625604212284088,0.1091499999165535,0.8977970480918884,0.7959117293357849,-0.1908288449048996,0.016554540023207664,-0.5743123888969421,1
0.3690434694290161,0.10914502292871475,0.8950141072273254,0.7958134412765503,-0.1933826208114624,0.020090937614440918,-0.5734809041023254,0.5217304229736328,-0.04339304566383362,0.019978148862719536,0,0.3625604212284088,0.1091499999165535,0.8977970480918884,0.7959117293357849,-0.1908288449048996,0.016554540023207664,-0.5743123888969421,1
0.3690912425518036,0.10914530605077744,0.8949931859970093,0.7958129048347473,-0.1934012621641159,0.02011662721633911,-0.5734745860099792,0.5217304229736328,-0.04339304566383362,0.019978148862719536,0,0.3625604212284088,0.1091499999165535,0.8977970480918884,0.7959117293357849,-0.1908288449048996,0.016554540023207664,-0.5743123888969421,1
0.3691335916519165,0.10914543271064758,0.8949745893478394,0.7958122491836548,-0.19341766834259033,0.02013932727277279,-0.5734689831733704,0.5217304229736328,-0.04339304566383362,0.019978148862719536,0,0.3625604212284088,0.1091499999165535,0.8977970480918884,0.7959117293357849,-0.1908288449048996,0.016554540023207664,-0.5743123888969421,1
0.369171142578125,0.10914570838212967,0.894957959651947,0.7958120107650757,-0.19343216717243195,0.020159302279353142,-0.5734638571739197,0.5217304229736328,-0.04339304566383362,0.019978148862719536,0,0.3625604212284088,0.1091499999165535,0.8977970480918884,0.7959117293357849,-0.1908288449048996,0.016554540023207664,-0.5743123888969421,1
0.36920416355133057,0.10914599150419235,0.8949434161186218,0.795811653137207,-0.19344498217105865,0.020176958292722702,-0.5734593868255615,0.5217304229736328,-0.04339304566383362,0.019978148862719536,0,0.3625604212284088,0.1091499999165535,0.8977970480918884,0.7959117293357849,-0.1908288449048996,0.016554540023207664,-0.5743123888969421,1
0.36923354864120483,0.1091461256146431,0.8949304223060608,0.7958112955093384,-0.1934562772512436,0.020192500203847885,-0.5734555721282959,0.5217304229736328,-0.04339304566383362,0.019978148862719536,0,0.36923354864120483,0.1091461256146431,0.8949304223060608,0.7958112955093384,-0.1934562772512436,0.020192500203847885,-0.5734555721282959,1
0.3694966435432434,0.10915748029947281,0.8948008418083191,0.7958157062530518,-0.1935444176197052,0.020310046151280403,-0.5734154582023621,0.5217304229736328,-0.04339304566383362,0.019978148862719536,0,0.37483569979667664,0.10806963592767715,0.8949113488197327,0.7940524220466614,-0.1971622109413147,0.02523566223680973,-0.5744310617446899,1
0.37028971314430237,0.10909106582403183,0.8946663737297058,0.795690655708313,-0.19395770132541656,0.020870951935648918,-0.5734291672706604,0.5217304229736328,-0.04339304566383362,0.019978148862719536,0,0.38040101528167725,0.10696206986904144,0.8947702646255493,0.792262613773346,-0.2008584588766098,0.030278656631708145,-0.575377345085144,1
0.3715844452381134,0.10892901569604874,0.8945326209068298,0.7954091429710388,-0.19470804929733276,0.021890457719564438,-0.5735275149345398,0.5217304229736328,-0.04339304566383362,0.019978148862719536,0,0.3859281539916992,0.10582373291254044,0.8945072889328003,0.7904419898986816,-0.20454490184783936,0.03532147780060768,-0.5762944221496582,1
0.37333306670188904,0.10867400467395782,0.8943932056427002,0.7949779629707336,-0.19576433300971985,0.023327771574258804,-0.5737090110778809,0.5217304229736328,-0.04339304566383362,0.019978148862719536,0,0.3914152681827545,0.1046549528837204,0.8941229581832886,0.7885910272598267,-0.2082214653491974,0.040363822132349014,-0.5771816968917847,1
0.37548911571502686,0.1083320751786232,0.8942403793334961,0.7944086194038391,-0.19709594547748566,0.02514164336025715,-0.5739651918411255,0.5217304229736328,-0.04339304566383362,0.019978148862719536,0,0.396860808134079,0.10345621407032013,0.8936174511909485,0.7867099046707153,-0.21188798546791077,0.04540584236383438,-0.5780391693115234,1
0.3780083656311035,0.10790929198265076,0.8940660953521729,0.7937121391296387,-0.1986742466688156,0.027293935418128967,-0.5742861032485962,0.5217304229736328,-0.04339304566383362,0.019978148862719536,0,0.4022628664970398,0.10222761332988739,0.8929914236068726,0.7847986221313477,-0.21554434299468994,0.05044722557067871,-0.5788668394088745,1
0.38085001707077026,0.10741069912910461,0.8938619494438171,0.7928984761238098,-0.200473353266716,0.0297503974288702,-0.5746628642082214,0.5217304229736328,-0.04339304566383362,0.019978148862719536,0,0.4076195955276489,0.10096966475248337,0.8922450542449951,0.7828574776649475,-0.2191903442144394,0.055487655103206635,-0.5796644687652588,1
0.38397663831710815,0.10684099793434143,0.8936200141906738,0.7919761538505554,-0.20246942341327667,0.03247974067926407,-0.5750868320465088,0.5217304229736328,-0.04339304566383362,0.019978148862719536,0,0.41292914748191833,0.0996827632188797,0.8913789391517639,0.780886709690094,-0.22282591462135315,0.060527026653289795,-0.5804317593574524,1
0.38735431432724,0.10620411485433578,0.8933319449424744,0.7909531593322754,-0.20464129745960236,0.03545400872826576,-0.5755501985549927,0.5217304229736328,-0.04339304566383362,0.019978148862719536,0,0.4181901216506958,0.0983673483133316,0.8903936743736267,0.7788865566253662,-0.22645072638988495,0.06556493043899536,-0.5811685919761658,1
0.39095166325569153,0.10550373792648315,0.8929903507232666,0.7898363471031189,-0.20696942508220673,0.038647137582302094,-0.576045572757721,0.5217304229736328,-0.04339304566383362,0.019978148862719536,0,0.4234010875225067,0.0970238596200943,0.8892894983291626,0.7768572568893433,-0.23006503283977509,0.07060161978006363,-0.5818747878074646,1
0.3947399854660034,0.1047428697347641,0.892588198184967,0.7886319160461426,-0.20943616330623627,0.04203612729907036,-0.5765665769577026,0.5217304229736328,-0.04339304566383362,0.019978148862719536,0,0.42855966091156006,0.09565272927284241,0.8880670070648193,0.7747989892959595,-0.2336682230234146,0.0756363794207573,-0.5825501084327698,1
0.3986946940422058,0.1039242371916771,0.8921182155609131,0.7873451113700867,-0.21202653646469116,0.04560142010450363,-0.5771072506904602,0.5217304229736328,-0.04339304566383362,0.019978148862719536,0,0.4336646795272827,0.09425447136163712,0.886726975440979,0.772712230682373,-0.2372606247663498,0.08066924661397934,-0.5831944346427917,1
0.40279221534729004,0.10305041819810867,0.8915743827819824,0.7859810590744019,-0.2147260308265686,0.04932396858930588,-0.5776621103286743,0.5217304229736328,-0.04339304566383362,0.019978148862719536,0,0.4387141466140747,0.09282955527305603,0.8852699995040894,0.7705967426300049,-0.24084171652793884,0.08570010960102081,-0.5838077068328857,1
0.407010942697525,0.10212370753288269,0.8909515142440796,0.7845441699028015,-0.21752206981182098,0.05318684130907059,-0.5782263875007629,0.5217304229736328,-0.04339304566383362,0.019978148862719536,0,0.4437062740325928,0.09137852489948273,0.883696436882019,0.768453061580658,-0.24441125988960266,0.09072846174240112,-0.5843895673751831,1
0.41133278608322144,0.10114619135856628,0.8902440667152405,0.7830384373664856,-0.22040320932865143,0.05717600882053375,-0.578795313835144,0.5217304229736328,-0.04339304566383362,0.019978148862719536,0,0.4486393928527832,0.08990190178155899,0.8820074200630188,0.7662816047668457,-0.24796923995018005,0.09575417637825012,-0.5849400162696838,1
0.41574031114578247,0.10011985898017883,0.8894475102424622,0.7814673185348511,-0.22335980832576752,0.061277784407138824,-0.5793653130531311,0.5217304229736328,-0.04339304566383362,0.019978148862719536,0,0.45351237058639526,0.08840020000934601,0.8802031874656677,0.7640821933746338,-0.25151577591896057,0.10077731311321259,-0.5854589343070984,1
0.4202177822589874,0.09904659539461136,0.8885579705238342,0.7798344492912292,-0.2263820767402649,0.06548012793064117,-0.5799323320388794,0.5217304229736328,-0.04339304566383362,0.019978148862719536,0,0.45832329988479614,0.08687401562929153,0.8782844543457031,0.7618551850318909,-0.25505051016807556,0.10579749941825867,-0.5859460234642029,1
0.4247509837150574,0.09792818874120712,0.8875718712806702,0.7781427502632141,-0.22946244478225708,0.06977230310440063,-0.5804933309555054,0.5217304229736328,-0.04339304566383362,0.019978148862719536,0,0.4630705714225769,0.08532419800758362,0.8762519359588623,0.7596011757850647,-0.2585733234882355,0.11081444472074509,-0.5864009857177734,1
0.429327130317688,0.09676612913608551,0.886486291885376,0.7763950228691101,-0.2325930893421173,0.07414474338293076,-0.5810452699661255,0.5217304229736328,-0.04339304566383362,0.019978148862719536,0,0.46775275468826294,0.083750881254673,0.8741065859794617,0.7573198676109314,-0.26208412647247314,0.11582792550325394,-0.5868238806724548,1
0.4339345097541809,0.0955621674656868,0.8852984309196472,0.7745938301086426,-0.23576749861240387,0.07858877629041672,-0.5815855860710144,0.5217304229736328,-0.04339304566383362,0.019978148862719536,0,0.47236791253089905,0.08215492963790894,0.8718492388725281,0.7550119757652283,-0.26558247208595276,0.12083771079778671,-0.5872146487236023,1
0.43856310844421387,0.0943174883723259,0.8840059041976929,0.7727413177490234,-0.23898033797740936,0.08309720456600189,-0.582111656665802,0.5217304229736328,-0.04339304566383362,0.019978148862719536,0,0.4769150912761688,0.08053694665431976,0.869480311870575,0.752677321434021,-0.26906874775886536,0.1258440613746643,-0.5875731110572815,1
0.4432019293308258,0.0930340439081192,0.8826073408126831,0.7708398699760437,-0.24222548305988312,0.08766158670186996,-0.5826216340065002,0.5217304229736328,-0.04339304566383362,0.019978148862719536,0,0.48139193654060364,0.07889766991138458,0.8670009970664978,0.7503165006637573,-0.2725423574447632,0.13084617257118225,-0.587898850440979,1
0.4478428363800049,0.09171276539564133,0.8811010718345642,0.7688913345336914,-0.24549834430217743,0.09227655827999115,-0.5831137299537659,0.5217304229736328,-0.04339304566383362,0.019978148862719536,0,0.4857971966266632,0.07723770290613174,0.8644121885299683,0.7479296326637268,-0.27600327134132385,0.13584403693675995,-0.5881919264793396,1
0.45247724652290344,0.09035523980855942,0.879486083984375,0.7668974995613098,-0.24879485368728638,0.09693638235330582,-0.5835858583450317,0.5217304229736328,-0.04339304566383362,0.019978148862719536,0,0.49012988805770874,0.07555772364139557,0.8617143630981445,0.7455167174339294,-0.27945172786712646,0.14083772897720337,-0.5884522795677185,1
0.4570980370044708,0.08896253257989883,0.8777612447738647,0.7648601531982422,-0.2521107494831085,0.10163556039333344,-0.5840369462966919,0.5217304229736328,-0.04339304566383362,0.019978148862719536,0,0.49438804388046265,0.07385843992233276,0.8589087128639221,0.7430785894393921,-0.2828870117664337,0.14582659304141998,-0.5886795520782471,1
0.4616982340812683,0.08753615617752075,0.87592613697052,0.762781023979187,-0.2554428279399872,0.10636977106332779,-0.5844650864601135,0.5217304229736328,-0.04339304566383362,0.019978148862719536,0,0.49857041239738464,0.07214057445526123,0.8559958934783936,0.7406150698661804,-0.2863093614578247,0.15081070363521576,-0.5888737440109253,1
0.46627235412597656,0.08607764542102814,0.8739796280860901,0.7606614828109741,-0.25878816843032837,0.11113488674163818,-0.5848689675331116,0.5217304229736328,-0.04339304566383362,0.019978148862719536,0,0.5026753544807434,0.0704050362110138,0.8529773950576782,0.7381265163421631,-0.2897186577320099,0.15578940510749817,-0.5890347361564636,1
0.47081369161605835,0.08458762615919113,0.8719221353530884,0.7585028409957886,-0.26214373111724854,0.11592691391706467,-0.5852478742599487,0.5217304229736328,-0.04339304566383362,0.019978148862719536,0,0.5067020058631897,0.06865217536687851,0.8498533964157104,0.7356131076812744,-0.2931145429611206,0.16076327860355377,-0.5891624093055725,1
0.47531720995903015,0.083067387342453,0.8697535991668701,0.7563062310218811,-0.26550668478012085,0.12074259668588638,-0.5856007933616638,0.5217304229736328,-0.04339304566383362,0.019978148862719536,0,0.5106481909751892,0.06688296049833298,0.8466254472732544,0.7330752015113831,-0.29649677872657776,0.1657315045595169,-0.5892565250396729,1
0.4797782003879547,0.08151831477880478,0.867473840713501,0.7540728449821472,-0.2688753306865692,0.12557874619960785,-0.5859266519546509,0.5217304229736328,-0.04339304566383362,0.019978148862719536,0,0.514512836933136,0.06509816646575928,0.8432945609092712,0.7305130958557129,-0.29986563324928284,0.17069420218467712,-0.5893171429634094,1
0.48419189453125,0.07994134724140167,0.8650833964347839,0.7518039345741272,-0.2722471058368683,0.13043278455734253,-0.5862248539924622,0.5217304229736328,-0.04339304566383362,0.019978148862719536,0,0.5182948708534241,0.0632985532283783,0.8398614525794983,0.7279267907142639,-0.3032208979129791,0.17565123736858368,-0.5893439054489136,1
0.4885544776916504,0.07833781093358994,0.8625822067260742,0.7495006322860718,-0.2756205201148987,0.1353021264076233,-0.5864940881729126,0.5217304229736328,-0.04339304566383362,0.019978148862719536,0,0.5219924449920654,0.06148495525121689,0.8363275527954102,0.7253168225288391,-0.30656203627586365,0.1806017905473709,-0.5893369913101196,1
0.4928617477416992,0.07670879364013672,0.8599711656570435,0.7471637725830078,-0.27899378538131714,0.14018437266349792,-0.5867341756820679,0.5217304229736328,-0.04339304566383362,0.019978148862719536,0,0.5256047248840332,0.059658151119947433,0.8326935172080994,0.7226834297180176,-0.30988937616348267,0.1855463683605194,-0.5892959237098694,1
0.4971095323562622,0.07505519688129425,0.857250988483429,0.7447941303253174,-0.28236493468284607,0.1450771689414978,-0.5869447588920593,0.5217304229736328,-0.04339304566383362,0.019978148862719536,0,0.5291302800178528,0.0578189454972744,0.8289607763290405,0.7200265526771545,-0.31320279836654663,0.1904844045639038,-0.5892208814620972,1
0.5012953281402588,0.07337832450866699,0.8544221520423889,0.7423928380012512,-0.28573307394981384,0.14997920393943787,-0.5871248245239258,0.5217304229736328,-0.04339304566383362,0.019978148862719536,0,0.5327794551849365,0.05585222691297531,0.8248878717422485,0.7171788215637207,-0.3167073428630829,0.19572369754314423,-0.5891035795211792,1
0.5054298043251038,0.07167178392410278,0.8514742255210876,0.739949643611908,-0.28911125659942627,0.1549089103937149,-0.5872753858566284,0.5217304229736328,-0.04339304566383362,0.019978148862719536,0,0.5363280177116394,0.05387362465262413,0.8207058310508728,0.7143054008483887,-0.3201957941055298,0.20095525681972504,-0.588947594165802,1
0.5095126032829285,0.06993473321199417,0.8484042286872864,0.7374624609947205,-0.2925006151199341,0.15986895561218262,-0.5873962640762329,0.5217304229736328,-0.04339304566383362,0.019978148862719536,0,0.5397740602493286,0.05188414454460144,0.816416323184967,0.7114066481590271,-0.3236680030822754,0.20617881417274475,-0.5887526869773865,1
0.513542115688324,0.06816805899143219,0.845210075378418,0.7349321842193604,-0.2959001958370209,0.1648581176996231,-0.5874856114387512,0.5217304229736328,-0.04339304566383362,0.019978148862719536,0,0.5431166887283325,0.04988454654812813,0.8120205402374268,0.7084829807281494,-0.3271237015724182,0.21139411628246307,-0.5885188579559326,1
0.5175137519836426,0.06637343019247055,0.8418920040130615,0.7323606610298157,-0.299307644367218,0.1698731631040573,-0.5875421166419983,0.5217304229736328,-0.04339304566383362,0.019978148862719536,0,0.5463536977767944,0.047876421362161636,0.8075205087661743,0.7055348753929138,-0.33056244254112244,0.21660062670707703,-0.5882457494735718,1
0.5214241743087769,0.06455197930335999,0.8384497761726379,0.7297484874725342,-0.30272138118743896,0.1749124825000763,-0.5875648260116577,0.5217304229736328,-0.04339304566383362,0.019978148862719536,0,0.5494840741157532,0.045860398560762405,0.8029173612594604,0.7025622725486755,-0.3339844048023224,0.22179846465587616,-0.5879337191581726,1
0.5252678990364075,0.0627056136727333,0.8348848223686218,0.7270974516868591,-0.30613866448402405,0.1799721121788025,-0.5875528454780579,0.5217304229736328,-0.04339304566383362,0.019978148862719536,0,0.5525071024894714,0.043837908655405045,0.7982121109962463,0.6995657086372375,-0.33738958835601807,0.22698745131492615,-0.587581992149353,1
0.5290404558181763,0.06083591282367706,0.8311987519264221,0.724408745765686,-0.3095576763153076,0.18504929542541504,-0.5875054597854614,0.5217304229736328,-0.04339304566383362,0.019978148862719536,0,0.5554207563400269,0.04180990904569626,0.7934070229530334,0.6965456604957581,-0.34077757596969604,0.23216676712036133,-0.5871909260749817,1
0.5327370166778564,0.058944158256053925,0.8273930549621582,0.7216835021972656,-0.3129761517047882,0.19014102220535278,-0.5874224305152893,0.5217304229736328,-0.04339304566383362,0.019978148862719536,0,0.5582240223884583,0.03977731242775917,0.7885032296180725,0.6935022473335266,-0.3441482186317444,0.23733697831630707,-0.5867602825164795,1
0.5363544225692749,0.05703228712081909,0.8234686255455017,0.7189229726791382,-0.3163926899433136,0.1952456682920456,-0.5873027443885803,0.5217304229736328,-0.04339304566383362,0.019978148862719536,0,0.560915470123291,0.037741657346487045,0.7835025787353516,0.6904359459877014,-0.3475012481212616,0.24249693751335144,-0.586290180683136,1
0.5398874282836914,0.05510171875357628,0.8194281458854675,0.716128408908844,-0.3198051154613495,0.20035985112190247,-0.5871461629867554,0.5217304229736328,-0.04339304566383362,0.019978148862719536,0,0.5634946823120117,0.035703808069229126,0.7784062027931213,0.687346875667572,-0.3508370816707611,0.2476474493741989,-0.5857800245285034,1
0.5433335304260254,0.05315396934747696,0.8152728080749512,0.7133006453514099,-0.32321229577064514,0.20548194646835327,-0.5869524478912354,0.5217304229736328,-0.04339304566383362,0.019978148862719536,0,0.5659594535827637,0.033664822578430176,0.7732160091400146,0.6842354536056519,-0.35415521264076233,0.25278741121292114,-0.5852301716804504,1
0.546688973903656,0.05119074881076813,0.8110042810440063,0.7104409337043762,-0.32661277055740356,0.21061022579669952,-0.5867205858230591,0.5217304229736328,-0.04339304566383362,0.019978148862719536,0,0.5683093070983887,0.03162621334195137,0.7679337859153748,0.6811023950576782,-0.35745513439178467,0.2579171061515808,-0.5846400856971741,1
0.5499502420425415,0.049213338643312454,0.8066250681877136,0.7075501084327698,-0.33000487089157104,0.21574196219444275,-0.5864511132240295,0.5217304229736328,-0.04339304566383362,0.019978148862719536,0,0.5705428719520569,0.029588773846626282,0.7625611424446106,0.6779474020004272,-0.3607371747493744,0.26303592324256897,-0.5840102434158325,1
0.5531147718429565,0.04722357541322708,0.8021365404129028,0.7046294212341309,-0.33338794112205505,0.22087600827217102,-0.5861429572105408,0.5217304229736328,-0.04339304566383362,0.019978148862719536,0,0.572659432888031,0.02755402773618698,0.7570993900299072,0.6747713088989258,-0.36400121450424194,0.26814374327659607,-0.5833399891853333,1
0.5561796426773071,0.04522256925702095,0.7975406646728516,0.7016790509223938,-0.33676066994667053,0.22601094841957092,-0.585796594619751,0.5217304229736328,-0.04339304566383362,0.019978148862719536,0,0.5746574401855469,0.025523081421852112,0.7515508532524109,0.6715744137763977,-0.3672468364238739,0.27324041724205017,-0.5826295018196106,1
0.5591423511505127,0.04321183264255524,0.792839527130127,0.6987003087997437,-0.3401219844818115,0.23114529252052307,-0.5854114294052124,0.5217304229736328,-0.04339304566383362,0.019978148862719536,0,0.5764293074607849,0.023616153746843338,0.7462505102157593,0.6685466766357422,-0.3702847361564636,0.2780267596244812,-0.5819240808486938,1
0.5619939565658569,0.04120100289583206,0.7880538105964661,0.6957066059112549,-0.34345823526382446,0.23625807464122772,-0.5849878787994385,0.5217304229736328,-0.04339304566383362,0.019978148862719536,0,0.5780949592590332,0.02171442098915577,0.7408755421638489,0.6655009388923645,-0.3733062148094177,0.28280308842658997,-0.5811826586723328,1
0.5647298693656921,0.03919295221567154,0.7831899523735046,0.6927011013031006,-0.3467659056186676,0.2413439154624939,-0.584526777267456,0.5217304229736328,-0.04339304566383362,0.019978148862719536,0,0.579653263092041,0.019819170236587524,0.7354283332824707,0.6624376177787781,-0.37631097435951233,0.28756847977638245,-0.5804056525230408,1
0.5673468112945557,0.03718958795070648,0.778252363204956,0.6896846890449524,-0.3500444293022156,0.2464011311531067,-0.5840293765068054,0.5217304229736328,-0.04339304566383362,0.019978148862719536,0,0.5811039805412292,0.017931319773197174,0.7299094200134277,0.6593567728996277,-0.3792993426322937,0.29232341051101685,-0.5795925259590149,1
0.5698453783988953,0.03519115597009659,0.7732420563697815,0.6866569519042969,-0.35329440236091614,0.2514312267303467,-0.5834959149360657,0.5217304229736328,-0.04339304566383362,0.019978148862719536,0,0.5824455618858337,0.01605207473039627,0.7243214249610901,0.6562592387199402,-0.38227081298828125,0.29706695675849915,-0.5787435173988342,1
0.5722241401672363,0.03319869190454483,0.7681621313095093,0.6836181282997131,-0.3565163016319275,0.25643351674079895,-0.5829271674156189,0.5217304229736328,-0.04339304566383362,0.019978148862719536,0,0.5836783647537231,0.014182263053953648,0.7186647653579712,0.6531447172164917,-0.38522523641586304,0.3017995357513428,-0.5778584480285645,1
0.57448410987854,0.031212778761982918,0.7630127668380737,0.6805676221847534,-0.35971102118492126,0.2614103853702545,-0.5823230743408203,0.5217304229736328,-0.04339304566383362,0.019978148862719536,0,0.5848013162612915,0.012322978116571903,0.7129414677619934,0.6500137448310852,-0.38816285133361816,0.30652081966400146,-0.5769373774528503,1
0.5766259431838989,0.029233917593955994,0.7577948570251465,0.6775053143501282,-0.36287957429885864,0.26636219024658203,-0.5816838145256042,0.5217304229736328,-0.04339304566383362,0.019978148862719536,0,0.5858138799667358,0.010475251823663712,0.7071527242660522,0.6468665599822998,-0.3910832703113556,0.3112305700778961,-0.5759800672531128,1
0.5786499381065369,0.02726229466497898,0.7525097727775574,0.6744303703308105,-0.3660224676132202,0.2712906002998352,-0.5810098648071289,0.5217304229736328,-0.04339304566383362,0.019978148862719536,0,0.5867155194282532,0.008640148676931858,0.7013002634048462,0.6437034606933594,-0.3939865529537201,0.31592875719070435,-0.5749863982200623,1
0.5805568695068359,0.02529909461736679,0.7471575736999512,0.6713433265686035,-0.36914095282554626,0.27619633078575134,-0.5803004503250122,0.5217304229736328,-0.04339304566383362,0.019978148862719536,0,0.5875056982040405,0.006818652153015137,0.6953859329223633,0.6405248045921326,-0.39687252044677734,0.32061487436294556,-0.5739566683769226,1
0.5823466777801514,0.02334468439221382,0.7417398691177368,0.6682432889938354,-0.3722352385520935,0.28108036518096924,-0.579556405544281,0.5217304229736328,-0.04339304566383362,0.019978148862719536,0,0.5881835222244263,0.005011913366615772,0.6894111037254333,0.6373308300971985,-0.39974096417427063,0.32528871297836304,-0.5728907585144043,1
0.58402019739151,0.021399416029453278,0.7362568974494934,0.6651304960250854,-0.37530601024627686,0.2859436869621277,-0.5787771344184875,0.5217304229736328,-0.04339304566383362,0.019978148862719536,0,0.5887488722801208,0.0032208720222115517,0.6833776235580444,0.6341218948364258,-0.40259167551994324,0.32995012402534485,-0.571788489818573,1
0.5855775475502014,0.019464271143078804,0.7307097315788269,0.6620044708251953,-0.37835410237312317,0.2907869517803192,-0.5779628157615662,0.5217304229736328,-0.04339304566383362,0.019978148862719536,0,0.5892016291618347,0.0014465730637311935,0.6772862672805786,0.630898118019104,-0.4054252505302429,0.3345991373062134,-0.5706498622894287,1
0.5870194435119629,0.017539937049150467,0.7250987887382507,0.6588653922080994,-0.38137996196746826,0.29561156034469604,-0.5771130919456482,0.5217304229736328,-0.04339304566383362,0.019978148862719536,0,0.5895407199859619,-0.00030984263867139816,0.671139657497406,0.6276600360870361,-0.4082406759262085,0.3392353355884552,-0.569474995136261,1
0.5883452296257019,0.01562735252082348,0.7194258570671082,0.6557129621505737,-0.3843839466571808,0.3004171550273895,-0.576228141784668,0.5217304229736328,-0.04339304566383362,0.019978148862719536,0,0.5897663831710815,-0.002047440968453884,0.6649385094642639,0.6244078278541565,-0.411038339138031,0.34385886788368225,-0.5682634711265564,1
0.5895551443099976,0.013726978562772274,0.7136916518211365,0.6525474190711975,-0.3873661756515503,0.30520445108413696,-0.5753081440925598,0.5217304229736328,-0.04339304566383362,0.019978148862719536,0,0.5898776054382324,-0.003765081986784935,0.6586850881576538,0.6211416721343994,-0.4138180911540985,0.348469078540802,-0.5670158267021179,1
0.5906491279602051,0.011839861050248146,0.707897424697876,0.6493685245513916,-0.39032748341560364,0.30997419357299805,-0.5743526220321655,0.5217304229736328,-0.04339304566383362,0.019978148862719536,0,0.5898746848106384,-0.0054617878049612045,0.6523808240890503,0.6178620457649231,-0.4165796935558319,0.35306599736213684,-0.5657314658164978,1
0.5916275382041931,0.009966777637600899,0.7020440697669983,0.6461763978004456,-0.39326757192611694,0.31472644209861755,-0.573361873626709,0.5217304229736328,-0.04339304566383362,0.019978148862719536,0,0.5897457599639893,-0.007240083999931812,0.6456289291381836,0.6143630743026733,-0.41949400305747986,0.35793522000312805,-0.5643270015716553,1
0.5924878120422363,0.008100689388811588,0.6961080431938171,0.6429571509361267,-0.3961983323097229,0.3194800615310669,-0.5723331570625305,0.5217304229736328,-0.04339304566383362,0.019978148862719536,0,0.5894872546195984,-0.008992401883006096,0.6388229727745056,0.6108496189117432,-0.42238783836364746,0.36278921365737915,-0.5628810524940491,1
0.5932320356369019,0.006241348572075367,0.6900848150253296,0.639707624912262,-0.3991234302520752,0.32424044609069824,-0.5712640285491943,0.5217304229736328,-0.04339304566383362,0.019978148862719536,0,0.5890985727310181,-0.010717472992837429,0.6319658160209656,0.6073218584060669,-0.42526084184646606,0.36762741208076477,-0.561394214630127,1
0.5938606858253479,0.004389849491417408,0.683975100517273,0.6364286541938782,-0.402042031288147,0.32900747656822205,-0.5701531767845154,0.5217304229736328,-0.04339304566383362,0.019978148862719536,0,0.5885798931121826,-0.012413717806339264,0.6250588893890381,0.603780210018158,-0.4281129837036133,0.37244969606399536,-0.5598658919334412,1
0.5943728089332581,0.0025475872680544853,0.67778080701828,0.6331207752227783,-0.40495362877845764,0.3337802290916443,-0.569000244140625,0.5217304229736328,-0.04339304566383362,0.019978148862719536,0,0.58793044090271,-0.01408019382506609,0.6181048154830933,0.6002251505851746,-0.43094402551651,0.37725579738616943,-0.5582965612411499,1
0.5947669744491577,0.0007169097661972046,0.6715047955513,0.6297856569290161,-0.407856822013855,0.3385568857192993,-0.5678045749664307,0.5217304229736328,-0.04339304566383362,0.019978148862719536,0,0.5871505737304688,-0.01571529172360897,0.61110520362854,0.5966571569442749,-0.43375399708747864,0.3820452392101288,-0.5566856861114502,1
0.5950415134429932,-0.0011006426066160202,0.665149986743927,0.6264241933822632,-0.41075053811073303,0.3433353006839752,-0.5665664076805115,0.5217304229736328,-0.04339304566383362,0.019978148862719536,0,0.5862400531768799,-0.017317961901426315,0.6040621399879456,0.5930764079093933,-0.436542809009552,0.38681817054748535,-0.5550336837768555,1
0.5951946377754211,-0.002902972511947155,0.6587197780609131,0.6230378150939941,-0.41363340616226196,0.34811386466026306,-0.5652856230735779,0.5217304229736328,-0.04339304566383362,0.019978148862719536,0,0.5851988196372986,-0.018887244164943695,0.596977710723877,0.5894832015037537,-0.43931007385253906,0.3915741741657257,-0.5533406734466553,1
0.5952247381210327,-0.00468822754919529,0.6522180438041687,0.6196280717849731,-0.4165039360523224,0.3528904914855957,-0.5639625191688538,0.5217304229736328,-0.04339304566383362,0.019978148862719536,0,0.5840270519256592,-0.020421450957655907,0.5898534059524536,0.5858780145645142,-0.4420562982559204,0.3963131904602051,-0.5516057014465332,1
0.595130980014801,-0.006454583257436752,0.645646870136261,0.6161954998970032,-0.41936177015304565,0.35766398906707764,-0.5625967979431152,0.5217304229736328,-0.04339304566383362,0.019978148862719536,0,0.5827245712280273,-0.02191975899040699,0.5826924443244934,0.5822611451148987,-0.444780558347702,0.4010346531867981,-0.5498302578926086,1
0.5949115753173828,-0.008199837990105152,0.6390105485916138,0.6127419471740723,-0.42220547795295715,0.3624323606491089,-0.5611885786056519,0.5217304229736328,-0.04339304566383362,0.019978148862719536,0,0.5812916159629822,-0.02338060922920704,0.5754956007003784,0.5786328911781311,-0.44748353958129883,0.4057390093803406,-0.5480130314826965,1
0.5945655107498169,-0.009922575205564499,0.6323118805885315,0.6092679500579834,-0.4250342547893524,0.36719417572021484,-0.5597381591796875,0.5217304229736328,-0.04339304566383362,0.019978148862719536,0,0.5797280669212341,-0.024802859872579575,0.5682662725448608,0.574993908405304,-0.45016443729400635,0.41042497754096985,-0.5461549162864685,1
0.5940918326377869,-0.01162093784660101,0.6255540251731873,0.6057748794555664,-0.4278472661972046,0.37194788455963135,-0.5582455992698669,0.5217304229736328,-0.04339304566383362,0.019978148862719536,0,0.5780342221260071,-0.026185601949691772,0.5610054135322571,0.5713443756103516,-0.45282360911369324,0.41509339213371277,-0.5442553162574768,1
0.5934896469116211,-0.013293464668095112,0.6187399625778198,0.6022632718086243,-0.43064361810684204,0.3766930103302002,-0.5567111372947693,0.5217304229736328,-0.04339304566383362,0.019978148862719536,0,0.5762102603912354,-0.02752722054719925,0.5537155866622925,0.567684531211853,-0.45546087622642517,0.4197433888912201,-0.5423145890235901,1
0.5927586555480957,-0.014938358217477798,0.6118724346160889,0.5987343788146973,-0.43342283368110657,0.3814278542995453,-0.5551347136497498,0.5217304229736328,-0.04339304566383362,0.019978148862719536,0,0.5742565989494324,-0.028826743364334106,0.5463987588882446,0.5640147924423218,-0.45807600021362305,0.4243750274181366,-0.5403326749801636,1
0.59189772605896,-0.016554027795791626,0.6049547791481018,0.5951886177062988,-0.4361840486526489,0.3861512839794159,-0.5535169243812561,0.5217304229736328,-0.04339304566383362,0.019978148862719536,0,0.572172999382019,-0.030083103105425835,0.5390574336051941,0.5603359341621399,-0.4606685936450958,0.4289880394935608,-0.5383096933364868,1
0.5909066200256348,-0.018138974905014038,0.5979896187782288,0.5916274189949036,-0.4389268755912781,0.39086249470710754,-0.5518573522567749,0.5217304229736328,-0.04339304566383362,0.019978148862719536,0,0.5699604749679565,-0.0312945656478405,0.5316932201385498,0.5566480159759521,-0.4632394015789032,0.4335818290710449,-0.5362453460693359,1
0.5897852182388306,-0.01969148963689804,0.5909795165061951,0.5880511403083801,-0.44165077805519104,0.3955605924129486,-0.5501564145088196,0.5217304229736328,-0.04339304566383362,0.019978148862719536,0,0.5676188468933105,-0.03246080130338669,0.5243082046508789,0.5529510974884033,-0.4657875597476959,0.4381568729877472,-0.5341400504112244,1
0.5885331630706787,-0.02121054194867611,0.583926796913147,0.5844602584838867,-0.4443555772304535,0.4002453684806824,-0.5484139919281006,0.5217304229736328,-0.04339304566383362,0.019978148862719536,0,0.5651488900184631,-0.03357997536659241,0.516904354095459,0.5492458343505859,-0.4683133661746979,0.4427124559879303,-0.5319935083389282,1
0.5871502757072449,-0.02269436977803707,0.5768347978591919,0.5808559060096741,-0.4470404386520386,0.4049152135848999,-0.5466304421424866,0.5217304229736328,-0.04339304566383362,0.019978148862719536,0,0.5625507831573486,-0.03465123474597931,0.5094844698905945,0.5455329418182373,-0.47081637382507324,0.4472484886646271,-0.5298060774803162,1
0.5856367945671082,-0.02414180338382721,0.5697051882743835,0.5772382020950317,-0.44970548152923584,0.4095703363418579,-0.5448055267333984,0.5217304229736328,-0.04339304566383362,0.019978148862719536,0,0.5598249435424805,-0.035673514008522034,0.5020505785942078,0.5418124794960022,-0.4732966721057892,0.4517642557621002,-0.5275778770446777,1
0.5839923024177551,-0.02555127441883087,0.5625413060188293,0.5736083388328552,-0.4523496627807617,0.4142094552516937,-0.5429398417472839,0.5217304229736328,-0.04339304566383362,0.019978148862719536,0,0.5569724440574646,-0.03664550930261612,0.49460363388061523,0.5380845069885254,-0.47575441002845764,0.456260621547699,-0.52530837059021,1
0.5822171568870544,-0.026921609416604042,0.5553451776504517,0.5699664354324341,-0.4549731910228729,0.41883230209350586,-0.5410332679748535,0.5217304229736328,-0.04339304566383362,0.019978148862719536,0,0.5539931654930115,-0.037566304206848145,0.4871469736099243,0.5343498587608337,-0.47818905115127563,0.4607365131378174,-0.5229983925819397,1
0.5803114175796509,-0.028251197189092636,0.5481196641921997,0.566313624382019,-0.4575757384300232,0.42343807220458984,-0.5390856862068176,0.5217304229736328,-0.04339304566383362,0.019978148862719536,0,0.5508882403373718,-0.03843458741903305,0.479682058095932,0.5306088328361511,-0.4806007742881775,0.4651919901371002,-0.5206472277641296,1
0.5782751441001892,-0.02953917160630226,0.540866494178772,0.5626497864723206,-0.46015694737434387,0.4280269145965576,-0.5370975136756897,0.5217304229736328,-0.04339304566383362,0.019978148862719536,0,0.5476581454277039,-0.03924944996833801,0.472211092710495,0.5268616676330566,-0.48298951983451843,0.46962666511535645,-0.518255352973938,1
0.5761091113090515,-0.030783789232373238,0.533588707447052,0.5589762926101685,-0.4627162516117096,0.4325978457927704,-0.5350683331489563,0.5217304229736328,-0.04339304566383362,0.019978148862719536,0,0.5443034768104553,-0.040009960532188416,0.46473604440689087,0.5231085419654846,-0.4853551387786865,0.4740408658981323,-0.5158227682113647,1
0.573813259601593,-0.031983762979507446,0.5262881517410278,0.5552929639816284,-0.46525418758392334,0.437150239944458,-0.5329989194869995,0.5217304229736328,-0.04339304566383362,0.019978148862719536,0,0.5408250689506531,-0.04071475565433502,0.45725956559181213,0.5193502306938171,-0.4876973628997803,0.4784335494041443,-0.5133495926856995,1
0.5713881850242615,-0.0331384614109993,0.5189675092697144,0.5516005158424377,-0.46776992082595825,0.4416843056678772,-0.5308889150619507,0.5217304229736328,-0.04339304566383362,0.019978148862719536,0,0.5372236371040344,-0.041363220661878586,0.4497828483581543,0.515586793422699,-0.4900163412094116,0.4828053414821625,-0.5108357071876526,1
0.5688344240188599,-0.034246280789375305,0.5116283893585205,0.5478993058204651,-0.47026368975639343,0.4461994469165802,-0.5287384986877441,0.5217304229736328,-0.04339304566383362,0.019978148862719536,0,0.5334999561309814,-0.04195385053753853,0.4423091411590576,0.5118189454078674,-0.4923118054866791,0.48715513944625854,-0.5082815885543823,1
0.5661519169807434,-0.03530595079064369,0.5042741298675537,0.5441903471946716,-0.47273480892181396,0.4506949484348297,-0.526547908782959,0.5217304229736328,-0.04339304566383362,0.019978148862719536,0,0.5296550393104553,-0.04248598963022232,0.4348389804363251,0.508046567440033,-0.49458402395248413,0.4914837181568146,-0.5056867003440857,1
0.5633420348167419,-0.036316316574811935,0.49690598249435425,0.5404735803604126,-0.47518348693847656,0.4551708698272705,-0.5243170261383057,0.5217304229736328,-0.04339304566383362,0.019978148862719536,0,0.5256893634796143,-0.04295874014496803,0.4273761212825775,0.5042705535888672,-0.4968320429325104,0.49578994512557983,-0.5030520558357239,1
0.5604047775268555,-0.03727664053440094,0.4895266592502594,0.5367497205734253,-0.47760939598083496,0.45962658524513245,-0.5220463871955872,0.5217304229736328,-0.04339304566383362,0.019978148862719536,0,0.5216043591499329,-0.043370865285396576,0.41992127895355225,0.5004908442497253,-0.49905696511268616,0.5000742077827454,-0.5003765821456909,1
0.5573409795761108,-0.038185153156518936,0.4821387529373169,0.5330193042755127,-0.4800125062465668,0.4640617072582245,-0.51973557472229,0.5217304229736328,-0.04339304566383362,0.019978148862719536,0,0.5573409795761108,-0.038185153156518936,0.4821387529373169,0.5330193042755127,-0.4800125062465668,0.4640617072582245,-0.51973557472229,1
0.5552548766136169,-0.0382632315158844,0.47475525736808777,0.5301557183265686,-0.48256775736808777,0.4691316485404968,-0.5157312750816345,0.5217304229736328,-0.04339304566383362,0.019978148862719536,0,0.5576187372207642,-0.03842095285654068,0.479628324508667,0.532687246799469,-0.48022225499153137,0.46443238854408264,-0.5195510983467102,1
0.5543496608734131,-0.037952348589897156,0.46740269660949707,0.5277013182640076,-0.48529142141342163,0.47396567463874817,-0.5112534761428833,0.5217304229736328,-0.04339304566383362,0.019978148862719536,0,0.55788254737854,-0.038653142750263214,0.47711923718452454,0.5323553681373596,-0.4804317057132721,0.46480241417884827,-0.5193666219711304,1
0.5541689991950989,-0.03778872638940811,0.4605059027671814,0.525495707988739,-0.487744003534317,0.4782848060131073,-0.5071524977684021,0.5217304229736328,-0.04339304566383362,0.019978148862719536,0,0.5581328868865967,-0.0388818085193634,0.47461050748825073,0.5320231914520264,-0.4806412160396576,0.4651728570461273,-0.5191814303398132,1
0.554223895072937,-0.03775656595826149,0.45454689860343933,0.5236152410507202,-0.4897524118423462,0.4818759560585022,-0.5037510991096497,0.5217304229736328,-0.04339304566383362,0.019978148862719536,0,0.5583692789077759,-0.03910689055919647,0.4721030592918396,0.5316912531852722,-0.480850487947464,0.46554285287857056,-0.5189960598945618,1
0.5543856024742126,-0.03779847174882889,0.44968289136886597,0.5221249461174011,-0.4912894070148468,0.4846508502960205,-0.5011323690414429,0.5217304229736328,-0.04339304566383362,0.019978148862719536,0,0.5585920810699463,-0.039328351616859436,0.4695962071418762,0.531359076499939,-0.48105961084365845,0.46591293811798096,-0.5188103914260864,1
0.5546360015869141,-0.037889689207077026,0.44596120715141296,0.5210555195808411,-0.49235883355140686,0.48658832907676697,-0.49931517243385315,0.5217304229736328,-0.04339304566383362,0.019978148862719536,0,0.5588011145591736,-0.039546284824609756,0.4670909345149994,0.53102707862854,-0.4812685549259186,0.4662826359272003,-0.518624484539032,1
0.5549872517585754,-0.0380248986184597,0.4433910846710205,0.5204169750213623,-0.49297034740448,0.48769184947013855,-0.498300164937973,0.5217304229736328,-0.04339304566383362,0.019978148862719536,0,0.5589966773986816,-0.039760611951351166,0.4645865261554718,0.5306949019432068,-0.4814773499965668,0.46665215492248535,-0.5184381008148193,1
0.5554548501968384,-0.038204170763492584,0.44197118282318115,0.5202118754386902,-0.49313223361968994,0.4879700541496277,-0.49808165431022644,0.5217304229736328,-0.04339304566383362,0.019978148862719536,0,0.5591785311698914,-0.03997136279940605,0.4620833992958069,0.5303627252578735,-0.48168590664863586,0.4670217037200928,-0.5182515978813171,1
0.5560494661331177,-0.038428544998168945,0.44169774651527405,0.5204381346702576,-0.49284982681274414,0.48743194341659546,-0.4986514151096344,0.5217304229736328,-0.04339304566383362,0.019978148862719536,0,0.5593467354774475,-0.04017850011587143,0.4595816433429718,0.5300306081771851,-0.481894314289093,0.46739092469215393,-0.5180647969245911,1
0.5566965937614441,-0.03868567571043968,0.442344069480896,0.5210139751434326,-0.4921957552433014,0.48622217774391174,-0.49987560510635376,0.5217304229736328,-0.04339304566383362,0.019978148862719536,0,0.5595012903213501,-0.04038194566965103,0.4570814073085785,0.5296984910964966,-0.48210251331329346,0.4677601456642151,-0.5178775787353516,1
0.5572049617767334,-0.03892720490694046,0.44311246275901794,0.5216542482376099,-0.4914524555206299,0.4848650097846985,-0.5012556314468384,0.5217304229736328,-0.04339304566383362,0.019978148862719536,0,0.5596421957015991,-0.04058179259300232,0.45458275079727173,0.5293662548065186,-0.48231062293052673,0.4681289792060852,-0.5176901817321777,1
0.5576213598251343,-0.039144933223724365,0.4437163770198822,0.522253155708313,-0.4907451570034027,0.48356738686561584,-0.5025767087936401,0.5217304229736328,-0.04339304566383362,0.019978148862719536,0,0.5597695708274841,-0.040778011083602905,0.45208555459976196,0.529033899307251,-0.4825184941291809,0.46849799156188965,-0.5175022482872009,1
0.5579847097396851,-0.0393485501408577,0.4440709054470062,0.5227791666984558,-0.4901082217693329,0.48239296674728394,-0.5037785172462463,0.5217304229736328,-0.04339304566383362,0.019978148862719536,0,0.5598834156990051,-0.04097060486674309,0.4495897889137268,0.5287014842033386,-0.48272645473480225,0.468866765499115,-0.5173138976097107,1
0.558315098285675,-0.039546042680740356,0.44415831565856934,0.5232242345809937,-0.48954904079437256,0.4813591241836548,-0.5048479437828064,0.5217304229736328,-0.04339304566383362,0.019978148862719536,0,0.559983491897583,-0.0411594957113266,0.4470962882041931,0.5283693671226501,-0.48293399810791016,0.4692351520061493,-0.5171255469322205,1
0.5586212277412415,-0.03974086791276932,0.44398874044418335,0.5235901474952698,-0.4890659749507904,0.4804636836051941,-0.5057889819145203,0.5217304229736328,-0.04339304566383362,0.019978148862719536,0,0.560070276260376,-0.04134500026702881,0.4446042776107788,0.5280367136001587,-0.48314133286476135,0.46960383653640747,-0.5169368386268616,1
0.5589076280593872,-0.039934948086738586,0.4435807466506958,0.5238825082778931,-0.4886535108089447,0.4796982705593109,-0.5066106915473938,0.5217304229736328,-0.04339304566383362,0.019978148862719536,0,0.5601433515548706,-0.04152657836675644,0.44211435317993164,0.5277045369148254,-0.4833487272262573,0.46997198462486267,-0.516747772693634,1
0.5591761469841003,-0.04012874513864517,0.4429560899734497,0.5241079926490784,-0.4883054494857788,0.47905173897743225,-0.50732421875,0.5217304229736328,-0.04339304566383362,0.019978148862719536,0,0.560202956199646,-0.04170449823141098,0.4396266043186188,0.5273721218109131,-0.48355570435523987,0.4703401029109955,-0.5165585279464722,1
0.5594282150268555,-0.04032217338681221,0.442135751247406,0.5242732167243958,-0.48801589012145996,0.47851264476776123,-0.5079405307769775,0.5217304229736328,-0.04339304566383362,0.019978148862719536,0,0.5602491497993469,-0.041878703981637955,0.4371405839920044,0.527039647102356,-0.4837627410888672,0.47070804238319397,-0.5163686275482178,1
0.5596636533737183,-0.040515005588531494,0.441140353679657,0.5243847966194153,-0.48777860403060913,0.4780700206756592,-0.508469820022583,0.5217304229736328,-0.04339304566383362,0.019978148862719536,0,0.5602817535400391,-0.04204922914505005,0.43465688824653625,0.5267071723937988,-0.48396942019462585,0.4710759222507477,-0.5161787271499634,1
0.5598830580711365,-0.040706999599933624,0.4399876594543457,0.5244483351707458,-0.487588495016098,0.4777138829231262,-0.5089210867881775,0.5217304229736328,-0.04339304566383362,0.019978148862719536,0,0.5603010654449463,-0.042216092348098755,0.4321754276752472,0.5263746976852417,-0.4841761291027069,0.4714435636997223,-0.5159883499145508,1
0.560086190700531,-0.04089783504605293,0.43869441747665405,0.5244688391685486,-0.4874404966831207,0.47743549942970276,-0.5093029737472534,0.5217304229736328,-0.04339304566383362,0.019978148862719536,0,0.5603068470954895,-0.0423792228102684,0.4296961724758148,0.5260421633720398,-0.48438259959220886,0.4718111455440521,-0.5157976746559143,1
0.5602733492851257,-0.041086986660957336,0.43727537989616394,0.5244510173797607,-0.4873303771018982,0.477226197719574,-0.5096227526664734,0.5217304229736328,-0.04339304566383362,0.019978148862719536,0,0.5602990984916687,-0.04253865033388138,0.42721980810165405,0.5257097482681274,-0.4845888018608093,0.47217828035354614,-0.5156069397926331,1
0.5604438781738281,-0.04127418249845505,0.4357447028160095,0.5243992805480957,-0.48725366592407227,0.4770786762237549,-0.5098872780799866,0.5217304229736328,-0.04339304566383362,0.019978148862719536,0,0.560278058052063,-0.0426943302154541,0.42474550008773804,0.5253772139549255,-0.4847950339317322,0.4725455045700073,-0.515415608882904,1
0.560597836971283,-0.041459307074546814,0.4341139495372772,0.52431720495224,-0.4872071444988251,0.47698622941970825,-0.5101026296615601,0.5217304229736328,-0.04339304566383362,0.019978148862719536,0,0.5602436065673828,-0.042846329510211945,0.4222739338874817,0.5250446200370789,-0.48500093817710876,0.47291263937950134,-0.5152240991592407,1
0.5607355833053589,-0.041641995310783386,0.43239355087280273,0.5242079496383667,-0.4871877431869507,0.47694358229637146,-0.5102733969688416,0.5217304229736328,-0.04339304566383362,0.019978148862719536,0,0.560196042060852,-0.04299457371234894,0.41980478167533875,0.5247119069099426,-0.4852069318294525,0.4732796847820282,-0.5150319337844849,1
0.5608566999435425,-0.041821807622909546,0.4305938482284546,0.5240747332572937,-0.48719221353530884,0.47694462537765503,-0.5104048848152161,0.5217304229736328,-0.04339304566383362,0.019978148862719536,0,0.5601349472999573,-0.04313911870121956,0.4173383116722107,0.5243791341781616,-0.48541259765625,0.4736466407775879,-0.5148395895957947,1
0.560961127281189,-0.041998859494924545,0.42872321605682373,0.5239197611808777,-0.48721829056739807,0.4769850969314575,-0.5105012655258179,0.5217304229736328,-0.04339304566383362,0.019978148862719536,0,0.5600603818893433,-0.043279845267534256,0.414875328540802,0.5240466594696045,-0.4856179356575012,0.4740130305290222,-0.5146473050117493,1
0.5610488653182983,-0.042172424495220184,0.4267898201942444,0.523745596408844,-0.4872635304927826,0.47706031799316406,-0.5105664134025574,0.5217304229736328,-0.04339304566383362,0.019978148862719536,0,0.5599728226661682,-0.043416865170001984,0.4124147295951843,0.5237139463424683,-0.48582330346107483,0.47437968850135803,-0.5144544243812561,1
0.5611200332641602,-0.042342960834503174,0.42480015754699707,0.5235545039176941,-0.4873258173465729,0.4771668612957001,-0.5106035470962524,0.5217304229736328,-0.04339304566383362,0.019978148862719536,0,0.5598718523979187,-0.043550170958042145,0.40995728969573975,0.5233812928199768,-0.4860283136367798,0.4747457504272461,-0.5142614245414734,1
0.5611746907234192,-0.042510226368904114,0.42276066541671753,0.5233480334281921,-0.48740315437316895,0.47730153799057007,-0.5106154680252075,0.5217304229736328,-0.04339304566383362,0.019978148862719536,0,0.559757649898529,-0.04367966204881668,0.4075029194355011,0.5230485200881958,-0.48623335361480713,0.47511211037635803,-0.5140679478645325,1
0.5612126588821411,-0.042673803865909576,0.420677125453949,0.5231277942657471,-0.4874941408634186,0.4774608016014099,-0.5106053352355957,0.5217304229736328,-0.04339304566383362,0.019978148862719536,0,0.5596303343772888,-0.043805427849292755,0.4050515294075012,0.5227157473564148,-0.48643821477890015,0.47547805309295654,-0.5138741135597229,1
0.5612342357635498,-0.042833682149648666,0.4185543656349182,0.5228956937789917,-0.4875972867012024,0.47764211893081665,-0.5105750560760498,0.5217304229736328,-0.04339304566383362,0.019978148862719536,0,0.5594896674156189,-0.0439273938536644,0.4026036262512207,0.5223830938339233,-0.48664286732673645,0.4758436977863312,-0.5136801600456238,1
0.56123948097229,-0.042989909648895264,0.4163970649242401,0.5226524472236633,-0.4877111613750458,0.477843314409256,-0.5105270147323608,0.5217304229736328,-0.04339304566383362,0.019978148862719536,0,0.5593358874320984,-0.04404560476541519,0.40015852451324463,0.5220502614974976,-0.4868473410606384,0.476209819316864,-0.5134854912757874,1
0.5612283945083618,-0.043142493814229965,0.41420918703079224,0.5223997235298157,-0.48783454298973083,0.4780619740486145,-0.5104631781578064,0.5217304229736328,-0.04339304566383362,0.019978148862719536,0,0.559168815612793,-0.044159967452287674,0.3977174162864685,0.5217174887657166,-0.48705169558525085,0.4765753448009491,-0.5132907629013062,1
0.561201274394989,-0.043290987610816956,0.4119942784309387,0.522138237953186,-0.48796653747558594,0.4782964587211609,-0.5103847980499268,0.5217304229736328,-0.04339304566383362,0.019978148862719536,0,0.5589889287948608,-0.04427061602473259,0.39527949690818787,0.521384596824646,-0.4872558116912842,0.47694066166877747,-0.5130957961082458,1
0.5611580610275269,-0.043435849249362946,0.4097556173801422,0.5218691229820251,-0.4881061911582947,0.47854477167129517,-0.5102938413619995,0.5217304229736328,-0.04339304566383362,0.019978148862719536,0,0.5587958097457886,-0.04437746852636337,0.3928452134132385,0.5210517048835754,-0.48745983839035034,0.47730594873428345,-0.5129004716873169,1
0.5610988140106201,-0.043576471507549286,0.4074963331222534,0.5215930938720703,-0.4882526099681854,0.47880518436431885,-0.5101915597915649,0.5217304229736328,-0.04339304566383362,0.019978148862719536,0,0.5585896372795105,-0.04448053240776062,0.3904145658016205,0.5207187533378601,-0.4876636862754822,0.47767117619514465,-0.5127049088478088,1
0.5610240697860718,-0.04371332377195358,0.4052184820175171,0.5213109850883484,-0.48840492963790894,0.47907716035842896,-0.5100789666175842,0.5217304229736328,-0.04339304566383362,0.019978148862719536,0,0.5583703517913818,-0.04457976669073105,0.38798755407333374,0.5203860402107239,-0.48786717653274536,0.4780358672142029,-0.5125090479850769,1
0.5609334707260132,-0.043846163898706436,0.40292537212371826,0.5210235118865967,-0.4885624647140503,0.47935837507247925,-0.5099575519561768,0.5217304229736328,-0.04339304566383362,0.019978148862719536,0,0.5581381320953369,-0.04467521607875824,0.3855646848678589,0.5200530886650085,-0.48807060718536377,0.47840073704719543,-0.5123128294944763,1
0.5608274936676025,-0.0439750999212265,0.400618314743042,0.5207311511039734,-0.48872461915016174,0.4796486794948578,-0.5098279118537903,0.5217304229736328,-0.04339304566383362,0.019978148862719536,0,0.5578929781913757,-0.0447668731212616,0.3831452429294586,0.519720196723938,-0.4882739782333374,0.4787653982639313,-0.5121161937713623,1
0.5607061386108398,-0.044099874794483185,0.39829912781715393,0.5204342007637024,-0.4888913035392761,0.4799465835094452,-0.5096907615661621,0.5217304229736328,-0.04339304566383362,0.019978148862719536,0,0.5576348304748535,-0.04485471546649933,0.3807297646999359,0.5193871259689331,-0.48847728967666626,0.47912973165512085,-0.511919379234314,1
0.5605695247650146,-0.044220518320798874,0.39597010612487793,0.5201335549354553,-0.489061564207077,0.48025164008140564,-0.5095470547676086,0.5217304229736328,-0.04339304566383362,0.019978148862719536,0,0.5573636889457703,-0.044938746839761734,0.37831825017929077,0.519054114818573,-0.48868027329444885,0.4794943630695343,-0.5117220878601074,1
0.5604181289672852,-0.04433731734752655,0.39363211393356323,0.5198293924331665,-0.48923513293266296,0.4805624783039093,-0.509397566318512,0.5217304229736328,-0.04339304566383362,0.019978148862719536,0,0.5570797324180603,-0.045018911361694336,0.37591105699539185,0.5187212228775024,-0.4888831079006195,0.47985848784446716,-0.5115244388580322,1
0.5602516531944275,-0.0444500707089901,0.39128726720809937,0.5195221900939941,-0.48941150307655334,0.4808790385723114,-0.509242832660675,0.5217304229736328,-0.04339304566383362,0.019978148862719536,0,0.5567829012870789,-0.045095331966876984,0.37350785732269287,0.5183880925178528,-0.4890858232975006,0.4802226722240448,-0.5113267302513123,1
0.5600703954696655,-0.04455876350402832,0.38893646001815796,0.5192123651504517,-0.48959052562713623,0.4812001585960388,-0.5090835094451904,0.5217304229736328,-0.04339304566383362,0.019978148862719536,0,0.5564732551574707,-0.04516787827014923,0.3711089491844177,0.5180549621582031,-0.48928841948509216,0.4805866777896881,-0.5111283659934998,1
0.5598745942115784,-0.04466324299573898,0.38658082485198975,0.5189000368118286,-0.4897717535495758,0.48152539134025574,-0.5089200139045715,0.5217304229736328,-0.04339304566383362,0.019978148862719536,0,0.5561507344245911,-0.04523658752441406,0.36871466040611267,0.5177218914031982,-0.48949071764945984,0.4809505045413971,-0.5109300017356873,1
0.559664249420166,-0.044763945043087006,0.38422122597694397,0.5185855031013489,-0.48995500802993774,0.481854647397995,-0.5087526440620422,0.5217304229736328,-0.04339304566383362,0.019978148862719536,0,0.555815577507019,-0.045301489531993866,0.36632466316223145,0.5173888802528381,-0.48969289660453796,0.4813139736652374,-0.5107312202453613,1
0.5594395995140076,-0.04486069828271866,0.3818584680557251,0.5182688236236572,-0.4901399612426758,0.48218733072280884,-0.508581817150116,0.5217304229736328,-0.04339304566383362,0.019978148862719536,0,0.5554674863815308,-0.045362554490566254,0.3639390170574188,0.5170556902885437,-0.48989489674568176,0.4816775321960449,-0.5105322003364563,1
0.5592005848884583,-0.04495330899953842,0.3794938325881958,0.517950713634491,-0.49032649397850037,0.4825226068496704,-0.5084081292152405,0.5217304229736328,-0.04339304566383362,0.019978148862719536,0,0.5551069378852844,-0.04541981965303421,0.36155790090560913,0.516722559928894,-0.4900968074798584,0.4820408523082733,-0.5103327035903931,1
0.5589474439620972,-0.045041777193546295,0.3771277070045471,0.5176309943199158,-0.49051448702812195,0.4828607141971588,-0.5082314014434814,0.5217304229736328,-0.04339304566383362,0.019978148862719536,0,0.5547334551811218,-0.04547323286533356,0.35918182134628296,0.5163894891738892,-0.49029847979545593,0.4824037253856659,-0.5101332068443298,1
0.5586803555488586,-0.04512631893157959,0.3747606873512268,0.5173097848892212,-0.4907035827636719,0.48320114612579346,-0.5080522298812866,0.5217304229736328,-0.04339304566383362,0.019978148862719536,0,0.5543475151062012,-0.04552275687456131,0.35681039094924927,0.5160563588142395,-0.49049991369247437,0.4827667474746704,-0.5099332928657532,1
0.5583994388580322,-0.04520699754357338,0.3723936080932617,0.5169873833656311,-0.49089378118515015,0.48354360461235046,-0.5078709125518799,0.5217304229736328,-0.04339304566383362,0.019978148862719536,0,0.5539488792419434,-0.045568499714136124,0.3544435501098633,0.5157231092453003,-0.4907013177871704,0.4831295609474182,-0.5097328424453735,1
0.5581045746803284,-0.04528353735804558,0.3700268864631653,0.5166638493537903,-0.49108487367630005,0.4838879108428955,-0.5076875686645508,0.5217304229736328,-0.04339304566383362,0.019978148862719536,0,0.5535375475883484,-0.045610539615154266,0.3520817458629608,0.5153898000717163,-0.4909023940563202,0.4834924340248108,-0.5095323324203491,1
0.557796061038971,-0.04535629600286484,0.3676614463329315,0.5163394808769226,-0.49127650260925293,0.484233558177948,-0.507502555847168,0.5217304229736328,-0.04339304566383362,0.019978148862719536,0,0.5531138181686401,-0.045648589730262756,0.349724680185318,0.5150565505027771,-0.49110350012779236,0.4838550388813019,-0.5093312859535217,1
0.5574740171432495,-0.045424774289131165,0.3652971088886261,0.5160142183303833,-0.49146899580955505,0.48458072543144226,-0.5073155760765076,0.5217304229736328,-0.04339304566383362,0.019978148862719536,0,0.552677571773529,-0.04568278044462204,0.34737277030944824,0.5147232413291931,-0.4913043677806854,0.4842175841331482,-0.5091299414634705,1
0.5571384429931641,-0.04548951983451843,0.3629344403743744,0.5156881213188171,-0.49166208505630493,0.4849289655685425,-0.5071272253990173,0.5217304229736328,-0.04339304566383362,0.019978148862719536,0,0.5522288680076599,-0.04571310803294182,0.3450259566307068,0.5143901109695435,-0.4915050268173218,0.4845796227455139,-0.5089284777641296,1
0.5567894577980042,-0.04555036127567291,0.36057427525520325,0.5153613090515137,-0.4918554127216339,0.4852782189846039,-0.5069377422332764,0.5217304229736328,-0.04339304566383362,0.019978148862719536,0,0.5517678260803223,-0.04573962464928627,0.34268462657928467,0.5140567421913147,-0.4917055070400238,0.484941691160202,-0.5087267160415649,1
0.5564271807670593,-0.045607008039951324,0.35821670293807983,0.515034019947052,-0.4920494854450226,0.4856281876564026,-0.5067468881607056,0.5217304229736328,-0.04339304566383362,0.019978148862719536,0,0.5512942671775818,-0.04576227813959122,0.34034833312034607,0.5137234330177307,-0.4919058084487915,0.48530352115631104,-0.5085245370864868,1
0.5560516119003296,-0.0456598624587059,0.3558615744113922,0.514706015586853,-0.4922437071800232,0.485979288816452,-0.5065547823905945,0.5217304229736328,-0.04339304566383362,0.019978148862719536,0,0.5508084297180176,-0.04578107222914696,0.33801746368408203,0.513390302658081,-0.49210596084594727,0.48566505312919617,-0.5083221197128296,1
0.5556628704071045,-0.045708756893873215,0.3535101115703583,0.5143779516220093,-0.4924381673336029,0.48633065819740295,-0.5063620209693909,0.5217304229736328,-0.04339304566383362,0.019978148862719536,0,0.5503100752830505,-0.045795977115631104,0.3356919288635254,0.5130568742752075,-0.49230608344078064,0.4860268533229828,-0.5081192851066589,1
0.5552611351013184,-0.045753829181194305,0.3511617183685303,0.5140491127967834,-0.4926328957080841,0.4866827428340912,-0.5061680674552917,0.5217304229736328,-0.04339304566383362,0.019978148862719536,0,0.5497995018959045,-0.04580703750252724,0.33337223529815674,0.5127237439155579,-0.49250587821006775,0.4863881766796112,-0.5079162120819092,1
0.5548463463783264,-0.04579484835267067,0.3488168716430664,0.5137200355529785,-0.49282777309417725,0.4870354235172272,-0.505973219871521,0.5217304229736328,-0.04339304566383362,0.019978148862719536,0,0.5492768287658691,-0.04581427946686745,0.3310575485229492,0.5123902559280396,-0.4927055537700653,0.486749529838562,-0.5077128410339355,1
0.5544185638427734,-0.04583200812339783,0.34647640585899353,0.5133906006813049,-0.4930228590965271,0.48738807439804077,-0.5057779550552368,0.5217304229736328,-0.04339304566383362,0.019978148862719536,0,0.54874187707901,-0.04581769183278084,0.3287487030029297,0.5120568871498108,-0.4929051101207733,0.4871106445789337,-0.5075089931488037,1
0.5539782047271729,-0.04586532711982727,0.3441393971443176,0.5130607485771179,-0.49321791529655457,0.4877416491508484,-0.5055816173553467,0.5217304229736328,-0.04339304566383362,0.019978148862719536,0,0.5481946468353271,-0.045817211270332336,0.32644569873809814,0.5117233991622925,-0.4931044578552246,0.48747169971466064,-0.5073050260543823,1
0.5535246133804321,-0.04589442163705826,0.3418070077896118,0.5127308964729309,-0.4934132397174835,0.4880950450897217,-0.5053844451904297,0.5217304229736328,-0.04339304566383362,0.019978148862719536,0,0.5476353764533997,-0.045812882483005524,0.32414838671684265,0.5113900303840637,-0.4933037757873535,0.48783257603645325,-0.5071006417274475,1
0.5530586838722229,-0.045919835567474365,0.33947911858558655,0.51240074634552,-0.49360838532447815,0.4884488582611084,-0.5051869750022888,0.5217304229736328,-0.04339304566383362,0.019978148862719536,0,0.547063946723938,-0.0458047017455101,0.3218570947647095,0.5110566020011902,-0.49350273609161377,0.48819318413734436,-0.5068960785865784,1
0.5525801181793213,-0.045941371470689774,0.3371557295322418,0.51207035779953,-0.4938036799430847,0.4888027012348175,-0.5049889087677002,0.5217304229736328,-0.04339304566383362,0.019978148862719536,0,0.5464804768562317,-0.04579269513487816,0.31957128643989563,0.5107230544090271,-0.49370166659355164,0.4885540008544922,-0.5066907405853271,1
0.5520886778831482,-0.04595911502838135,0.33483749628067017,0.5117398500442505,-0.49399879574775696,0.48915648460388184,-0.5047904849052429,0.5217304229736328,-0.04339304566383362,0.019978148862719536,0,0.5458850264549255,-0.045776791870594025,0.31729209423065186,0.5103896856307983,-0.4939004182815552,0.48891422152519226,-0.5064855217933655,1
0.5515850186347961,-0.04597284644842148,0.33252403140068054,0.5114092230796814,-0.4941939115524292,0.48951050639152527,-0.5045914053916931,0.5217304229736328,-0.04339304566383362,0.019978148862719536,0,0.5452776551246643,-0.04575708881020546,0.31501877307891846,0.5100562572479248,-0.4940987527370453,0.4892742931842804,-0.5062801241874695,1
0.5510687828063965,-0.045982569456100464,0.3302155137062073,0.5110782980918884,-0.49438923597335815,0.48986461758613586,-0.5043914914131165,0.5217304229736328,-0.04339304566383362,0.019978148862719536,0,0.5446583032608032,-0.04573354125022888,0.31275150179862976,0.5097227692604065,-0.4942973256111145,0.48963451385498047,-0.5060740113258362,1
0.5505402088165283,-0.045988477766513824,0.3279123306274414,0.5107474327087402,-0.49458420276641846,0.49021875858306885,-0.504191517829895,0.5217304229736328,-0.04339304566383362,0.019978148862719536,0,0.5440270304679871,-0.045706093311309814,0.31049075722694397,0.5093892216682434,-0.4944953918457031,0.4899943172931671,-0.5058680176734924,1
0.5499991178512573,-0.04599066078662872,0.3256143629550934,0.5104163885116577,-0.49477919936180115,0.49057283997535706,-0.5039910078048706,0.5217304229736328,-0.04339304566383362,0.019978148862719536,0,0.5433840751647949,-0.0456748865544796,0.30823594331741333,0.5090557932853699,-0.4946933686733246,0.49035391211509705,-0.5056615471839905,1
0.5494458675384521,-0.04598900303244591,0.323322057723999,0.5100852847099304,-0.494973748922348,0.49092695116996765,-0.5037902593612671,0.5217304229736328,-0.04339304566383362,0.019978148862719536,0,0.5427291393280029,-0.04563971608877182,0.3059878647327423,0.5087223052978516,-0.4948911964893341,0.490713506937027,-0.5054547786712646,1
0.5488802790641785,-0.045983195304870605,0.3210356831550598,0.5097542405128479,-0.4951684772968292,0.49128058552742004,-0.5035890936851501,0.5217304229736328,-0.04339304566383362,0.019978148862719536,0,0.5420624613761902,-0.045600775629282,0.3037460446357727,0.5083886981010437,-0.49508899450302124,0.49107301235198975,-0.5052474737167358,1
0.5483026504516602,-0.04597378149628639,0.31875473260879517,0.509423017501831,-0.4953630864620209,0.4916345775127411,-0.5033873915672302,0.5217304229736328,-0.04339304566383362,0.019978148862719536,0,0.5413839221000671,-0.045557901263237,0.30151084065437317,0.5080552101135254,-0.4952865540981293,0.491432249546051,-0.5050398707389832,1
0.547713041305542,-0.045960329473018646,0.31647923588752747,0.5090917944908142,-0.49555763602256775,0.49198848009109497,-0.5031852722167969,0.5217304229736328,-0.04339304566383362,0.019978148862719536,0,0.5406938791275024,-0.04551131650805473,0.2992819845676422,0.507721483707428,-0.49548399448394775,0.4917917251586914,-0.5048320293426514,1
0.5471110939979553,-0.04594314098358154,0.31421035528182983,0.5087606906890869,-0.4957517087459564,0.49234187602996826,-0.5029832124710083,0.5217304229736328,-0.04339304566383362,0.019978148862719536,0,0.5399923324584961,-0.04546084627509117,0.2970598340034485,0.5073879361152649,-0.4956812858581543,0.4921506643295288,-0.5046238303184509,1
0.5464973449707031,-0.04592212289571762,0.31194695830345154,0.5084292888641357,-0.4959457814693451,0.49269554018974304,-0.5027806162834167,0.5217304229736328,-0.04339304566383362,0.019978148862719536,0,0.5392789244651794,-0.04540649801492691,0.29484501481056213,0.5070545077323914,-0.49587810039520264,0.49250930547714233,-0.50441575050354,1
0.5458716154098511,-0.04589708521962166,0.3096901476383209,0.5080981254577637,-0.49613991379737854,0.4930485785007477,-0.5025779604911804,0.5217304229736328,-0.04339304566383362,0.019978148862719536,0,0.5385541915893555,-0.04534842073917389,0.2926363945007324,0.5067208409309387,-0.4960750341415405,0.4928678274154663,-0.5042070150375366,1
0.545233964920044,-0.0458683967590332,0.30743926763534546,0.5077667832374573,-0.4963337481021881,0.49340158700942993,-0.5023747682571411,0.5217304229736328,-0.04339304566383362,0.019978148862719536,0,0.5378178954124451,-0.045286450535058975,0.29043513536453247,0.5063872933387756,-0.49627161026000977,0.49322643876075745,-0.5039981007575989,1
0.5445844531059265,-0.04583579674363136,0.3051949143409729,0.5074353814125061,-0.4965272843837738,0.49375468492507935,-0.5021714568138123,0.5217304229736328,-0.04339304566383362,0.019978148862719536,0,0.5370702147483826,-0.045220665633678436,0.2882404327392578,0.5060536861419678,-0.4964681565761566,0.49358466267585754,-0.5037887692451477,1
0.5439230799674988,-0.045799389481544495,0.30295684933662415,0.5071040987968445,-0.49672073125839233,0.4941074550151825,-0.5019677877426147,0.5217304229736328,-0.04339304566383362,0.019978148862719536,0,0.5363109707832336,-0.0451510064303875,0.28605276346206665,0.5057199597358704,-0.49666452407836914,0.4939429759979248,-0.5035790205001831,1
0.5432500243186951,-0.0457591637969017,0.30072522163391113,0.5067728161811829,-0.4969139099121094,0.4944601058959961,-0.5017639398574829,0.5217304229736328,-0.04339304566383362,0.019978148862719536,0,0.5355403423309326,-0.04507758468389511,0.28387248516082764,0.5053863525390625,-0.4968608021736145,0.4943010210990906,-0.503369152545929,1
0.5425652265548706,-0.0457148551940918,0.298500120639801,0.506441593170166,-0.4971071779727936,0.4948124885559082,-0.5015594959259033,0.5217304229736328,-0.04339304566383362,0.019978148862719536,0,0.5347585678100586,-0.04500032961368561,0.2816992402076721,0.5050528645515442,-0.4970567226409912,0.4946586787700653,-0.5031589269638062,1
0.5418688654899597,-0.045666955411434174,0.29628175497055054,0.5061101913452148,-0.4972999691963196,0.4951648414134979,-0.501354992389679,0.5217304229736328,-0.04339304566383362,0.019978148862719536,0,0.5339654088020325,-0.04491928219795227,0.2795332074165344,0.5047190189361572,-0.49725258350372314,0.49501657485961914,-0.5029483437538147,1
0.5411607623100281,-0.04561523348093033,0.2940700948238373,0.5057788491249084,-0.49749284982681274,0.49551689624786377,-0.5011502504348755,0.5217304229736328,-0.04339304566383362,0.019978148862719536,0,0.5331611037254333,-0.04483438655734062,0.277374267578125,0.5043853521347046,-0.49744847416877747,0.49537423253059387,-0.502737283706665,1
0.5404413342475891,-0.04555969685316086,0.2918655276298523,0.5054476261138916,-0.4976852238178253,0.495868444442749,-0.5009456872940063,0.5217304229736328,-0.04339304566383362,0.019978148862719536,0,0.5323455929756165,-0.04474569112062454,0.2752228379249573,0.5040516257286072,-0.49764391779899597,0.49573174118995667,-0.5025261044502258,1
0.539710283279419,-0.045500293374061584,0.28966760635375977,0.5051164031028748,-0.4978776276111603,0.4962202310562134,-0.5007402300834656,0.5217304229736328,-0.04339304566383362,0.019978148862719536,0,0.5315189361572266,-0.04465319216251373,0.2730793356895447,0.5037180185317993,-0.4978392422199249,0.49608874320983887,-0.5023146867752075,1
0.5389677882194519,-0.04543711617588997,0.2874767482280731,0.5047851204872131,-0.498069703578949,0.49657148122787476,-0.5005350112915039,0.5217304229736328,-0.04339304566383362,0.019978148862719536,0,0.5306812524795532,-0.0445568822324276,0.2709425985813141,0.5033842325210571,-0.49803444743156433,0.49644604325294495,-0.5021028518676758,1
0.5382139086723328,-0.04537013918161392,0.28529322147369385,0.5044540762901306,-0.49826139211654663,0.49692243337631226,-0.5003294348716736,0.5217304229736328,-0.04339304566383362,0.019978148862719536,0,0.5298325419425964,-0.04445682093501091,0.2688138484954834,0.5030505657196045,-0.498229444026947,0.4968028664588928,-0.5018907189369202,1
0.5374487638473511,-0.04529937356710434,0.28311634063720703,0.5041230320930481,-0.4984532296657562,0.4972732961177826,-0.5001236200332642,0.5217304229736328,-0.04339304566383362,0.019978148862719536,0,0.5289727449417114,-0.04435291513800621,0.266693115234375,0.5027168989181519,-0.4984241724014282,0.497159481048584,-0.5016785264015198,1
0.5366723537445068,-0.045224614441394806,0.2809467911720276,0.5037919878959656,-0.4986445903778076,0.49762389063835144,-0.49991747736930847,0.5217304229736328,-0.04339304566383362,0.019978148862719536,0,0.5281020998954773,-0.04424528032541275,0.26457956433296204,0.5023831725120544,-0.4986189007759094,0.4975161552429199,-0.5014657378196716,1
0.5358846783638,-0.04514620080590248,0.27878451347351074,0.5034608244895935,-0.49883610010147095,0.4979744553565979,-0.49971091747283936,0.5217304229736328,-0.04339304566383362,0.019978148862719536,0,0.527220606803894,-0.04413402080535889,0.2624738812446594,0.5020493268966675,-0.498813271522522,0.4978726804256439,-0.5012528896331787,1
0.5350857377052307,-0.045064061880111694,0.2766294777393341,0.5031296014785767,-0.49902719259262085,0.4983248710632324,-0.4995043873786926,0.5217304229736328,-0.04339304566383362,0.019978148862719536,0,0.5263282656669617,-0.04401883855462074,0.2603759765625,0.5017156004905701,-0.4990076720714569,0.4982290267944336,-0.5010393857955933,1
0.5342757701873779,-0.04497811198234558,0.27448204159736633,0.5027987360954285,-0.4992181360721588,0.4986748993396759,-0.49929752945899963,0.5217304229736328,-0.04339304566383362,0.019978148862719536,0,0.5254252552986145,-0.04389989376068115,0.2582862675189972,0.5013819932937622,-0.49920186400413513,0.49858519434928894,-0.5008257031440735,1
0.5334545969963074,-0.04488835483789444,0.27234208583831787,0.5024678111076355,-0.4994087219238281,0.4990248382091522,-0.49909043312072754,0.5217304229736328,-0.04339304566383362,0.019978148862719536,0,0.5245112180709839,-0.043777093291282654,0.25620439648628235,0.5010480284690857,-0.4993959367275238,0.49894118309020996,-0.5006118416786194,1
0.5326224565505981,-0.04479486122727394,0.2702098488807678,0.5021368265151978,-0.4995992183685303,0.4993742108345032,-0.4988832473754883,0.5217304229736328,-0.04339304566383362,0.019978148862719536,0,0.5235866904258728,-0.043650560081005096,0.25413045287132263,0.5007143020629883,-0.49958983063697815,0.4992971420288086,-0.5003973841667175,1
0.531779408454895,-0.04469761624932289,0.26808494329452515,0.5018059015274048,-0.4997894763946533,0.4997234642505646,-0.498676061630249,0.5217304229736328,-0.04339304566383362,0.019978148862719536,0,0.5226515531539917,-0.04352030158042908,0.25206488370895386,0.5003805160522461,-0.49978336691856384,0.49965259432792664,-0.5001829862594604,1
0.5309255123138428,-0.044596631079912186,0.26596784591674805,0.5014750361442566,-0.4999794661998749,0.5000724792480469,-0.4984683394432068,0.5217304229736328,-0.04339304566383362,0.019978148862719536,0,0.5217059254646301,-0.043386310338974,0.2500074505805969,0.5000467896461487,-0.49997690320014954,0.5000079274177551,-0.49996817111968994,1
0.5300606489181519,-0.04449186474084854,0.2638586759567261,0.5011442303657532,-0.5001692771911621,0.5004212260246277,-0.4982607364654541,0.5217304229736328,-0.04339304566383362,0.019978148862719536,1,0.5300606489181519,-0.04449186474084854,0.2638586759567261,0.5011442303657532,-0.5001692771911621,0.5004212260246277,-0.4982607364654541,0
0.5296668410301208,-0.04441098868846893,0.2624454200267792,0.500724196434021,-0.500551164150238,0.501151978969574,-0.4975644648075104,0.5217304229736328,-0.04339304566383362,0.019978148862719536,1,0.5300606489181519,-0.04449186474084854,0.2638586759567261,0.5011442303657532,-0.5001692771911621,0.5004212260246277,-0.4982607364654541,0
0.5296599268913269,-0.04440561681985855,0.26172924041748047,0.5004361867904663,-0.5008386969566345,0.5016875267028809,-0.4970250129699707,0.5217304229736328,-0.04339304566383362,0.019978148862719536,1,0.5300606489181519,-0.04449186474084854,0.2638586759567261,0.5011442303657532,-0.5001692771911621,0.5004212260246277,-0.4982607364654541,0
0.5296948552131653,-0.04441771283745766,0.26128268241882324,0.5002599358558655,-0.5010111331939697,0.5020156502723694,-0.4966971278190613,0.5217304229736328,-0.04339304566383362,0.019978148862719536,1,0.5300606489181519,-0.04449186474084854,0.2638586759567261,0.5011442303657532,-0.5001692771911621,0.5004212260246277,-0.4982607364654541,0
0.5297303795814514,-0.04442932456731796,0.2609495222568512,0.5001292824745178,-0.5011388659477234,0.5022585391998291,-0.49645426869392395,0.5217304229736328,-0.04339304566383362,0.019978148862719536,1,0.5300606489181519,-0.04449186474084854,0.2638586759567261,0.5011442303657532,-0.5001692771911621,0.5004212260246277,-0.4982607364654541,0
0.5297626852989197,-0.044438425451517105,0.26067572832107544,0.5000227093696594,-0.5012444257736206,0.5024571418762207,-0.496254026889801,0.5217304229736328,-0.04339304566383362,0.019978148862719536,1,0.5300606489181519,-0.04449186474084854,0.2638586759567261,0.5011442303657532,-0.5001692771911621,0.5004212260246277,-0.4982607364654541,0
0.5297919511795044,-0.04444572329521179,0.2604399025440216,0.49993130564689636,-0.5013355612754822,0.5026277899742126,-0.4960812032222748,0.5217304229736328,-0.04339304566383362,0.019978148862719536,1,0.5300606489181519,-0.04449186474084854,0.2638586759567261,0.5011442303657532,-0.5001692771911621,0.5004212260246277,-0.4982607364654541,0
0.5298182368278503,-0.0444517508149147,0.2602321207523346,0.4998512864112854,-0.5014160871505737,0.502777636051178,-0.49592867493629456,0.5217304229736328,-0.04339304566383362,0.019978148862719536,1,0.5300606489181519,-0.04449186474084854,0.2638586759567261,0.5011442303657532,-0.5001692771911621,0.5004212260246277,-0.4982607364654541,0
0.5298420190811157,-0.04445763677358627,0.2600487470626831,0.49977970123291016,-0.5014873147010803,0.5029098391532898,-0.49579453468322754,0.5216844081878662,-0.043269090354442596,0.020014923065900803,1,0.5298420190811157,-0.04445763677358627,0.2600487470626831,0.49977970123291016,-0.5014873147010803,0.5029098391532898,-0.49579453468322754,0
0.5298452377319336,-0.04445185512304306,0.2596801817417145,0.499653160572052,-0.5016176104545593,0.5031454563140869,-0.4955512583255768,0.5215497612953186,-0.04328220710158348,0.019781198352575302,1,0.5360316634178162,-0.04474276304244995,0.26707130670547485,0.5033699870109558,-0.49937087297439575,0.49884021282196045,-0.4984031617641449,0
0.5303285121917725,-0.04445422440767288,0.2596362829208374,0.4997018277645111,-0.5016990303993225,0.5032724142074585,-0.4952907860279083,0.5218343734741211,-0.04333778843283653,0.019800033420324326,1,0.5420892238616943,-0.04495284706354141,0.274181604385376,0.5069571733474731,-0.4972324073314667,0.4947498142719269,-0.5009758472442627,0
0.5313395261764526,-0.04447915405035019,0.2601214051246643,0.5000306963920593,-0.5016288757324219,0.5031096935272217,-0.4951952397823334,0.5227760672569275,-0.04342961683869362,0.020235391333699226,1,0.548012375831604,-0.04508807882666588,0.281375914812088,0.5105406045913696,-0.49507254362106323,0.4906395673751831,-0.5035119652748108,0
0.5328636169433594,-0.044531673192977905,0.26120641827583313,0.5006667375564575,-0.5013705492019653,0.5025912523269653,-0.49534064531326294,0.524587869644165,-0.0435306541621685,0.021112559363245964,1,0.5537986755371094,-0.04514922946691513,0.2886524796485901,0.5141202211380005,-0.492890864610672,0.4865089952945709,-0.5060117244720459,0
0.5348599553108215,-0.04460938274860382,0.26289254426956177,0.5016029477119446,-0.5009198188781738,0.5017088055610657,-0.4957438111305237,0.5272159576416016,-0.04366108402609825,0.022503428161144257,1,0.5594463348388672,-0.045137107372283936,0.29600733518600464,0.5176953077316284,-0.4906879961490631,0.48235875368118286,-0.5084748864173889,0
0.5372782945632935,-0.044705770909786224,0.2651505470275879,0.5028188228607178,-0.5002854466438293,0.5004791617393494,-0.4963952898979187,0.5305339694023132,-0.04382184520363808,0.024446113035082817,1,0.564953088760376,-0.04505249857902527,0.30343812704086304,0.5212656855583191,-0.4884638786315918,0.4781888723373413,-0.5109015703201294,0
0.5400674939155579,-0.04481303691864014,0.26793843507766724,0.5042893886566162,-0.49948084354400635,0.4989294707775116,-0.4972729980945587,0.5344642400741577,-0.04400505870580673,0.026912083849310875,1,0.5703164339065552,-0.044895946979522705,0.3109423518180847,0.5248313546180725,-0.48621827363967896,0.47399967908859253,-0.5132914781570435,0
0.5431779026985168,-0.04492272809147835,0.2712116241455078,0.5059892535209656,-0.498521089553833,0.4970894455909729,-0.49835091829299927,0.5389341711997986,-0.044201139360666275,0.02986535243690014,1,0.575534999370575,-0.04466854780912399,0.3185163140296936,0.5283918380737305,-0.4839516282081604,0.4697909355163574,-0.5156446099281311,0
0.5465521216392517,-0.04502411186695099,0.27491289377212524,0.5078872442245483,-0.4974267780780792,0.4949997663497925,-0.4995921850204468,0.543856680393219,-0.04439403489232063,0.033255308866500854,1,0.5806063413619995,-0.04437112435698509,0.3261573910713196,0.5319465398788452,-0.48166364431381226,0.46556341648101807,-0.5179611444473267,0
0.5501444935798645,-0.04510819539427757,0.27899497747421265,0.5099584460258484,-0.49621444940567017,0.4926932156085968,-0.50096595287323,0.5491606593132019,-0.04457085207104683,0.03704097121953964,1,0.5855286717414856,-0.04400426149368286,0.3338635563850403,0.5354956984519958,-0.47935426235198975,0.46131640672683716,-0.5202411413192749,0
0.5539183020591736,-0.04516860097646713,0.2834230065345764,0.5121831297874451,-0.4948960244655609,0.49019283056259155,-0.5024512410163879,0.554790735244751,-0.044722605496644974,0.041192833334207535,1,0.590300440788269,-0.043569035828113556,0.34162983298301697,0.5390383005142212,-0.4770245850086212,0.45705118775367737,-0.5224838852882385,0
0.5578393340110779,-0.04519958049058914,0.28816893696784973,0.5145442485809326,-0.4934806823730469,0.48751792311668396,-0.5040310621261597,0.5606979727745056,-0.0448419488966465,0.04568643867969513,1,0.5949192643165588,-0.04306633025407791,0.3494550883769989,0.5425748229026794,-0.47467347979545593,0.4527672231197357,-0.5246898531913757,0
0.5618776679039001,-0.04519611597061157,0.29320627450942993,0.5170269012451172,-0.49197670817375183,0.48468533158302307,-0.5056897401809692,0.5668385028839111,-0.04492238536477089,0.050500448793172836,1,0.5993839502334595,-0.042497217655181885,0.3573349714279175,0.5461043119430542,-0.4723019599914551,0.44846469163894653,-0.5268588066101074,0
0.5660049319267273,-0.045153915882110596,0.2985133230686188,0.519618034362793,-0.49039098620414734,0.4817095100879669,-0.5074145793914795,0.5731722116470337,-0.04495158791542053,0.05561596527695656,1,0.603692889213562,-0.04186274856328964,0.36526674032211304,0.5496266484260559,-0.46990966796875,0.44414442777633667,-0.528990626335144,0
0.5701959729194641,-0.04506853222846985,0.30406898260116577,0.5223056674003601,-0.48872992396354675,0.47860345244407654,-0.5091938972473145,0.5796631574630737,-0.044936876744031906,0.061015211045742035,1,0.6078438758850098,-0.04116402566432953,0.3732476830482483,0.5531415939331055,-0.46749642491340637,0.4398060142993927,-0.5310856699943542,0
0.5744273066520691,-0.04493694752454758,0.30985546112060547,0.5250791311264038,-0.4869990348815918,0.47537854313850403,-0.5110175013542175,0.5862783193588257,-0.044869378209114075,0.06668159365653992,1,0.6118360757827759,-0.040402136743068695,0.38127410411834717,0.5566487312316895,-0.46506267786026,0.43544983863830566,-0.5331436395645142,0
0.57867830991745,-0.04475574940443039,0.315855473279953,0.5279293060302734,-0.48520317673683167,0.472044974565506,-0.5128761529922485,0.5929876565933228,-0.04474358633160591,0.0726003348827362,1,0.6156676411628723,-0.039577677845954895,0.3893432319164276,0.5601480603218079,-0.4626083970069885,0.4310758709907532,-0.535164475440979,0
0.5829293727874756,-0.044522471725940704,0.32205307483673096,0.5308471918106079,-0.4833469092845917,0.46861234307289124,-0.5147616267204285,0.5998132228851318,-0.04445776715874672,0.07871504127979279,1,0.619337260723114,-0.03869221732020378,0.39745140075683594,0.56363844871521,-0.460134357213974,0.42668476700782776,-0.5371480584144592,0
0.5871636271476746,-0.044234901666641235,0.3284342288970947,0.5338252186775208,-0.4814341068267822,0.46508869528770447,-0.5166664123535156,0.6066321134567261,-0.04419316351413727,0.08509524166584015,1,0.6228436827659607,-0.03774690628051758,0.4055960476398468,0.5671206712722778,-0.45763954520225525,0.42227616906166077,-0.5390944480895996,0
0.5913652777671814,-0.043891508132219315,0.3349851667881012,0.536856472492218,-0.4794684648513794,0.4614817500114441,-0.5185843706130981,0.6134487390518188,-0.043904609978199005,0.0917106345295906,1,0.6261854767799377,-0.036742836236953735,0.41377341747283936,0.5705938339233398,-0.4551246464252472,0.41785088181495667,-0.5410036444664001,0
0.5955196619033813,-0.04349074512720108,0.34169405698776245,0.5399343371391296,-0.477453351020813,0.4577977955341339,-0.5205097198486328,0.6202684044837952,-0.04353492334485054,0.09852403402328491,1,0.6293617486953735,-0.03568141162395477,0.42197996377944946,0.5740573406219482,-0.4525897800922394,0.4134090840816498,-0.5428752899169922,0
0.5996140241622925,-0.043031446635723114,0.348549485206604,0.5430537462234497,-0.4753912389278412,0.45404288172721863,-0.5224373936653137,0.6270744204521179,-0.04309381544589996,0.10552254319190979,1,0.6323709487915039,-0.03456391766667366,0.4302135407924652,0.577511191368103,-0.4500344395637512,0.40895020961761475,-0.5447103977203369,0
0.6036369800567627,-0.04251283407211304,0.35554012656211853,0.546208918094635,-0.47328534722328186,0.4502227306365967,-0.5243626832962036,0.6338484287261963,-0.04257458820939064,0.11269740015268326,1,0.6352121829986572,-0.03339122608304024,0.4384705424308777,0.5809550881385803,-0.44745951890945435,0.4044749140739441,-0.5465080142021179,0
0.6075776815414429,-0.04193447530269623,0.36265623569488525,0.5493959188461304,-0.47113746404647827,0.4463418126106262,-0.5262818336486816,0.6405740976333618,-0.04197780415415764,0.12004014849662781,1,0.637884795665741,-0.03216487169265747,0.44674667716026306,0.5843889117240906,-0.4448649287223816,0.3999834656715393,-0.5482681393623352,0
0.6114264130592346,-0.04129592329263687,0.36988842487335205,0.5526100993156433,-0.4689498245716095,0.44240477681159973,-0.5281912088394165,0.6472418904304504,-0.04129837825894356,0.12753838300704956,1,0.6403871774673462,-0.03088608756661415,0.4550400972366333,0.587812066078186,-0.44225040078163147,0.39547598361968994,-0.5499911904335022,0
0.6151747703552246,-0.04059779644012451,0.37722766399383545,0.5558478236198425,-0.4667244553565979,0.43841552734375,-0.5300880670547485,0.653831958770752,-0.04054347053170204,0.1351889967918396,1,0.6427190899848938,-0.029556285589933395,0.46334660053253174,0.591224193572998,-0.43961629271507263,0.3909526467323303,-0.551676869392395,0
0.6188144087791443,-0.03983912616968155,0.38466569781303406,0.5591056942939758,-0.46446338295936584,0.4343775808811188,-0.5319685935974121,0.6603319048881531,-0.03970767557621002,0.14298434555530548,1,0.6448795795440674,-0.02817678637802601,0.47166287899017334,0.5946252346038818,-0.43696269392967224,0.3864137530326843,-0.5533252358436584,0
0.6223386526107788,-0.039020657539367676,0.39219486713409424,0.5623806118965149,-0.46216779947280884,0.43029412627220154,-0.5338314175605774,0.6667043566703796,-0.03880936652421951,0.15094226598739624,1,0.6468677520751953,-0.02674892358481884,0.4799860715866089,0.5980145335197449,-0.4342896342277527,0.3818592131137848,-0.5549365282058716,0
0.6257407665252686,-0.03814337030053139,0.39980724453926086,0.565669596195221,-0.4598391056060791,0.4261682629585266,-0.5356737971305847,0.6729975342750549,-0.03781930357217789,0.15900690853595734,1,0.6486834287643433,-0.025274403393268585,0.4883122444152832,0.6013920307159424,-0.4315972328186035,0.377289742231369,-0.556510329246521,0
0.6290149688720703,-0.03720705211162567,0.40749597549438477,0.5689703822135925,-0.45747873187065125,0.42200231552124023,-0.5374939441680908,0.679186224937439,-0.03675898537039757,0.1671815663576126,1,0.6503255367279053,-0.023754090070724487,0.49663877487182617,0.60475754737854,-0.42888566851615906,0.3727048337459564,-0.558046817779541,0
0.6321559548377991,-0.03621285408735275,0.4152543842792511,0.5722806453704834,-0.455087810754776,0.417798787355423,-0.5392903089523315,0.6852458119392395,-0.035627301782369614,0.17547202110290527,1,0.6517939567565918,-0.022189702838659286,0.5049615502357483,0.6081104874610901,-0.426155149936676,0.3681056797504425,-0.5595458745956421,0
0.635158896446228,-0.035161592066287994,0.42307615280151367,0.575597882270813,-0.45266714692115784,0.41355982422828674,-0.5410615801811218,0.6911635994911194,-0.03440289571881294,0.18388094007968903,1,0.6530881524085999,-0.020582670345902443,0.5132777690887451,0.6114506721496582,-0.4234054386615753,0.36349162459373474,-0.5610077381134033,0
0.6380196809768677,-0.034054264426231384,0.43095463514328003,0.5789204835891724,-0.4502181112766266,0.4092874228954315,-0.5428060293197632,0.6969348788261414,-0.0330938883125782,0.1924101710319519,1,0.6542074680328369,-0.018934354186058044,0.5215843319892883,0.6147777438163757,-0.4206368327140808,0.3588627874851227,-0.5624326467514038,0
0.6407341361045837,-0.032891646027565,0.43888425827026367,0.5822466611862183,-0.44774141907691956,0.40498343110084534,-0.5445225238800049,0.7026328444480896,-0.03167973831295967,0.20098821818828583,1,0.6551520228385925,-0.017246536910533905,0.5298771858215332,0.6180912852287292,-0.41784948110580444,0.3542202413082123,-0.5638198852539062,0
0.643298864364624,-0.031674765050411224,0.44685953855514526,0.5855748653411865,-0.4452376365661621,0.4006491005420685,-0.5462102293968201,0.7081065773963928,-0.030276557430624962,0.20967644453048706,1,0.6559216976165771,-0.015520647168159485,0.538153350353241,0.6213913559913635,-0.41504335403442383,0.3495633602142334,-0.5651701092720032,0
0.6457105278968811,-0.030404765158891678,0.45487454533576965,0.5889034867286682,-0.4427078366279602,0.3962864279747009,-0.5478681325912476,0.7133949398994446,-0.02882367931306362,0.218458354473114,1,0.6565159559249878,-0.01375777367502451,0.5464097857475281,0.6246773600578308,-0.41221854090690613,0.34489262104034424,-0.5664830803871155,0
0.6479665040969849,-0.02908320724964142,0.46292439103126526,0.592231035232544,-0.44015243649482727,0.39189597964286804,-0.5494958162307739,0.718532145023346,-0.027299154549837112,0.22731424868106842,1,0.6569350957870483,-0.011959790252149105,0.5546426773071289,0.6279489398002625,-0.4093753695487976,0.3402085602283478,-0.5677586793899536,0
0.6500641107559204,-0.02771119773387909,0.47100356221199036,0.5955564975738525,-0.4375721216201782,0.3874797523021698,-0.5510920286178589,0.7235220670700073,-0.025691920891404152,0.23623616993427277,1,0.6571786999702454,-0.010128096677362919,0.5628492832183838,0.6312060356140137,-0.4065137207508087,0.3355107307434082,-0.5689974427223206,0
0.6520009636878967,-0.02628982998430729,0.4791077971458435,0.5988787412643433,-0.4349673390388489,0.3830382823944092,-0.5526565909385681,0.7283614873886108,-0.024004220962524414,0.24521927535533905,1,0.6572473049163818,-0.008264301344752312,0.5710258483886719,0.6344480514526367,-0.4036337733268738,0.33079975843429565,-0.5701989531517029,0
0.6537752151489258,-0.024820638820528984,0.4872312843799591,0.602196455001831,-0.43233877420425415,0.3785731792449951,-0.5541884899139404,0.7330307960510254,-0.022247763350605965,0.2542625665664673,1,0.6571411490440369,-0.006369961425662041,0.5791686177253723,0.6376746892929077,-0.400736004114151,0.3260761499404907,-0.5713632702827454,0
0.6553846001625061,-0.023304995149374008,0.49537044763565063,0.6055085062980652,-0.4296869933605194,0.3740848898887634,-0.5556877255439758,0.737525463104248,-0.02042553201317787,0.2633613646030426,1,0.6568599939346313,-0.004446558654308319,0.587275505065918,0.6408860683441162,-0.39781978726387024,0.32133880257606506,-0.5724908113479614,0
0.6568280458450317,-0.021744035184383392,0.5035200715065002,0.6088144779205322,-0.4270121455192566,0.36957457661628723,-0.5571536421775818,0.7418429851531982,-0.01853926107287407,0.2725107669830322,1,0.6564049124717712,-0.00249598640948534,0.5953416228294373,0.6440812349319458,-0.3948860168457031,0.3165900409221649,-0.5735809803009033,0
0.6581037044525146,-0.0201396606862545,0.5116761922836304,0.612113356590271,-0.42431434988975525,0.365042507648468,-0.5585861802101135,0.7459810972213745,-0.016590485349297523,0.28170597553253174,1,0.6557754278182983,-0.0005192076787352562,0.6033654808998108,0.6472604274749756,-0.3919340670108795,0.3118281066417694,-0.5746343731880188,0
0.6592103242874146,-0.01849314011633396,0.5198341012001038,0.6154040098190308,-0.4215947985649109,0.36049017310142517,-0.5599843263626099,0.7499377131462097,-0.014580771327018738,0.29094231128692627,1,0.6549724340438843,0.0014818832278251648,0.6113424301147461,0.6504231095314026,-0.3889646530151367,0.3070543706417084,-0.5756507515907288,0
0.660146951675415,-0.016806047409772873,0.5279899835586548,0.6186860203742981,-0.41885289549827576,0.35591745376586914,-0.5613489151000977,0.7537108659744263,-0.012511703185737133,0.3002151846885681,1,0.6539967060089111,0.0035057207569479942,0.6192697882652283,0.6535689234733582,-0.38597777485847473,0.30226853489875793,-0.5766302347183228,0
0.6609125137329102,-0.015079698525369167,0.5361395478248596,0.6219585537910461,-0.41608959436416626,0.3513253927230835,-0.5626786947250366,0.7572988271713257,-0.010384844616055489,0.30952009558677673,1,0.6528481841087341,0.005550832487642765,0.627144455909729,0.6566978693008423,-0.38297325372695923,0.2974708676338196,-0.5775728821754456,0
0.6615065932273865,-0.013315821066498756,0.5442785024642944,0.6252208352088928,-0.41330504417419434,0.34671467542648315,-0.5639739632606506,0.760699987411499,-0.008201789110898972,0.31885263323783875,1,0.6515280604362488,0.00761551596224308,0.6349631547927856,0.6598095297813416,-0.3799513280391693,0.2926613390445709,-0.5784787535667419,0
0.6619278788566589,-0.011515611782670021,0.5524032115936279,0.6284724473953247,-0.41049930453300476,0.3420856297016144,-0.5652344226837158,0.7639129161834717,-0.005964211653918028,0.32820844650268555,1,0.6500371694564819,0.009698210284113884,0.6427222490310669,0.662903368473053,-0.376912385225296,0.2878410220146179,-0.5793476700782776,0
0.662176787853241,-0.009681133553385735,0.5605092644691467,0.6317127346992493,-0.4076728820800781,0.3374389111995697,-0.5664597749710083,0.7669363021850586,-0.00367363472469151,0.3375832438468933,1,0.6483758091926575,0.011797253973782063,0.6504193544387817,0.665979266166687,-0.37385591864585876,0.28300905227661133,-0.5801802277565002,0
0.6622519493103027,-0.007813889533281326,0.5685933232307434,0.6349408626556396,-0.4048260450363159,0.332774817943573,-0.5676501989364624,0.7697690725326538,-0.0013317842967808247,0.346972793340683,1,0.6465455293655396,0.01391131617128849,0.6580501794815063,0.6690366864204407,-0.37078312039375305,0.27816686034202576,-0.5809757709503174,0
0.6621538400650024,-0.005915137007832527,0.5766512751579285,0.6381566524505615,-0.4019586741924286,0.3280937671661377,-0.5688055157661438,0.7724101543426514,0.0010596825741231441,0.3563729524612427,1,0.6445466876029968,0.016038548201322556,0.665613055229187,0.6720758676528931,-0.3676927983760834,0.2733131945133209,-0.5817351937294006,0
0.6618816256523132,-0.003986582159996033,0.5846797823905945,0.6413591504096985,-0.3990713953971863,0.3233964741230011,-0.5699255466461182,0.7748586535453796,0.003499089041724801,0.3657796084880829,1,0.6422401070594788,0.01831158995628357,0.6735690236091614,0.6752842664718628,-0.36439141631126404,0.2681451737880707,-0.5825015902519226,0
0.6614416837692261,-0.0020227618515491486,0.5927049517631531,0.6445605158805847,-0.39615482091903687,0.31866881251335144,-0.5710106492042542,0.7771273255348206,0.0059949252754449844,0.3752230703830719,1,0.6397455930709839,0.020596034824848175,0.6814410090446472,0.6784710884094238,-0.36107102036476135,0.2629649043083191,-0.5832273364067078,0
0.6608261466026306,-2.2664666175842285e-05,0.600731611251831,0.6477639675140381,-0.393204003572464,0.3139026165008545,-0.5720643401145935,0.7792137265205383,0.008548572659492493,0.3847101330757141,1,0.6370657086372375,0.022889818996191025,0.6892237067222595,0.6816357970237732,-0.35773205757141113,0.2577739655971527,-0.583911657333374,0
0.6600300073623657,0.002013028599321842,0.6087555885314941,0.6509683728218079,-0.3902186155319214,0.3090972304344177,-0.5730867981910706,0.7811123728752136,0.011158927343785763,0.3942381739616394,1,0.6342008709907532,0.025191260501742363,0.6969148516654968,0.6847780346870422,-0.3543749451637268,0.25257164239883423,-0.5845553874969482,0
0.6590497493743896,0.004082458093762398,0.6167711019515991,0.6541724801063538,-0.38719871640205383,0.3042532205581665,-0.574077844619751,0.7828183174133301,0.013824249617755413,0.4038013815879822,1,0.6311532258987427,0.027498658746480942,0.7045102119445801,0.6878979206085205,-0.35099905729293823,0.24735841155052185,-0.5851578712463379,0
0.6578829288482666,0.006183442659676075,0.6247717142105103,0.6573744416236877,-0.3841452896595001,0.29937198758125305,-0.5750370025634766,0.784327507019043,0.01654231734573841,0.4133925139904022,1,0.6279243230819702,0.029809683561325073,0.7120063900947571,0.6909946799278259,-0.3476050794124603,0.24213440716266632,-0.5857199430465698,0
0.6565282344818115,0.008313998579978943,0.6327497959136963,0.6605722904205322,-0.38105955719947815,0.29445573687553406,-0.5759630799293518,0.7856364250183105,0.01931077241897583,0.42300382256507874,1,0.6245162487030029,0.03212272375822067,0.7193993926048279,0.6940678954124451,-0.34419336915016174,0.23690062761306763,-0.5862411856651306,0
0.6549848914146423,0.010471791960299015,0.6406981945037842,0.6637644171714783,-0.3779425323009491,0.28950655460357666,-0.5768554210662842,0.7867422699928284,0.022127168253064156,0.43262743949890137,1,0.6209301948547363,0.03443608433008194,0.7266868948936462,0.6971175074577332,-0.3407634496688843,0.2316560596227646,-0.5867221355438232,0
0.6532520651817322,0.012654513120651245,0.64860999584198,0.6669487953186035,-0.37479525804519653,0.28452587127685547,-0.5777133703231812,0.7876425385475159,0.024989064782857895,0.4422556459903717,1,0.6171687245368958,0.03674783930182457,0.733864426612854,0.7001429200172424,-0.3373161256313324,0.22640195488929749,-0.587162435054779,0
0.6513302326202393,0.014859175309538841,0.6564780473709106,0.670123815536499,-0.3716188669204712,0.2795164883136749,-0.5785360336303711,0.7883353233337402,0.027893947437405586,0.45188090205192566,1,0.613233745098114,0.03905623033642769,0.7409286499023438,0.7031439542770386,-0.333851158618927,0.22113847732543945,-0.5875624418258667,0
0.649219274520874,0.017084181308746338,0.6642954349517822,0.673288106918335,-0.36841434240341187,0.2744796872138977,-0.5793226361274719,0.7888191342353821,0.030839210376143456,0.461495965719223,1,0.6091271042823792,0.041359517723321915,0.7478770017623901,0.7061201333999634,-0.33036893606185913,0.2158653438091278,-0.5879223346710205,0
0.6469196677207947,0.01932709664106369,0.6720564365386963,0.6764402985572815,-0.365182489156723,0.2694166898727417,-0.5800731182098389,0.7890927791595459,0.03382238373160362,0.4710938334465027,1,0.6048514246940613,0.043655894696712494,0.7547052502632141,0.7090713381767273,-0.32686933875083923,0.2105833739042282,-0.5882421135902405,0
0.6444315314292908,0.021585676819086075,0.6797553300857544,0.6795791387557983,-0.36192402243614197,0.26432904601097107,-0.5807867646217346,0.7891553640365601,0.036841023713350296,0.48066776990890503,1,0.6004084944725037,0.045943692326545715,0.7614108324050903,0.7119971513748169,-0.3233526945114136,0.2052922546863556,-0.5885218977928162,0
0.6417564749717712,0.023857280611991882,0.6873854398727417,0.682702898979187,-0.35864022374153137,0.25921905040740967,-0.581463098526001,0.7890062928199768,0.03989269956946373,0.4902113974094391,1,0.5958011150360107,0.048221152275800705,0.767990231513977,0.7148972153663635,-0.3198190927505493,0.1999928057193756,-0.5887618064880371,0
0.6388950943946838,0.02613990381360054,0.6949417591094971,0.6858111619949341,-0.3553311824798584,0.25408703088760376,-0.5821018218994141,0.788645327091217,0.04297483339905739,0.49971845746040344,1,0.5910314917564392,0.050486572086811066,0.774440348148346,0.7177711725234985,-0.31626880168914795,0.19468483328819275,-0.5889620184898376,0
0.6358485817909241,0.028431441634893417,0.7024185657501221,0.6889026165008545,-0.35199782252311707,0.2489345371723175,-0.5827024579048157,0.7880723476409912,0.04608508199453354,0.5091829895973206,1,0.5861021280288696,0.05273845046758652,0.7807582020759583,0.7206187844276428,-0.312701940536499,0.18936902284622192,-0.5891225337982178,0
0.6326181888580322,0.030729839578270912,0.7098112106323242,0.6919763684272766,-0.3486406207084656,0.24376240372657776,-0.5832651257514954,0.7872875928878784,0.04922102391719818,0.5185991525650024,1,0.5813190937042236,0.05484355613589287,0.7865807414054871,0.7232744097709656,-0.30932995676994324,0.18435876071453094,-0.5892375707626343,0
0.6292115449905396,0.033024802803993225,0.7170894742012024,0.6950201392173767,-0.3452708125114441,0.2385866492986679,-0.5837906002998352,0.7862905263900757,0.05236845463514328,0.5279306173324585,1,0.5763992667198181,0.056933894753456116,0.7922806739807129,0.7259059548377991,-0.3059435784816742,0.1793418526649475,-0.5893178582191467,0
0.6256389617919922,0.035311512649059296,0.7242431044578552,0.6980301141738892,-0.34189361333847046,0.2334163337945938,-0.5842768549919128,0.7850866913795471,0.05552149564027786,0.5371625423431396,1,0.5713450908660889,0.059007879346609116,0.7978556752204895,0.728513240814209,-0.302543044090271,0.17431862652301788,-0.5893633365631104,0
0.6219078898429871,0.037588030099868774,0.731267511844635,0.7010058164596558,-0.3385108411312103,0.22825388610363007,-0.5847233533859253,0.7836819887161255,0.05867746099829674,0.5462886691093445,1,0.5661577582359314,0.06106434762477875,0.803304135799408,0.7310962677001953,-0.29912781715393066,0.16928847134113312,-0.589374303817749,0
0.6180232763290405,0.0398525632917881,0.7381600141525269,0.7039474248886108,-0.33512258529663086,0.22309979796409607,-0.5851301550865173,0.7820810675621033,0.0618346706032753,0.5553058385848999,1,0.5608407258987427,0.0631018579006195,0.8086225390434265,0.7336543798446655,-0.2956989109516144,0.16425272822380066,-0.589350700378418,0
0.6139880418777466,0.04210381209850311,0.7449207305908203,0.7068558931350708,-0.33172833919525146,0.21795350313186646,-0.5854974389076233,0.7802878022193909,0.06499182432889938,0.5642126798629761,1,0.5553967952728271,0.0651191771030426,0.813808798789978,0.7361873984336853,-0.29225650429725647,0.15921157598495483,-0.5892927050590515,0
0.6098056435585022,0.044341377913951874,0.7515480518341064,0.7097316384315491,-0.32832834124565125,0.21281419694423676,-0.585825502872467,0.7783054113388062,0.06814786046743393,0.5730084180831909,1,0.5498268008232117,0.06711515784263611,0.8188615441322327,0.7386952638626099,-0.28879982233047485,0.15416380763053894,-0.5892006158828735,0
0.6054776906967163,0.0465637631714344,0.7580430507659912,0.7125756740570068,-0.3249207139015198,0.2076801210641861,-0.5861154794692993,0.7761367559432983,0.07130183279514313,0.5816928148269653,1,0.5441351532936096,0.06908825784921646,0.8237773776054382,0.7411772608757019,-0.2853299677371979,0.14911144971847534,-0.5890745520591736,0
0.6010065078735352,0.04877069219946861,0.7644045948982239,0.7153883576393127,-0.3215056359767914,0.20255090296268463,-0.5863672494888306,0.7737844586372375,0.0744527131319046,0.5902654528617859,1,0.5383230447769165,0.07103778421878815,0.8285551071166992,0.743633508682251,-0.2818464934825897,0.1440535932779312,-0.5889143943786621,0
0.5963945388793945,0.0509607270359993,0.7706320881843567,0.7181704044342041,-0.318082332611084,0.19742538034915924,-0.5865815877914429,0.7712509036064148,0.07759960740804672,0.5987259745597839,1,0.5323938727378845,0.07296234369277954,0.8331921100616455,0.7460638284683228,-0.2783496379852295,0.13899067044258118,-0.588720440864563,0
0.5916427373886108,0.0531332865357399,0.7767260670661926,0.7209221720695496,-0.31464993953704834,0.19230212271213531,-0.5867592692375183,0.7685385942459106,0.08074143528938293,0.6070737838745117,1,0.5263503789901733,0.07486078143119812,0.83768630027771,0.7484676241874695,-0.2748398184776306,0.1339232623577118,-0.5884926915168762,0
0.5867540240287781,0.05528757721185684,0.7826849222183228,0.7236443758010864,-0.3112083971500397,0.18718045949935913,-0.5868998765945435,0.7656496167182922,0.08387725055217743,0.6153082847595215,1,0.5201952457427979,0.07673200964927673,0.8420356512069702,0.7508450746536255,-0.27131718397140503,0.1288512796163559,-0.5882312655448914,0
0.5817295908927917,0.057422395795583725,0.7885083556175232,0.7263372540473938,-0.3077563941478729,0.18205943703651428,-0.587004542350769,0.7625862956047058,0.08700593560934067,0.623428463935852,1,0.51393061876297,0.07857496291399002,0.8462388515472412,0.7531954050064087,-0.26778143644332886,0.12377477437257767,-0.5879366993904114,0
0.5765719413757324,0.05953691154718399,0.794195294380188,0.7290010452270508,-0.304294228553772,0.17693834006786346,-0.5870733857154846,0.7593508362770081,0.09012638032436371,0.6314333081245422,1,0.5075601935386658,0.08038836717605591,0.8502932190895081,0.7555185556411743,-0.26423323154449463,0.11869463324546814,-0.587608814239502,0
0.5712828636169434,0.06163034588098526,0.7997446060180664,0.731636106967926,-0.30082130432128906,0.17181691527366638,-0.5871064066886902,0.7559454441070557,0.09323746711015701,0.6393216848373413,1,0.5010863542556763,0.08217160403728485,0.8541973233222961,0.757814347743988,-0.260672390460968,0.11361028254032135,-0.5872478485107422,0
0.5658646821975708,0.06370148807764053,0.8051550388336182,0.7342425584793091,-0.29733720421791077,0.16669408977031708,-0.587104320526123,0.7523722648620605,0.09633811563253403,0.6470921039581299,1,0.49451205134391785,0.08392348140478134,0.8579495549201965,0.7600826621055603,-0.2570989429950714,0.10852216929197311,-0.5868538022041321,0
0.5603193640708923,0.06574936956167221,0.8104254603385925,0.7368202209472656,-0.29384177923202515,0.16156962513923645,-0.5870674252510071,0.748633623123169,0.09942709654569626,0.6547431945800781,1,0.4878406226634979,0.0856427550315857,0.861547589302063,0.7623229622840881,-0.253513365983963,0.10343075543642044,-0.5864270925521851,0
0.5546491742134094,0.06777303665876389,0.815554678440094,0.7393696308135986,-0.2903344929218292,0.15644292533397675,-0.5869956612586975,0.7447317838668823,0.102503202855587,0.6622733473777771,1,0.48016557097435,0.08755131810903549,0.865437388420105,0.7648280262947083,-0.24943505227565765,0.09765632450580597,-0.5859038233757019,0
0.5488207936286926,0.06978736072778702,0.820574164390564,0.7419116497039795,-0.28679120540618896,0.15128017961978912,-0.5868834257125854,0.7406445741653442,0.10559109598398209,0.6697302460670471,1,0.47237348556518555,0.08941561728715897,0.8691253662109375,0.767296552658081,-0.24534133076667786,0.091878242790699,-0.5853390693664551,0
0.5428159236907959,0.0717955231666565,0.8254908323287964,0.7444514632225037,-0.2832008898258209,0.14606492221355438,-0.5867318511009216,0.7363590598106384,0.10869645327329636,0.6771290302276611,1,0.46446892619132996,0.09123476594686508,0.87260901927948,0.7697283625602722,-0.2412327080965042,0.08609648048877716,-0.5847327709197998,0
0.5366273522377014,0.07379599660634995,0.8303022384643555,0.7469878792762756,-0.27956148982048035,0.14079394936561584,-0.5865419507026672,0.731867790222168,0.11181790381669998,0.6844699382781982,1,0.45645666122436523,0.0930074006319046,0.8758862018585205,0.7721229791641235,-0.23710881173610687,0.08031143993139267,-0.5840851664543152,0
0.530252993106842,0.07578640431165695,0.8350024819374084,0.7495189309120178,-0.2758729159832001,0.1354670226573944,-0.5863139629364014,0.7271676659584045,0.11495193839073181,0.6917469501495361,1,0.448341429233551,0.0947323590517044,0.8789547681808472,0.7744800448417664,-0.23297053575515747,0.07452361285686493,-0.5833965539932251,0
0.5236954092979431,0.0777629166841507,0.8395832180976868,0.7520415186882019,-0.2721366286277771,0.13008704781532288,-0.5860481262207031,0.7222583889961243,0.11809432506561279,0.6989510655403137,1,0.4401274621486664,0.09640838950872421,0.8818130493164062,0.776799201965332,-0.2288176417350769,0.06873331218957901,-0.582667350769043,0
0.5169579386711121,0.07972262799739838,0.8440359830856323,0.7545532584190369,-0.2683546841144562,0.12465716153383255,-0.5857437252998352,0.7171413898468018,0.12124062329530716,0.7060719132423401,1,0.4318197965621948,0.09803483635187149,0.8844588994979858,0.7790800929069519,-0.22465065121650696,0.06294053792953491,-0.5818975567817688,0
0.5100467205047607,0.08166170120239258,0.8483513593673706,0.7570508122444153,-0.2645297050476074,0.11918134987354279,-0.5854005217552185,0.7118194103240967,0.1243864968419075,0.7130986452102661,1,0.42342326045036316,0.09961051493883133,0.886890709400177,0.7813224792480469,-0.2204696387052536,0.05714612454175949,-0.5810874104499817,0
0.5029665231704712,0.0835767611861229,0.8525216579437256,0.7595316767692566,-0.2606635093688965,0.11366286128759384,-0.5850185751914978,0.7062957286834717,0.12752768397331238,0.720020592212677,1,0.41494226455688477,0.10113438963890076,0.8891069889068604,0.7835260033607483,-0.21627463400363922,0.051349520683288574,-0.5802374482154846,0
0.4957248568534851,0.08546478301286697,0.8565376996994019,0.7619935870170593,-0.25675907731056213,0.10810621082782745,-0.5845969319343567,0.7005743384361267,0.1306600719690323,0.7268276214599609,1,0.4063820540904999,0.102605901658535,0.8911059498786926,0.7856902480125427,-0.21206623315811157,0.0455520935356617,-0.579347550868988,0
0.48832783102989197,0.08732322603464127,0.8603922128677368,0.7644340395927429,-0.2528189420700073,0.10251479595899582,-0.5841350555419922,0.6946595907211304,0.13377971947193146,0.7335100173950195,1,0.39774706959724426,0.10402412712574005,0.8928863406181335,0.7878149747848511,-0.2078445553779602,0.039753369987010956,-0.5784183144569397,0
0.4807812571525574,0.08914877474308014,0.8640784025192261,0.7668512463569641,-0.24884431064128876,0.09689179807901382,-0.5836330652236938,0.6885559558868408,0.13688302040100098,0.7400587201118469,1,0.38904234766960144,0.10538817197084427,0.894446849822998,0.7898997068405151,-0.20360969007015228,0.03395404294133186,-0.577450156211853,0
0.4730922281742096,0.09093915671110153,0.8675896525382996,0.7692429423332214,-0.24483753740787506,0.09124022722244263,-0.5830909013748169,0.6822680830955505,0.13996657729148865,0.7464653849601746,1,0.3802732229232788,0.10669764876365662,0.8957862257957458,0.7919443249702454,-0.19936203956604004,0.028154177591204643,-0.5764427185058594,0
0.4652678668498993,0.09269169718027115,0.8709195852279663,0.7716074585914612,-0.24080100655555725,0.0855632945895195,-0.5825081467628479,0.6758008599281311,0.1430271565914154,0.7527222037315369,1,0.3714441955089569,0.10795183479785919,0.8969032168388367,0.7939484715461731,-0.1951015591621399,0.02235429361462593,-0.575396716594696,0
0.457313597202301,0.09440441429615021,0.87406325340271,0.7739434242248535,-0.2367355227470398,0.07986313849687576,-0.581884503364563,0.6691594123840332,0.14606161415576935,0.7588220834732056,1,0.3625604212284088,0.1091499999165535,0.8977970480918884,0.7959117293357849,-0.1908288449048996,0.016554540023207664,-0.5743123888969421,0
