0.3625604212284088,0.1091499999165535,0.8977970480918884,0.7959117293357849,-0.1908288449048996,0.016554540023207664,-0.5743123888969421,0.7386215925216675,-0.002747476100921631,0.019999999552965164,0,0.3625604212284088,0.1091499999165535,0.8977970480918884,0.7959117293357849,-0.1908288449048996,0.016554540023207664,-0.5743123888969421,1
0.3628040552139282,0.10916154831647873,0.8976776003837585,0.7959170937538147,-0.19090838730335236,0.016660241410136223,-0.5742754340171814,0.7386215925216675,-0.002747476100921631,0.01981772482395172,0,0.3625604212284088,0.1091499999165535,0.8977970480918884,0.7959117293357849,-0.1908288449048996,0.016554540023207664,-0.5743123888969421,1
0.3632446825504303,0.10916890949010849,0.8974825739860535,0.7959179878234863,-0.1910729855298996,0.016885489225387573,-0.574212908744812,0.7386215925216675,-0.002747476100921631,0.019884353503584862,0,0.3625604212284088,0.1091499999165535,0.8977970480918884,0.7959117293357849,-0.1908288449048996,0.016554540023207664,-0.5743123888969421,1
0.36376747488975525,0.10917111486196518,0.8972581028938293,0.7959133982658386,-0.1912766695022583,0.017166968435049057,-0.5741432309150696,0.7386215925216675,-0.002747476100921631,0.019923372194170952,0,0.3625604212284088,0.1091499999165535,0.8977970480918884,0.7959117293357849,-0.1908288449048996,0.016554540023207664,-0.5743123888969421,1
0.3643089532852173,0.10917005687952042,0.8970283269882202,0.7959052920341492,-0.1914910078048706,0.01746424101293087,-0.5740739107131958,0.7386215925216675,-0.002747476100921631,0.019946129992604256,0,0.3625604212284088,0.1091499999165535,0.8977970480918884,0.7959117293357849,-0.1908288449048996,0.016554540023207664,-0.5743123888969421,1
0.36483412981033325,0.10916749387979507,0.8968064785003662,0.7958957552909851,-0.19170089066028595,0.017755331471562386,-0.5740082263946533,0.7386215925216675,-0.002747476100921631,0.019959425553679466,0,0.3625604212284088,0.1091499999165535,0.8977970480918884,0.7959117293357849,-0.1908288449048996,0.016554540023207664,-0.5743123888969421,1
0.3653259873390198,0.10916423052549362,0.8965990543365479,0.7958859801292419,-0.19189804792404175,0.01802937313914299,-0.5739471912384033,0.7386215925216675,-0.002747476100921631,0.019967196509242058,0,0.3625604212284088,0.1091499999165535,0.8977970480918884,0.7959117293357849,-0.1908288449048996,0.016554540023207664,-0.5743123888969421,1
0.36577728390693665,0.10916095972061157,0.89640873670578,0.7958768010139465,-0.19207923114299774,0.01828133687376976,-0.5738914608955383,0.7386215925216675,-0.002747476100921631,0.01997174322605133,0,0.3625604212284088,0.1091499999165535,0.8977970480918884,0.7959117293357849,-0.1908288449048996,0.016554540023207664,-0.5743123888969421,1
0.366186261177063,0.10915781557559967,0.8962359428405762,0.7958679795265198,-0.1922435611486435,0.018509861081838608,-0.5738412737846375,0.7386215925216675,-0.002747476100921631,0.019974403083324432,0,0.3625604212284088,0.1091499999165535,0.8977970480918884,0.7959117293357849,-0.1908288449048996,0.016554540023207664,-0.5743123888969421,1
0.3665536642074585,0.1091550812125206,0.8960806727409363,0.7958602905273438,-0.19239117205142975,0.01871492713689804,-0.5737957954406738,0.7386215925216675,-0.002747476100921631,0.01997595839202404,0,0.3625604212284088,0.1091499999165535,0.8977970480918884,0.7959117293357849,-0.1908288449048996,0.016554540023207664,-0.5743123888969421,1
0.36688217520713806,0.10915274918079376,0.895941436290741,0.7958534359931946,-0.1925230473279953,0.018898339942097664,-0.5737552642822266,0.7386215925216675,-0.002747476100921631,0.019976869225502014,0,0.3625604212284088,0.1091499999165535,0.8977970480918884,0.7959117293357849,-0.1908288449048996,0.016554540023207664,-0.5743123888969421,1
0.3671749234199524,0.10915068536996841,0.8958170413970947,0.7958471775054932,-0.1926405429840088,0.019061513245105743,-0.5737189054489136,0.7386215925216675,-0.002747476100921631,0.019977401942014694,0,0.3625604212284088,0.1091499999165535,0.8977970480918884,0.7959117293357849,-0.1908288449048996,0.016554540023207664,-0.5743123888969421,1
0.36743536591529846,0.10914917290210724,0.8957062363624573,0.7958419322967529,-0.19274485111236572,0.019206577911973,-0.5736864805221558,0.7386215925216675,-0.002747476100921631,0.019977713003754616,0,0.3625604212284088,0.1091499999165535,0.8977970480918884,0.7959117293357849,-0.1908288449048996,0.016554540023207664,-0.5743123888969421,1
0.3676663637161255,0.10914792865514755,0.8956077694892883,0.7958371639251709,-0.19283725321292877,0.019334783777594566,-0.5736575722694397,0.7386215925216675,-0.002747476100921631,0.01997789368033409,0,0.3625604212284088,0.1091499999165535,0.8977970480918884,0.7959117293357849,-0.1908288449048996,0.016554540023207664,-0.5743123888969421,1
0.3678717017173767,0.10914682596921921,0.8955199718475342,0.7958332300186157,-0.1929192990064621,0.019448645412921906,-0.573631763458252,0.7386215925216675,-0.002747476100921631,0.019978001713752747,0,0.3625604212284088,0.1091499999165535,0.8977970480918884,0.7959117293357849,-0.1908288449048996,0.016554540023207664,-0.5743123888969421,1
0.3680533766746521,0.10914600640535355,0.8954421877861023,0.795829713344574,-0.19299162924289703,0.01954904943704605,-0.5736088156700134,0.7386215925216675,-0.002747476100921631,0.01997806318104267,0,0.3625604212284088,0.1091499999165535,0.8977970480918884,0.7959117293357849,-0.1908288449048996,0.016554540023207664,-0.5743123888969421,1
0.3682141900062561,0.10914544761180878,0.8953732252120972,0.79582679271698,-0.19305557012557983,0.01963799074292183,-0.5735883712768555,0.7386215925216675,-0.002747476100921631,0.019978100433945656,0,0.3625604212284088,0.1091499999165535,0.8977970480918884,0.7959117293357849,-0.1908288449048996,0.016554540023207664,-0.5743123888969421,1
0.3683570623397827,0.10914503037929535,0.8953116536140442,0.7958241105079651,-0.19311225414276123,0.019716612994670868,-0.5735701322555542,0.7386215925216675,-0.002747476100921631,0.019978120923042297,0,0.3625604212284088,0.1091499999165535,0.8977970480918884,0.7959117293357849,-0.1908288449048996,0.016554540023207664,-0.5743123888969421,1
0.36848360300064087,0.10914475470781326,0.8952572345733643,0.7958218455314636,-0.1931624412536621,0.019786084070801735,-0.5735539793968201,0.7386215925216675,-0.002747476100921631,0.019978133961558342,0,0.3625604212284088,0.1091499999165535,0.8977970480918884,0.7959117293357849,-0.1908288449048996,0.016554540023207664,-0.5743123888969421,1
0.36859551072120667,0.10914462059736252,0.8952088356018066,0.7958201169967651,-0.19320662319660187,0.019847365096211433,-0.5735394358634949,0.7386215925216675,-0.002747476100921631,0.01997814141213894,0,0.3625604212284088,0.1091499999165535,0.8977970480918884,0.7959117293357849,-0.1908288449048996,0.016554540023207664,-0.5743123888969421,1
0.36869457364082336,0.10914447903633118,0.8951660394668579,0.7958184480667114,-0.1932457685470581,0.01990160159766674,-0.5735267996788025,0.7386215925216675,-0.002747476100921631,0.019978145137429237,0,0.3625604212284088,0.1091499999165535,0.8977970480918884,0.7959117293357849,-0.1908288449048996,0.016554540023207664,-0.5743123888969421,1
0.3687824606895447,0.10914447903633118,0.8951278328895569,0.795816957950592,-0.19328033924102783,0.01994943805038929,-0.5735154151916504,0.7386215925216675,-0.002747476100921631,0.019978148862719536,0,0.3625604212284088,0.1091499999165535,0.8977970480918884,0.7959117293357849,-0.1908288449048996,0.016554540023207664,-0.5743123888969421,1
0.36886000633239746,0.10914461314678192,0.895094096660614,0.7958159446716309,-0.19331079721450806,0.019991593435406685,-0.5735051035881042,0.7386215925216675,-0.002747476100921631,0.019978148862719536,0,0.3625604212284088,0.1091499999165535,0.8977970480918884,0.7959117293357849,-0.1908288449048996,0.016554540023207664,-0.5743123888969421,1
0.36892861127853394,0.10914474725723267,0.8950642347335815,0.7958149909973145,-0.19333770871162415,0.02002882771193981,-0.5734960436820984,0.7386215925216675,-0.002747476100921631,0.019978148862719536,0,0.3625604212284088,0.1091499999165535,0.8977970480918884,0.7959117293357849,-0.1908288449048996,0.016554540023207664,-0.5743123888969421,1
0.3689894676208496,0.10914488881826401,0.8950377106666565,0.7958140969276428,-0.1933615803718567,0.020061763003468513,-0.5734882354736328,0.7386215925216675,-0.002747476100921631,0.019978148862719536,0,0.3625604212284088,0.1091499999165535,0.8977970480918884,0.7959117293357849,-0.1908288449048996,0.016554540023207664,-0.5743123888969421,1
0.3690434694290161,0.10914502292871475,0.8950141072273254,0.7958134412765503,-0.1933826208114624,0.020090937614440918,-0.5734809041023254,0.7386215925216675,-0.002747476100921631,0.019978148862719536,0,0.3625604212284088,0.1091499999165535,0.8977970480918884,0.7959117293357849,-0.1908288449048996,0.016554540023207664,-0.5743123888969421,1
0.3690912425518036,0.10914530605077744,0.8949931859970093,0.7958129048347473,-0.1934012621641159,0.02011662721633911,-0.5734745860099792,0.7386215925216675,-0.002747476100921631,0.019978148862719536,0,0.3625604212284088,0.1091499999165535,0.8977970480918884,0.7959117293357849,-0.1908288449048996,0.016554540023207664,-0.5743123888969421,1
0.3691335916519165,0.10914543271064758,0.8949745893478394,0.7958122491836548,-0.19341766834259033,0.02013932727277279,-0.5734689831733704,0.7386215925216675,-0.002747476100921631,0.019978148862719536,0,0.3625604212284088,0.1091499999165535,0.8977970480918884,0.7959117293357849,-0.1908288449048996,0.016554540023207664,-0.5743123888969421,1
0.369171142578125,0.10914570838212967,0.894957959651947,0.7958120107650757,-0.19343216717243195,0.020159302279353142,-0.5734638571739197,0.7386215925216675,-0.002747476100921631,0.019978148862719536,0,0.3625604212284088,0.1091499999165535,0.8977970480918884,0.7959117293357849,-0.1908288449048996,0.016554540023207664,-0.5743123888969421,1
0.36920416355133057,0.10914599150419235,0.8949434161186218,0.795811653137207,-0.19344498217105865,0.020176958292722702,-0.5734593868255615,0.7386215925216675,-0.002747476100921631,0.019978148862719536,0,0.3625604212284088,0.1091499999165535,0.8977970480918884,0.7959117293357849,-0.1908288449048996,0.016554540023207664,-0.5743123888969421,1
0.36923354864120483,0.1091461256146431,0.8949304223060608,0.7958112955093384,-0.1934562772512436,0.020192500203847885,-0.5734555721282959,0.7386215925216675,-0.002747476100921631,0.019978148862719536,0,0.36923354864120483,0.1091461256146431,0.8949304223060608,0.7958112955093384,-0.1934562772512436,0.020192500203847885,-0.5734555721282959,1
0.3694966435432434,0.10915748029947281,0.8948008418083191,0.7958157062530518,-0.1935444176197052,0.020310046151280403,-0.5734154582023621,0.7386215925216675,-0.002747476100921631,0.019978148862719536,0,0.37579119205474854,0.10857491195201874,0.893659770488739,0.7943989634513855,-0.19685761630535126,0.02575908601284027,-0.5740329027175903,1
0.37027573585510254,0.10913225263357162,0.8945910334587097,0.7957160472869873,-0.19388991594314575,0.020869040861725807,-0.5734170079231262,0.7386215925216675,-0.002747476100921631,0.019978148862719536,0,0.38232699036598206,0.10798409581184387,0.8922967314720154,0.7929477691650391,-0.20025554299354553,0.031318292021751404,-0.5745872855186462,1
0.3715980648994446,0.10905760526657104,0.8942875266075134,0.7954926490783691,-0.1945255547761917,0.021904651075601578,-0.5734730958938599,0.7386215925216675,-0.002747476100921631,0.019978148862719536,0,0.388839989900589,0.10737359523773193,0.8908411860466003,0.791458010673523,-0.20364989340305328,0.03686967492103577,-0.5751186013221741,1
0.3734455406665802,0.10893336683511734,0.8938812017440796,0.7951502203941345,-0.19543948769569397,0.023393539711833,-0.573578417301178,0.7386215925216675,-0.002747476100921631,0.019978148862719536,0,0.3953288197517395,0.10674384236335754,0.8892938494682312,0.7899301052093506,-0.20704075694084167,0.04241344705224037,-0.5756262540817261,1
0.3757830858230591,0.1087617501616478,0.8933691382408142,0.7946959137916565,-0.1966119408607483,0.025301828980445862,-0.5737263560295105,0.7386215925216675,-0.002747476100921631,0.019978148862719536,0,0.40179207921028137,0.10609465092420578,0.8876546621322632,0.7883639335632324,-0.21042756736278534,0.04794896021485329,-0.5761104822158813,1
0.378570020198822,0.10854528844356537,0.8927502632141113,0.7941371202468872,-0.19802099466323853,0.027593504637479782,-0.5739098787307739,0.7386215925216675,-0.002747476100921631,0.019978148862719536,0,0.40822821855545044,0.10542645305395126,0.8859243392944336,0.7867599129676819,-0.21381066739559174,0.05347632244229317,-0.5765708684921265,1
0.3817625641822815,0.10828669369220734,0.8920255899429321,0.793480396270752,-0.19964437186717987,0.030231470242142677,-0.5741228461265564,0.7386215925216675,-0.002747476100921631,0.019978148862719536,0,0.4146363139152527,0.10473921149969101,0.8841031193733215,0.7851181626319885,-0.2171897143125534,0.05899496749043465,-0.5770073533058167,1
0.385318785905838,0.10798808187246323,0.8911962509155273,0.7927316427230835,-0.20146073400974274,0.033181410282850266,-0.5743597745895386,0.7386215925216675,-0.002747476100921631,0.019978148862719536,0,0.42101484537124634,0.10403291881084442,0.8821911215782166,0.7834386825561523,-0.2205648273229599,0.06450449675321579,-0.5774201154708862,1
0.38919857144355774,0.1076514795422554,0.8902630805969238,0.7918957471847534,-0.20344947278499603,0.036410555243492126,-0.5746159553527832,0.7386215925216675,-0.002747476100921631,0.019978148862719536,0,0.42736226320266724,0.1033080443739891,0.8801892399787903,0.7817219495773315,-0.22393541038036346,0.07000470161437988,-0.5778087377548218,1
0.39336496591567993,0.10727861523628235,0.8892272114753723,0.7909775972366333,-0.20559252798557281,0.03988898545503616,-0.5748867988586426,0.7386215925216675,-0.002747476100921631,0.019978148862719536,0,0.4336777627468109,0.10256442427635193,0.8780974745750427,0.7799679636955261,-0.22730164229869843,0.07549547404050827,-0.5781731605529785,1
0.3977840542793274,0.10687108337879181,0.8880892992019653,0.7899810671806335,-0.2078728973865509,0.0435897633433342,-0.5751683712005615,0.7386215925216675,-0.002747476100921631,0.019978148862719536,0,0.43995970487594604,0.10180255025625229,0.8759166598320007,0.7781770825386047,-0.2306637316942215,0.08097676187753677,-0.5785130858421326,1
0.40242528915405273,0.10643023252487183,0.8868498802185059,0.7889096736907959,-0.21027520298957825,0.04748823121190071,-0.5754569172859192,0.7386215925216675,-0.002747476100921631,0.019978148862719536,0,0.4462067484855652,0.10102241486310959,0.8736467957496643,0.7763493657112122,-0.23402120172977448,0.08644790947437286,-0.5788285136222839,1
0.4072606563568115,0.10595742613077164,0.8855096101760864,0.7877667546272278,-0.2127860188484192,0.051562417298555374,-0.5757489204406738,0.7386215925216675,-0.002747476100921631,0.019978148862719536,0,0.4524179697036743,0.10022405534982681,0.8712885975837708,0.7744849920272827,-0.23737385869026184,0.09190862625837326,-0.5791194438934326,1
0.4122651517391205,0.10545366257429123,0.8840688467025757,0.7865551710128784,-0.21539302170276642,0.055792517960071564,-0.5760415196418762,0.7386215925216675,-0.002747476100921631,0.019978148862719536,0,0.4585922062397003,0.09940794855356216,0.8688424229621887,0.7725844979286194,-0.24072206020355225,0.09735901653766632,-0.5793852806091309,1
0.41741663217544556,0.1049199104309082,0.8825278282165527,0.7852774858474731,-0.2180854082107544,0.060160741209983826,-0.5763319730758667,0.7386215925216675,-0.002747476100921631,0.019978148862719536,0,0.4647272825241089,0.09857399761676788,0.8663092255592346,0.7706475257873535,-0.24406501650810242,0.102798230946064,-0.5796266794204712,1
0.4226948022842407,0.10435719043016434,0.8808868527412415,0.7839361429214478,-0.22085341811180115,0.06465166807174683,-0.5766175985336304,0.7386215925216675,-0.002747476100921631,0.019978148862719536,0,0.47082263231277466,0.09772274643182755,0.863689124584198,0.7686747908592224,-0.2474030703306198,0.10822638869285583,-0.5798428058624268,1
0.42808082699775696,0.10376628488302231,0.8791464567184448,0.7825332880020142,-0.223688006401062,0.06925027072429657,-0.5768964290618896,0.7386215925216675,-0.002747476100921631,0.019978148862719536,0,0.4768769443035126,0.09685418754816055,0.8609825372695923,0.7666662335395813,-0.2507361173629761,0.11364337056875229,-0.5800338983535767,1
0.43355855345726013,0.10314827412366867,0.8773070573806763,0.7810711860656738,-0.2265816032886505,0.07394404709339142,-0.5771661400794983,0.7386215925216675,-0.002747476100921631,0.019978148862719536,0,0.4828892648220062,0.09596838802099228,0.8581902384757996,0.7646220922470093,-0.25406408309936523,0.11904885619878769,-0.5801998376846313,1
0.4391133487224579,0.10250367969274521,0.8753690123558044,0.7795515060424805,-0.22952690720558167,0.07872164994478226,-0.577424943447113,0.7386215925216675,-0.002747476100921631,0.019978148862719536,0,0.4888578951358795,0.09506592154502869,0.8553126454353333,0.7625427842140198,-0.2573867738246918,0.12444216012954712,-0.5803402066230774,1
0.4447321593761444,0.10183317214250565,0.8733326196670532,0.7779759764671326,-0.232518270611763,0.0835728719830513,-0.5776713490486145,0.7386215925216675,-0.002747476100921631,0.019978148862719536,0,0.49478164315223694,0.09414666891098022,0.8523507118225098,0.7604280710220337,-0.26070383191108704,0.1298234462738037,-0.5804553627967834,1
0.4504023492336273,0.1011376827955246,0.8711987733840942,0.7763464450836182,-0.23554961383342743,0.08848847448825836,-0.5779033303260803,0.7386215925216675,-0.002747476100921631,0.019978148862719536,0,0.500659167766571,0.09321121126413345,0.8493048548698425,0.7582786083221436,-0.26401540637016296,0.13519221544265747,-0.5805448293685913,1
0.45611318945884705,0.10041766613721848,0.8689680099487305,0.7746641635894775,-0.238615944981575,0.09345991909503937,-0.5781202912330627,0.7386215925216675,-0.002747476100921631,0.019978148862719536,0,0.5064895749092102,0.09225964546203613,0.8461756706237793,0.7560945153236389,-0.2673214375972748,0.14054825901985168,-0.5806087255477905,1
0.4618552327156067,0.09967387467622757,0.8666406869888306,0.7729306221008301,-0.24171310663223267,0.09848009794950485,-0.5783204436302185,0.7386215925216675,-0.002747476100921631,0.019978148862719536,0,0.5122717022895813,0.09129199385643005,0.842963695526123,0.7538758516311646,-0.2706216871738434,0.14589153230190277,-0.580646812915802,1
0.46761947870254517,0.09890696406364441,0.8642176389694214,0.7711473703384399,-0.24483712017536163,0.10354243218898773,-0.5785027742385864,0.7386215925216675,-0.002747476100921631,0.019978148862719536,0,0.5180047154426575,0.09030888229608536,0.839669406414032,0.7516229748725891,-0.273916631937027,0.15122182667255402,-0.5806587338447571,1
0.473397433757782,0.09811732918024063,0.8616997599601746,0.7693153619766235,-0.24798378348350525,0.10864049941301346,-0.5786665678024292,0.7386215925216675,-0.002747476100921631,0.019978148862719536,0,0.5236863493919373,0.08931025117635727,0.8362941741943359,0.7493360638618469,-0.2772049307823181,0.15653826296329498,-0.580644965171814,1
0.4791826009750366,0.09730589389801025,0.8590874671936035,0.7674359083175659,-0.2511509358882904,0.11376983672380447,-0.5788105726242065,0.7386215925216675,-0.002747476100921631,0.019978148862719536,0,0.5293160080909729,0.08829670399427414,0.832838237285614,0.7470154166221619,-0.28048741817474365,0.1618410050868988,-0.5806049704551697,1
0.484967440366745,0.09647276997566223,0.8563820123672485,0.7655099630355835,-0.2543348968029022,0.11892471462488174,-0.5789343118667603,0.7386215925216675,-0.002747476100921631,0.019978148862719536,0,0.5348927974700928,0.08726835250854492,0.829302191734314,0.7446611523628235,-0.2837638258934021,0.16712996363639832,-0.580538809299469,1
0.49074628949165344,0.09561870992183685,0.8535840511322021,0.7635388374328613,-0.25753337144851685,0.12410134077072144,-0.5790369510650635,0.7386215925216675,-0.002747476100921631,0.019978148862719536,0,0.5404152274131775,0.08622526377439499,0.8256871700286865,0.7422736287117004,-0.28703388571739197,0.17240461707115173,-0.5804463028907776,1
0.4965137839317322,0.0947442427277565,0.8506942391395569,0.7615233063697815,-0.2607440650463104,0.12929563224315643,-0.5791177749633789,0.7386215925216675,-0.002747476100921631,0.019978148862719536,0,0.5458826422691345,0.08516815304756165,0.821993350982666,0.739853024482727,-0.2902979254722595,0.1776648312807083,-0.5803273320198059,1
0.5022647380828857,0.09384997934103012,0.8477137088775635,0.7594643235206604,-0.26396507024765015,0.13450396060943604,-0.5791762471199036,0.7386215925216675,-0.002747476100921631,0.019978148862719536,0,0.5512930750846863,0.08409709483385086,0.8182220458984375,0.7373995780944824,-0.2935551702976227,0.18291006982326508,-0.580181896686554,1
0.5079942941665649,0.09293622523546219,0.8446433544158936,0.7573627829551697,-0.2671942412853241,0.13972364366054535,-0.5792117118835449,0.7386215925216675,-0.002747476100921631,0.019978148862719536,0,0.5566462874412537,0.0830121785402298,0.8143735527992249,0.7349134087562561,-0.2968060076236725,0.18814079463481903,-0.5800098776817322,1
0.5136982798576355,0.09200345724821091,0.8414843082427979,0.7552193999290466,-0.27042993903160095,0.1449507623910904,-0.5792241096496582,0.7386215925216675,-0.002747476100921631,0.019978148862719536,0,0.5619405508041382,0.08191414922475815,0.8104490041732788,0.7323951125144958,-0.3000500500202179,0.19335602223873138,-0.5798109769821167,1
0.5193732976913452,0.09105218201875687,0.8382369875907898,0.7530348896980286,-0.2736709415912628,0.15018409490585327,-0.5792126059532166,0.7386215925216675,-0.002747476100921631,0.019978148862719536,0,0.5671751499176025,0.08080321550369263,0.8064491152763367,0.7298446297645569,-0.30328741669654846,0.19855575263500214,-0.5795851945877075,1
0.5250154137611389,0.09008298814296722,0.8349027633666992,0.7508103251457214,-0.27691587805747986,0.1554206758737564,-0.5791769027709961,0.7386215925216675,-0.002747476100921631,0.019978148862719536,0,0.5723490118980408,0.079679474234581,0.8023743033409119,0.7272622585296631,-0.30651816725730896,0.20373982191085815,-0.5793325304985046,1
0.5306211709976196,0.08909642696380615,0.8314822912216187,0.7485461831092834,-0.28016313910484314,0.16065828502178192,-0.5791165232658386,0.7386215925216675,-0.002747476100921631,0.019978148862719536,0,0.5774606466293335,0.07854342460632324,0.7982262372970581,0.7246482372283936,-0.3097415864467621,0.2089076042175293,-0.5790531039237976,1
0.5361873507499695,0.08809272199869156,0.8279770016670227,0.7462432980537415,-0.2834120988845825,0.16589488089084625,-0.5790313482284546,0.7386215925216675,-0.002747476100921631,0.019978148862719536,0,0.582509458065033,0.07739512622356415,0.7940051555633545,0.7220028042793274,-0.31295812129974365,0.21405960619449615,-0.5787465572357178,1
0.5417118668556213,0.08707226067781448,0.8243873715400696,0.7439020276069641,-0.2866615056991577,0.17112943530082703,-0.5789210200309753,0.7386215925216675,-0.002747476100921631,0.019978148862719536,0,0.5874945521354675,0.07623536139726639,0.7897117733955383,0.7193262577056885,-0.31616780161857605,0.21919500827789307,-0.5784125924110413,1
0.5471909046173096,0.08603574335575104,0.8207151889801025,0.7415233254432678,-0.28991037607192993,0.17635945975780487,-0.5787853002548218,0.7386215925216675,-0.002747476100921631,0.019978148862719536,0,0.5924142003059387,0.0750640407204628,0.7853474617004395,0.7166188955307007,-0.31936976313591003,0.22431381046772003,-0.5780514478683472,1
0.5526230931282043,0.08498334884643555,0.8169605731964111,0.7391073703765869,-0.2931582033634186,0.1815839558839798,-0.5786239504814148,0.7386215925216675,-0.002747476100921631,0.019978148862719536,0,0.5972684025764465,0.07388194650411606,0.7809125185012817,0.7138808369636536,-0.3225647211074829,0.22941580414772034,-0.577663004398346,1
0.5580055713653564,0.0839156061410904,0.8131248354911804,0.7366549968719482,-0.296404093503952,0.18680204451084137,-0.5784366130828857,0.7386215925216675,-0.002747476100921631,0.019978148862719536,0,0.6020551919937134,0.0726892352104187,0.7764084339141846,0.7111124396324158,-0.32575222849845886,0.23450030386447906,-0.5772469639778137,1
0.5633360147476196,0.08283299952745438,0.8092092871665955,0.7341667413711548,-0.29964742064476013,0.1920117735862732,-0.5782231688499451,0.7386215925216675,-0.002747476100921631,0.019978148862719536,0,0.6067739725112915,0.07148600369691849,0.77183598279953,0.7083138227462769,-0.3289320170879364,0.23956750333309174,-0.5768038034439087,1
0.5686128735542297,0.0817359909415245,0.8052145838737488,0.7316429615020752,-0.30288761854171753,0.1972126066684723,-0.5779832601547241,0.7386215925216675,-0.002747476100921631,0.019978148862719536,0,0.6114237904548645,0.07027310878038406,0.7671960592269897,0.7054854035377502,-0.3321042060852051,0.2446170300245285,-0.5763327479362488,1
0.573833703994751,0.08062522858381271,0.8011419177055359,0.7290844321250916,-0.30612415075302124,0.2024029642343521,-0.5777169466018677,0.7386215925216675,-0.002747476100921631,0.019978148862719536,0,0.6160038709640503,0.06905042380094528,0.7624892592430115,0.7026273608207703,-0.33526888489723206,0.24964889883995056,-0.5758342146873474,1
0.578997015953064,0.07950042188167572,0.7969924211502075,0.7264911532402039,-0.3093562722206116,0.20758257806301117,-0.5774241089820862,0.7386215925216675,-0.002747476100921631,0.019978148862719536,0,0.6205133199691772,0.0678187906742096,0.7577165365219116,0.6997400522232056,-0.3384256660938263,0.25466275215148926,-0.5753074288368225,1
0.5841008424758911,0.0783625990152359,0.7927671074867249,0.7238642573356628,-0.31258365511894226,0.21275003254413605,-0.5771042704582214,0.7386215925216675,-0.002747476100921631,0.019978148862719536,0,0.6249504089355469,0.06657841056585312,0.7528799176216125,0.6968237161636353,-0.34157463908195496,0.25965771079063416,-0.5747532248497009,1
0.5891437530517578,0.0772119015455246,0.7884669899940491,0.7212035655975342,-0.31580600142478943,0.21790477633476257,-0.5767576098442078,0.7386215925216675,-0.002747476100921631,0.019978148862719536,0,0.6293150186538696,0.06532938778400421,0.7479793429374695,0.6938785910606384,-0.34471526741981506,0.26463428139686584,-0.5741711258888245,1
0.594124436378479,0.07604862749576569,0.7840927839279175,0.7185094952583313,-0.3190231919288635,0.22304663062095642,-0.5763838887214661,0.7386215925216675,-0.002747476100921631,0.019978148862719536,0,0.6336061954498291,0.06407254189252853,0.7430158257484436,0.6909047961235046,-0.3478480875492096,0.26959228515625,-0.5735609531402588,1
0.5990405678749084,0.07487385720014572,0.7796462178230286,0.7157832980155945,-0.32223430275917053,0.22817350924015045,-0.5759827494621277,0.7386215925216675,-0.002747476100921631,0.019978148862719536,0,0.6378228068351746,0.06280787289142609,0.7379907965660095,0.6879026889801025,-0.35097256302833557,0.2745310664176941,-0.5729230046272278,1
0.6038916110992432,0.07368720322847366,0.775127649307251,0.713024377822876,-0.3254392147064209,0.23328642547130585,-0.5755544900894165,0.7386215925216675,-0.002747476100921631,0.019978148862719536,0,0.6419641971588135,0.06153620406985283,0.732904851436615,0.6848726868629456,-0.3540889024734497,0.2794506847858429,-0.5722566246986389,1
0.6086758971214294,0.07248972356319427,0.7705386281013489,0.710233747959137,-0.3286377489566803,0.23838365077972412,-0.5750985145568848,0.7386215925216675,-0.002747476100921631,0.019978148862719536,0,0.6460296511650085,0.0602576769888401,0.7277591824531555,0.6818150877952576,-0.3571968972682953,0.28435075283050537,-0.5715619921684265,1
0.6133918166160583,0.07128135114908218,0.7658801674842834,0.7074115872383118,-0.3318294286727905,0.24346520006656647,-0.5746152997016907,0.7386215925216675,-0.002747476100921631,0.019978148862719536,0,0.6500179767608643,0.05897251516580582,0.7225551605224609,0.6787298917770386,-0.36029621958732605,0.2892311215400696,-0.5708394050598145,1
0.6180385947227478,0.07006265223026276,0.7611531615257263,0.7045580744743347,-0.33501431345939636,0.24853047728538513,-0.574104368686676,0.7386215925216675,-0.002747476100921631,0.019978148862719536,0,0.653928279876709,0.057681597769260406,0.7172936797142029,0.6756175756454468,-0.3633870780467987,0.29409143328666687,-0.5700883865356445,1
0.6226145029067993,0.06883426755666733,0.7563591003417969,0.7016739845275879,-0.33819180727005005,0.25357866287231445,-0.5735657811164856,0.7386215925216675,-0.002747476100921631,0.019978148862719536,0,0.6577601432800293,0.05638480931520462,0.7119755744934082,0.6724783182144165,-0.36646920442581177,0.2989317774772644,-0.5693091154098511,1
0.6271191835403442,0.06759629398584366,0.7514985203742981,0.6987594366073608,-0.3413619101047516,0.2586098909378052,-0.572999119758606,0.7386215925216675,-0.002747476100921631,0.019978148862719536,0,0.6615126729011536,0.05508307367563248,0.7066020369529724,0.6693124771118164,-0.3695427179336548,0.30375179648399353,-0.568501353263855,1
0.6315507292747498,0.06634940207004547,0.7465730309486389,0.6958150267601013,-0.3445243835449219,0.2636229991912842,-0.5724048018455505,0.7386215925216675,-0.002747476100921631,0.019978148862719536,0,0.6651853919029236,0.053776539862155914,0.7011739015579224,0.6661203503608704,-0.3726074695587158,0.3085511326789856,-0.5676649212837219,1
0.6359084248542786,0.0650939866900444,0.7415833473205566,0.6928409337997437,-0.34767889976501465,0.2686181664466858,-0.5717822313308716,0.7386215925216675,-0.002747476100921631,0.019978148862719536,0,0.6687768697738647,0.05246546119451523,0.695692777633667,0.6629021167755127,-0.3756631016731262,0.3133295774459839,-0.5668002963066101,1
0.640191376209259,0.06383015215396881,0.7365309000015259,0.6898372173309326,-0.3508254289627075,0.27359500527381897,-0.5711320042610168,0.7386215925216675,-0.002747476100921631,0.019978148862719536,0,0.6722867488861084,0.05115069821476936,0.6901596188545227,0.6596581935882568,-0.37870970368385315,0.31808722019195557,-0.5659067630767822,1
0.6443981528282166,0.06255883723497391,0.7314165830612183,0.6868047118186951,-0.353963702917099,0.27855274081230164,-0.5704534649848938,0.7386215925216675,-0.002747476100921631,0.019978148862719536,0,0.6757143139839172,0.049832455813884735,0.6845754384994507,0.6563888192176819,-0.38174718618392944,0.3228233754634857,-0.5649848580360413,1
0.6485282182693481,0.06128019094467163,0.7262416481971741,0.6837437748908997,-0.3570936322212219,0.2834911644458771,-0.5697466731071472,0.7386215925216675,-0.002747476100921631,0.019978148862719536,0,0.679058849811554,0.04851085692644119,0.6789412498474121,0.6530938744544983,-0.3847755491733551,0.3275383710861206,-0.5640342831611633,1
0.6525803208351135,0.059994593262672424,0.7210072875022888,0.6806542873382568,-0.3602150082588196,0.28841012716293335,-0.5690118074417114,0.7386215925216675,-0.002747476100921631,0.019978148862719536,0,0.6823200583457947,0.04718688875436783,0.6732580661773682,0.6497742533683777,-0.3877948224544525,0.3322315514087677,-0.5630547404289246,1
0.6565535068511963,0.05870254710316658,0.715714693069458,0.6775371432304382,-0.36332738399505615,0.2933087646961212,-0.5682486891746521,0.7386215925216675,-0.002747476100921631,0.019978148862719536,0,0.6854966878890991,0.04586049169301987,0.667527437210083,0.6464299559593201,-0.3908044397830963,0.336902916431427,-0.5620467066764832,1
0.6604470610618591,0.05740460753440857,0.7103650569915771,0.6743921637535095,-0.3664310574531555,0.2981874942779541,-0.5674571990966797,0.7386215925216675,-0.002747476100921631,0.019978148862719536,0,0.6885882019996643,0.044532593339681625,0.6617504358291626,0.6430612802505493,-0.3938048481941223,0.3415522277355194,-0.5610097646713257,1
0.6642601490020752,0.05610101297497749,0.7049591541290283,0.6712199449539185,-0.3695257008075714,0.3030456304550171,-0.5666372776031494,0.7386215925216675,-0.002747476100921631,0.019978148862719536,0,0.691594123840332,0.043203383684158325,0.6559283137321472,0.6396687030792236,-0.39679545164108276,0.3461792767047882,-0.5599438548088074,1
0.6679924130439758,0.0547923669219017,0.6994979381561279,0.6680207252502441,-0.3726114332675934,0.30788329243659973,-0.5657886266708374,0.7386215925216675,-0.002747476100921631,0.019978148862719536,0,0.6945139765739441,0.041873060166835785,0.650061845779419,0.6362521052360535,-0.3997766077518463,0.3507840931415558,-0.5588490962982178,1
0.6716417670249939,0.053479231894016266,0.6939837336540222,0.6647952198982239,-0.3756876587867737,0.3126993179321289,-0.5649116635322571,0.7386215925216675,-0.002747476100921631,0.019978148862719536,0,0.6973470449447632,0.04054266959428787,0.6441523432731628,0.6328122019767761,-0.4027480483055115,0.3553658723831177,-0.5577254891395569,1
0.6752087473869324,0.052161410450935364,0.6884167194366455,0.6615431308746338,-0.37875452637672424,0.31749427318573,-0.5640061497688293,0.7386215925216675,-0.002747476100921631,0.019978148862719536,0,0.7000924944877625,0.039211954921483994,0.6382014751434326,0.6293489933013916,-0.405709832906723,0.35992491245269775,-0.5565729141235352,1
0.6786917448043823,0.05084017664194107,0.6827989220619202,0.6582653522491455,-0.3818117380142212,0.3222671449184418,-0.5630722045898438,0.7386215925216675,-0.002747476100921631,0.019978148862719536,0,0.7027501463890076,0.037882000207901,0.6322097778320312,0.6258630752563477,-0.40866145491600037,0.3644607961177826,-0.5553913116455078,1
0.682090163230896,0.049515437334775925,0.6771308779716492,0.6549616456031799,-0.38485950231552124,0.3270183801651001,-0.5621097087860107,0.7386215925216675,-0.002747476100921631,0.019978148862719536,0,0.7053191661834717,0.03655301406979561,0.6261791586875916,0.6223545670509338,-0.4116031527519226,0.36897340416908264,-0.5541806221008301,1
0.6854040622711182,0.04818781465291977,0.6714134216308594,0.6516327261924744,-0.3878975510597229,0.3317476212978363,-0.5611183047294617,0.7386215925216675,-0.002747476100921631,0.019978148862719536,0,0.7077993750572205,0.03522511571645737,0.620110034942627,0.6188236474990845,-0.4145347476005554,0.37346288561820984,-0.552940845489502,1
0.6886318922042847,0.04685758426785469,0.6656486988067627,0.6482786536216736,-0.3909255862236023,0.33645445108413696,-0.56009840965271,0.7386215925216675,-0.002747476100921631,0.019978148862719536,0,0.7101901769638062,0.03389934077858925,0.6140036582946777,0.615270733833313,-0.4174565374851227,0.377928763628006,-0.5516717433929443,1
0.6917732954025269,0.045525409281253815,0.6598374843597412,0.6449000835418701,-0.3939436972141266,0.3411385118961334,-0.5590498447418213,0.7386215925216675,-0.002747476100921631,0.019978148862719536,0,0.7124908566474915,0.03257562965154648,0.6078624129295349,0.6116963028907776,-0.42036786675453186,0.38237014412879944,-0.5503739714622498,1
0.6948273777961731,0.04419178515672684,0.6539814472198486,0.6414971351623535,-0.3969516456127167,0.34579938650131226,-0.5579726099967957,0.7386215925216675,-0.002747476100921631,0.019978148862719536,0,0.7147011756896973,0.03125494346022606,0.6016863584518433,0.6081005334854126,-0.4232688248157501,0.3867878019809723,-0.5490468740463257,1
0.6977941989898682,0.0428570918738842,0.6480807065963745,0.6380700469017029,-0.3999498784542084,0.35043755173683167,-0.5568662881851196,0.7386215925216675,-0.002747476100921631,0.019978148862719536,0,0.7168205976486206,0.029937461018562317,0.5954771041870117,0.6044834852218628,-0.426159530878067,0.3911813497543335,-0.5476903915405273,1
0.7006722688674927,0.04152185469865799,0.6421380043029785,0.6346194744110107,-0.4029373526573181,0.3550521433353424,-0.5557314157485962,0.7386215925216675,-0.002747476100921631,0.019978148862719536,0,0.718848705291748,0.028623418882489204,0.5892361402511597,0.6008456349372864,-0.42903968691825867,0.3955504894256592,-0.5463050007820129,1
0.7034618258476257,0.04018630459904671,0.6361534595489502,0.6311455368995667,-0.4059145748615265,0.35964322090148926,-0.5545677542686462,0.7386215925216675,-0.002747476100921631,0.019978148862719536,0,0.7207854986190796,0.027313752099871635,0.5829640030860901,0.597187340259552,-0.4319095015525818,0.3998951017856598,-0.5448901057243347,1
0.7061617374420166,0.03885100036859512,0.6301287412643433,0.6276481747627258,-0.4088815152645111,0.36421072483062744,-0.5533750653266907,0.7386215925216675,-0.002747476100921631,0.019978148862719536,0,0.7227045893669128,0.02595418691635132,0.5763997435569763,0.5933554172515869,-0.4348872900009155,0.4043942093849182,-0.5433853268623352,1
0.7087748646736145,0.03751378506422043,0.6240520477294922,0.624118983745575,-0.4118443727493286,0.3687644302845001,-0.5521523952484131,0.7386215925216675,-0.002747476100921631,0.019978148862719536,0,0.7245234251022339,0.02460043504834175,0.5698049068450928,0.5895017981529236,-0.4378536343574524,0.40886610746383667,-0.5418490171432495,1
0.7113031148910522,0.036173515021800995,0.6179193258285522,0.6205554604530334,-0.4148057997226715,0.373308002948761,-0.5508975386619568,0.7386215925216675,-0.002747476100921631,0.019978148862719536,0,0.7262414693832397,0.023252427577972412,0.5631815791130066,0.5856271386146545,-0.4408079981803894,0.41331052780151367,-0.5402809381484985,1
0.7137472033500671,0.0348307229578495,0.6117293834686279,0.6169577240943909,-0.4177662134170532,0.3778415322303772,-0.5496091842651367,0.7386215925216675,-0.002747476100921631,0.019978148862719536,0,0.72785884141922,0.021911220625042915,0.5565298795700073,0.5817314982414246,-0.44375094771385193,0.41772782802581787,-0.5386806726455688,1
0.7161058187484741,0.03348563611507416,0.6054838299751282,0.6133264303207397,-0.4207249581813812,0.38236427307128906,-0.548287034034729,0.7386215925216675,-0.002747476100921631,0.019978148862719536,0,0.7293747067451477,0.020576797425746918,0.5498520135879517,0.577815055847168,-0.44668200612068176,0.422117680311203,-0.5370488166809082,1
0.7183775901794434,0.032139282673597336,0.5991848111152649,0.6096627712249756,-0.4236811697483063,0.3868749439716339,-0.5469308495521545,0.7386215925216675,-0.002747476100921631,0.019978148862719536,0,0.7307885885238647,0.019250262528657913,0.5431499481201172,0.5738789439201355,-0.4496009051799774,0.4264790713787079,-0.5353853702545166,1
0.7205609679222107,0.030792195349931717,0.5928341746330261,0.605967104434967,-0.42663419246673584,0.39137232303619385,-0.5455406904220581,0.7386215925216675,-0.002747476100921631,0.019978148862719536,0,0.7321006655693054,0.017931539565324783,0.5364245772361755,0.5699228644371033,-0.4525075852870941,0.4308127164840698,-0.5336900949478149,1
0.722654402256012,0.029445450752973557,0.5864344239234924,0.6022411584854126,-0.42958322167396545,0.3958549201488495,-0.5441163182258606,0.7386215925216675,-0.002747476100921631,0.019978148862719536,0,0.733310341835022,0.016621744260191917,0.529677152633667,0.5659473538398743,-0.45540258288383484,0.43511807918548584,-0.5319626927375793,1
0.7246556282043457,0.02809998393058777,0.5799894332885742,0.5984857678413391,-0.4325272738933563,0.40032094717025757,-0.5426583290100098,0.7386215925216675,-0.002747476100921631,0.019978148862719536,0,0.7344174981117249,0.015320776030421257,0.5229097604751587,0.5619527697563171,-0.4582848846912384,0.4393949508666992,-0.5302038192749023,1
0.7265637516975403,0.02675657346844673,0.5735009908676147,0.5947019457817078,-0.43546542525291443,0.40476876497268677,-0.5411669611930847,0.7386215925216675,-0.002747476100921631,0.019978148862719536,0,0.7354217767715454,0.014029777608811855,0.5161232352256775,0.5579394698143005,-0.4611551761627197,0.44364312291145325,-0.528412938117981,1
0.7283769845962524,0.025415807962417603,0.5669718980789185,0.5908905863761902,-0.43839696049690247,0.40919795632362366,-0.5396419167518616,0.7386215925216675,-0.002747476100921631,0.019978148862719536,0,0.7363232970237732,0.012748640961945057,0.5093197226524353,0.5539077520370483,-0.4640127420425415,0.4478623867034912,-0.5265905857086182,1
0.730094313621521,0.02407853864133358,0.5604048371315002,0.5870527625083923,-0.44132107496261597,0.4136068820953369,-0.5380837321281433,0.7386215925216675,-0.002747476100921631,0.019978148862719536,0,0.7371214628219604,0.011478210799396038,0.5025004148483276,0.5498579144477844,-0.46685802936553955,0.45205265283584595,-0.5247363448143005,1
0.7317144274711609,0.022745616734027863,0.5538021326065063,0.5831892490386963,-0.44423723220825195,0.41799429059028625,-0.5364925265312195,0.7386215925216675,-0.002747476100921631,0.019978148862719536,0,0.7378163933753967,0.010219249874353409,0.4956665635108948,0.5457906723022461,-0.46969056129455566,0.4562138617038727,-0.5228500962257385,1
0.7332362532615662,0.02141786552965641,0.5471664071083069,0.5793012380599976,-0.4471447169780731,0.422359436750412,-0.5348684191703796,0.7386215925216675,-0.002747476100921631,0.019978148862719536,0,0.7384078502655029,0.008971704170107841,0.48881974816322327,0.5417057871818542,-0.4725106656551361,0.46034562587738037,-0.5209321975708008,1
0.7346588373184204,0.02009589597582817,0.5404999852180481,0.5753889679908752,-0.45004329085350037,0.42670145630836487,-0.533211350440979,0.7386215925216675,-0.002747476100921631,0.019978148862719536,0,0.7388956546783447,0.007736673578619957,0.48196202516555786,0.5376042723655701,-0.4753177762031555,0.46444764733314514,-0.5189826488494873,1
0.7359815835952759,0.01878051832318306,0.533805251121521,0.5714538097381592,-0.45293211936950684,0.4310190677642822,-0.5315220355987549,0.7386215925216675,-0.002747476100921631,0.019978148862719536,0,0.7392799258232117,0.006514064967632294,0.47509410977363586,0.533486008644104,-0.47811225056648254,0.4685201942920685,-0.517001211643219,1
0.73720383644104,0.017472226172685623,0.5270833969116211,0.5674962401390076,-0.4558107852935791,0.4353121221065521,-0.5297998189926147,0.7386215925216675,-0.002747476100921631,0.019978148862719536,0,0.7395603656768799,0.005304988473653793,0.4682178795337677,0.5293515920639038,-0.480893611907959,0.4725627899169922,-0.5149880051612854,1
0.7383245825767517,0.016171883791685104,0.5203376412391663,0.5635167360305786,-0.45867931842803955,0.4395795166492462,-0.5280454754829407,0.7386215925216675,-0.002747476100921631,0.019978148862719536,0,0.7397371530532837,0.0041093239560723305,0.4613349437713623,0.5252013206481934,-0.483661949634552,0.47657519578933716,-0.5129430890083313,1
0.7393434643745422,0.014880066737532616,0.5135698914527893,0.5595162510871887,-0.4615366756916046,0.4438208341598511,-0.5262588858604431,0.7386215925216675,-0.002747476100921631,0.019978148862719536,0,0.7398101687431335,0.0029281657189130783,0.4544464945793152,0.5210354328155518,-0.4864172637462616,0.4805573523044586,-0.5108667016029358,1
0.740260124206543,0.013597293756902218,0.5067815780639648,0.5554951429367065,-0.4643830955028534,0.4480355978012085,-0.5244401097297668,0.7386215925216675,-0.002747476100921631,0.019978148862719536,0,0.7397791743278503,0.001761486753821373,0.447554349899292,0.5168546438217163,-0.48915937542915344,0.48450905084609985,-0.5087586045265198,1
0.7410740852355957,0.012324352748692036,0.49997478723526,0.5514543056488037,-0.46721819043159485,0.45222312211990356,-0.5225892663002014,0.7386215925216675,-0.002747476100921631,0.019978148862719536,0,0.7396447658538818,0.0006105070933699608,0.4406595230102539,0.512658953666687,-0.49188855290412903,0.4884301722049713,-0.5066185593605042,1
0.7417846918106079,0.011061546392738819,0.4931522011756897,0.5473940372467041,-0.4700413942337036,0.45638275146484375,-0.5207067728042603,0.7386215925216675,-0.002747476100921631,0.019978148862719536,0,0.739406406879425,-0.0005252687260508537,0.43376415967941284,0.5084487199783325,-0.4946039319038391,0.49232056736946106,-0.504447340965271,1
0.7423924207687378,0.009809869341552258,0.48631420731544495,0.543315052986145,-0.4728528559207916,0.46051469445228577,-0.5187919735908508,0.7386215925216675,-0.002747476100921631,0.019978148862719536,0,0.7390645742416382,-0.0016445508226752281,0.4268694519996643,0.5042245984077454,-0.497306227684021,0.49618005752563477,-0.5022442936897278,1
0.7428962588310242,0.008569647558033466,0.47946393489837646,0.5392178893089294,-0.47565194964408875,0.46461784839630127,-0.5168456435203552,0.7386215925216675,-0.002747476100921631,0.019978148862719536,0,0.7386192083358765,-0.00274741742759943,0.41997668147087097,0.4999866187572479,-0.49999478459358215,0.5000087022781372,-0.5000097155570984,1
0.7432963848114014,0.007341655902564526,0.472602903842926,0.535103440284729,-0.47843846678733826,0.46869179606437683,-0.514867901802063,0.7386215925216675,-0.002747476100921631,0.019978148862719536,0,0.7432963848114014,0.007341655902564526,0.472602903842926,0.535103440284729,-0.47843846678733826,0.46869179606437683,-0.514867901802063,1
0.7440494298934937,0.00674400944262743,0.46592241525650024,0.5321353673934937,-0.4812939763069153,0.47278743982315063,-0.5115271210670471,0.7386215925216675,-0.002747476100921631,0.019978148862719536,0,0.7437419891357422,0.007170932367444038,0.4703224301338196,0.5347532033920288,-0.47866031527519226,0.46901825070381165,-0.5147281885147095,1
0.7449263334274292,0.006511194631457329,0.46001511812210083,0.5298247933387756,-0.48368337750434875,0.47616666555404663,-0.5085285902023315,0.7386215925216675,-0.002747476100921631,0.019978148862719536,0,0.7441776394844055,0.007001211866736412,0.46804124116897583,0.5344029068946838,-0.4788821339607239,0.4693443179130554,-0.5145885348320007,1
0.7457559704780579,0.006393171846866608,0.4551575183868408,0.5280566215515137,-0.48553887009620667,0.47874143719673157,-0.5061766505241394,0.7386215925216675,-0.002747476100921631,0.019978148862719536,0,0.7446026802062988,0.006833096966147423,0.46575918793678284,0.5340525507926941,-0.4791038930416107,0.46967002749443054,-0.5144485831260681,1
0.7465054392814636,0.006309844553470612,0.4514350891113281,0.5268149375915527,-0.48683589696884155,0.48052358627319336,-0.5045331716537476,0.7386215925216675,-0.002747476100921631,0.019978148862719536,0,0.7450178861618042,0.006666203029453754,0.46347594261169434,0.53370201587677,-0.47932544350624084,0.46999573707580566,-0.5143083930015564,1
0.747193455696106,0.006233891472220421,0.4488527178764343,0.5260928273200989,-0.4875777065753937,0.48153242468833923,-0.5036078691482544,0.7386215925216675,-0.002747476100921631,0.019978148862719536,0,0.7454229593276978,0.006500616669654846,0.46119216084480286,0.533351719379425,-0.4795468747615814,0.47032102942466736,-0.5141679644584656,1
0.7478335499763489,0.006156299263238907,0.4474121332168579,0.5258867144584656,-0.48777028918266296,0.4817810356616974,-0.5033987760543823,0.7386215925216675,-0.002747476100921631,0.019978148862719536,0,0.7458177208900452,0.006336061283946037,0.45890742540359497,0.5330009460449219,-0.4797683656215668,0.47064632177352905,-0.5140274167060852,1
0.7483267784118652,0.006071183830499649,0.44668975472450256,0.5259894728660583,-0.48761841654777527,0.48156842589378357,-0.5036418437957764,0.7386215925216675,-0.002747476100921631,0.019978148862719536,0,0.7462021708488464,0.0061730993911623955,0.45662227272987366,0.5326502323150635,-0.4799897074699402,0.47097137570381165,-0.5138866901397705,1
0.7486351728439331,0.00599158089607954,0.44626837968826294,0.5261945128440857,-0.48734214901924133,0.4811928868293762,-0.5040540099143982,0.7386215925216675,-0.002747476100921631,0.019978148862719536,0,0.7465766668319702,0.006011397577822208,0.4543359875679016,0.5322993397712708,-0.48021116852760315,0.47129619121551514,-0.5137456059455872,1
0.7488577365875244,0.0059227533638477325,0.44591283798217773,0.5264290571212769,-0.4870297610759735,0.4807630479335785,-0.5045208930969238,0.7386215925216675,-0.002747476100921631,0.019978148862719536,0,0.7469410300254822,0.0058507369831204414,0.4520494043827057,0.5319485068321228,-0.4804321229457855,0.47162070870399475,-0.513604462146759,1
0.7490478157997131,0.005858736112713814,0.44549185037612915,0.5266497731208801,-0.4867278039455414,0.4803439676761627,-0.504980742931366,0.7386215925216675,-0.002747476100921631,0.019978148862719536,0,0.7472949624061584,0.005691681057214737,0.44976216554641724,0.5315974354743958,-0.4806532859802246,0.471945196390152,-0.513463020324707,1
0.7492319941520691,0.00579385831952095,0.4449448585510254,0.5268347263336182,-0.48645853996276855,0.47996780276298523,-0.5054047703742981,0.7386215925216675,-0.002747476100921631,0.019978148862719536,0,0.7476387023925781,0.005533963441848755,0.44747477769851685,0.5312464237213135,-0.48087432980537415,0.47226905822753906,-0.5133215188980103,1
0.7494223117828369,0.005724153481423855,0.44424960017204285,0.5269752144813538,-0.48622989654541016,0.47964805364608765,-0.5057817697525024,0.7386215925216675,-0.002747476100921631,0.019978148862719536,0,0.7479724287986755,0.005377529188990593,0.445186585187912,0.5308952331542969,-0.4810953140258789,0.4725929796695709,-0.5131797194480896,1
0.7496242523193359,0.005647464655339718,0.44340139627456665,0.5270683169364929,-0.4860444664955139,0.47938910126686096,-0.5061083436012268,0.7386215925216675,-0.002747476100921631,0.019978148862719536,0,0.7482959032058716,0.0052221547812223434,0.4428977370262146,0.5305435657501221,-0.4813162386417389,0.47291702032089233,-0.5130376219749451,1
0.7498387098312378,0.005563411861658096,0.4424067735671997,0.527116060256958,-0.48590052127838135,0.4791894853115082,-0.5063860416412354,0.7386215925216675,-0.002747476100921631,0.019978148862719536,0,0.7486092448234558,0.005068381316959858,0.4406088590621948,0.5301923155784607,-0.4815370738506317,0.47324031591415405,-0.5128954648971558,1
0.7500649690628052,0.005472068674862385,0.4412762522697449,0.5271209478378296,-0.4857953190803528,0.4790455400943756,-0.5066178441047668,0.7386215925216675,-0.002747476100921631,0.019978148862719536,0,0.7489123940467834,0.004916000179946423,0.4383193850517273,0.529840886592865,-0.48175787925720215,0.4735637903213501,-0.5127526521682739,1
0.7503014802932739,0.005373925901949406,0.44002121686935425,0.5270870327949524,-0.48572567105293274,0.4789522886276245,-0.5068081617355347,0.7386215925216675,-0.002747476100921631,0.019978148862719536,0,0.7492053508758545,0.0047646015882492065,0.4360295832157135,0.5294889807701111,-0.48197850584983826,0.47388720512390137,-0.5126099586486816,1
0.750546395778656,0.005269761197268963,0.4386531710624695,0.5270175933837891,-0.4856880307197571,0.47890567779541016,-0.5069603323936462,0.7386215925216675,-0.002747476100921631,0.019978148862719536,0,0.749488115310669,0.004614870995283127,0.43373996019363403,0.529137372970581,-0.4821990132331848,0.4742099940776825,-0.512467086315155,1
0.7507972717285156,0.00516024325042963,0.43718421459198,0.5269165635108948,-0.48567935824394226,0.47890034317970276,-0.5070788264274597,0.7386215925216675,-0.002747476100921631,0.019978148862719536,0,0.7497605681419373,0.004466491751372814,0.43144989013671875,0.5287855267524719,-0.4824196994304657,0.47453275322914124,-0.5123237371444702,1
0.7510524392127991,0.005046148784458637,0.43562495708465576,0.5267873406410217,-0.4856962263584137,0.4789315164089203,-0.5071672797203064,0.7386215925216675,-0.002747476100921631,0.019978148862719536,0,0.7500230669975281,0.004319163970649242,0.4291597604751587,0.5284337401390076,-0.48263978958129883,0.4748553931713104,-0.5121806263923645,1
0.7513099312782288,0.004928009584546089,0.4339843988418579,0.5266329050064087,-0.48573601245880127,0.478996217250824,-0.5072286128997803,0.7386215925216675,-0.002747476100921631,0.019978148862719536,0,0.7502753138542175,0.004173482768237591,0.42686954140663147,0.5280817151069641,-0.4828602373600006,0.47517770528793335,-0.5120369791984558,1
0.7515683770179749,0.004806875251233578,0.43227139115333557,0.5264558792114258,-0.4857964813709259,0.47908997535705566,-0.5072658061981201,0.7386215925216675,-0.002747476100921631,0.019978148862719536,0,0.7505173683166504,0.004029169678688049,0.4245795011520386,0.5277295708656311,-0.48308053612709045,0.47549957036972046,-0.5118932127952576,1
0.7518255114555359,0.0046827103942632675,0.4304945766925812,0.5262589454650879,-0.48587486147880554,0.47920969128608704,-0.5072821974754333,0.7386215925216675,-0.002747476100921631,0.019978148862719536,0,0.7507491111755371,0.003886250779032707,0.4222894012928009,0.5273773670196533,-0.48330065608024597,0.47582152485847473,-0.511749267578125,1
0.7520807385444641,0.0045560197904706,0.42866045236587524,0.5260441899299622,-0.4859689772129059,0.47935253381729126,-0.5072796940803528,0.7386215925216675,-0.002747476100921631,0.019978148862719536,0,0.7509708404541016,0.0037443647161126137,0.41999903321266174,0.5270249843597412,-0.48352083563804626,0.4761435091495514,-0.5116048455238342,1
0.7523326277732849,0.004427727311849594,0.42677533626556396,0.5258137583732605,-0.4860777258872986,0.47951552271842957,-0.5072604417800903,0.7386215925216675,-0.002747476100921631,0.019978148862719536,0,0.7511822581291199,0.0036041783168911934,0.4177093803882599,0.5266727209091187,-0.48374077677726746,0.4764646589756012,-0.5114606022834778,1
0.7525801062583923,0.004298015497624874,0.4248446822166443,0.5255692005157471,-0.4861990809440613,0.4796968698501587,-0.5072261691093445,0.7386215925216675,-0.002747476100921631,0.019978148862719536,0,0.7513835430145264,0.003465377725660801,0.415419340133667,0.5263200402259827,-0.48396092653274536,0.4767862856388092,-0.5113157033920288,1
0.7528224587440491,0.0041672661900520325,0.42287394404411316,0.5253124237060547,-0.4863312840461731,0.4798937141895294,-0.5071792006492615,0.7386215925216675,-0.002747476100921631,0.019978148862719536,0,0.7515745759010315,0.0033276742324233055,0.4131302237510681,0.525967538356781,-0.48418059945106506,0.4771072268486023,-0.5111710429191589,1
0.753058671951294,0.0040356554090976715,0.42086732387542725,0.5250444412231445,-0.4864736497402191,0.4801050126552582,-0.5071200728416443,0.7386215925216675,-0.002747476100921631,0.019978148862719536,0,0.7517555952072144,0.0031916173174977303,0.4108407497406006,0.5256147980690002,-0.48440060019493103,0.47742825746536255,-0.5110257863998413,1
0.753288209438324,0.0039037419483065605,0.4188288450241089,0.5247668027877808,-0.48662468791007996,0.4803285300731659,-0.5070508122444153,0.7386215925216675,-0.002747476100921631,0.019978148862719536,0,0.7519264221191406,0.0030569685623049736,0.4085516929626465,0.5252619981765747,-0.48462027311325073,0.4777490198612213,-0.5108804106712341,1
0.753510594367981,0.003771387040615082,0.4167622923851013,0.5244804620742798,-0.486783504486084,0.4805629849433899,-0.50697261095047,0.7386215925216675,-0.002747476100921631,0.019978148862719536,0,0.7520871162414551,0.0029236972332000732,0.4062631130218506,0.5249091982841492,-0.48483988642692566,0.47806936502456665,-0.5107349157333374,1
0.7537252306938171,0.00363895483314991,0.4146701991558075,0.5241861939430237,-0.4869491755962372,0.48080745339393616,-0.5068860650062561,0.7386215925216675,-0.002747476100921631,0.019978148862719536,0,0.7522374391555786,0.0027915816754102707,0.4039754271507263,0.5245562791824341,-0.48505938053131104,0.47838953137397766,-0.5105894207954407,1
0.75393146276474,0.003506788983941078,0.41255617141723633,0.523885190486908,-0.48712095618247986,0.4810604453086853,-0.5067921876907349,0.7386215925216675,-0.002747476100921631,0.019978148862719536,0,0.7523778080940247,0.0026611145585775375,0.40168777108192444,0.5242031216621399,-0.485278844833374,0.4787096381187439,-0.5104434490203857,1
0.7541293501853943,0.003374633379280567,0.410422146320343,0.523577868938446,-0.4872981309890747,0.481320858001709,-0.506692111492157,0.7386215925216675,-0.002747476100921631,0.019978148862719536,0,0.7525080442428589,0.0025320695713162422,0.3994005620479584,0.52385014295578,-0.4854982793331146,0.4790295660495758,-0.5102971792221069,1
0.7543182969093323,0.003243096172809601,0.40827056765556335,0.5232651233673096,-0.48748016357421875,0.4815882444381714,-0.5065860748291016,0.7386215925216675,-0.002747476100921631,0.019978148862719536,0,0.752627968788147,0.0024041766300797462,0.3971143364906311,0.5234968066215515,-0.4857174754142761,0.4793490767478943,-0.5101508498191833,1
0.7544981837272644,0.0031122611835598946,0.4061034321784973,0.5229476094245911,-0.4876663386821747,0.48186129331588745,-0.5064749121665955,0.7386215925216675,-0.002747476100921631,0.019978148862719536,0,0.7527378797531128,0.0022779731079936028,0.3948286473751068,0.5231435894966125,-0.48593661189079285,0.4796684980392456,-0.5100044012069702,1
0.754668653011322,0.0029821181669831276,0.4039229154586792,0.5226259231567383,-0.48785609006881714,0.4821396768093109,-0.5063593983650208,0.7386215925216675,-0.002747476100921631,0.019978148862719536,0,0.7528377175331116,0.002153185196220875,0.3925434350967407,0.5227901935577393,-0.4861558675765991,0.47998762130737305,-0.5098576545715332,1
0.7548296451568604,0.0028524454683065414,0.4017298221588135,0.5223001837730408,-0.48804932832717896,0.48242270946502686,-0.5062397718429565,0.7386215925216675,-0.002747476100921631,0.019978148862719536,0,0.7529274225234985,0.002029797062277794,0.39025914669036865,0.522436797618866,-0.4863749146461487,0.48030662536621094,-0.5097104907035828,1
0.7549809217453003,0.0027238084003329277,0.3995266258716583,0.5219713449478149,-0.4882450997829437,0.4827094078063965,-0.5061167478561401,0.7386215925216675,-0.002747476100921631,0.019978148862719536,0,0.7530068159103394,0.0019075684249401093,0.3879755437374115,0.5220829844474792,-0.4865938127040863,0.48062559962272644,-0.5095633268356323,1
0.7551222443580627,0.002596280537545681,0.39731377363204956,0.5216392874717712,-0.48844367265701294,0.4829998314380646,-0.5059903860092163,0.7386215925216675,-0.002747476100921631,0.019978148862719536,0,0.7530763149261475,0.0017870748415589333,0.3856927752494812,0.5217293500900269,-0.4868128001689911,0.48094409704208374,-0.5094159245491028,1
0.755253791809082,0.002469535917043686,0.3950928747653961,0.5213046073913574,-0.48864445090293884,0.48329317569732666,-0.5058614015579224,0.7386215925216675,-0.002747476100921631,0.019978148862719536,0,0.7531355619430542,0.0016680192202329636,0.383410781621933,0.5213753581047058,-0.4870316684246063,0.48126253485679626,-0.5092681646347046,1
0.7553751468658447,0.002343890257179737,0.3928646445274353,0.5209676027297974,-0.48884710669517517,0.4835892617702484,-0.5057297348976135,0.7386215925216675,-0.002747476100921631,0.019978148862719536,0,0.7531847953796387,0.0015500588342547417,0.38112974166870117,0.52102130651474,-0.48725053668022156,0.481580913066864,-0.5091202259063721,1
0.7554865479469299,0.0022193659096956253,0.3906302750110626,0.5206286311149597,-0.4890512526035309,0.483887642621994,-0.5055960416793823,0.7386215925216675,-0.002747476100921631,0.019978148862719536,0,0.753223717212677,0.0014339052140712738,0.37884998321533203,0.5206674337387085,-0.48746925592422485,0.48189878463745117,-0.5089722275733948,1
0.7555878162384033,0.0020959675312042236,0.3883904218673706,0.5202874541282654,-0.48925721645355225,0.4841881990432739,-0.5054602026939392,0.7386215925216675,-0.002747476100921631,0.019978148862719536,0,0.7532527446746826,0.0013191364705562592,0.37657085061073303,0.5203132629394531,-0.4876878261566162,0.48221683502197266,-0.5088236927986145,1
0.7556788921356201,0.001974038779735565,0.386145681142807,0.5199448466300964,-0.48946452140808105,0.4844904839992523,-0.5053224563598633,0.7386215925216675,-0.002747476100921631,0.019978148862719536,0,0.7532716393470764,0.0012055793777108192,0.37429335713386536,0.5199592709541321,-0.4879060983657837,0.4825340211391449,-0.5086755752563477,1
0.7557597160339355,0.0018529584631323814,0.38389694690704346,0.5196003913879395,-0.4896729290485382,0.4847944676876068,-0.505183219909668,0.7386215925216675,-0.002747476100921631,0.019978148862719536,0,0.753280520439148,0.0010937107726931572,0.37201642990112305,0.5196048617362976,-0.488124817609787,0.48285147547721863,-0.5085265636444092,1
0.7558302283287048,0.0017333244904875755,0.381645143032074,0.5192549824714661,-0.4898821711540222,0.48509952425956726,-0.505042552947998,0.7386215925216675,-0.002747476100921631,0.019978148862719536,0,0.7532793283462524,0.00098333228379488,0.36974117159843445,0.5192506313323975,-0.4883430302143097,0.48316872119903564,-0.5083776712417603,1
0.7558904886245728,0.001615145243704319,0.379390150308609,0.5189083218574524,-0.49009257555007935,0.48540565371513367,-0.5049005746841431,0.7386215925216675,-0.002747476100921631,0.019978148862719536,0,0.7532680034637451,0.0008744141086935997,0.36746707558631897,0.518896222114563,-0.4885613024234772,0.48348549008369446,-0.5082285404205322,1
0.7559406161308289,0.001498119905591011,0.3771325945854187,0.5185604691505432,-0.4903036653995514,0.48571303486824036,-0.5047573447227478,0.7386215925216675,-0.002747476100921631,0.019978148862719536,0,0.7532466053962708,0.0007666628807783127,0.36519408226013184,0.518541693687439,-0.4887794256210327,0.4838021993637085,-0.5080791711807251,1
0.7559803128242493,0.0013822922483086586,0.3748728036880493,0.5182115435600281,-0.4905155599117279,0.486021488904953,-0.5046130418777466,0.7386215925216675,-0.002747476100921631,0.019978148862719536,0,0.7532151937484741,0.0006606495007872581,0.3629224896430969,0.5181870460510254,-0.48899757862091064,0.4841187596321106,-0.5079296827316284,1
0.7560098767280579,0.0012679388746619225,0.37261179089546204,0.5178619027137756,-0.49072781205177307,0.4863302707672119,-0.5044681429862976,0.7386215925216675,-0.002747476100921631,0.019978148862719536,0,0.7531735897064209,0.0005561411380767822,0.36065253615379333,0.517832338809967,-0.4892156720161438,0.48443499207496643,-0.5077797770500183,1
0.7560290098190308,0.001155051402747631,0.37034928798675537,0.5175114870071411,-0.490940660238266,0.4866398870944977,-0.5043219327926636,0.7386215925216675,-0.002747476100921631,0.019978148862719536,0,0.7531221508979797,0.0004527755081653595,0.358383446931839,0.5174773931503296,-0.4894336462020874,0.4847513437271118,-0.5076296329498291,1
0.7560377717018127,0.001043388620018959,0.3680863380432129,0.5171605348587036,-0.491153746843338,0.48694974184036255,-0.5041754245758057,0.7386215925216675,-0.002747476100921631,0.019978148862719536,0,0.7530607581138611,0.0003511998802423477,0.3561162054538727,0.5171224474906921,-0.4896515905857086,0.48506736755371094,-0.5074794292449951,1
0.7560365200042725,0.0009331488981842995,0.3658224940299988,0.5168088674545288,-0.4913674294948578,0.48726001381874084,-0.5040280222892761,0.7386215925216675,-0.002747476100921631,0.019978148862719536,0,0.7529892921447754,0.00025108736008405685,0.3538503646850586,0.5167674422264099,-0.48986944556236267,0.48538297414779663,-0.507328987121582,1
0.7560247778892517,0.0008244011551141739,0.3635583519935608,0.5164567828178406,-0.4915812015533447,0.4875708222389221,-0.5038797855377197,0.7386215925216675,-0.002747476100921631,0.019978148862719536,0,0.7529076933860779,0.00015247520059347153,0.35158655047416687,0.5164125561714172,-0.4900871813297272,0.48569825291633606,-0.5071783661842346,1
0.7560029625892639,0.0007171547040343285,0.3612942099571228,0.5161041617393494,-0.4917953312397003,0.48788172006607056,-0.5037311911582947,0.7386215925216675,-0.002747476100921631,0.019978148862719536,0,0.7528162002563477,5.507189780473709e-05,0.3493238091468811,0.5160570740699768,-0.4903048276901245,0.48601385951042175,-0.5070273876190186,1
0.75597083568573,0.0006111571565270424,0.35903021693229675,0.5157510638237,-0.4920095205307007,0.48819270730018616,-0.5035823583602905,0.7386215925216675,-0.002747476100921631,0.019978148862719536,0,0.7527146935462952,-4.0576793253421783e-05,0.34706324338912964,0.5157020688056946,-0.490522176027298,0.48632872104644775,-0.5068762898445129,1
0.7559285759925842,0.0005065938457846642,0.35676613450050354,0.5153974890708923,-0.4922240972518921,0.488504022359848,-0.5034328103065491,0.7386215925216675,-0.002747476100921631,0.019978148862719536,0,0.7526032328605652,-0.00013472512364387512,0.3448041081428528,0.5153467655181885,-0.49073973298072815,0.4866434633731842,-0.5067249536514282,1
0.7558760643005371,0.0004035588353872299,0.35450273752212524,0.5150437355041504,-0.4924387037754059,0.4888153672218323,-0.5032827854156494,0.7386215925216675,-0.002747476100921631,0.019978148862719536,0,0.7524817585945129,-0.00022767018526792526,0.34254688024520874,0.5149911642074585,-0.4909570515155792,0.48695820569992065,-0.5065736174583435,1
0.7558133602142334,0.0003019915893673897,0.35224005579948425,0.5146896839141846,-0.49265336990356445,0.4891267716884613,-0.5031322240829468,0.7386215925216675,-0.002747476100921631,0.019978148862719536,0,0.7523503303527832,-0.00031880661845207214,0.34029170870780945,0.5146359205245972,-0.49117428064346313,0.4872724413871765,-0.5064219832420349,1
0.7557404041290283,0.00020191539078950882,0.3499782383441925,0.5143351554870605,-0.4928683936595917,0.4894382059574127,-0.5029813647270203,0.7386215925216675,-0.002747476100921631,0.019978148862719536,0,0.7522091865539551,-0.0004085106775164604,0.3380378782749176,0.5142802000045776,-0.49139171838760376,0.4875868260860443,-0.5062698125839233,1
0.7556574940681458,0.00010305270552635193,0.3477170169353485,0.5139802694320679,-0.4930831789970398,0.4897496998310089,-0.5028303265571594,0.7386215925216675,-0.002747476100921631,0.019978148862719536,0,0.7520578503608704,-0.0004966557025909424,0.3357866108417511,0.5139245986938477,-0.4916086792945862,0.4879007041454315,-0.5061177611351013,1
0.7555643320083618,6.010755896568298e-06,0.3454573154449463,0.51362544298172,-0.49329817295074463,0.4900611639022827,-0.5026785731315613,0.7386215925216675,-0.002747476100921631,0.019978148862719536,0,0.7518966794013977,-0.0005835741758346558,0.33353692293167114,0.5135686993598938,-0.49182581901550293,0.4882145822048187,-0.5059654116630554,1
0.7554609179496765,-8.95252451300621e-05,0.34319907426834106,0.5132704973220825,-0.493512898683548,0.4903722107410431,-0.5025269389152527,0.7386215925216675,-0.002747476100921631,0.019978148862719536,0,0.7517256140708923,-0.000668705441057682,0.3312893807888031,0.5132128596305847,-0.4920429289340973,0.4885281026363373,-0.5058127641677856,1
0.755347728729248,-0.0001838868483901024,0.34094128012657166,0.5129150748252869,-0.4937278628349304,0.49068376421928406,-0.5023747086524963,0.7386215925216675,-0.002747476100921631,0.019978148862719536,0,0.7515446543693542,-0.0007523680105805397,0.3290436565876007,0.5128567218780518,-0.4922599196434021,0.4888416826725006,-0.505659818649292,1
0.7552241683006287,-0.000276404432952404,0.33868592977523804,0.5125598907470703,-0.4939426779747009,0.49099451303482056,-0.5022223591804504,0.7386215925216675,-0.002747476100921631,0.019978148862719536,0,0.7513538002967834,-0.0008347546681761742,0.32680025696754456,0.5125007033348083,-0.4924766719341278,0.48915499448776245,-0.5055067539215088,1
0.7550908327102661,-0.00036771781742572784,0.3364315629005432,0.5122041702270508,-0.49415749311447144,0.49130532145500183,-0.5020698308944702,0.7386215925216675,-0.002747476100921631,0.019978148862719536,0,0.7511530518531799,-0.0009153615683317184,0.3245590925216675,0.5121444463729858,-0.4926936626434326,0.489467978477478,-0.5053534507751465,1
0.7549471855163574,-0.0004575345665216446,0.33417949080467224,0.511848509311676,-0.49437206983566284,0.49161598086357117,-0.5019172430038452,0.7386215925216675,-0.002747476100921631,0.019978148862719536,0,0.750942587852478,-0.0009944289922714233,0.3223198652267456,0.5117881894111633,-0.4929102957248688,0.4897807538509369,-0.5051999688148499,1
0.7547937035560608,-0.0005458341911435127,0.3319283425807953,0.5114925503730774,-0.49458685517311096,0.49192655086517334,-0.501764178276062,0.7386215925216675,-0.002747476100921631,0.019978148862719536,0,0.7507222890853882,-0.0010720528662204742,0.3200833797454834,0.5114319920539856,-0.49312689900398254,0.4900931417942047,-0.5050464272499084,1
0.7546302080154419,-0.0006326176226139069,0.3296795189380646,0.511136531829834,-0.49480149149894714,0.492236852645874,-0.5016109943389893,0.7386215925216675,-0.002747476100921631,0.019978148862719536,0,0.7504919171333313,-0.001148061826825142,0.3178492784500122,0.5110757350921631,-0.49334338307380676,0.49040549993515015,-0.5048923492431641,1
0.754456639289856,-0.0007178857922554016,0.32743269205093384,0.5107806324958801,-0.4950159192085266,0.49254700541496277,-0.501457691192627,0.7386215925216675,-0.002747476100921631,0.019978148862719536,0,0.7502517700195312,-0.0012225685641169548,0.3156174421310425,0.5107192397117615,-0.49355974793434143,0.4907175898551941,-0.5047383904457092,1
0.7542731761932373,-0.0008016377687454224,0.3251875042915344,0.5104243159294128,-0.49523046612739563,0.49285706877708435,-0.5013038516044617,0.7386215925216675,-0.002747476100921631,0.019978148862719536,0,0.7500020265579224,-0.0012955721467733383,0.31338784098625183,0.5103626847267151,-0.4937761723995209,0.49102938175201416,-0.5045839548110962,1
0.7540798187255859,-0.0008838782086968422,0.32294416427612305,0.510067880153656,-0.4954450726509094,0.493166983127594,-0.5011498332023621,0.7386215925216675,-0.002747476100921631,0.019978148862719536,0,0.7497423887252808,-0.0013673016801476479,0.3111606240272522,0.5100059509277344,-0.4939924478530884,0.49134111404418945,-0.5044295191764832,1
0.7538765072822571,-0.0009646033868193626,0.32070329785346985,0.509711503982544,-0.49565935134887695,0.49347642064094543,-0.500995934009552,0.7386215925216675,-0.002747476100921631,0.019978148862719536,0,0.7494730353355408,-0.0014372076839208603,0.3089364171028137,0.509649395942688,-0.4942084550857544,0.49165257811546326,-0.5042749047279358,1
0.7536630630493164,-0.001043759286403656,0.31846484541893005,0.5093550682067871,-0.49587365984916687,0.49378567934036255,-0.5008415579795837,0.7386215925216675,-0.002747476100921631,0.019978148862719536,0,0.7491937279701233,-0.0015056068077683449,0.3067142367362976,0.5092924237251282,-0.49442481994628906,0.4919640123844147,-0.5041196942329407,1
0.7534399628639221,-0.0011214092373847961,0.316228449344635,0.5089985132217407,-0.49608781933784485,0.4940948486328125,-0.5006870627403259,0.7386215925216675,-0.002747476100921631,0.019978148862719536,0,0.748904824256897,-0.0015727384015917778,0.30449455976486206,0.5089353322982788,-0.49464088678359985,0.49227526783943176,-0.503964364528656,1
0.7532068490982056,-0.0011975523084402084,0.31399449706077576,0.5086419582366943,-0.49630194902420044,0.4944036602973938,-0.5005324482917786,0.7386215925216675,-0.002747476100921631,0.019978148862719536,0,0.7486062049865723,-0.0016380278393626213,0.3022780418395996,0.5085783004760742,-0.49485689401626587,0.4925861954689026,-0.5038091540336609,1
0.7529639601707458,-0.0012721577659249306,0.31176289916038513,0.5082852244377136,-0.49651575088500977,0.4947122633457184,-0.5003777742385864,0.7386215925216675,-0.002747476100921631,0.019978148862719536,0,0.7482977509498596,-0.0017017945647239685,0.300064355134964,0.5082212686538696,-0.49507275223731995,0.49289676547050476,-0.5036535263061523,1
0.752711296081543,-0.0013449648395180702,0.3095336854457855,0.5079285502433777,-0.4967297315597534,0.49502062797546387,-0.5002226233482361,0.7386215925216675,-0.002747476100921631,0.019978148862719536,0,0.7479796409606934,-0.0017639799043536186,0.2978532612323761,0.5078642964363098,-0.49528855085372925,0.4932071268558502,-0.5034975409507751,1
0.7524489164352417,-0.0014168312773108482,0.30730730295181274,0.5075716972351074,-0.49694332480430603,0.4953285753726959,-0.5000677704811096,0.7386215925216675,-0.002747476100921631,0.019978148862719536,0,0.7476519346237183,-0.0018249833956360817,0.2956446707248688,0.507506787776947,-0.4955042004585266,0.49351757764816284,-0.5033416152000427,1
0.7521764636039734,-0.0014868294820189476,0.3050834536552429,0.5072150230407715,-0.49715691804885864,0.4956362247467041,-0.49991267919540405,0.7386215925216675,-0.002747476100921631,0.019978148862719536,0,0.7473145127296448,-0.0018840860575437546,0.29343897104263306,0.5071493983268738,-0.4957199692726135,0.4938276410102844,-0.5031851530075073,1
0.7518944144248962,-0.0015553068369626999,0.3028620481491089,0.506858229637146,-0.4973703622817993,0.49594372510910034,-0.4997572600841522,0.7386215925216675,-0.002747476100921631,0.019978148862719536,0,0.7469674944877625,-0.0019416408613324165,0.29123663902282715,0.5067920684814453,-0.4959355592727661,0.49413734674453735,-0.5030287504196167,1
0.7516025304794312,-0.001622246578335762,0.30064353346824646,0.506501317024231,-0.4975835084915161,0.4962509274482727,-0.4996018409729004,0.7386215925216675,-0.002747476100921631,0.019978148862719536,0,0.7466108202934265,-0.001997939310967922,0.2890371084213257,0.5064346194267273,-0.49615076184272766,0.49444693326950073,-0.5028722286224365,1
0.7513008713722229,-0.0016876459121704102,0.2984275817871094,0.5061443448066711,-0.49779683351516724,0.49655792117118835,-0.4994460344314575,0.7386215925216675,-0.002747476100921631,0.019978148862719536,0,0.7462444305419922,-0.002052401192486286,0.28684040904045105,0.5060770511627197,-0.4963662326335907,0.4947563111782074,-0.5027152895927429,1
0.7509894371032715,-0.0017514843493700027,0.29621458053588867,0.5057873129844666,-0.4980100393295288,0.4968647360801697,-0.4992901086807251,0.7386215925216675,-0.002747476100921631,0.019978148862719536,0,0.745868444442749,-0.002105298452079296,0.28464722633361816,0.5057194232940674,-0.4965815246105194,0.4950653314590454,-0.5025582313537598,1
0.750668466091156,-0.001814126968383789,0.2940042316913605,0.5054301619529724,-0.49822303652763367,0.4971713125705719,-0.49913397431373596,0.7386215925216675,-0.002747476100921631,0.019978148862719536,0,0.745482861995697,-0.0021566422656178474,0.2824563980102539,0.5053615570068359,-0.49679693579673767,0.49537450075149536,-0.502400815486908,1
0.7503376603126526,-0.0018748631700873375,0.29179713129997253,0.5050731301307678,-0.4984358251094818,0.4974775016307831,-0.49897798895835876,0.7386215925216675,-0.002747476100921631,0.019978148862719536,0,0.7450878620147705,-0.0022067325189709663,0.28026914596557617,0.5050035715103149,-0.4970121383666992,0.4956832826137543,-0.5022433400154114,1
0.7499971985816956,-0.001934095285832882,0.2895928621292114,0.5047160387039185,-0.4986484944820404,0.49778351187705994,-0.498821496963501,0.7386215925216675,-0.002747476100921631,0.019978148862719536,0,0.7446831464767456,-0.0022549498826265335,0.2780848741531372,0.504645824432373,-0.49722716212272644,0.49599191546440125,-0.5020853281021118,1
0.7496470808982849,-0.0019920608028769493,0.2873914837837219,0.5043586492538452,-0.4988612234592438,0.4980891942977905,-0.49866512417793274,0.7386215925216675,-0.002747476100921631,0.019978148862719536,0,0.7442688345909119,-0.002301616594195366,0.2759043574333191,0.5042877197265625,-0.4974421560764313,0.49630022048950195,-0.5019275546073914,1
0.7492874264717102,-0.002048194408416748,0.2851932644844055,0.5040015578269958,-0.49907368421554565,0.4983946681022644,-0.4985083043575287,0.7386215925216675,-0.002747476100921631,0.019978148862719536,0,0.7438451051712036,-0.002346987836062908,0.27372682094573975,0.5039295554161072,-0.49765703082084656,0.4966084361076355,-0.5017693042755127,1
0.7489180564880371,-0.0021027913317084312,0.28299814462661743,0.5036441683769226,-0.49928605556488037,0.49869972467422485,-0.4983517527580261,0.7386215925216675,-0.002747476100921631,0.019978148862719536,0,0.7434120774269104,-0.0023905588313937187,0.2715524435043335,0.5035713911056519,-0.4978719651699066,0.4969162940979004,-0.5016108751296997,1
0.7485392689704895,-0.0021558236330747604,0.28080639243125916,0.5032870173454285,-0.49949824810028076,0.4990045130252838,-0.49819478392601013,0.7386215925216675,-0.002747476100921631,0.019978148862719536,0,0.7429693937301636,-0.002432522363960743,0.26938170194625854,0.5032131671905518,-0.49808669090270996,0.4972238838672638,-0.5014524459838867,1
0.7481508255004883,-0.002207603305578232,0.2786177694797516,0.5029295682907104,-0.499710351228714,0.4993090033531189,-0.4980379045009613,0.7386215925216675,-0.002747476100921631,0.019978148862719536,0,0.7425172328948975,-0.002472907304763794,0.26721465587615967,0.5028550624847412,-0.4983011782169342,0.49753129482269287,-0.5012935996055603,1
0.7477526664733887,-0.0022575054317712784,0.2764325439929962,0.5025722980499268,-0.4999222457408905,0.4996134340763092,-0.4978806674480438,0.7386215925216675,-0.002747476100921631,0.019978148862719536,0,0.7420555353164673,-0.0025119995698332787,0.26505059003829956,0.5024965405464172,-0.49851587414741516,0.49783873558044434,-0.50113445520401,1
0.7473450899124146,-0.002305896021425724,0.2742505669593811,0.5022150278091431,-0.5001340508460999,0.49991732835769653,-0.4977233111858368,0.7386215925216675,-0.002747476100921631,0.019978148862719536,0,0.7415844798088074,-0.0025492385029792786,0.26289016008377075,0.5021379590034485,-0.4987303912639618,0.49814584851264954,-0.5009752511978149,1
0.7469281554222107,-0.0023530106991529465,0.2720717191696167,0.5018574595451355,-0.5003458261489868,0.5002211928367615,-0.4975658655166626,0.7386215925216675,-0.002747476100921631,0.019978148862719536,0,0.7411041855812073,-0.0025849463418126106,0.26073354482650757,0.5017794370651245,-0.49894481897354126,0.49845245480537415,-0.5008158087730408,1
0.7465015649795532,-0.0023982757702469826,0.26989638805389404,0.5014998912811279,-0.5005574822425842,0.5005245208740234,-0.4974084496498108,0.7386215925216675,-0.002747476100921631,0.019978148862719536,0,0.7406143546104431,-0.0026193344965577126,0.2585805356502533,0.5014209151268005,-0.4991588890552521,0.4987591505050659,-0.5006561875343323,1
0.7460654377937317,-0.0024419594556093216,0.2677246034145355,0.5011425018310547,-0.5007690191268921,0.5008278489112854,-0.497250497341156,0.7386215925216675,-0.002747476100921631,0.019978148862719536,0,0.7401151061058044,-0.002651854418218136,0.2564311623573303,0.5010621547698975,-0.499373197555542,0.4990655779838562,-0.5004963874816895,1
0.74562007188797,-0.0024843858554959297,0.2655566334724426,0.5007851719856262,-0.500980019569397,0.5011305809020996,-0.4970927834510803,0.7386215925216675,-0.002747476100921631,0.019978148862719536,0,0.7396066784858704,-0.0026828162372112274,0.25428491830825806,0.5007032155990601,-0.4995875954627991,0.4993719458580017,-0.5003360509872437,1
0.7451650500297546,-0.002524992451071739,0.26339200139045715,0.5004277229309082,-0.5011913180351257,0.5014331936836243,-0.4969347417354584,0.7386215925216675,-0.002747476100921631,0.019978148862719536,0,0.7390886545181274,-0.002712436020374298,0.25214308500289917,0.5003440976142883,-0.4998016655445099,0.4996781349182129,-0.5001757740974426,1
0.7447007894515991,-0.002564004622399807,0.2612304985523224,0.5000699758529663,-0.5014024972915649,0.5017356872558594,-0.4967764616012573,0.7386215925216675,-0.002747476100921631,0.019978148862719536,0,0.7385616898536682,-0.002740243449807167,0.2500050663948059,0.49998554587364197,-0.500015377998352,0.4999837577342987,-0.5000151991844177,1
0.7442270517349243,-0.0026014791801571846,0.2590733766555786,0.49971261620521545,-0.5016132593154907,0.5020375847816467,-0.4966181218624115,0.7386215925216675,-0.002747476100921631,0.019978148862719536,1,0.7442270517349243,-0.0026014791801571846,0.2590733766555786,0.49971261620521545,-0.5016132593154907,0.5020375847816467,-0.4966181218624115,0
0.7441847324371338,-0.0026195887476205826,0.2573721706867218,0.49919968843460083,-0.5021018981933594,0.5027037262916565,-0.4959658682346344,0.7386215925216675,-0.002747476100921631,0.019978148862719536,1,0.7442270517349243,-0.0026014791801571846,0.2590733766555786,0.49971261620521545,-0.5016132593154907,0.5020375847816467,-0.4966181218624115,0
0.7443063855171204,-0.0026419702917337418,0.2561529278755188,0.498773455619812,-0.502518892288208,0.5032784938812256,-0.4953891634941101,0.7386215925216675,-0.002747476100921631,0.019978148862719536,1,0.7442270517349243,-0.0026014791801571846,0.2590733766555786,0.49971261620521545,-0.5016132593154907,0.5020375847816467,-0.4966181218624115,0
0.7444137930870056,-0.0026638759300112724,0.25517696142196655,0.49843692779541016,-0.5028457045555115,0.5037322640419006,-0.4949347972869873,0.7386215925216675,-0.002747476100921631,0.019978148862719536,1,0.7442270517349243,-0.0026014791801571846,0.2590733766555786,0.49971261620521545,-0.5016132593154907,0.5020375847816467,-0.4966181218624115,0
0.7445058226585388,-0.0026820143684744835,0.25436121225357056,0.4981570243835449,-0.5031173229217529,0.5041092038154602,-0.49455663561820984,0.7386215925216675,-0.002747476100921631,0.019978148862719536,1,0.7442270517349243,-0.0026014791801571846,0.2590733766555786,0.49971261620521545,-0.5016132593154907,0.5020375847816467,-0.4966181218624115,0
0.744585394859314,-0.002696358598768711,0.2536620795726776,0.4979182183742523,-0.5033496022224426,0.5044308304786682,-0.49423298239707947,0.7386215925216675,-0.002747476100921631,0.019978148862719536,1,0.7442270517349243,-0.0026014791801571846,0.2590733766555786,0.49971261620521545,-0.5016132593154907,0.5020375847816467,-0.4966181218624115,0
0.744655430316925,-0.0027075381949543953,0.25305306911468506,0.4977111220359802,-0.5035517811775208,0.5047092437744141,-0.49395108222961426,0.7386215925216675,-0.002747476100921631,0.019978148862719536,1,0.7442270517349243,-0.0026014791801571846,0.2590733766555786,0.49971261620521545,-0.5016132593154907,0.5020375847816467,-0.4966181218624115,0
0.7447171807289124,-0.0027239108458161354,0.2525256872177124,0.4975266456604004,-0.5037276148796082,0.5049488544464111,-0.49371272325515747,0.7385927438735962,-0.0021340439561754465,0.020315032452344894,1,0.7442270517349243,-0.0026014791801571846,0.2590733766555786,0.49971261620521545,-0.5016132593154907,0.5020375847816467,-0.4966181218624115,0
0.7447716593742371,-0.0027372129261493683,0.2520604133605957,0.4973670244216919,-0.5038800239562988,0.5051618814468384,-0.49350014328956604,0.7384925484657288,-0.0010387966176494956,0.020435072481632233,1,0.7447716593742371,-0.0027372129261493683,0.2520604133605957,0.4973670244216919,-0.5038800239562988,0.5051618814468384,-0.49350014328956604,0
0.7448441982269287,-0.0027387188747525215,0.25134119391441345,0.4971398115158081,-0.504107654094696,0.5054677724838257,-0.4931831955909729,0.7383415699005127,-0.0011254475684836507,0.019915709272027016,1,0.747310221195221,-0.0019954033195972443,0.2599193751811981,0.5015050172805786,-0.5012657046318054,0.5014389753341675,-0.49576637148857117,0
0.7451691627502441,-0.0027031926438212395,0.25089260935783386,0.497101753950119,-0.5042668581008911,0.5056774020195007,-0.49284374713897705,0.7384560704231262,-0.0012549696257337928,0.019693918526172638,1,0.749716579914093,-0.0012263990938663483,0.2678268551826477,0.5056302547454834,-0.4986378848552704,0.4976861774921417,-0.4980025887489319,0
0.7457319498062134,-0.0026201074942946434,0.2510109543800354,0.4973764717578888,-0.5042374730110168,0.5056281685829163,-0.4926472008228302,0.7389214634895325,-0.0013136813649907708,0.01985902711749077,1,0.7519898414611816,-0.00043114274740219116,0.27577972412109375,0.5097417235374451,-0.4959968626499176,0.4939040243625641,-0.5002092123031616,0
0.7465013265609741,-0.0024843858554959297,0.2517932057380676,0.4979950189590454,-0.5039831399917603,0.5052658915519714,-0.4926542639732361,0.7398754954338074,-0.0012765760766342282,0.02050861530005932,1,0.75412917137146,0.0003909161314368248,0.28377577662467957,0.513839602470398,-0.49334287643432617,0.4900921583175659,-0.5023856163024902,0
0.747447669506073,-0.0022919578477740288,0.2532506287097931,0.4989546239376068,-0.5035006403923035,0.504581868648529,-0.49287769198417664,0.7413579821586609,-0.001130705582909286,0.02171451970934868,1,0.7561337947845459,0.0012384532019495964,0.2918130159378052,0.5179235935211182,-0.4906754791736603,0.48625093698501587,-0.5045321583747864,0
0.7485432624816895,-0.0020425692200660706,0.2553572654724121,0.5002345442771912,-0.5028010606765747,0.5035878419876099,-0.49331098794937134,0.7432526350021362,-0.0008829121361486614,0.023541618138551712,1,0.7580026984214783,0.00211153831332922,0.29988837242126465,0.5219930410385132,-0.48799535632133484,0.4823806583881378,-0.5066483616828918,0
0.7497624754905701,-0.0017376914620399475,0.25806888937950134,0.5018090605735779,-0.5018998980522156,0.502303957939148,-0.4939381182193756,0.7455023527145386,-0.0005451437318697572,0.02596413902938366,1,0.7597352266311646,0.0030091088265180588,0.30800044536590576,0.5260478258132935,-0.485302209854126,0.47848111391067505,-0.5087348818778992,0
0.7510812282562256,-0.0013796845450997353,0.26133424043655396,0.5036492943763733,-0.5008150935173035,0.5007540583610535,-0.4947393238544464,0.748062252998352,-0.00012006264296360314,0.0289408378303051,1,0.7613307237625122,0.003931148909032345,0.3161458671092987,0.5300875306129456,-0.482596218585968,0.4745529890060425,-0.5107909440994263,0
0.7524769306182861,-0.0009716078639030457,0.26510289311408997,0.5057275295257568,-0.49956366419792175,0.49896177649497986,-0.4956943392753601,0.7508901357650757,0.00037217704812064767,0.032427579164505005,1,0.7627882361412048,0.0048766350373625755,0.3243227005004883,0.534111738204956,-0.4798775911331177,0.47059619426727295,-0.5128171443939209,0
0.7539284229278564,-0.0005155941471457481,0.26932790875434875,0.5080184936523438,-0.4981611371040344,0.49694910645484924,-0.4967838525772095,0.7539460062980652,0.0009377356618642807,0.03638303279876709,1,0.7641072869300842,0.005845534615218639,0.3325287103652954,0.5381205677986145,-0.4771461486816406,0.46661055088043213,-0.5148130059242249,0
0.7554157972335815,-1.330394297838211e-05,0.2739654779434204,0.5104982256889343,-0.49662289023399353,0.49473607540130615,-0.4979892671108246,0.7571929097175598,0.0015612558927387,0.0407690703868866,1,0.7652873992919922,0.006836737506091595,0.34076112508773804,0.5421130061149597,-0.4744020104408264,0.46259674429893494,-0.5167789459228516,0
0.7569208145141602,0.0005325665697455406,0.27897608280181885,0.5131450891494751,-0.4949614107608795,0.49234139919281006,-0.4992946982383728,0.760596513748169,0.0022439437452703714,0.045550636947155,1,0.7663279175758362,0.007850268855690956,0.3490174412727356,0.5460890531539917,-0.4716457426548004,0.4585545063018799,-0.5187144875526428,0
0.7584265470504761,0.0011205198243260384,0.28432396054267883,0.5159397125244141,-0.493188738822937,0.48978087306022644,-0.5006852149963379,0.7641252875328064,0.0029908111318945885,0.05069683864712715,1,0.7672281861305237,0.008884954266250134,0.3572958707809448,0.5500486493110657,-0.46887651085853577,0.4544844329357147,-0.5206200480461121,0
0.7599174976348877,0.001748736947774887,0.2899763882160187,0.5188644528388977,-0.49131548404693604,0.48706987500190735,-0.5021469593048096,0.7677507400512695,0.0037872723769396544,0.0561789907515049,1,0.767987847328186,0.009940837509930134,0.3655935525894165,0.5539911389350891,-0.46609508991241455,0.45038631558418274,-0.5224953293800354,0
0.7613798379898071,0.0024155816063284874,0.29590514302253723,0.5219039916992188,-0.48935070633888245,0.48422062397003174,-0.5036690831184387,0.7714420557022095,0.004664844833314419,0.062005382031202316,1,0.7686066031455994,0.01101670041680336,0.3739074766635895,0.5579159259796143,-0.4633016884326935,0.44626080989837646,-0.524340033531189,0
0.7628005743026733,0.0031201429665088654,0.30208390951156616,0.5250442028045654,-0.4873026907444,0.48124468326568604,-0.5052406787872314,0.7751801013946533,0.0055850655771791935,0.06811634451150894,1,0.7690839171409607,0.012112543918192387,0.38223642110824585,0.561823308467865,-0.46049579977989197,0.4421074390411377,-0.5261549353599548,0
0.7641680836677551,0.003860536962747574,0.30848896503448486,0.5282723307609558,-0.48517924547195435,0.47815269231796265,-0.506852388381958,0.778943657875061,0.006552110426127911,0.07448897510766983,1,0.7694195508956909,0.01322721503674984,0.39057639241218567,0.5657125115394592,-0.4576779007911682,0.4379270076751709,-0.52793949842453,0
0.7654719352722168,0.004635870456695557,0.3150988817214966,0.5315772294998169,-0.4829866588115692,0.47495365142822266,-0.5084961652755737,0.7827082276344299,0.007581528276205063,0.08112747222185135,1,0.7696132063865662,0.014360630884766579,0.3989262580871582,0.569583535194397,-0.4548480212688446,0.43371903896331787,-0.5296938419342041,0
0.7667029500007629,0.005444996990263462,0.32189419865608215,0.5349489450454712,-0.4807313084602356,0.47165587544441223,-0.5101643204689026,0.7864655256271362,0.008622806519269943,0.08796586096286774,1,0.7696644067764282,0.01551192719489336,0.40728309750556946,0.57343590259552,-0.45200616121292114,0.42948418855667114,-0.5314180254936218,0
0.7678524255752563,0.006286279298365116,0.328857421875,0.5383780598640442,-0.4784179627895355,0.4682667851448059,-0.5118509531021118,0.790195643901825,0.009708483703434467,0.09501872211694717,1,0.7695733308792114,0.016680153086781502,0.41564399003982544,0.5772690176963806,-0.44915252923965454,0.42522260546684265,-0.5331118106842041,0
0.7689130306243896,0.007159044966101646,0.33597230911254883,0.5418568253517151,-0.4760517477989197,0.46479281783103943,-0.5135499238967896,0.7938867211341858,0.010804051533341408,0.10223042964935303,1,0.769339382648468,0.01786535046994686,0.4240074157714844,0.5810831785202026,-0.4462868571281433,0.42093425989151,-0.53477543592453,0
0.7698776721954346,0.008062106557190418,0.34322455525398254,0.5453780293464661,-0.47363656759262085,0.461239755153656,-0.5152563452720642,0.7975239753723145,0.011949455365538597,0.1096232607960701,1,0.768963098526001,0.019066181033849716,0.4323698580265045,0.5848773121833801,-0.44340965151786804,0.41661953926086426,-0.5364089608192444,0
0.7707405686378479,0.008994035422801971,0.3506004214286804,0.548934817314148,-0.47117650508880615,0.4576131999492645,-0.5169655680656433,0.801055371761322,0.013173949904739857,0.11720111966133118,1,0.7684438228607178,0.02028263360261917,0.4407294988632202,0.5886516571044922,-0.44052091240882874,0.41227829456329346,-0.5380120873451233,0
0.7714964151382446,0.009954126551747322,0.35808733105659485,0.5525212287902832,-0.4686749279499054,0.453917920589447,-0.518673837184906,0.8045601844787598,0.014402978122234344,0.12492676079273224,1,0.767781674861908,0.021513506770133972,0.4490835964679718,0.5924055576324463,-0.4376205801963806,0.40791136026382446,-0.5395850539207458,0
0.7721403241157532,0.010941519401967525,0.36567437648773193,0.5561322569847107,-0.46613508462905884,0.45015811920166016,-0.5203774571418762,0.8079820275306702,0.015674585476517677,0.13279710710048676,1,0.7669768929481506,0.02275872975587845,0.4574296474456787,0.5961389541625977,-0.43470919132232666,0.4035183787345886,-0.5411276817321777,0
0.7726681232452393,0.011954562738537788,0.3733513355255127,0.5597631335258484,-0.4635590612888336,0.4463373124599457,-0.5220737457275391,0.8113075494766235,0.01698877476155758,0.14080195128917694,1,0.766029417514801,0.02401702105998993,0.4657652974128723,0.5998513102531433,-0.4317861497402191,0.399099737405777,-0.5426403284072876,0
0.7730759978294373,0.012992912903428078,0.3811081647872925,0.5634096264839172,-0.46094992756843567,0.4424593448638916,-0.5237597823143005,0.8144943714141846,0.018369833007454872,0.14893530309200287,1,0.7649391293525696,0.025288328528404236,0.4740883409976959,0.6035425662994385,-0.4288517236709595,0.39465540647506714,-0.5441227555274963,0
0.7733609676361084,0.014055315405130386,0.3889358639717102,0.5670677423477173,-0.4583098888397217,0.4385271966457367,-0.5254331231117249,0.8175987601280212,0.01975986361503601,0.157186821103096,1,0.7637065649032593,0.02657143585383892,0.4823959469795227,0.6072121858596802,-0.42590638995170593,0.39018574357032776,-0.5455750823020935,0
0.7735196352005005,0.015140807256102562,0.39682701230049133,0.5707342028617859,-0.4556404948234558,0.4345436096191406,-0.5270920395851135,0.8206025958061218,0.02117721177637577,0.16554571688175201,1,0.7623317837715149,0.027866240590810776,0.4906855821609497,0.6108599305152893,-0.42294982075691223,0.3856911063194275,-0.5469970703125,0
0.7735499143600464,0.016248222440481186,0.4047727882862091,0.5744055509567261,-0.4529440104961395,0.4305115342140198,-0.5287339687347412,0.8234857320785522,0.022630710154771805,0.17400400340557098,1,0.7608149647712708,0.029171448200941086,0.49895504117012024,0.6144854426383972,-0.41998234391212463,0.3811715543270111,-0.5483891367912292,0
0.7734495997428894,0.017376966774463654,0.412766695022583,0.5780792832374573,-0.4502216577529907,0.42643293738365173,-0.5303581357002258,0.8262349367141724,0.02414281852543354,0.18256907165050507,1,0.7591564655303955,0.03048703260719776,0.5072017312049866,0.61808842420578,-0.4170039892196655,0.3766271471977234,-0.5497511029243469,0
0.7732163667678833,0.018525883555412292,0.4208025336265564,0.5817527770996094,-0.44747498631477356,0.4223096966743469,-0.5319625735282898,0.8288561701774597,0.02566003054380417,0.19120267033576965,1,0.7573568820953369,0.03181169182062149,0.5154231190681458,0.6216685771942139,-0.41401469707489014,0.3720584213733673,-0.5510829091072083,0
0.772848904132843,0.019694220274686813,0.42887282371520996,0.5854236483573914,-0.444705605506897,0.4181441068649292,-0.5335460305213928,0.8313432931900024,0.027228524908423424,0.19993171095848083,1,0.7554161548614502,0.033145345747470856,0.5236169695854187,0.6252256631851196,-0.41101497411727905,0.36746519804000854,-0.5523845553398132,0
0.7723458409309387,0.020881300792098045,0.43697255849838257,0.5890897512435913,-0.44191455841064453,0.4139377176761627,-0.5351076722145081,0.8336949348449707,0.028819609433412552,0.20872952044010162,1,0.7533348798751831,0.03448673337697983,0.5317808985710144,0.6287592053413391,-0.40800440311431885,0.3628480136394501,-0.5536564588546753,0
0.7717055678367615,0.02208578959107399,0.44509658217430115,0.592749297618866,-0.4391025900840759,0.4096919298171997,-0.5366467237472534,0.8359096646308899,0.03042212501168251,0.2175881266593933,1,0.751113772392273,0.0358356274664402,0.5399119853973389,0.6322690844535828,-0.40498343110084534,0.35820719599723816,-0.5548980236053467,0
0.7709274888038635,0.023306870833039284,0.4532383978366852,0.596400260925293,-0.4362710118293762,0.4054085314273834,-0.5381618142127991,0.8379839658737183,0.03204745799303055,0.22650451958179474,1,0.7487529516220093,0.03719131276011467,0.5480087399482727,0.6357549428939819,-0.40195193886756897,0.3535420894622803,-0.5561098456382751,0
0.7700105309486389,0.024543777108192444,0.4613943099975586,0.6000415682792664,-0.4334202706813812,0.4010884463787079,-0.5396525859832764,0.8399144411087036,0.03370183706283569,0.23547746241092682,1,0.7462534308433533,0.0385526604950428,0.556067943572998,0.6392163634300232,-0.3989100456237793,0.3488539159297943,-0.5572917461395264,0
0.7689541578292847,0.0257955864071846,0.4695589542388916,0.6036713123321533,-0.43055155873298645,0.3967329263687134,-0.541118323802948,0.841698944568634,0.03538402542471886,0.24450190365314484,1,0.743615448474884,0.03991958126425743,0.5640872716903687,0.642653226852417,-0.3958580791950226,0.3441423773765564,-0.5584434866905212,0
0.7677575945854187,0.027061820030212402,0.4777282774448395,0.6072885990142822,-0.4276654124259949,0.39234301447868347,-0.5425584316253662,0.8433356285095215,0.037092313170433044,0.25357285141944885,1,0.7408398985862732,0.04129081219434738,0.5720648169517517,0.6460649967193604,-0.3927956521511078,0.33940765261650085,-0.5595659613609314,0
0.7664206027984619,0.028341252356767654,0.48589783906936646,0.6108918786048889,-0.4247623383998871,0.38791972398757935,-0.5439726114273071,0.8448227643966675,0.03882524371147156,0.262685626745224,1,0.7379273772239685,0.042666226625442505,0.5799975395202637,0.6494513154029846,-0.3897234797477722,0.3346503973007202,-0.5606582760810852,0
0.76494300365448,0.029632989317178726,0.4940630793571472,0.6144798994064331,-0.4218432903289795,0.38346436619758606,-0.5453600883483887,0.8461589217185974,0.04058150202035904,0.27183568477630615,1,0.7348785400390625,0.044044628739356995,0.5878838300704956,0.652812123298645,-0.386641263961792,0.3298702836036682,-0.5617208480834961,0
0.7633242607116699,0.03093644231557846,0.5022209286689758,0.6180518269538879,-0.4189085364341736,0.37897732853889465,-0.5467207431793213,0.847342848777771,0.042359933257102966,0.28101861476898193,1,0.7316941618919373,0.045425865799188614,0.5957211256027222,0.6561471819877625,-0.38354912400245667,0.3250678777694702,-0.5627537965774536,0
0.7615647912025452,0.03225095570087433,0.5103670954704285,0.6216068863868713,-0.4159587025642395,0.3744594156742096,-0.5480539798736572,0.8483733534812927,0.044159550219774246,0.29023030400276184,1,0.7283756732940674,0.046808645129203796,0.6035064458847046,0.6594558358192444,-0.3804473280906677,0.32024335861206055,-0.563757061958313,0
0.7596641778945923,0.03357531130313873,0.5184983015060425,0.6251440644264221,-0.4129938781261444,0.3699113726615906,-0.5493600368499756,0.8492494821548462,0.045979440212249756,0.29946672916412354,1,0.7249228954315186,0.04819295182824135,0.6112384796142578,0.6627382636070251,-0.3773356080055237,0.315396785736084,-0.5647304654121399,0
0.7576228380203247,0.03490918502211571,0.5266107320785522,0.6286622881889343,-0.4100152254104614,0.36533403396606445,-0.5506380200386047,0.8499703407287598,0.047818634659051895,0.30872395634651184,1,0.7213377952575684,0.049577485769987106,0.6189141273498535,0.6659935712814331,-0.3742145895957947,0.31052887439727783,-0.5656745433807373,0
0.7554407119750977,0.03625115752220154,0.5347012877464294,0.6321609616279602,-0.4070221781730652,0.3607276976108551,-0.5518884062767029,0.8505353331565857,0.04967622086405754,0.31799817085266113,1,0.7176207304000854,0.05096212774515152,0.6265313625335693,0.6692221164703369,-0.3710840940475464,0.3056391477584839,-0.5665888786315918,0
0.7531181573867798,0.03760113939642906,0.5427665114402771,0.6356396079063416,-0.40401574969291687,0.3560931086540222,-0.5531105399131775,0.8509438037872314,0.051551323384046555,0.3272857069969177,1,0.7137725949287415,0.05234568566083908,0.634088397026062,0.6724231839179993,-0.3679439127445221,0.3007281720638275,-0.5674740672111511,0
0.7506556510925293,0.03895804286003113,0.5508033037185669,0.6390972137451172,-0.4009958505630493,0.3514308035373688,-0.5543044209480286,0.8511953949928284,0.05344315245747566,0.3365829586982727,1,0.7097949385643005,0.053728025406599045,0.6415822505950928,0.6755965352058411,-0.36479470133781433,0.2957962155342102,-0.5683297514915466,0
0.748053252696991,0.040321167558431625,0.5588088035583496,0.6425332427024841,-0.3979630172252655,0.3467411398887634,-0.5554699897766113,0.8512896299362183,0.05535084381699562,0.3458864092826843,1,0.7056884169578552,0.05510794371366501,0.6490111351013184,0.6787421703338623,-0.36163607239723206,0.29084333777427673,-0.5691558718681335,0
0.7453120350837708,0.04168957471847534,0.5667793154716492,0.6459469795227051,-0.3949175775051117,0.3420250117778778,-0.5566071271896362,0.8512263298034668,0.05727357789874077,0.3551926612854004,1,0.7014540433883667,0.056485310196876526,0.6563732624053955,0.6818594932556152,-0.35846832394599915,0.28586962819099426,-0.5699530839920044,0
0.7424321174621582,0.04306257516145706,0.574712336063385,0.649337887763977,-0.3918595314025879,0.33728256821632385,-0.557715654373169,0.8510053157806396,0.059210460633039474,0.3644982576370239,1,0.6970937252044678,0.05785919725894928,0.663665235042572,0.6849482655525208,-0.3552919328212738,0.2808759808540344,-0.5707205533981323,0
0.7394139170646667,0.044439513236284256,0.5826050043106079,0.6527054905891418,-0.38878944516181946,0.33251407742500305,-0.5587956309318542,0.8506265878677368,0.06116070598363876,0.37379997968673706,1,0.6926079988479614,0.059228699654340744,0.6708859205245972,0.6880083084106445,-0.35210636258125305,0.2758624255657196,-0.5714591145515442,0
0.7362583875656128,0.045819707214832306,0.5904547572135925,0.6560495495796204,-0.38570716977119446,0.3277200758457184,-0.5598468780517578,0.8500900268554688,0.06312350928783417,0.38309457898139954,1,0.687998354434967,0.06059369444847107,0.6780328154563904,0.6910392045974731,-0.3489121198654175,0.2708287835121155,-0.5721685290336609,0
0.7329665422439575,0.047202423214912415,0.5982579588890076,0.6593688726425171,-0.3826133608818054,0.3229013979434967,-0.5608692765235901,0.849395751953125,0.06509812921285629,0.39237889647483826,1,0.6832660436630249,0.061952993273735046,0.6851037740707397,0.6940405368804932,-0.34570935368537903,0.26577553153038025,-0.5728490352630615,0
0.7295384407043457,0.04858677089214325,0.6060128808021545,0.6626635789871216,-0.37950772047042847,0.3180575668811798,-0.5618631839752197,0.8485440015792847,0.06708371639251709,0.40164974331855774,1,0.6784122586250305,0.06330649554729462,0.6920969486236572,0.6970126032829285,-0.3424975574016571,0.2607027292251587,-0.573500394821167,0
0.7259752154350281,0.049972016364336014,0.6137165427207947,0.6659329533576965,-0.37639057636260986,0.31318947672843933,-0.5628281831741333,0.8475349545478821,0.0690794587135315,0.4109041094779968,1,0.673438549041748,0.06465308368206024,0.6990100145339966,0.6999545693397522,-0.33927759528160095,0.2556108832359314,-0.5741230249404907,0
0.7222780585289001,0.05135750025510788,0.6213659644126892,0.6691767573356628,-0.3732622563838959,0.3082975149154663,-0.5637643337249756,0.8463689088821411,0.07108459621667862,0.4201389253139496,1,0.6683460474014282,0.0659925788640976,0.7058411836624146,0.7028663754463196,-0.3360491394996643,0.2505001127719879,-0.5747168064117432,0
0.7184473872184753,0.052742838859558105,0.6289589405059814,0.672394335269928,-0.37012290954589844,0.3033817410469055,-0.5646718144416809,0.8450462818145752,0.07309837639331818,0.42935124039649963,1,0.6631365418434143,0.06732390820980072,0.7125881910324097,0.7057478427886963,-0.3328121602535248,0.24537067115306854,-0.5752818584442139,0
0.7144843339920044,0.0541268065571785,0.6364931464195251,0.6755855083465576,-0.3669723868370056,0.29844242334365845,-0.5655505657196045,0.8435674905776978,0.0751199722290039,0.438538134098053,1,0.6578115224838257,0.06864694505929947,0.7192489504814148,0.7085983753204346,-0.3295675814151764,0.2402229756116867,-0.5758180022239685,0
0.7103900909423828,0.05550895631313324,0.6439655423164368,0.6787497997283936,-0.36381131410598755,0.29348015785217285,-0.566400408744812,0.841933012008667,0.07714865356683731,0.447696715593338,1,0.6523723006248474,0.06996054947376251,0.7258217334747314,0.7114178538322449,-0.3263145685195923,0.23505713045597076,-0.5763258934020996,0
0.7061653137207031,0.05688841640949249,0.651374340057373,0.6818864941596985,-0.36063945293426514,0.288495272397995,-0.5672215819358826,0.8401433229446411,0.07918361574411392,0.45682409405708313,1,0.6468205451965332,0.07126464694738388,0.7323043942451477,0.7142061591148376,-0.3230537474155426,0.22987350821495056,-0.5768048763275146,0
0.7018117904663086,0.05826498940587044,0.658716082572937,0.6849956512451172,-0.3574574589729309,0.2834881544113159,-0.5680136680603027,0.8381991386413574,0.08122407644987106,0.4659174084663391,1,0.641157865524292,0.07255817204713821,0.7386951446533203,0.7169628143310547,-0.3197851777076721,0.22467204928398132,-0.5772556662559509,0
0.697330117225647,0.059637267142534256,0.6659894585609436,0.6880766153335571,-0.3542647361755371,0.2784588932991028,-0.568777322769165,0.8361011147499084,0.08326931297779083,0.4749739170074463,1,0.6353853940963745,0.07384099811315536,0.7449924349784851,0.719687819480896,-0.3165084719657898,0.21945331990718842,-0.5776780843734741,0
0.692721426486969,0.06100538745522499,0.6731917858123779,0.6911292672157288,-0.35106199979782104,0.27340736985206604,-0.569512128829956,0.8338499665260315,0.08531849831342697,0.4839908182621002,1,0.6295053362846375,0.07511207461357117,0.7511940598487854,0.7223806381225586,-0.3132242262363434,0.2142171412706375,-0.5780724287033081,0
0.6879874467849731,0.06236783415079117,0.6803202629089355,0.6941529512405396,-0.3478492498397827,0.26833465695381165,-0.5702184438705444,0.8314464688301086,0.08737090229988098,0.4929654598236084,1,0.6235193014144897,0.07637131959199905,0.7572981715202332,0.7250411510467529,-0.30993252992630005,0.20896419882774353,-0.5784384608268738,0
0.6831291317939758,0.06372455507516861,0.6873733997344971,0.6971473097801208,-0.3446264863014221,0.2632405757904053,-0.5708962082862854,0.8288914561271667,0.08942572772502899,0.5018950700759888,1,0.617429256439209,0.07761765271425247,0.7633028030395508,0.7276691198348999,-0.3066332936286926,0.20369482040405273,-0.5787763595581055,0
0.6781477332115173,0.06507488340139389,0.6943483948707581,0.7001124620437622,-0.3413940370082855,0.25812554359436035,-0.5715450644493103,0.8261858224868774,0.0914822593331337,0.5107770562171936,1,0.6112363338470459,0.07885104417800903,0.7692065238952637,0.7302641868591309,-0.3033269941806793,0.19840887188911438,-0.5790861248970032,0
0.6730448007583618,0.06641767174005508,0.7012432217597961,0.7030477523803711,-0.33815181255340576,0.2529897689819336,-0.5721655488014221,0.8233304023742676,0.09353980422019958,0.5196087956428528,1,0.6049428582191467,0.0800703763961792,0.775007426738739,0.7328259944915771,-0.3000132441520691,0.19310696423053741,-0.5793684124946594,0
0.6678217649459839,0.06775278598070145,0.7080557942390442,0.7059527039527893,-0.3348999619483948,0.2478337436914444,-0.5727574229240417,0.8203263282775879,0.0955975130200386,0.5283875465393066,1,0.59855055809021,0.08127550780773163,0.7807036638259888,0.7353546023368835,-0.29669255018234253,0.18778929114341736,-0.5796224474906921,0
0.6624798774719238,0.06907933950424194,0.7147837281227112,0.7088271975517273,-0.33163899183273315,0.24265743792057037,-0.5733208656311035,0.81717449426651,0.09765472263097763,0.5371109247207642,1,0.5920609831809998,0.08246606588363647,0.7862939834594727,0.7378496527671814,-0.29336467385292053,0.1824558526277542,-0.5798490047454834,0
0.6570207476615906,0.07039698958396912,0.7214250564575195,0.711670994758606,-0.3283684551715851,0.23746132850646973,-0.5738559365272522,0.8138760924339294,0.09971065819263458,0.5457763075828552,1,0.5854760408401489,0.08364108949899673,0.7917767763137817,0.7403107285499573,-0.2900298237800598,0.17710711061954498,-0.5800480246543884,0
0.6514461636543274,0.07170458883047104,0.7279775738716125,0.714483380317688,-0.3250889778137207,0.23224569857120514,-0.5743627548217773,0.8104321360588074,0.10176466405391693,0.5543811917304993,1,0.5787980556488037,0.08480049669742584,0.7971498370170593,0.742737889289856,-0.2866883873939514,0.171743243932724,-0.5802192687988281,0
0.6457573175430298,0.07300207763910294,0.7344392538070679,0.7172644138336182,-0.32180044054985046,0.22701075673103333,-0.5748410820960999,0.8068439364433289,0.10381588339805603,0.5629230737686157,1,0.5720288157463074,0.08594334870576859,0.8024119734764099,0.7451303601264954,-0.28334012627601624,0.16636471450328827,-0.5803635120391846,0
0.6399556398391724,0.07428832352161407,0.7408085465431213,0.7200136780738831,-0.31850242614746094,0.22175681591033936,-0.5752915740013123,0.8031126260757446,0.10586366057395935,0.5713995099067688,1,0.5651702880859375,0.08706961572170258,0.8075615167617798,0.7474884986877441,-0.2799854874610901,0.1609714776277542,-0.58048015832901,0
0.6340432167053223,0.07556325197219849,0.7470828294754028,0.7227308750152588,-0.3151960074901581,0.21648423373699188,-0.575713574886322,0.799239456653595,0.10790729522705078,0.5798080563545227,1,0.5582243800163269,0.08817841112613678,0.8125972747802734,0.7498117685317993,-0.27662405371665955,0.15556418895721436,-0.5805696249008179,0
0.628021776676178,0.07682576030492783,0.7532602548599243,0.7254155278205872,-0.31188079714775085,0.21119287610054016,-0.5761076807975769,0.7952256798744202,0.1099461242556572,0.5881463289260864,1,0.5508981943130493,0.0893147885799408,0.8177199363708496,0.7521945834159851,-0.27311596274375916,0.14991667866706848,-0.5806340575218201,0
0.6218819618225098,0.07807844132184982,0.7593502402305603,0.7280742526054382,-0.3085515797138214,0.20587320625782013,-0.5764719843864441,0.791065514087677,0.11198433488607407,0.5964270830154419,1,0.5434820055961609,0.09043120592832565,0.8227156400680542,0.754538893699646,-0.2696012258529663,0.14425420761108398,-0.5806692242622375,0
0.6156187653541565,0.07932077348232269,0.7653555870056152,0.7307077050209045,-0.30520403385162354,0.20052027702331543,-0.576808750629425,0.7867553234100342,0.11402280628681183,0.6046555638313293,1,0.5359777808189392,0.09152739495038986,0.8275830745697021,0.756844699382782,-0.26607972383499146,0.13857726752758026,-0.5806754231452942,0
0.6092298626899719,0.08055359125137329,0.7712759971618652,0.7333164811134338,-0.30183741450309753,0.19513216614723206,-0.5771173238754272,0.7822934985160828,0.11606086790561676,0.6128316521644592,1,0.5283881425857544,0.09260284155607224,0.8323202729225159,0.7591116428375244,-0.2625519037246704,0.13288605213165283,-0.5806524753570557,0
0.6027165651321411,0.08177540451288223,0.777108371257782,0.7358987927436829,-0.2984517514705658,0.18970924615859985,-0.5773991942405701,0.7776798605918884,0.11809774488210678,0.6209526658058167,1,0.5207154750823975,0.09365727752447128,0.8369259238243103,0.7613394856452942,-0.2590175271034241,0.12718085944652557,-0.5806005597114563,0
0.5960800647735596,0.08298570662736893,0.7828497290611267,0.7384541034698486,-0.29504746198654175,0.1842523068189621,-0.5776534676551819,0.772915244102478,0.12013217806816101,0.6290145516395569,1,0.512962281703949,0.09468988329172134,0.8413987755775452,0.7635279893875122,-0.2554769814014435,0.12146195024251938,-0.58051997423172,0
0.5893229842185974,0.08418351411819458,0.7884957194328308,0.7409810423851013,-0.29162511229515076,0.17876265943050385,-0.5778803825378418,0.7680010199546814,0.12216299027204514,0.6370127201080322,1,0.5051313042640686,0.09570038318634033,0.8457368612289429,0.7656766176223755,-0.2519305646419525,0.11573000997304916,-0.5804108381271362,0
0.5824483036994934,0.08536764234304428,0.7940423488616943,0.7434781789779663,-0.2881857454776764,0.17324179410934448,-0.5780798196792603,0.7629388570785522,0.1241888627409935,0.6449423432350159,1,0.4972239136695862,0.09668838977813721,0.84993976354599,0.7677856683731079,-0.2483776956796646,0.10998476296663284,-0.5802732706069946,0
0.5754589438438416,0.08653716742992401,0.7994856834411621,0.7459446787834167,-0.2847302556037903,0.16769130527973175,-0.5782514214515686,0.7577308416366577,0.12620855867862701,0.6527985334396362,1,0.4892440140247345,0.09765365719795227,0.8540053367614746,0.7698545455932617,-0.24481932818889618,0.10422694683074951,-0.5801070332527161,0
0.5683578252792358,0.08769133687019348,0.8048223853111267,0.7483792901039124,-0.28125932812690735,0.1621122509241104,-0.5783952474594116,0.7523790001869202,0.12822088599205017,0.6605764627456665,1,0.48119333386421204,0.09859542548656464,0.8579326868057251,0.771882951259613,-0.24125491082668304,0.09845664352178574,-0.5799129009246826,0
0.561148464679718,0.08882906287908554,0.8100483417510986,0.7507812976837158,-0.277773916721344,0.15650661289691925,-0.5785108208656311,0.7468856573104858,0.13022464513778687,0.6682717800140381,1,0.47307443618774414,0.09951350092887878,0.861720621585846,0.7738708257675171,-0.2376849502325058,0.09267409890890121,-0.5796906352043152,0
0.553834080696106,0.08994967490434647,0.8151603937149048,0.7531493306159973,-0.27427518367767334,0.15087537467479706,-0.5785982012748718,0.7412531971931458,0.13221867382526398,0.6758800745010376,1,0.46489089727401733,0.10040752589702606,0.865367591381073,0.7758176922798157,-0.2341098040342331,0.08688046038150787,-0.5794403553009033,0
0.5464178919792175,0.09105230867862701,0.8201552033424377,0.7554828524589539,-0.2707633674144745,0.14522016048431396,-0.5786570310592651,0.7354838848114014,0.13420194387435913,0.6833972930908203,1,0.4566439986228943,0.10127732902765274,0.868872880935669,0.7777237892150879,-0.23052921891212463,0.08107496052980423,-0.5791621804237366,0
0.5389032363891602,0.0921361893415451,0.825029730796814,0.7577807903289795,-0.26723945140838623,0.139541894197464,-0.5786876678466797,0.7295801639556885,0.13617345690727234,0.6908196210861206,1,0.448337197303772,0.10212220996618271,0.8722353577613831,0.7795883417129517,-0.2269432693719864,0.07525847107172012,-0.5788564682006836,0
0.5312929749488831,0.09320065379142761,0.8297812938690186,0.7600425481796265,-0.2637041211128235,0.13384170830249786,-0.5786896347999573,0.7235445976257324,0.13813218474388123,0.6981434226036072,1,0.43997320532798767,0.10294204205274582,0.875453770160675,0.7814112901687622,-0.22335243225097656,0.0694311261177063,-0.5785233378410339,0
0.5235902070999146,0.09424501657485962,0.834407389163971,0.762267529964447,-0.26015761494636536,0.12812046706676483,-0.5786632895469666,0.7173795700073242,0.14007724821567535,0.7053651809692383,1,0.43155431747436523,0.10373656451702118,0.8785273432731628,0.7831925749778748,-0.21975643932819366,0.0635933130979538,-0.5781627893447876,0
0.5157985091209412,0.09526868164539337,0.8389050364494324,0.7644550800323486,-0.25660082697868347,0.12237964570522308,-0.5786082744598389,0.7110876441001892,0.1420077234506607,0.712481677532196,1,0.4230836033821106,0.10450556874275208,0.8814548254013062,0.784932017326355,-0.2161559909582138,0.05774558335542679,-0.5777748227119446,0
0.5079200863838196,0.09627098590135574,0.8432729244232178,0.7666046023368835,-0.2530338168144226,0.11661916226148605,-0.5785249471664429,0.7046713829040527,0.14392277598381042,0.7194898128509521,1,0.41456323862075806,0.10524854809045792,0.8842358589172363,0.7866289019584656,-0.21255062520503998,0.05188790336251259,-0.577360212802887,0
0.4999591112136841,0.09725137054920197,0.8475079536437988,0.7687155604362488,-0.24945767223834991,0.1108408272266388,-0.5784130096435547,0.6981332898139954,0.14582158625125885,0.7263866662979126,1,0.40599626302719116,0.10596537590026855,0.8868693709373474,0.78828364610672,-0.20894081890583038,0.04602072387933731,-0.5769183039665222,0
0.49191775918006897,0.09820939600467682,0.851608395576477,0.770787239074707,-0.24587230384349823,0.10504483431577682,-0.5782726407051086,0.6914759874343872,0.1477033793926239,0.733169436454773,1,0.39738598465919495,0.10665582865476608,0.8893542885780334,0.7898952960968018,-0.20532673597335815,0.040144726634025574,-0.576449990272522,0
0.4837995171546936,0.09914441406726837,0.8555724620819092,0.772819459438324,-0.24227820336818695,0.09923215210437775,-0.5781040191650391,0.6847020387649536,0.14956745505332947,0.7398354411125183,1,0.3887339234352112,0.10731985419988632,0.8916903734207153,0.7914642691612244,-0.20170822739601135,0.034259431064128876,-0.5759551525115967,0
0.47560814023017883,0.10005580633878708,0.8593977689743042,0.7748114466667175,-0.23867645859718323,0.09340409934520721,-0.5779069662094116,0.6778140068054199,0.15141308307647705,0.7463821768760681,1,0.38004425168037415,0.10795692354440689,0.8938763737678528,0.7929902672767639,-0.1980856955051422,0.028366096317768097,-0.575433611869812,0
0.4673452377319336,0.10094354301691055,0.86308354139328,0.7767629623413086,-0.23506633937358856,0.08756013959646225,-0.577681839466095,0.6708146929740906,0.15323950350284576,0.7528071999549866,1,0.37131866812705994,0.10856702923774719,0.8959121704101562,0.7944728136062622,-0.1944592148065567,0.022464284673333168,-0.5748860239982605,0
0.4590143859386444,0.10180686414241791,0.8666276931762695,0.7786736488342285,-0.23144851624965668,0.08170139789581299,-0.5774286389350891,0.6637066006660461,0.15504615008831024,0.7591082453727722,1,0.3625604212284088,0.1091499999165535,0.8977970480918884,0.7959117293357849,-0.1908288449048996,0.016554540023207664,-0.5743123888969421,0
