0.3625604212284088,0.1091499999165535,0.8977970480918884,0.7959117293357849,-0.1908288449048996,0.016554540023207664,-0.5743123888969421,0.7470123171806335,0.02666926383972168,0.019999999552965164,0,0.3625604212284088,0.1091499999165535,0.8977970480918884,0.7959117293357849,-0.1908288449048996,0.016554540023207664,-0.5743123888969421,1
0.3628040552139282,0.10916154831647873,0.8976776003837585,0.7959170937538147,-0.19090838730335236,0.016660241410136223,-0.5742754340171814,0.7470123171806335,0.02666926383972168,0.01981772482395172,0,0.3625604212284088,0.1091499999165535,0.8977970480918884,0.7959117293357849,-0.1908288449048996,0.016554540023207664,-0.5743123888969421,1
0.3632446825504303,0.10916890949010849,0.8974825739860535,0.7959179878234863,-0.1910729855298996,0.016885489225387573,-0.574212908744812,0.7470123171806335,0.02666926383972168,0.019884353503584862,0,0.3625604212284088,0.1091499999165535,0.8977970480918884,0.7959117293357849,-0.1908288449048996,0.016554540023207664,-0.5743123888969421,1
0.36376747488975525,0.10917111486196518,0.8972581028938293,0.7959133982658386,-0.1912766695022583,0.017166968435049057,-0.5741432309150696,0.7470123171806335,0.02666926383972168,0.019923372194170952,0,0.3625604212284088,0.1091499999165535,0.8977970480918884,0.7959117293357849,-0.1908288449048996,0.016554540023207664,-0.5743123888969421,1
0.3643089532852173,0.10917005687952042,0.8970283269882202,0.7959052920341492,-0.1914910078048706,0.01746424101293087,-0.5740739107131958,0.7470123171806335,0.02666926383972168,0.019946129992604256,0,0.3625604212284088,0.1091499999165535,0.8977970480918884,0.7959117293357849,-0.1908288449048996,0.016554540023207664,-0.5743123888969421,1
0.36483412981033325,0.10916749387979507,0.8968064785003662,0.7958957552909851,-0.19170089066028595,0.017755331471562386,-0.5740082263946533,0.7470123171806335,0.02666926383972168,0.019959425553679466,0,0.3625604212284088,0.1091499999165535,0.8977970480918884,0.7959117293357849,-0.1908288449048996,0.016554540023207664,-0.5743123888969421,1
0.3653259873390198,0.10916423052549362,0.8965990543365479,0.7958859801292419,-0.19189804792404175,0.01802937313914299,-0.5739471912384033,0.7470123171806335,0.02666926383972168,0.019967196509242058,0,0.3625604212284088,0.1091499999165535,0.8977970480918884,0.7959117293357849,-0.1908288449048996,0.016554540023207664,-0.5743123888969421,1
0.36577728390693665,0.10916095972061157,0.89640873670578,0.7958768010139465,-0.19207923114299774,0.01828133687376976,-0.5738914608955383,0.7470123171806335,0.02666926383972168,0.01997174322605133,0,0.3625604212284088,0.1091499999165535,0.8977970480918884,0.7959117293357849,-0.1908288449048996,0.016554540023207664,-0.5743123888969421,1
0.366186261177063,0.10915781557559967,0.8962359428405762,0.7958679795265198,-0.1922435611486435,0.018509861081838608,-0.5738412737846375,0.7470123171806335,0.02666926383972168,0.019974403083324432,0,0.3625604212284088,0.1091499999165535,0.8977970480918884,0.7959117293357849,-0.1908288449048996,0.016554540023207664,-0.5743123888969421,1
0.3665536642074585,0.1091550812125206,0.8960806727409363,0.7958602905273438,-0.19239117205142975,0.01871492713689804,-0.5737957954406738,0.7470123171806335,0.02666926383972168,0.01997595839202404,0,0.3625604212284088,0.1091499999165535,0.8977970480918884,0.7959117293357849,-0.1908288449048996,0.016554540023207664,-0.5743123888969421,1
0.36688217520713806,0.10915274918079376,0.895941436290741,0.7958534359931946,-0.1925230473279953,0.018898339942097664,-0.5737552642822266,0.7470123171806335,0.02666926383972168,0.019976869225502014,0,0.3625604212284088,0.1091499999165535,0.8977970480918884,0.7959117293357849,-0.1908288449048996,0.016554540023207664,-0.5743123888969421,1
0.3671749234199524,0.10915068536996841,0.8958170413970947,0.7958471775054932,-0.1926405429840088,0.019061513245105743,-0.5737189054489136,0.7470123171806335,0.02666926383972168,0.019977401942014694,0,0.3625604212284088,0.1091499999165535,0.8977970480918884,0.7959117293357849,-0.1908288449048996,0.016554540023207664,-0.5743123888969421,1
0.36743536591529846,0.10914917290210724,0.8957062363624573,0.7958419322967529,-0.19274485111236572,0.019206577911973,-0.5736864805221558,0.7470123171806335,0.02666926383972168,0.019977713003754616,0,0.3625604212284088,0.1091499999165535,0.8977970480918884,0.7959117293357849,-0.1908288449048996,0.016554540023207664,-0.5743123888969421,1
0.3676663637161255,0.10914792865514755,0.8956077694892883,0.7958371639251709,-0.19283725321292877,0.019334783777594566,-0.5736575722694397,0.7470123171806335,0.02666926383972168,0.01997789368033409,0,0.3625604212284088,0.1091499999165535,0.8977970480918884,0.7959117293357849,-0.1908288449048996,0.016554540023207664,-0.5743123888969421,1
0.3678717017173767,0.10914682596921921,0.8955199718475342,0.7958332300186157,-0.1929192990064621,0.019448645412921906,-0.573631763458252,0.7470123171806335,0.02666926383972168,0.019978001713752747,0,0.3625604212284088,0.1091499999165535,0.8977970480918884,0.7959117293357849,-0.1908288449048996,0.016554540023207664,-0.5743123888969421,1
0.3680533766746521,0.10914600640535355,0.8954421877861023,0.795829713344574,-0.19299162924289703,0.01954904943704605,-0.5736088156700134,0.7470123171806335,0.02666926383972168,0.01997806318104267,0,0.3625604212284088,0.1091499999165535,0.8977970480918884,0.7959117293357849,-0.1908288449048996,0.016554540023207664,-0.5743123888969421,1
0.3682141900062561,0.10914544761180878,0.8953732252120972,0.79582679271698,-0.19305557012557983,0.01963799074292183,-0.5735883712768555,0.7470123171806335,0.02666926383972168,0.019978100433945656,0,0.3625604212284088,0.1091499999165535,0.8977970480918884,0.7959117293357849,-0.1908288449048996,0.016554540023207664,-0.5743123888969421,1
0.3683570623397827,0.10914503037929535,0.8953116536140442,0.7958241105079651,-0.19311225414276123,0.019716612994670868,-0.5735701322555542,0.7470123171806335,0.02666926383972168,0.019978120923042297,0,0.3625604212284088,0.1091499999165535,0.8977970480918884,0.7959117293357849,-0.1908288449048996,0.016554540023207664,-0.5743123888969421,1
0.36848360300064087,0.10914475470781326,0.8952572345733643,0.7958218455314636,-0.1931624412536621,0.019786084070801735,-0.5735539793968201,0.7470123171806335,0.02666926383972168,0.019978133961558342,0,0.3625604212284088,0.1091499999165535,0.8977970480918884,0.7959117293357849,-0.1908288449048996,0.016554540023207664,-0.5743123888969421,1
0.36859551072120667,0.10914462059736252,0.8952088356018066,0.7958201169967651,-0.19320662319660187,0.019847365096211433,-0.5735394358634949,0.7470123171806335,0.02666926383972168,0.01997814141213894,0,0.3625604212284088,0.1091499999165535,0.8977970480918884,0.7959117293357849,-0.1908288449048996,0.016554540023207664,-0.5743123888969421,1
0.36869457364082336,0.10914447903633118,0.8951660394668579,0.7958184480667114,-0.1932457685470581,0.01990160159766674,-0.5735267996788025,0.7470123171806335,0.02666926383972168,0.019978145137429237,0,0.3625604212284088,0.1091499999165535,0.8977970480918884,0.7959117293357849,-0.1908288449048996,0.016554540023207664,-0.5743123888969421,1
0.3687824606895447,0.10914447903633118,0.8951278328895569,0.795816957950592,-0.19328033924102783,0.01994943805038929,-0.5735154151916504,0.7470123171806335,0.02666926383972168,0.019978148862719536,0,0.3625604212284088,0.1091499999165535,0.8977970480918884,0.7959117293357849,-0.1908288449048996,0.016554540023207664,-0.5743123888969421,1
0.36886000633239746,0.10914461314678192,0.895094096660614,0.7958159446716309,-0.19331079721450806,0.019991593435406685,-0.5735051035881042,0.7470123171806335,0.02666926383972168,0.019978148862719536,0,0.3625604212284088,0.1091499999165535,0.8977970480918884,0.7959117293357849,-0.1908288449048996,0.016554540023207664,-0.5743123888969421,1
0.36892861127853394,0.10914474725723267,0.8950642347335815,0.7958149909973145,-0.19333770871162415,0.02002882771193981,-0.5734960436820984,0.7470123171806335,0.02666926383972168,0.019978148862719536,0,0.3625604212284088,0.1091499999165535,0.8977970480918884,0.7959117293357849,-0.1908288449048996,0.016554540023207664,-0.5743123888969421,1
0.3689894676208496,0.10914488881826401,0.8950377106666565,0.7958140969276428,-0.1933615803718567,0.020061763003468513,-0.5734882354736328,0.7470123171806335,0.02666926383972168,0.019978148862719536,0,0.3625604212284088,0.1091499999165535,0.8977970480918884,0.7959117293357849,-0.1908288449048996,0.016554540023207664,-0.5743123888969421,1
0.3690434694290161,0.10914502292871475,0.8950141072273254,0.7958134412765503,-0.1933826208114624,0.020090937614440918,-0.5734809041023254,0.7470123171806335,0.02666926383972168,0.019978148862719536,0,0.3625604212284088,0.1091499999165535,0.8977970480918884,0.7959117293357849,-0.1908288449048996,0.016554540023207664,-0.5743123888969421,1
0.3690912425518036,0.10914530605077744,0.8949931859970093,0.7958129048347473,-0.1934012621641159,0.02011662721633911,-0.5734745860099792,0.7470123171806335,0.02666926383972168,0.019978148862719536,0,0.3625604212284088,0.1091499999165535,0.8977970480918884,0.7959117293357849,-0.1908288449048996,0.016554540023207664,-0.5743123888969421,1
0.3691335916519165,0.10914543271064758,0.8949745893478394,0.7958122491836548,-0.19341766834259033,0.02013932727277279,-0.5734689831733704,0.7470123171806335,0.02666926383972168,0.019978148862719536,0,0.3625604212284088,0.1091499999165535,0.8977970480918884,0.7959117293357849,-0.1908288449048996,0.016554540023207664,-0.5743123888969421,1
0.369171142578125,0.10914570838212967,0.894957959651947,0.7958120107650757,-0.19343216717243195,0.020159302279353142,-0.5734638571739197,0.7470123171806335,0.02666926383972168,0.019978148862719536,0,0.3625604212284088,0.1091499999165535,0.8977970480918884,0.7959117293357849,-0.1908288449048996,0.016554540023207664,-0.5743123888969421,1
0.36920416355133057,0.10914599150419235,0.8949434161186218,0.795811653137207,-0.19344498217105865,0.020176958292722702,-0.5734593868255615,0.7470123171806335,0.02666926383972168,0.019978148862719536,0,0.3625604212284088,0.1091499999165535,0.8977970480918884,0.7959117293357849,-0.1908288449048996,0.016554540023207664,-0.5743123888969421,1
0.36923354864120483,0.1091461256146431,0.8949304223060608,0.7958112955093384,-0.1934562772512436,0.020192500203847885,-0.5734555721282959,0.7470123171806335,0.02666926383972168,0.019978148862719536,0,0.36923354864120483,0.1091461256146431,0.8949304223060608,0.7958112955093384,-0.1934562772512436,0.020192500203847885,-0.5734555721282959,1
0.3694966435432434,0.10915748029947281,0.8948008418083191,0.7958157062530518,-0.1935444176197052,0.020310046151280403,-0.5734154582023621,0.7470123171806335,0.02666926383972168,0.019978148862719536,0,0.3757687509059906,0.10872997343540192,0.893605649471283,0.794512152671814,-0.19674474000930786,0.025882231071591377,-0.573909342288971,1
0.37027209997177124,0.10914306342601776,0.8945869207382202,0.7957227826118469,-0.19387856125831604,0.020880863070487976,-0.5734109878540039,0.7470123171806335,0.02666926383972168,0.019978148862719536,0,0.38228341937065125,0.1082993820309639,0.8921902179718018,0.7931719422340393,-0.20003199577331543,0.03156280145049095,-0.5743422508239746,1
0.37158825993537903,0.10909266769886017,0.8942747712135315,0.7955159544944763,-0.194492369890213,0.021938743069767952,-0.5734508037567139,0.7470123171806335,0.02666926383972168,0.019978148862719536,0,0.38877588510513306,0.10785457491874695,0.8906841278076172,0.7917912602424622,-0.20331768691539764,0.03723372519016266,-0.5747538805007935,1
0.37342748045921326,0.10900595039129257,0.8938555121421814,0.7951996326446533,-0.19537541270256042,0.023459410294890404,-0.5735291242599487,0.7470123171806335,0.02666926383972168,0.019978148862719536,0,0.395244836807251,0.10739561915397644,0.8890879154205322,0.7903701663017273,-0.20660188794136047,0.04289476200938225,-0.5751441121101379,1
0.37575608491897583,0.10888420045375824,0.8933262228965759,0.7947802543640137,-0.19650934636592865,0.02540832757949829,-0.573639988899231,0.7470123171806335,0.02666926383972168,0.019978148862719536,0,0.40168964862823486,0.10692260414361954,0.8874017596244812,0.7889086604118347,-0.20988449454307556,0.04854573681950569,-0.5755126476287842,1
0.37853237986564636,0.10872914642095566,0.892687201499939,0.7942638993263245,-0.19787317514419556,0.02774813212454319,-0.5737778544425964,0.7470123171806335,0.02666926383972168,0.019978148862719536,0,0.4081082046031952,0.10643574595451355,0.8856261372566223,0.7874072194099426,-0.2131653130054474,0.05418610945343971,-0.575859546661377,1
0.38171401619911194,0.10854269564151764,0.8919391632080078,0.7936563491821289,-0.1994451880455017,0.030441397801041603,-0.573937714099884,0.7470123171806335,0.02666926383972168,0.019978148862719536,0,0.41449975967407227,0.10593485832214355,0.8837612271308899,0.7858657240867615,-0.2164442092180252,0.059815965592861176,-0.576184868812561,1
0.3852587342262268,0.10832665860652924,0.8910837769508362,0.7929626703262329,-0.2012050598859787,0.03345271572470665,-0.5741146206855774,0.7470123171806335,0.02666926383972168,0.019978148862719536,0,0.4208631217479706,0.10542019456624985,0.8818073868751526,0.7842845320701599,-0.2197212278842926,0.06543467193841934,-0.5764880180358887,1
0.38912585377693176,0.10808246582746506,0.8901228904724121,0.7921867966651917,-0.2031327337026596,0.03674815595149994,-0.5743052959442139,0.7470123171806335,0.02666926383972168,0.019978148862719536,0,0.427196741104126,0.10489185154438019,0.8797652721405029,0.7826638221740723,-0.22299636900424957,0.07104217261075974,-0.5767693519592285,1
0.39328011870384216,0.10781130939722061,0.8890570998191833,0.7913327813148499,-0.20521116256713867,0.040297627449035645,-0.5745057463645935,0.7470123171806335,0.02666926383972168,0.019978148862719536,0,0.4334990978240967,0.10435011237859726,0.8776352405548096,0.7810038328170776,-0.22626908123493195,0.0766376405954361,-0.5770285129547119,1
0.3976863920688629,0.1075146421790123,0.8878883719444275,0.7904039025306702,-0.20742350816726685,0.04407297074794769,-0.5747125744819641,0.7470123171806335,0.02666926383972168,0.019978148862719536,0,0.4397698938846588,0.10379474610090256,0.8754174113273621,0.7793045043945312,-0.22953982651233673,0.08222164958715439,-0.5772654414176941,1
0.40231508016586304,0.10719341784715652,0.8866168856620789,0.7894033193588257,-0.2097555249929428,0.048049576580524445,-0.5749228000640869,0.7470123171806335,0.02666926383972168,0.019978148862719536,0,0.44600698351860046,0.10322606563568115,0.8731124997138977,0.7775661945343018,-0.23280800879001617,0.08779343962669373,-0.5774801969528198,1
0.40713807940483093,0.10684850066900253,0.8852436542510986,0.7883333563804626,-0.21219372749328613,0.052204787731170654,-0.5751338005065918,0.7470123171806335,0.02666926383972168,0.019978148862719536,0,0.45220935344696045,0.102644182741642,0.8707209825515747,0.775789201259613,-0.2360735982656479,0.0933522880077362,-0.57767254114151,1
0.4121299684047699,0.1064809188246727,0.8837698698043823,0.787196695804596,-0.2147265076637268,0.05651761218905449,-0.575343132019043,0.7470123171806335,0.02666926383972168,0.019978148862719536,0,0.4583764374256134,0.10204938799142838,0.8682430386543274,0.7739737033843994,-0.23933713138103485,0.09889893978834152,-0.5778420567512512,1
0.4172692894935608,0.10609132796525955,0.8821951746940613,0.7859951853752136,-0.21734324097633362,0.06097039207816124,-0.5755483508110046,0.7470123171806335,0.02666926383972168,0.019978148862719536,0,0.464506059885025,0.10144151002168655,0.8656795024871826,0.7721197605133057,-0.2425975501537323,0.10443206876516342,-0.5779891014099121,1
0.42253559827804565,0.1056804209947586,0.8805207014083862,0.7847312092781067,-0.22003473341464996,0.06554704904556274,-0.5757474303245544,0.7470123171806335,0.02666926383972168,0.019978148862719536,0,0.4705974757671356,0.10082082450389862,0.8630306124687195,0.7702274918556213,-0.2458553910255432,0.10995197296142578,-0.5781133770942688,1
0.4279107451438904,0.10524892807006836,0.8787469863891602,0.7834063768386841,-0.22279240190982819,0.07023264467716217,-0.5759385824203491,0.7470123171806335,0.02666926383972168,0.019978148862719536,0,0.4766497313976288,0.1001875102519989,0.8602969646453857,0.7682973742485046,-0.24911028146743774,0.11545850336551666,-0.5782149434089661,1
0.4333778917789459,0.10479745268821716,0.876874566078186,0.7820224165916443,-0.2256087064743042,0.07501376420259476,-0.5761201977729797,0.7470123171806335,0.02666926383972168,0.019978148862719536,0,0.4826609194278717,0.09954188019037247,0.8574793934822083,0.7663295865058899,-0.2523622214794159,0.12095071375370026,-0.5782933831214905,1
0.4389229714870453,0.1043265238404274,0.8749037981033325,0.7805811166763306,-0.22847698628902435,0.07987906038761139,-0.5762903690338135,0.7470123171806335,0.02666926383972168,0.019978148862719536,0,0.48863065242767334,0.0988837331533432,0.8545780181884766,0.7643240094184875,-0.25561127066612244,0.12642906606197357,-0.5783488750457764,1
0.4445328116416931,0.10383693128824234,0.872835636138916,0.779083788394928,-0.23139138519763947,0.084818035364151,-0.5764479637145996,0.7470123171806335,0.02666926383972168,0.019978148862719536,0,0.49455729126930237,0.09821342676877975,0.8515937924385071,0.762281060218811,-0.25885698199272156,0.13189266622066498,-0.5783811807632446,1
0.45019471645355225,0.10332886129617691,0.87067049741745,0.7775318622589111,-0.2343459129333496,0.0898207426071167,-0.576591968536377,0.7470123171806335,0.02666926383972168,0.019978148862719536,0,0.5004397034645081,0.09753110259771347,0.8485268950462341,0.760201096534729,-0.2620995044708252,0.13734173774719238,-0.5783903002738953,1
0.4558986723423004,0.10280290246009827,0.8684092164039612,0.7759265899658203,-0.23733662068843842,0.09487926959991455,-0.5767209529876709,0.7470123171806335,0.02666926383972168,0.019978148862719536,0,0.5062769055366516,0.09683696925640106,0.8453782200813293,0.7580841183662415,-0.26533856987953186,0.14277581870555878,-0.578376054763794,1
0.46163490414619446,0.10225951671600342,0.8660524487495422,0.774269163608551,-0.24035882949829102,0.09998588263988495,-0.5768340229988098,0.7470123171806335,0.02666926383972168,0.019978148862719536,0,0.5120674967765808,0.0961313545703888,0.8421485424041748,0.7559304237365723,-0.26857420802116394,0.14819419384002686,-0.5783385038375854,1
0.46739423274993896,0.10169941931962967,0.8636007905006409,0.772561252117157,-0.24340862035751343,0.10513340681791306,-0.5769301056861877,0.7470123171806335,0.02666926383972168,0.019978148862719536,0,0.517810583114624,0.09541410207748413,0.8388381004333496,0.753740131855011,-0.2718064486980438,0.15359729528427124,-0.5782774090766907,1
0.47316887974739075,0.1011226624250412,0.8610554337501526,0.7708031535148621,-0.246482715010643,0.11031580716371536,-0.5770087838172913,0.7470123171806335,0.02666926383972168,0.019978148862719536,0,0.5235050320625305,0.09468556195497513,0.8354476690292358,0.7515136003494263,-0.27503502368927,0.1589844971895218,-0.5781927704811096,1
0.4789513945579529,0.10052989423274994,0.8584170341491699,0.7689964771270752,-0.2495778203010559,0.11552789062261581,-0.5770689845085144,0.7470123171806335,0.02666926383972168,0.019978148862719536,0,0.5291491746902466,0.0939459353685379,0.8319783806800842,0.7492509484291077,-0.2782595455646515,0.16435550153255463,-0.5780845284461975,1
0.48473578691482544,0.09992139041423798,0.8556861877441406,0.7671418190002441,-0.25269171595573425,0.12076470255851746,-0.5771100521087646,0.7470123171806335,0.02666926383972168,0.019978148862719536,0,0.534742534160614,0.0931956022977829,0.82843017578125,0.7469526529312134,-0.28148043155670166,0.16970989108085632,-0.5779523849487305,1
0.4905156195163727,0.09929752349853516,0.852864146232605,0.765240490436554,-0.2558215856552124,0.1260216385126114,-0.5771315693855286,0.7470123171806335,0.02666926383972168,0.019978148862719536,0,0.5402840971946716,0.0924343690276146,0.8248040080070496,0.7446187138557434,-0.2846973240375519,0.17504791915416718,-0.577796220779419,1
0.49628522992134094,0.09865886718034744,0.8499516248703003,0.7632930874824524,-0.2589649260044098,0.13129454851150513,-0.5771328806877136,0.7470123171806335,0.02666926383972168,0.019978148862719536,0,0.5457719564437866,0.0916626825928688,0.8211010694503784,0.7422493696212769,-0.28791022300720215,0.18036851286888123,-0.5776163339614868,1
0.5020401477813721,0.09800580143928528,0.8469494581222534,0.7613005638122559,-0.2621203064918518,0.1365799456834793,-0.5771135687828064,0.7470123171806335,0.02666926383972168,0.019978148862719536,0,0.5512061715126038,0.09088066965341568,0.8173213601112366,0.7398447394371033,-0.29111912846565247,0.18567243218421936,-0.5774123668670654,1
0.5077753663063049,0.09733840078115463,0.8438588976860046,0.7592638731002808,-0.2652856707572937,0.1418745517730713,-0.5770732164382935,0.7470123171806335,0.02666926383972168,0.019978148862719536,0,0.5565848350524902,0.09008882194757462,0.81346595287323,0.7374053001403809,-0.29432353377342224,0.19095882773399353,-0.5771842002868652,1
0.5134873390197754,0.09665711969137192,0.8406804800033569,0.7571834921836853,-0.26845958828926086,0.14717553555965424,-0.577011227607727,0.7470123171806335,0.02666926383972168,0.019978148862719536,0,0.5619069933891296,0.08928694576025009,0.8095358610153198,0.7349311709403992,-0.2975237965583801,0.19622740149497986,-0.5769319534301758,1
0.5191716551780701,0.09596244245767593,0.8374152183532715,0.7550601959228516,-0.27164044976234436,0.15248019993305206,-0.5769274234771729,0.7470123171806335,0.02666926383972168,0.019978148862719536,0,0.5671716332435608,0.08847542852163315,0.8055315017700195,0.7324225902557373,-0.30071941018104553,0.20147767663002014,-0.5766555070877075,1
0.5248249769210815,0.09525451064109802,0.8340643048286438,0.7528946399688721,-0.2748270630836487,0.15778633952140808,-0.5768216848373413,0.7470123171806335,0.02666926383972168,0.019978148862719536,0,0.5723779797554016,0.08765451610088348,0.801453709602356,0.7298798561096191,-0.30391058325767517,0.2067098170518875,-0.5763546824455261,1
0.5304437875747681,0.09453380107879639,0.8306288719177246,0.7506877183914185,-0.27801814675331116,0.16309130191802979,-0.5766932964324951,0.7470123171806335,0.02666926383972168,0.019978148862719536,0,0.5775244832038879,0.08682466298341751,0.7973036766052246,0.7273033261299133,-0.30709710717201233,0.21192330121994019,-0.5760292410850525,1
0.5360255241394043,0.09380069375038147,0.8271093368530273,0.748439610004425,-0.28121286630630493,0.16839337348937988,-0.576542317867279,0.7470123171806335,0.02666926383972168,0.019978148862719536,0,0.5826107263565063,0.08598567545413971,0.7930817008018494,0.7246929407119751,-0.3102787435054779,0.21711811423301697,-0.5756794810295105,1
0.5415667295455933,0.09305533021688461,0.8235073089599609,0.7461515665054321,-0.28440994024276733,0.17369049787521362,-0.5763682126998901,0.7470123171806335,0.02666926383972168,0.019978148862719536,0,0.5876353979110718,0.0851379781961441,0.7887888550758362,0.7220491170883179,-0.31345584988594055,0.222293883562088,-0.5753051042556763,1
0.5470656752586365,0.09229808300733566,0.8198232054710388,0.7438235878944397,-0.2876089811325073,0.17898179590702057,-0.5761710405349731,0.7470123171806335,0.02666926383972168,0.019978148862719536,0,0.5925976037979126,0.08428183197975159,0.7844257950782776,0.7193719744682312,-0.31662800908088684,0.22745035588741302,-0.574906051158905,1
0.5525191426277161,0.09152934700250626,0.8160583972930908,0.7414565682411194,-0.290808767080307,0.18426477909088135,-0.5759503841400146,0.7470123171806335,0.02666926383972168,0.019978148862719536,0,0.5974963903427124,0.08341748267412186,0.7799935936927795,0.7166618704795837,-0.3197951316833496,0.23258718848228455,-0.5744823217391968,1
0.5579254031181335,0.0907490998506546,0.8122135996818542,0.7390506863594055,-0.2940090000629425,0.1895391047000885,-0.5757062435150146,0.7470123171806335,0.02666926383972168,0.019978148862719536,0,0.6023306250572205,0.0825454369187355,0.7754930853843689,0.7139192223548889,-0.32295721769332886,0.23770414292812347,-0.5740336179733276,1
0.5632819533348083,0.08995814621448517,0.8082901835441589,0.736606776714325,-0.29720860719680786,0.194802924990654,-0.5754383206367493,0.7470123171806335,0.02666926383972168,0.019978148862719536,0,0.6070996522903442,0.08166544884443283,0.770924985408783,0.7111438512802124,-0.32611408829689026,0.24280130863189697,-0.573560357093811,1
0.5685868859291077,0.08915651589632034,0.8042889833450317,0.7341251969337463,-0.300407350063324,0.20005494356155396,-0.5751465559005737,0.7470123171806335,0.02666926383972168,0.019978148862719536,0,0.6118022203445435,0.08077804744243622,0.7662904262542725,0.7083364725112915,-0.32926568388938904,0.2478780448436737,-0.5730618834495544,1
0.5738383531570435,0.08834458887577057,0.8002109527587891,0.7316065430641174,-0.3036045730113983,0.2052946835756302,-0.5748305320739746,0.7470123171806335,0.02666926383972168,0.019978148862719536,0,0.6164372563362122,0.07988345623016357,0.7615906000137329,0.7054970860481262,-0.3324117362499237,0.25293388962745667,-0.5725387334823608,1
0.5790347456932068,0.08752242475748062,0.7960571050643921,0.7290511131286621,-0.30679959058761597,0.210520938038826,-0.5744903683662415,0.7470123171806335,0.02666926383972168,0.019978148862719536,0,0.6210045218467712,0.07898218184709549,0.7568254470825195,0.7026260495185852,-0.3355526626110077,0.2579692602157593,-0.5719901919364929,1
0.5841740369796753,0.08669065684080124,0.7918285131454468,0.7264594435691833,-0.30999237298965454,0.21573257446289062,-0.5741260051727295,0.7470123171806335,0.02666926383972168,0.019978148862719536,0,0.6255027055740356,0.0780743658542633,0.7519965767860413,0.6997236013412476,-0.3386879563331604,0.2629837393760681,-0.5714165568351746,1
0.5892548561096191,0.08584929257631302,0.7875262498855591,0.723831832408905,-0.3131823241710663,0.2209291011095047,-0.5737373232841492,0.7470123171806335,0.02666926383972168,0.019978148862719536,0,0.6299305558204651,0.07715988159179688,0.7471052408218384,0.6967899799346924,-0.3418174088001251,0.2679765522480011,-0.5708178877830505,1
0.594275712966919,0.08499879390001297,0.7831510901451111,0.7211688160896301,-0.3163689970970154,0.2261098176240921,-0.5733239650726318,0.7470123171806335,0.02666926383972168,0.019978148862719536,0,0.6342878341674805,0.07623930275440216,0.7421518564224243,0.693825364112854,-0.34494131803512573,0.2729480564594269,-0.5701940059661865,1
0.5992351770401001,0.0841396301984787,0.7787042260169983,0.7184709906578064,-0.31955239176750183,0.23127396404743195,-0.5728857517242432,0.7470123171806335,0.02666926383972168,0.019978148862719536,0,0.6385734677314758,0.07531314343214035,0.7371372580528259,0.6908302903175354,-0.34805935621261597,0.27789777517318726,-0.5695444941520691,1
0.6041313409805298,0.08327163010835648,0.7741870284080505,0.7157381772994995,-0.3227316737174988,0.23642055690288544,-0.5724231600761414,0.7470123171806335,0.02666926383972168,0.019978148862719536,0,0.6427863240242004,0.07438123971223831,0.7320631146430969,0.6878047585487366,-0.3511713743209839,0.2828253507614136,-0.568869948387146,1
0.608963668346405,0.08239545673131943,0.769599974155426,0.7129713892936707,-0.3259069621562958,0.2415493130683899,-0.5719354748725891,0.7470123171806335,0.02666926383972168,0.019978148862719536,0,0.6469260454177856,0.07344408333301544,0.7269299030303955,0.6847488880157471,-0.3542774021625519,0.28773096203804016,-0.5681700706481934,1
0.6137303113937378,0.08151140064001083,0.7649446725845337,0.7101707458496094,-0.32907766103744507,0.24665942788124084,-0.5714231133460999,0.7470123171806335,0.02666926383972168,0.019978148862719536,0,0.6509913206100464,0.07250199466943741,0.7217389941215515,0.681663453578949,-0.357377290725708,0.29261383414268494,-0.5674446225166321,1
0.6184303760528564,0.08061946928501129,0.7602216601371765,0.7073364853858948,-0.3322438597679138,0.2517509162425995,-0.5708857178688049,0.7470123171806335,0.02666926383972168,0.019978148862719536,0,0.6549821496009827,0.07155545800924301,0.7164906859397888,0.6785483956336975,-0.36047127842903137,0.2974742650985718,-0.5666933655738831,1
0.6230626702308655,0.0797204077243805,0.7554321885108948,0.7044693231582642,-0.335405170917511,0.25682276487350464,-0.5703229308128357,0.7470123171806335,0.02666926383972168,0.019978148862719536,0,0.6588968634605408,0.07060430943965912,0.7111867666244507,0.6754042506217957,-0.36355867981910706,0.30231156945228577,-0.5659168362617493,1
0.6276257634162903,0.07881402224302292,0.7505773901939392,0.7015691995620728,-0.3385615348815918,0.2618746757507324,-0.5697352886199951,0.7470123171806335,0.02666926383972168,0.019978148862719536,0,0.662735104560852,0.06964908540248871,0.7058282494544983,0.6722309589385986,-0.36663973331451416,0.30712562799453735,-0.5651147365570068,1
0.632118821144104,0.07790117710828781,0.7456581592559814,0.6986367702484131,-0.3417125344276428,0.2669062614440918,-0.5691222548484802,0.7470123171806335,0.02666926383972168,0.019978148862719536,0,0.666496217250824,0.06869008392095566,0.7004154920578003,0.6690290570259094,-0.36971428990364075,0.31191667914390564,-0.5642866492271423,1
0.636540949344635,0.07698166370391846,0.7406757473945618,0.6956722736358643,-0.34485796093940735,0.27191710472106934,-0.5684839487075806,0.7470123171806335,0.02666926383972168,0.019978148862719536,0,0.6701792478561401,0.06772759556770325,0.6949501633644104,0.665798544883728,-0.372782438993454,0.31668394804000854,-0.563433051109314,1
0.6408905982971191,0.07605594396591187,0.7356314659118652,0.6926761269569397,-0.3479976952075958,0.27690643072128296,-0.5678205490112305,0.7470123171806335,0.02666926383972168,0.019978148862719536,0,0.6737833619117737,0.06676220893859863,0.6894334554672241,0.6625401377677917,-0.37584373354911804,0.32142701745033264,-0.5625535845756531,1
0.6451668739318848,0.07512427121400833,0.7305263876914978,0.6896485686302185,-0.3511313199996948,0.2818739414215088,-0.5671319365501404,0.7470123171806335,0.02666926383972168,0.019978148862719536,0,0.6773081421852112,0.06579369306564331,0.683866024017334,0.6592536568641663,-0.3788985013961792,0.32614627480506897,-0.5616484880447388,1
0.649369478225708,0.07418712973594666,0.7253609299659729,0.6865901350975037,-0.354259192943573,0.2868199050426483,-0.5664173364639282,0.7470123171806335,0.02666926383972168,0.019978148862719536,0,0.6807529330253601,0.06482259184122086,0.6782487034797668,0.655939519405365,-0.38194650411605835,0.3308414816856384,-0.5607173442840576,1
0.6534967422485352,0.0732446238398552,0.7201368808746338,0.6835007667541504,-0.3573806881904602,0.2917432487010956,-0.5656778812408447,0.7470123171806335,0.02666926383972168,0.019978148862719536,0,0.6841167211532593,0.06384924799203873,0.6725836396217346,0.6525982618331909,-0.3849872350692749,0.33551186323165894,-0.5597607493400574,1
0.6575484275817871,0.07229726761579514,0.7148547172546387,0.6803812384605408,-0.3604962229728699,0.29664427042007446,-0.5649122595787048,0.7470123171806335,0.02666926383972168,0.019978148862719536,0,0.6873990893363953,0.0628741905093193,0.6668710708618164,0.6492299437522888,-0.38802140951156616,0.34015774726867676,-0.5587776899337769,1
0.6615229249000549,0.07134515047073364,0.7095163464546204,0.6772317290306091,-0.363604873418808,0.30152201652526855,-0.564121425151825,0.7470123171806335,0.02666926383972168,0.019978148862719536,0,0.6905994415283203,0.061897266656160355,0.6611121296882629,0.6458348631858826,-0.391048401594162,0.344778835773468,-0.5577687621116638,1
0.6654198169708252,0.07038875669240952,0.7041226625442505,0.6740525960922241,-0.36670687794685364,0.30637651681900024,-0.5633050203323364,0.7470123171806335,0.02666926383972168,0.019978148862719536,0,0.6937170624732971,0.06091901287436485,0.6553084254264832,0.642413318157196,-0.39406827092170715,0.34937459230422974,-0.5567339062690735,1
0.6692385077476501,0.06942842900753021,0.6986744403839111,0.6708440780639648,-0.3698023855686188,0.3112074136734009,-0.5624626874923706,0.7470123171806335,0.02666926383972168,0.019978148862719536,0,0.6967513561248779,0.05993973836302757,0.6494607329368591,0.6389656066894531,-0.3970806896686554,0.35394516587257385,-0.5556731820106506,1
0.6729777455329895,0.06846421211957932,0.6931729912757874,0.6676066517829895,-0.37289077043533325,0.31601443886756897,-0.5615947246551514,0.7470123171806335,0.02666926383972168,0.019978148862719536,0,0.6997015476226807,0.05896007642149925,0.6435704231262207,0.6354921460151672,-0.40008601546287537,0.35848987102508545,-0.5545862913131714,1
0.6766369342803955,0.06749668717384338,0.6876198649406433,0.6643404364585876,-0.37597233057022095,0.32079702615737915,-0.5607011318206787,0.7470123171806335,0.02666926383972168,0.019978148862719536,0,0.702567458152771,0.0579797625541687,0.6376383304595947,0.6319929361343384,-0.403083860874176,0.3630090355873108,-0.5534732937812805,1
0.6802154183387756,0.0665261372923851,0.682015597820282,0.6610457301139832,-0.379046767950058,0.3255555331707001,-0.5597816705703735,0.7470123171806335,0.02666926383972168,0.019978148862719536,0,0.7053483724594116,0.05699940398335457,0.6316658854484558,0.6284686326980591,-0.4060741364955902,0.3675021827220917,-0.5523341298103333,1
0.6837121248245239,0.06555287539958954,0.6763619184494019,0.6577233076095581,-0.3821137845516205,0.33028891682624817,-0.5588365793228149,0.7470123171806335,0.02666926383972168,0.019978148862719536,0,0.7080434560775757,0.05601929500699043,0.6256541609764099,0.6249194741249084,-0.40905681252479553,0.37196946144104004,-0.5511686205863953,1
0.6871270537376404,0.06457695364952087,0.6706591844558716,0.6543729305267334,-0.3851737678050995,0.33499768376350403,-0.5578654408454895,0.7470123171806335,0.02666926383972168,0.019978148862719536,0,0.7106525897979736,0.05504008010029793,0.6196042895317078,0.6213454008102417,-0.41203194856643677,0.37641027569770813,-0.5499770641326904,1
0.6904587745666504,0.06359897553920746,0.6649095416069031,0.6509951949119568,-0.3882259428501129,0.3396807312965393,-0.5568687915802002,0.7470123171806335,0.02666926383972168,0.019978148862719536,0,0.7131749987602234,0.054061487317085266,0.6135176420211792,0.6177471280097961,-0.41499921679496765,0.3808245062828064,-0.5487593412399292,1
0.6937071084976196,0.06261923164129257,0.6591135263442993,0.6475903391838074,-0.3912707269191742,0.34433868527412415,-0.5558460354804993,0.7470123171806335,0.02666926383972168,0.019978148862719536,0,0.7156102061271667,0.05308415740728378,0.6073952913284302,0.6141246557235718,-0.41795870661735535,0.3852120041847229,-0.5475153923034668,1
0.6968711614608765,0.06163803115487099,0.6532726287841797,0.6441587209701538,-0.3943079113960266,0.34897100925445557,-0.5547972917556763,0.7470123171806335,0.02666926383972168,0.019978148862719536,0,0.7179579138755798,0.05210839584469795,0.6012383699417114,0.6104784607887268,-0.4209103584289551,0.3895725905895233,-0.5462451577186584,1
0.6999503374099731,0.06065571308135986,0.647388219833374,0.6407009959220886,-0.39733701944351196,0.3535769581794739,-0.553722620010376,0.7470123171806335,0.02666926383972168,0.019978148862719536,0,0.7202175855636597,0.051134541630744934,0.5950483083724976,0.6068089008331299,-0.4238537847995758,0.393905907869339,-0.5449486970901489,1
0.7029443979263306,0.05967261642217636,0.6414607763290405,0.6372169852256775,-0.400358647108078,0.35815683007240295,-0.5526220202445984,0.7470123171806335,0.02666926383972168,0.019978148862719536,0,0.7223886847496033,0.05016316473484039,0.5888261198997498,0.6031161546707153,-0.42678913474082947,0.3982119858264923,-0.5436258912086487,1
0.7058523893356323,0.05868875980377197,0.635492205619812,0.6337070465087891,-0.4033721685409546,0.3627104163169861,-0.5514956116676331,0.7470123171806335,0.02666926383972168,0.019978148862719536,0,0.7244709730148315,0.049194082617759705,0.5825729370117188,0.5994005799293518,-0.4297162890434265,0.40249064564704895,-0.5422767400741577,1
0.7086737155914307,0.05770501866936684,0.6294834613800049,0.6301717162132263,-0.4063777029514313,0.3672371804714203,-0.5503430962562561,0.7470123171806335,0.02666926383972168,0.019978148862719536,0,0.7265450954437256,0.048187728971242905,0.5760275721549988,0.5955058932304382,-0.4327569007873535,0.4069181978702545,-0.5408434867858887,1
0.7114111185073853,0.0567191019654274,0.6234233379364014,0.6266016960144043,-0.4093811511993408,0.3717474639415741,-0.5491639375686646,0.7470123171806335,0.02666926383972168,0.019978148862719536,0,0.7285216450691223,0.047184888273477554,0.5694516897201538,0.5915875434875488,-0.43578824400901794,0.41131529211997986,-0.5393815636634827,1
0.7140675783157349,0.055730778723955154,0.617306649684906,0.6229948997497559,-0.4123860001564026,0.37624478340148926,-0.5479551553726196,0.7470123171806335,0.02666926383972168,0.019978148862719536,0,0.730400562286377,0.04618589207530022,0.5628464818000793,0.5876452326774597,-0.4388103783130646,0.4156821072101593,-0.537891149520874,1
0.7166427373886108,0.05474002659320831,0.6111333966255188,0.6193513870239258,-0.4153921902179718,0.3807287812232971,-0.5467163324356079,0.7470123171806335,0.02666926383972168,0.019978148862719536,0,0.7321813106536865,0.045191168785095215,0.5562131404876709,0.5836794376373291,-0.44182345271110535,0.42001837491989136,-0.5363719463348389,1
0.7191357612609863,0.05374743789434433,0.6049044132232666,0.615671694278717,-0.41839954257011414,0.38519877195358276,-0.5454466342926025,0.7470123171806335,0.02666926383972168,0.019978148862719536,0,0.7338635325431824,0.04420103877782822,0.5495534539222717,0.5796908140182495,-0.44482702016830444,0.4243233799934387,-0.5348244309425354,1
0.7215454578399658,0.05275337025523186,0.5986215472221375,0.6119567155838013,-0.42140719294548035,0.389653742313385,-0.5441460013389587,0.7470123171806335,0.02666926383972168,0.019978148862719536,0,0.7354469895362854,0.04321587085723877,0.5428683757781982,0.5756793022155762,-0.44782131910324097,0.4285975694656372,-0.5332479476928711,1
0.723870038986206,0.05175819620490074,0.5922870635986328,0.6082075834274292,-0.42441418766975403,0.394092321395874,-0.5428142547607422,0.7470123171806335,0.02666926383972168,0.019978148862719536,0,0.7369312644004822,0.04223605990409851,0.5361593961715698,0.5716454386711121,-0.4508061408996582,0.4328409433364868,-0.5316427946090698,1
0.7261075973510742,0.050762612372636795,0.5859037041664124,0.604425311088562,-0.4274195730686188,0.39851266145706177,-0.5414519309997559,0.7470123171806335,0.02666926383972168,0.019978148862719536,0,0.7383160591125488,0.041261978447437286,0.5294284820556641,0.5675895810127258,-0.45378100872039795,0.43705227971076965,-0.530009388923645,1
0.7282562851905823,0.04976758360862732,0.5794746279716492,0.6006110310554504,-0.4304225444793701,0.40291303396224976,-0.5400590300559998,0.7470123171806335,0.02666926383972168,0.019978148862719536,0,0.7396007776260376,0.04029401019215584,0.5226767659187317,0.5635121464729309,-0.45674657821655273,0.4412321448326111,-0.5283471345901489,1
0.7303152680397034,0.04877318814396858,0.5730013847351074,0.5967655777931213,-0.4334225654602051,0.4072929322719574,-0.5386354923248291,0.7470123171806335,0.02666926383972168,0.019978148862719536,0,0.7407857775688171,0.03933245688676834,0.5159050226211548,0.5594133734703064,-0.4597022235393524,0.44538038969039917,-0.5266562104225159,1
0.7322821021080017,0.047780461609363556,0.5664879679679871,0.5928901433944702,-0.4364183247089386,0.4116503596305847,-0.5371817350387573,0.7470123171806335,0.02666926383972168,0.019978148862719536,0,0.7418703436851501,0.03837776184082031,0.5091158151626587,0.5552936792373657,-0.4626479744911194,0.44949665665626526,-0.5249365568161011,1
0.7341564297676086,0.04678975045681,0.5599356293678284,0.5889856219291687,-0.439409464597702,0.41598451137542725,-0.5356976389884949,0.7470123171806335,0.02666926383972168,0.019978148862719536,0,0.7428544759750366,0.037430260330438614,0.5023097395896912,0.5511534214019775,-0.4655838906764984,0.4535806179046631,-0.5231883525848389,1
0.7359364032745361,0.045801810920238495,0.5533474087715149,0.5850527882575989,-0.4423953592777252,0.420293927192688,-0.534183919429779,0.7470123171806335,0.02666926383972168,0.019978148862719536,0,0.7437378168106079,0.03649033606052399,0.49548858404159546,0.5469930768013,-0.46850964426994324,0.45763227343559265,-0.5214115381240845,1
0.7376213073730469,0.04481670632958412,0.5467257499694824,0.5810926556587219,-0.4453751742839813,0.424577921628952,-0.5326403379440308,0.7470123171806335,0.02666926383972168,0.019978148862719536,0,0.7445203065872192,0.035558491945266724,0.48865392804145813,0.5428128242492676,-0.47142523527145386,0.4616512954235077,-0.5196059942245483,1
0.7392098307609558,0.04383542761206627,0.5400729775428772,0.5771059393882751,-0.44834843277931213,0.4288354218006134,-0.531067430973053,0.7470123171806335,0.02666926383972168,0.019978148862719536,0,0.745201826095581,0.034634776413440704,0.4818069636821747,0.5386131405830383,-0.4743305742740631,0.4656377136707306,-0.5177720189094543,1
0.7407015562057495,0.04285834729671478,0.533390462398529,0.5730932950973511,-0.4513150453567505,0.43306592106819153,-0.5294644832611084,0.7470123171806335,0.02666926383972168,0.019978148862719536,0,0.7457820773124695,0.03371977061033249,0.47494903206825256,0.5343942642211914,-0.47722581028938293,0.46959125995635986,-0.5159090757369995,1
0.7420953512191772,0.041886184364557266,0.5266817212104797,0.5690560936927795,-0.4542737901210785,0.4372679889202118,-0.5278325080871582,0.7470123171806335,0.02666926383972168,0.019978148862719536,0,0.7462611198425293,0.03281378000974655,0.468082070350647,0.530156672000885,-0.4801104664802551,0.4735117554664612,-0.5140178203582764,1
0.7433907985687256,0.04091872274875641,0.51994788646698,0.5649940967559814,-0.457224577665329,0.44144171476364136,-0.5261715054512024,0.7470123171806335,0.02666926383972168,0.019978148862719536,0,0.7466387748718262,0.031917206943035126,0.4612070620059967,0.5259006023406982,-0.4829848110675812,0.4773991107940674,-0.512097954750061,1
0.7445873618125916,0.03995721787214279,0.513190746307373,0.5609086751937866,-0.46016740798950195,0.4455859959125519,-0.5244811773300171,0.7470123171806335,0.02666926383972168,0.019978148862719536,0,0.7469149827957153,0.031030375510454178,0.45432567596435547,0.5216267108917236,-0.48584839701652527,0.48125308752059937,-0.5101494193077087,1
0.7456842660903931,0.039001770317554474,0.5064127445220947,0.5567998886108398,-0.46310168504714966,0.4497007429599762,-0.5227617025375366,0.7470123171806335,0.02666926383972168,0.019978148862719536,0,0.7470898628234863,0.030153650790452957,0.4474394917488098,0.5173349976539612,-0.4887015223503113,0.4850732982158661,-0.5081723928451538,1
0.7466810941696167,0.0380527637898922,0.49961596727371216,0.5526689291000366,-0.46602708101272583,0.4537850022315979,-0.5210133790969849,0.7470123171806335,0.02666926383972168,0.019978148862719536,0,0.7471630573272705,0.029287397861480713,0.44054967164993286,0.5130260586738586,-0.4915437698364258,0.48886001110076904,-0.5061668157577515,1
0.7475776672363281,0.03711056709289551,0.4928016662597656,0.5485159158706665,-0.46894311904907227,0.4578384757041931,-0.5192365646362305,0.7470123171806335,0.02666926383972168,0.019978148862719536,0,0.7471348643302917,0.028431961312890053,0.4336576461791992,0.5087000727653503,-0.49437522888183594,0.4926129877567291,-0.5041325688362122,1
0.7483733296394348,0.0361761637032032,0.48597195744514465,0.5443416833877563,-0.47185003757476807,0.4618605375289917,-0.5174305438995361,0.7470123171806335,0.02666926383972168,0.019978148862719536,0,0.7470051646232605,0.02758767455816269,0.4267651438713074,0.504357635974884,-0.49719592928886414,0.4963319003582001,-0.502069890499115,1
0.7490680813789368,0.03524946793913841,0.47912895679473877,0.5401468276977539,-0.47474709153175354,0.46585091948509216,-0.5155961513519287,0.7470123171806335,0.02666926383972168,0.019978148862719536,0,0.746773898601532,0.026754947379231453,0.4198739528656006,0.49999913573265076,-0.500005304813385,0.5000165104866028,-0.49997901916503906,1
0.7496615648269653,0.034330591559410095,0.47227367758750916,0.5359317064285278,-0.47763440012931824,0.46980932354927063,-0.5137331485748291,0.7470123171806335,0.02666926383972168,0.019978148862719536,0,0.7496615648269653,0.034330591559410095,0.47227367758750916,0.5359317064285278,-0.47763440012931824,0.46980932354927063,-0.5137331485748291,1
0.750528872013092,0.033875443041324615,0.4656606912612915,0.5329141616821289,-0.48061978816986084,0.4737008213996887,-0.5105041265487671,0.7470123171806335,0.02666926383972168,0.019978148862719536,0,0.7501258254051208,0.03420364856719971,0.4700033366680145,0.5355738401412964,-0.4778635501861572,0.47012537717819214,-0.5136040449142456,1
0.7514713406562805,0.03369756415486336,0.45985233783721924,0.5305476188659668,-0.48307982087135315,0.47691264748573303,-0.5076489448547363,0.7470123171806335,0.02666926383972168,0.019978148862719536,0,0.7505799531936646,0.03407735377550125,0.4677315950393677,0.5352159142494202,-0.4780924916267395,0.47044140100479126,-0.513474702835083,1
0.7523465752601624,0.03360762074589729,0.45510122179985046,0.5287412405014038,-0.48496830463409424,0.47934675216674805,-0.5054354667663574,0.7470123171806335,0.02666926383972168,0.019978148862719536,0,0.7510240077972412,0.0339522585272789,0.46545904874801636,0.5348579287528992,-0.4783214330673218,0.47075706720352173,-0.5133451223373413,1
0.7531363368034363,0.03354403376579285,0.45147526264190674,0.5274847149848938,-0.48627030849456787,0.4810141324996948,-0.5039110779762268,0.7470123171806335,0.02666926383972168,0.019978148862719536,0,0.7514579892158508,0.03382778912782669,0.4631853401660919,0.5344998240470886,-0.4785502851009369,0.47107258439064026,-0.5132155418395996,1
0.7538614273071289,0.03348729759454727,0.44897693395614624,0.5267724394798279,-0.4869919717311859,0.48193222284317017,-0.5030813813209534,0.7470123171806335,0.02666926383972168,0.019978148862719536,0,0.7518817186355591,0.03370455652475357,0.4609111249446869,0.5341416597366333,-0.4787790775299072,0.4713877737522125,-0.5130855441093445,1
0.7545311450958252,0.03342914953827858,0.4475919306278229,0.5265933275222778,-0.4871470332145691,0.4821237325668335,-0.5029353499412537,0.7470123171806335,0.02666926383972168,0.019978148862719536,0,0.7522954940795898,0.03358195722103119,0.4586355686187744,0.5337832570075989,-0.479007750749588,0.47170281410217285,-0.5129555463790894,1
0.7550302147865295,0.033360399305820465,0.4468051791191101,0.5266786813735962,-0.4870028793811798,0.4819478392601013,-0.5031540393829346,0.7470123171806335,0.02666926383972168,0.019978148862719536,0,0.7526991367340088,0.033460576087236404,0.4563593864440918,0.5334247946739197,-0.47923651337623596,0.47201743721961975,-0.5128252506256104,1
0.7553373575210571,0.03329441696405411,0.44630950689315796,0.5268592834472656,-0.48674312233924866,0.4816311001777649,-0.5035193562507629,0.7470123171806335,0.02666926383972168,0.019978148862719536,0,0.7530925869941711,0.03333984315395355,0.4540823698043823,0.5330661535263062,-0.4794650673866272,0.4723320007324219,-0.5126948952674866,1
0.7555574774742126,0.03324032202363014,0.445891797542572,0.527076005935669,-0.48644259572029114,0.4812566041946411,-0.5039409399032593,0.7470123171806335,0.02666926383972168,0.019978148862719536,0,0.753476083278656,0.03322003409266472,0.45180463790893555,0.5327075719833374,-0.47969338297843933,0.47264617681503296,-0.5125644207000732,1
0.7557453513145447,0.03319256007671356,0.4454193115234375,0.5272829532623291,-0.48614948987960815,0.48088645935058594,-0.5043604969978333,0.7470123171806335,0.02666926383972168,0.019978148862719536,0,0.7538491487503052,0.03310151398181915,0.4495265483856201,0.5323489904403687,-0.47992172837257385,0.47296008467674255,-0.512433648109436,1
0.755928099155426,0.03314588963985443,0.44482922554016113,0.5274568200111389,-0.4858870804309845,0.48055338859558105,-0.5047489404678345,0.7470123171806335,0.02666926383972168,0.019978148862719536,0,0.7542124390602112,0.03298360854387283,0.44724708795547485,0.5319898128509521,-0.4801503121852875,0.47327420115470886,-0.512302577495575,1
0.7561185359954834,0.033096421509981155,0.44409725069999695,0.5275871157646179,-0.4856647551059723,0.48027101159095764,-0.505095362663269,0.7470123171806335,0.02666926383972168,0.019978148862719536,0,0.7545651793479919,0.032866984605789185,0.44496768712997437,0.5316309928894043,-0.4803786277770996,0.47358766198158264,-0.5121713876724243,1
0.7563214898109436,0.03304201364517212,0.4432191252708435,0.5276713371276855,-0.485484778881073,0.4800437390804291,-0.5053961873054504,0.7470123171806335,0.02666926383972168,0.019978148862719536,0,0.7549080848693848,0.032750967890024185,0.44268733263015747,0.5312716364860535,-0.4806070327758789,0.4739011228084564,-0.5120400786399841,1
0.756538987159729,0.03298246115446091,0.44219833612442017,0.5277103185653687,-0.48534685373306274,0.4798715114593506,-0.505651593208313,0.7470123171806335,0.02666926383972168,0.019978148862719536,0,0.7552409172058105,0.03263624384999275,0.44040656089782715,0.530912458896637,-0.48083531856536865,0.47421425580978394,-0.5119084119796753,1
0.7567695379257202,0.03291703760623932,0.4410454034805298,0.5277066826820374,-0.4852477014064789,0.47975051403045654,-0.505865216255188,0.7470123171806335,0.02666926383972168,0.019978148862719536,0,0.7555634379386902,0.032522186636924744,0.4381253719329834,0.5305531024932861,-0.48106351494789124,0.47452715039253235,-0.5117765069007874,1
0.7570117712020874,0.03284614533185959,0.43977126479148865,0.5276641845703125,-0.4851842224597931,0.47967714071273804,-0.5060399770736694,0.7470123171806335,0.02666926383972168,0.019978148862719536,0,0.7558758854866028,0.03240935504436493,0.43584364652633667,0.5301936268806458,-0.4812917113304138,0.4748399257659912,-0.5116444230079651,1
0.7572635412216187,0.032770898193120956,0.43838751316070557,0.5275865793228149,-0.48515310883522034,0.4796464145183563,-0.506179928779602,0.7470123171806335,0.02666926383972168,0.019978148862719536,0,0.7561782598495483,0.03229723498225212,0.4335620105266571,0.5298340916633606,-0.4815196096897125,0.47515231370925903,-0.5115124583244324,1
0.7575225234031677,0.03269091621041298,0.4369046688079834,0.5274767279624939,-0.4851512908935547,0.47965461015701294,-0.506288468837738,0.7470123171806335,0.02666926383972168,0.019978148862719536,0,0.7564703822135925,0.03218609839677811,0.43127989768981934,0.5294743180274963,-0.48174750804901123,0.4754645526409149,-0.5113800764083862,1
0.757786750793457,0.0326075404882431,0.4353337585926056,0.527338981628418,-0.4851751923561096,0.4796968698501587,-0.50636887550354,0.7470123171806335,0.02666926383972168,0.019978148862719536,0,0.7567523717880249,0.03207619488239288,0.4289975166320801,0.5291144847869873,-0.48197558522224426,0.47577646374702454,-0.5112475752830505,1
0.7580543756484985,0.032520655542612076,0.433683842420578,0.5271758437156677,-0.4852220416069031,0.4797697365283966,-0.5064248442649841,0.7470123171806335,0.02666926383972168,0.019978148862719536,0,0.7570244073867798,0.03196696937084198,0.42671477794647217,0.5287544131278992,-0.4822034537792206,0.4760883152484894,-0.5111148357391357,1
0.7583235502243042,0.03243132308125496,0.43196356296539307,0.5269903540611267,-0.4852895736694336,0.47986990213394165,-0.5064582824707031,0.7470123171806335,0.02666926383972168,0.019978148862719536,0,0.7572861313819885,0.03185904771089554,0.4244321286678314,0.5283944606781006,-0.48243123292922974,0.47639986872673035,-0.5109818577766418,1
0.7585928440093994,0.0323396772146225,0.4301801919937134,0.5267847776412964,-0.48537522554397583,0.4799942076206207,-0.5064722895622253,0.7470123171806335,0.02666926383972168,0.019978148862719536,0,0.757537841796875,0.03175182268023491,0.4221493899822235,0.5280343294143677,-0.48265883326530457,0.47671106457710266,-0.510848879814148,1
0.7588605284690857,0.03224586695432663,0.4283410906791687,0.5265612602233887,-0.485477089881897,0.48013994097709656,-0.5064688920974731,0.7470123171806335,0.02666926383972168,0.019978148862719536,0,0.7577794194221497,0.03164584934711456,0.4198663830757141,0.5276740789413452,-0.48288652300834656,0.47702208161354065,-0.5107156038284302,1
0.7591256499290466,0.03215087205171585,0.42645227909088135,0.5263222455978394,-0.48559334874153137,0.4803043305873871,-0.5064501166343689,0.7470123171806335,0.02666926383972168,0.019978148862719536,0,0.7580108046531677,0.031540606170892715,0.4175834059715271,0.5273134708404541,-0.4831143319606781,0.47733303904533386,-0.5105821490287781,1
0.7593869566917419,0.03205450624227524,0.424518883228302,0.5260690450668335,-0.48572251200675964,0.4804857075214386,-0.5064173340797424,0.7470123171806335,0.02666926383972168,0.019978148862719536,0,0.7582321166992188,0.031436629593372345,0.41530051827430725,0.5269530415534973,-0.48334187269210815,0.4776436388492584,-0.5104483962059021,1
0.7596434950828552,0.031957440078258514,0.42254653573036194,0.5258035063743591,-0.4858626425266266,0.4806816279888153,-0.5063726902008057,0.7470123171806335,0.02666926383972168,0.019978148862719536,0,0.7584432363510132,0.03133338317275047,0.4130178391933441,0.5265924334526062,-0.48356935381889343,0.47795405983924866,-0.5103145241737366,1
0.7598947286605835,0.03185948356986046,0.4205387234687805,0.525526762008667,-0.4860129952430725,0.4808907210826874,-0.5063170194625854,0.7470123171806335,0.02666926383972168,0.019978148862719536,0,0.7586443424224854,0.031231097877025604,0.410735160112381,0.526231586933136,-0.4837968051433563,0.4782644510269165,-0.5101803541183472,1
0.7601397037506104,0.03176094964146614,0.4184998869895935,0.5252402424812317,-0.4861719608306885,0.48111143708229065,-0.5062520503997803,0.7470123171806335,0.02666926383972168,0.019978148862719536,0,0.7588351964950562,0.031130142509937286,0.4084528684616089,0.5258708596229553,-0.4840240776538849,0.478574275970459,-0.5100460648536682,1
0.7603777647018433,0.031662262976169586,0.41643375158309937,0.5249451994895935,-0.48633867502212524,0.4813421368598938,-0.5061787366867065,0.7470123171806335,0.02666926383972168,0.019978148862719536,0,0.7590159773826599,0.031029878184199333,0.40617069602012634,0.525509774684906,-0.484251469373703,0.47888419032096863,-0.5099116563796997,1
0.7606083154678345,0.0315634161233902,0.41434285044670105,0.5246422290802002,-0.48651233315467834,0.48158207535743713,-0.5060976147651672,0.7470123171806335,0.02666926383972168,0.019978148862719536,0,0.7591867446899414,0.030930932611227036,0.4038890302181244,0.525148868560791,-0.4844786822795868,0.47919341921806335,-0.5097770094871521,1
0.7608311772346497,0.03146447241306305,0.4122300446033478,0.5243324637413025,-0.4866921305656433,0.4818296432495117,-0.5060102343559265,0.7470123171806335,0.02666926383972168,0.019978148862719536,0,0.7593473196029663,0.030832696706056595,0.4016076326370239,0.5247876644134521,-0.48470598459243774,0.47950246930122375,-0.5096423029899597,1
0.7610456943511963,0.03136605769395828,0.4100978970527649,0.5240166187286377,-0.48687753081321716,0.4820842444896698,-0.5059165358543396,0.7470123171806335,0.02666926383972168,0.019978148862719536,0,0.7594978213310242,0.030735787004232407,0.399326354265213,0.5244263410568237,-0.4849332869052887,0.4798116981983185,-0.5095070004463196,1
0.7612517476081848,0.03126762807369232,0.4079485535621643,0.5236952900886536,-0.4870673716068268,0.48234525322914124,-0.5058177709579468,0.7470123171806335,0.02666926383972168,0.019978148862719536,0,0.7596380114555359,0.03063959628343582,0.3970460593700409,0.5240650177001953,-0.485160231590271,0.48012036085128784,-0.5093719959259033,1
0.7614489793777466,0.031169507652521133,0.4057839810848236,0.5233690738677979,-0.48726168274879456,0.4826115369796753,-0.5057142972946167,0.7470123171806335,0.02666926383972168,0.019978148862719536,0,0.7597683668136597,0.030544720590114594,0.3947656750679016,0.5237034559249878,-0.48538729548454285,0.4804289638996124,-0.5092364549636841,1
0.7616369128227234,0.031071994453668594,0.4036061465740204,0.5230385661125183,-0.48745957016944885,0.48288246989250183,-0.5056067705154419,0.7470123171806335,0.02666926383972168,0.019978148862719536,0,0.7598883509635925,0.03045058622956276,0.3924865126609802,0.5233418345451355,-0.4856141209602356,0.48073726892471313,-0.5091009140014648,1
0.7618156671524048,0.030974816530942917,0.4014165997505188,0.5227044224739075,-0.4876607358455658,0.4831576347351074,-0.5054956078529358,0.7470123171806335,0.02666926383972168,0.019978148862719536,0,0.759998619556427,0.03035745769739151,0.3902072012424469,0.5229799151420593,-0.48584118485450745,0.48104557394981384,-0.5089651346206665,1
0.7619849443435669,0.030878331512212753,0.39921626448631287,0.5223666429519653,-0.48786503076553345,0.48343631625175476,-0.5053810477256775,0.7470123171806335,0.02666926383972168,0.019978148862719536,0,0.7600985169410706,0.030265675857663155,0.38792911171913147,0.5226181745529175,-0.4860680103302002,0.48135316371917725,-0.5088292360305786,1
0.7621443867683411,0.030782517045736313,0.39700719714164734,0.5220260620117188,-0.4880715310573578,0.48371830582618713,-0.5052637457847595,0.7470123171806335,0.02666926383972168,0.019978148862719536,0,0.7601882815361023,0.030174624174833298,0.3856513500213623,0.5222561359405518,-0.4862947165966034,0.481660932302475,-0.5086930394172668,1
0.7622942924499512,0.030687659978866577,0.3947894871234894,0.5216827988624573,-0.4882805049419403,0.4840030372142792,-0.5051437020301819,0.7470123171806335,0.02666926383972168,0.019978148862719536,0,0.7602682113647461,0.030084863305091858,0.38337427377700806,0.5218940377235413,-0.48652157187461853,0.48196840286254883,-0.5085565447807312,1
0.7624342441558838,0.030593253672122955,0.3925650715827942,0.5213370323181152,-0.48849138617515564,0.48429015278816223,-0.5050215721130371,0.7470123171806335,0.02666926383972168,0.019978148862719536,0,0.7603377103805542,0.02999592386186123,0.3810986876487732,0.5215319395065308,-0.486748069524765,0.4822755753993988,-0.5084200501441956,1
0.7625643014907837,0.030499566346406937,0.3903343379497528,0.5209890604019165,-0.48870396614074707,0.4845796227455139,-0.5048972964286804,0.7470123171806335,0.02666926383972168,0.019978148862719536,0,0.7603975534439087,0.029908256605267525,0.3788233697414398,0.5211697220802307,-0.48697471618652344,0.4825825095176697,-0.508283257484436,1
0.7626844048500061,0.030406858772039413,0.38809818029403687,0.5206395387649536,-0.48891809582710266,0.48487067222595215,-0.5047712326049805,0.7470123171806335,0.02666926383972168,0.019978148862719536,0,0.7604470252990723,0.029821353033185005,0.3765491247177124,0.520807147026062,-0.4872012436389923,0.48288941383361816,-0.5081462860107422,1
0.7627943158149719,0.030314918607473373,0.3858574628829956,0.5202880501747131,-0.48913341760635376,0.48516353964805603,-0.5046434998512268,0.7470123171806335,0.02666926383972168,0.019978148862719536,0,0.7604866623878479,0.02973579615354538,0.37427571415901184,0.5204446911811829,-0.48742783069610596,0.4831957519054413,-0.5080091953277588,1
0.7628940939903259,0.0302240252494812,0.38361257314682007,0.5199351906776428,-0.48934999108314514,0.4854575991630554,-0.5045143365859985,0.7470123171806335,0.02666926383972168,0.019978148862719536,0,0.7605160474777222,0.029651019722223282,0.3720038831233978,0.5200820565223694,-0.48765406012535095,0.48350200057029724,-0.5078719854354858,1
0.7629836797714233,0.030133845284581184,0.38136419653892517,0.5195809006690979,-0.4895678758621216,0.48575305938720703,-0.5043838024139404,0.7470123171806335,0.02666926383972168,0.019978148862719536,0,0.7605355381965637,0.02956726774573326,0.36973249912261963,0.5197193026542664,-0.4878803789615631,0.4838079810142517,-0.5077345371246338,1
0.7630633115768433,0.030044706538319588,0.37911298871040344,0.5192255973815918,-0.4897863268852234,0.48604917526245117,-0.5042522549629211,0.7470123171806335,0.02666926383972168,0.019978148862719536,0,0.7605449557304382,0.02948487550020218,0.3674621284008026,0.5193564295768738,-0.48810675740242004,0.48411381244659424,-0.5075966119766235,1
0.763132631778717,0.029956649988889694,0.3768593370914459,0.5188691020011902,-0.49000558257102966,0.4863462746143341,-0.5041196346282959,0.7470123171806335,0.02666926383972168,0.019978148862719536,0,0.7605441808700562,0.02940322831273079,0.3651932179927826,0.5189934372901917,-0.488333135843277,0.4844193160533905,-0.5074588060379028,1
0.7631917595863342,0.02986934408545494,0.3746037185192108,0.5185115933418274,-0.49022555351257324,0.48664408922195435,-0.5039860606193542,0.7470123171806335,0.02666926383972168,0.019978148862719536,0,0.7605336308479309,0.029322952032089233,0.3629249930381775,0.51863032579422,-0.48855939507484436,0.4847247004508972,-0.5073205232620239,1
0.76324063539505,0.029782816767692566,0.3723464906215668,0.5181533694267273,-0.4904460608959198,0.4869426488876343,-0.5038517713546753,0.7470123171806335,0.02666926383972168,0.019978148862719536,0,0.7605129480361938,0.029243454337120056,0.3606589436531067,0.5182673931121826,-0.4887853264808655,0.4850296974182129,-0.5071824789047241,1
0.7632793188095093,0.029697615653276443,0.37008774280548096,0.517794132232666,-0.4906671941280365,0.4872417151927948,-0.5037165284156799,0.7470123171806335,0.02666926383972168,0.019978148862719536,0,0.7604823112487793,0.029165294021368027,0.3583934009075165,0.5179039835929871,-0.4890115261077881,0.48533469438552856,-0.5070437788963318,1
0.7633078694343567,0.029613200575113297,0.3678281307220459,0.517434298992157,-0.4908887445926666,0.4875410795211792,-0.5035807490348816,0.7470123171806335,0.02666926383972168,0.019978148862719536,0,0.7604415416717529,0.029087916016578674,0.35612952709198,0.5175405740737915,-0.48923739790916443,0.4856393337249756,-0.5069052577018738,1
0.7633262276649475,0.02952985092997551,0.3655679523944855,0.5170741081237793,-0.49111059308052063,0.487840861082077,-0.5034441947937012,0.7470123171806335,0.02666926383972168,0.019978148862719536,0,0.7603908777236938,0.029011880978941917,0.3538671135902405,0.5171772241592407,-0.48946326971054077,0.4859437048435211,-0.5067663192749023,1
0.7633344531059265,0.029447557404637337,0.3633071482181549,0.5167131423950195,-0.49133267998695374,0.4881407916545868,-0.5033072829246521,0.7470123171806335,0.02666926383972168,0.019978148862719536,0,0.7603301405906677,0.028936678543686867,0.351606160402298,0.5168136358261108,-0.4896891415119171,0.4862479269504547,-0.5066272616386414,1
0.7633323073387146,0.029366368427872658,0.36104634404182434,0.5163518786430359,-0.4915551245212555,0.48844075202941895,-0.5031697750091553,0.7470123171806335,0.02666926383972168,0.019978148862719536,0,0.7602595090866089,0.028862502425909042,0.3493465781211853,0.5164496898651123,-0.48991498351097107,0.48655182123184204,-0.5064881443977356,1
0.7633199691772461,0.0292862206697464,0.3587852418422699,0.5159899592399597,-0.4917779266834259,0.48874109983444214,-0.5030316114425659,0.7470123171806335,0.02666926383972168,0.019978148862719536,0,0.7601789236068726,0.028789710253477097,0.3470882773399353,0.5160859227180481,-0.490140825510025,0.486855685710907,-0.5063484907150269,1
0.763297438621521,0.02920687012374401,0.35652482509613037,0.5156277418136597,-0.4920005202293396,0.4890415072441101,-0.5028934478759766,0.7470123171806335,0.02666926383972168,0.019978148862719536,0,0.7600882649421692,0.028717709705233574,0.3448323607444763,0.5157220959663391,-0.49036622047424316,0.4871588945388794,-0.5062091946601868,1
0.7632648944854736,0.0291289035230875,0.35426443815231323,0.5152653455734253,-0.4922235608100891,0.4893418252468109,-0.5027545094490051,0.7470123171806335,0.02666926383972168,0.019978148862719536,0,0.7599879503250122,0.02864706888794899,0.3425772190093994,0.515358030796051,-0.49059203267097473,0.48746228218078613,-0.5060691237449646,1
0.7632222175598145,0.029051708057522774,0.3520045280456543,0.5149024128913879,-0.492446631193161,0.4896422326564789,-0.5026153326034546,0.7470123171806335,0.02666926383972168,0.019978148862719536,0,0.7598772644996643,0.02857723832130432,0.3403243124485016,0.5149939060211182,-0.49081745743751526,0.4877653121948242,-0.5059292316436768,1
0.7631692290306091,0.0289755929261446,0.3497456908226013,0.5145391225814819,-0.49266985058784485,0.4899428188800812,-0.5024758577346802,0.7470123171806335,0.02666926383972168,0.019978148862719536,0,0.7597568035125732,0.02850877121090889,0.3380729854106903,0.514629602432251,-0.4910430908203125,0.4880680441856384,-0.505789041519165,1
0.7631062865257263,0.028900574892759323,0.3474874198436737,0.5141756534576416,-0.49289295077323914,0.49024292826652527,-0.5023361444473267,0.7470123171806335,0.02666926383972168,0.019978148862719536,0,0.759626567363739,0.028441108763217926,0.335823655128479,0.5142654180526733,-0.4912683069705963,0.48837047815322876,-0.5056488513946533,1
0.7630332112312317,0.028826626017689705,0.3452302813529968,0.5138118863105774,-0.4931163191795349,0.49054309725761414,-0.5021962523460388,0.7470123171806335,0.02666926383972168,0.019978148862719536,0,0.7594863772392273,0.028374813497066498,0.33357569575309753,0.5139009952545166,-0.49149376153945923,0.48867276310920715,-0.5055081844329834,1
0.7629499435424805,0.028753776103258133,0.34297433495521545,0.5134479999542236,-0.49333953857421875,0.490843266248703,-0.5020558834075928,0.7470123171806335,0.02666926383972168,0.019978148862719536,0,0.7593361735343933,0.02830931916832924,0.33132970333099365,0.5135364532470703,-0.4917190968990326,0.4889748692512512,-0.5053673386573792,1
0.7628567814826965,0.028682008385658264,0.34071922302246094,0.5130839347839355,-0.4935627579689026,0.49114322662353516,-0.5019151568412781,0.7470123171806335,0.02666926383972168,0.019978148862719536,0,0.7591760754585266,0.02824493870139122,0.3290860950946808,0.5131717920303345,-0.49194425344467163,0.48927679657936096,-0.5052263736724854,1
0.762753427028656,0.028611335903406143,0.33846598863601685,0.5127196907997131,-0.493786096572876,0.49144288897514343,-0.5017744898796082,0.7470123171806335,0.02666926383972168,0.019978148862719536,0,0.7590062618255615,0.028181925415992737,0.32684388756752014,0.5128069519996643,-0.4921695590019226,0.48957839608192444,-0.5050851106643677,1
0.762640118598938,0.028541743755340576,0.3362136781215668,0.5123552083969116,-0.49400946497917175,0.49174273014068604,-0.5016331672668457,0.7470123171806335,0.02666926383972168,0.019978148862719536,0,0.7588265538215637,0.02811974473297596,0.3246042728424072,0.5124421119689941,-0.4923946261405945,0.48987990617752075,-0.5049437880516052,1
0.7625167369842529,0.02847326546907425,0.33396318554878235,0.5119906663894653,-0.4942326247692108,0.49204200506210327,-0.5014920830726624,0.7470123171806335,0.02666926383972168,0.019978148862719536,0,0.7586368918418884,0.02805892750620842,0.3223664164543152,0.5120771527290344,-0.49261975288391113,0.4901808500289917,-0.504802405834198,1
0.7623834013938904,0.02840556390583515,0.33171436190605164,0.5116256475448608,-0.49445587396621704,0.49234122037887573,-0.5013508200645447,0.7470123171806335,0.02666926383972168,0.019978148862719536,0,0.7584373354911804,0.027998942881822586,0.32013118267059326,0.5117121934890747,-0.4928445518016815,0.4904816150665283,-0.5046607851982117,1
0.7622399926185608,0.028339270502328873,0.3294669985771179,0.5112608671188354,-0.4946790635585785,0.49264010787010193,-0.501209020614624,0.7470123171806335,0.02666926383972168,0.019978148862719536,0,0.7582281827926636,0.027940331026911736,0.31789740920066833,0.5113468766212463,-0.4930696487426758,0.4907825291156769,-0.5045186877250671,1
0.7620866894721985,0.028274063020944595,0.32722169160842896,0.5108959078788757,-0.4949021637439728,0.4929387867450714,-0.5010674595832825,0.7470123171806335,0.02666926383972168,0.019978148862719536,0,0.758009135723114,0.027882535010576248,0.3156661093235016,0.5109816193580627,-0.49329447746276855,0.491083025932312,-0.5043766498565674,1
0.7619234919548035,0.028209660202264786,0.3249780237674713,0.5105307102203369,-0.4951251745223999,0.49323728680610657,-0.5009254813194275,0.7470123171806335,0.02666926383972168,0.019978148862719536,0,0.7577800750732422,0.027826163917779922,0.31343749165534973,0.5106162428855896,-0.4935193359851837,0.49138304591178894,-0.5042343735694885,1
0.7617502212524414,0.028146661818027496,0.32273638248443604,0.5101654529571533,-0.49534815549850464,0.493535578250885,-0.500783383846283,0.7470123171806335,0.02666926383972168,0.019978148862719536,0,0.7575414776802063,0.027770590037107468,0.3112106919288635,0.5102507472038269,-0.49374401569366455,0.4916830360889435,-0.5040919780731201,1
0.7615671157836914,0.028084736317396164,0.32049664855003357,0.5098002552986145,-0.49557092785835266,0.49383360147476196,-0.5006410479545593,0.7470123171806335,0.02666926383972168,0.019978148862719536,0,0.7572928667068481,0.027716152369976044,0.3089864253997803,0.5098850727081299,-0.493968665599823,0.49198293685913086,-0.5039492845535278,1
0.7613740563392639,0.02802366390824318,0.31825903058052063,0.5094348192214966,-0.49579375982284546,0.4941314160823822,-0.5004985928535461,0.7470123171806335,0.02666926383972168,0.019978148862719536,0,0.7570347785949707,0.027663085609674454,0.3067643344402313,0.5095193982124329,-0.49419331550598145,0.4922824800014496,-0.5038062930107117,1
0.761171281337738,0.027963966131210327,0.3160235285758972,0.5090693831443787,-0.4960164427757263,0.49442899227142334,-0.5003558993339539,0.7470123171806335,0.02666926383972168,0.019978148862719536,0,0.7567665576934814,0.02761087939143181,0.30454519391059875,0.5091537237167358,-0.4944177567958832,0.49258166551589966,-0.5036634206771851,1
0.7609584927558899,0.027905363589525223,0.3137904405593872,0.5087037682533264,-0.49623897671699524,0.49472612142562866,-0.5002131462097168,0.7470123171806335,0.02666926383972168,0.019978148862719536,0,0.7564889788627625,0.02756003849208355,0.3023283779621124,0.5087879300117493,-0.4946422278881073,0.49288058280944824,-0.5035202503204346,1
0.7607357501983643,0.027847591787576675,0.3115594983100891,0.5083380937576294,-0.4964616000652313,0.4950231909751892,-0.5000701546669006,0.7470123171806335,0.02666926383972168,0.019978148862719536,0,0.756201446056366,0.027510054409503937,0.30011415481567383,0.5084218382835388,-0.49486660957336426,0.4931796193122864,-0.5033766627311707,1
0.7605032324790955,0.027791213244199753,0.30933111906051636,0.5079723596572876,-0.4966840147972107,0.4953196942806244,-0.499927282333374,0.7470123171806335,0.02666926383972168,0.019978148862719536,0,0.7559041976928711,0.02746148407459259,0.29790255427360535,0.5080556869506836,-0.49509114027023315,0.49347802996635437,-0.503233015537262,1
0.7602609992027283,0.027735652402043343,0.3071046471595764,0.5076064467430115,-0.4969063699245453,0.49561622738838196,-0.4997841417789459,0.7470123171806335,0.02666926383972168,0.019978148862719536,0,0.7555974125862122,0.027413707226514816,0.2956933379173279,0.5076894760131836,-0.4953155219554901,0.49377647042274475,-0.503089189529419,1
0.7600088715553284,0.027681492269039154,0.3048810064792633,0.5072406530380249,-0.49712860584259033,0.49591219425201416,-0.4996410012245178,0.7470123171806335,0.02666926383972168,0.019978148862719536,0,0.7552808523178101,0.027367370203137398,0.2934873700141907,0.5073233842849731,-0.49553966522216797,0.4940743148326874,-0.5029451251029968,1
0.7597470283508301,0.027628149837255478,0.30265969038009644,0.5068747997283936,-0.49735066294670105,0.4962081015110016,-0.4994974136352539,0.7470123171806335,0.02666926383972168,0.019978148862719536,0,0.7549545168876648,0.02732185646891594,0.29128390550613403,0.5069568753242493,-0.4957638382911682,0.4943723976612091,-0.5028010010719299,1
0.7594754099845886,0.027576226741075516,0.30044063925743103,0.5065087676048279,-0.49757280945777893,0.49650371074676514,-0.49935382604599,0.7470123171806335,0.02666926383972168,0.019978148862719536,0,0.7546185851097107,0.027277491986751556,0.28908324241638184,0.5065903663635254,-0.49598783254623413,0.49466997385025024,-0.5026566982269287,1
0.7591938972473145,0.02752513438463211,0.2982247471809387,0.5061426758766174,-0.49779462814331055,0.4967990517616272,-0.4992101490497589,0.7470123171806335,0.02666926383972168,0.019978148862719536,0,0.7542731761932373,0.02723453938961029,0.28688526153564453,0.506223738193512,-0.496211975812912,0.49496737122535706,-0.5025120377540588,1
0.7589027881622314,0.02747514471411705,0.2960112392902374,0.5057765245437622,-0.498016357421875,0.49709397554397583,-0.49906647205352783,0.7470123171806335,0.02666926383972168,0.019978148862719536,0,0.753917932510376,0.027192413806915283,0.2846905291080475,0.5058570504188538,-0.4964359700679779,0.49526458978652954,-0.502367377281189,1
0.7586020231246948,0.027426548302173615,0.29380035400390625,0.505410373210907,-0.49823808670043945,0.49738872051239014,-0.4989224672317505,0.7470123171806335,0.02666926383972168,0.019978148862719536,0,0.7535532116889954,0.02715170755982399,0.28249818086624146,0.5054901838302612,-0.49665993452072144,0.49556151032447815,-0.5022222399711609,1
0.7582913637161255,0.027379110455513,0.29159241914749146,0.5050442218780518,-0.4984598457813263,0.49768292903900146,-0.4987782835960388,0.7470123171806335,0.02666926383972168,0.019978148862719536,0,0.7531787157058716,0.02711188793182373,0.2803094983100891,0.5051233768463135,-0.49688366055488586,0.4958581328392029,-0.5020772814750671,1
0.7579711079597473,0.027332469820976257,0.2893872857093811,0.5046780109405518,-0.49868112802505493,0.4979771077632904,-0.49863407015800476,0.7470123171806335,0.02666926383972168,0.019978148862719536,0,0.7527949213981628,0.027073420584201813,0.27812308073043823,0.5047562718391418,-0.497107595205307,0.4961547255516052,-0.5019317269325256,1
0.7576413154602051,0.027287226170301437,0.2871851325035095,0.504311740398407,-0.4989025294780731,0.49827083945274353,-0.49848976731300354,0.7470123171806335,0.02666926383972168,0.019978148862719536,0,0.7524014711380005,0.027035808190703392,0.2759403884410858,0.504389226436615,-0.4973311424255371,0.49645093083381653,-0.5017863512039185,1
0.7573018074035645,0.027242859825491905,0.28498581051826477,0.5039452314376831,-0.4991237223148346,0.49856439232826233,-0.4983453154563904,0.7470123171806335,0.02666926383972168,0.019978148862719536,0,0.7519985437393188,0.026999637484550476,0.27376067638397217,0.5040220618247986,-0.49755504727363586,0.49674689769744873,-0.5016405582427979,1
0.7569525241851807,0.02719958871603012,0.28278931975364685,0.5035787224769592,-0.49934494495391846,0.4988577663898468,-0.49820083379745483,0.7470123171806335,0.02666926383972168,0.019978148862719536,0,0.7515859603881836,0.026964332908391953,0.2715839743614197,0.5036546587944031,-0.49777859449386597,0.49704277515411377,-0.5014946460723877,1
0.7565937638282776,0.027157746255397797,0.2805958390235901,0.5032120943069458,-0.49956613779067993,0.49915066361427307,-0.49805593490600586,0.7470123171806335,0.02666926383972168,0.019978148862719536,0,0.751163899898529,0.02693016082048416,0.2694108188152313,0.5032872557640076,-0.4980020225048065,0.497338205575943,-0.5013487339019775,1
0.7562254071235657,0.027116747573018074,0.2784058451652527,0.5028457641601562,-0.4997868239879608,0.4994431436061859,-0.4979114234447479,0.7470123171806335,0.02666926383972168,0.019978148862719536,0,0.7507324814796448,0.02689739316701889,0.2672407925128937,0.5029198527336121,-0.49822553992271423,0.49763351678848267,-0.5012022852897644,1
0.7558474540710449,0.027077145874500275,0.2762182354927063,0.5024791359901428,-0.5000079274177551,0.49973565340042114,-0.49776601791381836,0.7470123171806335,0.02666926383972168,0.019978148862719536,0,0.7502914071083069,0.026865502819418907,0.2650740146636963,0.5025522708892822,-0.49844884872436523,0.497928649187088,-0.5010558366775513,1
0.7554600238800049,0.02703866735100746,0.27403414249420166,0.5021125674247742,-0.5002286434173584,0.5000277757644653,-0.4976208209991455,0.7470123171806335,0.02666926383972168,0.019978148862719536,0,0.7498409748077393,0.026835020631551743,0.26291054487228394,0.5021845102310181,-0.4986725151538849,0.4982232451438904,-0.5009090900421143,1
0.7550629377365112,0.027001064270734787,0.2718536853790283,0.501745879650116,-0.5004491806030273,0.5003195405006409,-0.49747562408447266,0.7470123171806335,0.02666926383972168,0.019978148862719536,0,0.7493811249732971,0.026805400848388672,0.2607504427433014,0.5018166303634644,-0.4988957643508911,0.4985179901123047,-0.5007621645927429,1
0.7546564340591431,0.026964550837874413,0.2696758806705475,0.501379132270813,-0.500669538974762,0.5006110072135925,-0.49733036756515503,0.7470123171806335,0.02666926383972168,0.019978148862719536,0,0.7489117383956909,0.026777226477861404,0.2585940659046173,0.5014488101005554,-0.4991190433502197,0.49881234765052795,-0.5006150603294373,1
0.7542402744293213,0.026929471641778946,0.2675018608570099,0.5010124444961548,-0.5008898973464966,0.5009021162986755,-0.4971849322319031,0.7470123171806335,0.02666926383972168,0.019978148862719536,0,0.7484331130981445,0.02674989402294159,0.2564409375190735,0.5010807514190674,-0.4993421733379364,0.4991065561771393,-0.5004677772521973,1
0.753814697265625,0.02689523994922638,0.2653312087059021,0.5006455779075623,-0.5011101365089417,0.5011928677558899,-0.4970394968986511,0.7470123171806335,0.02666926383972168,0.019978148862719536,0,0.7479450702667236,0.02672399953007698,0.2542916238307953,0.5007128715515137,-0.4995651841163635,0.4994003176689148,-0.5003204345703125,1
0.7533799409866333,0.026862427592277527,0.2631637156009674,0.500278890132904,-0.5013301968574524,0.5014833211898804,-0.49689388275146484,0.7470123171806335,0.02666926383972168,0.019978148862719536,0,0.747447669506073,0.026698963716626167,0.2521457374095917,0.5003446340560913,-0.49978822469711304,0.499693900346756,-0.5001729130744934,1
0.752935528755188,0.026830464601516724,0.26099953055381775,0.49991193413734436,-0.5015501976013184,0.5017737150192261,-0.4967479705810547,0.7470123171806335,0.02666926383972168,0.019978148862719536,0,0.7469408512115479,0.026675082743167877,0.2500036954879761,0.49997642636299133,-0.5000109672546387,0.49998757243156433,-0.5000249147415161,1
0.7524816393852234,0.02679992839694023,0.2588392198085785,0.4995450973510742,-0.5017700791358948,0.5020635724067688,-0.49660205841064453,0.7470123171806335,0.02666926383972168,0.019978148862719536,1,0.7524816393852234,0.02679992839694023,0.2588392198085785,0.4995450973510742,-0.5017700791358948,0.5020635724067688,-0.49660205841064453,0
0.7524521350860596,0.026790831238031387,0.25712278485298157,0.4990096986293793,-0.5022894144058228,0.5027052164077759,-0.4959656298160553,0.7470123171806335,0.02666926383972168,0.019978148862719536,1,0.7524816393852234,0.02679992839694023,0.2588392198085785,0.4995450973510742,-0.5017700791358948,0.5020635724067688,-0.49660205841064453,0
0.7525800466537476,0.026776153594255447,0.2558794915676117,0.4985583424568176,-0.5027335286140442,0.5032649040222168,-0.49540188908576965,0.7470123171806335,0.02666926383972168,0.019978148862719536,1,0.7524816393852234,0.02679992839694023,0.2588392198085785,0.4995450973510742,-0.5017700791358948,0.5020635724067688,-0.49660205841064453,0
0.752692461013794,0.026758402585983276,0.2548781633377075,0.49819883704185486,-0.5030834078788757,0.5037104487419128,-0.4949553310871124,0.7470123171806335,0.02666926383972168,0.019978148862719536,1,0.7524816393852234,0.02679992839694023,0.2588392198085785,0.4995450973510742,-0.5017700791358948,0.5020635724067688,-0.49660205841064453,0
0.752788782119751,0.026742737740278244,0.25403892993927,0.4978986978530884,-0.5033743381500244,0.5040819048881531,-0.4945831000804901,0.7470123171806335,0.02666926383972168,0.019978148862719536,1,0.7524816393852234,0.02679992839694023,0.2588392198085785,0.4995450973510742,-0.5017700791358948,0.5020635724067688,-0.49660205841064453,0
0.7528722286224365,0.026729870587587357,0.25331830978393555,0.49764177203178406,-0.5036237835884094,0.5043994188308716,-0.49426397681236267,0.7470123171806335,0.02666926383972168,0.019978148862719536,1,0.7524816393852234,0.02679992839694023,0.2588392198085785,0.4995450973510742,-0.5017700791358948,0.5020635724067688,-0.49660205841064453,0
0.7529453635215759,0.0267198346555233,0.25269007682800293,0.4974185526371002,-0.5038408041000366,0.5046749711036682,-0.493986040353775,0.7470123171806335,0.02666926383972168,0.019978148862719536,1,0.7524816393852234,0.02679992839694023,0.2588392198085785,0.4995450973510742,-0.5017700791358948,0.5020635724067688,-0.49660205841064453,0
0.7530102133750916,0.0267048180103302,0.2521449327468872,0.4972202479839325,-0.5040298104286194,0.5049123764038086,-0.49375036358833313,0.7469866871833801,0.027270544320344925,0.020323941484093666,1,0.7524816393852234,0.02679992839694023,0.2588392198085785,0.4995450973510742,-0.5017700791358948,0.5020635724067688,-0.49660205841064453,0
0.7530673146247864,0.026692889630794525,0.2516644597053528,0.4970485270023346,-0.5041937232017517,0.5051230192184448,-0.49354034662246704,0.7469205260276794,0.028003446757793427,0.020252598449587822,1,0.7530673146247864,0.026692889630794525,0.2516644597053528,0.4970485270023346,-0.5041937232017517,0.5051230192184448,-0.49354034662246704,0
0.7531430721282959,0.026692671701312065,0.2509291470050812,0.49680545926094055,-0.5044361352920532,0.5054228901863098,-0.49323028326034546,0.7467731237411499,0.02793990448117256,0.01970968209207058,1,0.7554036974906921,0.027262087911367416,0.25957202911376953,0.5013083815574646,-0.5014583468437195,0.5015402436256409,-0.4956679046154022,0
0.753456711769104,0.026724692434072495,0.25047075748443604,0.49676159024238586,-0.5046085119247437,0.5056242346763611,-0.4928916096687317,0.7468750476837158,0.027858512476086617,0.019557951018214226,1,0.7576088309288025,0.027850620448589325,0.2675248980522156,0.5055530071258545,-0.49871182441711426,0.4979247748851776,-0.49776846170425415,0
0.7539908289909363,0.02679235115647316,0.2505759596824646,0.4970366954803467,-0.5045878291130066,0.50557941198349,-0.4926815629005432,0.7472981810569763,0.027824167162179947,0.01971765048801899,1,0.7596817016601562,0.028458435088396072,0.2755211293697357,0.5097818970680237,-0.4959544837474823,0.49427667260169983,-0.4998420178890228,0
0.7547152042388916,0.026897842064499855,0.2513430714607239,0.4976629614830017,-0.5043342113494873,0.5052366256713867,-0.4926604628562927,0.7481897473335266,0.027867482975125313,0.02033461071550846,1,0.7616215944290161,0.029084600508213043,0.28355756402015686,0.5139946937561035,-0.493186354637146,0.4905964136123657,-0.5018882751464844,0
0.755602240562439,0.02704535610973835,0.2527870535850525,0.4986393451690674,-0.5038418769836426,0.5045860409736633,-0.4928438067436218,0.7496010661125183,0.028007617220282555,0.02149030566215515,1,0.7634276747703552,0.029729057103395462,0.29163238406181335,0.5181909203529358,-0.4904075860977173,0.48688384890556335,-0.5039073824882507,0
0.7566245794296265,0.02723509445786476,0.25488385558128357,0.49994534254074097,-0.5031216740608215,0.5036377906799316,-0.4932263195514679,0.751412034034729,0.028240138664841652,0.023271365091204643,1,0.7650992274284363,0.030391696840524673,0.2997435927391052,0.5223706960678101,-0.487618088722229,0.4831390082836151,-0.5058993101119995,0
0.7577582001686096,0.027467017993330956,0.2575904428958893,0.5015550255775452,-0.5021896362304688,0.5024096369743347,-0.4937940239906311,0.753565788269043,0.028554905205965042,0.025656789541244507,1,0.766635537147522,0.031071564182639122,0.30788832902908325,0.5265329480171204,-0.4848180115222931,0.4793625473976135,-0.5078641176223755,0
0.7589802742004395,0.02773880958557129,0.2608563303947449,0.5034387707710266,-0.5010643601417542,0.5009241104125977,-0.4945288896560669,0.7560189962387085,0.028943167999386787,0.028605008497834206,1,0.7680361270904541,0.03176861256361008,0.3160645365715027,0.5306780934333801,-0.4820074141025543,0.47555434703826904,-0.5098015069961548,0
0.760269284248352,0.028048984706401825,0.2646305561065674,0.5055686831474304,-0.4997638165950775,0.4992031455039978,-0.49541157484054565,0.7587308883666992,0.029398372396826744,0.03207163140177727,1,0.7693002820014954,0.03248266875743866,0.32426998019218445,0.5348057150840759,-0.4791863262653351,0.4717138111591339,-0.5117121338844299,0
0.7616050243377686,0.02839573472738266,0.2688656449317932,0.5079177618026733,-0.4983053505420685,0.49726754426956177,-0.4964233338832855,0.7616626620292664,0.029915381222963333,0.036014407873153687,1,0.7704273462295532,0.033212803304195404,0.3325015902519226,0.5389149188995361,-0.47635510563850403,0.4678424894809723,-0.5135949850082397,0
0.7629689574241638,0.02877681702375412,0.2735168933868408,0.5104612708091736,-0.4967041611671448,0.49513694643974304,-0.4975475072860718,0.7647780179977417,0.030497314408421516,0.04039504751563072,1,0.7714172601699829,0.033958740532398224,0.3407578766345978,0.543005645275116,-0.47351348400115967,0.46393975615501404,-0.5154509544372559,0
0.7643433213233948,0.02919088676571846,0.27854400873184204,0.5131768584251404,-0.49497491121292114,0.49282851815223694,-0.49876776337623596,0.7680437564849854,0.031131256371736526,0.04517705366015434,1,0.7722689509391785,0.03472062200307846,0.34903573989868164,0.5470776557922363,-0.4706619381904602,0.4600059390068054,-0.5172791481018066,0
0.7657124996185303,0.029636360704898834,0.28391093015670776,0.516044557094574,-0.4931298792362213,0.49035751819610596,-0.5000703930854797,0.771429181098938,0.03180951625108719,0.050328079611063004,1,0.7729821801185608,0.035497359931468964,0.35733360052108765,0.5511307120323181,-0.4678002893924713,0.45604103803634644,-0.519080400466919,0
0.7670615315437317,0.030112069100141525,0.28958481550216675,0.5190456509590149,-0.49118030071258545,0.48773834109306335,-0.5014426112174988,0.7749063968658447,0.03253393992781639,0.055818408727645874,1,0.7735567688941956,0.036288779228925705,0.3656485676765442,0.5551643967628479,-0.4649282991886139,0.4520450830459595,-0.5208543539047241,0
0.7683768272399902,0.03061665967106819,0.2955361008644104,0.522164523601532,-0.4891364574432373,0.48498275876045227,-0.5028732419013977,0.7784498333930969,0.03330357372760773,0.06162166967988014,1,0.773992121219635,0.03709477186203003,0.3739780783653259,0.5591781139373779,-0.4620468020439148,0.4480186998844147,-0.5226009488105774,0
0.7696467638015747,0.031148746609687805,0.3017379343509674,0.5253856182098389,-0.48700734972953796,0.4821021556854248,-0.5043522119522095,0.7820363640785217,0.03411615639925003,0.06771370023488998,1,0.7742881178855896,0.037914298474788666,0.3823200762271881,0.5631718635559082,-0.4591553509235382,0.4439619779586792,-0.5243200063705444,0
0.770859956741333,0.03170739859342575,0.30816686153411865,0.528696596622467,-0.4848006069660187,0.47910645604133606,-0.5058707594871521,0.7856451272964478,0.03496961668133736,0.07407250255346298,1,0.7744443416595459,0.038747213780879974,0.39067214727401733,0.5671451687812805,-0.45625409483909607,0.4398745894432068,-0.526012122631073,0
0.772006630897522,0.03229193016886711,0.31480053067207336,0.5320855379104614,-0.48252376914024353,0.4760039448738098,-0.5074208974838257,0.7892572283744812,0.03586212173104286,0.0806780681014061,1,0.7744608521461487,0.03959333151578903,0.39903104305267334,0.5710974931716919,-0.4533434808254242,0.4357575476169586,-0.527676522731781,0
0.7730777859687805,0.032900989055633545,0.3216194212436676,0.5355418920516968,-0.4801831841468811,0.47280290722846985,-0.5089954137802124,0.7928499579429626,0.03681961074471474,0.08754118531942368,1,0.7743372321128845,0.04045170918107033,0.40739524364471436,0.5750287771224976,-0.4504232108592987,0.43161046504974365,-0.5293138027191162,0
0.7740656733512878,0.03353368118405342,0.3286054730415344,0.5390560030937195,-0.47778448462486267,0.4695102870464325,-0.5105884671211243,0.7964136004447937,0.037804871797561646,0.09461452811956406,1,0.7740733027458191,0.04132210835814476,0.4157625138759613,0.5789388418197632,-0.44749337434768677,0.4274335503578186,-0.5309237241744995,0
0.7749627232551575,0.0341896116733551,0.33574312925338745,0.5426199436187744,-0.47533270716667175,0.46613192558288574,-0.5121946334838867,0.7999346256256104,0.03881646320223808,0.10188113152980804,1,0.7736691236495972,0.042204417288303375,0.4241299033164978,0.5828272104263306,-0.4445543885231018,0.42322686314582825,-0.5325062274932861,0
0.7757629156112671,0.034867286682128906,0.3430166244506836,0.5462255477905273,-0.472832590341568,0.4626741409301758,-0.5138089060783386,0.803400456905365,0.0398554727435112,0.10932707041501999,1,0.7731245756149292,0.04309755936264992,0.43249502778053284,0.586693286895752,-0.4416057765483856,0.4189910292625427,-0.5340614318847656,0
0.7764604687690735,0.03556586056947708,0.35041293501853943,0.5498663187026978,-0.4702876806259155,0.45914149284362793,-0.5154275894165039,0.8068001866340637,0.04090999439358711,0.11691495031118393,1,0.7724399566650391,0.04400137811899185,0.4408557713031769,0.5905370116233826,-0.43864819407463074,0.41472572088241577,-0.5355896353721619,0
0.777050256729126,0.03628523275256157,0.3579196333885193,0.5535364151000977,-0.46770209074020386,0.45553839206695557,-0.5170462131500244,0.8101252913475037,0.04198693484067917,0.12465876340866089,1,0.7716149687767029,0.04491566866636276,0.44920891523361206,0.5943580269813538,-0.43568170070648193,0.41043180227279663,-0.5370898842811584,0
0.7775281071662903,0.03702373430132866,0.3655247092247009,0.5572298169136047,-0.46507909893989563,0.45186975598335266,-0.5186618566513062,0.8133349418640137,0.04312099888920784,0.13255757093429565,1,0.7706497311592102,0.045839425176382065,0.4575532078742981,0.5981559753417969,-0.4327060580253601,0.4061087667942047,-0.5385634303092957,0
0.777889609336853,0.03778117522597313,0.3732183575630188,0.5609419345855713,-0.4624214768409729,0.44813844561576843,-0.5202714800834656,0.8164757490158081,0.044261202216148376,0.1405879259109497,1,0.7695443630218506,0.04677242413163185,0.46588563919067383,0.601930558681488,-0.4297212064266205,0.4017571806907654,-0.5400096774101257,0
0.7781317830085754,0.03855660930275917,0.3809906840324402,0.5646683573722839,-0.4597318172454834,0.44434791803359985,-0.5218726396560669,0.8195297122001648,0.04542381688952446,0.14874063432216644,1,0.7682991623878479,0.04771451652050018,0.4742036759853363,0.6056814789772034,-0.42672786116600037,0.3973769545555115,-0.5414283871650696,0
0.7782514691352844,0.03934936970472336,0.3888323903083801,0.5684049725532532,-0.4570128321647644,0.4405010938644409,-0.5234631896018982,0.8224748969078064,0.04661673679947853,0.1570080667734146,1,0.7669141292572021,0.04866461455821991,0.48250532150268555,0.6094085574150085,-0.4237254559993744,0.3929685354232788,-0.5428200960159302,0
0.7782456278800964,0.040158454328775406,0.3967357277870178,0.5721480846405029,-0.4542660117149353,0.4366013705730438,-0.5250409841537476,0.8253047466278076,0.04783833399415016,0.16538190841674805,1,0.7653896808624268,0.0496225506067276,0.4907877743244171,0.613111138343811,-0.4207145571708679,0.3885320723056793,-0.5441845655441284,0
0.7781123518943787,0.04098368063569069,0.40469294786453247,0.5758949518203735,-0.4514937102794647,0.4326501786708832,-0.5266043543815613,0.8280085921287537,0.04908813536167145,0.1738520860671997,1,0.7637264132499695,0.050588082522153854,0.4990483522415161,0.6167890429496765,-0.41769516468048096,0.384068101644516,-0.5455214977264404,0
0.7778496146202087,0.041823629289865494,0.4126962125301361,0.5796420574188232,-0.4486975371837616,0.42865073680877686,-0.5281515121459961,0.8305913805961609,0.0503617562353611,0.18241530656814575,1,0.761924147605896,0.051560238003730774,0.5072855949401855,0.6204420328140259,-0.41466712951660156,0.3795759975910187,-0.5468316674232483,0
0.7774553894996643,0.0426783561706543,0.42073988914489746,0.5833870768547058,-0.44587910175323486,0.4246043264865875,-0.5296815037727356,0.8330464959144592,0.051658745855093,0.19106337428092957,1,0.7599835395812988,0.052538733929395676,0.5154964327812195,0.6240698099136353,-0.4116307199001312,0.37505674362182617,-0.5481143593788147,0
0.7769284248352051,0.0435464009642601,0.42881712317466736,0.5871275663375854,-0.44303926825523376,0.420512855052948,-0.5311932563781738,0.8353697061538696,0.05297860875725746,0.19978922605514526,1,0.7579049468040466,0.05352339521050453,0.5236785411834717,0.6276718974113464,-0.40858617424964905,0.37051036953926086,-0.5493699312210083,0
0.776267409324646,0.044427696615457535,0.43692195415496826,0.5908613801002502,-0.44017988443374634,0.4163782298564911,-0.5326852202415466,0.8375537991523743,0.054359517991542816,0.2086130976676941,1,0.7556887865066528,0.054513197392225266,0.5318299531936646,0.6312482357025146,-0.4055333733558655,0.36593687534332275,-0.5505983233451843,0
0.7754712104797363,0.045321621000766754,0.4450492858886719,0.5945864915847778,-0.4373019337654114,0.4122017025947571,-0.5341569185256958,0.8396028876304626,0.05573499575257301,0.21749261021614075,1,0.7533355951309204,0.055507875978946686,0.5399478673934937,0.6347983479499817,-0.4024723768234253,0.36133643984794617,-0.5517997741699219,0
0.7745389342308044,0.046227265149354935,0.4531940221786499,0.598301351070404,-0.4344061315059662,0.4079846441745758,-0.5356074571609497,0.8415127992630005,0.05712335929274559,0.2264314591884613,1,0.7508461475372314,0.05650727450847626,0.5480300188064575,0.6383221745491028,-0.3994033634662628,0.3567093014717102,-0.5529739856719971,0
0.7734697461128235,0.04714389517903328,0.46135079860687256,0.6020038723945618,-0.4314936399459839,0.4037283957004547,-0.537036120891571,0.8432834148406982,0.05850953981280327,0.23541629314422607,1,0.7482208609580994,0.05751030519604683,0.5560740828514099,0.6418187618255615,-0.3963265120983124,0.3520561456680298,-0.5541213154792786,0
0.7722634077072144,0.048071108758449554,0.46951496601104736,0.6056928634643555,-0.4285654127597809,0.39943426847457886,-0.5384421944618225,0.8449086546897888,0.059931349009275436,0.24446053802967072,1,0.7454604506492615,0.05851677805185318,0.5640777349472046,0.6452884078025818,-0.393241822719574,0.3473767936229706,-0.5552414059638977,0
0.7709193229675293,0.049008242785930634,0.4776827394962311,0.6093670725822449,-0.4256216287612915,0.39510300755500793,-0.5398253798484802,0.8463907241821289,0.06134989857673645,0.25353747606277466,1,0.7425655126571655,0.0595264807343483,0.5720387101173401,0.6487305760383606,-0.3901495933532715,0.34267139434814453,-0.5563344955444336,0
0.7694370746612549,0.049954552203416824,0.48584917187690735,0.6130249500274658,-0.4226636588573456,0.39073577523231506,-0.5411850810050964,0.8477254509925842,0.06278820335865021,0.26265400648117065,1,0.7395367622375488,0.060538358986377716,0.5799550414085388,0.652145266532898,-0.3870494067668915,0.33794015645980835,-0.5574008226394653,0
0.7678164839744568,0.05090957507491112,0.4940106272697449,0.6166655421257019,-0.4196915924549103,0.3863334655761719,-0.5425209999084473,0.8489115834236145,0.06424654275178909,0.2718063294887543,1,0.7363750338554382,0.06155221536755562,0.5878236889839172,0.6555314660072327,-0.3839418888092041,0.3331837058067322,-0.5584403872489929,0
0.7660574913024902,0.051872894167900085,0.5021632313728333,0.6202878952026367,-0.4167063236236572,0.3818966746330261,-0.5438324809074402,0.8499479293823242,0.06572325527667999,0.2809901535511017,1,0.7330811023712158,0.0625678077340126,0.5956429839134216,0.6588897705078125,-0.38082683086395264,0.3284017741680145,-0.5594527125358582,0
0.7641602754592896,0.05284346640110016,0.5103030204772949,0.6238904595375061,-0.4137081205844879,0.3774264454841614,-0.54511958360672,0.8508334755897522,0.06721682101488113,0.2902012765407562,1,0.7296558022499084,0.0635841116309166,0.6034103035926819,0.662219226360321,-0.3777046203613281,0.3235948383808136,-0.5604384541511536,0
0.7621247172355652,0.05382109433412552,0.5184265375137329,0.6274729371070862,-0.4106977581977844,0.3729235529899597,-0.5463817119598389,0.8515674471855164,0.06872591376304626,0.29943573474884033,1,0.7261000871658325,0.06460120528936386,0.6111235022544861,0.6655198931694031,-0.3745748698711395,0.31876319646835327,-0.5613971948623657,0
0.7599508762359619,0.054805051535367966,0.5265311002731323,0.6310347318649292,-0.40767496824264526,0.36838772892951965,-0.547619104385376,0.8521491289138794,0.07024960219860077,0.30868974328041077,1,0.7224147319793701,0.06561805307865143,0.6187806129455566,0.6687912344932556,-0.3714379072189331,0.313906729221344,-0.5623295903205872,0
0.7576393485069275,0.055794838815927505,0.534612238407135,0.6345742344856262,-0.40464097261428833,0.36382079124450684,-0.5488311648368835,0.852577805519104,0.07178693264722824,0.31795957684516907,1,0.718600869178772,0.06663443893194199,0.6263790726661682,0.6720330119132996,-0.3682941198348999,0.30902597308158875,-0.5632351040840149,0
0.7551903128623962,0.056789688766002655,0.5426672101020813,0.6380912065505981,-0.4015955626964569,0.35922253131866455,-0.5500178933143616,0.8528530597686768,0.07333709299564362,0.3272416293621063,1,0.7146594524383545,0.06765016168355942,0.6339167952537537,0.6752452850341797,-0.36514341831207275,0.3041214048862457,-0.5641136169433594,0
0.752604067325592,0.05778913199901581,0.5506930947303772,0.6415846347808838,-0.3985392451286316,0.3545938730239868,-0.5511794090270996,0.8529744148254395,0.07489931583404541,0.3365324139595032,1,0.7105916142463684,0.06866417825222015,0.6413915157318115,0.6784271001815796,-0.3619857132434845,0.2991929352283478,-0.5649659037590027,0
0.7498812079429626,0.05879296734929085,0.5586864352226257,0.6450541615486145,-0.39547261595726013,0.3499351739883423,-0.5523148775100708,0.852941632270813,0.07647290825843811,0.3458285331726074,1,0.7063984274864197,0.06967631727457047,0.6488012671470642,0.6815788745880127,-0.3588210642337799,0.2942405641078949,-0.5657914876937866,0
0.7470220923423767,0.05980014055967331,0.5666449069976807,0.6484992504119873,-0.39239534735679626,0.34524673223495483,-0.5534250140190125,0.8527544736862183,0.07805724442005157,0.35512658953666687,1,0.7020807266235352,0.07068633288145065,0.6561437845230103,0.6846998929977417,-0.35565006732940674,0.2892650365829468,-0.5665904879570007,0
0.7440274357795715,0.06081044673919678,0.574565052986145,0.6519190669059753,-0.3893081545829773,0.3405293822288513,-0.5545090436935425,0.8524128198623657,0.07965163886547089,0.36442336440086365,1,0.6976399421691895,0.07169325649738312,0.6634169220924377,0.6877899765968323,-0.3524722754955292,0.28426632285118103,-0.5673630833625793,0
0.7408978939056396,0.06182336434721947,0.5824437737464905,0.6553131341934204,-0.3862113058567047,0.33578330278396606,-0.5555673241615295,0.8519166707992554,0.08125553280115128,0.3737156093120575,1,0.6930772662162781,0.07269687205553055,0.6706186532974243,0.6908486485481262,-0.3492879271507263,0.2792448401451111,-0.5681093335151672,0
0.7376339435577393,0.06283792108297348,0.5902795195579529,0.6586809754371643,-0.3831045627593994,0.33100858330726624,-0.5565999150276184,0.8512660264968872,0.08286827802658081,0.3830001652240753,1,0.6883939504623413,0.07369697093963623,0.6777467727661133,0.6938761472702026,-0.3460973799228668,0.2742006778717041,-0.5688289403915405,0
0.7342365980148315,0.06385408341884613,0.5980682969093323,0.6620221138000488,-0.3799886107444763,0.3262063264846802,-0.5576062202453613,0.8504610657691956,0.08448923379182816,0.3922739326953888,1,0.6835909485816956,0.07469259947538376,0.6847996711730957,0.6968715786933899,-0.3429003953933716,0.2691337466239929,-0.5695227980613708,0
0.730706512928009,0.0648711547255516,0.6058083176612854,0.6653359532356262,-0.37686336040496826,0.32137638330459595,-0.558586835861206,0.8495019674301147,0.08611780405044556,0.401533842086792,1,0.6786701679229736,0.07568353414535522,0.6917746663093567,0.6998351812362671,-0.3396971821784973,0.26404500007629395,-0.5701899528503418,0
0.7270445227622986,0.06588862091302872,0.6134964823722839,0.6686222553253174,-0.3737291991710663,0.3165190517902374,-0.5595412850379944,0.8483889698982239,0.08775345981121063,0.41077694296836853,1,0.6736328601837158,0.07666920125484467,0.6986697912216187,0.7027660608291626,-0.33648809790611267,0.25893473625183105,-0.5708312392234802,0
0.723251223564148,0.06690602749586105,0.6211308240890503,0.6718803644180298,-0.37058597803115845,0.31163492798805237,-0.5604697465896606,0.8471224308013916,0.08939559757709503,0.42000022530555725,1,0.6684796214103699,0.07764939963817596,0.7054836750030518,0.7056645750999451,-0.3332727551460266,0.2538022994995117,-0.5714463591575623,0
0.7193282842636108,0.06792253255844116,0.628708004951477,0.6751097440719604,-0.36743441224098206,0.30672454833984375,-0.5613722205162048,0.8457027673721313,0.09104366600513458,0.4292008578777313,1,0.6632127165794373,0.07862357795238495,0.7122139930725098,0.7085302472114563,-0.3300517499446869,0.24864864349365234,-0.5720353126525879,0
0.7152760028839111,0.06893802434206009,0.6362260580062866,0.6783102750778198,-0.36427420377731323,0.3017878830432892,-0.5622485280036926,0.8441303968429565,0.09269704669713974,0.438375860452652,1,0.6578333973884583,0.07959150522947311,0.7188585996627808,0.7113627791404724,-0.3268249034881592,0.24347414076328278,-0.5725982189178467,0
0.7110956311225891,0.06995196640491486,0.6436827182769775,0.6814815402030945,-0.36110565066337585,0.2968253493309021,-0.5630987286567688,0.8424057960510254,0.09435520321130753,0.44752246141433716,1,0.6523429155349731,0.08055227994918823,0.7254160046577454,0.71416175365448,-0.32359233498573303,0.2382783740758896,-0.5731354355812073,0
0.7067883014678955,0.07096356898546219,0.6510751247406006,0.6846228241920471,-0.3579288721084595,0.2918374836444855,-0.5639230608940125,0.8405295610427856,0.09601758420467377,0.45663782954216003,1,0.6467430591583252,0.08150571584701538,0.7318838238716125,0.7169271111488342,-0.3203543424606323,0.23306232690811157,-0.5736466646194458,0
0.702355146408081,0.07197269797325134,0.6584010720252991,0.6877339482307434,-0.3547442555427551,0.28682446479797363,-0.5647212862968445,0.8385023474693298,0.09768357872962952,0.46571922302246094,1,0.6410354375839233,0.08245161175727844,0.7382604479789734,0.7196584939956665,-0.31711095571517944,0.22782590985298157,-0.5741320252418518,0
0.6977971792221069,0.07297859340906143,0.6656584739685059,0.690814733505249,-0.3515514135360718,0.28178638219833374,-0.5654934644699097,0.8363248109817505,0.09935266524553299,0.4747638702392578,1,0.6352212429046631,0.08338911086320877,0.7445443272590637,0.7223557233810425,-0.3138616383075714,0.22256910800933838,-0.5745919346809387,0
0.6931154131889343,0.07398077100515366,0.6728452444076538,0.6938645243644714,-0.3483508825302124,0.276723712682724,-0.5662398338317871,0.8339977264404297,0.10102429986000061,0.48376911878585815,1,0.6293026804924011,0.08431799709796906,0.7507331371307373,0.7250182628631592,-0.31060758233070374,0.21729294955730438,-0.5750260949134827,0
0.6883116960525513,0.0749790221452713,0.6799582242965698,0.696882963180542,-0.3451429605484009,0.27163684368133545,-0.5669600963592529,0.8315218091011047,0.10269787907600403,0.49273228645324707,1,0.6232807636260986,0.08523812890052795,0.7568255662918091,0.7276464104652405,-0.3073481321334839,0.2119968682527542,-0.5754345655441284,0
0.6833869218826294,0.07597225159406662,0.6869958639144897,0.699869692325592,-0.3419274687767029,0.2665259540081024,-0.5676546692848206,0.8288979530334473,0.10437289625406265,0.5016507506370544,1,0.6171576976776123,0.08614862710237503,0.7628196477890015,0.7302393317222595,-0.3040837049484253,0.20668168365955353,-0.5758177638053894,0
0.678342342376709,0.0769607350230217,0.6939559578895569,0.7028246521949768,-0.3387044668197632,0.26139137148857117,-0.5683231949806213,0.8261269927024841,0.10604870319366455,0.5105218887329102,1,0.6109350323677063,0.08704933524131775,0.7687135934829712,0.7327971458435059,-0.3008142411708832,0.20134785771369934,-0.5761753916740417,0
0.6731791496276855,0.07794392108917236,0.7008364796638489,0.7057474255561829,-0.3354741036891937,0.25623321533203125,-0.5689658522605896,0.8232098817825317,0.1077248752117157,0.5193431377410889,1,0.6046143174171448,0.08794009685516357,0.7745059132575989,0.7353194355964661,-0.29753994941711426,0.19599486887454987,-0.5765077471733093,0
0.6678991913795471,0.07892081141471863,0.7076348662376404,0.7086372971534729,-0.33223679661750793,0.2510521411895752,-0.5695827603340149,0.8201476335525513,0.1094009280204773,0.52811199426651,1,0.598197877407074,0.08882006257772446,0.7801945805549622,0.7378060817718506,-0.2942608892917633,0.19062358140945435,-0.5768148303031921,0
0.6625035405158997,0.07989147305488586,0.7143493890762329,0.7114944458007812,-0.3289925456047058,0.2458481788635254,-0.5701737403869629,0.8169411420822144,0.1110762506723404,0.5368258357048035,1,0.5916870832443237,0.08968909829854965,0.7857781648635864,0.7402565479278564,-0.2909773886203766,0.18523438274860382,-0.577096700668335,0
0.6569940447807312,0.08085521310567856,0.7209775447845459,0.7143183350563049,-0.32574132084846497,0.2406216561794281,-0.5707390308380127,0.8135915398597717,0.1127503514289856,0.5454822182655334,1,0.5850836634635925,0.09054706245660782,0.791255533695221,0.7426709532737732,-0.2876887619495392,0.1798272430896759,-0.5773534774780273,0
0.6513720154762268,0.08181160688400269,0.7275175452232361,0.717108428478241,-0.3224835693836212,0.2353731393814087,-0.5712785720825195,0.8101000189781189,0.11442267149686813,0.5540786981582642,1,0.5783897042274475,0.0913931354880333,0.796624481678009,0.7450487613677979,-0.28439605236053467,0.1744023561477661,-0.5775853991508484,0
0.6456385850906372,0.08276022225618362,0.7339679002761841,0.7198648452758789,-0.31921881437301636,0.23010210692882538,-0.571792721748352,0.8064677119255066,0.11609266698360443,0.5626128315925598,1,0.5716074109077454,0.09222719818353653,0.8018836975097656,0.7473899126052856,-0.2810990810394287,0.16896028816699982,-0.5777922868728638,0
0.6397958993911743,0.08370085060596466,0.7403258681297302,0.7225870490074158,-0.31594762206077576,0.22480949759483337,-0.5722811222076416,0.8026957511901855,0.11775984615087509,0.5710822343826294,1,0.5647379159927368,0.09304913133382797,0.8070318102836609,0.7496941685676575,-0.277797669172287,0.16350112855434418,-0.5779743790626526,0
0.633845329284668,0.08463262021541595,0.7465898990631104,0.7252746224403381,-0.31267014145851135,0.21949587762355804,-0.572743833065033,0.798785388469696,0.11942371726036072,0.5794845223426819,1,0.5577841997146606,0.09385813772678375,0.8120670914649963,0.7519611716270447,-0.2744922637939453,0.15802530944347382,-0.5781316757202148,0
0.6277889013290405,0.08555532991886139,0.7527578473091125,0.7279273867607117,-0.3093864917755127,0.21416106820106506,-0.5731812119483948,0.7947379350662231,0.12108378857374191,0.5878173112869263,1,0.5504522919654846,0.09468716382980347,0.8171911239624023,0.75428307056427,-0.27104485034942627,0.15230362117290497,-0.5782693028450012,0
0.6216166019439697,0.0864705815911293,0.7588392496109009,0.7305516600608826,-0.30609118938446045,0.2087946981191635,-0.5735914707183838,0.7905474305152893,0.12274361401796341,0.5960933566093445,1,0.5430330038070679,0.09550149738788605,0.8221896290779114,0.756563663482666,-0.2675931751728058,0.14656473696231842,-0.5783805251121521,0
0.6153238415718079,0.08737818151712418,0.7648369669914246,0.7331483960151672,-0.3027803599834442,0.2033921182155609,-0.5739765167236328,0.7862101197242737,0.12440384924411774,0.6043179631233215,1,0.5355284810066223,0.09630118310451508,0.8270610570907593,0.7588033676147461,-0.26413729786872864,0.14080852270126343,-0.5784650444984436,0
0.608908474445343,0.0882783904671669,0.7707506418228149,0.7357174158096313,-0.2994530200958252,0.19795182347297668,-0.5743368268013,0.7817245721817017,0.12606407701969147,0.6124911308288574,1,0.5279408097267151,0.09708569198846817,0.8318042159080505,0.7610016465187073,-0.2606774568557739,0.1350354254245758,-0.5785231590270996,0
0.6023715138435364,0.08917048573493958,0.776577353477478,0.7382577061653137,-0.296109139919281,0.19247399270534515,-0.5746726393699646,0.7770904898643494,0.12772367894649506,0.6206102967262268,1,0.5202726721763611,0.09785447269678116,0.8364176750183105,0.7631583213806152,-0.257213830947876,0.1292458176612854,-0.5785549879074097,0
0.5957139730453491,0.09005419164896011,0.782314121723175,0.7407681941986084,-0.29274895787239075,0.18695899844169617,-0.5749841332435608,0.7723087668418884,0.12938176095485687,0.6286714673042297,1,0.5125261545181274,0.0986076071858406,0.8408998847007751,0.7652732133865356,-0.2537462115287781,0.12343998998403549,-0.5785604119300842,0
0.5889390110969543,0.09092848747968674,0.7879565954208374,0.7432475686073303,-0.2893734276294708,0.18140916526317596,-0.57527095079422,0.7673807144165039,0.13103744387626648,0.6366700530052185,1,0.5047040581703186,0.09934458881616592,0.8452491760253906,0.7673459649085999,-0.2502751350402832,0.11761841922998428,-0.5785398483276367,0
0.5820490121841431,0.09179287403821945,0.7935011386871338,0.7456948161125183,-0.28598350286483765,0.1758248656988144,-0.5755329132080078,0.7623081207275391,0.1326897293329239,0.6446012258529663,1,0.49680840969085693,0.10006491839885712,0.8494647145271301,0.7693762183189392,-0.2468005269765854,0.11178114265203476,-0.5784934759140015,0
0.575046956539154,0.09264658391475677,0.798943817615509,0.7481088042259216,-0.28257980942726135,0.17020827531814575,-0.5757697820663452,0.7570928931236267,0.13433772325515747,0.6524602174758911,1,0.4888416528701782,0.10076869279146194,0.8535452485084534,0.7713639140129089,-0.24332241714000702,0.10592871159315109,-0.5784210562705994,0
0.5679358839988708,0.09348887950181961,0.8042811155319214,0.7504884004592896,-0.2791633605957031,0.16456036269664764,-0.5759816765785217,0.7517371773719788,0.135980486869812,0.6602423191070557,1,0.4808066487312317,0.10145524144172668,0.8574891090393066,0.7733086347579956,-0.23984107375144958,0.10006152093410492,-0.5783231258392334,0
0.5607199668884277,0.09431926906108856,0.8095086216926575,0.7528322339057922,-0.2757353186607361,0.1588837206363678,-0.5761679410934448,0.7462431788444519,0.1376170963048935,0.6679431200027466,1,0.4727054238319397,0.10212468355894089,0.8612954616546631,0.7752104997634888,-0.23635666072368622,0.0941796600818634,-0.5781991481781006,0
0.5534010529518127,0.09513707458972931,0.8146238923072815,0.7551400065422058,-0.2722960412502289,0.15317845344543457,-0.5763287544250488,0.7406132817268372,0.13924667239189148,0.67555832862854,1,0.46454110741615295,0.10277654975652695,0.8649628162384033,0.777069091796875,-0.23286926746368408,0.08828404545783997,-0.5780496001243591,0
0.5459828972816467,0.09594162553548813,0.8196234703063965,0.7574104070663452,-0.2688464820384979,0.14744628965854645,-0.5764639377593994,0.734849750995636,0.14086849987506866,0.6830838918685913,1,0.45631569623947144,0.10341045260429382,0.8684905171394348,0.7788839340209961,-0.22937868535518646,0.08237423002719879,-0.577875018119812,0
0.5384687781333923,0.09673269838094711,0.8245043754577637,0.7596428394317627,-0.2653874456882477,0.14168864488601685,-0.5765729546546936,0.7289549708366394,0.1424817591905594,0.6905159950256348,1,0.44803163409233093,0.10402647405862808,0.8718773126602173,0.7806552052497864,-0.22588548064231873,0.07645072042942047,-0.5776750445365906,0
0.5308614373207092,0.09750941395759583,0.8292639255523682,0.7618367075920105,-0.26191914081573486,0.13590620458126068,-0.5766565203666687,0.7229312658309937,0.14408577978610992,0.6978511214256287,1,0.43969234824180603,0.10462422668933868,0.8751220107078552,0.7823823094367981,-0.22238971292972565,0.07051453739404678,-0.5774497985839844,0
0.5231642723083496,0.09827140718698502,0.8338994979858398,0.7639909386634827,-0.25844261050224304,0.13010050356388092,-0.5767139792442322,0.7167811989784241,0.14567984640598297,0.7050858736038208,1,0.43129974603652954,0.10520333051681519,0.8782238960266113,0.784065306186676,-0.21889133751392365,0.0645655021071434,-0.5771996974945068,0
0.5153800249099731,0.09901828318834305,0.8384087681770325,0.7661052942276001,-0.2549581527709961,0.12427198886871338,-0.5767455101013184,0.7105072140693665,0.14726324379444122,0.7122169733047485,1,0.4228561520576477,0.10576392710208893,0.8811822533607483,0.7857038974761963,-0.21539035439491272,0.058603785932064056,-0.5769244432449341,0
0.5075122117996216,0.09974947571754456,0.8427892327308655,0.7681789994239807,-0.251466304063797,0.11842223256826401,-0.5767511129379272,0.7041117548942566,0.1488354206085205,0.7192414402961731,1,0.414365291595459,0.10630562901496887,0.8839955925941467,0.7872979044914246,-0.21188770234584808,0.052630431950092316,-0.57662433385849,0
0.4995633661746979,0.10046481341123581,0.8470388650894165,0.7702115178108215,-0.2479676902294159,0.11255130171775818,-0.5767307281494141,0.697597324848175,0.1503957062959671,0.7261562943458557,1,0.4058283567428589,0.10682814568281174,0.8866638541221619,0.7888467311859131,-0.20838221907615662,0.04664476960897446,-0.5763000249862671,0
0.4915362298488617,0.1011636033654213,0.8511560559272766,0.7722023725509644,-0.24446220695972443,0.10666041821241379,-0.5766846537590027,0.6909664869308472,0.15194351971149445,0.7329587340354919,1,0.39724957942962646,0.10733158141374588,0.8891855478286743,0.7903506755828857,-0.20487524569034576,0.04064832255244255,-0.5759509205818176,0
0.48343467712402344,0.10184566676616669,0.85513836145401,0.7741511464118958,-0.24095091223716736,0.10075060278177261,-0.5766125321388245,0.6842216849327087,0.15347836911678314,0.7396461963653564,1,0.3886305093765259,0.10781566053628922,0.8915603756904602,0.7918094396591187,-0.20136629045009613,0.03464044630527496,-0.575577437877655,0
0.4752611815929413,0.10251070559024811,0.8589842319488525,0.7760573029518127,-0.23743389546871185,0.09482225030660629,-0.576514482498169,0.6773654818534851,0.15499968826770782,0.7462161779403687,1,0.37997400760650635,0.10828006267547607,0.8937877416610718,0.7932225465774536,-0.19785529375076294,0.02862207591533661,-0.5751799941062927,0
0.4670187532901764,0.10315825790166855,0.8626919388771057,0.7779203653335571,-0.23391152918338776,0.0888759195804596,-0.5763907432556152,0.6704005002975464,0.1565070003271103,0.7526663541793823,1,0.3712834119796753,0.10872498154640198,0.8958666920661926,0.794590175151825,-0.19434288144111633,0.022593572735786438,-0.574757993221283,0
0.45870983600616455,0.1037878468632698,0.866260290145874,0.7797399759292603,-0.2303837388753891,0.08291234076023102,-0.576241672039032,0.6633293032646179,0.15799978375434875,0.758994460105896,1,0.3625604212284088,0.1091499999165535,0.8977970480918884,0.7959117293357849,-0.1908288449048996,0.016554540023207664,-0.5743123888969421,0
