0.3625604212284088,0.1091499999165535,0.8977970480918884,0.7959117293357849,-0.1908288449048996,0.016554540023207664,-0.5743123888969421,0.46250975131988525,0.17859067022800446,0.019999999552965164,0,0.3625604212284088,0.1091499999165535,0.8977970480918884,0.7959117293357849,-0.1908288449048996,0.016554540023207664,-0.5743123888969421,1
0.3628040552139282,0.10916154831647873,0.8976776003837585,0.7959170937538147,-0.19090838730335236,0.016660241410136223,-0.5742754340171814,0.46250975131988525,0.17859067022800446,0.01981772482395172,0,0.3625604212284088,0.1091499999165535,0.8977970480918884,0.7959117293357849,-0.1908288449048996,0.016554540023207664,-0.5743123888969421,1
0.3632446825504303,0.10916890949010849,0.8974825739860535,0.7959179878234863,-0.1910729855298996,0.016885489225387573,-0.574212908744812,0.46250975131988525,0.17859067022800446,0.019884353503584862,0,0.3625604212284088,0.1091499999165535,0.8977970480918884,0.7959117293357849,-0.1908288449048996,0.016554540023207664,-0.5743123888969421,1
0.36376747488975525,0.10917111486196518,0.8972581028938293,0.7959133982658386,-0.1912766695022583,0.017166968435049057,-0.5741432309150696,0.46250975131988525,0.17859067022800446,0.019923372194170952,0,0.3625604212284088,0.1091499999165535,0.8977970480918884,0.7959117293357849,-0.1908288449048996,0.016554540023207664,-0.5743123888969421,1
0.3643089532852173,0.10917005687952042,0.8970283269882202,0.7959052920341492,-0.1914910078048706,0.01746424101293087,-0.5740739107131958,0.46250975131988525,0.17859067022800446,0.019946129992604256,0,0.3625604212284088,0.1091499999165535,0.8977970480918884,0.7959117293357849,-0.1908288449048996,0.016554540023207664,-0.5743123888969421,1
0.36483412981033325,0.10916749387979507,0.8968064785003662,0.7958957552909851,-0.19170089066028595,0.017755331471562386,-0.5740082263946533,0.46250975131988525,0.17859067022800446,0.019959425553679466,0,0.3625604212284088,0.1091499999165535,0.8977970480918884,0.7959117293357849,-0.1908288449048996,0.016554540023207664,-0.5743123888969421,1
0.3653259873390198,0.10916423052549362,0.8965990543365479,0.7958859801292419,-0.19189804792404175,0.01802937313914299,-0.5739471912384033,0.46250975131988525,0.17859067022800446,0.019967196509242058,0,0.3625604212284088,0.1091499999165535,0.8977970480918884,0.7959117293357849,-0.1908288449048996,0.016554540023207664,-0.5743123888969421,1
0.36577728390693665,0.10916095972061157,0.89640873670578,0.7958768010139465,-0.19207923114299774,0.01828133687376976,-0.5738914608955383,0.46250975131988525,0.17859067022800446,0.01997174322605133,0,0.3625604212284088,0.1091499999165535,0.8977970480918884,0.7959117293357849,-0.1908288449048996,0.016554540023207664,-0.5743123888969421,1
0.366186261177063,0.10915781557559967,0.8962359428405762,0.7958679795265198,-0.1922435611486435,0.018509861081838608,-0.5738412737846375,0.46250975131988525,0.17859067022800446,0.019974403083324432,0,0.3625604212284088,0.1091499999165535,0.8977970480918884,0.7959117293357849,-0.1908288449048996,0.016554540023207664,-0.5743123888969421,1
0.3665536642074585,0.1091550812125206,0.8960806727409363,0.7958602905273438,-0.19239117205142975,0.01871492713689804,-0.5737957954406738,0.46250975131988525,0.17859067022800446,0.01997595839202404,0,0.3625604212284088,0.1091499999165535,0.8977970480918884,0.7959117293357849,-0.1908288449048996,0.016554540023207664,-0.5743123888969421,1
0.36688217520713806,0.10915274918079376,0.895941436290741,0.7958534359931946,-0.1925230473279953,0.018898339942097664,-0.5737552642822266,0.46250975131988525,0.17859067022800446,0.019976869225502014,0,0.3625604212284088,0.1091499999165535,0.8977970480918884,0.7959117293357849,-0.1908288449048996,0.016554540023207664,-0.5743123888969421,1
0.3671749234199524,0.10915068536996841,0.8958170413970947,0.7958471775054932,-0.1926405429840088,0.019061513245105743,-0.5737189054489136,0.46250975131988525,0.17859067022800446,0.019977401942014694,0,0.3625604212284088,0.1091499999165535,0.8977970480918884,0.7959117293357849,-0.1908288449048996,0.016554540023207664,-0.5743123888969421,1
0.36743536591529846,0.10914917290210724,0.8957062363624573,0.7958419322967529,-0.19274485111236572,0.019206577911973,-0.5736864805221558,0.46250975131988525,0.17859067022800446,0.019977713003754616,0,0.3625604212284088,0.1091499999165535,0.8977970480918884,0.7959117293357849,-0.1908288449048996,0.016554540023207664,-0.5743123888969421,1
0.3676663637161255,0.10914792865514755,0.8956077694892883,0.7958371639251709,-0.19283725321292877,0.019334783777594566,-0.5736575722694397,0.46250975131988525,0.17859067022800446,0.01997789368033409,0,0.3625604212284088,0.1091499999165535,0.8977970480918884,0.7959117293357849,-0.1908288449048996,0.016554540023207664,-0.5743123888969421,1
0.3678717017173767,0.10914682596921921,0.8955199718475342,0.7958332300186157,-0.1929192990064621,0.019448645412921906,-0.573631763458252,0.46250975131988525,0.17859067022800446,0.019978001713752747,0,0.3625604212284088,0.1091499999165535,0.8977970480918884,0.7959117293357849,-0.1908288449048996,0.016554540023207664,-0.5743123888969421,1
0.3680533766746521,0.10914600640535355,0.8954421877861023,0.795829713344574,-0.19299162924289703,0.01954904943704605,-0.5736088156700134,0.46250975131988525,0.17859067022800446,0.01997806318104267,0,0.3625604212284088,0.1091499999165535,0.8977970480918884,0.7959117293357849,-0.1908288449048996,0.016554540023207664,-0.5743123888969421,1
0.3682141900062561,0.10914544761180878,0.8953732252120972,0.79582679271698,-0.19305557012557983,0.01963799074292183,-0.5735883712768555,0.46250975131988525,0.17859067022800446,0.019978100433945656,0,0.3625604212284088,0.1091499999165535,0.8977970480918884,0.7959117293357849,-0.1908288449048996,0.016554540023207664,-0.5743123888969421,1
0.3683570623397827,0.10914503037929535,0.8953116536140442,0.7958241105079651,-0.19311225414276123,0.019716612994670868,-0.5735701322555542,0.46250975131988525,0.17859067022800446,0.019978120923042297,0,0.3625604212284088,0.1091499999165535,0.8977970480918884,0.7959117293357849,-0.1908288449048996,0.016554540023207664,-0.5743123888969421,1
0.36848360300064087,0.10914475470781326,0.8952572345733643,0.7958218455314636,-0.1931624412536621,0.019786084070801735,-0.5735539793968201,0.46250975131988525,0.17859067022800446,0.019978133961558342,0,0.3625604212284088,0.1091499999165535,0.8977970480918884,0.7959117293357849,-0.1908288449048996,0.016554540023207664,-0.5743123888969421,1
0.36859551072120667,0.10914462059736252,0.8952088356018066,0.7958201169967651,-0.19320662319660187,0.019847365096211433,-0.5735394358634949,0.46250975131988525,0.17859067022800446,0.01997814141213894,0,0.3625604212284088,0.1091499999165535,0.8977970480918884,0.7959117293357849,-0.1908288449048996,0.016554540023207664,-0.5743123888969421,1
0.36869457364082336,0.10914447903633118,0.8951660394668579,0.7958184480667114,-0.1932457685470581,0.01990160159766674,-0.5735267996788025,0.46250975131988525,0.17859067022800446,0.019978145137429237,0,0.3625604212284088,0.1091499999165535,0.8977970480918884,0.7959117293357849,-0.1908288449048996,0.016554540023207664,-0.5743123888969421,1
0.3687824606895447,0.10914447903633118,0.8951278328895569,0.795816957950592,-0.19328033924102783,0.01994943805038929,-0.5735154151916504,0.46250975131988525,0.17859067022800446,0.019978148862719536,0,0.3625604212284088,0.1091499999165535,0.8977970480918884,0.7959117293357849,-0.1908288449048996,0.016554540023207664,-0.5743123888969421,1
0.36886000633239746,0.10914461314678192,0.895094096660614,0.7958159446716309,-0.19331079721450806,0.019991593435406685,-0.5735051035881042,0.46250975131988525,0.17859067022800446,0.019978148862719536,0,0.3625604212284088,0.1091499999165535,0.8977970480918884,0.7959117293357849,-0.1908288449048996,0.016554540023207664,-0.5743123888969421,1
0.36892861127853394,0.10914474725723267,0.8950642347335815,0.7958149909973145,-0.19333770871162415,0.02002882771193981,-0.5734960436820984,0.46250975131988525,0.17859067022800446,0.019978148862719536,0,0.3625604212284088,0.1091499999165535,0.8977970480918884,0.7959117293357849,-0.1908288449048996,0.016554540023207664,-0.5743123888969421,1
0.3689894676208496,0.10914488881826401,0.8950377106666565,0.7958140969276428,-0.1933615803718567,0.020061763003468513,-0.5734882354736328,0.46250975131988525,0.17859067022800446,0.019978148862719536,0,0.3625604212284088,0.1091499999165535,0.8977970480918884,0.7959117293357849,-0.1908288449048996,0.016554540023207664,-0.5743123888969421,1
0.3690434694290161,0.10914502292871475,0.8950141072273254,0.7958134412765503,-0.1933826208114624,0.020090937614440918,-0.5734809041023254,0.46250975131988525,0.17859067022800446,0.019978148862719536,0,0.3625604212284088,0.1091499999165535,0.8977970480918884,0.7959117293357849,-0.1908288449048996,0.016554540023207664,-0.5743123888969421,1
0.3690912425518036,0.10914530605077744,0.8949931859970093,0.7958129048347473,-0.1934012621641159,0.02011662721633911,-0.5734745860099792,0.46250975131988525,0.17859067022800446,0.019978148862719536,0,0.3625604212284088,0.1091499999165535,0.8977970480918884,0.7959117293357849,-0.1908288449048996,0.016554540023207664,-0.5743123888969421,1
0.3691335916519165,0.10914543271064758,0.8949745893478394,0.7958122491836548,-0.19341766834259033,0.02013932727277279,-0.5734689831733704,0.46250975131988525,0.17859067022800446,0.019978148862719536,0,0.3625604212284088,0.1091499999165535,0.8977970480918884,0.7959117293357849,-0.1908288449048996,0.016554540023207664,-0.5743123888969421,1
0.369171142578125,0.10914570838212967,0.894957959651947,0.7958120107650757,-0.19343216717243195,0.020159302279353142,-0.5734638571739197,0.46250975131988525,0.17859067022800446,0.019978148862719536,0,0.3625604212284088,0.1091499999165535,0.8977970480918884,0.7959117293357849,-0.1908288449048996,0.016554540023207664,-0.5743123888969421,1
0.36920416355133057,0.10914599150419235,0.8949434161186218,0.795811653137207,-0.19344498217105865,0.020176958292722702,-0.5734593868255615,0.46250975131988525,0.17859067022800446,0.019978148862719536,0,0.3625604212284088,0.1091499999165535,0.8977970480918884,0.7959117293357849,-0.1908288449048996,0.016554540023207664,-0.5743123888969421,1
0.36923354864120483,0.1091461256146431,0.8949304223060608,0.7958112955093384,-0.1934562772512436,0.020192500203847885,-0.5734555721282959,0.46250975131988525,0.17859067022800446,0.019978148862719536,0,0.36923354864120483,0.1091461256146431,0.8949304223060608,0.7958112955093384,-0.1934562772512436,0.020192500203847885,-0.5734555721282959,1
0.3694966435432434,0.10915748029947281,0.8948008418083191,0.7958157062530518,-0.1935444176197052,0.020310046151280403,-0.5734154582023621,0.46250975131988525,0.17859067022800446,0.019978148862719536,0,0.37416961789131165,0.10968220233917236,0.8950785994529724,0.7952269911766052,-0.19599118828773499,0.02652265876531601,-0.5731474161148071,1
0.37027034163475037,0.10919979214668274,0.8946688175201416,0.7957565784454346,-0.193858802318573,0.021023722365498543,-0.5733656883239746,0.46250975131988525,0.17859067022800446,0.019978148862719536,0,0.37906908988952637,0.11023268103599548,0.8951014876365662,0.7945887446403503,-0.198539599776268,0.0328340008854866,-0.5728286504745483,1
0.3715048134326935,0.10928621888160706,0.8945454955101013,0.7956411838531494,-0.19441500306129456,0.022321078926324844,-0.5732884407043457,0.46250975131988525,0.17859067022800446,0.019978148862719536,0,0.38393110036849976,0.11079710721969604,0.8949993848800659,0.7938964366912842,-0.2011016458272934,0.03912646323442459,-0.5724993944168091,1
0.3731432557106018,0.10941682010889053,0.894427478313446,0.7954754829406738,-0.19518710672855377,0.0241397675126791,-0.5731821656227112,0.46250975131988525,0.17859067022800446,0.019978148862719536,0,0.38875314593315125,0.11137562245130539,0.8947726488113403,0.793150782585144,-0.20367680490016937,0.04539895057678223,-0.572159469127655,1
0.37513571977615356,0.10958912968635559,0.8943091034889221,0.7952622175216675,-0.19615089893341064,0.026422128081321716,-0.5730485320091248,0.46250975131988525,0.17859067022800446,0.019978148862719536,0,0.3935338854789734,0.11196789145469666,0.8944216966629028,0.7923513650894165,-0.20626525580883026,0.05165162682533264,-0.5718093514442444,1
0.3774391710758209,0.1098005473613739,0.8941820859909058,0.7950014472007751,-0.19728632271289825,0.029117587953805923,-0.5728899240493774,0.46250975131988525,0.17859067022800446,0.019978148862719536,0,0.3982718586921692,0.11257357150316238,0.893946647644043,0.791498601436615,-0.20886704325675964,0.05788371339440346,-0.5714489817619324,1
0.38001590967178345,0.11004865914583206,0.8940377831459045,0.7946932911872864,-0.1985757201910019,0.0321817584335804,-0.5727080702781677,0.46250975131988525,0.17859067022800446,0.019978148862719536,0,0.4029653072357178,0.11319276690483093,0.893348217010498,0.7905926704406738,-0.21148160099983215,0.06409470736980438,-0.571078360080719,1
0.38283267617225647,0.1103309690952301,0.8938667178153992,0.7943367958068848,-0.20000380277633667,0.03557466343045235,-0.5725048780441284,0.46250975131988525,0.17859067022800446,0.019978148862719536,0,0.4076128304004669,0.11382513493299484,0.8926266431808472,0.7896338105201721,-0.21410933136940002,0.07028434425592422,-0.5706974267959595,1
0.3858588933944702,0.11064580082893372,0.8936598300933838,0.7939315438270569,-0.20155711472034454,0.039259787648916245,-0.5722814798355103,0.46250975131988525,0.17859067022800446,0.019978148862719536,0,0.4122124910354614,0.11447042971849442,0.8917824625968933,0.7886222004890442,-0.21674998104572296,0.07645205408334732,-0.5703065395355225,1
0.389068603515625,0.11099129915237427,0.8934080600738525,0.7934759855270386,-0.20322397351264954,0.043205730617046356,-0.5720394253730774,0.46250975131988525,0.17859067022800446,0.019978148862719536,0,0.41676294803619385,0.11512830853462219,0.8908162117004395,0.7875576615333557,-0.21940328180789948,0.08259773254394531,-0.5699057579040527,1
0.3924367129802704,0.11136592924594879,0.8931030035018921,0.7929694056510925,-0.20499356091022491,0.04738311469554901,-0.5717795491218567,0.46250975131988525,0.17859067022800446,0.019978148862719536,0,0.42126232385635376,0.11579880863428116,0.8897283673286438,0.7864409685134888,-0.22206933796405792,0.0887204110622406,-0.569494903087616,1
0.39594221115112305,0.11176835000514984,0.892736554145813,0.7924110889434814,-0.20685699582099915,0.05176650732755661,-0.5715023279190063,0.46250975131988525,0.17859067022800446,0.019978148862719536,0,0.42570924758911133,0.11648157238960266,0.8885196447372437,0.7852718830108643,-0.2247479110956192,0.09481987357139587,-0.569074273109436,1
0.399564653635025,0.11219726502895355,0.8923017978668213,0.7917999625205994,-0.20880559086799622,0.05633224546909332,-0.5712088942527771,0.46250975131988525,0.17859067022800446,0.019978148862719536,0,0.4301016628742218,0.11717615276575089,0.887190580368042,0.7840505838394165,-0.22743874788284302,0.10089534521102905,-0.5686442255973816,1
0.40328699350357056,0.11265145242214203,0.8917917609214783,0.7911351323127747,-0.21083220839500427,0.061059754341840744,-0.5708997845649719,0.46250975131988525,0.17859067022800446,0.019978148862719536,0,0.43443870544433594,0.117882639169693,0.885741651058197,0.7827776670455933,-0.2301420420408249,0.10694687813520432,-0.5682042837142944,1
0.40709149837493896,0.11312999576330185,0.8912011384963989,0.7904162406921387,-0.21292950212955475,0.06592899560928345,-0.5705756545066833,0.46250975131988525,0.17859067022800446,0.019978148862719536,0,0.4387180507183075,0.11860057711601257,0.8841738104820251,0.7814531922340393,-0.23285721242427826,0.11297358572483063,-0.5677547454833984,1
0.41096532344818115,0.11363164335489273,0.8905234336853027,0.7896422147750854,-0.2150925248861313,0.07092437893152237,-0.57023686170578,0.46250975131988525,0.17859067022800446,0.019978148862719536,0,0.4429391026496887,0.1193295270204544,0.8824871778488159,0.7800769209861755,-0.23558498919010162,0.11897550523281097,-0.5672958493232727,1
0.41489318013191223,0.11415573209524155,0.8897552490234375,0.7888131141662598,-0.2173149734735489,0.07602912932634354,-0.5698838829994202,0.46250975131988525,0.17859067022800446,0.019978148862719536,0,0.4470997452735901,0.12006956338882446,0.8806827664375305,0.778649628162384,-0.2383245974779129,0.12495157867670059,-0.5668273568153381,1
0.418864369392395,0.11470113694667816,0.8888913989067078,0.7879281044006348,-0.21959251165390015,0.0812302753329277,-0.5695172548294067,0.46250975131988525,0.17859067022800446,0.019978148862719536,0,0.4511980712413788,0.12082018703222275,0.8787615895271301,0.7771713137626648,-0.24107572436332703,0.13090163469314575,-0.5663495063781738,1
0.42286694049835205,0.11526721715927124,0.8879289031028748,0.7869873642921448,-0.22192087769508362,0.0865149199962616,-0.5691370964050293,0.46250975131988525,0.17859067022800446,0.019978148862719536,0,0.4552336633205414,0.12158112972974777,0.87672358751297,0.7756422162055969,-0.2438390552997589,0.13682536780834198,-0.5658625960350037,1
0.426891028881073,0.1158529669046402,0.8868643045425415,0.7859904170036316,-0.22429603338241577,0.09187199175357819,-0.5687441229820251,0.46250975131988525,0.17859067022800446,0.019978148862719536,0,0.45920395851135254,0.12235185503959656,0.8745704889297485,0.7740623950958252,-0.2466137409210205,0.14272204041481018,-0.5653666257858276,1
0.4309271275997162,0.11645776033401489,0.8856951594352722,0.7849370241165161,-0.2267143577337265,0.09729133546352386,-0.5683385729789734,0.46250975131988525,0.17859067022800446,0.019978148862719536,0,0.4631076753139496,0.12313245236873627,0.8723025918006897,0.772432267665863,-0.24939991533756256,0.14859157800674438,-0.5648614168167114,1
0.43496644496917725,0.1170809343457222,0.884419322013855,0.7838278412818909,-0.22917264699935913,0.10276281833648682,-0.567920446395874,0.46250975131988525,0.17859067022800446,0.019978148862719536,0,0.4669441282749176,0.12392237782478333,0.8699204325675964,0.7707521915435791,-0.2521975636482239,0.15443338453769684,-0.5643471479415894,1
0.4390020966529846,0.11772159487009048,0.8830347657203674,0.782662034034729,-0.23166817426681519,0.10827948898077011,-0.5674904584884644,0.46250975131988525,0.17859067022800446,0.019978148862719536,0,0.47071072459220886,0.12472113221883774,0.8674255609512329,0.7690219879150391,-0.25500622391700745,0.16024701297283173,-0.5638243556022644,1
0.4430256485939026,0.11837926506996155,0.8815402984619141,0.7814404964447021,-0.23419810831546783,0.1138324961066246,-0.5670485496520996,0.46250975131988525,0.17859067022800446,0.019978148862719536,0,0.4744070768356323,0.1255287379026413,0.8648181557655334,0.7672422528266907,-0.2578263282775879,0.16603197157382965,-0.563292384147644,1
0.44703179597854614,0.11905314773321152,0.8799341917037964,0.7801629304885864,-0.23676036298274994,0.11941590160131454,-0.5665952563285828,0.46250975131988525,0.17859067022800446,0.019978148862719536,0,0.4780319035053253,0.1263446807861328,0.8620990514755249,0.7654130458831787,-0.26065757870674133,0.17178842425346375,-0.5627514123916626,1
0.4510140120983124,0.11974265426397324,0.8782156705856323,0.7788297533988953,-0.2393527776002884,0.12502339482307434,-0.5661303997039795,0.46250975131988525,0.17859067022800446,0.019978148862719536,0,0.48158228397369385,0.12716837227344513,0.8592701554298401,0.763534665107727,-0.26349931955337524,0.17751513421535492,-0.5622022151947021,1
0.4549669325351715,0.12044703215360641,0.8763843178749084,0.7774409651756287,-0.24197329580783844,0.13064907491207123,-0.5656546354293823,0.46250975131988525,0.17859067022800446,0.019978148862719536,0,0.48505860567092896,0.12799985706806183,0.8563311100006104,0.7616071105003357,-0.26635226607322693,0.1832120418548584,-0.5616441965103149,1
0.45888492465019226,0.12116578966379166,0.8744397163391113,0.7759970426559448,-0.24462024867534637,0.1362880915403366,-0.565168023109436,0.46250975131988525,0.17859067022800446,0.019978148862719536,0,0.48845791816711426,0.12883855402469635,0.8532840609550476,0.7596312761306763,-0.26921552419662476,0.1888783574104309,-0.5610777735710144,1
0.4627634882926941,0.12189848721027374,0.8723815083503723,0.7744983434677124,-0.24729208648204803,0.1419358253479004,-0.564670741558075,0.46250975131988525,0.17859067022800446,0.019978148862719536,0,0.4917801320552826,0.12968412041664124,0.8501290678977966,0.7576069235801697,-0.27208930253982544,0.19451448321342468,-0.5605025291442871,1
0.46659862995147705,0.12264419347047806,0.8702095746994019,0.7729451060295105,-0.24998724460601807,0.14758846163749695,-0.5641629099845886,0.46250975131988525,0.17859067022800446,0.019978148862719536,0,0.4950234293937683,0.13053594529628754,0.8468676805496216,0.7555344104766846,-0.27497342228889465,0.20011916756629944,-0.5599193572998047,1
0.4703856110572815,0.12340253591537476,0.8679243326187134,0.7713375091552734,-0.2527042627334595,0.1532416045665741,-0.5636451244354248,0.46250975131988525,0.17859067022800446,0.019978148862719536,0,0.4981856942176819,0.13139396905899048,0.8435012698173523,0.7534140348434448,-0.27786752581596375,0.205692321062088,-0.5593277812004089,1
0.47412109375,0.12417294830083847,0.8655257225036621,0.7696763873100281,-0.2554422914981842,0.1588922142982483,-0.5631169080734253,0.46250975131988525,0.17859067022800446,0.019978148862719536,0,0.5012670755386353,0.13225771486759186,0.8400298953056335,0.7512460350990295,-0.280771940946579,0.21123364567756653,-0.5587278008460999,1
0.4778016209602356,0.12495480477809906,0.8630141019821167,0.7679615020751953,-0.25819990038871765,0.16453728079795837,-0.5625791549682617,0.46250975131988525,0.17859067022800446,0.019978148862719536,0,0.5042662620544434,0.13312654197216034,0.8364546895027161,0.7490304708480835,-0.2836865782737732,0.21674315631389618,-0.5581197142601013,1
0.4814232289791107,0.12574763596057892,0.8603904843330383,0.7661938071250916,-0.26097625494003296,0.1701732575893402,-0.5620315670967102,0.46250975131988525,0.17859067022800446,0.019978148862719536,0,0.5071806311607361,0.13400037586688995,0.8327777981758118,0.7467678785324097,-0.2866106629371643,0.22221972048282623,-0.5575035810470581,1
0.48498374223709106,0.1265508234500885,0.857654869556427,0.7643733024597168,-0.26377034187316895,0.175798699259758,-0.5614743232727051,0.46250975131988525,0.17859067022800446,0.019978148862719536,0,0.5101839303970337,0.13493336737155914,0.8287601470947266,0.7443127036094666,-0.28972822427749634,0.22800208628177643,-0.5568403601646423,1
0.48849183320999146,0.12736685574054718,0.8547969460487366,0.7624903321266174,-0.2665916681289673,0.1814369410276413,-0.5609080791473389,0.46250975131988525,0.17859067022800446,0.019978148862719536,0,0.5130895376205444,0.13587111234664917,0.8246294856071472,0.7418048977851868,-0.2928565442562103,0.23374707996845245,-0.5561679005622864,1
0.4919480085372925,0.1281968653202057,0.8518128395080566,0.76054447889328,-0.26944392919540405,0.18708908557891846,-0.5603299736976624,0.46250975131988525,0.17859067022800446,0.019978148862719536,0,0.5158957242965698,0.13681258261203766,0.8203876614570618,0.7392449378967285,-0.29599517583847046,0.2394534945487976,-0.5554869174957275,1
0.49534866213798523,0.12904027104377747,0.8487018346786499,0.7585362792015076,-0.2723260819911957,0.19275052845478058,-0.5597395300865173,0.46250975131988525,0.17859067022800446,0.019978148862719536,0,0.518601655960083,0.13775770366191864,0.8160355091094971,0.73663330078125,-0.2991445064544678,0.2451215386390686,-0.5547966361045837,1
0.4986904561519623,0.1298963874578476,0.8454635143280029,0.7564660906791687,-0.27523741126060486,0.19841788709163666,-0.5591366291046143,0.46250975131988525,0.17859067022800446,0.019978148862719536,0,0.5212056040763855,0.13870574533939362,0.8115749359130859,0.7339699864387512,-0.30230408906936646,0.2507501542568207,-0.5540980100631714,1
0.5019690990447998,0.130764439702034,0.8420987129211426,0.7543347477912903,-0.27817586064338684,0.20408615469932556,-0.5585213303565979,0.46250975131988525,0.17859067022800446,0.019978148862719536,0,0.5237061381340027,0.13965609669685364,0.8070072531700134,0.7312557101249695,-0.3054736256599426,0.25633901357650757,-0.5533906817436218,1
0.5051807165145874,0.1316431611776352,0.8386080861091614,0.7521421313285828,-0.28114062547683716,0.20975250005722046,-0.5578941702842712,0.46250975131988525,0.17859067022800446,0.019978148862719536,0,0.5261022448539734,0.1406082957983017,0.8023339509963989,0.7284905314445496,-0.3086532652378082,0.2618878185749054,-0.5526747107505798,1
0.5083204507827759,0.13253231346607208,0.8349932432174683,0.7498898506164551,-0.28412938117980957,0.21541167795658112,-0.5572551488876343,0.46250975131988525,0.17859067022800446,0.019978148862719536,0,0.5283926725387573,0.1415615826845169,0.7975563406944275,0.7256748080253601,-0.31184259057044983,0.2673964500427246,-0.5519505143165588,1
0.5113848447799683,0.13343051075935364,0.8312551975250244,0.7475778460502625,-0.2871414124965668,0.22106142342090607,-0.5566048622131348,0.46250975131988525,0.17859067022800446,0.019978148862719536,0,0.5305755138397217,0.14251571893692017,0.792676568031311,0.7228092551231384,-0.315041184425354,0.27286386489868164,-0.5512177348136902,1
0.5143699645996094,0.13433730602264404,0.8273956775665283,0.7452071309089661,-0.2901749312877655,0.22669768333435059,-0.5559432506561279,0.46250975131988525,0.17859067022800446,0.019978148862719536,0,0.5326500535011292,0.14347000420093536,0.7876957058906555,0.7198939323425293,-0.3182492256164551,0.2782898545265198,-0.5504768490791321,1
0.5172722339630127,0.13525158166885376,0.823416531085968,0.7427781224250793,-0.29322877526283264,0.23231729865074158,-0.5552711486816406,0.46250975131988525,0.17859067022800446,0.019978148862719536,0,0.5346149206161499,0.14442385733127594,0.7826156616210938,0.7169291973114014,-0.32146644592285156,0.2836741805076599,-0.5497278571128845,1
0.5200880765914917,0.13617317378520966,0.8193190097808838,0.7402918934822083,-0.2963017523288727,0.23791809380054474,-0.5545881986618042,0.46250975131988525,0.17859067022800446,0.019978148862719536,0,0.5364695191383362,0.1453767567873001,0.7774373292922974,0.7139155268669128,-0.3246929347515106,0.2890165448188782,-0.5489703416824341,1
0.5228144526481628,0.13710089027881622,0.8151053190231323,0.737748920917511,-0.29939281940460205,0.24349674582481384,-0.553895115852356,0.46250975131988525,0.17859067022800446,0.019978148862719536,0,0.5382120013237,0.14632783830165863,0.7721632122993469,0.7108532190322876,-0.3279280960559845,0.2943160831928253,-0.5482051372528076,1
0.5254479646682739,0.13803419470787048,0.8107773661613464,0.7351500988006592,-0.30250075459480286,0.249051034450531,-0.5531917214393616,0.46250975131988525,0.17859067022800446,0.019978148862719536,0,0.5398416519165039,0.14727698266506195,0.7667943835258484,0.7077428102493286,-0.3311719298362732,0.2995727062225342,-0.5474316477775574,1
0.5279866456985474,0.13897201418876648,0.8063364624977112,0.7324955463409424,-0.3056248724460602,0.25457945466041565,-0.5524789094924927,0.46250975131988525,0.17859067022800446,0.019978148862719536,0,0.5413566827774048,0.14822329580783844,0.7613333463668823,0.7045845985412598,-0.33442404866218567,0.3047855794429779,-0.5466504693031311,1
0.5304281711578369,0.13991402089595795,0.801784336566925,0.7297865152359009,-0.30876436829566956,0.2600795328617096,-0.5517560839653015,0.46250975131988525,0.17859067022800446,0.019978148862719536,0,0.5427569150924683,0.14916633069515228,0.7557809352874756,0.7013788223266602,-0.3376847207546234,0.30995479226112366,-0.5458614826202393,1
0.5327690839767456,0.14085939526557922,0.7971235513687134,0.7270233035087585,-0.311918169260025,0.2655491828918457,-0.5510241389274597,0.46250975131988525,0.17859067022800446,0.019978148862719536,0,0.5439683794975281,0.15005026757717133,0.7504738569259644,0.6983188986778259,-0.34076064825057983,0.314779132604599,-0.5451117157936096,1
0.5350031852722168,0.141804501414299,0.7923751473426819,0.724220335483551,-0.31507518887519836,0.2709636688232422,-0.5502827763557434,0.46250975131988525,0.17859067022800446,0.019978148862719536,0,0.5450764894485474,0.1509300023317337,0.7450887560844421,0.6952173709869385,-0.3438437879085541,0.3195645809173584,-0.5443553328514099,1
0.5371255874633789,0.14274689555168152,0.7875458598136902,0.7213796973228455,-0.3182298541069031,0.27631840109825134,-0.5495352745056152,0.46250975131988525,0.17859067022800446,0.019978148862719536,0,0.5460799932479858,0.15180541574954987,0.7396276593208313,0.6920750737190247,-0.34693360328674316,0.3243095874786377,-0.5435921549797058,1
0.5391349196434021,0.14368554949760437,0.7826389074325562,0.7185015082359314,-0.32138121128082275,0.28161388635635376,-0.5487833619117737,0.46250975131988525,0.17859067022800446,0.019978148862719536,0,0.5469781756401062,0.1526758372783661,0.7340916395187378,0.6888920664787292,-0.3500303626060486,0.3290148973464966,-0.5428219437599182,1
0.541030764579773,0.14462007582187653,0.777656078338623,0.7155858874320984,-0.3245295286178589,0.2868514657020569,-0.5480269193649292,0.46250975131988525,0.17859067022800446,0.019978148862719536,0,0.5477705001831055,0.15354055166244507,0.7284823060035706,0.6856685280799866,-0.3531334102153778,0.33367985486984253,-0.5420453548431396,1
0.5428123474121094,0.14555054903030396,0.772598922252655,0.7126335501670837,-0.3276752531528473,0.2920318841934204,-0.5472655296325684,0.46250975131988525,0.17859067022800446,0.019978148862719536,0,0.5484560132026672,0.15439940989017487,0.7228016257286072,0.6824051737785339,-0.35624292492866516,0.33830374479293823,-0.541262149810791,1
0.5444803237915039,0.14647667109966278,0.7674686312675476,0.7096439003944397,-0.33081871271133423,0.29715651273727417,-0.5465000867843628,0.46250975131988525,0.17859067022800446,0.019978148862719536,0,0.5490338802337646,0.15525169670581818,0.7170505523681641,0.6791021823883057,-0.35935869812965393,0.3428865671157837,-0.5404722690582275,1
0.5460350513458252,0.1473981738090515,0.7622657418251038,0.7066170573234558,-0.33396100997924805,0.3022269010543823,-0.5457298755645752,0.46250975131988525,0.17859067022800446,0.019978148862719536,0,0.5495035648345947,0.1560966819524765,0.7112312316894531,0.6757599115371704,-0.36248019337654114,0.34742775559425354,-0.5396764278411865,1
0.547477126121521,0.14831474423408508,0.7569910287857056,0.7035531401634216,-0.337102472782135,0.30724403262138367,-0.5449548959732056,0.46250975131988525,0.17859067022800446,0.019978148862719536,0,0.5498648881912231,0.15693433582782745,0.7053443789482117,0.6723784804344177,-0.3656080663204193,0.35192763805389404,-0.538873553276062,1
0.5488062500953674,0.149226114153862,0.7516456842422485,0.7004523277282715,-0.3402434289455414,0.312208890914917,-0.5441750288009644,0.46250975131988525,0.17859067022800446,0.019978148862719536,0,0.550116240978241,0.15776383876800537,0.6993927359580994,0.6689587235450745,-0.36874112486839294,0.3563850522041321,-0.5380647778511047,1
0.5500226616859436,0.1501319706439972,0.7462307810783386,0.6973142623901367,-0.34338459372520447,0.31712251901626587,-0.5433902740478516,0.46250975131988525,0.17859067022800446,0.019978148862719536,0,0.5502580404281616,0.15858474373817444,0.693376362323761,0.6655007004737854,-0.3718801736831665,0.3608004152774811,-0.5372493267059326,1
0.5511267781257629,0.15103186666965485,0.7407467365264893,0.6941390633583069,-0.3465263545513153,0.3219858407974243,-0.542600691318512,0.46250975131988525,0.17859067022800446,0.019978148862719536,0,0.5502893328666687,0.159396231174469,0.6872982978820801,0.6620045900344849,-0.3750244677066803,0.3651731014251709,-0.5364280343055725,1
0.5521187782287598,0.15192551910877228,0.7351945638656616,0.690926730632782,-0.3496693968772888,0.32679957151412964,-0.5418058633804321,0.46250975131988525,0.17859067022800446,0.019978148862719536,0,0.550209641456604,0.16019828617572784,0.6811590194702148,0.658470869064331,-0.37817415595054626,0.36950308084487915,-0.5356003046035767,1
0.5529983043670654,0.15281283855438232,0.7295752763748169,0.6876775026321411,-0.3528136610984802,0.3315643072128296,-0.5410056710243225,0.46250975131988525,0.17859067022800446,0.019978148862719536,0,0.5500180721282959,0.16099011898040771,0.6749612092971802,0.6549004912376404,-0.3813284635543823,0.3737894296646118,-0.5347664952278137,1
0.5537656545639038,0.15369287133216858,0.7238898277282715,0.68439120054245,-0.3559597134590149,0.3362807035446167,-0.5402004718780518,0.46250975131988525,0.17859067022800446,0.019978148862719536,0,0.5497147440910339,0.1617710292339325,0.6687055230140686,0.6512926816940308,-0.3844880759716034,0.37803295254707336,-0.5339266657829285,1
0.5544203519821167,0.15456579625606537,0.7181397676467896,0.6810682415962219,-0.35910764336586,0.3409489095211029,-0.5393899083137512,0.46250975131988525,0.17859067022800446,0.019978148862719536,0,0.5492987036705017,0.16254086792469025,0.6623941659927368,0.6476487517356873,-0.3876522183418274,0.38223227858543396,-0.5330808162689209,1
0.5549625158309937,0.1554308831691742,0.7123255729675293,0.6777085661888123,-0.36225810647010803,0.34556955099105835,-0.5385739207267761,0.46250975131988525,0.17859067022800446,0.019978148862719536,0,0.5487699508666992,0.16329891979694366,0.6560286283493042,0.6439687013626099,-0.39082100987434387,0.38638773560523987,-0.532228946685791,1
0.5553916692733765,0.15628764033317566,0.7064492702484131,0.6743122935295105,-0.3654104471206665,0.3501426875591278,-0.5377528071403503,0.46250975131988525,0.17859067022800446,0.019978148862719536,0,0.5480837225914001,0.16409072279930115,0.6492080092430115,0.6400196552276611,-0.39419251680374146,0.39075449109077454,-0.5313172340393066,1
0.5557042360305786,0.15713778138160706,0.7004849314689636,0.6708627939224243,-0.36857613921165466,0.3546895682811737,-0.5369263291358948,0.46250975131988525,0.17859067022800446,0.019978148862719536,0,0.547269344329834,0.16486789286136627,0.6423299312591553,0.6360304355621338,-0.3975687026977539,0.3950711190700531,-0.5303990840911865,1
0.5559013485908508,0.15798304975032806,0.6944290995597839,0.6673585176467896,-0.3717603385448456,0.35921189188957214,-0.5360909104347229,0.46250975131988525,0.17859067022800446,0.019978148862719536,0,0.5463261604309082,0.16563011705875397,0.6353964805603027,0.6320019364356995,-0.4009495973587036,0.3993370831012726,-0.5294741988182068,1
0.5559825897216797,0.1588229238986969,0.6882825493812561,0.6637997627258301,-0.37496379017829895,0.36370885372161865,-0.5352454781532288,0.46250975131988525,0.17859067022800446,0.019978148862719536,0,0.5452538728713989,0.1663765013217926,0.6284100413322449,0.627934455871582,-0.40433475375175476,0.4035520553588867,-0.5285427570343018,1
0.555946946144104,0.159656822681427,0.6820480823516846,0.660187840461731,-0.37818536162376404,0.36817803978919983,-0.5343899130821228,0.46250975131988525,0.17859067022800446,0.019978148862719536,0,0.5440523624420166,0.1671065241098404,0.6213719248771667,0.6238283514976501,-0.4077243506908417,0.40771594643592834,-0.5276045799255371,1
0.5557935237884521,0.160483717918396,0.6757275462150574,0.6565237045288086,-0.38142460584640503,0.3726177513599396,-0.5335240364074707,0.46250975131988525,0.17859067022800446,0.019978148862719536,0,0.5427206754684448,0.16781944036483765,0.6142849922180176,0.6196842789649963,-0.4111175239086151,0.4118284583091736,-0.526660144329071,1
0.5555197596549988,0.16130219399929047,0.6693256497383118,0.6528085470199585,-0.38467904925346375,0.3770250082015991,-0.532649040222168,0.46250975131988525,0.17859067022800446,0.019978148862719536,0,0.5412593483924866,0.16851447522640228,0.6071508526802063,0.6155025362968445,-0.4145144522190094,0.41588932275772095,-0.5257094502449036,1
0.5551248788833618,0.16211166977882385,0.6628444790840149,0.6490437388420105,-0.38794854283332825,0.38139840960502625,-0.5317642688751221,0.46250975131988525,0.17859067022800446,0.019978148862719536,0,0.5396676659584045,0.16919143497943878,0.5999718904495239,0.6112838387489319,-0.4179147183895111,0.41989776492118835,-0.5247524976730347,1
0.5546072125434875,0.16291099786758423,0.6562880277633667,0.6452302932739258,-0.39123138785362244,0.3857356011867523,-0.530870795249939,0.46250975131988525,0.17859067022800446,0.019978148862719536,0,0.5379455089569092,0.1698494851589203,0.5927497148513794,0.6070281863212585,-0.4213184118270874,0.4238540232181549,-0.5237892270088196,1
0.5539649724960327,0.16369903087615967,0.6496597528457642,0.6413693428039551,-0.39452627301216125,0.39003461599349976,-0.5299690365791321,0.46250975131988525,0.17859067022800446,0.019978148862719536,0,0.5360928177833557,0.17048794031143188,0.585486650466919,0.602736234664917,-0.42472535371780396,0.42775803804397583,-0.5228195786476135,1
0.5531975626945496,0.16447505354881287,0.6429622769355774,0.6374621391296387,-0.3978327214717865,0.3942941725254059,-0.5290588140487671,0.46250975131988525,0.17859067022800446,0.019978148862719536,0,0.5341097116470337,0.17110633850097656,0.5781846046447754,0.5984088778495789,-0.4281349778175354,0.43160900473594666,-0.521843671798706,1
0.5523034930229187,0.16523835062980652,0.6361991167068481,0.6335097551345825,-0.40114933252334595,0.39851224422454834,-0.5281405448913574,0.46250975131988525,0.17859067022800446,0.019978148862719536,0,0.5319956541061401,0.17170371115207672,0.5708460807800293,0.594045877456665,-0.4315473139286041,0.4354066252708435,-0.5208621621131897,1
0.5512821674346924,0.16598810255527496,0.6293728947639465,0.629513144493103,-0.40447577834129333,0.4026879370212555,-0.5272143483161926,0.46250975131988525,0.17859067022800446,0.019978148862719536,0,0.5297508239746094,0.17227992415428162,0.5634727478027344,0.5896481871604919,-0.43496212363243103,0.4391513168811798,-0.5198740363121033,1
0.550132691860199,0.1667230874300003,0.6224867701530457,0.625473141670227,-0.40781041979789734,0.40681952238082886,-0.5262810587882996,0.46250975131988525,0.17859067022800446,0.019978148862719536,0,0.5273750424385071,0.1728341430425644,0.556067168712616,0.585216224193573,-0.43837907910346985,0.4428420960903168,-0.5188801884651184,1
0.5488541126251221,0.16744297742843628,0.6155439019203186,0.6213909387588501,-0.41115328669548035,0.4109061658382416,-0.5253402590751648,0.46250975131988525,0.17859067022800446,0.019978148862719536,0,0.5248688459396362,0.17336580157279968,0.5486307740211487,0.5807504057884216,-0.44179806113243103,0.4464791417121887,-0.5178800821304321,1
0.5474458932876587,0.1681467443704605,0.608546793460846,0.6172674298286438,-0.4145030081272125,0.4149464964866638,-0.5243924260139465,0.46250975131988525,0.17859067022800446,0.019978148862719536,0,0.5222318768501282,0.17387430369853973,0.5411661863327026,0.5762510895729065,-0.4452190399169922,0.4500620663166046,-0.5168741345405579,1
0.5459076166152954,0.16883346438407898,0.6014983057975769,0.6131032109260559,-0.41785928606987,0.41894006729125977,-0.5234379172325134,0.46250975131988525,0.17859067022800446,0.019978148862719536,0,0.5194644927978516,0.17435882985591888,0.5336748361587524,0.5717186331748962,-0.4486418068408966,0.45359084010124207,-0.515861988067627,1
0.544238805770874,0.1695026308298111,0.5944012999534607,0.6088994741439819,-0.42122137546539307,0.42288529872894287,-0.5224767923355103,0.46250975131988525,0.17859067022800446,0.019978148862719536,0,0.5165666341781616,0.1748192310333252,0.526159942150116,0.5671541094779968,-0.4520655572414398,0.4570648968219757,-0.5148441195487976,1
0.5424391627311707,0.17015361785888672,0.5872583389282227,0.604656994342804,-0.4245886504650116,0.42678147554397583,-0.5215091109275818,0.46250975131988525,0.17859067022800446,0.019978148862719536,0,0.513538658618927,0.1752547025680542,0.518622636795044,0.5625574588775635,-0.4554908573627472,0.4604843854904175,-0.5138203501701355,1
0.5405084490776062,0.1707855463027954,0.5800718665122986,0.6003762483596802,-0.42796090245246887,0.4306284785270691,-0.5205351114273071,0.46250975131988525,0.17859067022800446,0.019978148862719536,0,0.5103806257247925,0.17566464841365814,0.5110654830932617,0.5579293370246887,-0.45891690254211426,0.4638487994670868,-0.5127907991409302,1
0.5384464263916016,0.17139750719070435,0.5728446841239929,0.5960581302642822,-0.4313371777534485,0.43442514538764954,-0.5195552110671997,0.46250975131988525,0.17859067022800446,0.019978148862719536,0,0.5070927739143372,0.17604851722717285,0.5034905672073364,0.5532702207565308,-0.46234363317489624,0.4671579599380493,-0.5117555260658264,1
0.536253035068512,0.1719892919063568,0.5655789971351624,0.5917035341262817,-0.4347175359725952,0.43817079067230225,-0.5185689330101013,0.46250975131988525,0.17859067022800446,0.019978148862719536,0,0.503675639629364,0.17640556395053864,0.49590033292770386,0.5485806465148926,-0.46577081084251404,0.4704117476940155,-0.5107146501541138,1
0.5339282155036926,0.17255988717079163,0.5582772493362427,0.5873126983642578,-0.43810132145881653,0.44186532497406006,-0.5175769329071045,0.46250975131988525,0.17859067022800446,0.019978148862719536,0,0.5001294612884521,0.17673557996749878,0.48829567432403564,0.5438610315322876,-0.46919873356819153,0.4736102223396301,-0.5096675753593445,1
0.5314717888832092,0.17310842871665955,0.5509427189826965,0.5828871726989746,-0.4414876699447632,0.44550755620002747,-0.5165793299674988,0.46250975131988525,0.17859067022800446,0.019978148862719536,0,0.4964543282985687,0.17703786492347717,0.48068034648895264,0.5391120910644531,-0.47262632846832275,0.4767525792121887,-0.5086151957511902,1
0.5288841724395752,0.17363479733467102,0.5435764789581299,0.5784266591072083,-0.4448770582675934,0.4490978717803955,-0.5155754685401917,0.46250975131988525,0.17859067022800446,0.019978148862719536,0,0.49265116453170776,0.17731188237667084,0.47305500507354736,0.5343337655067444,-0.476054310798645,0.4798392653465271,-0.5075568556785583,1
0.5261650681495667,0.1741381287574768,0.5361819267272949,0.5739325881004333,-0.44826841354370117,0.4526345729827881,-0.5145664811134338,0.46250975131988525,0.17859067022800446,0.019978148862719536,0,0.4887199401855469,0.17755699157714844,0.46542295813560486,0.5295271873474121,-0.4794815182685852,0.4828694760799408,-0.5064931511878967,1
0.5233148336410522,0.17461761832237244,0.5287610292434692,0.5694051384925842,-0.4516616463661194,0.45611831545829773,-0.5135518312454224,0.46250975131988525,0.17859067022800446,0.019978148862719536,0,0.48466140031814575,0.17777259647846222,0.45778533816337585,0.5246922373771667,-0.4829084575176239,0.485843688249588,-0.5054237246513367,1
0.5203338861465454,0.17507296800613403,0.5213161706924438,0.5648452043533325,-0.4550565183162689,0.45954814553260803,-0.5125317573547363,0.46250975131988525,0.17859067022800446,0.019978148862719536,0,0.4804759919643402,0.17795847356319427,0.45014500617980957,0.5198302865028381,-0.4863343834877014,0.4887610673904419,-0.5043489336967468,1
0.5172220468521118,0.17550334334373474,0.5138494968414307,0.5602534413337708,-0.45845261216163635,0.46292397379875183,-0.511506199836731,0.46250975131988525,0.17859067022800446,0.019978148862719536,0,0.47616422176361084,0.1781139224767685,0.44250333309173584,0.5149409770965576,-0.48975974321365356,0.49162212014198303,-0.5032681226730347,1
0.5139802098274231,0.1759081780910492,0.5063635110855103,0.5556301474571228,-0.4618493318557739,0.4662453830242157,-0.5104756355285645,0.46250975131988525,0.17859067022800446,0.019978148862719536,0,0.4717267155647278,0.17823849618434906,0.43486306071281433,0.5100252032279968,-0.4931836426258087,0.49442604184150696,-0.5021823048591614,1
0.5106080770492554,0.17628690600395203,0.49886029958724976,0.5509763360023499,-0.4652467370033264,0.46951204538345337,-0.5094397664070129,0.46250975131988525,0.17859067022800446,0.019978148862719536,0,0.4671640992164612,0.17833161354064941,0.42722606658935547,0.5050832629203796,-0.49660611152648926,0.49717316031455994,-0.5010907649993896,1
0.5071063041687012,0.17663899064064026,0.4913424849510193,0.5462924242019653,-0.46864426136016846,0.47272366285324097,-0.5083988904953003,0.46250975131988525,0.17859067022800446,0.019978148862719536,0,0.4624772071838379,0.1783927083015442,0.4195941686630249,0.5001158714294434,-0.5000267028808594,0.4998633563518524,-0.4999938905239105,1
0.5034752488136292,0.17696377635002136,0.48381179571151733,0.5415788888931274,-0.47204187512397766,0.47588005661964417,-0.5073527693748474,0.46250975131988525,0.17859067022800446,0.019978148862719536,0,0.5034752488136292,0.17696377635002136,0.48381179571151733,0.5415788888931274,-0.47204187512397766,0.47588005661964417,-0.5073527693748474,1
0.5008367300033569,0.17689794301986694,0.47640764713287354,0.537629246711731,-0.4764719307422638,0.47919198870658875,-0.5042858123779297,0.46250975131988525,0.17859067022800446,0.019978148862719536,0,0.5037479400634766,0.17707718908786774,0.48126986622810364,0.5411679744720459,-0.472324013710022,0.47614479064941406,-0.5072802305221558,1
0.4993442893028259,0.17684699594974518,0.4691374897956848,0.5336562991142273,-0.48078688979148865,0.48260340094566345,-0.5011475682258606,0.46250975131988525,0.17859067022800446,0.019978148862719536,0,0.5040058493614197,0.1771887242794037,0.47872886061668396,0.5407570004463196,-0.4726061224937439,0.4764091968536377,-0.5072076320648193,1
0.49887698888778687,0.1768919825553894,0.46212321519851685,0.5299060344696045,-0.4847547709941864,0.4857708513736725,-0.4982357919216156,0.46250975131988525,0.17859067022800446,0.019978148862719536,0,0.504249095916748,0.1772984266281128,0.4761890172958374,0.5403457283973694,-0.4728882610797882,0.4766730070114136,-0.5071350336074829,1
0.49886688590049744,0.17692314088344574,0.4558905363082886,0.5266188979148865,-0.4881109297275543,0.48850440979003906,-0.4957657754421234,0.46250975131988525,0.17859067022800446,0.019978148862719536,0,0.5044775605201721,0.17740637063980103,0.4736499786376953,0.5399343371391296,-0.47317054867744446,0.476936399936676,-0.5070622563362122,1
0.4990304410457611,0.17694132030010223,0.4507094621658325,0.5239658951759338,-0.4907377362251282,0.4906763434410095,-0.4938349723815918,0.46250975131988525,0.17859067022800446,0.019978148862719536,0,0.504691481590271,0.1775122582912445,0.47111207246780396,0.539522647857666,-0.47345268726348877,0.47719937562942505,-0.506989598274231,1
0.49929916858673096,0.17696671187877655,0.44666093587875366,0.52201247215271,-0.49261677265167236,0.49224910140037537,-0.49246570467948914,0.46250975131988525,0.17859067022800446,0.019978148862719536,0,0.5048906207084656,0.17761631309986115,0.46857529878616333,0.5391107201576233,-0.47373494505882263,0.4774619936943054,-0.506916880607605,1
0.49967139959335327,0.17701047658920288,0.4437648057937622,0.5207783579826355,-0.493754506111145,0.4932193458080292,-0.49166151881217957,0.46250975131988525,0.17859067022800446,0.019978148862719536,0,0.5050749182701111,0.1777183562517166,0.46603983640670776,0.5386986136436462,-0.4740172028541565,0.47772425413131714,-0.506844162940979,1
0.500160813331604,0.17707757651805878,0.44202354550361633,0.5202667713165283,-0.49416014552116394,0.49359312653541565,-0.49142035841941833,0.46250975131988525,0.17859067022800446,0.019978148862719536,0,0.5052446722984314,0.17781853675842285,0.4635058641433716,0.5382864475250244,-0.4742993116378784,0.47798585891723633,-0.5067715048789978,1
0.5007805824279785,0.17716996371746063,0.44143229722976685,0.5204722285270691,-0.4938430190086365,0.49337849020957947,-0.49173688888549805,0.46250975131988525,0.17859067022800446,0.019978148862719536,0,0.5053997039794922,0.1779170036315918,0.4609735608100891,0.5378741025924683,-0.47458145022392273,0.4782469570636749,-0.506698727607727,1
0.5015242695808411,0.17728467285633087,0.44194942712783813,0.5213674306869507,-0.4928281903266907,0.4925972819328308,-0.4925893545150757,0.46250975131988525,0.17859067022800446,0.019978148862719536,0,0.5055401921272278,0.1780133843421936,0.45844247937202454,0.5374614000320435,-0.4748636782169342,0.47850778698921204,-0.5066259503364563,1
0.502171516418457,0.17737488448619843,0.4428424537181854,0.5225422978401184,-0.4915074408054352,0.49158304929733276,-0.4936758875846863,0.46250975131988525,0.17859067022800446,0.019978148862719536,0,0.5056660771369934,0.1781078279018402,0.45591306686401367,0.5370484590530396,-0.47514599561691284,0.47876831889152527,-0.5065532326698303,1
0.5026957392692566,0.17745651304721832,0.4436200261116028,0.5236933827400208,-0.490204781293869,0.4905799627304077,-0.49474817514419556,0.46250975131988525,0.17859067022800446,0.019978148862719536,0,0.5057771801948547,0.17820031940937042,0.45338577032089233,0.5366353392601013,-0.47542813420295715,0.47902819514274597,-0.5064803957939148,1
0.5031435489654541,0.177540585398674,0.444149374961853,0.524735689163208,-0.48901188373565674,0.4896579086780548,-0.495736688375473,0.46250975131988525,0.17859067022800446,0.019978148862719536,0,0.5058736801147461,0.17829109728336334,0.45086002349853516,0.5362220406532288,-0.47571051120758057,0.479287713766098,-0.5064074397087097,1
0.5035422444343567,0.17762678861618042,0.44440019130706787,0.5256463289260864,-0.4879508912563324,0.4888383746147156,-0.49662554264068604,0.46250975131988525,0.17859067022800446,0.019978148862719536,0,0.5059556365013123,0.17837972939014435,0.4483363926410675,0.5358085632324219,-0.4759927988052368,0.4795469045639038,-0.506334662437439,1
0.5039058923721313,0.17771466076374054,0.4443773925304413,0.5264244675636292,-0.48702186346054077,0.48812296986579895,-0.49741610884666443,0.46250975131988525,0.17859067022800446,0.019978148862719536,0,0.5060230493545532,0.17846646904945374,0.44581490755081177,0.5353949069976807,-0.47627493739128113,0.47980552911758423,-0.5062618851661682,1
0.504240870475769,0.17780348658561707,0.44409993290901184,0.5270788669586182,-0.4862164556980133,0.487506240606308,-0.4981153905391693,0.46250975131988525,0.17859067022800446,0.019978148862719536,0,0.5060758590698242,0.17855122685432434,0.4432952404022217,0.5349807739257812,-0.4765574336051941,0.48006388545036316,-0.5061888694763184,1
0.5045509934425354,0.17789241671562195,0.44359058141708374,0.5276196599006653,-0.4855242371559143,0.48698049783706665,-0.49873197078704834,0.46250975131988525,0.17859067022800446,0.019978148862719536,0,0.50611412525177,0.17863407731056213,0.4407779574394226,0.5345668792724609,-0.4768393933773041,0.4803215265274048,-0.5061160326004028,1
0.5048381090164185,0.17798149585723877,0.44287171959877014,0.528058648109436,-0.48493432998657227,0.48653659224510193,-0.49927419424057007,0.46250975131988525,0.17859067022800446,0.019978148862719536,0,0.5061378479003906,0.17871515452861786,0.4382627606391907,0.5341523885726929,-0.4771219491958618,0.48057907819747925,-0.5060430765151978,1
0.505103349685669,0.17807041108608246,0.44196444749832153,0.5284057855606079,-0.48443683981895447,0.4861670434474945,-0.49974969029426575,0.46250975131988525,0.17859067022800446,0.019978148862719536,0,0.5061471462249756,0.17879407107830048,0.43574994802474976,0.5337378978729248,-0.47740405797958374,0.48083603382110596,-0.5059700608253479,1
0.5053473711013794,0.1781589537858963,0.4408886432647705,0.5286712646484375,-0.4840220510959625,0.48586374521255493,-0.5001657605171204,0.46250975131988525,0.17859067022800446,0.019978148862719536,0,0.5061419010162354,0.1788710057735443,0.43323972821235657,0.5333232283592224,-0.47768646478652954,0.4810926020145416,-0.5058971643447876,1
0.5055707693099976,0.17824693024158478,0.43966203927993774,0.5288634300231934,-0.4836810529232025,0.4856199324131012,-0.5005289316177368,0.46250975131988525,0.17859067022800446,0.019978148862719536,0,0.506122350692749,0.17894603312015533,0.43073195219039917,0.5329082012176514,-0.4779687821865082,0.48134875297546387,-0.505824089050293,1
0.5057737231254578,0.17833419144153595,0.438300222158432,0.5289903879165649,-0.48340660333633423,0.48542943596839905,-0.5008445978164673,0.46250975131988525,0.17859067022800446,0.019978148862719536,0,0.5060881972312927,0.1790192723274231,0.42822688817977905,0.5324931740760803,-0.4782511591911316,0.48160427808761597,-0.5057510137557983,1
0.5059565305709839,0.17842036485671997,0.4368181824684143,0.5290590524673462,-0.4831911623477936,0.4852863550186157,-0.5011186599731445,0.46250975131988525,0.17859067022800446,0.019978148862719536,0,0.506039559841156,0.17909030616283417,0.4257248342037201,0.5320777893066406,-0.47853341698646545,0.4818595051765442,-0.5056779980659485,1
0.506119430065155,0.17850549519062042,0.4352281093597412,0.5290755033493042,-0.48302915692329407,0.485185831785202,-0.5013547539710999,0.46250975131988525,0.17859067022800446,0.019978148862719536,0,0.5059767961502075,0.17915941774845123,0.4232252240180969,0.5316621661186218,-0.47881588339805603,0.48211437463760376,-0.5056049227714539,1
0.5062624216079712,0.1785895824432373,0.43354225158691406,0.5290457010269165,-0.4829142987728119,0.4851231873035431,-0.5015573501586914,0.46250975131988525,0.17859067022800446,0.019978148862719536,0,0.5058993697166443,0.17922653257846832,0.42072880268096924,0.5312466621398926,-0.47909805178642273,0.4823686182498932,-0.5055319666862488,1
0.5063858032226562,0.17867223918437958,0.4317706227302551,0.5289742946624756,-0.48284196853637695,0.48509445786476135,-0.5017301440238953,0.46250975131988525,0.17859067022800446,0.019978148862719536,0,0.5058077573776245,0.17929166555404663,0.41823506355285645,0.530830442905426,-0.4793805181980133,0.4826226830482483,-0.5054587125778198,1
0.5064897537231445,0.17875328660011292,0.42992281913757324,0.5288658142089844,-0.48280730843544006,0.48509567975997925,-0.5018765330314636,0.46250975131988525,0.17859067022800446,0.019978148862719536,0,0.5057016611099243,0.17935504019260406,0.41574469208717346,0.5304145216941833,-0.4796628952026367,0.4828760623931885,-0.5053855776786804,1
0.506574273109436,0.17883312702178955,0.4280068874359131,0.5287243723869324,-0.48280659317970276,0.48512399196624756,-0.5019989013671875,0.46250975131988525,0.17859067022800446,0.019978148862719536,0,0.5055813193321228,0.17941619455814362,0.4132571220397949,0.5299980044364929,-0.4799453914165497,0.48312926292419434,-0.5053123235702515,1
0.5066397190093994,0.1789109855890274,0.42603063583374023,0.5285533666610718,-0.48283612728118896,0.4851761758327484,-0.5021002888679504,0.46250975131988525,0.17859067022800446,0.019978148862719536,0,0.50544673204422,0.17947536706924438,0.4107730984687805,0.5295814871788025,-0.48022764921188354,0.48338183760643005,-0.5052392482757568,1
0.5066859126091003,0.17898742854595184,0.42400050163269043,0.5283558964729309,-0.4828926622867584,0.4852496385574341,-0.5021827220916748,0.46250975131988525,0.17859067022800446,0.019978148862719536,0,0.505297839641571,0.17953254282474518,0.4082922339439392,0.5291646718978882,-0.4805102050304413,0.48363417387008667,-0.5051659345626831,1
0.5067134499549866,0.17906197905540466,0.421922892332077,0.5281350016593933,-0.4829731285572052,0.485341876745224,-0.5022484064102173,0.46250975131988525,0.17859067022800446,0.019978148862719536,0,0.5051345825195312,0.1795879304409027,0.40581512451171875,0.5287479162216187,-0.4807925820350647,0.483885794878006,-0.5050927400588989,1
0.5067223310470581,0.17913459241390228,0.41980260610580444,0.5278926491737366,-0.48307543992996216,0.4854514002799988,-0.5022989511489868,0.46250975131988525,0.17859067022800446,0.019978148862719536,0,0.5049571990966797,0.17964111268520355,0.4033414125442505,0.5283305048942566,-0.4810751676559448,0.48413708806037903,-0.5050195455551147,1
0.5067126154899597,0.17920547723770142,0.41764506697654724,0.5276318192481995,-0.4831969141960144,0.48557567596435547,-0.5023360848426819,0.46250975131988525,0.17859067022800446,0.019978148862719536,0,0.5047657489776611,0.17969229817390442,0.4008711874485016,0.5279132127761841,-0.48135754466056824,0.4843880236148834,-0.5049463510513306,1
0.5066846013069153,0.17927446961402893,0.4154543876647949,0.5273541212081909,-0.4833354949951172,0.485713392496109,-0.5023611187934875,0.46250975131988525,0.17859067022800446,0.019978148862719536,0,0.5045600533485413,0.1797415018081665,0.3984047472476959,0.5274956822395325,-0.48163989186286926,0.4846384525299072,-0.5048731565475464,1
0.5066385865211487,0.1793413758277893,0.4132344126701355,0.5270609259605408,-0.48348960280418396,0.4858631491661072,-0.5023757815361023,0.46250975131988525,0.17859067022800446,0.019978148862719536,0,0.5043402314186096,0.17978866398334503,0.3959420621395111,0.5270779728889465,-0.4819221794605255,0.4848887324333191,-0.5047996640205383,1
0.5065746903419495,0.17940643429756165,0.4109885096549988,0.5267546772956848,-0.4836573898792267,0.4860234260559082,-0.5023804903030396,0.46250975131988525,0.17859067022800446,0.019978148862719536,0,0.5041062235832214,0.1798340231180191,0.39348307251930237,0.5266600251197815,-0.48220470547676086,0.4851381778717041,-0.504726231098175,1
0.5064930319786072,0.1794692426919937,0.40872058272361755,0.526436448097229,-0.48383694887161255,0.4861927926540375,-0.5023772120475769,0.46250975131988525,0.17859067022800446,0.019978148862719536,0,0.5038581490516663,0.1798771768808365,0.391028493642807,0.5262420773506165,-0.4824870824813843,0.48538729548454285,-0.5046530365943909,1
0.5063939094543457,0.17953026294708252,0.40643244981765747,0.5261072516441345,-0.4840279221534729,0.4863707721233368,-0.5023660063743591,0.46250975131988525,0.17859067022800446,0.019978148862719536,0,0.5035960674285889,0.1799183189868927,0.3885774612426758,0.5258234143257141,-0.4827696681022644,0.48563605546951294,-0.5045796036720276,1
0.5062775611877441,0.17958930134773254,0.4041273593902588,0.5257687568664551,-0.48422810435295105,0.48655566573143005,-0.5023483037948608,0.46250975131988525,0.17859067022800446,0.019978148862719536,0,0.503320038318634,0.17995744943618774,0.38613107800483704,0.5254049897193909,-0.4830520451068878,0.4858841896057129,-0.5045063495635986,1
0.5061441659927368,0.17964592576026917,0.4018074870109558,0.5254213809967041,-0.48443713784217834,0.4867473244667053,-0.502324640750885,0.46250975131988525,0.17859067022800446,0.019978148862719536,0,0.5030299425125122,0.17999476194381714,0.3836882412433624,0.524986207485199,-0.4833347201347351,0.4861322343349457,-0.5044327974319458,1
0.5059936046600342,0.1797007918357849,0.39947471022605896,0.5250663757324219,-0.4846540689468384,0.4869444668292999,-0.5022954940795898,0.46250975131988525,0.17859067022800446,0.019978148862719536,0,0.5027258396148682,0.18002980947494507,0.38125014305114746,0.5245673060417175,-0.4836171269416809,0.4863797128200531,-0.5043593645095825,1
0.5058265924453735,0.17975333333015442,0.39713090658187866,0.5247045755386353,-0.48487749695777893,0.4871467351913452,-0.5022616982460022,0.46250975131988525,0.17859067022800446,0.019978148862719536,0,0.5024078488349915,0.1800629198551178,0.37881624698638916,0.524148166179657,-0.48389965295791626,0.48662686347961426,-0.5042857527732849,1
0.5056430697441101,0.1798039972782135,0.3947775661945343,0.5243366956710815,-0.48510733246803284,0.4873535633087158,-0.5022234916687012,0.46250975131988525,0.17859067022800446,0.019978148862719536,0,0.5020760893821716,0.18009395897388458,0.37638694047927856,0.5237287282943726,-0.48418208956718445,0.48687341809272766,-0.5042122602462769,1
0.5054430961608887,0.17985230684280396,0.3924168050289154,0.5239633321762085,-0.4853423535823822,0.4875640571117401,-0.5021817088127136,0.46250975131988525,0.17859067022800446,0.019978148862719536,0,0.5017303228378296,0.1801229566335678,0.37396204471588135,0.523309051990509,-0.48446476459503174,0.4871196448802948,-0.5041388273239136,1
0.5052270293235779,0.17989873886108398,0.39004895091056824,0.52358478307724,-0.4855826199054718,0.4877782166004181,-0.5021362900733948,0.46250975131988525,0.17859067022800446,0.019978148862719536,0,0.5013706684112549,0.1801501214504242,0.37154191732406616,0.5228894948959351,-0.4847472310066223,0.4873652160167694,-0.504065215587616,1
0.5049950480461121,0.17994293570518494,0.38767576217651367,0.5232018232345581,-0.4858270287513733,0.487995445728302,-0.5020878314971924,0.46250975131988525,0.17859067022800446,0.019978148862719536,0,0.5009971261024475,0.18017509579658508,0.3691268861293793,0.5224698185920715,-0.4850294888019562,0.4876103103160858,-0.5039919018745422,1
0.5047470331192017,0.17998503148555756,0.38529855012893677,0.5228151679039001,-0.4860752522945404,0.4882151782512665,-0.5020369291305542,0.46250975131988525,0.17859067022800446,0.019978148862719536,0,0.5006099939346313,0.18019801378250122,0.3667161762714386,0.5220495462417603,-0.4853120744228363,0.48785528540611267,-0.5039182901382446,1
0.5044834017753601,0.180025115609169,0.38291800022125244,0.5224248170852661,-0.48632702231407166,0.48843708634376526,-0.5019834041595459,0.46250975131988525,0.17859067022800446,0.019978148862719536,0,0.5002089738845825,0.1802188754081726,0.36431050300598145,0.5216292142868042,-0.4855944812297821,0.4880996346473694,-0.5038447380065918,1
0.5042040944099426,0.1800631433725357,0.3805352449417114,0.5220314860343933,-0.4865816533565521,0.4886610507965088,-0.50192791223526,0.46250975131988525,0.17859067022800446,0.019978148862719536,0,0.4997943043708801,0.18023791909217834,0.3619096279144287,0.521208643913269,-0.4858770966529846,0.4883437156677246,-0.5037710070610046,1
0.5039096474647522,0.1800989955663681,0.3781508207321167,0.521635115146637,-0.4868391156196594,0.4888867437839508,-0.5018705725669861,0.46250975131988525,0.17859067022800446,0.019978148862719536,0,0.49936601519584656,0.1802547574043274,0.35951390862464905,0.5207878947257996,-0.48615965247154236,0.4885873794555664,-0.503697395324707,1
0.5035998225212097,0.1801326423883438,0.3757658004760742,0.5212363004684448,-0.48709893226623535,0.48911404609680176,-0.5018115043640137,0.46250975131988525,0.17859067022800446,0.019978148862719536,0,0.4989241659641266,0.18026955425739288,0.35712310671806335,0.5203668475151062,-0.48644232749938965,0.48883056640625,-0.5036236643791199,1
0.5032747983932495,0.18016424775123596,0.37338051199913025,0.5208352208137512,-0.4873609244823456,0.4893423616886139,-0.5017508864402771,0.46250975131988525,0.17859067022800446,0.019978148862719536,0,0.49846869707107544,0.18028229475021362,0.3547378480434418,0.5199458599090576,-0.48672476410865784,0.4890732169151306,-0.503550112247467,1
0.5029348134994507,0.1801937222480774,0.3709956407546997,0.5204319357872009,-0.48762473464012146,0.48957186937332153,-0.5016891360282898,0.46250975131988525,0.17859067022800446,0.019978148862719536,0,0.4979996681213379,0.1802929937839508,0.3523576855659485,0.5195243954658508,-0.48700740933418274,0.48931553959846497,-0.5034763813018799,1
0.5025801658630371,0.1802210509777069,0.36861154437065125,0.5200268030166626,-0.48789042234420776,0.48980242013931274,-0.5016258955001831,0.46250975131988525,0.17859067022800446,0.019978148862719536,0,0.4975169897079468,0.18030184507369995,0.3499830961227417,0.5191029906272888,-0.48729008436203003,0.4895573556423187,-0.5034024715423584,1
0.5022106170654297,0.18024636805057526,0.3662291169166565,0.5196201801300049,-0.48815733194351196,0.4900335669517517,-0.5015619993209839,0.46250975131988525,0.17859067022800446,0.019978148862719536,0,0.49702075123786926,0.1803084760904312,0.347614049911499,0.5186813473701477,-0.4875725507736206,0.4897986650466919,-0.5033288598060608,1
0.5018265247344971,0.18026959896087646,0.3638484477996826,0.5192118883132935,-0.48842594027519226,0.4902653098106384,-0.5014967918395996,0.46250975131988525,0.17859067022800446,0.019978148862719536,0,0.4965112805366516,0.18031305074691772,0.34525066614151,0.518259584903717,-0.48785486817359924,0.4900394380092621,-0.5032551884651184,1
0.5014276504516602,0.1802908033132553,0.361470103263855,0.5188024044036865,-0.48869529366493225,0.49049755930900574,-0.5014309287071228,0.46250975131988525,0.17859067022800446,0.019978148862719536,0,0.49598821997642517,0.18031561374664307,0.342892587184906,0.5178375244140625,-0.4881373643875122,0.49028006196022034,-0.5031813979148865,1
0.5010145902633667,0.18030977249145508,0.35909417271614075,0.518391489982605,-0.4889661371707916,0.49073025584220886,-0.5013643503189087,0.46250975131988525,0.17859067022800446,0.019978148862719536,0,0.49545198678970337,0.18031629920005798,0.34054034948349,0.5174154043197632,-0.4884199798107147,0.4905199706554413,-0.5031075477600098,1
0.5005869269371033,0.18032674491405487,0.3567216098308563,0.5179795026779175,-0.48923781514167786,0.49096325039863586,-0.5012969970703125,0.46250975131988525,0.17859067022800446,0.019978148862719536,0,0.49490219354629517,0.18031473457813263,0.33819401264190674,0.51699298620224,-0.48870253562927246,0.49075964093208313,-0.5030338168144226,1
0.5001450777053833,0.18034158647060394,0.3543524742126465,0.5175666213035583,-0.489510178565979,0.4911963939666748,-0.5012291073799133,0.46250975131988525,0.17859067022800446,0.019978148862719536,0,0.4943391680717468,0.1803111582994461,0.3358534276485443,0.5165703296661377,-0.48898518085479736,0.49099892377853394,-0.5029599070549011,1
0.4996891915798187,0.18035435676574707,0.351986825466156,0.5171529054641724,-0.4897831082344055,0.4914296865463257,-0.5011608004570007,0.46250975131988525,0.17859067022800446,0.019978148862719536,0,0.4937627911567688,0.18030552566051483,0.3335188627243042,0.5161473751068115,-0.4892677366733551,0.49123767018318176,-0.5028859972953796,1
0.49921947717666626,0.18036502599716187,0.3496250510215759,0.5167383551597595,-0.4900567829608917,0.4916629493236542,-0.5010920166969299,0.46250975131988525,0.17859067022800446,0.019978148862719536,0,0.49317342042922974,0.1802978217601776,0.3311903476715088,0.5157244801521301,-0.4895502030849457,0.4914759695529938,-0.5028122067451477,1
0.49873530864715576,0.18037375807762146,0.34726792573928833,0.5163233280181885,-0.49033090472221375,0.49189600348472595,-0.5010230541229248,0.46250975131988525,0.17859067022800446,0.019978148862719536,0,0.4925706088542938,0.18028828501701355,0.32886797189712524,0.5153013467788696,-0.4898328483104706,0.49171385169029236,-0.5027381777763367,1
0.4982374906539917,0.1803801953792572,0.344914972782135,0.5159074068069458,-0.49060559272766113,0.49212926626205444,-0.5009535551071167,0.46250975131988525,0.17859067022800446,0.019978148862719536,0,0.4919549226760864,0.1802765429019928,0.32655173540115356,0.5148779153823853,-0.4901154637336731,0.4919512867927551,-0.50266432762146,1
0.49772584438323975,0.18038474023342133,0.34256649017333984,0.5154908895492554,-0.4908805191516876,0.4923624098300934,-0.5008838176727295,0.46250975131988525,0.17859067022800446,0.019978148862719536,0,0.49132615327835083,0.1802627444267273,0.32424187660217285,0.5144544243812561,-0.49039793014526367,0.4921882450580597,-0.5025904774665833,1
0.4972003698348999,0.18038704991340637,0.3402233123779297,0.5150740146636963,-0.49115586280822754,0.4925953447818756,-0.500813901424408,0.46250975131988525,0.17859067022800446,0.019978148862719536,0,0.4906840920448303,0.18024690449237823,0.32193857431411743,0.5140306949615479,-0.49068039655685425,0.4924248456954956,-0.5025165677070618,1
0.4966612756252289,0.18038742244243622,0.3378846049308777,0.5146564245223999,-0.4914315640926361,0.4928281307220459,-0.5007436275482178,0.46250975131988525,0.17859067022800446,0.019978148862719536,0,0.4900291860103607,0.18022917211055756,0.3196415901184082,0.5136069059371948,-0.49096304178237915,0.49266088008880615,-0.5024425387382507,1
0.4961085617542267,0.1803857535123825,0.3355514407157898,0.5142385363578796,-0.4917074739933014,0.49306049942970276,-0.500673234462738,0.46250975131988525,0.17859067022800446,0.019978148862719536,0,0.4893612265586853,0.180209219455719,0.31735098361968994,0.5131826996803284,-0.4912455379962921,0.49289652705192566,-0.5023685693740845,1
0.4955422282218933,0.18038196861743927,0.3332233130931854,0.5138201713562012,-0.4919837713241577,0.493292897939682,-0.5006026029586792,0.46250975131988525,0.17859067022800446,0.019978148862719536,0,0.4886804223060608,0.18018725514411926,0.31506720185279846,0.5127584934234619,-0.49152809381484985,0.4931317865848541,-0.5022946000099182,1
0.49496254324913025,0.18037614226341248,0.33090075850486755,0.5134012699127197,-0.4922601282596588,0.49352484941482544,-0.5005318522453308,0.46250975131988525,0.17859067022800446,0.019978148862719536,0,0.48798668384552,0.1801632195711136,0.3127897381782532,0.5123338103294373,-0.49181073904037476,0.4933668076992035,-0.5022204518318176,1
0.49436938762664795,0.18036819994449615,0.3285840153694153,0.5129823088645935,-0.49253663420677185,0.4937565326690674,-0.5004610419273376,0.46250975131988525,0.17859067022800446,0.019978148862719536,0,0.48728013038635254,0.18013732135295868,0.31051936745643616,0.5119093060493469,-0.4920933246612549,0.49360111355781555,-0.502146303653717,1
0.4937630295753479,0.18035826086997986,0.3262729048728943,0.5125628113746643,-0.49281346797943115,0.4939879775047302,-0.5003899335861206,0.46250975131988525,0.17859067022800446,0.019978148862719536,0,0.48656079173088074,0.18010921776294708,0.30825573205947876,0.5114842653274536,-0.4923759996891022,0.4938351511955261,-0.502072274684906,1
0.4931432902812958,0.18034622073173523,0.32396793365478516,0.512143075466156,-0.49309030175209045,0.494219034910202,-0.5003188252449036,0.46250975131988525,0.17859067022800446,0.019978148862719536,0,0.485828697681427,0.18007907271385193,0.30599895119667053,0.5110592246055603,-0.4926586151123047,0.4940686821937561,-0.5019981265068054,1
0.49251046776771545,0.18033213913440704,0.321668803691864,0.5117229223251343,-0.4933672547340393,0.4944496750831604,-0.5002477765083313,0.46250975131988525,0.17859067022800446,0.019978148862719536,0,0.48508405685424805,0.1800469160079956,0.3037494719028473,0.5106340646743774,-0.4929410219192505,0.49430155754089355,-0.5019241571426392,1
0.4918643534183502,0.18031597137451172,0.3193758726119995,0.511302649974823,-0.49364420771598816,0.4946800172328949,-0.5001764893531799,0.46250975131988525,0.17859067022800446,0.019978148862719536,0,0.48432672023773193,0.18001268804073334,0.30150678753852844,0.5102086067199707,-0.4932235777378082,0.49453431367874146,-0.5018500089645386,1
0.4912051856517792,0.18029777705669403,0.3170892894268036,0.5108821392059326,-0.493921160697937,0.49490994215011597,-0.5001053214073181,0.46250975131988525,0.17859067022800446,0.019978148862719536,0,0.4835566282272339,0.17997661232948303,0.2992713749408722,0.509783148765564,-0.49350613355636597,0.49476635456085205,-0.5017757415771484,1
0.49053290486335754,0.1802777349948883,0.3148091733455658,0.5104616284370422,-0.4941983222961426,0.4951394200325012,-0.5000337958335876,0.46250975131988525,0.17859067022800446,0.019978148862719536,0,0.48277416825294495,0.17993831634521484,0.29704317450523376,0.5093573331832886,-0.49378862977027893,0.49499815702438354,-0.5017015933990479,1
0.4898478388786316,0.18025542795658112,0.31253573298454285,0.5100408792495728,-0.4944751262664795,0.4953683316707611,-0.4999628961086273,0.46250975131988525,0.17859067022800446,0.019978148862719536,0,0.48197901248931885,0.1798979640007019,0.29482215642929077,0.5089311003684998,-0.49407118558883667,0.49522966146469116,-0.5016275644302368,1
0.48914989829063416,0.18023110926151276,0.3102686107158661,0.5096197724342346,-0.49475225806236267,0.4955969452857971,-0.4998914301395416,0.46250975131988525,0.17859067022800446,0.019978148862719536,0,0.481171578168869,0.1798555999994278,0.29260849952697754,0.5085050463676453,-0.494353711605072,0.49546054005622864,-0.5015534162521362,1
0.4884388744831085,0.18020468950271606,0.30800825357437134,0.5091983079910278,-0.4950294494628906,0.49582532048225403,-0.49982011318206787,0.46250975131988525,0.17859067022800446,0.019978148862719536,0,0.4803517460823059,0.17981122434139252,0.29040247201919556,0.5080786943435669,-0.49463632702827454,0.49569109082221985,-0.5014791488647461,1
0.4877152442932129,0.1801762729883194,0.3057548701763153,0.5087769031524658,-0.4953063428401947,0.4960530996322632,-0.4997488558292389,0.46250975131988525,0.17859067022800446,0.019978148862719536,0,0.4795193672180176,0.1797650009393692,0.2882038950920105,0.5076521635055542,-0.4949190020561218,0.4959211051464081,-0.5014047026634216,1
0.486978679895401,0.1801459789276123,0.30350831151008606,0.5083553194999695,-0.495583713054657,0.49628037214279175,-0.4996773898601532,0.46250975131988525,0.17859067022800446,0.019978148862719536,0,0.47867482900619507,0.17971651256084442,0.2860127389431,0.5072252750396729,-0.4952016770839691,0.4961506426334381,-0.5013304352760315,1
0.48622962832450867,0.18011344969272614,0.3012687861919403,0.507933497428894,-0.4958605468273163,0.4965071976184845,-0.4996062219142914,0.46250975131988525,0.17859067022800446,0.019978148862719536,0,0.4778180718421936,0.17966605722904205,0.2838295102119446,0.506798267364502,-0.495484322309494,0.49637991189956665,-0.5012560486793518,1
0.4854680001735687,0.18007898330688477,0.2990364730358124,0.5075117349624634,-0.49613744020462036,0.4967336356639862,-0.49953493475914,0.46250975131988525,0.17859067022800446,0.019978148862719536,0,0.47694915533065796,0.17961357533931732,0.2816540598869324,0.506371259689331,-0.49576687812805176,0.4966086745262146,-0.5011817812919617,1
0.4846935570240021,0.1800425499677658,0.29681092500686646,0.5070894956588745,-0.4964146316051483,0.4969596266746521,-0.4994634985923767,0.46250975131988525,0.17859067022800446,0.019978148862719536,0,0.4760678708553314,0.17955920100212097,0.2794865369796753,0.5059442520141602,-0.4960493743419647,0.4968368113040924,-0.5011074542999268,1
0.4839068055152893,0.18000395596027374,0.2945931851863861,0.5066675543785095,-0.4966912269592285,0.4971851706504822,-0.4993923604488373,0.46250975131988525,0.17859067022800446,0.019978148862719536,0,0.47517478466033936,0.1795026659965515,0.27732664346694946,0.5055165886878967,-0.4963320195674896,0.49706465005874634,-0.5010331273078918,1
0.4831075966358185,0.17996333539485931,0.29238247871398926,0.5062452554702759,-0.496968150138855,0.4974100887775421,-0.4993211030960083,0.46250975131988525,0.17859067022800446,0.019978148862719536,0,0.47426947951316833,0.1794441044330597,0.2751747965812683,0.5050889849662781,-0.4966145157814026,0.497292160987854,-0.5009586215019226,1
0.4822959899902344,0.17992070317268372,0.2901793122291565,0.5058227777481079,-0.4972448945045471,0.4976346492767334,-0.49925005435943604,0.46250975131988525,0.17859067022800446,0.019978148862719536,0,0.4733521342277527,0.1793835312128067,0.2730310559272766,0.5046611428260803,-0.4968971908092499,0.4975191354751587,-0.5008842945098877,1
0.48147186636924744,0.17987623810768127,0.2879836857318878,0.5054002404212952,-0.49752169847488403,0.4978586733341217,-0.4991786777973175,0.46250975131988525,0.17859067022800446,0.019978148862719536,0,0.47242268919944763,0.17932114005088806,0.27089548110961914,0.5042331218719482,-0.49717986583709717,0.4977456033229828,-0.5008096694946289,1
0.48063576221466064,0.17982955276966095,0.2857953906059265,0.5049774646759033,-0.4977983832359314,0.4980824887752533,-0.49910739064216614,0.46250975131988525,0.17859067022800446,0.019978148862719536,0,0.4714817404747009,0.17925654351711273,0.2687678635120392,0.5038049221038818,-0.4974624812602997,0.4979717433452606,-0.5007352828979492,1
0.479787141084671,0.17978084087371826,0.2836151421070099,0.5045546293258667,-0.4980749487876892,0.49830567836761475,-0.49903634190559387,0.46250975131988525,0.17859067022800446,0.019978148862719536,0,0.4705287516117096,0.17918992042541504,0.2666487693786621,0.5033765435218811,-0.49774500727653503,0.49819740653038025,-0.5006608366966248,1
0.47892633080482483,0.17973031103610992,0.28144264221191406,0.5041318535804749,-0.4983515739440918,0.4985281527042389,-0.498965322971344,0.46250975131988525,0.17859067022800446,0.019978148862719536,0,0.4695640206336975,0.17912130057811737,0.2645382285118103,0.502947986125946,-0.4980275332927704,0.4984225332736969,-0.5005863308906555,1
0.4780535399913788,0.1796775907278061,0.279278039932251,0.5037088990211487,-0.4986278712749481,0.4987504184246063,-0.4988941550254822,0.46250975131988525,0.17859067022800446,0.019978148862719536,0,0.4685874283313751,0.17905065417289734,0.2624357044696808,0.5025191307067871,-0.49831023812294006,0.498647540807724,-0.5005117058753967,1
0.4771686792373657,0.1796230524778366,0.27712109684944153,0.503285825252533,-0.4989043176174164,0.4989720582962036,-0.49882322549819946,0.46250975131988525,0.17859067022800446,0.019978148862719536,0,0.4675993323326111,0.17897823452949524,0.2603420615196228,0.5020905137062073,-0.498592734336853,0.4988716244697571,-0.500437319278717,1
0.4762718677520752,0.17956632375717163,0.27497243881225586,0.5028626918792725,-0.4991806447505951,0.4991932213306427,-0.4987523555755615,0.46250975131988525,0.17859067022800446,0.019978148862719536,0,0.4665996730327606,0.17890363931655884,0.2582569420337677,0.5016613602638245,-0.4988752603530884,0.4990953505039215,-0.5003629326820374,1
0.47536301612854004,0.1795075684785843,0.2728317975997925,0.5024393796920776,-0.4994567632675171,0.49941396713256836,-0.4986814260482788,0.46250975131988525,0.17859067022800446,0.019978148862719536,0,0.46558842062950134,0.17882703244686127,0.2561800479888916,0.5012322068214417,-0.49915772676467896,0.49931904673576355,-0.500288188457489,1
0.47444212436676025,0.1794469952583313,0.27069926261901855,0.5020160675048828,-0.49973300099372864,0.49963411688804626,-0.4986104965209961,0.46250975131988525,0.17859067022800446,0.019978148862719536,0,0.4645654857158661,0.17874841392040253,0.2541120648384094,0.5008026361465454,-0.4994402527809143,0.4995420575141907,-0.500213623046875,1
0.47350960969924927,0.1793842613697052,0.2685745656490326,0.5015924572944641,-0.5000091195106506,0.49985408782958984,-0.4985394775867462,0.46250975131988525,0.17859067022800446,0.019978148862719536,0,0.4635311961174011,0.17866797745227814,0.25205281376838684,0.500373125076294,-0.499722957611084,0.4997645616531372,-0.5001389384269714,1
0.47256529331207275,0.17931951582431793,0.26645854115486145,0.5011689066886902,-0.5002851486206055,0.5000733733177185,-0.4984687864780426,0.46250975131988525,0.17859067022800446,0.019978148862719536,0,0.4624856412410736,0.17858543992042542,0.2500026226043701,0.49994349479675293,-0.500005304813385,0.4999868869781494,-0.5000642538070679,1
0.4716092050075531,0.17925281822681427,0.26435109972953796,0.5007451772689819,-0.5005609393119812,0.5002920627593994,-0.4983981251716614,0.46250975131988525,0.17859067022800446,0.019978148862719536,1,0.4716092050075531,0.17925281822681427,0.26435109972953796,0.5007451772689819,-0.5005609393119812,0.5002920627593994,-0.4983981251716614,0
0.47113606333732605,0.17920280992984772,0.26296573877334595,0.5001096725463867,-0.5012117624282837,0.5007513761520386,-0.4979207515716553,0.46250975131988525,0.17859067022800446,0.019978148862719536,1,0.4716092050075531,0.17925281822681427,0.26435109972953796,0.5007451772689819,-0.5005609393119812,0.5002920627593994,-0.4983981251716614,0
0.47110724449157715,0.17920714616775513,0.2623070776462555,0.4996385872364044,-0.5016888380050659,0.5011009573936462,-0.4975614845752716,0.46250975131988525,0.17859067022800446,0.019978148862719536,1,0.4716092050075531,0.17925281822681427,0.26435109972953796,0.5007451772689819,-0.5005609393119812,0.5002920627593994,-0.4983981251716614,0
0.47113925218582153,0.17920663952827454,0.26191580295562744,0.4993576109409332,-0.5019628405570984,0.5013114213943481,-0.4973551630973816,0.46250975131988525,0.17859067022800446,0.019978148862719536,1,0.4716092050075531,0.17925281822681427,0.26435109972953796,0.5007451772689819,-0.5005609393119812,0.5002920627593994,-0.4983981251716614,0
0.471174418926239,0.1792060136795044,0.2616303563117981,0.4991520643234253,-0.5021608471870422,0.5014656782150269,-0.4972059726715088,0.46250975131988525,0.17859067022800446,0.019978148862719536,1,0.4716092050075531,0.17925281822681427,0.26435109972953796,0.5007451772689819,-0.5005609393119812,0.5002920627593994,-0.4983981251716614,0
0.4712063670158386,0.17920657992362976,0.26139724254608154,0.4989844262599945,-0.5023232698440552,0.5015913248062134,-0.49708354473114014,0.46250975131988525,0.17859067022800446,0.019978148862719536,1,0.4716092050075531,0.17925281822681427,0.26435109972953796,0.5007451772689819,-0.5005609393119812,0.5002920627593994,-0.4983981251716614,0
0.47123512625694275,0.17920780181884766,0.26119616627693176,0.4988402724266052,-0.502463161945343,0.5016994476318359,-0.49697768688201904,0.46250975131988525,0.17859067022800446,0.019978148862719536,1,0.4716092050075531,0.17925281822681427,0.26435109972953796,0.5007451772689819,-0.5005609393119812,0.5002920627593994,-0.4983981251716614,0
0.47126203775405884,0.17920595407485962,0.2610222399234772,0.49871131777763367,-0.5025853514671326,0.5017920136451721,-0.496890127658844,0.4624190330505371,0.1791902333498001,0.020212113857269287,1,0.4716092050075531,0.17925281822681427,0.26435109972953796,0.5007451772689819,-0.5005609393119812,0.5002920627593994,-0.4983981251716614,0
0.47128552198410034,0.17920678853988647,0.26086679100990295,0.49859926104545593,-0.5026936531066895,0.5018756985664368,-0.49680837988853455,0.462337464094162,0.17960062623023987,0.02032700926065445,1,0.47128552198410034,0.17920678853988647,0.26086679100990295,0.49859926104545593,-0.5026936531066895,0.5018756985664368,-0.49680837988853455,0
0.47127681970596313,0.17920999228954315,0.2605278491973877,0.49839088320732117,-0.5029044151306152,0.5020298957824707,-0.4966484606266022,0.4621559679508209,0.17949266731739044,0.020016305148601532,1,0.4782004654407501,0.17949986457824707,0.2679022252559662,0.5033319592475891,-0.49943116307258606,0.4993157684803009,-0.49790477752685547,0
0.471773624420166,0.1792619228363037,0.2605202794075012,0.49839386343955994,-0.5030882358551025,0.5021042227745056,-0.496383935213089,0.46247398853302,0.17940424382686615,0.019963612779974937,1,0.4849740266799927,0.1797531247138977,0.27502620220184326,0.5080410242080688,-0.4961671829223633,0.4967045187950134,-0.49899592995643616,0
0.47285985946655273,0.17933693528175354,0.2610527575016022,0.49875980615615845,-0.5030392408370972,0.5019977688789368,-0.496173620223999,0.46351727843284607,0.17942653596401215,0.020420197397470474,1,0.4916045069694519,0.17996671795845032,0.2822365164756775,0.5127265453338623,-0.4929013252258301,0.49404215812683105,-0.5000819563865662,0
0.47452494502067566,0.1794297844171524,0.26218974590301514,0.4995335340499878,-0.5026910901069641,0.5016692876815796,-0.4960803985595703,0.4654812514781952,0.17960798740386963,0.02134082280099392,1,0.4980897307395935,0.180141419172287,0.2895296812057495,0.517388105392456,-0.489634245634079,0.4913288950920105,-0.5011623501777649,0
0.47672349214553833,0.17953898012638092,0.2639281153678894,0.5007113218307495,-0.5020363330841064,0.5011106133460999,-0.4961206018924713,0.4682571589946747,0.17992258071899414,0.02281845547258854,1,0.5044277310371399,0.18027736246585846,0.29690349102020264,0.5220253467559814,-0.4863658845424652,0.48856431245803833,-0.5022376775741577,0
0.47939935326576233,0.17966128885746002,0.2662353813648224,0.5022671818733215,-0.5010911226272583,0.5003299713134766,-0.4962913990020752,0.4717634618282318,0.1803465336561203,0.024848805740475655,1,0.5106165409088135,0.1803748905658722,0.3043546676635742,0.526637613773346,-0.4830963909626007,0.4857490360736847,-0.503307580947876,0
0.48249468207359314,0.17979249358177185,0.2690693140029907,0.5041661858558655,-0.49987998604774475,0.4993417263031006,-0.49658259749412537,0.47592172026634216,0.1808701902627945,0.027395308017730713,1,0.516654372215271,0.18043451011180878,0.3118802309036255,0.5312246084213257,-0.4798261523246765,0.4828832745552063,-0.5043718218803406,0
0.4859533905982971,0.17992812395095825,0.27238529920578003,0.5063722729682922,-0.4984295070171356,0.4981614351272583,-0.49698108434677124,0.48065418004989624,0.18147709965705872,0.030420390889048576,1,0.5225393772125244,0.18045659363269806,0.319477379322052,0.5357857346534729,-0.4765552878379822,0.47996678948402405,-0.5054308772087097,0
0.48971933126449585,0.18006353080272675,0.2761349081993103,0.5088460445404053,-0.4967706501483917,0.4968074858188629,-0.49747052788734436,0.48587995767593384,0.18215292692184448,0.03388332575559616,1,0.5282699465751648,0.18044154345989227,0.32714295387268066,0.5403209924697876,-0.4732837677001953,0.47700008749961853,-0.5064843893051147,0
0.4937340021133423,0.1801925152540207,0.2802637219429016,0.5115442276000977,-0.4949377179145813,0.4953022301197052,-0.4980308711528778,0.4915117621421814,0.1828819215297699,0.03773614764213562,1,0.5338441729545593,0.18038985133171082,0.33487358689308167,0.544829249382019,-0.4700124263763428,0.4739832282066345,-0.5075323581695557,0
0.4979555606842041,0.18031208217144012,0.2847352623939514,0.5144373774528503,-0.49295350909233093,0.49365919828414917,-0.4986496567726135,0.49748846888542175,0.183652862906456,0.041948504745960236,1,0.5392605662345886,0.1803019642829895,0.34266725182533264,0.5493108630180359,-0.4667406678199768,0.4709162712097168,-0.5085750222206116,0
0.5023468136787415,0.18041926622390747,0.28952109813690186,0.5175011157989502,-0.4908357262611389,0.49188756942749023,-0.49931883811950684,0.5037580728530884,0.1844557523727417,0.04649650678038597,1,0.5445172786712646,0.18017840385437012,0.3505201041698456,0.5537651181221008,-0.46346887946128845,0.46779951453208923,-0.509611964225769,0
0.5068739056587219,0.180511012673378,0.29459553956985474,0.5207139849662781,-0.48859915137290955,0.48999616503715515,-0.5000313520431519,0.5102604031562805,0.185285747051239,0.05142495036125183,1,0.5496134161949158,0.18001966178417206,0.35842958092689514,0.55819171667099,-0.4601971209049225,0.46463271975517273,-0.510643720626831,0
0.5115060806274414,0.18058498203754425,0.29993775486946106,0.5240584015846252,-0.48625609278678894,0.4879910349845886,-0.5007818937301636,0.5169890522956848,0.18613503873348236,0.05656951293349266,1,0.5545470118522644,0.1798262596130371,0.3663913905620575,0.5625895857810974,-0.4569261074066162,0.4614170491695404,-0.511669397354126,0
0.5162158012390137,0.18063856661319733,0.30552682280540466,0.5275168418884277,-0.4838181734085083,0.4858787953853607,-0.501565158367157,0.5238840579986572,0.1869913935661316,0.061992570757865906,1,0.559316873550415,0.17959871888160706,0.374403715133667,0.5669592618942261,-0.45365554094314575,0.45815157890319824,-0.5126899480819702,0
0.5209770798683167,0.1806700974702835,0.3113447427749634,0.5310745239257812,-0.48129603266716003,0.4836650490760803,-0.5023764371871948,0.5309035778045654,0.18783685564994812,0.06769295781850815,1,0.5639217495918274,0.17933763563632965,0.38246217370033264,0.5712996125221252,-0.4503859579563141,0.4548371732234955,-0.5137045383453369,0
0.52576744556427,0.18067777156829834,0.3173748254776001,0.5347184538841248,-0.47869816422462463,0.48135408759117126,-0.5032120943069458,0.5380426645278931,0.1887330412864685,0.07365008443593979,1,0.5683601498603821,0.17904353141784668,0.39056462049484253,0.5756108164787292,-0.44711706042289734,0.4514736831188202,-0.51471346616745,0
0.5305658578872681,0.18066014349460602,0.3236019015312195,0.5384364724159241,-0.47603297233581543,0.47895070910453796,-0.5040684342384338,0.5452273488044739,0.18955156207084656,0.07984601706266403,1,0.5726314187049866,0.1787170022726059,0.39870673418045044,0.5798918008804321,-0.44384968280792236,0.44806143641471863,-0.5157167315483093,0
0.535353422164917,0.18061578273773193,0.330011248588562,0.5422174334526062,-0.47330763936042786,0.4764587879180908,-0.5049426555633545,0.5524584054946899,0.19035674631595612,0.08626497536897659,1,0.5767338275909424,0.17835864424705505,0.40688633918762207,0.5841427445411682,-0.4405834376811981,0.44460052251815796,-0.516714334487915,0
0.5401131510734558,0.1805438995361328,0.33659088611602783,0.5460525155067444,-0.47052812576293945,0.4738816022872925,-0.5058320760726929,0.5597150921821594,0.19115032255649567,0.09289346635341644,1,0.5806666612625122,0.1779690831899643,0.4150991141796112,0.588362991809845,-0.43731892108917236,0.4410915970802307,-0.5177057981491089,0
0.5448294878005981,0.18044348061084747,0.3433278203010559,0.5499323010444641,-0.4677008390426636,0.4712226986885071,-0.5067340731620789,0.5669805407524109,0.19193413853645325,0.09971614181995392,1,0.584429144859314,0.17754895985126495,0.42334264516830444,0.5925520658493042,-0.43405601382255554,0.4375341534614563,-0.5186917781829834,0
0.5494888424873352,0.18031401932239532,0.3502107262611389,0.5538489818572998,-0.4648308753967285,0.4684850573539734,-0.5076468586921692,0.5742034912109375,0.1926865577697754,0.1067650094628334,1,0.5880197882652283,0.17709881067276,0.43161290884017944,0.5967094898223877,-0.4307951033115387,0.4339291453361511,-0.5196717381477356,0
0.5540783405303955,0.18015477061271667,0.35722917318344116,0.5577958822250366,-0.46192246675491333,0.46567121148109436,-0.5085682272911072,0.5814194083213806,0.19342784583568573,0.11396238207817078,1,0.5914382338523865,0.17661938071250916,0.4399072229862213,0.6008355617523193,-0.4275360107421875,0.4302760660648346,-0.5206458568572998,0
0.5585866570472717,0.17996565997600555,0.36437296867370605,0.5617661476135254,-0.4589804708957672,0.4627838432788849,-0.5094964504241943,0.5885968804359436,0.19414444267749786,0.12131526321172714,1,0.5946832895278931,0.17611131072044373,0.44822177290916443,0.6049289107322693,-0.42427945137023926,0.42657554149627686,-0.5216140747070312,0
0.5630038380622864,0.17974607646465302,0.371632844209671,0.5657543540000916,-0.45600804686546326,0.45982515811920166,-0.5104305148124695,0.5957067608833313,0.1948298066854477,0.12883225083351135,1,0.5977547764778137,0.17557524144649506,0.45655375719070435,0.6089898943901062,-0.421024888753891,0.42282748222351074,-0.5225765109062195,0
0.5673203468322754,0.17949612438678741,0.37900009751319885,0.5697552561759949,-0.4530089497566223,0.4567973017692566,-0.5113688707351685,0.6027307510375977,0.19547680020332336,0.13650818169116974,1,0.6006515026092529,0.17501185834407806,0.4648989140987396,0.6130175590515137,-0.41777321696281433,0.41903284192085266,-0.5235325694084167,0
0.5715276598930359,0.1792159229516983,0.3864668309688568,0.5737645030021667,-0.4499857425689697,0.4537016451358795,-0.5123104453086853,0.6096686720848083,0.1960955113172531,0.14432747662067413,1,0.6033731698989868,0.17442186176776886,0.4732546806335449,0.6170117855072021,-0.4145243465900421,0.4151911437511444,-0.5244828462600708,0
0.5756187438964844,0.17890526354312897,0.39402419328689575,0.5777771472930908,-0.4469415843486786,0.45054033398628235,-0.5132544040679932,0.6164705753326416,0.19666503369808197,0.15232183039188385,1,0.6059196591377258,0.17380574345588684,0.481616735458374,0.6209716796875,-0.4112786054611206,0.41130316257476807,-0.5254270434379578,0
0.5795865654945374,0.17856423556804657,0.4016655683517456,0.5817900896072388,-0.4438786208629608,0.4473152160644531,-0.5141995549201965,0.6232092976570129,0.19721966981887817,0.1604033261537552,1,0.6082898378372192,0.17316468060016632,0.48998284339904785,0.6248980164527893,-0.4080356955528259,0.4073686897754669,-0.5263649821281433,0
0.5834249258041382,0.17819331586360931,0.40938371419906616,0.5857994556427002,-0.4407992660999298,0.4440274238586426,-0.5151451230049133,0.6298308968544006,0.19773952662944794,0.16860505938529968,1,0.6104836463928223,0.17249910533428192,0.4983488619327545,0.628789484500885,-0.40479618310928345,0.40338805317878723,-0.527296781539917,0
0.5871284604072571,0.1777927428483963,0.4171718657016754,0.5898027420043945,-0.43770524859428406,0.4406781494617462,-0.5160907506942749,0.6363233327865601,0.1982230246067047,0.17692333459854126,1,0.6125007271766663,0.17180980741977692,0.5067117810249329,0.6326460242271423,-0.401559978723526,0.39936158061027527,-0.528222382068634,0
0.5906921029090881,0.17736299335956573,0.4250231981277466,0.5937961339950562,-0.43459850549697876,0.437269389629364,-0.5170354843139648,0.642680287361145,0.19867022335529327,0.18535088002681732,1,0.6143412590026855,0.1710975170135498,0.5150672197341919,0.6364666819572449,-0.39832809567451477,0.3952897787094116,-0.5291415452957153,0
0.5941117405891418,0.17690399289131165,0.4329317808151245,0.5977777242660522,-0.43148073554039,0.43380171060562134,-0.517978847026825,0.648896336555481,0.1990814208984375,0.1938805729150772,1,0.616004467010498,0.1703629493713379,0.5234130620956421,0.6402519941329956,-0.3950995206832886,0.3911724388599396,-0.5300545692443848,0
0.5973830223083496,0.17641682922840118,0.4408913254737854,0.601745069026947,-0.4283533990383148,0.43027639389038086,-0.5189203023910522,0.654966413974762,0.1994568109512329,0.2025056928396225,1,0.6174905896186829,0.1696069836616516,0.531745195388794,0.6440011262893677,-0.3918752074241638,0.3870100975036621,-0.5309607982635498,0
0.6005023717880249,0.17590144276618958,0.44889748096466064,0.6056962013244629,-0.42521724104881287,0.42669421434402466,-0.519860029220581,0.6608856916427612,0.19979670643806458,0.2112198919057846,1,0.6187995076179504,0.16883018612861633,0.5400606989860535,0.6477137804031372,-0.3886549174785614,0.3828027546405792,-0.5318610668182373,0
0.603466808795929,0.17535880208015442,0.45694321393966675,0.6096287965774536,-0.42207419872283936,0.4230564534664154,-0.5207967162132263,0.6666497588157654,0.20010146498680115,0.2200171947479248,1,0.6199313402175903,0.1680333912372589,0.5483555197715759,0.6513893008232117,-0.3854391574859619,0.3785512447357178,-0.5327545404434204,0
0.6062734127044678,0.17478923499584198,0.46502387523651123,0.613541305065155,-0.418925017118454,0.4193640947341919,-0.5217304229736328,0.6722546219825745,0.2003713846206665,0.22889171540737152,1,0.6208862066268921,0.1672174483537674,0.5566268563270569,0.6550277471542358,-0.3822278082370758,0.37425515055656433,-0.5336418151855469,0
0.6089195609092712,0.17419332265853882,0.47313377261161804,0.6174315214157104,-0.4157710075378418,0.4156179130077362,-0.5226609110832214,0.6776964664459229,0.2006068080663681,0.23783785104751587,1,0.62166428565979,0.1663830280303955,0.5648707151412964,0.6586283445358276,-0.3790212571620941,0.36991530656814575,-0.5345223546028137,0
0.6114030480384827,0.17357176542282104,0.48126882314682007,0.6212988495826721,-0.4126124083995819,0.41181835532188416,-0.5235879421234131,0.6829718947410583,0.20080818235874176,0.2468501478433609,1,0.6222661733627319,0.16553103923797607,0.5730839371681213,0.662190854549408,-0.37581971287727356,0.3655319809913635,-0.5353960990905762,0
0.6137218475341797,0.17292527854442596,0.48942330479621887,0.6251415014266968,-0.40945059061050415,0.4079662561416626,-0.52451092004776,0.6880777478218079,0.20097607374191284,0.25592342019081116,1,0.6226915121078491,0.164662167429924,0.5812634229660034,0.6657150387763977,-0.3726232349872589,0.3611050844192505,-0.5362634062767029,0
0.6158740520477295,0.172254279255867,0.49759361147880554,0.6289581656455994,-0.40628567337989807,0.4040623605251312,-0.5254302620887756,0.6930112242698669,0.20111097395420074,0.26505246758461,1,0.6229411363601685,0.16377723217010498,0.5894054770469666,0.6692004799842834,-0.36943188309669495,0.3566349744796753,-0.5371240377426147,0
0.6178584098815918,0.1715596616268158,0.5057739019393921,0.6327476501464844,-0.40311935544013977,0.400107741355896,-0.5263449549674988,0.6977696418762207,0.2012135237455368,0.27423232793807983,1,0.6230155825614929,0.16287697851657867,0.5975070595741272,0.6726469993591309,-0.366245836019516,0.35212209820747375,-0.5379775762557983,0
0.6196731925010681,0.17084214091300964,0.5139607787132263,0.6365088224411011,-0.3999512195587158,0.3961022198200226,-0.5272555351257324,0.7023508548736572,0.20128415524959564,0.28345802426338196,1,0.6229152679443359,0.16196231544017792,0.6055643558502197,0.6760538816452026,-0.3630654811859131,0.3475666046142578,-0.5388246774673462,0
0.6213173866271973,0.17010246217250824,0.5221490263938904,0.6402408480644226,-0.3967827558517456,0.3920469284057617,-0.5281612277030945,0.7067527174949646,0.20132368803024292,0.2927248179912567,1,0.6226405501365662,0.16103394329547882,0.6135746240615845,0.6794208884239197,-0.3598910868167877,0.3429691195487976,-0.5396645665168762,0
0.6227902173995972,0.1693411022424698,0.5303349494934082,0.643942654132843,-0.39361372590065,0.3879423141479492,-0.5290622711181641,0.71097332239151,0.2013327181339264,0.30202794075012207,1,0.6221925020217896,0.16009268164634705,0.6215341091156006,0.6827477216720581,-0.3567221164703369,0.3383297324180603,-0.5404976010322571,0
0.6240906119346619,0.16855895519256592,0.5385140180587769,0.6476132273674011,-0.3904449939727783,0.38378891348838806,-0.5299583077430725,0.7150110602378845,0.20131191611289978,0.3113628327846527,1,0.6215718388557434,0.15913935005664825,0.6294392347335815,0.6860339641571045,-0.35355979204177856,0.3336489200592041,-0.5413234829902649,0
0.6252180337905884,0.1677570343017578,0.5466823577880859,0.651252031326294,-0.38727688789367676,0.3795868456363678,-0.5308494567871094,0.7188644409179688,0.2012619972229004,0.3207249343395233,1,0.6207790970802307,0.15817475318908691,0.6372875571250916,0.6892793774604797,-0.35040342807769775,0.32892659306526184,-0.5421425700187683,0
0.6261719465255737,0.1669355183839798,0.5548356175422668,0.654857873916626,-0.3841099143028259,0.3753374516963959,-0.5317353010177612,0.7225322127342224,0.2011837214231491,0.3301098048686981,1,0.6198154091835022,0.1571996808052063,0.6450749635696411,0.69248366355896,-0.34725338220596313,0.3241634964942932,-0.5429543256759644,0
0.6269518136978149,0.1660957783460617,0.5629702210426331,0.6584303379058838,-0.3809443712234497,0.3710402548313141,-0.5326160788536072,0.72601318359375,0.20107786357402802,0.3395130932331085,1,0.6186817288398743,0.15621492266654968,0.6527987718582153,0.6956462860107422,-0.3441096544265747,0.3193597197532654,-0.5437591671943665,0
0.627557635307312,0.1652383804321289,0.5710816979408264,0.6619684100151062,-0.3777810037136078,0.3666965365409851,-0.5334911942481995,0.7293064594268799,0.20094510912895203,0.3489304184913635,1,0.6173792481422424,0.15522131323814392,0.6604549288749695,0.6987668871879578,-0.3409731686115265,0.3145160675048828,-0.5445563793182373,0
0.6279889345169067,0.16436398029327393,0.5791667699813843,0.6654718518257141,-0.3746195137500763,0.3623061776161194,-0.534360945224762,0.7324112057685852,0.20078632235527039,0.35835757851600647,1,0.6159088015556335,0.1542196422815323,0.6680411100387573,0.7018452286720276,-0.33784353733062744,0.30963239073753357,-0.5453463792800903,0
0.6282458901405334,0.16347333788871765,0.5872211456298828,0.6689396500587463,-0.37146079540252686,0.3578697741031647,-0.5352249145507812,0.7353267073631287,0.20060230791568756,0.3677904009819031,1,0.6141635179519653,0.15314728021621704,0.6760210394859314,0.705069363117218,-0.33452582359313965,0.3043999969959259,-0.5461778044700623,0
0.62833571434021,0.1625659018754959,0.5952733755111694,0.6723861694335938,-0.3682974576950073,0.3533702492713928,-0.5360812544822693,0.7380670309066772,0.20039579272270203,0.3772605061531067,1,0.6122312545776367,0.152067631483078,0.6839144825935364,0.7082451581954956,-0.33121606707572937,0.29912295937538147,-0.5470010638237,0
0.6282520890235901,0.1616387516260147,0.6033264994621277,0.6758127808570862,-0.36512234807014465,0.34880295395851135,-0.5369349122047424,0.7406312227249146,0.20016466081142426,0.38677433133125305,1,0.6101140975952148,0.15098194777965546,0.6917169094085693,0.7113720178604126,-0.3279150426387787,0.29380249977111816,-0.5478152632713318,0
0.6279901266098022,0.1606922298669815,0.6113765835762024,0.679218053817749,-0.3619343042373657,0.3441670536994934,-0.5377873778343201,0.7430143356323242,0.19990840554237366,0.39632847905158997,1,0.6078130006790161,0.14989066123962402,0.6994256377220154,0.7144495248794556,-0.32462242245674133,0.28843826055526733,-0.548621416091919,0
0.627546489238739,0.1597273051738739,0.619417130947113,0.6826000213623047,-0.3587345480918884,0.33946317434310913,-0.5386384129524231,0.7452115416526794,0.1996275633573532,0.40591657161712646,1,0.6053299903869629,0.14879517257213593,0.7070363163948059,0.7174776792526245,-0.321338415145874,0.2830311059951782,-0.5494185090065002,0
0.6269185543060303,0.15874536335468292,0.6274416446685791,0.6859565377235413,-0.35552382469177246,0.3346925973892212,-0.539487898349762,0.7472187876701355,0.19932293891906738,0.4155310094356537,1,0.602666974067688,0.14769595861434937,0.7145453691482544,0.7204554677009583,-0.3180634081363678,0.27758124470710754,-0.5502073168754578,0
0.6261053681373596,0.15774710476398468,0.6354414224624634,0.6892845630645752,-0.3523043990135193,0.32985785603523254,-0.5403351783752441,0.7490325570106506,0.19899551570415497,0.4251638650894165,1,0.5998256206512451,0.14659444987773895,0.7219493985176086,0.7233830690383911,-0.31479761004447937,0.2720893919467926,-0.5509870052337646,0
0.6251054406166077,0.15673422813415527,0.6434104442596436,0.6925827264785767,-0.3490772843360901,0.324959397315979,-0.5411797761917114,0.7506501078605652,0.19864609837532043,0.43480709195137024,1,0.5968081951141357,0.14549106359481812,0.7292444705963135,0.7262597680091858,-0.3115409314632416,0.26655587553977966,-0.5517579317092896,0
0.6239187121391296,0.15570758283138275,0.6513404250144958,0.6958484053611755,-0.3458443582057953,0.320000022649765,-0.542020857334137,0.7520690560340881,0.19827571511268616,0.4444529712200165,1,0.593616247177124,0.1443871706724167,0.7364277243614197,0.7290853261947632,-0.30829373002052307,0.2609808146953583,-0.5525200366973877,0
0.6225448846817017,0.1546686589717865,0.6592249870300293,0.6990798115730286,-0.34260717034339905,0.31498077511787415,-0.5428579449653625,0.7532874941825867,0.19788523018360138,0.4540938138961792,1,0.5902525186538696,0.14328327775001526,0.7434949278831482,0.7318592667579651,-0.3050564229488373,0.25536537170410156,-0.5532729625701904,0
0.6209837198257446,0.15361836552619934,0.6670577526092529,0.7022750973701477,-0.3393666446208954,0.30990323424339294,-0.5436908602714539,0.7543039917945862,0.19747565686702728,0.4637223780155182,1,0.5867183804512024,0.1421806663274765,0.7504433393478394,0.7345815300941467,-0.30182862281799316,0.2497091144323349,-0.5540168285369873,0
0.619235634803772,0.15255822241306305,0.6748320460319519,0.705433189868927,-0.3361242115497589,0.3047686815261841,-0.5445186495780945,0.7551173567771912,0.19704799354076385,0.47333166003227234,1,0.5830168724060059,0.141079843044281,0.757269024848938,0.7372512817382812,-0.2986111640930176,0.24401319026947021,-0.5547516345977783,0
0.6173017024993896,0.15148895978927612,0.6825416088104248,0.7085519433021545,-0.3328808844089508,0.29957860708236694,-0.5453411936759949,0.7557268142700195,0.19660326838493347,0.48291483521461487,1,0.5791498422622681,0.13998186588287354,0.7639690637588501,0.7398685216903687,-0.29540368914604187,0.2382776439189911,-0.5554771423339844,0
0.6151824593544006,0.15041165053844452,0.6901808381080627,0.71163010597229,-0.3296376168727875,0.2943342924118042,-0.5461581945419312,0.7561318874359131,0.19614247977733612,0.49246546626091003,1,0.5751197934150696,0.13888782262802124,0.7705400586128235,0.7424331307411194,-0.29220643639564514,0.2325027585029602,-0.5561932325363159,0
0.6128790378570557,0.14932796359062195,0.6977437138557434,0.7146666049957275,-0.32639580965042114,0.28903740644454956,-0.5469687581062317,0.7563324570655823,0.19566650688648224,0.5019772052764893,1,0.5709293484687805,0.13779814541339874,0.7769785523414612,0.7449440956115723,-0.2890198230743408,0.22668977081775665,-0.5568998456001282,0
0.6103923320770264,0.14823833107948303,0.7052254676818848,0.7176600694656372,-0.32315555214881897,0.2836882174015045,-0.5477732419967651,0.7563284635543823,0.19517651200294495,0.5114440321922302,1,0.5665810108184814,0.13671442866325378,0.7832815647125244,0.7474016547203064,-0.28584426641464233,0.2208384871482849,-0.5575966835021973,0
0.607724130153656,0.1471441090106964,0.7126201391220093,0.7206091284751892,-0.31991836428642273,0.2782886028289795,-0.5485708713531494,0.7561202645301819,0.19467340409755707,0.5208601355552673,1,0.5623463988304138,0.1356998085975647,0.7890874147415161,0.749665379524231,-0.28286507725715637,0.21529702842235565,-0.5582438707351685,0
0.6048800349235535,0.14604951441287994,0.7198969721794128,0.7235011458396912,-0.31669190526008606,0.2728594243526459,-0.5493632555007935,0.7557059526443481,0.19415785372257233,0.5301874876022339,1,0.5579765439033508,0.13469140231609344,0.7947677969932556,0.7518808245658875,-0.2798958718776703,0.2097228467464447,-0.5588825941085815,0
0.6018698215484619,0.14495769143104553,0.7270462512969971,0.7263337969779968,-0.3134830892086029,0.2674069404602051,-0.550146222114563,0.7550899982452393,0.19363395869731903,0.5394117832183838,1,0.5534738302230835,0.13368993997573853,0.8003203868865967,0.7540479302406311,-0.276936411857605,0.2041160613298416,-0.5595126748085022,0
0.5987007021903992,0.14387063682079315,0.7340630292892456,0.7291072607040405,-0.3102948069572449,0.26193371415138245,-0.5509176254272461,0.7542779445648193,0.19310343265533447,0.548527181148529,1,0.5488409399986267,0.13269610702991486,0.8057422637939453,0.7561664581298828,-0.2739873230457306,0.19847771525382996,-0.5601337552070618,0
0.5953770279884338,0.14278830587863922,0.7409464120864868,0.7318223714828491,-0.3071264326572418,0.2564396858215332,-0.551677405834198,0.7532745599746704,0.19256719946861267,0.5575310587882996,1,0.5440787672996521,0.1317104697227478,0.8110321760177612,0.7582361102104187,-0.2710478603839874,0.19280685484409332,-0.5607463121414185,0
0.5919023752212524,0.14171156287193298,0.7476953268051147,0.7344799041748047,-0.30397769808769226,0.2509244382381439,-0.5524252653121948,0.7520838379859924,0.19202591478824615,0.5664222836494446,1,0.5391916036605835,0.13073371350765228,0.8161863684654236,0.7602565288543701,-0.26811930537223816,0.18710532784461975,-0.5613499283790588,0
0.5882797837257385,0.14064018428325653,0.7543091773986816,0.7370802760124207,-0.30084776878356934,0.2453877329826355,-0.5531619191169739,0.7507092356681824,0.1914803683757782,0.5752001404762268,1,0.5341809391975403,0.12976646423339844,0.8212034702301025,0.7622275352478027,-0.2652008831501007,0.18137291073799133,-0.5619442462921143,0
0.5845116376876831,0.13957518339157104,0.7607879042625427,0.739624559879303,-0.29773595929145813,0.2398282140493393,-0.5538872480392456,0.7491539120674133,0.19093115627765656,0.5838642716407776,1,0.5290492177009583,0.12880933284759521,0.8260809779167175,0.7641489505767822,-0.26229339838027954,0.17561016976833344,-0.5625297427177429,0
0.5806004405021667,0.13851657509803772,0.7671310901641846,0.7421135902404785,-0.29464131593704224,0.2342454046010971,-0.5546016097068787,0.7474206686019897,0.19037900865077972,0.5924143195152283,1,0.523799479007721,0.12786293029785156,0.8308165073394775,0.7660202980041504,-0.25939643383026123,0.16981717944145203,-0.563106119632721,0
0.5765479803085327,0.13746511936187744,0.7733381390571594,0.7445476651191711,-0.29156336188316345,0.22863858938217163,-0.5553051829338074,0.745512068271637,0.1898246705532074,0.6008498072624207,1,0.5184341073036194,0.12692764401435852,0.8354082107543945,0.7678414583206177,-0.25651025772094727,0.16399453580379486,-0.5636734366416931,0
0.5723569393157959,0.13642063736915588,0.7794084548950195,0.7469273805618286,-0.2885010838508606,0.22300726175308228,-0.5559984445571899,0.7434307336807251,0.18926890194416046,0.6091700792312622,1,0.5129559636116028,0.12600445747375488,0.8398537635803223,0.769612193107605,-0.25363534688949585,0.15814320743083954,-0.5642311573028564,0
0.5680289268493652,0.13538415729999542,0.7853415012359619,0.7492533326148987,-0.2854539155960083,0.21735058724880219,-0.5566813945770264,0.7411791682243347,0.18871229887008667,0.6173743009567261,1,0.5073674321174622,0.12509369850158691,0.8441512584686279,0.7713324427604675,-0.2507711946964264,0.15226265788078308,-0.5647796988487244,0
0.5635662078857422,0.1343558132648468,0.7911363244056702,0.75152587890625,-0.2824210524559021,0.2116679549217224,-0.557354211807251,0.7387598752975464,0.18815557658672333,0.6254614591598511,1,0.5016719698905945,0.12419595569372177,0.8482983112335205,0.7730016112327576,-0.24791881442070007,0.14635442197322845,-0.5653186440467834,0
0.5589707493782043,0.13333630561828613,0.7967917323112488,0.7537452578544617,-0.2794024348258972,0.20595906674861908,-0.5580171346664429,0.7361750602722168,0.1875995248556137,0.6334303617477417,1,0.49587202072143555,0.12331175804138184,0.8522932529449463,0.7746195793151855,-0.24507763981819153,0.1404181867837906,-0.565848171710968,0
0.5542448163032532,0.13232626020908356,0.8023069500923157,0.7559118866920471,-0.2763972878456116,0.2002234309911728,-0.558670163154602,0.7334271669387817,0.18704479932785034,0.6412797570228577,1,0.489970326423645,0.1224416047334671,0.856134295463562,0.7761862874031067,-0.24224793910980225,0.13445457816123962,-0.566368043422699,0
0.549390435218811,0.13132601976394653,0.8076803684234619,0.7580259442329407,-0.27340513467788696,0.19446046650409698,-0.5593134164810181,0.7305184602737427,0.1864921897649765,0.6490081548690796,1,0.48396944999694824,0.12158600240945816,0.8598198890686035,0.777701199054718,-0.2394298017024994,0.12846387922763824,-0.5668783187866211,0
0.544410765171051,0.13033609092235565,0.8129104375839233,0.7600869536399841,-0.2704264521598816,0.18867093324661255,-0.5599468350410461,0.7274513244628906,0.1859423816204071,0.6566141247749329,1,0.4778730273246765,0.12074544280767441,0.863347589969635,0.7791645526885986,-0.23662324249744415,0.12244687974452972,-0.5673786997795105,0
0.5393067598342896,0.12935695052146912,0.8179962635040283,0.7620957493782043,-0.2674601078033447,0.18285372853279114,-0.5605707168579102,0.7242282032966614,0.18539604544639587,0.664095938205719,1,0.4708517789840698,0.11981154978275299,0.8671529293060303,0.7807597517967224,-0.23345734179019928,0.11559616774320602,-0.5679341554641724,0
0.5340481996536255,0.12838201224803925,0.8229713439941406,0.7640712857246399,-0.2644909918308258,0.17696021497249603,-0.561181366443634,0.7208284735679626,0.18485885858535767,0.6715039610862732,1,0.4637153446674347,0.118898406624794,0.8707513809204102,0.782288134098053,-0.230306938290596,0.1087128072977066,-0.5684763789176941,0
0.5286192297935486,0.1274079978466034,0.8278408646583557,0.7660133838653564,-0.26150649785995483,0.1709783673286438,-0.5617865324020386,0.717246949672699,0.18431352078914642,0.6788521409034729,1,0.4564681351184845,0.11800629645586014,0.8741407990455627,0.7837488055229187,-0.22717174887657166,0.10179691016674042,-0.5690062642097473,0
0.5230129361152649,0.12643542885780334,0.8326018452644348,0.7679196000099182,-0.25850361585617065,0.16490645706653595,-0.5623887777328491,0.7134749293327332,0.18376684188842773,0.686138927936554,1,0.4491152763366699,0.11713604629039764,0.8773186206817627,0.7851418256759644,-0.2240525782108307,0.09485001862049103,-0.5695227980613708,0
0.5172289609909058,0.12546657025814056,0.8372466564178467,0.769787073135376,-0.2554836571216583,0.1587461680173874,-0.5629879236221313,0.7095093727111816,0.18322065472602844,0.6933574080467224,1,0.44166067242622375,0.11628836393356323,0.8802830576896667,0.7864668965339661,-0.22094927728176117,0.08787224441766739,-0.5700260996818542,0
0.5112683773040771,0.12450329214334488,0.8417675495147705,0.7716132402420044,-0.25244760513305664,0.15250028669834137,-0.5635837912559509,0.7053500413894653,0.18267683684825897,0.7004978060722351,1,0.43410906195640564,0.11546348035335541,0.8830319046974182,0.7877233028411865,-0.21786201000213623,0.08086404204368591,-0.5705164670944214,0
0.5051350593566895,0.12354786694049835,0.8461553454399109,0.7733953595161438,-0.2493978887796402,0.1461724489927292,-0.5641754269599915,0.7009981870651245,0.18213707208633423,0.7075493931770325,1,0.42646530270576477,0.11466210335493088,0.8855632543563843,0.7889112234115601,-0.2147912234067917,0.07382692396640778,-0.5709932446479797,0
0.49883514642715454,0.12260181456804276,0.8504003882408142,0.7751302719116211,-0.24633757770061493,0.13976742327213287,-0.5647616386413574,0.6964560151100159,0.18160301446914673,0.7145013213157654,1,0.4187338650226593,0.11388468742370605,0.887875497341156,0.790030300617218,-0.21173664927482605,0.0667610764503479,-0.5714566111564636,0
0.49237245321273804,0.12166677415370941,0.8544949293136597,0.7768159508705139,-0.24326841533184052,0.13328847289085388,-0.5653420686721802,0.6917266845703125,0.1810760498046875,0.7213428616523743,1,0.4109196066856384,0.11313188821077347,0.8899668455123901,0.791080117225647,-0.2086988389492035,0.05966712534427643,-0.571906328201294,0
0.4857533276081085,0.12074454128742218,0.8584306240081787,0.7784496545791626,-0.24019327759742737,0.12673954665660858,-0.5659155249595642,0.6868137121200562,0.18055756390094757,0.7280638217926025,1,0.40302732586860657,0.11240381002426147,0.891835629940033,0.792060375213623,-0.20567768812179565,0.05254606530070305,-0.5723424553871155,0
0.4789845943450928,0.11983629316091537,0.8621992468833923,0.780029296875,-0.23711465299129486,0.120125412940979,-0.5664811134338379,0.681721031665802,0.1800488531589508,0.7346544861793518,1,0.3950613737106323,0.11170101165771484,0.8934808373451233,0.7929709553718567,-0.20267346501350403,0.04539812356233597,-0.5727646946907043,0
0.47207140922546387,0.11894354969263077,0.8657943606376648,0.7815530300140381,-0.23403450846672058,0.11344865709543228,-0.5670379400253296,0.6764529347419739,0.17955109477043152,0.7411059737205505,1,0.38702699542045593,0.11102402210235596,0.8949005007743835,0.7938117384910583,-0.1996864229440689,0.03822440281510353,-0.5731727480888367,0
0.4650200605392456,0.11806755512952805,0.8692095279693604,0.7830191850662231,-0.23095455765724182,0.10671287775039673,-0.5675855278968811,0.6710137128829956,0.1790654957294464,0.7474098801612854,1,0.3789288401603699,0.11037290841341019,0.8960939645767212,0.7945823073387146,-0.19671644270420074,0.03102552704513073,-0.5735669732093811,0
0.45783737301826477,0.11720917373895645,0.8724383115768433,0.7844255566596985,-0.2278769612312317,0.0999218299984932,-0.568123459815979,0.6654079556465149,0.17859312891960144,0.7535585761070251,1,0.3707716166973114,0.10974808037281036,0.8970597386360168,0.795282244682312,-0.19376397132873535,0.023802176117897034,-0.573947012424469,0
0.45052874088287354,0.1163695678114891,0.8754756450653076,0.7857711911201477,-0.22480285167694092,0.09307750314474106,-0.5686507821083069,0.659640371799469,0.1781349778175354,0.759544849395752,1,0.3625604212284088,0.1091499999165535,0.8977970480918884,0.7959117293357849,-0.1908288449048996,0.016554540023207664,-0.5743123888969421,0
