0.3625604212284088,0.1091499999165535,0.8977970480918884,0.7959117293357849,-0.1908288449048996,0.016554540023207664,-0.5743123888969421,0.7157131433486938,-0.1682603657245636,0.019999999552965164,0,0.3625604212284088,0.1091499999165535,0.8977970480918884,0.7959117293357849,-0.1908288449048996,0.016554540023207664,-0.5743123888969421,1
0.3628040552139282,0.10916154831647873,0.8976776003837585,0.7959170937538147,-0.19090838730335236,0.016660241410136223,-0.5742754340171814,0.7157131433486938,-0.1682603657245636,0.01981772482395172,0,0.3625604212284088,0.1091499999165535,0.8977970480918884,0.7959117293357849,-0.1908288449048996,0.016554540023207664,-0.5743123888969421,1
0.3632446825504303,0.10916890949010849,0.8974825739860535,0.7959179878234863,-0.1910729855298996,0.016885489225387573,-0.574212908744812,0.7157131433486938,-0.1682603657245636,0.019884353503584862,0,0.3625604212284088,0.1091499999165535,0.8977970480918884,0.7959117293357849,-0.1908288449048996,0.016554540023207664,-0.5743123888969421,1
0.36376747488975525,0.10917111486196518,0.8972581028938293,0.7959133982658386,-0.1912766695022583,0.017166968435049057,-0.5741432309150696,0.7157131433486938,-0.1682603657245636,0.019923372194170952,0,0.3625604212284088,0.1091499999165535,0.8977970480918884,0.7959117293357849,-0.1908288449048996,0.016554540023207664,-0.5743123888969421,1
0.3643089532852173,0.10917005687952042,0.8970283269882202,0.7959052920341492,-0.1914910078048706,0.01746424101293087,-0.5740739107131958,0.7157131433486938,-0.1682603657245636,0.019946129992604256,0,0.3625604212284088,0.1091499999165535,0.8977970480918884,0.7959117293357849,-0.1908288449048996,0.016554540023207664,-0.5743123888969421,1
0.36483412981033325,0.10916749387979507,0.8968064785003662,0.7958957552909851,-0.19170089066028595,0.017755331471562386,-0.5740082263946533,0.7157131433486938,-0.1682603657245636,0.019959425553679466,0,0.3625604212284088,0.1091499999165535,0.8977970480918884,0.7959117293357849,-0.1908288449048996,0.016554540023207664,-0.5743123888969421,1
0.3653259873390198,0.10916423052549362,0.8965990543365479,0.7958859801292419,-0.19189804792404175,0.01802937313914299,-0.5739471912384033,0.7157131433486938,-0.1682603657245636,0.019967196509242058,0,0.3625604212284088,0.1091499999165535,0.8977970480918884,0.7959117293357849,-0.1908288449048996,0.016554540023207664,-0.5743123888969421,1
0.36577728390693665,0.10916095972061157,0.89640873670578,0.7958768010139465,-0.19207923114299774,0.01828133687376976,-0.5738914608955383,0.7157131433486938,-0.1682603657245636,0.01997174322605133,0,0.3625604212284088,0.1091499999165535,0.8977970480918884,0.7959117293357849,-0.1908288449048996,0.016554540023207664,-0.5743123888969421,1
0.366186261177063,0.10915781557559967,0.8962359428405762,0.7958679795265198,-0.1922435611486435,0.018509861081838608,-0.5738412737846375,0.7157131433486938,-0.1682603657245636,0.019974403083324432,0,0.3625604212284088,0.1091499999165535,0.8977970480918884,0.7959117293357849,-0.1908288449048996,0.016554540023207664,-0.5743123888969421,1
0.3665536642074585,0.1091550812125206,0.8960806727409363,0.7958602905273438,-0.19239117205142975,0.01871492713689804,-0.5737957954406738,0.7157131433486938,-0.1682603657245636,0.01997595839202404,0,0.3625604212284088,0.1091499999165535,0.8977970480918884,0.7959117293357849,-0.1908288449048996,0.016554540023207664,-0.5743123888969421,1
0.36688217520713806,0.10915274918079376,0.895941436290741,0.7958534359931946,-0.1925230473279953,0.018898339942097664,-0.5737552642822266,0.7157131433486938,-0.1682603657245636,0.019976869225502014,0,0.3625604212284088,0.1091499999165535,0.8977970480918884,0.7959117293357849,-0.1908288449048996,0.016554540023207664,-0.5743123888969421,1
0.3671749234199524,0.10915068536996841,0.8958170413970947,0.7958471775054932,-0.1926405429840088,0.019061513245105743,-0.5737189054489136,0.7157131433486938,-0.1682603657245636,0.019977401942014694,0,0.3625604212284088,0.1091499999165535,0.8977970480918884,0.7959117293357849,-0.1908288449048996,0.016554540023207664,-0.5743123888969421,1
0.36743536591529846,0.10914917290210724,0.8957062363624573,0.7958419322967529,-0.19274485111236572,0.019206577911973,-0.5736864805221558,0.7157131433486938,-0.1682603657245636,0.019977713003754616,0,0.3625604212284088,0.1091499999165535,0.8977970480918884,0.7959117293357849,-0.1908288449048996,0.016554540023207664,-0.5743123888969421,1
0.3676663637161255,0.10914792865514755,0.8956077694892883,0.7958371639251709,-0.19283725321292877,0.019334783777594566,-0.5736575722694397,0.7157131433486938,-0.1682603657245636,0.01997789368033409,0,0.3625604212284088,0.1091499999165535,0.8977970480918884,0.7959117293357849,-0.1908288449048996,0.016554540023207664,-0.5743123888969421,1
0.3678717017173767,0.10914682596921921,0.8955199718475342,0.7958332300186157,-0.1929192990064621,0.019448645412921906,-0.573631763458252,0.7157131433486938,-0.1682603657245636,0.019978001713752747,0,0.3625604212284088,0.1091499999165535,0.8977970480918884,0.7959117293357849,-0.1908288449048996,0.016554540023207664,-0.5743123888969421,1
0.3680533766746521,0.10914600640535355,0.8954421877861023,0.795829713344574,-0.19299162924289703,0.01954904943704605,-0.5736088156700134,0.7157131433486938,-0.1682603657245636,0.01997806318104267,0,0.3625604212284088,0.1091499999165535,0.8977970480918884,0.7959117293357849,-0.1908288449048996,0.016554540023207664,-0.5743123888969421,1
0.3682141900062561,0.10914544761180878,0.8953732252120972,0.79582679271698,-0.19305557012557983,0.01963799074292183,-0.5735883712768555,0.7157131433486938,-0.1682603657245636,0.019978100433945656,0,0.3625604212284088,0.1091499999165535,0.8977970480918884,0.7959117293357849,-0.1908288449048996,0.016554540023207664,-0.5743123888969421,1
0.3683570623397827,0.10914503037929535,0.8953116536140442,0.7958241105079651,-0.19311225414276123,0.019716612994670868,-0.5735701322555542,0.7157131433486938,-0.1682603657245636,0.019978120923042297,0,0.3625604212284088,0.1091499999165535,0.8977970480918884,0.7959117293357849,-0.1908288449048996,0.016554540023207664,-0.5743123888969421,1
0.36848360300064087,0.10914475470781326,0.8952572345733643,0.7958218455314636,-0.1931624412536621,0.019786084070801735,-0.5735539793968201,0.7157131433486938,-0.1682603657245636,0.019978133961558342,0,0.3625604212284088,0.1091499999165535,0.8977970480918884,0.7959117293357849,-0.1908288449048996,0.016554540023207664,-0.5743123888969421,1
0.36859551072120667,0.10914462059736252,0.8952088356018066,0.7958201169967651,-0.19320662319660187,0.019847365096211433,-0.5735394358634949,0.7157131433486938,-0.1682603657245636,0.01997814141213894,0,0.3625604212284088,0.1091499999165535,0.8977970480918884,0.7959117293357849,-0.1908288449048996,0.016554540023207664,-0.5743123888969421,1
0.36869457364082336,0.10914447903633118,0.8951660394668579,0.7958184480667114,-0.1932457685470581,0.01990160159766674,-0.5735267996788025,0.7157131433486938,-0.1682603657245636,0.019978145137429237,0,0.3625604212284088,0.1091499999165535,0.8977970480918884,0.7959117293357849,-0.1908288449048996,0.016554540023207664,-0.5743123888969421,1
0.3687824606895447,0.10914447903633118,0.8951278328895569,0.795816957950592,-0.19328033924102783,0.01994943805038929,-0.5735154151916504,0.7157131433486938,-0.1682603657245636,0.019978148862719536,0,0.3625604212284088,0.1091499999165535,0.8977970480918884,0.7959117293357849,-0.1908288449048996,0.016554540023207664,-0.5743123888969421,1
0.36886000633239746,0.10914461314678192,0.895094096660614,0.7958159446716309,-0.19331079721450806,0.019991593435406685,-0.5735051035881042,0.7157131433486938,-0.1682603657245636,0.019978148862719536,0,0.3625604212284088,0.1091499999165535,0.8977970480918884,0.7959117293357849,-0.1908288449048996,0.016554540023207664,-0.5743123888969421,1
0.36892861127853394,0.10914474725723267,0.8950642347335815,0.7958149909973145,-0.19333770871162415,0.02002882771193981,-0.5734960436820984,0.7157131433486938,-0.1682603657245636,0.019978148862719536,0,0.3625604212284088,0.1091499999165535,0.8977970480918884,0.7959117293357849,-0.1908288449048996,0.016554540023207664,-0.5743123888969421,1
0.3689894676208496,0.10914488881826401,0.8950377106666565,0.7958140969276428,-0.1933615803718567,0.020061763003468513,-0.5734882354736328,0.7157131433486938,-0.1682603657245636,0.019978148862719536,0,0.3625604212284088,0.1091499999165535,0.8977970480918884,0.7959117293357849,-0.1908288449048996,0.016554540023207664,-0.5743123888969421,1
0.3690434694290161,0.10914502292871475,0.8950141072273254,0.7958134412765503,-0.1933826208114624,0.020090937614440918,-0.5734809041023254,0.7157131433486938,-0.1682603657245636,0.019978148862719536,0,0.3625604212284088,0.1091499999165535,0.8977970480918884,0.7959117293357849,-0.1908288449048996,0.016554540023207664,-0.5743123888969421,1
0.3690912425518036,0.10914530605077744,0.8949931859970093,0.7958129048347473,-0.1934012621641159,0.02011662721633911,-0.5734745860099792,0.7157131433486938,-0.1682603657245636,0.019978148862719536,0,0.3625604212284088,0.1091499999165535,0.8977970480918884,0.7959117293357849,-0.1908288449048996,0.016554540023207664,-0.5743123888969421,1
0.3691335916519165,0.10914543271064758,0.8949745893478394,0.7958122491836548,-0.19341766834259033,0.02013932727277279,-0.5734689831733704,0.7157131433486938,-0.1682603657245636,0.019978148862719536,0,0.3625604212284088,0.1091499999165535,0.8977970480918884,0.7959117293357849,-0.1908288449048996,0.016554540023207664,-0.5743123888969421,1
0.369171142578125,0.10914570838212967,0.894957959651947,0.7958120107650757,-0.19343216717243195,0.020159302279353142,-0.5734638571739197,0.7157131433486938,-0.1682603657245636,0.019978148862719536,0,0.3625604212284088,0.1091499999165535,0.8977970480918884,0.7959117293357849,-0.1908288449048996,0.016554540023207664,-0.5743123888969421,1
0.36920416355133057,0.10914599150419235,0.8949434161186218,0.795811653137207,-0.19344498217105865,0.020176958292722702,-0.5734593868255615,0.7157131433486938,-0.1682603657245636,0.019978148862719536,0,0.3625604212284088,0.1091499999165535,0.8977970480918884,0.7959117293357849,-0.1908288449048996,0.016554540023207664,-0.5743123888969421,1
0.36923354864120483,0.1091461256146431,0.8949304223060608,0.7958112955093384,-0.1934562772512436,0.020192500203847885,-0.5734555721282959,0.7157131433486938,-0.1682603657245636,0.019978148862719536,0,0.36923354864120483,0.1091461256146431,0.8949304223060608,0.7958112955093384,-0.1934562772512436,0.020192500203847885,-0.5734555721282959,1
0.3694966435432434,0.10915748029947281,0.8948008418083191,0.7958157062530518,-0.1935444176197052,0.020310046151280403,-0.5734154582023621,0.7157131433486938,-0.1682603657245636,0.019978148862719536,0,0.3760291039943695,0.10771840065717697,0.893681526184082,0.7937732338905334,-0.1974831372499466,0.025078723207116127,-0.5747132301330566,1
0.37028589844703674,0.10907414555549622,0.8945959210395813,0.7956804633140564,-0.19394661486148834,0.020793696865439415,-0.5734499096870422,0.7157131433486938,-0.1682603657245636,0.019978148862719536,0,0.3827981948852539,0.10624095052480698,0.8923390507698059,0.7917066216468811,-0.20149660110473633,0.029969915747642517,-0.5759352445602417,1
0.3716337978839874,0.10886719822883606,0.8943013548851013,0.7953677177429199,-0.19469161331653595,0.021690357476472855,-0.5735982656478882,0.7157131433486938,-0.1682603657245636,0.019978148862719536,0,0.3895392119884491,0.10471376031637192,0.8909037709236145,0.7896113991737366,-0.2054966390132904,0.03486618399620056,-0.5771215558052063,1
0.3735249936580658,0.10853797942399979,0.8939065337181091,0.794882595539093,-0.1957637369632721,0.022986164316534996,-0.5738551616668701,0.7157131433486938,-0.1682603657245636,0.019978148862719536,0,0.39625057578086853,0.10313725471496582,0.8893756866455078,0.7874879240989685,-0.2094828188419342,0.039767075330019,-0.5782718658447266,1
0.3759249746799469,0.10809294879436493,0.8934069871902466,0.7942373156547546,-0.19713883101940155,0.024654969573020935,-0.5742084383964539,0.7157131433486938,-0.1682603657245636,0.019978148862719536,0,0.40293076634407043,0.10151176154613495,0.8877552151679993,0.785336434841156,-0.21345530450344086,0.04467257484793663,-0.5793856978416443,1
0.37879160046577454,0.10753896087408066,0.8928017020225525,0.7934449315071106,-0.19879050552845,0.02666674181818962,-0.5746445059776306,0.7157131433486938,-0.1682603657245636,0.019978148862719536,0,0.4095780849456787,0.09983762353658676,0.8860427141189575,0.7831572890281677,-0.21741344034671783,0.04958244413137436,-0.580463171005249,1
0.382080078125,0.10688226670026779,0.8920906186103821,0.7925168871879578,-0.20069195330142975,0.02899027429521084,-0.5751513838768005,0.7157131433486938,-0.1682603657245636,0.019978148862719536,0,0.4161907434463501,0.09811532497406006,0.8842386603355408,0.780950665473938,-0.22135725617408752,0.054496414959430695,-0.5815040469169617,1
0.38574597239494324,0.1061282828450203,0.8912751078605652,0.7914642691612244,-0.20281709730625153,0.03159515559673309,-0.5757180452346802,0.7157131433486938,-0.1682603657245636,0.019978148862719536,0,0.4227679967880249,0.09634492546319962,0.8823432922363281,0.778717041015625,-0.22528661787509918,0.0594145767390728,-0.5825080275535583,1
0.3897479176521301,0.10528147220611572,0.8903555870056152,0.7902963757514954,-0.2051418125629425,0.03445371612906456,-0.5763342976570129,0.7157131433486938,-0.1682603657245636,0.019978148862719536,0,0.42930760979652405,0.09452700614929199,0.8803569078445435,0.7764565348625183,-0.22920113801956177,0.06433647871017456,-0.58347487449646,1
0.39404726028442383,0.1043458953499794,0.8893328905105591,0.7890217900276184,-0.20764411985874176,0.03753983974456787,-0.5769914984703064,0.7157131433486938,-0.1682603657245636,0.019978148862719536,0,0.4358082711696625,0.09266196191310883,0.8782801628112793,0.7741694450378418,-0.23310065269470215,0.06926190108060837,-0.5844043493270874,1
0.398607462644577,0.10332506895065308,0.8882083296775818,0.7876483798027039,-0.2103031724691391,0.040829505771398544,-0.5776812434196472,0.7157131433486938,-0.1682603657245636,0.019978148862719536,0,0.4422681927680969,0.09075023978948593,0.8761135935783386,0.7718559503555298,-0.23698516190052032,0.07419082522392273,-0.585296630859375,1
0.40339744091033936,0.10222218185663223,0.8869816064834595,0.7861828804016113,-0.21310120820999146,0.044301748275756836,-0.5783958435058594,0.7157131433486938,-0.1682603657245636,0.019978148862719536,0,0.44868624210357666,0.08879242837429047,0.8738572597503662,0.7695167660713196,-0.2408541440963745,0.07912277430295944,-0.5861508250236511,1
0.40838682651519775,0.10103989392518997,0.8856538534164429,0.7846314311027527,-0.21602119505405426,0.04793720319867134,-0.5791288614273071,0.7157131433486938,-0.1682603657245636,0.019978148862719536,0,0.4550606906414032,0.08678895235061646,0.8715121150016785,0.7671517729759216,-0.24470753967761993,0.08405766636133194,-0.5869671702384949,1
0.4135493040084839,0.09978078305721283,0.8842253088951111,0.7829999923706055,-0.21904854476451874,0.05171860754489899,-0.5798740983009338,0.7157131433486938,-0.1682603657245636,0.019978148862719536,0,0.46139004826545715,0.0847400352358818,0.8690782785415649,0.7647613883018494,-0.24854519963264465,0.08899543434381485,-0.5877456068992615,1
0.41886138916015625,0.0984472706913948,0.8826962113380432,0.7812932729721069,-0.22217005491256714,0.05563078820705414,-0.5806258320808411,0.7157131433486938,-0.1682603657245636,0.019978148862719536,0,0.46767285466194153,0.0826464593410492,0.8665564656257629,0.7623459696769714,-0.2523670196533203,0.09393562376499176,-0.5884857177734375,1
0.4243013560771942,0.09704122692346573,0.8810669183731079,0.77951580286026,-0.2253735065460205,0.05965971201658249,-0.5813798308372498,0.7157131433486938,-0.1682603657245636,0.019978148862719536,0,0.47390782833099365,0.08050873130559921,0.8639469742774963,0.7599056959152222,-0.2561725676059723,0.09887826442718506,-0.5891874432563782,1
0.42984992265701294,0.09556511044502258,0.879337728023529,0.777672290802002,-0.2286483347415924,0.06379324197769165,-0.5821307301521301,0.7157131433486938,-0.1682603657245636,0.019978148862719536,0,0.4800931513309479,0.078327476978302,0.8612507581710815,0.7574411630630493,-0.25996172428131104,0.10382302850484848,-0.5898504853248596,1
0.4354897439479828,0.09402041882276535,0.8775090575218201,0.7757660746574402,-0.2319851964712143,0.06802044808864594,-0.5828748941421509,0.7157131433486938,-0.1682603657245636,0.019978148862719536,0,0.48622792959213257,0.07610337436199188,0.8584677577018738,0.7549523711204529,-0.26373451948165894,0.10877002775669098,-0.5904744267463684,1
0.44120487570762634,0.09240911155939102,0.8755813241004944,0.7738007307052612,-0.2353750467300415,0.07233092933893204,-0.5836087465286255,0.7157131433486938,-0.1682603657245636,0.019978148862719536,0,0.492310106754303,0.07383669912815094,0.8555991053581238,0.7524396777153015,-0.267490416765213,0.11371854692697525,-0.591059684753418,1
0.4469820559024811,0.09073304384946823,0.8735547661781311,0.7717794179916382,-0.2388111799955368,0.07671704143285751,-0.5843287706375122,0.7157131433486938,-0.1682603657245636,0.019978148862719536,0,0.4983382225036621,0.07152829319238663,0.8526455760002136,0.7499033808708191,-0.27122917771339417,0.11866836994886398,-0.5916057229042053,1
0.4528069794178009,0.08899370580911636,0.8714304566383362,0.7697053551673889,-0.2422855794429779,0.08116957545280457,-0.5850323438644409,0.7157131433486938,-0.1682603657245636,0.019978148862719536,0,0.5043115615844727,0.06917869299650192,0.8496071100234985,0.7473438382148743,-0.27495110034942627,0.12361995875835419,-0.5921124219894409,1
0.45866915583610535,0.08719275146722794,0.869208574295044,0.7675808072090149,-0.24579283595085144,0.08568215370178223,-0.5857167840003967,0.7157131433486938,-0.1682603657245636,0.019978148862719536,0,0.510228157043457,0.06678859144449234,0.846484899520874,0.7447613477706909,-0.2786554992198944,0.12857240438461304,-0.5925796031951904,1
0.4645578861236572,0.085331991314888,0.8668898344039917,0.7654087543487549,-0.24932722747325897,0.09024842828512192,-0.5863791108131409,0.7157131433486938,-0.1682603657245636,0.019978148862719536,0,0.516086995601654,0.06435880064964294,0.8432790040969849,0.7421563267707825,-0.28234243392944336,0.1335257589817047,-0.5930071473121643,1
0.47046321630477905,0.08341256529092789,0.8644750714302063,0.7631911039352417,-0.25288382172584534,0.09486208856105804,-0.5870180130004883,0.7157131433486938,-0.1682603657245636,0.019978148862719536,0,0.5218867063522339,0.06188969314098358,0.8399906158447266,0.7395287156105042,-0.2860119044780731,0.13848014175891876,-0.5933949947357178,1
0.47637686133384705,0.08143607527017593,0.861965000629425,0.7609300017356873,-0.25645819306373596,0.09951886534690857,-0.5876314043998718,0.7157131433486938,-0.1682603657245636,0.019978148862719536,0,0.5276253819465637,0.059382110834121704,0.8366203904151917,0.7368792295455933,-0.289663165807724,0.14343443512916565,-0.5937429070472717,1
0.48229146003723145,0.07940402626991272,0.8593599796295166,0.7586272954940796,-0.2600467801094055,0.1042138859629631,-0.5882172584533691,0.7157131433486938,-0.1682603657245636,0.019978148862719536,0,0.5333021879196167,0.056836891919374466,0.8331688046455383,0.7342081069946289,-0.29329630732536316,0.14838919043540955,-0.5940507650375366,1
0.4881989657878876,0.07731775939464569,0.8566612601280212,0.7562851905822754,-0.2636454999446869,0.10894285887479782,-0.5887742638587952,0.7157131433486938,-0.1682603657245636,0.019978148862719536,0,0.5389156937599182,0.05425463616847992,0.8296367526054382,0.7315154075622559,-0.29691120982170105,0.15334409475326538,-0.5943183898925781,1
0.4940934479236603,0.07517852634191513,0.8538696765899658,0.7539050579071045,-0.26725128293037415,0.11370228230953217,-0.5893010497093201,0.7157131433486938,-0.1682603657245636,0.019978148862719536,0,0.5444645881652832,0.051636192947626114,0.8260248303413391,0.7288017868995667,-0.30050763487815857,0.1582988202571869,-0.5945456624031067,1
0.4999687671661377,0.07298801094293594,0.8509858846664429,0.7514885663986206,-0.27086135745048523,0.11848857998847961,-0.5897961854934692,0.7157131433486938,-0.1682603657245636,0.019978148862719536,0,0.5499476790428162,0.04898258298635483,0.8223338723182678,0.7260674238204956,-0.3040854036808014,0.16325299441814423,-0.5947323441505432,1
0.5058197379112244,0.07074697315692902,0.8480108976364136,0.7490366697311401,-0.27447327971458435,0.12329923361539841,-0.5902589559555054,0.7157131433486938,-0.1682603657245636,0.019978148862719536,0,0.5553633570671082,0.04629415273666382,0.818564772605896,0.7233127355575562,-0.3076441287994385,0.16820654273033142,-0.5948783755302429,1
0.5116410851478577,0.06845715641975403,0.8449456095695496,0.7465514540672302,-0.2780846059322357,0.12813110649585724,-0.5906879305839539,0.7157131433486938,-0.1682603657245636,0.019978148862719536,0,0.5607109069824219,0.04357188194990158,0.8147178292274475,0.7205377817153931,-0.3111840784549713,0.17315953969955444,-0.5949835777282715,1
0.5174286961555481,0.06611963361501694,0.8417907357215881,0.744033694267273,-0.28169333934783936,0.1329822838306427,-0.5910823345184326,0.7157131433486938,-0.1682603657245636,0.019978148862719536,0,0.5659887194633484,0.04081663116812706,0.8107944130897522,0.7177431583404541,-0.3147045075893402,0.1781112551689148,-0.5950479507446289,1
0.5231778621673584,0.06373552978038788,0.8385474681854248,0.7414846420288086,-0.2852974236011505,0.13784998655319214,-0.5914415121078491,0.7157131433486938,-0.1682603657245636,0.019978148862719536,0,0.5711954236030579,0.0380292572081089,0.8067951798439026,0.7149290442466736,-0.3182056248188019,0.1830615997314453,-0.5950714349746704,1
0.5288851857185364,0.06130625680088997,0.835216760635376,0.738905668258667,-0.28889554738998413,0.14273251593112946,-0.5917644500732422,0.7157131433486938,-0.1682603657245636,0.019978148862719536,0,0.5763304829597473,0.035210758447647095,0.8027205467224121,0.7120959758758545,-0.3216874301433563,0.18801066279411316,-0.5950532555580139,1
0.5345461368560791,0.05883299186825752,0.8317998051643372,0.7362974286079407,-0.29248538613319397,0.14762765169143677,-0.5920509696006775,0.7157131433486938,-0.1682603657245636,0.019978148862719536,0,0.5813922882080078,0.03236158937215805,0.7985718846321106,0.7092440724372864,-0.3251490592956543,0.19295787811279297,-0.5949941873550415,1
0.5401583909988403,0.05631665885448456,0.8282970786094666,0.7336607575416565,-0.2960664629936218,0.1525345891714096,-0.592300295829773,0.7157131433486938,-0.1682603657245636,0.019978148862719536,0,0.5863797068595886,0.02948284149169922,0.794349730014801,0.7063736319541931,-0.32859086990356445,0.19790339469909668,-0.5948936343193054,1
0.5457190275192261,0.05375867709517479,0.8247095942497253,0.7309969663619995,-0.29963716864585876,0.1574515700340271,-0.5925114750862122,0.7157131433486938,-0.1682603657245636,0.019978148862719536,0,0.5912916660308838,0.026575405150651932,0.7900550961494446,0.7034850120544434,-0.33201247453689575,0.2028467357158661,-0.5947516560554504,1
0.551223874092102,0.05116018280386925,0.821039080619812,0.7283070087432861,-0.3031959533691406,0.16237640380859375,-0.5926844477653503,0.7157131433486938,-0.1682603657245636,0.019978148862719536,0,0.5961268544197083,0.023640204221010208,0.7856887578964233,0.7005786895751953,-0.3354138433933258,0.20778778195381165,-0.5945680737495422,1
0.5566712617874146,0.04852231591939926,0.81728595495224,0.7255913615226746,-0.30674228072166443,0.16730885207653046,-0.5928186178207397,0.7157131433486938,-0.1682603657245636,0.019978148862719536,0,0.6008843183517456,0.02067859098315239,0.7812519073486328,0.6976550221443176,-0.33879461884498596,0.2127259373664856,-0.5943426489830017,1
0.5620585680007935,0.04584601894021034,0.8134512901306152,0.7228507995605469,-0.31027528643608093,0.1722474843263626,-0.5929136872291565,0.7157131433486938,-0.1682603657245636,0.019978148862719536,0,0.6055631637573242,0.01769067347049713,0.7767450213432312,0.6947140097618103,-0.34215477108955383,0.2176615446805954,-0.594075620174408,1
0.5673834085464478,0.04313284531235695,0.8095360398292542,0.7200861573219299,-0.31379392743110657,0.17719140648841858,-0.5929690599441528,0.7157131433486938,-0.1682603657245636,0.019978148862719536,0,0.6101623177528381,0.014677854254841805,0.7721691727638245,0.6917560696601868,-0.34549424052238464,0.2225942760705948,-0.5937666893005371,1
0.5726431608200073,0.04038342833518982,0.8055415749549866,0.7172980904579163,-0.31729716062545776,0.1821390837430954,-0.5929849743843079,0.7157131433486938,-0.1682603657245636,0.019978148862719536,0,0.6146803498268127,0.011641174554824829,0.7675254940986633,0.6887817978858948,-0.3488124907016754,0.22752344608306885,-0.5934158563613892,1
0.5778363943099976,0.03759931027889252,0.8014684915542603,0.7144874334335327,-0.3207845687866211,0.18709009885787964,-0.5929604768753052,0.7157131433486938,-0.1682603657245636,0.019978148862719536,0,0.6191165447235107,0.008581550791859627,0.7628148198127747,0.685791552066803,-0.3521096408367157,0.23244932293891907,-0.5930227637290955,1
0.5829607844352722,0.034781333059072495,0.7973181009292603,0.7116546630859375,-0.32425570487976074,0.19204406440258026,-0.5928953289985657,0.7157131433486938,-0.1682603657245636,0.019978148862719536,0,0.6234701871871948,0.005499935708940029,0.7580378651618958,0.6827854514122009,-0.35538557171821594,0.23737142980098724,-0.5925873517990112,1
0.5880143642425537,0.03193064406514168,0.7930916547775269,0.7088003158569336,-0.32770928740501404,0.1969994455575943,-0.5927898287773132,0.7157131433486938,-0.1682603657245636,0.019978148862719536,0,0.627739667892456,0.00239763967692852,0.7531961798667908,0.6797639727592468,-0.3586399257183075,0.24228964745998383,-0.592109739780426,1
0.5929955244064331,0.02904823049902916,0.7887898683547974,0.7059251070022583,-0.3311452269554138,0.20195597410202026,-0.5926434397697449,0.7157131433486938,-0.1682603657245636,0.019978148862719536,0,0.6319244503974915,-0.00072486512362957,0.7482903003692627,0.6767274141311646,-0.3618724048137665,0.24720358848571777,-0.5915898680686951,1
0.597902774810791,0.026135414838790894,0.7844138145446777,0.7030295729637146,-0.3345632255077362,0.20691320300102234,-0.5924556851387024,0.7157131433486938,-0.1682603657245636,0.019978148862719536,0,0.6360236406326294,-0.0038663363084197044,0.7433212995529175,0.6736759543418884,-0.3650832176208496,0.2521134316921234,-0.5910276770591736,1
0.6027339100837708,0.023193398490548134,0.779964804649353,0.7001141905784607,-0.3379620909690857,0.21186986565589905,-0.5922269821166992,0.7157131433486938,-0.1682603657245636,0.019978148862719536,0,0.6400359869003296,-0.007025637198239565,0.738290548324585,0.6706101894378662,-0.36827173829078674,0.2570182979106903,-0.5904231071472168,1
0.6074882745742798,0.020222995430231094,0.775443434715271,0.6971796154975891,-0.34134215116500854,0.21682631969451904,-0.5919564366340637,0.7157131433486938,-0.1682603657245636,0.019978148862719536,0,0.6439611911773682,-0.01020192913711071,0.7331984043121338,0.6675304174423218,-0.3714381456375122,0.26191869378089905,-0.5897757411003113,1
0.6121637225151062,0.01722533628344536,0.7708516716957092,0.694226086139679,-0.34470248222351074,0.2217811644077301,-0.5916447043418884,0.7157131433486938,-0.1682603657245636,0.019978148862719536,0,0.6477980017662048,-0.013393780216574669,0.7280465364456177,0.6644368767738342,-0.3745822310447693,0.266813725233078,-0.5890858769416809,1
0.6167594194412231,0.014201507903635502,0.766189455986023,0.6912543177604675,-0.34804296493530273,0.22673442959785461,-0.5912908911705017,0.7157131433486938,-0.1682603657245636,0.019978148862719536,0,0.651545524597168,-0.01660061441361904,0.7228356003761292,0.6613297462463379,-0.3777037560939789,0.2717035412788391,-0.5883535742759705,1
0.6212735176086426,0.01115308329463005,0.7614588141441345,0.6882648468017578,-0.3513631224632263,0.23168548941612244,-0.5908952951431274,0.7157131433486938,-0.1682603657245636,0.019978148862719536,0,0.655203104019165,-0.01982099749147892,0.7175672054290771,0.6582098007202148,-0.38080254197120667,0.27658772468566895,-0.5875784754753113,1
0.6257050633430481,0.00808075349777937,0.756660521030426,0.685258150100708,-0.35466268658638,0.23663398623466492,-0.5904573798179626,0.7157131433486938,-0.1682603657245636,0.019978148862719536,0,0.6587702035903931,-0.023054156452417374,0.7122414112091064,0.6550770998001099,-0.3838784694671631,0.2814665138721466,-0.586760401725769,1
0.6300530433654785,0.004985719919204712,0.7517954707145691,0.682234525680542,-0.35794126987457275,0.24157929420471191,-0.5899775624275208,0.7157131433486938,-0.1682603657245636,0.019978148862719536,0,0.6622458100318909,-0.026298725977540016,0.7068601846694946,0.6519321799278259,-0.38693147897720337,0.2863389551639557,-0.5858996510505676,1
0.634315550327301,0.0018691271543502808,0.7468655109405518,0.6791945099830627,-0.3611982762813568,0.24652113020420074,-0.5894554853439331,0.7157131433486938,-0.1682603657245636,0.019978148862719536,0,0.6656287312507629,-0.029553376138210297,0.7014248371124268,0.6487752199172974,-0.38996103405952454,0.2912052869796753,-0.5849961638450623,1
0.6384924054145813,-0.0012681754305958748,0.7418707609176636,0.6761385798454285,-0.3644339144229889,0.25145918130874634,-0.5888911485671997,0.7157131433486938,-0.1682603657245636,0.019978148862719536,0,0.6689192056655884,-0.03281760960817337,0.6959354877471924,0.6456065773963928,-0.39296746253967285,0.29606541991233826,-0.5840495824813843,1
0.6425820589065552,-0.004424559883773327,0.736812949180603,0.6730672717094421,-0.3676477074623108,0.25639304518699646,-0.5882840752601624,0.7157131433486938,-0.1682603657245636,0.019978148862719536,0,0.6721159219741821,-0.03609000891447067,0.6903940439224243,0.642426609992981,-0.3959503471851349,0.30091869831085205,-0.583060085773468,1
0.6465833187103271,-0.007599238306283951,0.7316933274269104,0.6699807047843933,-0.37083935737609863,0.26132237911224365,-0.5876346826553345,0.7157131433486938,-0.1682603657245636,0.019978148862719536,0,0.6752182245254517,-0.03936938941478729,0.6848015785217285,0.6392357349395752,-0.39890962839126587,0.30576497316360474,-0.5820278525352478,1
0.6504954695701599,-0.010790910571813583,0.7265126705169678,0.6668795347213745,-0.3740086257457733,0.2662467062473297,-0.5869427919387817,0.7157131433486938,-0.1682603657245636,0.019978148862719536,0,0.6782259941101074,-0.042654797434806824,0.679158627986908,0.6360341906547546,-0.40184515714645386,0.310604453086853,-0.5809524655342102,1
0.6543179750442505,-0.013998838141560555,0.721271812915802,0.6637641787528992,-0.3771553933620453,0.27116623520851135,-0.5862079858779907,0.7157131433486938,-0.1682603657245636,0.019978148862719536,0,0.6811380982398987,-0.045944977551698685,0.6734667420387268,0.6328224539756775,-0.40475672483444214,0.31543639302253723,-0.5798340439796448,1
0.658048689365387,-0.01722125895321369,0.7159731984138489,0.6606350541114807,-0.3802790641784668,0.2760794460773468,-0.5854307413101196,0.7157131433486938,-0.1682603657245636,0.019978148862719536,0,0.6839538216590881,-0.04923855513334274,0.667727530002594,0.6296009421348572,-0.40764403343200684,0.3202604651451111,-0.5786727070808411,1
0.6616880893707275,-0.02045762725174427,0.7106165289878845,0.6574923396110535,-0.3833799660205841,0.2809874415397644,-0.584610641002655,0.7157131433486938,-0.1682603657245636,0.019978148862719536,0,0.6866733431816101,-0.05253499001264572,0.6619415283203125,0.6263696551322937,-0.4105072617530823,0.32507699728012085,-0.5774682760238647,1
0.6652345657348633,-0.023706434294581413,0.7052040696144104,0.65433669090271,-0.3864573836326599,0.2858889400959015,-0.583747923374176,0.7157131433486938,-0.1682603657245636,0.019978148862719536,0,0.6892955899238586,-0.055832844227552414,0.6561099290847778,0.6231290698051453,-0.41334617137908936,0.3298855721950531,-0.5762208700180054,1
0.6686874628067017,-0.026966450735926628,0.6997367143630981,0.6511687636375427,-0.3895111382007599,0.2907837927341461,-0.5828421711921692,0.7157131433486938,-0.1682603657245636,0.019978148862719536,0,0.6918198466300964,-0.059130847454071045,0.650234580039978,0.6198797821998596,-0.4161604642868042,0.3346855342388153,-0.5749303698539734,1
0.6720462441444397,-0.03023684024810791,0.6942149996757507,0.6479882001876831,-0.3925415277481079,0.2956724464893341,-0.5818936824798584,0.7157131433486938,-0.1682603657245636,0.019978148862719536,0,0.6942464113235474,-0.062427762895822525,0.6443157196044922,0.6166220903396606,-0.4189501702785492,0.33947721123695374,-0.5735965967178345,1
0.6753098964691162,-0.03351624310016632,0.6886408925056458,0.6447960138320923,-0.39554789662361145,0.3005538582801819,-0.5809020400047302,0.7157131433486938,-0.1682603657245636,0.019978148862719536,0,0.6965742111206055,-0.06572248786687851,0.6383551955223083,0.6133562326431274,-0.4217149615287781,0.3442600965499878,-0.572219729423523,1
0.6784777641296387,-0.03680362552404404,0.6830155849456787,0.6415925025939941,-0.39853012561798096,0.30542758107185364,-0.5798678398132324,0.7157131433486938,-0.1682603657245636,0.019978148862719536,0,0.6988030076026917,-0.06901421397924423,0.6323541402816772,0.6100824475288391,-0.42445477843284607,0.34903401136398315,-0.5708000063896179,1
0.6815494298934937,-0.04009757936000824,0.6773397922515869,0.6383779048919678,-0.4014883041381836,0.31029391288757324,-0.578790545463562,0.7157131433486938,-0.1682603657245636,0.019978148862719536,0,0.7009321451187134,-0.07230135798454285,0.6263140439987183,0.6068012714385986,-0.42716944217681885,0.3537985682487488,-0.5693373084068298,1
0.6845240592956543,-0.04339711368083954,0.6716150045394897,0.6351525187492371,-0.4044220745563507,0.31515246629714966,-0.5776702761650085,0.7157131433486938,-0.1682603657245636,0.019978148862719536,0,0.702961802482605,-0.07558297365903854,0.6202351450920105,0.6035129427909851,-0.4298589825630188,0.3585538864135742,-0.56783127784729,1
0.6874009370803833,-0.04670099914073944,0.6658426523208618,0.6319168210029602,-0.407331258058548,0.32000279426574707,-0.5765070915222168,0.7157131433486938,-0.1682603657245636,0.019978148862719536,0,0.7048911452293396,-0.07885769009590149,0.6141197681427002,0.6002181768417358,-0.4325229525566101,0.3632992208003998,-0.5662822723388672,1
0.690179705619812,-0.050008222460746765,0.6600235104560852,0.628671407699585,-0.41021573543548584,0.3248448073863983,-0.575300931930542,0.7157131433486938,-0.1682603657245636,0.019978148862719536,0,0.7067199945449829,-0.08212422579526901,0.6079690456390381,0.5969170331954956,-0.4351613521575928,0.36803457140922546,-0.5646901726722717,1
0.6928596496582031,-0.05331731587648392,0.6541594862937927,0.6254165768623352,-0.4130750000476837,0.32967790961265564,-0.5740519165992737,0.7157131433486938,-0.1682603657245636,0.019978148862719536,0,0.7084482908248901,-0.0853818729519844,0.6017833948135376,0.5936096906661987,-0.43777433037757874,0.37275996804237366,-0.563055157661438,1
0.6954405307769775,-0.056627631187438965,0.6482510566711426,0.6221522688865662,-0.4159094989299774,0.33450254797935486,-0.5727598667144775,0.7157131433486938,-0.1682603657245636,0.019978148862719536,0,0.7100753784179688,-0.08862927556037903,0.5955647230148315,0.5902969241142273,-0.44036149978637695,0.3774747848510742,-0.5613769292831421,1
0.6979213356971741,-0.05993719398975372,0.6423003673553467,0.6188796162605286,-0.4187185764312744,0.3393174111843109,-0.5714249610900879,0.7157131433486938,-0.1682603657245636,0.019978148862719536,0,0.711601197719574,-0.09186514467000961,0.5893146991729736,0.5869787335395813,-0.4429224133491516,0.38217878341674805,-0.5596562027931213,1
0.7003023028373718,-0.06324540078639984,0.6363074779510498,0.6155982613563538,-0.4215024411678314,0.3441232740879059,-0.5700469017028809,0.7157131433486938,-0.1682603657245636,0.019978148862719536,0,0.7130257487297058,-0.09508848935365677,0.5830334424972534,0.5836552977561951,-0.4454576075077057,0.386872261762619,-0.5578922033309937,1
0.7025823593139648,-0.06655070185661316,0.6302750110626221,0.6123092174530029,-0.42426058650016785,0.34891918301582336,-0.5686260461807251,0.7157131433486938,-0.1682603657245636,0.019978148862719536,0,0.7144011855125427,-0.09843118488788605,0.5764597058296204,0.5801888108253479,-0.4480705261230469,0.3917492926120758,-0.5560092329978943,1
0.704763650894165,-0.06985926628112793,0.6241900324821472,0.6090042591094971,-0.4270004630088806,0.3537154495716095,-0.5671592950820923,0.7157131433486938,-0.1682603657245636,0.019978148862719536,0,0.7156665325164795,-0.10175798088312149,0.5698554515838623,0.5767173767089844,-0.4506548345088959,0.396614134311676,-0.5540798306465149,1
0.7068474292755127,-0.07317313551902771,0.6180495619773865,0.6056811213493347,-0.42972296476364136,0.35851553082466125,-0.565645694732666,0.7157131433486938,-0.1682603657245636,0.019978148862719536,0,0.7168210744857788,-0.10506661981344223,0.5632224082946777,0.5732421278953552,-0.4532105028629303,0.4014662504196167,-0.5521036982536316,1
0.708834707736969,-0.07649146020412445,0.6118515729904175,0.6023399233818054,-0.43242818117141724,0.3633212447166443,-0.564083456993103,0.7157131433486938,-0.1682603657245636,0.019978148862719536,0,0.717864990234375,-0.10835660994052887,0.5565614104270935,0.5697627663612366,-0.455737441778183,0.4063057601451874,-0.5500813126564026,1
0.710723876953125,-0.07981288433074951,0.6055986285209656,0.5989816188812256,-0.4351147711277008,0.36813127994537354,-0.5624725818634033,0.7157131433486938,-0.1682603657245636,0.019978148862719536,0,0.7187979221343994,-0.11162638664245605,0.5498752593994141,0.5662801265716553,-0.4582351744174957,0.41113168001174927,-0.5480127930641174,1
0.7125144004821777,-0.08313574641942978,0.5992915034294128,0.5956068634986877,-0.43778252601623535,0.37294450402259827,-0.5608130693435669,0.7157131433486938,-0.1682603657245636,0.019978148862719536,0,0.7196200489997864,-0.11487431824207306,0.5431642532348633,0.5627943277359009,-0.46070396900177,0.4159443974494934,-0.5458978414535522,1
0.7142045497894287,-0.08645716309547424,0.5929331183433533,0.5922172665596008,-0.4404301941394806,0.37775975465774536,-0.5591040253639221,0.7157131433486938,-0.1682603657245636,0.019978148862719536,0,0.7203313112258911,-0.11809956282377243,0.5364301800727844,0.5593061447143555,-0.46314337849617004,0.4207436144351959,-0.5437366366386414,1
0.7157930135726929,-0.08977532386779785,0.5865257978439331,0.5888139009475708,-0.44305676221847534,0.382575660943985,-0.5573461651802063,0.7157131433486938,-0.1682603657245636,0.019978148862719536,0,0.7209316492080688,-0.12130028009414673,0.5296750664710999,0.5558157563209534,-0.46555349230766296,0.4255284368991852,-0.5415295958518982,1
0.717278003692627,-0.09308821707963943,0.5800731182098389,0.5853977203369141,-0.44566118717193604,0.3873901963233948,-0.5555396676063538,0.7157131433486938,-0.1682603657245636,0.019978148862719536,0,0.7214213013648987,-0.12447577714920044,0.5228992700576782,0.5523234009742737,-0.46793410181999207,0.4302995800971985,-0.5392760634422302,1
0.7186587452888489,-0.09639358520507812,0.5735766887664795,0.5819701552391052,-0.44824278354644775,0.39220210909843445,-0.5536845922470093,0.7157131433486938,-0.1682603657245636,0.019978148862719536,0,0.7218000292778015,-0.12762415409088135,0.5161052346229553,0.5488297939300537,-0.4702851176261902,0.43505606055259705,-0.53697669506073,1
0.7199336290359497,-0.09968925267457962,0.5670401453971863,0.5785320997238159,-0.45080065727233887,0.39701011776924133,-0.5517811179161072,0.7157131433486938,-0.1682603657245636,0.019978148862719536,0,0.7220682501792908,-0.13074445724487305,0.5092942118644714,0.545335054397583,-0.4726063907146454,0.439797580242157,-0.5346314311027527,1
0.7211018204689026,-0.10297351330518723,0.5604658722877502,0.5750845670700073,-0.4533335566520691,0.40181270241737366,-0.5498297810554504,0.7157131433486938,-0.1682603657245636,0.019978148862719536,0,0.7222257852554321,-0.133835569024086,0.5024677515029907,0.5418396592140198,-0.4748976528644562,0.44452452659606934,-0.5322403907775879,1
0.7221627235412598,-0.10624422132968903,0.5538557767868042,0.5716283917427063,-0.4558417797088623,0.40660908818244934,-0.5478304624557495,0.7157131433486938,-0.1682603657245636,0.019978148862719536,0,0.7222729921340942,-0.1368958055973053,0.4956270754337311,0.5383440256118774,-0.4771591126918793,0.4492359161376953,-0.5298036336898804,1
0.723115086555481,-0.10949970781803131,0.5472129583358765,0.5681647062301636,-0.45832404494285583,0.41139787435531616,-0.545783519744873,0.7157131433486938,-0.1682603657245636,0.019978148862719536,0,0.722210168838501,-0.13992443680763245,0.48877397179603577,0.5348485112190247,-0.47939014434814453,0.4539320766925812,-0.5273213982582092,1
0.7239587306976318,-0.11273768544197083,0.5405397415161133,0.5646941661834717,-0.46077999472618103,0.4161779284477234,-0.5436893105506897,0.7157131433486938,-0.1682603657245636,0.019978148862719536,0,0.7220374345779419,-0.14291931688785553,0.4819100499153137,0.5313537120819092,-0.48159125447273254,0.4586118161678314,-0.5247933864593506,1
0.7246930003166199,-0.1159568727016449,0.5338377952575684,0.5612178444862366,-0.46320903301239014,0.4209488332271576,-0.5415477156639099,0.7157131433486938,-0.1682603657245636,0.019978148862719536,0,0.7217550873756409,-0.14588025212287903,0.4750363528728485,0.527859628200531,-0.4837616980075836,0.4632761776447296,-0.5222201943397522,1
0.7253174185752869,-0.11915551871061325,0.5271098017692566,0.5577362179756165,-0.4656105637550354,0.42570948600769043,-0.5393593311309814,0.7157131433486938,-0.1682603657245636,0.019978148862719536,0,0.7213632464408875,-0.14880502223968506,0.46815502643585205,0.5243671536445618,-0.485901802778244,0.4679235816001892,-0.5196017026901245,1
0.7258317470550537,-0.12233175337314606,0.520358145236969,0.5542502999305725,-0.4679844379425049,0.43045881390571594,-0.5371241569519043,0.7157131433486938,-0.1682603657245636,0.019978148862719536,0,0.7208625078201294,-0.151693195104599,0.4612671434879303,0.5208762884140015,-0.4880112409591675,0.4725548028945923,-0.5169379711151123,1
0.7262359261512756,-0.12548387050628662,0.5135840773582458,0.5507605075836182,-0.470330148935318,0.4351966381072998,-0.5348421931266785,0.7157131433486938,-0.1682603657245636,0.019978148862719536,0,0.7202531099319458,-0.15454280376434326,0.4543742537498474,0.5173875093460083,-0.4900902509689331,0.47716888785362244,-0.5142290592193604,1
0.7265294790267944,-0.12861064076423645,0.506790280342102,0.5472675561904907,-0.47264739871025085,0.43992188572883606,-0.5325141549110413,0.7157131433486938,-0.1682603657245636,0.019978148862719536,0,0.7195354104042053,-0.157353013753891,0.44747838377952576,0.5139015316963196,-0.4921380877494812,0.4817654490470886,-0.5114755630493164,1
0.726712703704834,-0.13171067833900452,0.49997860193252563,0.5437721610069275,-0.4749356210231781,0.44463402032852173,-0.5301399827003479,0.7157131433486938,-0.1682603657245636,0.019978148862719536,0,0.7187098860740662,-0.16012296080589294,0.4405800998210907,0.5104180574417114,-0.4941551387310028,0.4863450527191162,-0.5086771249771118,1
0.7267851829528809,-0.1347818225622177,0.49315041303634644,0.5402749180793762,-0.47719505429267883,0.4493328928947449,-0.5277194976806641,0.7157131433486938,-0.1682603657245636,0.019978148862719536,0,0.7177770733833313,-0.1628507375717163,0.4336816668510437,0.506938099861145,-0.4961412847042084,0.4909069538116455,-0.5058339238166809,1
0.7267472743988037,-0.13782328367233276,0.4863084852695465,0.5367764234542847,-0.4794246554374695,0.4540170729160309,-0.5252535939216614,0.7157131433486938,-0.1682603657245636,0.019978148862719536,0,0.7167371511459351,-0.1655358523130417,0.4267842471599579,0.5034616589546204,-0.49809616804122925,0.4954507648944855,-0.5029462575912476,1
0.7265991568565369,-0.14083309471607208,0.47945383191108704,0.5332774519920349,-0.4816248416900635,0.4586869180202484,-0.5227417349815369,0.7157131433486938,-0.1682603657245636,0.019978148862719536,0,0.7155909538269043,-0.1681765615940094,0.419889897108078,0.49998947978019714,-0.5000197887420654,0.4999765157699585,-0.5000140070915222,1
0.7263405919075012,-0.14381036162376404,0.47258898615837097,0.529778003692627,-0.4837949872016907,0.46334153413772583,-0.5201848745346069,0.7157131433486938,-0.1682603657245636,0.019978148862719536,0,0.7263405919075012,-0.14381036162376404,0.47258898615837097,0.529778003692627,-0.4837949872016907,0.46334153413772583,-0.5201848745346069,1
0.7266395092010498,-0.14595802128314972,0.4658733606338501,0.5271102786064148,-0.4853951632976532,0.4684470295906067,-0.5168205499649048,0.7157131433486938,-0.1682603657245636,0.019978148862719536,0,0.7267057299613953,-0.14422741532325745,0.47030627727508545,0.5294756889343262,-0.48396947979927063,0.46371644735336304,-0.5199961066246033,1
0.7273258566856384,-0.14696790277957916,0.4598974883556366,0.5252612829208374,-0.4869203567504883,0.4724732041358948,-0.5135933756828308,0.7157131433486938,-0.1682603657245636,0.019978148862719536,0,0.7270606756210327,-0.14464178681373596,0.46802306175231934,0.5291736125946045,-0.48414328694343567,0.4640912413597107,-0.5198075771331787,1
0.7280996441841125,-0.1473367065191269,0.4549705982208252,0.5239958763122559,-0.4882374405860901,0.47542494535446167,-0.5109046101570129,0.7157131433486938,-0.1682603657245636,0.019978148862719536,0,0.7274059057235718,-0.1450527459383011,0.46573856472969055,0.5288714170455933,-0.4843173921108246,0.4644659757614136,-0.5196182131767273,1
0.7288404703140259,-0.1474922001361847,0.4511765241622925,0.5231602787971497,-0.48921480774879456,0.47743210196495056,-0.5089505314826965,0.7157131433486938,-0.1682603657245636,0.019978148862719536,0,0.7277412414550781,-0.1454608142375946,0.46345338225364685,0.5285690426826477,-0.48449093103408813,0.4648406505584717,-0.5194288492202759,1
0.7295329570770264,-0.14759130775928497,0.4485253095626831,0.5226983428001404,-0.489816278219223,0.47855493426322937,-0.5077909231185913,0.7157131433486938,-0.1682603657245636,0.019978148862719536,0,0.728066623210907,-0.14586526155471802,0.4611677825450897,0.5282670855522156,-0.48466426134109497,0.46521487832069397,-0.5192392468452454,1
0.7301784157752991,-0.1476893573999405,0.4470192790031433,0.5225910544395447,-0.4900326728820801,0.47882187366485596,-0.5074406862258911,0.7157131433486938,-0.1682603657245636,0.019978148862719536,0,0.7283822298049927,-0.14626659452915192,0.458881139755249,0.5279649496078491,-0.48483750224113464,0.46558940410614014,-0.5190490484237671,1
0.730681836605072,-0.1477859914302826,0.4462718367576599,0.522699773311615,-0.4899902939796448,0.4785434901714325,-0.5076321959495544,0.7157131433486938,-0.1682603657245636,0.019978148862719536,0,0.7286879420280457,-0.1466650366783142,0.4565938115119934,0.5276628136634827,-0.4850105047225952,0.465963751077652,-0.5188588500022888,1
0.7309859395027161,-0.14786027371883392,0.4458574652671814,0.5228749513626099,-0.4898468852043152,0.47807028889656067,-0.5080360770225525,0.7157131433486938,-0.1682603657245636,0.019978148862719536,0,0.728983998298645,-0.1470598727464676,0.45430588722229004,0.5273609161376953,-0.48518338799476624,0.4663379192352295,-0.518667995929718,1
0.7311949133872986,-0.14792601764202118,0.4455302059650421,0.5230667591094971,-0.4896697700023651,0.47753050923347473,-0.5085167288780212,0.7157131433486938,-0.1682603657245636,0.019978148862719536,0,0.7292701005935669,-0.1474515050649643,0.45201754570007324,0.5270588994026184,-0.4853559732437134,0.46671172976493835,-0.5184770822525024,1
0.7313651442527771,-0.14799952507019043,0.44514593482017517,0.523243248462677,-0.4894949793815613,0.47700315713882446,-0.5089980363845825,0.7157131433486938,-0.1682603657245636,0.019978148862719536,0,0.7295461893081665,-0.14784014225006104,0.44972851872444153,0.5267568826675415,-0.48552829027175903,0.4670860171318054,-0.5182857513427734,1
0.7315237522125244,-0.14809173345565796,0.444637656211853,0.5233885049819946,-0.4893394112586975,0.4765278995037079,-0.5094433426856995,0.7157131433486938,-0.1682603657245636,0.019978148862719536,0,0.729812741279602,-0.14822518825531006,0.4474388659000397,0.5264548063278198,-0.4857006371021271,0.467460036277771,-0.5180938243865967,1
0.7316835522651672,-0.14820683002471924,0.4439792335033417,0.5234957337379456,-0.48921024799346924,0.47612109780311584,-0.5098373293876648,0.7157131433486938,-0.1682603657245636,0.019978148862719536,0,0.7300692796707153,-0.14860723912715912,0.44514885544776917,0.5261529088020325,-0.48587244749069214,0.46783390641212463,-0.5179019570350647,1
0.7318501472473145,-0.1483469307422638,0.44316592812538147,0.5235638618469238,-0.48910877108573914,0.4757879972457886,-0.5101755857467651,0.7157131433486938,-0.1682603657245636,0.019978148862719536,0,0.730316162109375,-0.1489858329296112,0.4428584575653076,0.5258510112762451,-0.48604440689086914,0.46820759773254395,-0.5177093744277954,1
0.7320248484611511,-0.14851100742816925,0.4422030448913574,0.5235939025878906,-0.4890349209308624,0.4755266606807709,-0.5104592442512512,0.7157131433486938,-0.1682603657245636,0.019978148862719536,0,0.7305530309677124,-0.1493609994649887,0.44056791067123413,0.5255491733551025,-0.4862159192562103,0.46858128905296326,-0.5175166726112366,1
0.7322077751159668,-0.14869779348373413,0.44110020995140076,0.5235885381698608,-0.4889868199825287,0.4753328561782837,-0.5106911063194275,0.7157131433486938,-0.1682603657245636,0.019978148862719536,0,0.7307801246643066,-0.14973318576812744,0.4382767379283905,0.5252471566200256,-0.4863874316215515,0.46895498037338257,-0.5173237323760986,1
0.7323973774909973,-0.14890480041503906,0.43987011909484863,0.5235509872436523,-0.48896247148513794,0.4752010703086853,-0.5108757615089417,0.7157131433486938,-0.1682603657245636,0.019978148862719536,0,0.7309972643852234,-0.15010178089141846,0.43598589301109314,0.5249453783035278,-0.4865585267543793,0.46932825446128845,-0.5171305537223816,1
0.7325922846794128,-0.14912962913513184,0.4385242462158203,0.5234840512275696,-0.48895958065986633,0.47512519359588623,-0.5110175013542175,0.7157131433486938,-0.1682603657245636,0.019978148862719536,0,0.7312048673629761,-0.15046700835227966,0.43369439244270325,0.5246437191963196,-0.4867294430732727,0.46970173716545105,-0.5169368386268616,1
0.7327905297279358,-0.14937058091163635,0.4370746612548828,0.52339106798172,-0.4889758825302124,0.4750998616218567,-0.5111207365989685,0.7157131433486938,-0.1682603657245636,0.019978148862719536,0,0.7314023375511169,-0.15082913637161255,0.43140316009521484,0.5243419408798218,-0.4869002401828766,0.47007474303245544,-0.5167430639266968,1
0.7329906225204468,-0.14962522685527802,0.43553251028060913,0.523274838924408,-0.4890092611312866,0.47511908411979675,-0.5111899375915527,0.7157131433486938,-0.1682603657245636,0.019978148862719536,0,0.7315902709960938,-0.15118762850761414,0.42911162972450256,0.5240401029586792,-0.4870709180831909,0.470447838306427,-0.5165486931800842,1
0.7331908941268921,-0.14989164471626282,0.43390727043151855,0.5231377482414246,-0.4890577793121338,0.47517842054367065,-0.5112285614013672,0.7157131433486938,-0.1682603657245636,0.019978148862719536,0,0.7317684292793274,-0.1515427976846695,0.4268200099468231,0.5237386226654053,-0.48724114894866943,0.47082096338272095,-0.5163540840148926,1
0.7333902716636658,-0.15016840398311615,0.4322080910205841,0.5229820609092712,-0.4891200065612793,0.4752732217311859,-0.5112402439117432,0.7157131433486938,-0.1682603657245636,0.019978148862719536,0,0.731936514377594,-0.15189486742019653,0.4245285987854004,0.5234367251396179,-0.4874112606048584,0.4711938798427582,-0.5161592960357666,1
0.7335870862007141,-0.1504536122083664,0.4304425120353699,0.5228098630905151,-0.489194393157959,0.4753999710083008,-0.5112273693084717,0.7157131433486938,-0.1682603657245636,0.019978148862719536,0,0.732094943523407,-0.15224318206310272,0.4222373068332672,0.5231353640556335,-0.4875812530517578,0.47156664729118347,-0.5159639716148376,1
0.7337803840637207,-0.15074597299098969,0.428618848323822,0.5226231217384338,-0.4892793595790863,0.4755542576313019,-0.5111935138702393,0.7157131433486938,-0.1682603657245636,0.019978148862719536,0,0.7322434186935425,-0.15258844196796417,0.41994598507881165,0.5228335857391357,-0.48775094747543335,0.4719395041465759,-0.5157684683799744,1
0.7339694499969482,-0.15104398131370544,0.4267422556877136,0.5224233269691467,-0.4893740713596344,0.47573360800743103,-0.5111402273178101,0.7157131433486938,-0.1682603657245636,0.019978148862719536,0,0.7323822975158691,-0.15293002128601074,0.4176548719406128,0.5225321650505066,-0.4879203736782074,0.47231215238571167,-0.5155725479125977,1
0.7341529726982117,-0.15134726464748383,0.4248197078704834,0.5222120881080627,-0.48947674036026,0.4759349822998047,-0.5110703110694885,0.7157131433486938,-0.1682603657245636,0.019978148862719536,0,0.7325114011764526,-0.15326812863349915,0.41536396741867065,0.5222304463386536,-0.48808979988098145,0.47268474102020264,-0.5153762698173523,1
0.734330415725708,-0.15165409445762634,0.4228556156158447,0.5219906568527222,-0.4895869791507721,0.4761558473110199,-0.5109851360321045,0.7157131433486938,-0.1682603657245636,0.019978148862719536,0,0.732630729675293,-0.15360315144062042,0.41307327151298523,0.5219288468360901,-0.488258957862854,0.4730573892593384,-0.5151797533035278,1
0.7345013618469238,-0.15196412801742554,0.42085498571395874,0.5217601656913757,-0.48970356583595276,0.47639381885528564,-0.510887086391449,0.7157131433486938,-0.1682603657245636,0.019978148862719536,0,0.7327402234077454,-0.15393444895744324,0.41078293323516846,0.5216274857521057,-0.4884278178215027,0.47342950105667114,-0.5149828791618347,1
0.7346649169921875,-0.15227623283863068,0.4188218414783478,0.5215213894844055,-0.4898260235786438,0.4766470491886139,-0.5107772350311279,0.7157131433486938,-0.1682603657245636,0.019978148862719536,0,0.7328399419784546,-0.15426219999790192,0.4084932208061218,0.5213261246681213,-0.48859652876853943,0.4738016724586487,-0.5147857069969177,1
0.7348208427429199,-0.15258991718292236,0.4167592227458954,0.5212755799293518,-0.4899536073207855,0.4769139885902405,-0.5106565356254578,0.7157131433486938,-0.1682603657245636,0.019978148862719536,0,0.7329299449920654,-0.15458688139915466,0.4062037467956543,0.5210247039794922,-0.4887648820877075,0.4741738736629486,-0.5145883560180664,1
0.7349686026573181,-0.15290459990501404,0.41467124223709106,0.5210235118865967,-0.49008557200431824,0.4771929085254669,-0.5105266571044922,0.7157131433486938,-0.1682603657245636,0.019978148862719536,0,0.7330101728439331,-0.15490779280662537,0.4039149880409241,0.520723283290863,-0.4889332056045532,0.47454601526260376,-0.5143905878067017,1
0.735107958316803,-0.1532195806503296,0.4125601649284363,0.5207656025886536,-0.49022147059440613,0.47748249769210815,-0.5103884339332581,0.7157131433486938,-0.1682603657245636,0.019978148862719536,0,0.7330807447433472,-0.1552254855632782,0.4016263782978058,0.5204218029975891,-0.4891012907028198,0.47491785883903503,-0.5141925811767578,1
0.7352384328842163,-0.15353453159332275,0.4104287922382355,0.5205028057098389,-0.4903610050678253,0.47778165340423584,-0.5102427005767822,0.7157131433486938,-0.1682603657245636,0.019978148862719536,0,0.7331415414810181,-0.15553942322731018,0.3993389308452606,0.5201207399368286,-0.4892689883708954,0.4752894341945648,-0.5139942169189453,1
0.7353599667549133,-0.1538490355014801,0.4082798957824707,0.5202355980873108,-0.4905034899711609,0.47808870673179626,-0.5100906491279602,0.7157131433486938,-0.1682603657245636,0.019978148862719536,0,0.7331926226615906,-0.15584984421730042,0.3970515727996826,0.519819438457489,-0.4894368350505829,0.4756612777709961,-0.5137953162193298,1
0.7354722619056702,-0.15416255593299866,0.4061151146888733,0.5199643969535828,-0.4906485378742218,0.47840315103530884,-0.5099326968193054,0.7157131433486938,-0.1682603657245636,0.019978148862719536,0,0.7332340478897095,-0.15615706145763397,0.39476487040519714,0.519518256187439,-0.48960408568382263,0.4760330021381378,-0.5135961771011353,1
0.735575258731842,-0.1544749140739441,0.4039362668991089,0.5196898579597473,-0.4907959997653961,0.47872406244277954,-0.5097695589065552,0.7157131433486938,-0.1682603657245636,0.019978148862719536,0,0.7332654595375061,-0.1564604789018631,0.39247947931289673,0.5192170739173889,-0.48977130651474,0.4764043092727661,-0.5133970379829407,1
0.7356687784194946,-0.15478572249412537,0.4017449617385864,0.5194120407104492,-0.4909454584121704,0.4790506660938263,-0.5096017122268677,0.7157131433486938,-0.1682603657245636,0.019978148862719536,0,0.733287513256073,-0.15676037967205048,0.39019420742988586,0.5189158916473389,-0.4899385869503021,0.4767759442329407,-0.5131969451904297,1
0.7357526421546936,-0.15509489178657532,0.3995429277420044,0.519131600856781,-0.49109670519828796,0.4793824553489685,-0.5094297528266907,0.7157131433486938,-0.1682603657245636,0.019978148862719536,0,0.733299732208252,-0.1570570170879364,0.3879103660583496,0.5186147689819336,-0.4901052713394165,0.4771471321582794,-0.5129972100257874,1
0.7358267903327942,-0.1554020345211029,0.3973314166069031,0.5188490748405457,-0.49124935269355774,0.4797181189060211,-0.5092544555664062,0.7157131433486938,-0.1682603657245636,0.019978148862719536,0,0.7333023548126221,-0.15734981000423431,0.3856269419193268,0.5183135271072388,-0.49027201533317566,0.4775184690952301,-0.5127966403961182,1
0.7358913421630859,-0.1557072401046753,0.3951111435890198,0.5185639262199402,-0.49140363931655884,0.4800582230091095,-0.5090757012367249,0.7157131433486938,-0.1682603657245636,0.019978148862719536,0,0.7332951426506042,-0.1576390564441681,0.383344829082489,0.5180126428604126,-0.4904383420944214,0.4778895080089569,-0.5125961303710938,1
0.7359458804130554,-0.15601004660129547,0.3928837776184082,0.5182769298553467,-0.49155890941619873,0.480401873588562,-0.5088937878608704,0.7157131433486938,-0.1682603657245636,0.019978148862719536,0,0.7332783937454224,-0.15792503952980042,0.3810633420944214,0.5177114009857178,-0.49060454964637756,0.47826072573661804,-0.5123950839042664,1
0.7359904646873474,-0.15631020069122314,0.39065030217170715,0.5179885625839233,-0.49171513319015503,0.4807479977607727,-0.5087096095085144,0.7157131433486938,-0.1682603657245636,0.019978148862719536,0,0.7332518696784973,-0.15820717811584473,0.37878334522247314,0.5174105763435364,-0.490770548582077,0.47863146662712097,-0.5121936798095703,1
0.736025333404541,-0.1566079705953598,0.38841089606285095,0.5176984071731567,-0.49187225103378296,0.48109710216522217,-0.5085228681564331,0.7157131433486938,-0.1682603657245636,0.019978148862719536,0,0.7332158088684082,-0.1584860384464264,0.37650418281555176,0.5171095728874207,-0.49093616008758545,0.47900208830833435,-0.511992335319519,1
0.7360502481460571,-0.15690277516841888,0.386166512966156,0.5174071788787842,-0.49203014373779297,0.4814485013484955,-0.5083338618278503,0.7157131433486938,-0.1682603657245636,0.019978148862719536,0,0.733170211315155,-0.15876103937625885,0.3742262125015259,0.5168086290359497,-0.49110183119773865,0.4793727993965149,-0.5117904543876648,1
0.7360653281211853,-0.1571948230266571,0.38391807675361633,0.5171146392822266,-0.4921886622905731,0.4818023145198822,-0.5081430077552795,0.7157131433486938,-0.1682603657245636,0.019978148862719536,0,0.7331148386001587,-0.15903237462043762,0.37194952368736267,0.5165079236030579,-0.4912671148777008,0.4797433614730835,-0.5115881562232971,1
0.7360702157020569,-0.15748386085033417,0.3816666603088379,0.5168211460113525,-0.4923476576805115,0.4821573495864868,-0.5079506039619446,0.7157131433486938,-0.1682603657245636,0.019978148862719536,0,0.7330499887466431,-0.15930050611495972,0.36967378854751587,0.5162069201469421,-0.49143221974372864,0.4801139235496521,-0.5113856196403503,1
0.7360653877258301,-0.15776985883712769,0.37941184639930725,0.5165269374847412,-0.4925070106983185,0.48251423239707947,-0.5077565312385559,0.7157131433486938,-0.1682603657245636,0.019978148862719536,0,0.7329753041267395,-0.15956464409828186,0.3673994839191437,0.5159062743186951,-0.4915972948074341,0.4804843068122864,-0.5111824870109558,1
0.7360504269599915,-0.15805304050445557,0.37715452909469604,0.5162315368652344,-0.49266695976257324,0.4828726053237915,-0.5075610876083374,0.7157131433486938,-0.1682603657245636,0.019978148862719536,0,0.732891321182251,-0.15982525050640106,0.3651263117790222,0.5156054496765137,-0.4917621314525604,0.48085466027259827,-0.5109792947769165,1
0.7360256314277649,-0.15833264589309692,0.3748956024646759,0.5159357190132141,-0.49282705783843994,0.48323190212249756,-0.5073645114898682,0.7157131433486938,-0.1682603657245636,0.019978148862719536,0,0.7327975034713745,-0.16008242964744568,0.36285510659217834,0.5153047442436218,-0.4919264614582062,0.48122480511665344,-0.5107758641242981,1
0.7359908819198608,-0.15860939025878906,0.37263476848602295,0.5156393647193909,-0.4929872453212738,0.48359236121177673,-0.5071666836738586,0.7157131433486938,-0.1682603657245636,0.019978148862719536,0,0.7326942682266235,-0.16033576428890228,0.3605850040912628,0.51500403881073,-0.4920908212661743,0.48159483075141907,-0.510572075843811,1
0.7359462976455688,-0.15888258814811707,0.37037286162376404,0.5153422951698303,-0.4931478500366211,0.4839535057544708,-0.5069679021835327,0.7157131433486938,-0.1682603657245636,0.019978148862719536,0,0.732581377029419,-0.16058564186096191,0.35831624269485474,0.5147032141685486,-0.49225500226020813,0.48196491599082947,-0.5103678107261658,1
0.7358916997909546,-0.15915259718894958,0.36810988187789917,0.5150448679924011,-0.49330833554267883,0.48431554436683655,-0.5067681670188904,0.7157131433486938,-0.1682603657245636,0.019978148862719536,0,0.7324589490890503,-0.16083168983459473,0.3560493290424347,0.5144028663635254,-0.4924188256263733,0.4823346734046936,-0.5101631879806519,1
0.7358275651931763,-0.15941905975341797,0.36584657430648804,0.514747142791748,-0.49346891045570374,0.48467811942100525,-0.5065675973892212,0.7157131433486938,-0.1682603657245636,0.019978148862719536,0,0.7323272228240967,-0.16107413172721863,0.3537835478782654,0.5141021609306335,-0.49258261919021606,0.4827044904232025,-0.5099583864212036,1
0.7357532978057861,-0.15968221426010132,0.3635824918746948,0.5144489407539368,-0.49362972378730774,0.4850414991378784,-0.5063661932945251,0.7157131433486938,-0.1682603657245636,0.019978148862719536,0,0.7321856021881104,-0.16131314635276794,0.3515198528766632,0.5138016939163208,-0.492745965719223,0.4830741882324219,-0.509753406047821,1
0.7356691956520081,-0.1599421352148056,0.3613188862800598,0.5141504406929016,-0.4937901794910431,0.4854051470756531,-0.5061643123626709,0.7157131433486938,-0.1682603657245636,0.019978148862719536,0,0.7320347428321838,-0.16154813766479492,0.34925761818885803,0.5135011672973633,-0.49290934205055237,0.48344364762306213,-0.5095479488372803,1
0.7355754375457764,-0.160198375582695,0.35905492305755615,0.5138517618179321,-0.49395087361335754,0.4857693016529083,-0.5059613585472107,0.7157131433486938,-0.1682603657245636,0.019978148862719536,0,0.7318743467330933,-0.1617795079946518,0.3469974994659424,0.5132008194923401,-0.4930724799633026,0.4838128983974457,-0.5093421339988708,1
0.7354718446731567,-0.16045112907886505,0.35679131746292114,0.5135526657104492,-0.494111567735672,0.4861338138580322,-0.5057579874992371,0.7157131433486938,-0.1682603657245636,0.019978148862719536,0,0.7317044138908386,-0.16200751066207886,0.34473884105682373,0.5129004120826721,-0.49323514103889465,0.4841821789741516,-0.5091363787651062,1
0.7353585362434387,-0.16070027649402618,0.35452842712402344,0.5132536888122559,-0.4942721724510193,0.48649862408638,-0.5055538415908813,0.7157131433486938,-0.1682603657245636,0.019978148862719536,0,0.7315249443054199,-0.1622314751148224,0.34248241782188416,0.5126000642776489,-0.4933977425098419,0.4845513105392456,-0.5089300274848938,1
0.7352355718612671,-0.16094596683979034,0.3522660434246063,0.5129542946815491,-0.494432657957077,0.48686355352401733,-0.5053493976593018,0.7157131433486938,-0.1682603657245636,0.019978148862719536,0,0.7313361763954163,-0.1624521166086197,0.3402274250984192,0.5122997164726257,-0.4935600459575653,0.484920471906662,-0.5087233185768127,1
0.7351027727127075,-0.16118797659873962,0.3500044345855713,0.5126548409461975,-0.4945931136608124,0.48722875118255615,-0.5051441788673401,0.7157131433486938,-0.1682603657245636,0.019978148862719536,0,0.7311379313468933,-0.16266867518424988,0.3379743695259094,0.5119993686676025,-0.49372240900993347,0.48528972268104553,-0.5085161924362183,1
0.73496013879776,-0.16142645478248596,0.3477439284324646,0.5123552680015564,-0.49475353956222534,0.4875940680503845,-0.5049386024475098,0.7157131433486938,-0.1682603657245636,0.019978148862719536,0,0.7309303879737854,-0.16288158297538757,0.33572322130203247,0.5116992592811584,-0.4938845932483673,0.48565855622291565,-0.5083086490631104,1
0.734808087348938,-0.16166163980960846,0.34548455476760864,0.5120555758476257,-0.49491357803344727,0.48795950412750244,-0.5047326683998108,0.7157131433486938,-0.1682603657245636,0.019978148862719536,0,0.7307132482528687,-0.1630910336971283,0.3334742784500122,0.51139897108078,-0.49404630064964294,0.48602744936943054,-0.5081010460853577,1
0.7346463203430176,-0.16189274191856384,0.34322652220726013,0.5117558240890503,-0.495073527097702,0.488324910402298,-0.5045263171195984,0.7157131433486938,-0.1682603657245636,0.019978148862719536,0,0.7304868102073669,-0.16329655051231384,0.33122748136520386,0.5110987424850464,-0.49420803785324097,0.4863961637020111,-0.5078930258750916,1
0.7344749569892883,-0.16212046146392822,0.34097030758857727,0.511456310749054,-0.49523311853408813,0.48869001865386963,-0.5043198466300964,0.7157131433486938,-0.1682603657245636,0.019978148862719536,0,0.7302508354187012,-0.16349831223487854,0.3289826512336731,0.5107985734939575,-0.49436938762664795,0.4867648482322693,-0.507684588432312,1
0.7342939972877502,-0.1623445451259613,0.3387147784233093,0.511156439781189,-0.49539288878440857,0.48905572295188904,-0.5041125416755676,0.7157131433486938,-0.1682603657245636,0.019978148862719536,0,0.7300056219100952,-0.16369658708572388,0.32674041390419006,0.510498583316803,-0.49453046917915344,0.4871329665184021,-0.5074762105941772,1
0.7341033220291138,-0.16256511211395264,0.33646172285079956,0.5108567476272583,-0.49555209279060364,0.4894208610057831,-0.5039053559303284,0.7157131433486938,-0.1682603657245636,0.019978148862719536,0,0.7297510504722595,-0.16389089822769165,0.32450005412101746,0.5101985931396484,-0.4946914315223694,0.4875015318393707,-0.50726717710495,1
0.7339032888412476,-0.16278162598609924,0.33420971035957336,0.5105569362640381,-0.4957115054130554,0.4897862672805786,-0.5036974549293518,0.7157131433486938,-0.1682603657245636,0.019978148862719536,0,0.7294872999191284,-0.1640814244747162,0.32226207852363586,0.5098984837532043,-0.4948522746562958,0.4878697693347931,-0.5070578455924988,1
0.7336937785148621,-0.16299474239349365,0.33195942640304565,0.5102570056915283,-0.49587056040763855,0.49015167355537415,-0.5034892559051514,0.7157131433486938,-0.1682603657245636,0.019978148862719536,0,0.7292139530181885,-0.16426850855350494,0.3200266361236572,0.5095985531806946,-0.49501267075538635,0.4882378578186035,-0.5068485736846924,1
0.7334747314453125,-0.16320407390594482,0.32971125841140747,0.5099573135375977,-0.4960293173789978,0.49051687121391296,-0.5032806992530823,0.7157131433486938,-0.1682603657245636,0.019978148862719536,0,0.7289315462112427,-0.16445152461528778,0.317793071269989,0.5092986822128296,-0.49517300724983215,0.48860597610473633,-0.5066385865211487,1
0.7332460880279541,-0.16340970993041992,0.32746490836143494,0.5096574425697327,-0.4961881637573242,0.49088215827941895,-0.5030719041824341,0.7157131433486938,-0.1682603657245636,0.019978148862719536,0,0.7286397218704224,-0.16463103890419006,0.31556236743927,0.5089987516403198,-0.49533313512802124,0.48897379636764526,-0.5064284801483154,1
0.7330080270767212,-0.16361184418201447,0.3252207040786743,0.5093576312065125,-0.4963464140892029,0.49124741554260254,-0.5028626918792725,0.7157131433486938,-0.1682603657245636,0.019978148862719536,0,0.7283386588096619,-0.16480648517608643,0.3133338689804077,0.5086989998817444,-0.4954931139945984,0.48934173583984375,-0.5062178373336792,1
0.7327605485916138,-0.16380998492240906,0.3229784667491913,0.5090578198432922,-0.4965047836303711,0.4916122853755951,-0.5026533007621765,0.7157131433486938,-0.1682603657245636,0.019978148862719536,0,0.7280282974243164,-0.1649782508611679,0.31110817193984985,0.5083991885185242,-0.49565282464027405,0.4897093176841736,-0.506007194519043,1
0.7325035333633423,-0.1640045940876007,0.32073861360549927,0.5087580680847168,-0.4966627359390259,0.4919772148132324,-0.5024436116218567,0.7157131433486938,-0.1682603657245636,0.019978148862719536,0,0.7277088165283203,-0.16514649987220764,0.30888471007347107,0.508099377155304,-0.49581220746040344,0.4900771379470825,-0.5057958960533142,1
0.7322372794151306,-0.1641952395439148,0.31850117444992065,0.5084583759307861,-0.4968205690383911,0.4923417866230011,-0.5022338628768921,0.7157131433486938,-0.1682603657245636,0.019978148862719536,0,0.727380096912384,-0.16531063616275787,0.3066641390323639,0.5077997446060181,-0.49597156047821045,0.4904446601867676,-0.5055844187736511,1
0.7319616079330444,-0.1643824428319931,0.3162657916545868,0.5081586241722107,-0.496978223323822,0.49270665645599365,-0.5020235180854797,0.7157131433486938,-0.1682603657245636,0.019978148862719536,0,0.7270420789718628,-0.16547101736068726,0.3044458031654358,0.5074999928474426,-0.496131032705307,0.49081218242645264,-0.5053723454475403,1
0.7316765785217285,-0.164565771818161,0.31403297185897827,0.5078591704368591,-0.4971354603767395,0.49307093024253845,-0.5018131136894226,0.7157131433486938,-0.1682603657245636,0.019978148862719536,0,0.7266949415206909,-0.16562792658805847,0.3022307753562927,0.5072004199028015,-0.4962896406650543,0.4911794066429138,-0.5051604509353638,1
0.7313823103904724,-0.16474539041519165,0.3118024468421936,0.507559597492218,-0.49729272723197937,0.49343520402908325,-0.5016022324562073,0.7157131433486938,-0.1682603657245636,0.019978148862719536,0,0.7263386845588684,-0.16578072309494019,0.3000183403491974,0.5069007873535156,-0.496448278427124,0.49154654145240784,-0.504948079586029,1
0.731078565120697,-0.16492125391960144,0.30957457423210144,0.5072600841522217,-0.4974495768547058,0.4937993288040161,-0.5013912916183472,0.7157131433486938,-0.1682603657245636,0.019978148862719536,0,0.7259731292724609,-0.16592998802661896,0.29780852794647217,0.5066012740135193,-0.49660661816596985,0.4919138252735138,-0.5047352313995361,1
0.7307657599449158,-0.16509303450584412,0.3073491156101227,0.5069608688354492,-0.4976063072681427,0.49416324496269226,-0.5011799335479736,0.7157131433486938,-0.1682603657245636,0.019978148862719536,0,0.7255985736846924,-0.166075199842453,0.29560184478759766,0.5063018202781677,-0.4967648983001709,0.4922805726528168,-0.5045225024223328,1
0.7304435968399048,-0.1652616560459137,0.305126428604126,0.5066612958908081,-0.4977625906467438,0.494527131319046,-0.5009685754776001,0.7157131433486938,-0.1682603657245636,0.019978148862719536,0,0.725214958190918,-0.16621652245521545,0.2933982014656067,0.5060024857521057,-0.49692302942276,0.4926472008228302,-0.5043090581893921,1
0.7301120162010193,-0.1654260903596878,0.30290618538856506,0.5063620209693909,-0.49791887402534485,0.49489107728004456,-0.500756561756134,0.7157131433486938,-0.1682603657245636,0.019978148862719536,0,0.7248221635818481,-0.16635441780090332,0.29119735956192017,0.5057030916213989,-0.49708065390586853,0.49301406741142273,-0.5040954351425171,1
0.7297714352607727,-0.1655869483947754,0.30068907141685486,0.5060626864433289,-0.49807479977607727,0.49525442719459534,-0.5005446672439575,0.7157131433486938,-0.1682603657245636,0.019978148862719536,0,0.7244203090667725,-0.1664881408214569,0.2889990210533142,0.5054035782814026,-0.49723851680755615,0.4933808743953705,-0.5038812756538391,1
0.7294216156005859,-0.1657438427209854,0.2984744608402252,0.5057636499404907,-0.49823054671287537,0.49561771750450134,-0.500332236289978,0.7157131433486938,-0.1682603657245636,0.019978148862719536,0,0.7240094542503357,-0.16661804914474487,0.2868043780326843,0.5051044821739197,-0.497395783662796,0.49374738335609436,-0.5036669969558716,1
0.729062557220459,-0.16589704155921936,0.2962627708911896,0.5054646134376526,-0.49838608503341675,0.49598097801208496,-0.5001196265220642,0.7157131433486938,-0.1682603657245636,0.019978148862719536,0,0.7235894203186035,-0.16674454510211945,0.2846122682094574,0.5048050284385681,-0.4975530803203583,0.4941139221191406,-0.5034522414207458,1
0.7286944389343262,-0.1660463809967041,0.2940540909767151,0.5051655769348145,-0.49854132533073425,0.4963439404964447,-0.49990686774253845,0.7157131433486938,-0.1682603657245636,0.019978148862719536,0,0.7231605052947998,-0.1668667495250702,0.2824239730834961,0.50450599193573,-0.4977099597454071,0.49448007345199585,-0.5032373070716858,1
0.7283170223236084,-0.16619227826595306,0.2918485105037689,0.5048665404319763,-0.4986962080001831,0.49670687317848206,-0.49969398975372314,0.7157131433486938,-0.1682603657245636,0.019978148862719536,0,0.7227226495742798,-0.16698545217514038,0.28023844957351685,0.5042067170143127,-0.497866690158844,0.494846373796463,-0.5030221939086914,1
0.7279306650161743,-0.16633403301239014,0.28964555263519287,0.5045676231384277,-0.4988510012626648,0.4970696270465851,-0.49948054552078247,0.7157131433486938,-0.1682603657245636,0.019978148862719536,0,0.7222758531570435,-0.16710011661052704,0.2780560851097107,0.5039075016975403,-0.4980233609676361,0.4952125549316406,-0.5028066039085388,1
0.7275351285934448,-0.16647198796272278,0.2874462604522705,0.5042691230773926,-0.4990054965019226,0.49743175506591797,-0.49926722049713135,0.7157131433486938,-0.1682603657245636,0.019978148862719536,0,0.7218199372291565,-0.1672108769416809,0.27587735652923584,0.5036084651947021,-0.4981796145439148,0.49557846784591675,-0.5025906562805176,1
0.7271305322647095,-0.16660621762275696,0.2852493226528168,0.5039701461791992,-0.4991600215435028,0.4977942407131195,-0.49905329942703247,0.7157131433486938,-0.1682603657245636,0.019978148862719536,0,0.7213550806045532,-0.16731804609298706,0.2737017273902893,0.503309428691864,-0.4983358085155487,0.4959445297718048,-0.5023742318153381,1
0.7267168164253235,-0.16673672199249268,0.2830563187599182,0.5036715269088745,-0.49931395053863525,0.49815648794174194,-0.4988393485546112,0.7157131433486938,-0.1682603657245636,0.019978148862719536,0,0.720881462097168,-0.1674211472272873,0.2715296745300293,0.503010630607605,-0.49849167466163635,0.49631017446517944,-0.5021578073501587,1
0.726294219493866,-0.166863352060318,0.28086596727371216,0.5033729672431946,-0.49946776032447815,0.49851834774017334,-0.4986251890659332,0.7157131433486938,-0.1682603657245636,0.019978148862719536,0,0.7203989028930664,-0.16752035915851593,0.2693609595298767,0.5027115941047668,-0.4986475110054016,0.4966757893562317,-0.5019410848617554,1
0.7258625626564026,-0.16698628664016724,0.27867892384529114,0.5030744075775146,-0.4996212124824524,0.4988802373409271,-0.4984106123447418,0.7157131433486938,-0.1682603657245636,0.019978148862719536,0,0.7199074625968933,-0.16761600971221924,0.2671959400177002,0.5024126768112183,-0.49880287051200867,0.497041255235672,-0.501724123954773,1
0.7254219055175781,-0.16710525751113892,0.2764953672885895,0.502776026725769,-0.499774694442749,0.4992417097091675,-0.4981958568096161,0.7157131433486938,-0.1682603657245636,0.019978148862719536,0,0.7194071412086487,-0.16770750284194946,0.26503413915634155,0.502113938331604,-0.49895817041397095,0.4974067509174347,-0.5015065670013428,1
0.7249723672866821,-0.1672203242778778,0.27431565523147583,0.5024778246879578,-0.49992772936820984,0.49960288405418396,-0.49798110127449036,0.7157131433486938,-0.1682603657245636,0.019978148862719536,0,0.7188981175422668,-0.16779521107673645,0.26287591457366943,0.5018151998519897,-0.49911341071128845,0.4977719187736511,-0.501288652420044,1
0.7245137095451355,-0.16733182966709137,0.272138774394989,0.5021794438362122,-0.5000805258750916,0.49996429681777954,-0.4977658689022064,0.7157131433486938,-0.1682603657245636,0.019978148862719536,0,0.7183801531791687,-0.16787926852703094,0.26072144508361816,0.5015164017677307,-0.499268114566803,0.49813732504844666,-0.5010706186294556,1
0.7240461707115173,-0.167439267039299,0.26996538043022156,0.5018812417984009,-0.5002331137657166,0.5003255009651184,-0.49755027890205383,0.7157131433486938,-0.1682603657245636,0.019978148862719536,0,0.7178533673286438,-0.16795918345451355,0.25857073068618774,0.501217782497406,-0.4994227886199951,0.4985024333000183,-0.5008522272109985,1
0.7235700488090515,-0.16754290461540222,0.2677955627441406,0.5015832781791687,-0.5003854036331177,0.5006862878799438,-0.49733468890190125,0.7157131433486938,-0.1682603657245636,0.019978148862719536,0,0.7173178791999817,-0.16803552210330963,0.25642356276512146,0.500918984413147,-0.4995771646499634,0.49886757135391235,-0.5006334185600281,1
0.7230848073959351,-0.16764295101165771,0.26562947034835815,0.5012853145599365,-0.5005375146865845,0.501046895980835,-0.49711883068084717,0.7157131433486938,-0.1682603657245636,0.019978148862719536,0,0.7167737483978271,-0.16810770332813263,0.2542802095413208,0.5006205439567566,-0.49973151087760925,0.49923235177993774,-0.5004143118858337,1
0.7225908041000366,-0.1677389144897461,0.26346689462661743,0.5009874701499939,-0.5006893873214722,0.5014072060585022,-0.49690279364585876,0.7157131433486938,-0.1682603657245636,0.019978148862719536,0,0.7162207365036011,-0.16817599534988403,0.2521410286426544,0.5003219842910767,-0.49988558888435364,0.49959704279899597,-0.5001949667930603,1
0.7220878601074219,-0.16783130168914795,0.26130831241607666,0.500689685344696,-0.5008408427238464,0.5017673969268799,-0.4966866970062256,0.7157131433486938,-0.1682603657245636,0.019978148862719536,0,0.7156591415405273,-0.1682407557964325,0.250005304813385,0.500023603439331,-0.5000391006469727,0.4999619424343109,-0.4999752640724182,1
0.7215762138366699,-0.1679195910692215,0.25915274024009705,0.5003919005393982,-0.5009922981262207,0.5021276473999023,-0.4964699447154999,0.7157131433486938,-0.1682603657245636,0.019978148862719536,1,0.7215762138366699,-0.1679195910692215,0.25915274024009705,0.5003919005393982,-0.5009922981262207,0.5021276473999023,-0.4964699447154999,0
0.7215135097503662,-0.16799774765968323,0.2574593126773834,0.5000141859054565,-0.5012973546981812,0.502910315990448,-0.495749831199646,0.7157131433486938,-0.1682603657245636,0.019978148862719536,1,0.7215762138366699,-0.1679195910692215,0.25915274024009705,0.5003919005393982,-0.5009922981262207,0.5021276473999023,-0.4964699447154999,0
0.7216211557388306,-0.16806508600711823,0.25624820590019226,0.4997214078903198,-0.501567542552948,0.5035700798034668,-0.4951017200946808,0.7157131433486938,-0.1682603657245636,0.019978148862719536,1,0.7215762138366699,-0.1679195910692215,0.25915274024009705,0.5003919005393982,-0.5009922981262207,0.5021276473999023,-0.4964699447154999,0
0.7217192649841309,-0.16811037063598633,0.2552805244922638,0.49949580430984497,-0.5017828941345215,0.504085123538971,-0.49458667635917664,0.7157131433486938,-0.1682603657245636,0.019978148862719536,1,0.7215762138366699,-0.1679195910692215,0.25915274024009705,0.5003919005393982,-0.5009922981262207,0.5021276473999023,-0.4964699447154999,0
0.7218045592308044,-0.16814212501049042,0.25447356700897217,0.49931102991104126,-0.5019637942314148,0.5045097470283508,-0.49415668845176697,0.7157131433486938,-0.1682603657245636,0.019978148862719536,1,0.7215762138366699,-0.1679195910692215,0.25915274024009705,0.5003919005393982,-0.5009922981262207,0.5021276473999023,-0.4964699447154999,0
0.7218794226646423,-0.16816580295562744,0.25378212332725525,0.4991542100906372,-0.5021191835403442,0.5048710703849792,-0.493787944316864,0.7157131433486938,-0.1682603657245636,0.019978148862719536,1,0.7215762138366699,-0.1679195910692215,0.25915274024009705,0.5003919005393982,-0.5009922981262207,0.5021276473999023,-0.4964699447154999,0
0.721945583820343,-0.16818451881408691,0.2531801760196686,0.4990187883377075,-0.5022549629211426,0.5051838755607605,-0.49346670508384705,0.7157131433486938,-0.1682603657245636,0.019978148862719536,1,0.7215762138366699,-0.1679195910692215,0.25915274024009705,0.5003919005393982,-0.5009922981262207,0.5021276473999023,-0.4964699447154999,0
0.7220019698143005,-0.16821102797985077,0.25266581773757935,0.4988957345485687,-0.5023714900016785,0.5054498910903931,-0.4931999742984772,0.7156192660331726,-0.1667102724313736,0.020497972145676613,1,0.7215762138366699,-0.1679195910692215,0.25915274024009705,0.5003919005393982,-0.5009922981262207,0.5021276473999023,-0.4964699447154999,0
0.7220534086227417,-0.16822576522827148,0.2522028684616089,0.49879223108291626,-0.5024747252464294,0.5056899189949036,-0.49295341968536377,0.7155446410179138,-0.1658262312412262,0.020362000912427902,1,0.7220534086227417,-0.16822576522827148,0.2522028684616089,0.49879223108291626,-0.5024747252464294,0.5056899189949036,-0.49295341968536377,0
0.7221231460571289,-0.16823941469192505,0.251496285200119,0.49864375591278076,-0.5026261806488037,0.506032407283783,-0.4925976097583771,0.7154265642166138,-0.16585057973861694,0.019933246076107025,1,0.7251349091529846,-0.16646459698677063,0.26004379987716675,0.5021668672561646,-0.5006229281425476,0.5012890696525574,-0.49589744210243225,0
0.7224726676940918,-0.16819243133068085,0.25105416774749756,0.4986417591571808,-0.5027000904083252,0.5062788128852844,-0.4922710657119751,0.7155843377113342,-0.1659184992313385,0.01969831809401512,1,0.728088915348053,-0.16463425755500793,0.26793378591537476,0.505545437335968,-0.49874138832092285,0.496869832277298,-0.4987998306751251,0
0.7231009602546692,-0.16802623867988586,0.25117647647857666,0.4988941550254822,-0.5026330947875977,0.506220281124115,-0.4921439290046692,0.7161089777946472,-0.16588963568210602,0.019868087023496628,1,0.7309140563011169,-0.16273637115955353,0.2758704125881195,0.5089269280433655,-0.49682971835136414,0.4924331605434418,-0.5016604661941528,0
0.7239793539047241,-0.16771796345710754,0.25196143984794617,0.49942857027053833,-0.5024091601371765,0.5057891011238098,-0.49227386713027954,0.7171667814254761,-0.1657223254442215,0.020517587661743164,1,0.7336087226867676,-0.16077132523059845,0.2838512659072876,0.5123113393783569,-0.4948884844779968,0.48797887563705444,-0.5044788718223572,0
0.7250784635543823,-0.16726313531398773,0.2534186840057373,0.500242292881012,-0.5020289421081543,0.5049754977226257,-0.49267053604125977,0.7188144326210022,-0.16542091965675354,0.021700015291571617,1,0.7361714839935303,-0.15874099731445312,0.29187411069869995,0.5156983137130737,-0.49291765689849854,0.4835072457790375,-0.5072553753852844,0
0.7263668179512024,-0.16666585206985474,0.25552305579185486,0.5013172030448914,-0.5015007257461548,0.5037953853607178,-0.4933236837387085,0.7209135890007019,-0.16499264538288116,0.02350015752017498,1,0.7386012673377991,-0.15664595365524292,0.29993611574172974,0.5190873146057129,-0.49091750383377075,0.47901904582977295,-0.5099893808364868,0
0.7278158664703369,-0.16593337059020996,0.2582313120365143,0.502632200717926,-0.5008335709571838,0.5022739768028259,-0.49421390891075134,0.7233999967575073,-0.16444823145866394,0.02589578740298748,1,0.7408965229988098,-0.15448787808418274,0.308035284280777,0.5224780440330505,-0.48888781666755676,0.4745140075683594,-0.5126809477806091,0
0.7293981909751892,-0.16507276892662048,0.26149123907089233,0.5041649341583252,-0.5000379085540771,0.5004417896270752,-0.49531587958335876,0.7262259721755981,-0.16379553079605103,0.028845787048339844,1,0.7430563569068909,-0.15226760506629944,0.3161693215370178,0.525870144367218,-0.48682901263237,0.4699923098087311,-0.5153301954269409,0
0.7310881018638611,-0.1640903502702713,0.26525455713272095,0.5058944225311279,-0.49912330508232117,0.4983272850513458,-0.4966050982475281,0.7293470501899719,-0.16303889453411102,0.03230658546090126,1,0.7450791597366333,-0.14998719096183777,0.324335515499115,0.5292631983757019,-0.4847407042980194,0.46545469760894775,-0.5179368853569031,0
0.7328615188598633,-0.16299262642860413,0.269472599029541,0.5077999830245972,-0.49809861183166504,0.4959591329097748,-0.4980575740337372,0.7327212691307068,-0.1621732860803604,0.03623776510357857,1,0.7469640970230103,-0.1476466953754425,0.332531601190567,0.5326573252677917,-0.4826236069202423,0.46090075373649597,-0.520500659942627,0
0.7346960306167603,-0.16178379952907562,0.27410250902175903,0.509864091873169,-0.4969726800918579,0.4933619499206543,-0.4996505677700043,0.7363098859786987,-0.16121652722358704,0.04059995710849762,1,0.748710036277771,-0.14524856209754944,0.34075507521629333,0.5360516309738159,-0.48047730326652527,0.45633143186569214,-0.5230217576026917,0
0.7365710735321045,-0.16046889126300812,0.2791052758693695,0.5120700597763062,-0.49575191736221313,0.4905586838722229,-0.5013644695281982,0.7400768995285034,-0.16016171872615814,0.04535876214504242,1,0.7503159642219543,-0.1427934765815735,0.34900331497192383,0.5394459366798401,-0.4783022701740265,0.4517463147640228,-0.5254998803138733,0
0.7384674549102783,-0.15905168652534485,0.2844444215297699,0.5144029259681702,-0.4944438934326172,0.4875698983669281,-0.5031803250312805,0.7439894080162048,-0.15900938212871552,0.05048275738954544,1,0.7517806887626648,-0.14028345048427582,0.3572741150856018,0.5428398847579956,-0.47609826922416687,0.44714635610580444,-0.5279350876808167,0
0.7403675317764282,-0.15753626823425293,0.2900886535644531,0.5168495178222656,-0.49305352568626404,0.4844138026237488,-0.5050821900367737,0.7480173110961914,-0.15776017308235168,0.05594336614012718,1,0.7531033158302307,-0.13771910965442657,0.36556538939476013,0.5462329387664795,-0.4738657474517822,0.4425309896469116,-0.5303272008895874,0
0.7422557473182678,-0.15592576563358307,0.29600846767425537,0.5193977355957031,-0.4915865659713745,0.4811069965362549,-0.5070548057556152,0.7521331310272217,-0.1564147025346756,0.06171468272805214,1,0.75428307056427,-0.13510265946388245,0.37387382984161377,0.5496250987052917,-0.47160467505455017,0.4379012882709503,-0.5326759815216064,0
0.7441171407699585,-0.15422362089157104,0.30217838287353516,0.5220370292663574,-0.49004727602005005,0.47766372561454773,-0.5090857148170471,0.7563118934631348,-0.1549735963344574,0.06777315586805344,1,0.755319356918335,-0.1324349194765091,0.3821973502635956,0.5530157685279846,-0.4693150520324707,0.43325698375701904,-0.5349814891815186,0
0.7459390163421631,-0.15243221819400787,0.3085746765136719,0.5247579216957092,-0.48844000697135925,0.47409671545028687,-0.5111631751060486,0.7605308890342712,-0.15343761444091797,0.07409732043743134,1,0.75621098279953,-0.1297178566455841,0.39053353667259216,0.5564045310020447,-0.4669972360134125,0.428598552942276,-0.537243664264679,0
0.7477089166641235,-0.15055522322654724,0.3151756525039673,0.5275511145591736,-0.4867686629295349,0.4704180359840393,-0.5132765173912048,0.7647641897201538,-0.151781365275383,0.08069012314081192,1,0.7569572329521179,-0.1269523948431015,0.398879736661911,0.5597911477088928,-0.46465128660202026,0.42392614483833313,-0.5394623875617981,0
0.7494164705276489,-0.14859463274478912,0.3219625651836395,0.5304096937179565,-0.48503631353378296,0.4666377902030945,-0.5154168605804443,0.7690023183822632,-0.15005843341350555,0.08749464899301529,1,0.7575578093528748,-0.12414072453975677,0.4072335660457611,0.5631750822067261,-0.4622771143913269,0.4192398190498352,-0.5416377782821655,0
0.751051664352417,-0.1465533971786499,0.3289176821708679,0.5333263278007507,-0.4832460582256317,0.4627648591995239,-0.5175759196281433,0.7732208371162415,-0.1482231765985489,0.09453049302101135,1,0.7580116391181946,-0.1212836280465126,0.4155924320220947,0.5665563941001892,-0.459875226020813,0.41454026103019714,-0.5437692403793335,0
0.7526059150695801,-0.14443400502204895,0.3360244929790497,0.5362945795059204,-0.48140111565589905,0.4588080942630768,-0.5197461247444153,0.7774081826210022,-0.14630244672298431,0.10176164656877518,1,0.7583185434341431,-0.11838334798812866,0.4239538908004761,0.5699341297149658,-0.45744529366493225,0.409827321767807,-0.5458573698997498,0
0.7540709376335144,-0.1422392576932907,0.34326881170272827,0.5393089056015015,-0.47950345277786255,0.4547747075557709,-0.5219216346740723,0.781545102596283,-0.14427275955677032,0.10919110476970673,1,0.7584776878356934,-0.11544099450111389,0.4323156774044037,0.573308527469635,-0.45498788356781006,0.40510129928588867,-0.5479017496109009,0
0.7554397583007812,-0.13997173309326172,0.3506375253200531,0.542364239692688,-0.4775553345680237,0.45067107677459717,-0.5240967273712158,0.7856286764144897,-0.14217984676361084,0.11676948517560959,1,0.7584887742996216,-0.11245854198932648,0.4406748116016388,0.5766786336898804,-0.45250269770622253,0.4003628194332123,-0.5499023199081421,0
0.7567061185836792,-0.13763350248336792,0.35811781883239746,0.5454561114311218,-0.4755590856075287,0.4465034306049347,-0.5262659192085266,0.7896436452865601,-0.140006422996521,0.12450890988111496,1,0.75835120677948,-0.10943705588579178,0.44902920722961426,0.5800445079803467,-0.4499902129173279,0.3956117331981659,-0.5518590211868286,0
0.7578641176223755,-0.135227233171463,0.3656986951828003,0.5485799908638,-0.4735166132450104,0.4422769844532013,-0.5284249782562256,0.7935829758644104,-0.1377793848514557,0.13236486911773682,1,0.758064866065979,-0.10637878626585007,0.45737677812576294,0.5834058523178101,-0.4474501311779022,0.39084815979003906,-0.5537721514701843,0
0.7589086890220642,-0.13275538384914398,0.37336957454681396,0.5517323613166809,-0.47142931818962097,0.4379967749118805,-0.5305699706077576,0.7974477410316467,-0.13543374836444855,0.14041495323181152,1,0.7576292753219604,-0.10328485816717148,0.4657137989997864,0.5867615938186646,-0.44488340616226196,0.3860730528831482,-0.5556410551071167,0
0.7598353624343872,-0.1302202045917511,0.3811207413673401,0.5549098253250122,-0.46929892897605896,0.4336667060852051,-0.5326975584030151,0.8012034893035889,-0.1330297887325287,0.14854134619235992,1,0.7570443749427795,-0.10015736520290375,0.47403860092163086,0.5901122093200684,-0.4422893226146698,0.3812859356403351,-0.5574662685394287,0
0.7606396079063416,-0.1276240199804306,0.3889438211917877,0.5581089854240417,-0.46712726354599,0.4292908310890198,-0.5348045229911804,0.804846465587616,-0.13054072856903076,0.1567687690258026,1,0.7563098669052124,-0.09699749946594238,0.48234838247299194,0.5934569835662842,-0.4396684169769287,0.37648773193359375,-0.5592471957206726,0
0.761318027973175,-0.12496895343065262,0.39683035016059875,0.5613276362419128,-0.4649149179458618,0.4248724579811096,-0.5368879437446594,0.8083794713020325,-0.1279669851064682,0.16510649025440216,1,0.7554255723953247,-0.09380738437175751,0.49064087867736816,0.5967954993247986,-0.4370207190513611,0.37167805433273315,-0.5609842538833618,0
0.7618672847747803,-0.1222575232386589,0.4047726094722748,0.5645629167556763,-0.4626635015010834,0.4204147756099701,-0.538945734500885,0.8117969632148743,-0.1253117173910141,0.1735471785068512,1,0.7543913722038269,-0.09058809280395508,0.49891388416290283,0.600127637386322,-0.4343462288379669,0.36685702204704285,-0.5626775622367859,0
0.762284517288208,-0.11949186772108078,0.41276299953460693,0.567812442779541,-0.46037405729293823,0.4159212112426758,-0.5409753322601318,0.815104603767395,-0.12255493551492691,0.18213602900505066,1,0.7532074451446533,-0.0873420462012291,0.5071641802787781,0.6034526228904724,-0.43164533376693726,0.36202579736709595,-0.5643265843391418,0
0.7625669240951538,-0.11667462438344955,0.4207957983016968,0.5710741877555847,-0.45804744958877563,0.41139349341392517,-0.5429753065109253,0.8182781338691711,-0.1197504997253418,0.19077005982398987,1,0.7518735527992249,-0.08407016098499298,0.5153898596763611,0.6067705750465393,-0.42891818284988403,0.35718366503715515,-0.5659313797950745,0
0.7627123594284058,-0.1138073205947876,0.4288642406463623,0.5743460059165955,-0.4556847810745239,0.40683427453041077,-0.5449438691139221,0.8213123083114624,-0.11687343567609787,0.19946853816509247,1,0.7503901124000549,-0.08077483624219894,0.5235884785652161,0.6100806593894958,-0.4261647164821625,0.3523314595222473,-0.5674924254417419,0
0.7627187967300415,-0.11089268326759338,0.4369617700576782,0.5776262879371643,-0.4532870054244995,0.4022459387779236,-0.5468791723251343,0.8242102265357971,-0.11392319202423096,0.2082417905330658,1,0.7487569451332092,-0.0774574726819992,0.5317570567131042,0.613382875919342,-0.423385351896286,0.34746935963630676,-0.569009006023407,0
0.7625843286514282,-0.10793261975049973,0.44508421421051025,0.5809134244918823,-0.45085465908050537,0.39762988686561584,-0.5487805604934692,0.8269683122634888,-0.11089658737182617,0.21708452701568604,1,0.7469744682312012,-0.07411979883909225,0.539893388748169,0.6166766285896301,-0.4205799996852875,0.3425976634025574,-0.5704814791679382,0
0.7623071670532227,-0.10492922365665436,0.45322588086128235,0.5842060446739197,-0.4483882486820221,0.39298784732818604,-0.5506466031074524,0.8295836448669434,-0.10780710726976395,0.22599121928215027,1,0.7450425624847412,-0.07076334953308105,0.547995924949646,0.6199617981910706,-0.41774871945381165,0.33771610260009766,-0.57191002368927,0
0.7618862986564636,-0.1018848866224289,0.46138107776641846,0.5875023603439331,-0.4458891451358795,0.3883219361305237,-0.5524761080741882,0.8320528268814087,-0.10465299338102341,0.2349555492401123,1,0.7429620623588562,-0.06738999485969543,0.5560607314109802,0.6232379078865051,-0.41489216685295105,0.3328254818916321,-0.5732941031455994,0
0.7613206505775452,-0.09880127012729645,0.46954578161239624,0.5908016562461853,-0.44335731863975525,0.38363295793533325,-0.5542684197425842,0.8343727588653564,-0.10143528878688812,0.24397219717502594,1,0.7407330274581909,-0.06400180608034134,0.564086377620697,0.6265044212341309,-0.4120098650455475,0.32792577147483826,-0.574634313583374,0
0.7606087327003479,-0.09568100422620773,0.47771531343460083,0.5941022634506226,-0.4407934844493866,0.3789224624633789,-0.5560227036476135,0.8365380167961121,-0.09813812375068665,0.2530442774295807,1,0.7383559346199036,-0.060599979013204575,0.5720701813697815,0.6297611594200134,-0.4091024696826935,0.3230171203613281,-0.5759303569793701,0
0.7597496509552002,-0.09252562373876572,0.4858859181404114,0.5974034667015076,-0.4381983280181885,0.3741912543773651,-0.5577384233474731,0.838550865650177,-0.09479796141386032,0.2621549665927887,1,0.7358313202857971,-0.05718688666820526,0.5800095796585083,0.6330075263977051,-0.4061698615550995,0.3181004226207733,-0.5771824717521667,0
0.758743166923523,-0.08933738619089127,0.4940528869628906,0.6007040739059448,-0.43557220697402954,0.36944085359573364,-0.559414803981781,0.8404085040092468,-0.0914071798324585,0.2713000476360321,1,0.733159601688385,-0.05376359820365906,0.5879024863243103,0.6362435221672058,-0.40321218967437744,0.31317517161369324,-0.5783903002738953,0
0.7575883865356445,-0.08611833304166794,0.5022122859954834,0.6040030121803284,-0.4329156279563904,0.36467245221138,-0.5610511302947998,0.8421078324317932,-0.08795984834432602,0.2804785668849945,1,0.7303414344787598,-0.05033241957426071,0.5957465171813965,0.6394684910774231,-0.40022972226142883,0.3082418441772461,-0.5795542001724243,0
0.7562847137451172,-0.08287028223276138,0.5103607773780823,0.6072996854782104,-0.4302290380001068,0.3598865866661072,-0.5626470446586609,0.8436472415924072,-0.08445768058300018,0.289686381816864,1,0.7273775935173035,-0.04689459502696991,0.6035387516021729,0.6426821351051331,-0.3972227871417999,0.30330145359039307,-0.5806736350059509,0
0.7548320293426514,-0.07959546893835068,0.5184944868087769,0.6105931401252747,-0.42751288414001465,0.3550839424133301,-0.5642021894454956,0.8450251817703247,-0.08090298622846603,0.2989194095134735,1,0.7242683172225952,-0.04345224052667618,0.6112779974937439,0.6458842158317566,-0.39419105648994446,0.2983526885509491,-0.5817495584487915,0
0.7532299757003784,-0.07629548758268356,0.5266098380088806,0.613882303237915,-0.4247674345970154,0.3502657115459442,-0.5657162666320801,0.8462404012680054,-0.07729814201593399,0.30817368626594543,1,0.7210147976875305,-0.040006645023822784,0.618960976600647,0.649074375629425,-0.3911350667476654,0.2933969497680664,-0.582781195640564,0
0.7514781951904297,-0.07297316938638687,0.5347034335136414,0.6171666979789734,-0.42199307680130005,0.34543246030807495,-0.5671889781951904,0.8472917675971985,-0.07364536821842194,0.31744542717933655,1,0.7176175117492676,-0.03656002879142761,0.6265860199928284,0.6522520184516907,-0.38805514574050903,0.2884339690208435,-0.5837689638137817,0
0.7495771646499634,-0.06962932646274567,0.5427722334861755,0.6204457879066467,-0.419190376996994,0.34058448672294617,-0.568619966506958,0.8481782078742981,-0.06994681060314178,0.3267309069633484,1,0.7140776515007019,-0.03311359882354736,0.6341502666473389,0.6554172039031982,-0.3849508464336395,0.2834642231464386,-0.5847128629684448,0
0.7475261688232422,-0.06626653671264648,0.5508129000663757,0.6237185001373291,-0.4163591265678406,0.33572304248809814,-0.5700089335441589,0.8488987684249878,-0.06620443612337112,0.33602654933929443,1,0.7103959321975708,-0.02966972067952156,0.6416518092155457,0.6585690379142761,-0.38182252645492554,0.27848801016807556,-0.5856130123138428,0
0.7453261017799377,-0.06288660317659378,0.5588221549987793,0.6269845366477966,-0.4135001003742218,0.3308480978012085,-0.5713557600975037,0.849452793598175,-0.06242034584283829,0.3453288674354553,1,0.706573486328125,-0.02622932940721512,0.6490883231163025,0.6617078185081482,-0.3786708414554596,0.27350544929504395,-0.5864689946174622,0
0.7429765462875366,-0.05949162691831589,0.5667972564697266,0.6302430629730225,-0.410613477230072,0.325960636138916,-0.5726602673530579,0.8498395085334778,-0.05859659984707832,0.3546343445777893,1,0.7026111483573914,-0.02279479429125786,0.6564573645591736,0.6648325324058533,-0.37549546360969543,0.2685168981552124,-0.5872814655303955,0
0.7404781579971313,-0.05608318746089935,0.5747348666191101,0.6334935426712036,-0.40769949555397034,0.32106107473373413,-0.5739221572875977,0.8500576019287109,-0.0547296479344368,0.36393943428993225,1,0.6985101699829102,-0.01936735212802887,0.6637569069862366,0.6679430603981018,-0.37229686975479126,0.26352256536483765,-0.5880500674247742,0
0.7378308176994324,-0.05266343057155609,0.5826326012611389,0.6367353796958923,-0.40475839376449585,0.31614962220191956,-0.5751417279243469,0.8501079082489014,-0.05083217844367027,0.3732416033744812,1,0.6942715048789978,-0.01594916358590126,0.6709846258163452,0.6710391640663147,-0.36907511949539185,0.25852274894714355,-0.5887749195098877,0
0.7350354194641113,-0.049233824014663696,0.5904873609542847,0.6399682760238647,-0.4017902612686157,0.3112269937992096,-0.5763183832168579,0.8499898314476013,-0.04690234363079071,0.38253697752952576,1,0.6898964047431946,-0.012541335076093674,0.6781389117240906,0.6741204857826233,-0.3658302426338196,0.2535174787044525,-0.5894562602043152,0
0.732092559337616,-0.04579676687717438,0.5982958078384399,0.6431913375854492,-0.39879587292671204,0.30629390478134155,-0.5774520039558411,0.8497028350830078,-0.04294079914689064,0.39182236790657043,1,0.6853859424591064,-0.009146022610366344,0.6852170825004578,0.6771864295005798,-0.3625626266002655,0.2485070526599884,-0.5900941491127014,0
0.7290022969245911,-0.04235387220978737,0.6060560941696167,0.6464040875434875,-0.39577504992485046,0.3013502061367035,-0.5785428881645203,0.8492467999458313,-0.03894951939582825,0.40109458565711975,1,0.6807414293289185,-0.005764416418969631,0.6922172904014587,0.6802369356155396,-0.35927221179008484,0.24349181354045868,-0.5906883478164673,0
0.725765585899353,-0.038906924426555634,0.6137650012969971,0.6496064066886902,-0.39272812008857727,0.29639649391174316,-0.5795904994010925,0.8486215472221375,-0.03493047505617142,0.41035065054893494,1,0.6759644746780396,-0.0023986073210835457,0.6991370916366577,0.6832715272903442,-0.35595938563346863,0.2384718656539917,-0.5912393927574158,0
0.7223832607269287,-0.03545764833688736,0.6214199066162109,0.6527973413467407,-0.3896552324295044,0.2914332449436188,-0.5805953145027161,0.847827136516571,-0.030885640531778336,0.41958746314048767,1,0.6710560321807861,0.0009502936154603958,0.7059750556945801,0.6862899661064148,-0.3526240885257721,0.23344746232032776,-0.5917470455169678,0
0.7188554406166077,-0.03200790286064148,0.629019021987915,0.6559769511222839,-0.38655659556388855,0.2864604592323303,-0.5815570950508118,0.8468636274337769,-0.026817012578248978,0.4288020431995392,1,0.6660181283950806,0.004280139692127705,0.7127282619476318,0.6892915368080139,-0.34926682710647583,0.22841918468475342,-0.5922114849090576,0
0.7151838541030884,-0.028559822589159012,0.6365583539009094,0.6591441631317139,-0.3834325969219208,0.2814790606498718,-0.5824756026268005,0.8457310795783997,-0.02272653579711914,0.4379914700984955,1,0.6608515977859497,0.007589929737150669,0.7193955183029175,0.6922764182090759,-0.345887690782547,0.22338663041591644,-0.5926326513290405,0
0.7113685011863708,-0.025114737451076508,0.6440367102622986,0.662298858165741,-0.38028326630592346,0.27648910880088806,-0.5833510756492615,0.8444299101829529,-0.01861628331243992,0.4471527934074402,1,0.6555584073066711,0.010877532884478569,0.7259743213653564,0.695243775844574,-0.342486709356308,0.21835075318813324,-0.5930107831954956,0
0.7074105739593506,-0.021674755960702896,0.6514513492584229,0.6654407978057861,-0.3771086037158966,0.27149033546447754,-0.5841837525367737,0.8429602980613708,-0.014488158747553825,0.45628318190574646,1,0.6501396298408508,0.014141754247248173,0.7324631214141846,0.6981936097145081,-0.33906424045562744,0.21331125497817993,-0.5933459401130676,0
0.7033116221427917,-0.018241461366415024,0.6587988138198853,0.6685690879821777,-0.3739095628261566,0.26648449897766113,-0.5849725008010864,0.8413226008415222,-0.01034416351467371,0.4653798043727875,1,0.6445977687835693,0.017380814999341965,0.738859236240387,0.7011252641677856,-0.3356204032897949,0.20826886594295502,-0.5936381816864014,0
0.6990722417831421,-0.014816724695265293,0.6660779118537903,0.6716836094856262,-0.37068578600883484,0.2614709734916687,-0.5857183337211609,0.8395172953605652,-0.006186198443174362,0.4744397699832916,1,0.6389336585998535,0.020593535155057907,0.7451617121696472,0.7040386199951172,-0.3321552276611328,0.20322315394878387,-0.5938878059387207,0
0.6946933269500732,-0.011402194388210773,0.673285961151123,0.6747837066650391,-0.36743730306625366,0.25644978880882263,-0.5864214301109314,0.837544858455658,-0.0020162465516477823,0.48346036672592163,1,0.6331494450569153,0.023777883499860764,0.7513678669929504,0.7069332599639893,-0.3286692500114441,0.19817495346069336,-0.5940946340560913,0
0.6901763081550598,-0.007999847643077374,0.6804203391075134,0.6778691411018372,-0.3641647696495056,0.251421719789505,-0.5870813131332397,0.8354058861732483,0.002163676777854562,0.49243882298469543,1,0.627246618270874,0.02693288028240204,0.7574763894081116,0.7098090052604675,-0.32516220211982727,0.1931241750717163,-0.5942589044570923,0
0.6855223774909973,-0.004610774572938681,0.6874794363975525,0.6809396147727966,-0.36086803674697876,0.24638667702674866,-0.5876981019973755,0.8331010937690735,0.006351679563522339,0.5013724565505981,1,0.6212272047996521,0.030056606978178024,0.7634851932525635,0.7126652598381042,-0.3216346502304077,0.188071146607399,-0.5943807363510132,0
0.6807332634925842,-0.001237255521118641,0.6944596171379089,0.6839943528175354,-0.3575476408004761,0.24134553968906403,-0.5882716774940491,0.8306310176849365,0.01054590567946434,0.5102585554122925,1,0.6150925159454346,0.033147938549518585,0.7693930268287659,0.7155017852783203,-0.3180863857269287,0.18301603198051453,-0.5944605469703674,0
0.6758095026016235,0.00211938563734293,0.7013599872589111,0.6870332956314087,-0.35420337319374084,0.23629826307296753,-0.5888023376464844,0.8279966115951538,0.014744303189218044,0.5190944671630859,1,0.6088453531265259,0.03620556741952896,0.7751972675323486,0.7183182239532471,-0.31451812386512756,0.17795933783054352,-0.594497799873352,0
0.6707528233528137,0.005457309074699879,0.7081779837608337,0.6900559067726135,-0.35083580017089844,0.23124469816684723,-0.5892902612686157,0.8251986503601074,0.018945075571537018,0.5278776288032532,1,0.6024869680404663,0.039227742701768875,0.780896782875061,0.7211143374443054,-0.31092962622642517,0.17290087044239044,-0.5944930911064148,0
0.665565013885498,0.008774813264608383,0.7149109244346619,0.6930617690086365,-0.34744489192962646,0.2261861264705658,-0.5897348523139954,0.8222379684448242,0.023146314546465874,0.5366054177284241,1,0.5960195064544678,0.042213547974824905,0.7864898443222046,0.7238898277282715,-0.30732131004333496,0.16784119606018066,-0.5944463014602661,0
0.6602473855018616,0.012070618569850922,0.7215570211410522,0.6960503458976746,-0.34403103590011597,0.22112196683883667,-0.5901367664337158,0.8191155791282654,0.02734607458114624,0.5452752113342285,1,0.5894452333450317,0.045161180198192596,0.7919743657112122,0.726643979549408,-0.3036935031414032,0.16278044879436493,-0.5943578481674194,0
0.654801070690155,0.01534262765198946,0.7281145453453064,0.6990215182304382,-0.3405943214893341,0.21605288982391357,-0.5904958844184875,0.8158325552940369,0.03154244273900986,0.5538845062255859,1,0.5827659964561462,0.048069775104522705,0.7973490953445435,0.7293769717216492,-0.3000459372997284,0.15771879255771637,-0.5942274928092957,0
0.6492282152175903,0.018589626997709274,0.7345807552337646,0.7019746899604797,-0.33713486790657043,0.21097919344902039,-0.5908123850822449,0.8123899102210999,0.035733580589294434,0.5624307990074158,1,0.5759838223457336,0.05093762278556824,0.8026123642921448,0.732088029384613,-0.2963794469833374,0.15265674889087677,-0.594055712223053,0
0.6435301303863525,0.02180987223982811,0.7409539818763733,0.70490962266922,-0.3336530029773712,0.20590069890022278,-0.5910862684249878,0.8087888360023499,0.03991766646504402,0.5709115862846375,1,0.5691009759902954,0.053763799369335175,0.8077626824378967,0.7347772717475891,-0.29269349575042725,0.14759404957294464,-0.5938423871994019,0
0.6377085447311401,0.02500184252858162,0.7472322583198547,0.7078258991241455,-0.3301486372947693,0.2008180320262909,-0.5913175344467163,0.8050305247306824,0.0440928190946579,0.57932448387146,1,0.56211918592453,0.05654683709144592,0.8127986788749695,0.7374441027641296,-0.28898850083351135,0.14253100752830505,-0.5935879349708557,0
0.6317654848098755,0.02816401794552803,0.7534133791923523,0.7107231616973877,-0.3266223669052124,0.19573137164115906,-0.5915061831474304,0.8011162281036377,0.048257194459438324,0.5876669883728027,1,0.5547441244125366,0.05939887836575508,0.817920982837677,0.7401978373527527,-0.2851094901561737,0.1372571736574173,-0.5932791829109192,0
0.6256915330886841,0.031301889568567276,0.7595067620277405,0.713607668876648,-0.3230665624141693,0.1906324326992035,-0.5916512608528137,0.7970403432846069,0.05241862311959267,0.5959517359733582,1,0.5472672581672668,0.06220134347677231,0.82291579246521,0.7429264783859253,-0.2812105715274811,0.13198374211788177,-0.5929258465766907,0
0.619482159614563,0.0344163253903389,0.765515148639679,0.7164813280105591,-0.3194787800312042,0.18551604449748993,-0.5917528867721558,0.7927991151809692,0.056579187512397766,0.6041839122772217,1,0.5396907925605774,0.06495331972837448,0.827781617641449,0.7456297874450684,-0.2772917151451111,0.126710906624794,-0.5925283432006836,0
0.6131357550621033,0.0375063419342041,0.7714375853538513,0.7193442583084106,-0.31585758924484253,0.18038029968738556,-0.5918113589286804,0.7883907556533813,0.06073754280805588,0.6123634576797485,1,0.5320180654525757,0.06765332818031311,0.8325162529945374,0.7483073472976685,-0.27335330843925476,0.121439129114151,-0.5920865535736084,0
0.6066518425941467,0.04057028144598007,0.7772722244262695,0.7221952676773071,-0.31220319867134094,0.17522461712360382,-0.5918270945549011,0.7838149666786194,0.06489110738039017,0.6204876899719238,1,0.5242504477500916,0.07030004262924194,0.8371192812919617,0.7509586811065674,-0.2693953812122345,0.11616803705692291,-0.5916013717651367,0
0.6000326871871948,0.0436055026948452,0.7830150723457336,0.7250334620475769,-0.30851635336875916,0.17005030810832977,-0.5917996764183044,0.7790724039077759,0.06903703510761261,0.6285526752471924,1,0.5163915157318115,0.07289262861013412,0.8415886163711548,0.7535837888717651,-0.26541829109191895,0.11089842021465302,-0.5910719037055969,0
0.5932808518409729,0.04660923033952713,0.788662314414978,0.7278573513031006,-0.304797500371933,0.1648586392402649,-0.5917294025421143,0.7741641998291016,0.07317228615283966,0.6365537643432617,1,0.5084440112113953,0.0754295140504837,0.8459228277206421,0.7561818957328796,-0.26142239570617676,0.10563009977340698,-0.5904994010925293,0
0.5863989591598511,0.04957910254597664,0.7942098379135132,0.7306655645370483,-0.30104774236679077,0.15965110063552856,-0.5916160345077515,0.7690921425819397,0.07729371637105942,0.644486129283905,1,0.5004104971885681,0.07791002839803696,0.8501206040382385,0.7587528824806213,-0.2574077844619751,0.10036385804414749,-0.5898832678794861,0
0.5793905258178711,0.05251277610659599,0.7996536493301392,0.733457088470459,-0.29726800322532654,0.15442918241024017,-0.5914591550827026,0.7638580799102783,0.0813983604311943,0.652344822883606,1,0.4922938346862793,0.08033274114131927,0.854180634021759,0.7612961530685425,-0.2533748745918274,0.09509989619255066,-0.5892242193222046,0
0.5722583532333374,0.055407680571079254,0.8049901723861694,0.736230731010437,-0.2934592664241791,0.14919422566890717,-0.5912587642669678,0.7584640979766846,0.0854833573102951,0.6601251363754272,1,0.4840967059135437,0.08269696682691574,0.8581016063690186,0.7638119459152222,-0.2493235021829605,0.08983790129423141,-0.5885221362113953,0
0.5650060772895813,0.05826154723763466,0.8102157711982727,0.7389853596687317,-0.2896222174167633,0.14394795894622803,-0.5910148024559021,0.7529125213623047,0.08954593539237976,0.667822539806366,1,0.4758220911026001,0.08500136435031891,0.8618826866149902,0.7662991881370544,-0.2452542632818222,0.08457867056131363,-0.5877774357795715,0
0.5576368570327759,0.06107255816459656,0.8153266906738281,0.7417197823524475,-0.2857581079006195,0.1386914998292923,-0.5907272100448608,0.7472056746482849,0.0935833752155304,0.6754326224327087,1,0.46747344732284546,0.08724501729011536,0.8655216693878174,0.7687578797340393,-0.24116748571395874,0.07932264357805252,-0.5869899988174438,0
0.5501542687416077,0.06383843719959259,0.8203200101852417,0.7444333434104919,-0.28186729550361633,0.13342614471912384,-0.5903958082199097,0.741346001625061,0.09759311378002167,0.6829514503479004,1,0.4590527415275574,0.08942720293998718,0.8690185546875,0.7711877822875977,-0.23706308007240295,0.07406903058290482,-0.5861604809761047,0
0.5425615310668945,0.06655724346637726,0.8251926302909851,0.7471247911453247,-0.2779510021209717,0.12815308570861816,-0.5900207757949829,0.7353360056877136,0.1015726700425148,0.690375030040741,1,0.4505631625652313,0.09154710173606873,0.8723717927932739,0.7735884785652161,-0.23294121026992798,0.06881888210773468,-0.5852888226509094,0
0.5348620414733887,0.06922722607851028,0.8299417495727539,0.7497934699058533,-0.2740096151828766,0.12287352234125137,-0.5896019339561462,0.7291781902313232,0.10551972687244415,0.6976996660232544,1,0.44200795888900757,0.0936036929488182,0.8755802512168884,0.7759594917297363,-0.22880254685878754,0.06357241421937943,-0.5843754410743713,0
0.5270591974258423,0.07184690982103348,0.834564745426178,0.7524387240409851,-0.27004387974739075,0.11758815497159958,-0.5891392827033997,0.7228752374649048,0.10943197458982468,0.7049219608306885,1,0.43339043855667114,0.09559604525566101,0.8786429762840271,0.7783006429672241,-0.22464701533317566,0.05832986533641815,-0.5834203362464905,0
0.5191563367843628,0.07441431283950806,0.8390589356422424,0.7550597190856934,-0.26605483889579773,0.11229808628559113,-0.5886330008506775,0.7164297103881836,0.11330732703208923,0.7120385766029358,1,0.4247131943702698,0.0975237637758255,0.8815589547157288,0.7806113958358765,-0.22047501802444458,0.053091343492269516,-0.582423985004425,0
0.5111570954322815,0.07692810893058777,0.843421995639801,0.7576555609703064,-0.2620425224304199,0.10700404644012451,-0.5880832672119141,0.7098442912101746,0.11714363843202591,0.719046413898468,1,0.4159790277481079,0.0993858277797699,0.8843275308609009,0.7828916311264038,-0.21628661453723907,0.047856952995061874,-0.5813866853713989,0
0.5030642151832581,0.07938682287931442,0.8476521372795105,0.7602258920669556,-0.25800764560699463,0.1017068400979042,-0.5874897837638855,0.7031217813491821,0.12093891203403473,0.7259425520896912,1,0.4071914553642273,0.10118190944194794,0.8869478702545166,0.7851409316062927,-0.2120824158191681,0.04262707382440567,-0.5803083181381226,0
0.49488162994384766,0.08178882300853729,0.8517467975616455,0.7627699971199036,-0.25395089387893677,0.09640734642744064,-0.5868530869483948,0.6962648630142212,0.12469124794006348,0.7327240705490112,1,0.3983539342880249,0.102911077439785,0.8894186615943909,0.7873588800430298,-0.20786230266094208,0.037402186542749405,-0.5791893601417542,0
0.48661166429519653,0.08413334935903549,0.8557047843933105,0.7652873396873474,-0.2498723715543747,0.09110566973686218,-0.5861730575561523,0.689276397228241,0.12839876115322113,0.7393883466720581,1,0.3894686996936798,0.1045730784535408,0.8917397260665894,0.7895451784133911,-0.20362676680088043,0.03218239173293114,-0.5780300498008728,0
0.4782591164112091,0.08641824871301651,0.8595231771469116,0.7677768468856812,-0.2457733303308487,0.08580340445041656,-0.5854501724243164,0.6821591258049011,0.13205976784229279,0.7459328174591064,1,0.380539208650589,0.10616711527109146,0.89391028881073,0.7916996479034424,-0.19937573373317719,0.026967689394950867,-0.5768306255340576,0
0.4698260724544525,0.08864328265190125,0.8632012009620667,0.7702386379241943,-0.24165356159210205,0.0805002972483635,-0.5846843123435974,0.6749160289764404,0.13567237555980682,0.7523550391197205,1,0.3715689480304718,0.10769299417734146,0.8959294557571411,0.7938220500946045,-0.19510971009731293,0.02175842598080635,-0.5755912661552429,0
0.46131622791290283,0.0908069983124733,0.8667369484901428,0.7726721167564392,-0.2375136911869049,0.07519708573818207,-0.5838754177093506,0.6675499677658081,0.1392350196838379,0.7586526870727539,1,0.3625604212284088,0.1091499999165535,0.8977970480918884,0.7959117293357849,-0.1908288449048996,0.016554540023207664,-0.5743123888969421,0
