0.3625604212284088,0.1091499999165535,0.8977970480918884,0.7959117293357849,-0.1908288449048996,0.016554540023207664,-0.5743123888969421,0.6330903768539429,0.1307535320520401,0.019999999552965164,0,0.3625604212284088,0.1091499999165535,0.8977970480918884,0.7959117293357849,-0.1908288449048996,0.016554540023207664,-0.5743123888969421,1
0.3628040552139282,0.10916154831647873,0.8976776003837585,0.7959170937538147,-0.19090838730335236,0.016660241410136223,-0.5742754340171814,0.6330903768539429,0.1307535320520401,0.01981772482395172,0,0.3625604212284088,0.1091499999165535,0.8977970480918884,0.7959117293357849,-0.1908288449048996,0.016554540023207664,-0.5743123888969421,1
0.3632446825504303,0.10916890949010849,0.8974825739860535,0.7959179878234863,-0.1910729855298996,0.016885489225387573,-0.574212908744812,0.6330903768539429,0.1307535320520401,0.019884353503584862,0,0.3625604212284088,0.1091499999165535,0.8977970480918884,0.7959117293357849,-0.1908288449048996,0.016554540023207664,-0.5743123888969421,1
0.36376747488975525,0.10917111486196518,0.8972581028938293,0.7959133982658386,-0.1912766695022583,0.017166968435049057,-0.5741432309150696,0.6330903768539429,0.1307535320520401,0.019923372194170952,0,0.3625604212284088,0.1091499999165535,0.8977970480918884,0.7959117293357849,-0.1908288449048996,0.016554540023207664,-0.5743123888969421,1
0.3643089532852173,0.10917005687952042,0.8970283269882202,0.7959052920341492,-0.1914910078048706,0.01746424101293087,-0.5740739107131958,0.6330903768539429,0.1307535320520401,0.019946129992604256,0,0.3625604212284088,0.1091499999165535,0.8977970480918884,0.7959117293357849,-0.1908288449048996,0.016554540023207664,-0.5743123888969421,1
0.36483412981033325,0.10916749387979507,0.8968064785003662,0.7958957552909851,-0.19170089066028595,0.017755331471562386,-0.5740082263946533,0.6330903768539429,0.1307535320520401,0.019959425553679466,0,0.3625604212284088,0.1091499999165535,0.8977970480918884,0.7959117293357849,-0.1908288449048996,0.016554540023207664,-0.5743123888969421,1
0.3653259873390198,0.10916423052549362,0.8965990543365479,0.7958859801292419,-0.19189804792404175,0.01802937313914299,-0.5739471912384033,0.6330903768539429,0.1307535320520401,0.019967196509242058,0,0.3625604212284088,0.1091499999165535,0.8977970480918884,0.7959117293357849,-0.1908288449048996,0.016554540023207664,-0.5743123888969421,1
0.36577728390693665,0.10916095972061157,0.89640873670578,0.7958768010139465,-0.19207923114299774,0.01828133687376976,-0.5738914608955383,0.6330903768539429,0.1307535320520401,0.01997174322605133,0,0.3625604212284088,0.1091499999165535,0.8977970480918884,0.7959117293357849,-0.1908288449048996,0.016554540023207664,-0.5743123888969421,1
0.366186261177063,0.10915781557559967,0.8962359428405762,0.7958679795265198,-0.1922435611486435,0.018509861081838608,-0.5738412737846375,0.6330903768539429,0.1307535320520401,0.019974403083324432,0,0.3625604212284088,0.1091499999165535,0.8977970480918884,0.7959117293357849,-0.1908288449048996,0.016554540023207664,-0.5743123888969421,1
0.3665536642074585,0.1091550812125206,0.8960806727409363,0.7958602905273438,-0.19239117205142975,0.01871492713689804,-0.5737957954406738,0.6330903768539429,0.1307535320520401,0.01997595839202404,0,0.3625604212284088,0.1091499999165535,0.8977970480918884,0.7959117293357849,-0.1908288449048996,0.016554540023207664,-0.5743123888969421,1
0.36688217520713806,0.10915274918079376,0.895941436290741,0.7958534359931946,-0.1925230473279953,0.018898339942097664,-0.5737552642822266,0.6330903768539429,0.1307535320520401,0.019976869225502014,0,0.3625604212284088,0.1091499999165535,0.8977970480918884,0.7959117293357849,-0.1908288449048996,0.016554540023207664,-0.5743123888969421,1
0.3671749234199524,0.10915068536996841,0.8958170413970947,0.7958471775054932,-0.1926405429840088,0.019061513245105743,-0.5737189054489136,0.6330903768539429,0.1307535320520401,0.019977401942014694,0,0.3625604212284088,0.1091499999165535,0.8977970480918884,0.7959117293357849,-0.1908288449048996,0.016554540023207664,-0.5743123888969421,1
0.36743536591529846,0.10914917290210724,0.8957062363624573,0.7958419322967529,-0.19274485111236572,0.019206577911973,-0.5736864805221558,0.6330903768539429,0.1307535320520401,0.019977713003754616,0,0.3625604212284088,0.1091499999165535,0.8977970480918884,0.7959117293357849,-0.1908288449048996,0.016554540023207664,-0.5743123888969421,1
0.3676663637161255,0.10914792865514755,0.8956077694892883,0.7958371639251709,-0.19283725321292877,0.019334783777594566,-0.5736575722694397,0.6330903768539429,0.1307535320520401,0.01997789368033409,0,0.3625604212284088,0.1091499999165535,0.8977970480918884,0.7959117293357849,-0.1908288449048996,0.016554540023207664,-0.5743123888969421,1
0.3678717017173767,0.10914682596921921,0.8955199718475342,0.7958332300186157,-0.1929192990064621,0.019448645412921906,-0.573631763458252,0.6330903768539429,0.1307535320520401,0.019978001713752747,0,0.3625604212284088,0.1091499999165535,0.8977970480918884,0.7959117293357849,-0.1908288449048996,0.016554540023207664,-0.5743123888969421,1
0.3680533766746521,0.10914600640535355,0.8954421877861023,0.795829713344574,-0.19299162924289703,0.01954904943704605,-0.5736088156700134,0.6330903768539429,0.1307535320520401,0.01997806318104267,0,0.3625604212284088,0.1091499999165535,0.8977970480918884,0.7959117293357849,-0.1908288449048996,0.016554540023207664,-0.5743123888969421,1
0.3682141900062561,0.10914544761180878,0.8953732252120972,0.79582679271698,-0.19305557012557983,0.01963799074292183,-0.5735883712768555,0.6330903768539429,0.1307535320520401,0.019978100433945656,0,0.3625604212284088,0.1091499999165535,0.8977970480918884,0.7959117293357849,-0.1908288449048996,0.016554540023207664,-0.5743123888969421,1
0.3683570623397827,0.10914503037929535,0.8953116536140442,0.7958241105079651,-0.19311225414276123,0.019716612994670868,-0.5735701322555542,0.6330903768539429,0.1307535320520401,0.019978120923042297,0,0.3625604212284088,0.1091499999165535,0.8977970480918884,0.7959117293357849,-0.1908288449048996,0.016554540023207664,-0.5743123888969421,1
0.36848360300064087,0.10914475470781326,0.8952572345733643,0.7958218455314636,-0.1931624412536621,0.019786084070801735,-0.5735539793968201,0.6330903768539429,0.1307535320520401,0.019978133961558342,0,0.3625604212284088,0.1091499999165535,0.8977970480918884,0.7959117293357849,-0.1908288449048996,0.016554540023207664,-0.5743123888969421,1
0.36859551072120667,0.10914462059736252,0.8952088356018066,0.7958201169967651,-0.19320662319660187,0.019847365096211433,-0.5735394358634949,0.6330903768539429,0.1307535320520401,0.01997814141213894,0,0.3625604212284088,0.1091499999165535,0.8977970480918884,0.7959117293357849,-0.1908288449048996,0.016554540023207664,-0.5743123888969421,1
0.36869457364082336,0.10914447903633118,0.8951660394668579,0.7958184480667114,-0.1932457685470581,0.01990160159766674,-0.5735267996788025,0.6330903768539429,0.1307535320520401,0.019978145137429237,0,0.3625604212284088,0.1091499999165535,0.8977970480918884,0.7959117293357849,-0.1908288449048996,0.016554540023207664,-0.5743123888969421,1
0.3687824606895447,0.10914447903633118,0.8951278328895569,0.795816957950592,-0.19328033924102783,0.01994943805038929,-0.5735154151916504,0.6330903768539429,0.1307535320520401,0.019978148862719536,0,0.3625604212284088,0.1091499999165535,0.8977970480918884,0.7959117293357849,-0.1908288449048996,0.016554540023207664,-0.5743123888969421,1
0.36886000633239746,0.10914461314678192,0.895094096660614,0.7958159446716309,-0.19331079721450806,0.019991593435406685,-0.5735051035881042,0.6330903768539429,0.1307535320520401,0.019978148862719536,0,0.3625604212284088,0.1091499999165535,0.8977970480918884,0.7959117293357849,-0.1908288449048996,0.016554540023207664,-0.5743123888969421,1
0.36892861127853394,0.10914474725723267,0.8950642347335815,0.7958149909973145,-0.19333770871162415,0.02002882771193981,-0.5734960436820984,0.6330903768539429,0.1307535320520401,0.019978148862719536,0,0.3625604212284088,0.1091499999165535,0.8977970480918884,0.7959117293357849,-0.1908288449048996,0.016554540023207664,-0.5743123888969421,1
0.3689894676208496,0.10914488881826401,0.8950377106666565,0.7958140969276428,-0.1933615803718567,0.020061763003468513,-0.5734882354736328,0.6330903768539429,0.1307535320520401,0.019978148862719536,0,0.3625604212284088,0.1091499999165535,0.8977970480918884,0.7959117293357849,-0.1908288449048996,0.016554540023207664,-0.5743123888969421,1
0.3690434694290161,0.10914502292871475,0.8950141072273254,0.7958134412765503,-0.1933826208114624,0.020090937614440918,-0.5734809041023254,0.6330903768539429,0.1307535320520401,0.019978148862719536,0,0.3625604212284088,0.1091499999165535,0.8977970480918884,0.7959117293357849,-0.1908288449048996,0.016554540023207664,-0.5743123888969421,1
0.3690912425518036,0.10914530605077744,0.8949931859970093,0.7958129048347473,-0.1934012621641159,0.02011662721633911,-0.5734745860099792,0.6330903768539429,0.1307535320520401,0.019978148862719536,0,0.3625604212284088,0.1091499999165535,0.8977970480918884,0.7959117293357849,-0.1908288449048996,0.016554540023207664,-0.5743123888969421,1
0.3691335916519165,0.10914543271064758,0.8949745893478394,0.7958122491836548,-0.19341766834259033,0.02013932727277279,-0.5734689831733704,0.6330903768539429,0.1307535320520401,0.019978148862719536,0,0.3625604212284088,0.1091499999165535,0.8977970480918884,0.7959117293357849,-0.1908288449048996,0.016554540023207664,-0.5743123888969421,1
0.369171142578125,0.10914570838212967,0.894957959651947,0.7958120107650757,-0.19343216717243195,0.020159302279353142,-0.5734638571739197,0.6330903768539429,0.1307535320520401,0.019978148862719536,0,0.3625604212284088,0.1091499999165535,0.8977970480918884,0.7959117293357849,-0.1908288449048996,0.016554540023207664,-0.5743123888969421,1
0.36920416355133057,0.10914599150419235,0.8949434161186218,0.795811653137207,-0.19344498217105865,0.020176958292722702,-0.5734593868255615,0.6330903768539429,0.1307535320520401,0.019978148862719536,0,0.3625604212284088,0.1091499999165535,0.8977970480918884,0.7959117293357849,-0.1908288449048996,0.016554540023207664,-0.5743123888969421,1
0.36923354864120483,0.1091461256146431,0.8949304223060608,0.7958112955093384,-0.1934562772512436,0.020192500203847885,-0.5734555721282959,0.6330903768539429,0.1307535320520401,0.019978148862719536,0,0.36923354864120483,0.1091461256146431,0.8949304223060608,0.7958112955093384,-0.1934562772512436,0.020192500203847885,-0.5734555721282959,1
0.3694966435432434,0.10915748029947281,0.8948008418083191,0.7958157062530518,-0.1935444176197052,0.020310046151280403,-0.5734154582023621,0.6330903768539429,0.1307535320520401,0.019978148862719536,0,0.3752734065055847,0.10927368700504303,0.8941968083381653,0.7949082851409912,-0.1963483989238739,0.026315584778785706,-0.5734768509864807,1
0.3702816665172577,0.10917647927999496,0.894621729850769,0.7957422733306885,-0.1938590258359909,0.020952535793185234,-0.5733880996704102,0.6330903768539429,0.1307535320520401,0.019978148862719536,0,0.38128697872161865,0.10940535366535187,0.8933537602424622,0.7939562201499939,-0.19924727082252502,0.03242256119847298,-0.5734829306602478,1
0.37158703804016113,0.1092059537768364,0.8943877816200256,0.7955877780914307,-0.19442933797836304,0.022136101499199867,-0.5733649134635925,0.6330903768539429,0.1307535320520401,0.019978148862719536,0,0.38727328181266785,0.10954122990369797,0.8924014568328857,0.7929554581642151,-0.2021527737379074,0.03851395100355148,-0.5734739899635315,1
0.3733791708946228,0.10924510657787323,0.894091784954071,0.7953569293022156,-0.19524018466472626,0.023819496855139732,-0.5733421444892883,0.6330903768539429,0.1307535320520401,0.019978148862719536,0,0.3932301104068756,0.10968102514743805,0.8913405537605286,0.79190593957901,-0.20506501197814941,0.04458906501531601,-0.5734502673149109,1
0.37561747431755066,0.10929307341575623,0.8937289714813232,0.7950536608695984,-0.1962718665599823,0.025958308950066566,-0.5733175873756409,0.6330903768539429,0.1307535320520401,0.019978148862719536,0,0.39915627241134644,0.10982481390237808,0.8901712894439697,0.790807843208313,-0.20798397064208984,0.05064750835299492,-0.573411226272583,1
0.3782587945461273,0.10934891551733017,0.8932960033416748,0.7946808338165283,-0.19750463962554932,0.02850865200161934,-0.5732901096343994,0.6330903768539429,0.1307535320520401,0.019978148862719536,0,0.4050509035587311,0.10997274518013,0.8888938426971436,0.7896612882614136,-0.2109098583459854,0.05668976530432701,-0.5733569860458374,1
0.38126206398010254,0.10941233485937119,0.8927891850471497,0.7942404747009277,-0.19891959428787231,0.03142842277884483,-0.5732583999633789,0.6330903768539429,0.1307535320520401,0.019978148862719536,0,0.41091102361679077,0.11012446135282516,0.8875091671943665,0.7884666919708252,-0.21384163200855255,0.06271393597126007,-0.5732877254486084,1
0.38458704948425293,0.10948291420936584,0.8922058343887329,0.7937345504760742,-0.20049834251403809,0.0346793457865715,-0.5732216835021973,0.6330903768539429,0.1307535320520401,0.019978148862719536,0,0.4167354702949524,0.11028022319078445,0.8860175609588623,0.7872239947319031,-0.21677997708320618,0.06872019171714783,-0.5732033848762512,1
0.3881981372833252,0.10956019908189774,0.8915424346923828,0.7931643128395081,-0.2022249698638916,0.03822619095444679,-0.5731790065765381,0.6330903768539429,0.1307535320520401,0.019978148862719536,0,0.4225231409072876,0.1104397252202034,0.884419322013855,0.7859336137771606,-0.21972432732582092,0.07470839470624924,-0.5731039047241211,1
0.39206117391586304,0.1096443384885788,0.8907960653305054,0.7925310134887695,-0.20408444106578827,0.04203654080629349,-0.5731292366981506,0.6330903768539429,0.1307535320520401,0.019978148862719536,0,0.4282720685005188,0.11060318350791931,0.8827152252197266,0.7845956683158875,-0.22267483174800873,0.08067809790372849,-0.5729891061782837,1
0.39614546298980713,0.10973496735095978,0.8899638056755066,0.7918353080749512,-0.20606328547000885,0.04608098790049553,-0.5730718374252319,0.6330903768539429,0.1307535320520401,0.019978148862719536,0,0.43398118019104004,0.11077027022838593,0.8809055685997009,0.7832100987434387,-0.2256317138671875,0.08662904798984528,-0.5728591084480286,1
0.40042364597320557,0.10983175784349442,0.8890426754951477,0.7910779118537903,-0.2081494778394699,0.05033331364393234,-0.5730061531066895,0.6330903768539429,0.1307535320520401,0.019978148862719536,0,0.4396483302116394,0.11094121634960175,0.8789910674095154,0.7817772030830383,-0.22859439253807068,0.09256061911582947,-0.5727140307426453,1
0.4048706889152527,0.10993491113185883,0.8880299925804138,0.7902596592903137,-0.21033251285552979,0.05477014556527138,-0.5729312300682068,0.6330903768539429,0.1307535320520401,0.019978148862719536,0,0.44527217745780945,0.1111157089471817,0.8769725561141968,0.7802973985671997,-0.2315625548362732,0.09847217798233032,-0.5725538730621338,1
0.4094638526439667,0.11004414409399033,0.8869233727455139,0.789381206035614,-0.21260234713554382,0.05936986580491066,-0.5728461146354675,0.6330903768539429,0.1307535320520401,0.019978148862719536,0,0.45085206627845764,0.11129381507635117,0.874849796295166,0.7787705659866333,-0.23453693091869354,0.10436400771141052,-0.5723782777786255,1
0.41418302059173584,0.11015921831130981,0.8857203722000122,0.7884429693222046,-0.21495047211647034,0.06411346048116684,-0.5727508068084717,0.6330903768539429,0.1307535320520401,0.019978148862719536,0,0.45638519525527954,0.11147566884756088,0.8726244568824768,0.7771971821784973,-0.23751680552959442,0.11023538559675217,-0.5721874833106995,1
0.4190089702606201,0.11028028279542923,0.8844196200370789,0.7874454259872437,-0.21736927330493927,0.06898366659879684,-0.5726442933082581,0.6330903768539429,0.1307535320520401,0.019978148862719536,0,0.4618707001209259,0.11166086047887802,0.8702966570854187,0.7755770683288574,-0.24050216376781464,0.11608599871397018,-0.5719815492630005,1
0.42392539978027344,0.11040697991847992,0.8830190300941467,0.7863892912864685,-0.21985183656215668,0.07396486401557922,-0.5725261569023132,0.6330903768539429,0.1307535320520401,0.019978148862719536,0,0.46730685234069824,0.11184969544410706,0.8678672313690186,0.7739108204841614,-0.24349312484264374,0.1219148188829422,-0.5717602372169495,1
0.4289173185825348,0.11053912341594696,0.8815172910690308,0.785274863243103,-0.22239170968532562,0.0790432021021843,-0.5723962783813477,0.6330903768539429,0.1307535320520401,0.019978148862719536,0,0.47269225120544434,0.11204177141189575,0.8653370141983032,0.7721985578536987,-0.24648909270763397,0.12772241234779358,-0.5715237855911255,1
0.43397092819213867,0.1106768473982811,0.8799132704734802,0.7841030359268188,-0.22498348355293274,0.08420614898204803,-0.5722534656524658,0.6330903768539429,0.1307535320520401,0.019978148862719536,0,0.47802576422691345,0.11223732680082321,0.862706184387207,0.770440399646759,-0.24949052929878235,0.13350822031497955,-0.5712718963623047,1
0.439073771238327,0.11082004010677338,0.8782060146331787,0.7828741669654846,-0.22762253880500793,0.08944269269704819,-0.5720978379249573,0.6330903768539429,0.1307535320520401,0.019978148862719536,0,0.48330578207969666,0.11243601888418198,0.8599761128425598,0.7686365246772766,-0.252497136592865,0.13927136361598969,-0.5710048675537109,1
0.44421496987342834,0.11096832156181335,0.8763948678970337,0.7815887928009033,-0.23030400276184082,0.09474284946918488,-0.5719290375709534,0.6330903768539429,0.1307535320520401,0.019978148862719536,0,0.48853039741516113,0.11263807862997055,0.8571473360061646,0.7667871713638306,-0.255508691072464,0.1450118124485016,-0.5707226395606995,1
0.44938406348228455,0.11112171411514282,0.8744791150093079,0.7802472710609436,-0.23302429914474487,0.1000969260931015,-0.5717467069625854,0.6330903768539429,0.1307535320520401,0.019978148862719536,0,0.49369919300079346,0.11284312605857849,0.8542202711105347,0.7648925185203552,-0.25852543115615845,0.15072959661483765,-0.5704249739646912,1
0.4545718729496002,0.11127996444702148,0.8724587559700012,0.7788505554199219,-0.23577962815761566,0.10549760609865189,-0.5715505480766296,0.6330903768539429,0.1307535320520401,0.019978148862719536,0,0.4988093674182892,0.11305124312639236,0.8511965870857239,0.7629528641700745,-0.261546790599823,0.15642333030700684,-0.5701121687889099,1
0.45976975560188293,0.11144325882196426,0.8703333735466003,0.7773990631103516,-0.23856684565544128,0.11093665659427643,-0.5713402628898621,0.6330903768539429,0.1307535320520401,0.019978148862719536,0,0.5038606524467468,0.11326254904270172,0.8480764627456665,0.7609685063362122,-0.26457300782203674,0.1620936542749405,-0.5697838664054871,1
0.4649699628353119,0.11161109060049057,0.8681034445762634,0.7758931517601013,-0.2413826584815979,0.11640768498182297,-0.5711159706115723,0.6330903768539429,0.1307535320520401,0.019978148862719536,0,0.5088508129119873,0.11347660422325134,0.8448612689971924,0.7589395642280579,-0.26760342717170715,0.1677393615245819,-0.5694405436515808,1
0.47016584873199463,0.11178366839885712,0.8657686710357666,0.774333655834198,-0.2442254275083542,0.12190496921539307,-0.5708770155906677,0.6330903768539429,0.1307535320520401,0.019978148862719536,0,0.513778805732727,0.1136937066912651,0.8415514826774597,0.7568662762641907,-0.27063891291618347,0.1733606606721878,-0.569081723690033,1
0.47534996271133423,0.11196085065603256,0.8633298873901367,0.7727211713790894,-0.24709171056747437,0.1274224817752838,-0.5706234574317932,0.6330903768539429,0.1307535320520401,0.019978148862719536,0,0.5186435580253601,0.113913394510746,0.8381479978561401,0.7547488808631897,-0.2736785411834717,0.17895731329917908,-0.5687077045440674,1
0.48051804304122925,0.11214220523834229,0.8607868552207947,0.7710559368133545,-0.24998018145561218,0.13295619189739227,-0.5703553557395935,0.6330903768539429,0.1307535320520401,0.019978148862719536,0,0.5234434604644775,0.1141359955072403,0.8346519470214844,0.7525876760482788,-0.2767225205898285,0.18452876806259155,-0.5683180689811707,1
0.48566314578056335,0.11232778429985046,0.8581406474113464,0.769338846206665,-0.2528887391090393,0.13850119709968567,-0.5700722932815552,0.6330903768539429,0.1307535320520401,0.019978148862719536,0,0.5281774401664734,0.11436103284358978,0.831063985824585,0.7503827810287476,-0.2797709107398987,0.1900746077299118,-0.5679134130477905,1
0.4907810688018799,0.11251755058765411,0.8553917407989502,0.7675703167915344,-0.2558155059814453,0.14405357837677002,-0.5697743892669678,0.6330903768539429,0.1307535320520401,0.019978148862719536,0,0.5328437089920044,0.11458880454301834,0.8273854851722717,0.748134434223175,-0.28282320499420166,0.19559453427791595,-0.567493200302124,1
0.4958667457103729,0.11271145194768906,0.8525407910346985,0.7657511234283447,-0.2587592601776123,0.1496095508337021,-0.5694610476493835,0.6330903768539429,0.1307535320520401,0.019978148862719536,0,0.5374411940574646,0.11481884121894836,0.823617160320282,0.7458429932594299,-0.2858794331550598,0.2010882943868637,-0.5670577883720398,1
0.5009161829948425,0.11290910094976425,0.8495885133743286,0.763881266117096,-0.26171839237213135,0.15516620874404907,-0.5691328644752502,0.6330903768539429,0.1307535320520401,0.019978148862719536,0,0.5419686436653137,0.11505126953125,0.8197600841522217,0.7435086369514465,-0.28893983364105225,0.20655517280101776,-0.5666070580482483,1
0.505925178527832,0.11311045289039612,0.8465359210968018,0.7619617581367493,-0.2646915912628174,0.16072021424770355,-0.5687896609306335,0.6330903768539429,0.1307535320520401,0.019978148862719536,0,0.5464245676994324,0.1152861937880516,0.8158153891563416,0.7411317825317383,-0.2920037508010864,0.21199525892734528,-0.5661408305168152,1
0.5108906626701355,0.1133156567811966,0.8433837294578552,0.7599928379058838,-0.2676781415939331,0.1662692427635193,-0.5684308409690857,0.6330903768539429,0.1307535320520401,0.019978148862719536,0,0.5508078336715698,0.1155230849981308,0.8117841482162476,0.7387123703956604,-0.29507124423980713,0.21740800142288208,-0.5656595230102539,1
0.515808641910553,0.11352429538965225,0.8401328921318054,0.7579752206802368,-0.270676851272583,0.17181074619293213,-0.5680568218231201,0.6330903768539429,0.1307535320520401,0.019978148862719536,0,0.555117666721344,0.11576235294342041,0.8076668977737427,0.7362509965896606,-0.2981426417827606,0.22279317677021027,-0.5651624202728271,1
0.5206761956214905,0.11373628675937653,0.8367844820022583,0.755909264087677,-0.27368655800819397,0.17734253406524658,-0.567667543888092,0.6330903768539429,0.1307535320520401,0.019978148862719536,0,0.5593521595001221,0.11600340157747269,0.8034653663635254,0.733747661113739,-0.30121731758117676,0.22815051674842834,-0.5646501779556274,1
0.5254900455474854,0.11395157128572464,0.8333395719528198,0.7537955641746521,-0.2767062187194824,0.18286211788654327,-0.5672630667686462,0.6330903768539429,0.1307535320520401,0.019978148862719536,0,0.5635106563568115,0.11624663323163986,0.7991801500320435,0.7312027215957642,-0.30429548025131226,0.23347973823547363,-0.5641223788261414,1
0.5302477478981018,0.11417009681463242,0.829799234867096,0.7516344785690308,-0.2797354459762573,0.18836836516857147,-0.5668429732322693,0.6330903768539429,0.1307535320520401,0.019978148862719536,0,0.5675911903381348,0.11649146676063538,0.7948129177093506,0.7286162972450256,-0.30737677216529846,0.23877988755702972,-0.5635794997215271,1
0.5349466800689697,0.11439161747694016,0.8261644244194031,0.7494264841079712,-0.2827737033367157,0.19385915994644165,-0.5664075613021851,0.6330903768539429,0.1307535320520401,0.019978148862719536,0,0.571593165397644,0.11673805117607117,0.7903645038604736,0.7259889245033264,-0.310461163520813,0.2440515011548996,-0.563021183013916,1
0.5395841598510742,0.11461622267961502,0.8224363327026367,0.7471721172332764,-0.2858198881149292,0.19933317601680756,-0.5659566521644592,0.6330903768539429,0.1307535320520401,0.019978148862719536,0,0.5755155682563782,0.11698651313781738,0.785835862159729,0.723320484161377,-0.31354886293411255,0.24929393827915192,-0.5624473690986633,1
0.5441579818725586,0.11484365910291672,0.8186162710189819,0.744871973991394,-0.28887373208999634,0.20478883385658264,-0.565490186214447,0.6330903768539429,0.1307535320520401,0.019978148862719536,0,0.5793566107749939,0.11723630130290985,0.7812287211418152,0.7206116914749146,-0.3166392147541046,0.25450649857521057,-0.5618582963943481,1
0.5486656427383423,0.11507365852594376,0.814705491065979,0.7425261735916138,-0.2919342815876007,0.2102247029542923,-0.5650085806846619,0.6330903768539429,0.1307535320520401,0.019978148862719536,0,0.5831154584884644,0.11748777329921722,0.7765439748764038,0.7178627848625183,-0.3197322189807892,0.25968921184539795,-0.5612537860870361,1
0.5531058311462402,0.11530653387308121,0.8107047080993652,0.7401354312896729,-0.29500144720077515,0.2156398743391037,-0.5645112991333008,0.6330903768539429,0.1307535320520401,0.019978148862719536,0,0.5867913961410522,0.11774036288261414,0.7717826962471008,0.7150734066963196,-0.32282817363739014,0.26484209299087524,-0.5606340765953064,1
0.557476282119751,0.11554157733917236,0.8066152930259705,0.7377000451087952,-0.29807472229003906,0.22103312611579895,-0.5639986395835876,0.6330903768539429,0.1307535320520401,0.019978148862719536,0,0.5903829336166382,0.11799444258213043,0.7669461965560913,0.7122446298599243,-0.3259267807006836,0.2699642479419708,-0.559998631477356,1
0.5617745518684387,0.1157793402671814,0.8024387359619141,0.7352204918861389,-0.3011537492275238,0.22640331089496613,-0.5634703040122986,0.6330903768539429,0.1307535320520401,0.019978148862719536,0,0.5938889980316162,0.11824946850538254,0.7620359063148499,0.7093762159347534,-0.32902759313583374,0.2750556766986847,-0.5593482255935669,1
0.5659993290901184,0.1160190999507904,0.7981763482093811,0.7326968908309937,-0.30423763394355774,0.23174962401390076,-0.5629268884658813,0.6330903768539429,0.1307535320520401,0.019978148862719536,0,0.597308874130249,0.11850575357675552,0.7570526599884033,0.7064688205718994,-0.332131028175354,0.28011608123779297,-0.5586820840835571,1
0.5701488852500916,0.11626119911670685,0.7938292622566223,0.7301302552223206,-0.30732667446136475,0.23707109689712524,-0.5623677372932434,0.6330903768539429,0.1307535320520401,0.019978148862719536,0,0.6006407141685486,0.11876274645328522,0.7519986629486084,0.7035225629806519,-0.3352363407611847,0.28514471650123596,-0.558000922203064,1
0.5742216110229492,0.11650532484054565,0.7893984913825989,0.727520227432251,-0.3104202151298523,0.24236708879470825,-0.5617932677268982,0.6330903768539429,0.1307535320520401,0.019978148862719536,0,0.6038844585418701,0.11902059614658356,0.7468740940093994,0.7005375623703003,-0.33834385871887207,0.2901419997215271,-0.557304322719574,1
0.5782158374786377,0.11675116419792175,0.7848857641220093,0.7248678803443909,-0.31351786851882935,0.24763664603233337,-0.5612033009529114,0.6330903768539429,0.1307535320520401,0.019978148862719536,0,0.6070388555526733,0.1192793920636177,0.7416807413101196,0.6975142359733582,-0.3414536416530609,0.29510724544525146,-0.5565922260284424,1
0.5821301341056824,0.1169990599155426,0.7802921533584595,0.7221733331680298,-0.31661948561668396,0.25287926197052,-0.5605977773666382,0.6330903768539429,0.1307535320520401,0.019978148862719536,0,0.6101027131080627,0.11953859776258469,0.7364199757575989,0.6944531202316284,-0.344565212726593,0.300040066242218,-0.5558647513389587,1
0.5859634876251221,0.1172485202550888,0.7756186723709106,0.7194366455078125,-0.31972503662109375,0.25809434056282043,-0.5599767565727234,0.6330903768539429,0.1307535320520401,0.019978148862719536,0,0.6130750775337219,0.11979851871728897,0.731093168258667,0.6913540959358215,-0.34767869114875793,0.30494043231010437,-0.555121898651123,1
0.5897133350372314,0.11749959737062454,0.770867645740509,0.7166587710380554,-0.3228335380554199,0.2632807195186615,-0.5593405961990356,0.6330903768539429,0.1307535320520401,0.019978148862719536,0,0.6159555315971375,0.12005864083766937,0.7257012128829956,0.6882176399230957,-0.3507937490940094,0.30980804562568665,-0.5543637275695801,1
0.5933790802955627,0.11775222420692444,0.7660398483276367,0.7138398289680481,-0.3259452283382416,0.26843804121017456,-0.5586888790130615,0.6330903768539429,0.1307535320520401,0.019978148862719536,0,0.6187427043914795,0.12031929194927216,0.720245897769928,0.6850442886352539,-0.3539104461669922,0.3146423101425171,-0.5535898804664612,1
0.5969595313072205,0.11800629645586014,0.7611364722251892,0.7109802961349487,-0.3290599584579468,0.27356600761413574,-0.558021605014801,0.6330903768539429,0.1307535320520401,0.019978148862719536,0,0.6214357614517212,0.12057989090681076,0.7147287130355835,0.6818339824676514,-0.3570285141468048,0.31944334506988525,-0.5528010129928589,1
0.6004531383514404,0.11826147139072418,0.7561593055725098,0.7080801725387573,-0.33217722177505493,0.27866360545158386,-0.5573393702507019,0.6330903768539429,0.1307535320520401,0.019978148862719536,0,0.624033510684967,0.12084078788757324,0.7091511487960815,0.6785872578620911,-0.3601478040218353,0.32421043515205383,-0.551996648311615,1
0.603859007358551,0.1185176894068718,0.7511093616485596,0.7051404118537903,-0.33529695868492126,0.2837308347225189,-0.5566413998603821,0.6330903768539429,0.1307535320520401,0.019978148862719536,0,0.6265355944633484,0.12110140919685364,0.703514039516449,0.6753042340278625,-0.36326858401298523,0.32894378900527954,-0.551176905632019,1
0.6071754693984985,0.11877502501010895,0.7459887266159058,0.7021610736846924,-0.338418573141098,0.2887667119503021,-0.5559284687042236,0.6330903768539429,0.1307535320520401,0.019978148862719536,0,0.6289411783218384,0.12136190384626389,0.6978191137313843,0.6719852685928345,-0.36639028787612915,0.3336428701877594,-0.5503420233726501,1
0.61040198802948,0.11903341114521027,0.7407978773117065,0.6991422772407532,-0.3415428400039673,0.29377129673957825,-0.5551998019218445,0.6330903768539429,0.1307535320520401,0.019978148862719536,0,0.6312492489814758,0.12162233889102936,0.6920680403709412,0.6686307787895203,-0.36951306462287903,0.3383074998855591,-0.5494914054870605,1
0.6135374903678894,0.1192922294139862,0.7355386018753052,0.6960846781730652,-0.3446686267852783,0.2987439036369324,-0.5544561743736267,0.6330903768539429,0.1307535320520401,0.019978148862719536,0,0.6334590911865234,0.12188214063644409,0.6862620115280151,0.6652410626411438,-0.3726366460323334,0.342937171459198,-0.5486257076263428,1
0.6165803074836731,0.1195518746972084,0.7302128076553345,0.6929888129234314,-0.34779608249664307,0.3036839962005615,-0.5536969900131226,0.6330903768539429,0.1307535320520401,0.019978148862719536,0,0.6355701684951782,0.12214171886444092,0.6804022192955017,0.6618163585662842,-0.37576112151145935,0.3475320339202881,-0.547744631767273,1
0.6195297837257385,0.11981222033500671,0.7248213887214661,0.6898546814918518,-0.3509253263473511,0.30859148502349854,-0.5529223680496216,0.6330903768539429,0.1307535320520401,0.019978148862719536,0,0.6375813484191895,0.12240040302276611,0.6744906902313232,0.6583569049835205,-0.37888607382774353,0.35209158062934875,-0.5468481779098511,1
0.6223850250244141,0.12007295340299606,0.7193661332130432,0.6866828799247742,-0.3540557026863098,0.31346550583839417,-0.5521326065063477,0.6330903768539429,0.1307535320520401,0.019978148862719536,0,0.6394923329353333,0.1226586252450943,0.6685282588005066,0.6548632383346558,-0.38201186060905457,0.3566155731678009,-0.5459361672401428,1
0.6251449584960938,0.12033389508724213,0.713848352432251,0.6834736466407776,-0.35718733072280884,0.31830596923828125,-0.5513275861740112,0.6330903768539429,0.1307535320520401,0.019978148862719536,0,0.6413019895553589,0.12291572988033295,0.6625173091888428,0.6513354182243347,-0.3851377069950104,0.3611035943031311,-0.5450093150138855,1
0.627808690071106,0.12059499323368073,0.7082695960998535,0.6802273988723755,-0.3603198826313019,0.3231126070022583,-0.5505073666572571,0.6330903768539429,0.1307535320520401,0.019978148862719536,0,0.6430097818374634,0.12317212671041489,0.6564587354660034,0.6477741599082947,-0.38826388120651245,0.3655555546283722,-0.5440669655799866,1
0.6303749680519104,0.12085633724927902,0.7026315927505493,0.6769446134567261,-0.3634532690048218,0.32788464426994324,-0.54967200756073,0.6330903768539429,0.1307535320520401,0.019978148862719536,0,0.6446152329444885,0.12342718988656998,0.6503541469573975,0.6441795229911804,-0.39139029383659363,0.36997121572494507,-0.5431092381477356,1
0.6328439116477966,0.12111760675907135,0.6969350576400757,0.6736252307891846,-0.3665875494480133,0.3326226770877838,-0.5488210916519165,0.6330903768539429,0.1307535320520401,0.019978148862719536,0,0.6461178660392761,0.12368105351924896,0.64420485496521,0.6405515670776367,-0.39451685547828674,0.37435054779052734,-0.5421363711357117,1
0.6352140307426453,0.12137866765260696,0.6911820769309998,0.6702699661254883,-0.3697223663330078,0.3373256027698517,-0.5479551553726196,0.6330903768539429,0.1307535320520401,0.019978148862719536,0,0.6475169658660889,0.12393384426832199,0.6380124092102051,0.6368910670280457,-0.39764341711997986,0.3786930441856384,-0.5411478877067566,1
0.6374841928482056,0.12163939327001572,0.68537437915802,0.6668791174888611,-0.3728574812412262,0.34199297428131104,-0.5470741391181946,0.6330903768539429,0.1307535320520401,0.019978148862719536,0,0.6488116383552551,0.12418495118618011,0.6317790150642395,0.6331982612609863,-0.4007697105407715,0.3829983174800873,-0.5401443243026733,1
0.639654278755188,0.12189968675374985,0.6795130968093872,0.6634529829025269,-0.37599292397499084,0.3466252088546753,-0.5461779832839966,0.6330903768539429,0.1307535320520401,0.019978148862719536,0,0.6500016450881958,0.12443471699953079,0.6255054473876953,0.6294733285903931,-0.40389570593833923,0.38726648688316345,-0.5391252636909485,1
0.6417231559753418,0.12215965986251831,0.6735999584197998,0.6599920392036438,-0.37912845611572266,0.3512212634086609,-0.5452665686607361,0.6330903768539429,0.1307535320520401,0.019978148862719536,0,0.6510865688323975,0.12468257546424866,0.619193434715271,0.6257166266441345,-0.40702125430107117,0.3914974331855774,-0.5380910634994507,1
0.643690288066864,0.12241896241903305,0.6676362752914429,0.6564964056015015,-0.38226431608200073,0.35578128695487976,-0.5443400740623474,0.6330903768539429,0.1307535320520401,0.019978148862719536,0,0.6520653963088989,0.12492888420820236,0.6128450632095337,0.6219289898872375,-0.41014620661735535,0.39569026231765747,-0.537041425704956,1
0.6455544829368591,0.12267746031284332,0.6616243720054626,0.6529667377471924,-0.3853994607925415,0.3603047728538513,-0.5433985590934753,0.6330903768539429,0.1307535320520401,0.019978148862719536,0,0.6529383659362793,0.12517301738262177,0.6064611077308655,0.6181097030639648,-0.4132708013057709,0.39984557032585144,-0.5359768867492676,1
0.6473158597946167,0.12293506413698196,0.6555651426315308,0.6494032740592957,-0.3885345458984375,0.3647913336753845,-0.5424422025680542,0.6330903768539429,0.1307535320520401,0.019978148862719536,0,0.6537044048309326,0.1254151314496994,0.6000438332557678,0.6142600178718567,-0.4163942337036133,0.4039626717567444,-0.5348967909812927,1
0.6489732265472412,0.12319161742925644,0.6494600772857666,0.6458062529563904,-0.39166924357414246,0.36924126744270325,-0.5414705276489258,0.6330903768539429,0.1307535320520401,0.019978148862719536,0,0.6543633341789246,0.12565530836582184,0.5935943722724915,0.6103799343109131,-0.41951704025268555,0.4080410599708557,-0.5338014960289001,1
0.6505264639854431,0.12344704568386078,0.6433106064796448,0.6421760320663452,-0.39480355381965637,0.3736538887023926,-0.5404838919639587,0.6330903768539429,0.1307535320520401,0.019978148862719536,0,0.6549150943756104,0.1258929818868637,0.5871142148971558,0.6064696907997131,-0.422638863325119,0.4120815694332123,-0.5326909422874451,1
0.6519744992256165,0.12370145320892334,0.6371190547943115,0.6385132670402527,-0.3979370892047882,0.37802889943122864,-0.5394821763038635,0.6330903768539429,0.1307535320520401,0.019978148862719536,0,0.6553745865821838,0.12613829970359802,0.5803341269493103,0.6023654341697693,-0.4258895218372345,0.41624829173088074,-0.5315179824829102,1
0.6533165574073792,0.12395444512367249,0.6308709979057312,0.6348072290420532,-0.40107622742652893,0.38237762451171875,-0.5384654402732849,0.6330903768539429,0.1307535320520401,0.019978148862719536,0,0.6557168364524841,0.12638060748577118,0.5735241770744324,0.598228931427002,-0.42913874983787537,0.42037343978881836,-0.5303284525871277,1
0.6545543074607849,0.12420671433210373,0.6245630979537964,0.6310560703277588,-0.40422457456588745,0.38670220971107483,-0.537431001663208,0.6330903768539429,0.1307535320520401,0.019978148862719536,0,0.6559411883354187,0.12662005424499512,0.5666865110397339,0.5940610766410828,-0.43238651752471924,0.4244556128978729,-0.5291225910186768,1
0.6556878685951233,0.12445865571498871,0.6181958317756653,0.6272603273391724,-0.40738263726234436,0.39100223779678345,-0.5363776087760925,0.6330903768539429,0.1307535320520401,0.019978148862719536,0,0.6560474634170532,0.1268567591905594,0.559823215007782,0.5898624062538147,-0.4356326758861542,0.4284949004650116,-0.5279001593589783,1
0.6567153930664062,0.12470962852239609,0.6117715239524841,0.6234208941459656,-0.4105496108531952,0.3952765166759491,-0.5353052616119385,0.6330903768539429,0.1307535320520401,0.019978148862719536,0,0.6560350656509399,0.12709005177021027,0.5529358386993408,0.5856329202651978,-0.4388769268989563,0.4324915111064911,-0.5266611576080322,1
0.6576363444328308,0.12495950609445572,0.6052926778793335,0.6195384860038757,-0.41372495889663696,0.3995233178138733,-0.5342141389846802,0.6330903768539429,0.1307535320520401,0.019978148862719536,0,0.6559042930603027,0.12732011079788208,0.5460262298583984,0.5813731551170349,-0.44211962819099426,0.43644481897354126,-0.5254058837890625,1
0.6584489345550537,0.12520815432071686,0.5987621545791626,0.6156145334243774,-0.41690728068351746,0.4037413001060486,-0.5331040620803833,0.6330903768539429,0.1307535320520401,0.019978148862719536,0,0.6556540727615356,0.12754672765731812,0.539096474647522,0.5770838856697083,-0.4453599452972412,0.4403547942638397,-0.5241339206695557,1
0.6591518521308899,0.12545514106750488,0.5921828746795654,0.611649751663208,-0.420096218585968,0.4079289734363556,-0.5319752097129822,0.6330903768539429,0.1307535320520401,0.019978148862719536,0,0.6552847623825073,0.1277700513601303,0.5321478843688965,0.5727648138999939,-0.4485986530780792,0.4442210793495178,-0.5228453278541565,1
0.6597435474395752,0.12570013105869293,0.5855582356452942,0.6076452136039734,-0.42329055070877075,0.41208454966545105,-0.5308282971382141,0.6330903768539429,0.1307535320520401,0.019978148862719536,0,0.6547960042953491,0.1279894858598709,0.5251830816268921,0.568416953086853,-0.45183447003364563,0.4480435252189636,-0.521540641784668,1
0.6602226495742798,0.12594343721866608,0.5788914561271667,0.6036022901535034,-0.42648938298225403,0.4162065088748932,-0.5296632051467896,0.6330903768539429,0.1307535320520401,0.019978148862719536,0,0.6541875600814819,0.1282051056623459,0.5182031989097595,0.5640402436256409,-0.4550682008266449,0.4518219530582428,-0.5202194452285767,1
0.6605879664421082,0.1261843889951706,0.5721851587295532,0.5995219349861145,-0.42969197034835815,0.42029398679733276,-0.5284799933433533,0.6330903768539429,0.1307535320520401,0.019978148862719536,0,0.6534594893455505,0.1284170150756836,0.5112103223800659,0.5596354603767395,-0.45829951763153076,0.45555606484413147,-0.5188817381858826,1
0.6608386039733887,0.12642288208007812,0.5654421448707581,0.5954046845436096,-0.43289756774902344,0.42434579133987427,-0.5272793173789978,0.6330903768539429,0.1307535320520401,0.019978148862719536,0,0.652611494064331,0.12862464785575867,0.5042067170143127,0.5552029013633728,-0.4615277051925659,0.4592459797859192,-0.5175278782844543,1
0.6609733700752258,0.12665902078151703,0.5586660504341125,0.5912525057792664,-0.43610504269599915,0.428360253572464,-0.5260609984397888,0.6330903768539429,0.1307535320520401,0.019978148862719536,0,0.6516433954238892,0.1288280487060547,0.497193843126297,0.5507428050041199,-0.4647531509399414,0.4628910422325134,-0.5161575078964233,1
0.6609917879104614,0.12689213454723358,0.5518589615821838,0.5870651006698608,-0.4393143057823181,0.4323371350765228,-0.5248258113861084,0.6330903768539429,0.1307535320520401,0.019978148862719536,0,0.6505557298660278,0.12902714312076569,0.49017348885536194,0.546255886554718,-0.4679756462574005,0.46649155020713806,-0.5147708058357239,1
0.660892903804779,0.12712259590625763,0.5450233817100525,0.5828439593315125,-0.44252461194992065,0.43627509474754333,-0.5235731601715088,0.6330903768539429,0.1307535320520401,0.019978148862719536,0,0.6493478417396545,0.12922202050685883,0.48314765095710754,0.5417423248291016,-0.4711953103542328,0.4700466990470886,-0.5133675336837769,1
0.6606758236885071,0.12735000252723694,0.5381625890731812,0.5785898566246033,-0.4457353353500366,0.44017332792282104,-0.5223037600517273,0.6330903768539429,0.1307535320520401,0.019978148862719536,0,0.6480196714401245,0.12941208481788635,0.4761185944080353,0.5372025966644287,-0.4744112193584442,0.4735569357872009,-0.5119483470916748,1
0.6603404879570007,0.12757425010204315,0.5312783718109131,0.5743035078048706,-0.44894611835479736,0.4440314471721649,-0.5210170745849609,0.6330903768539429,0.1307535320520401,0.019978148862719536,0,0.6465720534324646,0.12959744036197662,0.46908724308013916,0.5326370000839233,-0.4776240587234497,0.4770219027996063,-0.5105125308036804,1
0.6598860621452332,0.12779514491558075,0.5243739485740662,0.5699856281280518,-0.4521563649177551,0.4478483200073242,-0.5197141766548157,0.6330903768539429,0.1307535320520401,0.019978148862719536,0,0.6450040936470032,0.1297782063484192,0.46205657720565796,0.5280464887619019,-0.48083317279815674,0.4804409146308899,-0.5090606808662415,1
0.6593126654624939,0.12801235914230347,0.517450749874115,0.5656367540359497,-0.4553658068180084,0.4516238570213318,-0.5183945298194885,0.6330903768539429,0.1307535320520401,0.019978148862719536,0,0.6433166265487671,0.1299537718296051,0.45502766966819763,0.5234307050704956,-0.4840388000011444,0.483814537525177,-0.5075926184654236,1
0.6586195826530457,0.12822596728801727,0.5105116367340088,0.5612576603889465,-0.4585739076137543,0.45535722374916077,-0.5170584321022034,0.6330903768539429,0.1307535320520401,0.019978148862719536,0,0.6415095329284668,0.13012424111366272,0.4480021893978119,0.5187903046607971,-0.4872405529022217,0.4871425926685333,-0.5061079859733582,1
0.6578067541122437,0.1284358650445938,0.503558874130249,0.5568493604660034,-0.4617803394794464,0.45904815196990967,-0.5157058835029602,0.6330903768539429,0.1307535320520401,0.019978148862719536,0,0.6395828723907471,0.13028979301452637,0.4409828186035156,0.5141260623931885,-0.49043843150138855,0.4904243052005768,-0.5046072006225586,1
0.6568740606307983,0.12864166498184204,0.49659463763237,0.5524118542671204,-0.4649849236011505,0.4626956284046173,-0.5143371820449829,0.6330903768539429,0.1307535320520401,0.019978148862719536,0,0.6375368237495422,0.13044975697994232,0.4339708685874939,0.509438157081604,-0.49363213777542114,0.49365994334220886,-0.5030902624130249,1
0.6558210849761963,0.12884345650672913,0.489621102809906,0.5479462742805481,-0.4681871831417084,0.46630004048347473,-0.5129521489143372,0.6330903768539429,0.1307535320520401,0.019978148862719536,0,0.6353719830513,0.13060428202152252,0.4269680380821228,0.5047265887260437,-0.4968218207359314,0.49684953689575195,-0.5015571713447571,1
0.654647946357727,0.1290411502122879,0.4826405644416809,0.5434530377388,-0.4713868796825409,0.46986010670661926,-0.5115510821342468,0.6330903768539429,0.1307535320520401,0.019978148862719536,0,0.6330882906913757,0.1307532638311386,0.41997647285461426,0.4999925494194031,-0.5000070333480835,0.49999263882637024,-0.500007688999176,1
0.6533545255661011,0.12923404574394226,0.4756549298763275,0.538932740688324,-0.4745838940143585,0.4733760356903076,-0.5101341009140015,0.6330903768539429,0.1307535320520401,0.019978148862719536,0,0.6533545255661011,0.12923404574394226,0.4756549298763275,0.538932740688324,-0.4745838940143585,0.4733760356903076,-0.5101341009140015,1
0.6528804302215576,0.12938062846660614,0.46855854988098145,0.5353562235832214,-0.4785160422325134,0.4770215153694153,-0.5068199038505554,0.6330903768539429,0.1307535320520401,0.019978148862719536,0,0.65369713306427,0.12926696240901947,0.4732834994792938,0.5385472774505615,-0.4748413562774658,0.4736611545085907,-0.5100369453430176,1
0.6530412435531616,0.12948822975158691,0.4618186354637146,0.5320836305618286,-0.4820401966571808,0.48045921325683594,-0.5036696791648865,0.6330903768539429,0.1307535320520401,0.019978148862719536,0,0.6540281772613525,0.1292993128299713,0.47091221809387207,0.53816157579422,-0.4750983715057373,0.4739459156990051,-0.5099399089813232,1
0.6533999443054199,0.12953554093837738,0.455972284078598,0.529332160949707,-0.48491165041923523,0.48330605030059814,-0.5010821223258972,0.6330903768539429,0.1307535320520401,0.019978148862719536,0,0.6543478965759277,0.1293315589427948,0.46854063868522644,0.5377759337425232,-0.47535571455955505,0.4742303192615509,-0.5098426342010498,1
0.6538186073303223,0.1295500546693802,0.45120537281036377,0.5271793603897095,-0.48709625005722046,0.4854969382286072,-0.4991110563278198,0.6330903768539429,0.1307535320520401,0.019978148862719536,0,0.6546559929847717,0.12936349213123322,0.4661693572998047,0.5373896956443787,-0.47561323642730713,0.47451454401016235,-0.5097453594207764,1
0.6542667150497437,0.12955264747142792,0.44758039712905884,0.5256580710411072,-0.48859506845474243,0.4870169162750244,-0.497767835855484,0.6330903768539429,0.1307535320520401,0.019978148862719536,0,0.6549527049064636,0.12939482927322388,0.4637983441352844,0.5370036363601685,-0.475870281457901,0.47479817271232605,-0.5096479654312134,1
0.6547476053237915,0.12955453991889954,0.4451158344745636,0.5247796773910522,-0.48941779136657715,0.48786795139312744,-0.4970526099205017,0.6330903768539429,0.1307535320520401,0.019978148862719536,0,0.6552377939224243,0.12942609190940857,0.4614274203777313,0.5366174578666687,-0.47612762451171875,0.47508174180984497,-0.5095502734184265,1
0.6552726030349731,0.1295595020055771,0.4438140392303467,0.5245451331138611,-0.48957374691963196,0.48805689811706543,-0.49696114659309387,0.6330903768539429,0.1307535320520401,0.019978148862719536,0,0.6555115580558777,0.1294567734003067,0.45905667543411255,0.5362306237220764,-0.4763849377632141,0.4753651022911072,-0.5094526410102844,1
0.6558202505111694,0.12956465780735016,0.4435880184173584,0.5249067544937134,-0.48911237716674805,0.4876352846622467,-0.49744725227355957,0.6330903768539429,0.1307535320520401,0.019978148862719536,0,0.6557737588882446,0.12948735058307648,0.4566863775253296,0.5358442068099976,-0.4766421318054199,0.47564780712127686,-0.5093548893928528,1
0.656226396560669,0.12955132126808167,0.44374674558639526,0.5254905819892883,-0.48840418457984924,0.4869805872440338,-0.4981674551963806,0.6330903768539429,0.1307535320520401,0.019978148862719536,0,0.656024694442749,0.1295173615217209,0.45431628823280334,0.5354571342468262,-0.47689947485923767,0.4759303331375122,-0.5092570185661316,1
0.6565300226211548,0.12954168021678925,0.44390928745269775,0.5260957479476929,-0.4876699149608612,0.4862960875034332,-0.4989161789417267,0.6330903768539429,0.1307535320520401,0.019978148862719536,0,0.6562639474868774,0.12954726815223694,0.4519467353820801,0.53507000207901,-0.4771568775177002,0.47621265053749084,-0.5091590285301208,1
0.6567836403846741,0.12954089045524597,0.44393330812454224,0.5266542434692383,-0.486983060836792,0.4856518805027008,-0.4996248483657837,0.6330903768539429,0.1307535320520401,0.019978148862719536,0,0.6564918756484985,0.12957662343978882,0.4495777487754822,0.5346827507019043,-0.4774141013622284,0.47649455070495605,-0.5090609192848206,1
0.6570151448249817,0.12954778969287872,0.44376638531684875,0.5271401405334473,-0.4863695800304413,0.4850757420063019,-0.5002692341804504,0.6330903768539429,0.1307535320520401,0.019978148862719536,0,0.6567083597183228,0.12960584461688995,0.4472091794013977,0.5342953205108643,-0.477671355009079,0.4767760932445526,-0.5089628100395203,1
0.6572381258010864,0.12955939769744873,0.44339537620544434,0.5275457501411438,-0.48583629727363586,0.48457664251327515,-0.500843346118927,0.6330903768539429,0.1307535320520401,0.019978148862719536,0,0.6569132804870605,0.12963470816612244,0.44484132528305054,0.5339077115058899,-0.47792866826057434,0.4770573079586029,-0.5088643431663513,1
0.6574583649635315,0.12957416474819183,0.4428253471851349,0.527871310710907,-0.485382080078125,0.48415443301200867,-0.5013485550880432,0.6330903768539429,0.1307535320520401,0.019978148862719536,0,0.657106876373291,0.12966303527355194,0.4424743950366974,0.5335201621055603,-0.4781857132911682,0.477338045835495,-0.5087660551071167,1
0.6576780080795288,0.12959110736846924,0.4420697093009949,0.5281221866607666,-0.4850021004676819,0.4838048815727234,-0.5017895698547363,0.6330903768539429,0.1307535320520401,0.019978148862719536,0,0.6572888493537903,0.1296912431716919,0.44010818004608154,0.5331323146820068,-0.47844284772872925,0.47761863470077515,-0.5086676478385925,1
0.6578969359397888,0.12960930168628693,0.4411443769931793,0.5283044576644897,-0.4846896827220917,0.4835221469402313,-0.5021718144416809,0.6330903768539429,0.1307535320520401,0.019978148862719536,0,0.6574596762657166,0.1297188699245453,0.43774259090423584,0.5327441692352295,-0.47870001196861267,0.47789889574050903,-0.508569061756134,1
0.6581146121025085,0.12962870299816132,0.44006550312042236,0.5284246206283569,-0.48443877696990967,0.4833001494407654,-0.5025011301040649,0.6330903768539429,0.1307535320520401,0.019978148862719536,0,0.6576191186904907,0.12974637746810913,0.4353778660297394,0.5323560237884521,-0.47895702719688416,0.4781787395477295,-0.5084704756736755,1
0.6583302021026611,0.12964877486228943,0.4388485550880432,0.5284891724586487,-0.4842429757118225,0.48313263058662415,-0.5027830600738525,0.6330903768539429,0.1307535320520401,0.019978148862719536,0,0.6577669978141785,0.12977328896522522,0.4330138862133026,0.5319673418998718,-0.4792144298553467,0.478458434343338,-0.5083715915679932,1
0.6585421562194824,0.12966951727867126,0.4375080168247223,0.5285038352012634,-0.48409655690193176,0.4830138087272644,-0.5030226707458496,0.6330903768539429,0.1307535320520401,0.019978148862719536,0,0.6579033136367798,0.12980012595653534,0.4306512176990509,0.5315788388252258,-0.4794716536998749,0.47873765230178833,-0.508272647857666,1
0.6587494611740112,0.12969087064266205,0.4360569715499878,0.5284739136695862,-0.48399436473846436,0.48293858766555786,-0.5032246708869934,0.6330903768539429,0.1307535320520401,0.019978148862719536,0,0.6580284237861633,0.129826620221138,0.4282895028591156,0.5311900973320007,-0.47972869873046875,0.47901657223701477,-0.5081736445426941,1
0.6589511632919312,0.1297125220298767,0.43450742959976196,0.5284045338630676,-0.48393139243125916,0.4829022288322449,-0.5033928155899048,0.6330903768539429,0.1307535320520401,0.019978148862719536,0,0.6581420302391052,0.1298525035381317,0.42592889070510864,0.5308010578155518,-0.47998592257499695,0.4792950749397278,-0.5080747008323669,1
0.6591458916664124,0.12973470985889435,0.4328700602054596,0.5282996892929077,-0.4839036762714386,0.48290038108825684,-0.503531277179718,0.6330903768539429,0.1307535320520401,0.019978148862719536,0,0.6582443714141846,0.12987829744815826,0.42356932163238525,0.5304118990898132,-0.48024311661720276,0.479573518037796,-0.5079752802848816,1
0.6593332290649414,0.12975697219371796,0.43115419149398804,0.5281633734703064,-0.48390719294548035,0.48292940855026245,-0.5036432147026062,0.6330903768539429,0.1307535320520401,0.019978148862719536,0,0.6583353281021118,0.12990346550941467,0.42121127247810364,0.5300227999687195,-0.48050007224082947,0.4798513650894165,-0.5078761577606201,1
0.6595118641853333,0.12977968156337738,0.4293685257434845,0.5279989242553711,-0.4839385747909546,0.4829857647418976,-0.5037312507629395,0.6330903768539429,0.1307535320520401,0.019978148862719536,0,0.658414900302887,0.1299285590648651,0.4188541769981384,0.5296333432197571,-0.48075729608535767,0.4801289737224579,-0.5077765583992004,1
0.659681499004364,0.12980258464813232,0.4275209307670593,0.5278098583221436,-0.48399481177330017,0.483066201210022,-0.5037983059883118,0.6330903768539429,0.1307535320520401,0.019978148862719536,0,0.65848308801651,0.1299530267715454,0.416498601436615,0.5292434692382812,-0.4810144305229187,0.48040637373924255,-0.5076771974563599,1
0.6598415970802307,0.12982551753520966,0.4256174862384796,0.5275980830192566,-0.48407331109046936,0.48316851258277893,-0.5038465261459351,0.6330903768539429,0.1307535320520401,0.019978148862719536,0,0.6585400700569153,0.12997740507125854,0.41414451599121094,0.5288539528846741,-0.481271356344223,0.4806830883026123,-0.507577657699585,1
0.6599915623664856,0.12984861433506012,0.42366528511047363,0.5273666381835938,-0.4841713309288025,0.483289897441864,-0.5038782358169556,0.6330903768539429,0.1307535320520401,0.019978148862719536,0,0.6585854291915894,0.13000115752220154,0.41179195046424866,0.5284640192985535,-0.4815283417701721,0.4809596538543701,-0.5074779987335205,1
0.6601307988166809,0.12987160682678223,0.4216693341732025,0.5271174907684326,-0.4842868447303772,0.4834282696247101,-0.5038952231407166,0.6330903768539429,0.1307535320520401,0.019978148862719536,0,0.6586197018623352,0.13002483546733856,0.4094407260417938,0.5280740261077881,-0.48178529739379883,0.48123598098754883,-0.5073781609535217,1
0.6602590680122375,0.12989479303359985,0.41963469982147217,0.5268527865409851,-0.48441803455352783,0.48358169198036194,-0.5038988590240479,0.6330903768539429,0.1307535320520401,0.019978148862719536,0,0.658642590045929,0.13004790246486664,0.4070911407470703,0.5276838541030884,-0.48204222321510315,0.4815118908882141,-0.5072783827781677,1
0.6603760719299316,0.12991786003112793,0.41756579279899597,0.5265741944313049,-0.4845629632472992,0.48374831676483154,-0.5038908123970032,0.6330903768539429,0.1307535320520401,0.019978148862719536,0,0.6586542725563049,0.13007086515426636,0.4047429859638214,0.5272931456565857,-0.48229941725730896,0.4817875921726227,-0.5071783661842346,1
0.6604817509651184,0.12994083762168884,0.4154660999774933,0.5262827277183533,-0.4847203195095062,0.483926922082901,-0.503872275352478,0.6330903768539429,0.1307535320520401,0.019978148862719536,0,0.6586543321609497,0.13009344041347504,0.4023968279361725,0.5269026160240173,-0.4825564920902252,0.48206284642219543,-0.5070780515670776,1
0.6605755090713501,0.1299636960029602,0.41333961486816406,0.5259803533554077,-0.48488858342170715,0.48411595821380615,-0.5038446187973022,0.6330903768539429,0.1307535320520401,0.019978148862719536,0,0.6586436033248901,0.13011543452739716,0.4000522494316101,0.5265119075775146,-0.48281344771385193,0.4823377728462219,-0.5069779753684998,1
0.6606577634811401,0.1299864500761032,0.41118931770324707,0.5256679058074951,-0.48506662249565125,0.4843144118785858,-0.5038087368011475,0.6330903768539429,0.1307535320520401,0.019978148862719536,0,0.6586212515830994,0.13013730943202972,0.397709459066391,0.5261207818984985,-0.4830704927444458,0.4826124906539917,-0.5068775415420532,1
0.6607279181480408,0.13000907003879547,0.4090178608894348,0.5253468751907349,-0.48525306582450867,0.48452091217041016,-0.503765344619751,0.6330903768539429,0.1307535320520401,0.019978148862719536,0,0.6585876941680908,0.13015857338905334,0.3953686058521271,0.5257295370101929,-0.4833275079727173,0.4828868806362152,-0.5067771077156067,1
0.6607860326766968,0.130031555891037,0.4068279266357422,0.5250177979469299,-0.48544734716415405,0.48473453521728516,-0.5037156343460083,0.6330903768539429,0.1307535320520401,0.019978148862719536,0,0.658542811870575,0.1301797330379486,0.3930301070213318,0.5253384709358215,-0.48358428478240967,0.48316073417663574,-0.5066766738891602,1
0.6608321070671082,0.13005369901657104,0.4046214818954468,0.5246816277503967,-0.4856485426425934,0.48495471477508545,-0.5036600232124329,0.6330903768539429,0.1307535320520401,0.019978148862719536,0,0.6584867835044861,0.13020028173923492,0.39069318771362305,0.5249470472335815,-0.4838412404060364,0.48343443870544434,-0.5065761208534241,1
0.6608660221099854,0.13007593154907227,0.4024009108543396,0.5243395566940308,-0.4858558475971222,0.48518046736717224,-0.5035989284515381,0.6330903768539429,0.1307535320520401,0.019978148862719536,0,0.6584194898605347,0.13022072613239288,0.38835835456848145,0.524555504322052,-0.48409825563430786,0.4837076961994171,-0.5064752101898193,1
0.6608878374099731,0.13009753823280334,0.40016788244247437,0.5239915251731873,-0.4860684275627136,0.48541128635406494,-0.5035337805747986,0.6330903768539429,0.1307535320520401,0.019978148862719536,0,0.6583412289619446,0.1302405595779419,0.38602563738822937,0.5241637229919434,-0.4843549430370331,0.4839807152748108,-0.5063745975494385,1
0.6608974933624268,0.13011901080608368,0.3979234993457794,0.5236383676528931,-0.4862859547138214,0.4856465458869934,-0.5034642219543457,0.6330903768539429,0.1307535320520401,0.019978148862719536,0,0.6582513451576233,0.13026025891304016,0.3836953938007355,0.5237718820571899,-0.4846118986606598,0.4842531681060791,-0.5062738060951233,1
0.6608949899673462,0.13014036417007446,0.3956699073314667,0.5232810378074646,-0.48650768399238586,0.48588553071022034,-0.503390908241272,0.6330903768539429,0.1307535320520401,0.019978148862719536,0,0.6581504344940186,0.13027961552143097,0.3813673257827759,0.5233799815177917,-0.48486873507499695,0.48452529311180115,-0.5061727166175842,1
0.6608802080154419,0.13016155362129211,0.3934080898761749,0.5229196548461914,-0.48673325777053833,0.4861280918121338,-0.5033142566680908,0.6330903768539429,0.1307535320520401,0.019978148862719536,0,0.6580386161804199,0.13029833137989044,0.3790413737297058,0.5229878425598145,-0.4851253926753998,0.4847973883152008,-0.5060717463493347,1
0.6608535051345825,0.13018235564231873,0.3911392092704773,0.5225545763969421,-0.48696205019950867,0.4863734543323517,-0.5032349228858948,0.6330903768539429,0.1307535320520401,0.019978148862719536,0,0.6579153537750244,0.13031695783138275,0.37671756744384766,0.5225952863693237,-0.48538243770599365,0.4850689470767975,-0.5059704184532166,1
0.6608147025108337,0.13020280003547668,0.38886433839797974,0.5221864581108093,-0.4871939420700073,0.4866214990615845,-0.5031527876853943,0.6330903768539429,0.1307535320520401,0.019978148862719536,0,0.6577808856964111,0.13033495843410492,0.374396413564682,0.5222026109695435,-0.48563918471336365,0.4853404462337494,-0.5058691501617432,1
0.6607640981674194,0.1302228569984436,0.3865843117237091,0.521815299987793,-0.4874284267425537,0.48687177896499634,-0.5030686259269714,0.6330903768539429,0.1307535320520401,0.019978148862719536,0,0.6576354503631592,0.13035283982753754,0.3720778822898865,0.5218101143836975,-0.4858959913253784,0.48561131954193115,-0.5057677030563354,1
0.6607010364532471,0.1302427500486374,0.3843008577823639,0.5214420557022095,-0.48766499757766724,0.48712363839149475,-0.5029827356338501,0.6330903768539429,0.1307535320520401,0.019978148862719536,0,0.6574790477752686,0.1303701251745224,0.3697614073753357,0.5214170217514038,-0.48615288734436035,0.48588207364082336,-0.5056661367416382,1
0.6606263518333435,0.13026228547096252,0.3820131719112396,0.5210661292076111,-0.4879038333892822,0.4873773753643036,-0.5028946995735168,0.6330903768539429,0.1307535320520401,0.019978148862719536,0,0.6573113203048706,0.13038724660873413,0.3674476146697998,0.5210237503051758,-0.4864098131656647,0.4861524999141693,-0.5055644512176514,1
0.6605396270751953,0.13028167188167572,0.3797231614589691,0.5206887722015381,-0.4881443381309509,0.4876325726509094,-0.5028048753738403,0.6330903768539429,0.1307535320520401,0.019978148862719536,0,0.6571325063705444,0.1304037868976593,0.3651370704174042,0.5206307768821716,-0.4866662621498108,0.48642221093177795,-0.5054630041122437,1
0.6604410409927368,0.13030043244361877,0.3774307370185852,0.5203088521957397,-0.4883866608142853,0.4878893196582794,-0.5027137994766235,0.6330903768539429,0.1307535320520401,0.019978148862719536,0,0.6569427251815796,0.13042020797729492,0.36282870173454285,0.5202373266220093,-0.48692306876182556,0.4866919219493866,-0.5053610801696777,1
0.6603307127952576,0.1303190439939499,0.3751366138458252,0.5199275612831116,-0.48863041400909424,0.48814690113067627,-0.5026213526725769,0.6330903768539429,0.1307535320520401,0.019978148862719536,0,0.6567418575286865,0.1304362565279007,0.3605231046676636,0.5198439359664917,-0.48717984557151794,0.4869612455368042,-0.5052590370178223,1
0.6602087020874023,0.13033731281757355,0.372841477394104,0.5195448994636536,-0.4888753294944763,0.4884052276611328,-0.5025277733802795,0.6330903768539429,0.1307535320520401,0.019978148862719536,0,0.6565300226211548,0.13045166432857513,0.35822075605392456,0.5194504857063293,-0.48743635416030884,0.4872301518917084,-0.5051572322845459,1
0.660074770450592,0.13035516440868378,0.3705456852912903,0.5191606879234314,-0.4891214370727539,0.4886645972728729,-0.5024332404136658,0.6330903768539429,0.1307535320520401,0.019978148862719536,0,0.6563069820404053,0.13046696782112122,0.35592103004455566,0.5190565586090088,-0.48769310116767883,0.4874986708164215,-0.5050551891326904,1
0.6599294543266296,0.13037289679050446,0.3682493269443512,0.5187755823135376,-0.48936861753463745,0.4889245331287384,-0.5023373961448669,0.6330903768539429,0.1307535320520401,0.019978148862719536,0,0.6560731530189514,0.13048164546489716,0.35362374782562256,0.5186623334884644,-0.487949937582016,0.48776713013648987,-0.5049527883529663,1
0.6597723960876465,0.1303899586200714,0.3659537136554718,0.5183893442153931,-0.489616334438324,0.4891849458217621,-0.5022413730621338,0.6330903768539429,0.1307535320520401,0.019978148862719536,0,0.6558282375335693,0.13049618899822235,0.3513298034667969,0.5182682275772095,-0.4882066249847412,0.48803508281707764,-0.5048503279685974,1
0.6596036553382874,0.1304069459438324,0.36365818977355957,0.5180021524429321,-0.48986509442329407,0.4894458055496216,-0.5021440386772156,0.6330903768539429,0.1307535320520401,0.019978148862719536,0,0.6555725336074829,0.130510151386261,0.34903886914253235,0.5178738236427307,-0.4884631633758545,0.4883028566837311,-0.5047480463981628,1
0.6594236493110657,0.13042327761650085,0.36136317253112793,0.51761394739151,-0.4901144504547119,0.4897071421146393,-0.5020463466644287,0.6330903768539429,0.1307535320520401,0.019978148862719536,0,0.6553055644035339,0.1305239349603653,0.3467515707015991,0.5174793601036072,-0.4887199103832245,0.4885699450969696,-0.5046456456184387,1
0.6592321395874023,0.13043946027755737,0.35906946659088135,0.5172250866889954,-0.4903644621372223,0.4899684190750122,-0.5019481182098389,0.6330903768539429,0.1307535320520401,0.019978148862719536,0,0.6550279259681702,0.13053737580776215,0.34446680545806885,0.5170848369598389,-0.48897644877433777,0.48883703351020813,-0.5045430064201355,1
0.6590290069580078,0.13045527040958405,0.3567773997783661,0.516835629940033,-0.4906146228313446,0.49022990465164185,-0.5018492937088013,0.6330903768539429,0.1307535320520401,0.019978148862719536,0,0.6547393798828125,0.13055017590522766,0.34218528866767883,0.5166898965835571,-0.489233136177063,0.489103764295578,-0.504440188407898,1
0.6588148474693298,0.13047072291374207,0.35448646545410156,0.5164452791213989,-0.490865558385849,0.4904916286468506,-0.5017499923706055,0.6330903768539429,0.1307535320520401,0.019978148862719536,0,0.6544398665428162,0.13056285679340363,0.33990687131881714,0.5162949562072754,-0.489489883184433,0.48937007784843445,-0.5043372511863708,1
0.6585888862609863,0.13048575818538666,0.35219740867614746,0.516054630279541,-0.4911167025566101,0.4907532036304474,-0.5016503930091858,0.6330903768539429,0.1307535320520401,0.019978148862719536,0,0.6541295647621155,0.13057492673397064,0.33763232827186584,0.5158998966217041,-0.4897461235523224,0.4896361231803894,-0.5042344927787781,1
0.6583520174026489,0.1305004358291626,0.34991025924682617,0.5156634449958801,-0.49136826395988464,0.4910150170326233,-0.5015501976013184,0.6330903768539429,0.1307535320520401,0.019978148862719536,0,0.6538082957267761,0.13058684766292572,0.3353608250617981,0.5155045986175537,-0.49000290036201477,0.48990169167518616,-0.5041314363479614,1
0.6581037044525146,0.1305149644613266,0.3476250469684601,0.5152716040611267,-0.491620272397995,0.49127671122550964,-0.5014497637748718,0.6330903768539429,0.1307535320520401,0.019978148862719536,0,0.653476357460022,0.13059818744659424,0.3330928683280945,0.5151090621948242,-0.4902593493461609,0.4901670813560486,-0.5040283799171448,1
0.6578442454338074,0.13052889704704285,0.34534236788749695,0.5148795247077942,-0.49187222123146057,0.4915383458137512,-0.5013490915298462,0.6330903768539429,0.1307535320520401,0.019978148862719536,0,0.6531333923339844,0.13060934841632843,0.33082857728004456,0.5147136449813843,-0.4905158281326294,0.4904319643974304,-0.5039251446723938,1
0.6575735807418823,0.13054244220256805,0.34306204319000244,0.5144870281219482,-0.4921245276927948,0.49179986119270325,-0.5012478828430176,0.6330903768539429,0.1307535320520401,0.019978148862719536,0,0.6527799367904663,0.13061991333961487,0.32856762409210205,0.5143177509307861,-0.4907723665237427,0.490696519613266,-0.503821849822998,1
0.6572918891906738,0.13055583834648132,0.3407841920852661,0.5140941143035889,-0.49237701296806335,0.4920611083507538,-0.5011465549468994,0.6330903768539429,0.1307535320520401,0.019978148862719536,0,0.6524154543876648,0.13063035905361176,0.32631033658981323,0.5139217972755432,-0.4910288453102112,0.4909609258174896,-0.5037184357643127,1
0.6569989919662476,0.13056860864162445,0.33850908279418945,0.513700544834137,-0.492629736661911,0.49232253432273865,-0.5010450482368469,0.6330903768539429,0.1307535320520401,0.019978148862719536,0,0.6520402431488037,0.1306404024362564,0.32405659556388855,0.5135258436203003,-0.491285502910614,0.49122491478919983,-0.5036148428916931,1
0.6566951274871826,0.13058102130889893,0.33623698353767395,0.5133070945739746,-0.4928824007511139,0.4925834834575653,-0.5009434223175049,0.6330903768539429,0.1307535320520401,0.019978148862719536,0,0.6516544818878174,0.13064983487129211,0.32180657982826233,0.5131294131278992,-0.4915418326854706,0.4914886951446533,-0.5035111904144287,1
0.656380295753479,0.13059328496456146,0.33396774530410767,0.5129131078720093,-0.4931354224681854,0.49284422397613525,-0.5008413195610046,0.6330903768539429,0.1307535320520401,0.019978148862719536,0,0.6512579321861267,0.13065913319587708,0.31956034898757935,0.5127330422401428,-0.491798460483551,0.49175211787223816,-0.5034072399139404,1
0.6560543179512024,0.13060492277145386,0.3317018151283264,0.5125190615653992,-0.4933881461620331,0.4931046962738037,-0.5007394552230835,0.6330903768539429,0.1307535320520401,0.019978148862719536,0,0.6508506536483765,0.1306677907705307,0.31731823086738586,0.5123364329338074,-0.4920549690723419,0.49201494455337524,-0.503303587436676,1
0.6557176113128662,0.1306161731481552,0.32943904399871826,0.5121247172355652,-0.4936411678791046,0.4933648407459259,-0.5006373524665833,0.6330903768539429,0.1307535320520401,0.019978148862719536,0,0.6504327058792114,0.13067632913589478,0.3150797188282013,0.5119397044181824,-0.49231135845184326,0.49227771162986755,-0.5031996369361877,1
0.6553698182106018,0.13062730431556702,0.3271796703338623,0.5117304921150208,-0.49389389157295227,0.4936246871948242,-0.5005350708961487,0.6330903768539429,0.1307535320520401,0.019978148862719536,0,0.6500042676925659,0.1306842565536499,0.31284525990486145,0.5115429162979126,-0.49256759881973267,0.49254000186920166,-0.5030956268310547,1
0.6550111770629883,0.13063806295394897,0.3249233663082123,0.5113354921340942,-0.49414709210395813,0.49388450384140015,-0.5004324316978455,0.6330903768539429,0.1307535320520401,0.019978148862719536,0,0.6495651602745056,0.1306920051574707,0.31061479449272156,0.5111460089683533,-0.49282410740852356,0.4928019344806671,-0.5029914379119873,1
0.6546416282653809,0.1306481808423996,0.3226708769798279,0.5109406113624573,-0.4943999946117401,0.4941437542438507,-0.5003301501274109,0.6330903768539429,0.1307535320520401,0.019978148862719536,0,0.6491155028343201,0.13069917261600494,0.30838847160339355,0.5107486844062805,-0.4930803179740906,0.49306347966194153,-0.5028874278068542,1
0.6542613506317139,0.13065792620182037,0.3204219937324524,0.5105456709861755,-0.4946528971195221,0.4944027066230774,-0.5002275109291077,0.6330903768539429,0.1307535320520401,0.019978148862719536,0,0.6486551761627197,0.13070619106292725,0.3061661422252655,0.5103515386581421,-0.49333667755126953,0.49332475662231445,-0.5027830004692078,1
0.6538702249526978,0.13066750764846802,0.31817626953125,0.510150134563446,-0.4949061870574951,0.4946615695953369,-0.5001245141029358,0.6330903768539429,0.1307535320520401,0.019978148862719536,0,0.6481843590736389,0.1307128369808197,0.30394819378852844,0.5099541544914246,-0.49359291791915894,0.4935857057571411,-0.502678632736206,1
0.6534684896469116,0.1306767463684082,0.3159344494342804,0.5097548365592957,-0.4951591491699219,0.49491995573043823,-0.5000215768814087,0.6330903768539429,0.1307535320520401,0.019978148862719536,0,0.6477029323577881,0.13071882724761963,0.30173447728157043,0.5095564723014832,-0.4938492476940155,0.49384647607803345,-0.5025740265846252,1
0.653055727481842,0.13068534433841705,0.31369680166244507,0.5093591213226318,-0.495412141084671,0.4951780140399933,-0.49991869926452637,0.6330903768539429,0.1307535320520401,0.019978148862719536,0,0.6472110748291016,0.13072469830513,0.29952472448349,0.5091586709022522,-0.4941057860851288,0.4941066801548004,-0.5024694204330444,1
0.6526324152946472,0.13069382309913635,0.31146305799484253,0.5089635252952576,-0.4956649839878082,0.4954356849193573,-0.4998156428337097,0.6330903768539429,0.1307535320520401,0.019978148862719536,0,0.6467087864875793,0.13072995841503143,0.29731932282447815,0.5087605714797974,-0.4943619668483734,0.4943668246269226,-0.5023646950721741,1
0.6521986126899719,0.13070166110992432,0.30923277139663696,0.5085675120353699,-0.4959179759025574,0.4956931173801422,-0.49971261620521545,0.6330903768539429,0.1307535320520401,0.019978148862719536,0,0.646196186542511,0.13073506951332092,0.2951185703277588,0.5083626508712769,-0.49461817741394043,0.49462631344795227,-0.5022597908973694,1
0.6517540216445923,0.13070937991142273,0.30700719356536865,0.5081716775894165,-0.4961707293987274,0.4959500730037689,-0.4996093809604645,0.6330903768539429,0.1307535320520401,0.019978148862719536,0,0.6456730961799622,0.13073953986167908,0.2929217219352722,0.5079640746116638,-0.4948745369911194,0.49488601088523865,-0.5021547079086304,1
0.6512989401817322,0.1307164430618286,0.3047848045825958,0.5077752470970154,-0.49642378091812134,0.49620696902275085,-0.49950599670410156,0.6330903768539429,0.1307535320520401,0.019978148862719536,0,0.6451393961906433,0.1307438760995865,0.29072991013526917,0.5075658559799194,-0.4951307475566864,0.4951448142528534,-0.5020496845245361,1
0.6508331894874573,0.13072341680526733,0.3025675117969513,0.5073792338371277,-0.4966762661933899,0.49646303057670593,-0.4994030296802521,0.6330903768539429,0.1307535320520401,0.019978148862719536,0,0.6445955634117126,0.13074760138988495,0.2885426878929138,0.5071672797203064,-0.4953869879245758,0.49540337920188904,-0.5019447207450867,1
0.6503569483757019,0.13072995841503143,0.3003541827201843,0.5069829225540161,-0.49692898988723755,0.49671876430511475,-0.4992997348308563,0.6330903768539429,0.1307535320520401,0.019978148862719536,0,0.6440413594245911,0.13075117766857147,0.2863597273826599,0.5067685842514038,-0.49564310908317566,0.49566176533699036,-0.5018394589424133,1
0.6498701572418213,0.13073593378067017,0.2981449067592621,0.5065863728523254,-0.49718162417411804,0.4969743490219116,-0.49919629096984863,0.6330903768539429,0.1307535320520401,0.019978148862719536,0,0.6434769034385681,0.13075438141822815,0.2841815948486328,0.5063698887825012,-0.49589934945106506,0.4959196150302887,-0.5017340779304504,1
0.6493729948997498,0.13074171543121338,0.29594019055366516,0.5061900019645691,-0.49743422865867615,0.4972294270992279,-0.49909284710884094,0.6330903768539429,0.1307535320520401,0.019978148862719536,0,0.6429020166397095,0.13075697422027588,0.2820083796977997,0.5059708952903748,-0.4961554706096649,0.4961770474910736,-0.5016288757324219,1
0.6488652229309082,0.13074715435504913,0.29373979568481445,0.5057933330535889,-0.4976867437362671,0.4974842369556427,-0.49898919463157654,0.6330903768539429,0.1307535320520401,0.019978148862719536,0,0.6423168778419495,0.13075938820838928,0.27983975410461426,0.5055717825889587,-0.4964115023612976,0.49643439054489136,-0.5015232563018799,1
0.6483469009399414,0.13075195252895355,0.29154372215270996,0.50539630651474,-0.4979393184185028,0.49773889780044556,-0.4988856911659241,0.6330903768539429,0.1307535320520401,0.019978148862719536,0,0.6417216658592224,0.13076120615005493,0.27767589688301086,0.5051725506782532,-0.4966675639152527,0.49669137597084045,-0.5014176964759827,1
0.6478185653686523,0.13075663149356842,0.2893525958061218,0.5049995183944702,-0.4981916844844818,0.49799275398254395,-0.49878209829330444,0.6330903768539429,0.1307535320520401,0.019978148862719536,0,0.6411162614822388,0.13076287508010864,0.27551668882369995,0.5047728419303894,-0.4969238042831421,0.49694809317588806,-0.5013117790222168,1
0.6472797989845276,0.13076066970825195,0.28716564178466797,0.5046024918556213,-0.4984441101551056,0.4982466399669647,-0.4986783564090729,0.6330903768539429,0.1307535320520401,0.019978148862719536,0,0.6405003666877747,0.13076388835906982,0.2733628749847412,0.5043734312057495,-0.4971797466278076,0.49720439314842224,-0.5012060403823853,1
0.6467304229736328,0.13076457381248474,0.2849833071231842,0.5042053461074829,-0.4986964762210846,0.49849995970726013,-0.49857446551322937,0.6330903768539429,0.1307535320520401,0.019978148862719536,0,0.6398745179176331,0.13076481223106384,0.2712133526802063,0.5039734244346619,-0.4974360764026642,0.49746039509773254,-0.5010998845100403,1
0.646170973777771,0.1307680904865265,0.2828059196472168,0.5038081407546997,-0.4989486634731293,0.49875301122665405,-0.4984707236289978,0.6330903768539429,0.1307535320520401,0.019978148862719536,0,0.6392385959625244,0.13076508045196533,0.2690696716308594,0.5035735964775085,-0.4976918399333954,0.4977159798145294,-0.5009941458702087,1
0.6456011533737183,0.1307709813117981,0.28063347935676575,0.5034109354019165,-0.49920061230659485,0.4990054666996002,-0.4983670115470886,0.6330903768539429,0.1307535320520401,0.019978148862719536,0,0.6385924816131592,0.13076521456241608,0.2669305205345154,0.5031734704971313,-0.49794813990592957,0.4979713261127472,-0.5008877515792847,1
0.6450212001800537,0.13077375292778015,0.27846571803092957,0.5030137896537781,-0.4994525909423828,0.4992574155330658,-0.49826323986053467,0.6330903768539429,0.1307535320520401,0.019978148862719536,0,0.6379364132881165,0.1307649314403534,0.2647966742515564,0.5027732849121094,-0.49820414185523987,0.4982264041900635,-0.5007814764976501,1
0.6444310545921326,0.13077588379383087,0.27630290389060974,0.5026163458824158,-0.4997042119503021,0.49950918555259705,-0.4981595277786255,0.6330903768539429,0.1307535320520401,0.019978148862719536,0,0.6372703313827515,0.13076408207416534,0.2626681327819824,0.5023729205131531,-0.4984600841999054,0.4984808564186096,-0.5006753206253052,1
0.6438305974006653,0.13077788054943085,0.27414506673812866,0.5022189021110535,-0.4999561309814453,0.4997604489326477,-0.4980555474758148,0.6330903768539429,0.1307535320520401,0.019978148862719536,0,0.6365941762924194,0.13076306879520416,0.26054465770721436,0.501972496509552,-0.4987161457538605,0.4987350404262543,-0.5005688071250916,1
0.6432201266288757,0.13077925145626068,0.2719918191432953,0.5018211007118225,-0.5002081394195557,0.5000115036964417,-0.4979516267776489,0.6330903768539429,0.1307535320520401,0.019978148862719536,0,0.6359080672264099,0.13076139986515045,0.2584264874458313,0.5015715956687927,-0.49897199869155884,0.49898919463157654,-0.5004622340202332,1
0.6425994038581848,0.13078050315380096,0.2698441743850708,0.5014235377311707,-0.5004597306251526,0.5002620220184326,-0.4978477656841278,0.6330903768539429,0.1307535320520401,0.019978148862719536,0,0.6352120637893677,0.13075965642929077,0.2563140392303467,0.5011710524559021,-0.4992278814315796,0.4992425739765167,-0.5003557205200195,1
0.6419686079025269,0.13078133761882782,0.2677011489868164,0.5010256171226501,-0.5007116198539734,0.5005123615264893,-0.49774348735809326,0.6330903768539429,0.1307535320520401,0.019978148862719536,0,0.6345061659812927,0.13075721263885498,0.25420665740966797,0.5007700324058533,-0.4994836747646332,0.49949589371681213,-0.5002491474151611,1
0.6413277983665466,0.13078159093856812,0.2655634582042694,0.5006276965141296,-0.5009632110595703,0.5007621645927429,-0.4976394772529602,0.6330903768539429,0.1307535320520401,0.019978148862719536,0,0.6337904334068298,0.13075467944145203,0.25210464000701904,0.5003689527511597,-0.4997396469116211,0.49974870681762695,-0.5001422166824341,1
0.6406770348548889,0.13078168034553528,0.2634308636188507,0.5002295970916748,-0.5012147426605225,0.5010116696357727,-0.4975352883338928,0.6330903768539429,0.1307535320520401,0.019978148862719536,0,0.6330647468566895,0.13075149059295654,0.2500080466270447,0.4999677538871765,-0.49999549984931946,0.5000016689300537,-0.5000350475311279,1
0.6400161385536194,0.1307813972234726,0.26130393147468567,0.49983179569244385,-0.5014660954475403,0.5012604594230652,-0.49743127822875977,0.6330903768539429,0.1307535320520401,0.019978148862719536,1,0.6400161385536194,0.1307813972234726,0.26130393147468567,0.49983179569244385,-0.5014660954475403,0.5012604594230652,-0.49743127822875977,0
0.6398267149925232,0.13080033659934998,0.2597551643848419,0.49923276901245117,-0.502078115940094,0.501802384853363,-0.49686864018440247,0.6330903768539429,0.1307535320520401,0.019978148862719536,1,0.6400161385536194,0.1307813972234726,0.26130393147468567,0.49983179569244385,-0.5014660954475403,0.5012604594230652,-0.49743127822875977,0
0.6398912072181702,0.13081048429012299,0.2587764859199524,0.49874910712242126,-0.5025632381439209,0.5022528767585754,-0.49640870094299316,0.6330903768539429,0.1307535320520401,0.019978148862719536,1,0.6400161385536194,0.1307813972234726,0.26130393147468567,0.49983179569244385,-0.5014660954475403,0.5012604594230652,-0.49743127822875977,0
0.6399638652801514,0.13080641627311707,0.2580512464046478,0.498394638299942,-0.5029084086418152,0.502583384513855,-0.49608030915260315,0.6330903768539429,0.1307535320520401,0.019978148862719536,1,0.6400161385536194,0.1307813972234726,0.26130393147468567,0.49983179569244385,-0.5014660954475403,0.5012604594230652,-0.49743127822875977,0
0.640028178691864,0.13080063462257385,0.25746649503707886,0.49810999631881714,-0.5031832456588745,0.502848744392395,-0.49581873416900635,0.6330903768539429,0.1307535320520401,0.019978148862719536,1,0.6400161385536194,0.1307813972234726,0.26130393147468567,0.49983179569244385,-0.5014660954475403,0.5012604594230652,-0.49743127822875977,0
0.6400842666625977,0.13079600036144257,0.25697216391563416,0.4978698790073395,-0.503415048122406,0.5030720829963684,-0.4955978989601135,0.6330903768539429,0.1307535320520401,0.019978148862719536,1,0.6400161385536194,0.1307813972234726,0.26130393147468567,0.49983179569244385,-0.5014660954475403,0.5012604594230652,-0.49743127822875977,0
0.6401337385177612,0.13079260289669037,0.25654301047325134,0.49766218662261963,-0.50361567735672,0.5032653212547302,-0.49540650844573975,0.6330903768539429,0.1307535320520401,0.019978148862719536,1,0.6400161385536194,0.1307813972234726,0.26130393147468567,0.49983179569244385,-0.5014660954475403,0.5012604594230652,-0.49743127822875977,0
0.6401784420013428,0.13078638911247253,0.25616955757141113,0.49747827649116516,-0.5037909150123596,0.5034320950508118,-0.49524345993995667,0.6330386996269226,0.13130097091197968,0.020275793969631195,1,0.6400161385536194,0.1307813972234726,0.26130393147468567,0.49983179569244385,-0.5014660954475403,0.5012604594230652,-0.49743127822875977,0
0.6402179002761841,0.1307828724384308,0.2558384835720062,0.49731817841529846,-0.5039446949958801,0.5035808086395264,-0.4950965940952301,0.6329243183135986,0.1313639134168625,0.02029486559331417,1,0.6402179002761841,0.1307828724384308,0.2558384835720062,0.49731817841529846,-0.5039446949958801,0.5035808086395264,-0.4950965940952301,0
0.6402573585510254,0.13079048693180084,0.2552744150161743,0.4970667064189911,-0.5041967034339905,0.5038127303123474,-0.49485665559768677,0.6327382326126099,0.13124968111515045,0.019775638356804848,1,0.6445385813713074,0.13071411848068237,0.26312190294265747,0.5018473863601685,-0.5009004473686218,0.5005890727043152,-0.4966471493244171,0
0.6406716108322144,0.1308184564113617,0.2550267279148102,0.49704039096832275,-0.5043861865997314,0.5039423704147339,-0.4945577085018158,0.6329243183135986,0.13117459416389465,0.019675714895129204,1,0.6487216949462891,0.13063794374465942,0.2704741358757019,0.5063555836677551,-0.497852087020874,0.4975552558898926,-0.49818283319473267,0
0.6414619088172913,0.13083738088607788,0.25532233715057373,0.49736011028289795,-0.5043591260910034,0.5038607716560364,-0.49434709548950195,0.6336057782173157,0.13112707436084747,0.019972410053014755,1,0.6527664661407471,0.13055478036403656,0.2778933048248291,0.51084303855896,-0.49479910731315613,0.4944792687892914,-0.4997033476829529,0
0.6426061987876892,0.13084226846694946,0.2562382221221924,0.4980616569519043,-0.5040628910064697,0.5035250782966614,-0.4942849576473236,0.6349549889564514,0.1311536580324173,0.020718270912766457,1,0.6566714644432068,0.13046416640281677,0.2853759825229645,0.5153086185455322,-0.4917421042919159,0.49136143922805786,-0.501209020614624,0
0.6440728306770325,0.13083480298519135,0.2577832043170929,0.4991437494754791,-0.5034881830215454,0.5029250979423523,-0.4943898022174835,0.6369683742523193,0.13125599920749664,0.021985581144690514,1,0.6604353189468384,0.1303664594888687,0.29291975498199463,0.5197522640228271,-0.48868128657341003,0.4882020950317383,-0.5026995539665222,0
0.6458238959312439,0.13081687688827515,0.2599330544471741,0.5005852580070496,-0.5026463866233826,0.5020681619644165,-0.4946598708629608,0.6395267248153687,0.13142375648021698,0.023834992200136185,1,0.6640570759773254,0.13026203215122223,0.30052274465560913,0.5241739153862,-0.48561638593673706,0.4850010573863983,-0.5041748881340027,0
0.6478108763694763,0.13078930974006653,0.26263052225112915,0.5023461580276489,-0.5015671849250793,0.5009790658950806,-0.4950743615627289,0.642548143863678,0.1316477358341217,0.02622426114976406,1,0.6675354838371277,0.13015049695968628,0.30818164348602295,0.5285730361938477,-0.4825476109981537,0.4817587435245514,-0.5056350827217102,0
0.6499959230422974,0.1307533085346222,0.26582300662994385,0.5043905377388,-0.5002771019935608,0.4996790587902069,-0.49561455845832825,0.6459701657295227,0.13192035257816315,0.029109345749020576,1,0.6708696484565735,0.13003216683864594,0.31589436531066895,0.5329491496086121,-0.47947508096694946,0.4784747064113617,-0.5070806741714478,0
0.6523453593254089,0.1307094693183899,0.2694646716117859,0.5066865086555481,-0.49879908561706543,0.4981868863105774,-0.49626415967941284,0.6497387886047363,0.13223552703857422,0.03245066851377487,1,0.6740582585334778,0.12990744411945343,0.323658287525177,0.5373023152351379,-0.4763987958431244,0.47514939308166504,-0.508510947227478,0
0.6548289656639099,0.13065801560878754,0.2735145092010498,0.5092053413391113,-0.4971526861190796,0.4965185225009918,-0.49700939655303955,0.6538047790527344,0.1325877159833908,0.036213211715221405,1,0.677100658416748,0.12977592647075653,0.3314697742462158,0.5416311621665955,-0.47331947088241577,0.4717835783958435,-0.5099259614944458,0
0.6574183702468872,0.13059885799884796,0.2779356837272644,0.511921226978302,-0.4953562021255493,0.49468839168548584,-0.4978375732898712,0.6581231951713562,0.13297176361083984,0.04036574810743332,1,0.6799959540367126,0.12963803112506866,0.33932703733444214,0.5459363460540771,-0.47023656964302063,0.46837669610977173,-0.5113259553909302,0
0.6600873470306396,0.13053268194198608,0.2826957702636719,0.514811098575592,-0.4934253394603729,0.4927087128162384,-0.4987373352050781,0.6626529097557068,0.13338303565979004,0.04488025978207588,1,0.682742714881897,0.12949378788471222,0.3472273647785187,0.5502170920372009,-0.46715047955513,0.4649289846420288,-0.5127108693122864,0
0.6628122329711914,0.13045884668827057,0.28776490688323975,0.5178536176681519,-0.4913742244243622,0.49059149622917175,-0.499698668718338,0.667356550693512,0.13381750881671906,0.04973148927092552,1,0.6853408217430115,0.12934362888336182,0.3551676273345947,0.5544732213020325,-0.4640614688396454,0.4614408314228058,-0.5140803456306458,0
0.6655712127685547,0.13037802278995514,0.29311758279800415,0.5210307836532593,-0.4892154335975647,0.4883456528186798,-0.5007129907608032,0.672200083732605,0.13427138328552246,0.054896481335163116,1,0.6877890229225159,0.12918715178966522,0.3631453812122345,0.5587042570114136,-0.4609692394733429,0.4579123854637146,-0.515434741973877,0
0.6683446764945984,0.1302899569272995,0.29872867465019226,0.5243253111839294,-0.4869602918624878,0.48598092794418335,-0.501771867275238,0.6771525144577026,0.13474862277507782,0.060355182737112045,1,0.6900869011878967,0.12902477383613586,0.3711582124233246,0.5629100799560547,-0.457874059677124,0.45434340834617615,-0.5167742967605591,0
0.6711145043373108,0.1301947683095932,0.3045779764652252,0.5277225375175476,-0.48461848497390747,0.4835042357444763,-0.502869188785553,0.6821860074996948,0.13523127138614655,0.0660872757434845,1,0.6922335624694824,0.1288568526506424,0.37920254468917847,0.5670900940895081,-0.45477622747421265,0.45073452591896057,-0.5180982351303101,0
0.6738645434379578,0.13009239733219147,0.31064510345458984,0.5312087535858154,-0.48219892382621765,0.48092296719551086,-0.5039985179901123,0.6872751712799072,0.1357242912054062,0.07207553833723068,1,0.6942284107208252,0.12868300080299377,0.3872760236263275,0.5712436437606812,-0.4516759216785431,0.4470858573913574,-0.5194069743156433,0
0.6765803098678589,0.12998312711715698,0.3169114589691162,0.5347716212272644,-0.479710191488266,0.47824373841285706,-0.5051535964012146,0.6923869848251343,0.13627135753631592,0.07831616699695587,1,0.6960712671279907,0.12850362062454224,0.3953758776187897,0.5753709673881531,-0.4485730826854706,0.4433973729610443,-0.5207007527351379,0
0.6792482137680054,0.12986703217029572,0.32336166501045227,0.5384007096290588,-0.4771585762500763,0.475472092628479,-0.5063305497169495,0.697518527507782,0.13676656782627106,0.084774449467659,1,0.6977611184120178,0.12831911444664001,0.40349915623664856,0.5794712901115417,-0.4454679489135742,0.43966931104660034,-0.521979033946991,0
0.6818565726280212,0.1297440230846405,0.3299802839756012,0.5420859456062317,-0.4745508134365082,0.47261282801628113,-0.5075247287750244,0.7026442885398865,0.13726593554019928,0.09144271165132523,1,0.6992975473403931,0.12812910974025726,0.4116435647010803,0.5835446715354919,-0.4423603415489197,0.43590208888053894,-0.5232419967651367,0
0.6843942403793335,0.12961424887180328,0.3367534875869751,0.5458187460899353,-0.4718926250934601,0.46967074275016785,-0.5087323188781738,0.7077462673187256,0.1377720981836319,0.0983075425028801,1,0.7006805539131165,0.12793399393558502,0.4198058247566223,0.5875906348228455,-0.43925055861473083,0.43209564685821533,-0.5244898200035095,0
0.6868519186973572,0.12947805225849152,0.3436689078807831,0.5495911836624146,-0.4691890776157379,0.4666498899459839,-0.5099500417709351,0.712809145450592,0.13828280568122864,0.10535719245672226,1,0.7019095420837402,0.12773388624191284,0.42798301577568054,0.5916084051132202,-0.4361390173435211,0.42825010418891907,-0.5257223844528198,0
0.6892209053039551,0.1293354481458664,0.3507143557071686,0.5533963441848755,-0.4664444327354431,0.463553786277771,-0.5111750960350037,0.7178122997283936,0.13879352807998657,0.11262688040733337,1,0.7029839754104614,0.12752924859523773,0.4361729621887207,0.595598578453064,-0.43302521109580994,0.4243655204772949,-0.5269396305084229,0
0.6914933323860168,0.12918652594089508,0.35787883400917053,0.5572276711463928,-0.4636631906032562,0.46038615703582764,-0.5124044418334961,0.7227598428726196,0.1393130123615265,0.12000573426485062,1,0.7039040327072144,0.12731963396072388,0.4443719983100891,0.5995598435401917,-0.42990991473197937,0.4204426109790802,-0.5281414985656738,0
0.6936624646186829,0.12903116643428802,0.3651525378227234,0.5610795021057129,-0.4608485698699951,0.45715001225471497,-0.51363605260849,0.727629542350769,0.13983063399791718,0.12753738462924957,1,0.7046691179275513,0.12710551917552948,0.4525781273841858,0.6034920811653137,-0.42679277062416077,0.41648122668266296,-0.5293284058570862,0
0.6957218647003174,0.12886977195739746,0.3725261688232422,0.5649470090866089,-0.45800402760505676,0.4538479745388031,-0.5148681402206421,0.7324112057685852,0.14034490287303925,0.1352166384458542,1,0.7052792906761169,0.12688729166984558,0.46078768372535706,0.607395350933075,-0.4236743748188019,0.41248175501823425,-0.5304993987083435,0
0.6976660490036011,0.1287025511264801,0.3799903988838196,0.5688249468803406,-0.4551326334476471,0.4504828155040741,-0.5160984992980957,0.7371094822883606,0.14091382920742035,0.14301790297031403,1,0.7057346105575562,0.12666454911231995,0.4689983129501343,0.6112691164016724,-0.42055419087409973,0.4084441065788269,-0.5316553711891174,0
0.6994900703430176,0.12852950394153595,0.3875374495983124,0.5727097988128662,-0.4522368311882019,0.447056382894516,-0.517325758934021,0.7416822910308838,0.14141811430454254,0.15096786618232727,1,0.7060346603393555,0.12643776834011078,0.47720736265182495,0.6151130199432373,-0.4174327850341797,0.40436863899230957,-0.5327961444854736,0
0.7011892795562744,0.12835082411766052,0.39515963196754456,0.5765974521636963,-0.4493188261985779,0.4435713589191437,-0.518548309803009,0.7461386322975159,0.14189548790454865,0.15904724597930908,1,0.7061796188354492,0.12620730698108673,0.48541146516799927,0.6189267635345459,-0.41431036591529846,0.40025579929351807,-0.5339211225509644,0
0.7027602791786194,0.1281665563583374,0.402849406003952,0.5804845690727234,-0.4463810324668884,0.44002920389175415,-0.5197651982307434,0.7504801154136658,0.142373725771904,0.16723652184009552,1,0.7061697244644165,0.12597280740737915,0.49360817670822144,0.6227098703384399,-0.4111866354942322,0.3961053788661957,-0.535031259059906,0
0.7041991949081421,0.1279767006635666,0.41060003638267517,0.5843679308891296,-0.4434250593185425,0.4364319443702698,-0.5209753513336182,0.7547004222869873,0.14285311102867126,0.17552809417247772,1,0.7060049176216125,0.12573470175266266,0.5017942190170288,0.6264621615409851,-0.4080621004104614,0.3919181823730469,-0.5361256003379822,0
0.7055028080940247,0.12778183817863464,0.4184052646160126,0.588245153427124,-0.44045278429985046,0.4327809512615204,-0.5221775770187378,0.7587953805923462,0.1433343142271042,0.1839144080877304,1,0.7056854963302612,0.1254931539297104,0.5099672675132751,0.6301831603050232,-0.40493670105934143,0.3876938223838806,-0.5372048020362854,0
0.7066687345504761,0.12758205831050873,0.42625904083251953,0.5921136140823364,-0.43746599555015564,0.4290773570537567,-0.5233713388442993,0.7627598643302917,0.1438162475824356,0.19238930940628052,1,0.7052115201950073,0.12524858117103577,0.5181241631507874,0.6338727474212646,-0.40181049704551697,0.38343268632888794,-0.5382683873176575,0
0.707694411277771,0.12737709283828735,0.43415480852127075,0.595970630645752,-0.4344656765460968,0.425323486328125,-0.5245553851127625,0.7666102647781372,0.1443583369255066,0.20093397796154022,1,0.7045833468437195,0.12500061094760895,0.5262622237205505,0.6375306248664856,-0.39868372678756714,0.3791353702545166,-0.5393165946006775,0
0.7085779309272766,0.12716735899448395,0.44208770990371704,0.5998142957687378,-0.43145304918289185,0.4215202033519745,-0.525729775428772,0.7702734470367432,0.14480827748775482,0.209583580493927,1,0.7038013339042664,0.12474963068962097,0.5343787670135498,0.6411561965942383,-0.3955564796924591,0.3748013377189636,-0.540349543094635,0
0.7093169093132019,0.1269531548023224,0.4500528872013092,0.6036431193351746,-0.42842942476272583,0.417667955160141,-0.5268933773040771,0.7737927436828613,0.1452515423297882,0.21830767393112183,1,0.7028658986091614,0.12449613958597183,0.542470395565033,0.6447494626045227,-0.39242902398109436,0.3704317510128021,-0.5413666367530823,0
0.7099104523658752,0.12673434615135193,0.45804402232170105,0.6074548363685608,-0.4253960847854614,0.4137685298919678,-0.5280458927154541,0.7771679759025574,0.14569534361362457,0.22709797322750092,1,0.7017772197723389,0.1242397204041481,0.5505351424217224,0.6483097672462463,-0.38930100202560425,0.3660260736942291,-0.5423688292503357,0
0.710356593132019,0.1265113353729248,0.46605774760246277,0.611248254776001,-0.42235344648361206,0.4098225235939026,-0.5291867852210999,0.780398428440094,0.146140918135643,0.23594851791858673,1,0.7005361318588257,0.1239808052778244,0.5585694909095764,0.6518371105194092,-0.386172890663147,0.3615849018096924,-0.5433554649353027,0
0.7106542587280273,0.1262841671705246,0.47408851981163025,0.6150218844413757,-0.4193022549152374,0.4058312177658081,-0.5303155779838562,0.7834811806678772,0.14658738672733307,0.2448546290397644,1,0.6991428136825562,0.12371982634067535,0.566571056842804,0.655331015586853,-0.3830449879169464,0.3571084141731262,-0.5443265438079834,0
0.7108027935028076,0.1260533183813095,0.4821320176124573,0.6187743544578552,-0.41624388098716736,0.4017947316169739,-0.5314322710037231,0.7864075899124146,0.14702917635440826,0.25381410121917725,1,0.6975982785224915,0.1234564408659935,0.5745368599891663,0.6587911248207092,-0.3799170255661011,0.35259711742401123,-0.5452821254730225,0
0.7108010649681091,0.12581829726696014,0.4901842474937439,0.6225043535232544,-0.41317838430404663,0.39771464467048645,-0.5325363278388977,0.789175271987915,0.1474655717611313,0.2628224492073059,1,0.6959032416343689,0.12319104373455048,0.5824637413024902,0.6622169017791748,-0.37678956985473633,0.3480511009693146,-0.5462222695350647,0
0.7106484174728394,0.1255798190832138,0.4982403814792633,0.6262105703353882,-0.4101070761680603,0.39359158277511597,-0.5336273908615112,0.791782557964325,0.14789652824401855,0.2718750536441803,1,0.6940576434135437,0.12292379140853882,0.5903501510620117,0.6656087040901184,-0.37366193532943726,0.3434700071811676,-0.5471472144126892,0
0.7103444337844849,0.12533776462078094,0.5062973499298096,0.6298925876617432,-0.4070297181606293,0.389425665140152,-0.5347052812576294,0.7942280769348145,0.14832216501235962,0.2809673845767975,1,0.6920628547668457,0.12265513837337494,0.598192036151886,0.6689658164978027,-0.3705350458621979,0.33885496854782104,-0.5480562448501587,0
0.7098885178565979,0.1250922530889511,0.514350414276123,0.6335486769676208,-0.40394747257232666,0.38521796464920044,-0.535770058631897,0.7965105772018433,0.14874255657196045,0.29009509086608887,1,0.6899193525314331,0.1223846971988678,0.605987548828125,0.6722878217697144,-0.3674086630344391,0.334205687046051,-0.5489502549171448,0
0.7092806100845337,0.12484396249055862,0.5223961472511292,0.6371787190437317,-0.40086063742637634,0.38096874952316284,-0.5368210077285767,0.7986290454864502,0.14915773272514343,0.299253910779953,1,0.6876283884048462,0.12211292237043381,0.6137332916259766,0.675574541091919,-0.3642830550670624,0.32952290773391724,-0.5498286485671997,0
0.7085207104682922,0.12459223717451096,0.5304306149482727,0.6407813429832458,-0.3977692127227783,0.37667909264564514,-0.5378584861755371,0.8005823493003845,0.14956793189048767,0.3084397315979004,1,0.6851904988288879,0.1218402087688446,0.621427059173584,0.6788257956504822,-0.36115819215774536,0.3248065412044525,-0.5506913065910339,0
0.7076081037521362,0.12433802336454391,0.5384505987167358,0.6443560123443604,-0.3946742117404938,0.3723489046096802,-0.5388820171356201,0.8023698329925537,0.14997312426567078,0.3176485002040863,1,0.6826066970825195,0.12156623601913452,0.6290661692619324,0.6820412278175354,-0.3580339550971985,0.3200567066669464,-0.5515387058258057,0
0.7065430879592896,0.12408096343278885,0.5464525818824768,0.6479021310806274,-0.391575425863266,0.3679787516593933,-0.5398916602134705,0.8039907217025757,0.15037353336811066,0.32687631249427795,1,0.6798779964447021,0.1212913766503334,0.6366478204727173,0.6852203607559204,-0.3549109995365143,0.31527402997016907,-0.5523707866668701,0
0.7053262591362,0.12382171303033829,0.5544324517250061,0.6514185667037964,-0.3884739279747009,0.3635696470737457,-0.5408870577812195,0.8054444193840027,0.15076933801174164,0.33611932396888733,1,0.6770057678222656,0.12101608514785767,0.6441690921783447,0.6883631348609924,-0.3517892360687256,0.3104586899280548,-0.5531870126724243,0
0.7039573192596436,0.12355991452932358,0.5623873472213745,0.6549049615859985,-0.3853694498538971,0.35912176966667175,-0.5418683886528015,0.8067305088043213,0.15116064250469208,0.3453737199306488,1,0.6739908456802368,0.12073998898267746,0.6516274809837341,0.6914690136909485,-0.3486687242984772,0.3056109845638275,-0.5539879202842712,0
0.7024365663528442,0.12329600751399994,0.5703140497207642,0.6583606004714966,-0.3822624981403351,0.3546353876590729,-0.5428354144096375,0.8078485727310181,0.15154750645160675,0.35463574528694153,1,0.670833945274353,0.12046352028846741,0.6590210199356079,0.6945381164550781,-0.34554919600486755,0.3007308840751648,-0.5547732710838318,0
0.7007649540901184,0.12302983552217484,0.5782087445259094,0.6617848873138428,-0.379153311252594,0.35011130571365356,-0.5437880754470825,0.8087984919548035,0.15193013846874237,0.3639017939567566,1,0.6673262119293213,0.12016957998275757,0.6668018698692322,0.6977580189704895,-0.34223654866218567,0.2955110967159271,-0.5555907487869263,0
0.6989416480064392,0.12276185303926468,0.5860958099365234,0.6651910543441772,-0.37603485584259033,0.34553396701812744,-0.544724702835083,0.8095868229866028,0.15231171250343323,0.373198926448822,1,0.663661539554596,0.11987581104040146,0.6745027899742126,0.7009353041648865,-0.3389261066913605,0.29025566577911377,-0.5563905835151672,0
0.6969601511955261,0.12249022722244263,0.5939803719520569,0.6685807108879089,-0.37290045619010925,0.34089794754981995,-0.5456497073173523,0.8102108836174011,0.1526913046836853,0.38253551721572876,1,0.6598411798477173,0.11958193778991699,0.6821213960647583,0.7040700316429138,-0.3356170356273651,0.28496450185775757,-0.557172954082489,0
0.6948161721229553,0.12221532315015793,0.6018610596656799,0.6719534993171692,-0.3697488307952881,0.3362013101577759,-0.546564519405365,0.8106666803359985,0.15306846797466278,0.3919106721878052,1,0.6558676362037659,0.11928840726613998,0.6896533370018005,0.7071611881256104,-0.3323105275630951,0.2796390652656555,-0.5579378008842468,0
0.6925070285797119,0.12193728238344193,0.6097331047058105,0.6753073930740356,-0.3665807545185089,0.3314448595046997,-0.547469437122345,0.810950756072998,0.15344326198101044,0.4013199508190155,1,0.6517412662506104,0.11899536103010178,0.6970972418785095,0.7102091908454895,-0.3290058374404907,0.2742786407470703,-0.5586852431297302,0
0.6900315284729004,0.12165674567222595,0.6175910234451294,0.6786404848098755,-0.36339640617370605,0.3266294300556183,-0.5483641028404236,0.8110604286193848,0.15381576120853424,0.41075703501701355,1,0.6474645733833313,0.11870300769805908,0.7044492959976196,0.713213324546814,-0.32570359110832214,0.2688838541507721,-0.5594151020050049,0
0.6873898506164551,0.12137394398450851,0.6254271864891052,0.6819506883621216,-0.36019808053970337,0.32175731658935547,-0.5492475032806396,0.8109935522079468,0.1541861593723297,0.420214980840683,1,0.6430394649505615,0.11841179430484772,0.7117063999176025,0.7161732912063599,-0.3224039375782013,0.2634551525115967,-0.5601274371147156,0
0.684581458568573,0.12108927220106125,0.6332359910011292,0.6852356791496277,-0.3569866120815277,0.31682950258255005,-0.5501195788383484,0.8107484579086304,0.15455448627471924,0.4296865165233612,1,0.6384673118591309,0.11812138557434082,0.7188664078712463,0.7190889120101929,-0.31910642981529236,0.25799301266670227,-0.5608223080635071,0
0.681607186794281,0.12080293148756027,0.6410107016563416,0.6884940266609192,-0.3537631630897522,0.31184783577919006,-0.5509795546531677,0.8103238940238953,0.15492086112499237,0.43916448950767517,1,0.6337504982948303,0.1178322285413742,0.7259258031845093,0.7219595909118652,-0.31581199169158936,0.25249773263931274,-0.5614997744560242,0
0.678467869758606,0.12051539123058319,0.648744523525238,0.6917234063148499,-0.3505294919013977,0.3068143129348755,-0.5518266558647156,0.809718906879425,0.15528538823127747,0.44864189624786377,1,0.6288908123970032,0.11754448711872101,0.7328818440437317,0.7247849702835083,-0.3125205934047699,0.24696975946426392,-0.5621597170829773,0
0.675164520740509,0.12022681534290314,0.6564319729804993,0.6949223279953003,-0.3472866415977478,0.3017302453517914,-0.5526605248451233,0.8089329600334167,0.1556481570005417,0.458111971616745,1,0.6238899827003479,0.11725834012031555,0.7397322654724121,0.7275650501251221,-0.30923184752464294,0.2414092868566513,-0.5628021359443665,0
0.6716982126235962,0.11993742734193802,0.6640668511390686,0.6980891823768616,-0.3440360128879547,0.29659751057624817,-0.5534804463386536,0.8079658150672913,0.1560092270374298,0.4675682783126831,1,0.6187505125999451,0.11697418987751007,0.7464739680290222,0.7302994728088379,-0.3059465289115906,0.23581679165363312,-0.5634268522262573,0
0.6680702567100525,0.11964765191078186,0.671643853187561,0.7012223601341248,-0.3407784700393677,0.29141736030578613,-0.5542860627174377,0.8068172931671143,0.1563687026500702,0.47700461745262146,1,0.6134742498397827,0.11669178307056427,0.7531041502952576,0.7329877614974976,-0.3026643991470337,0.23019255697727203,-0.5640342235565186,0
0.6642817854881287,0.11935767531394958,0.6791577935218811,0.7043205499649048,-0.33751484751701355,0.2861909568309784,-0.5550774335861206,0.8054875731468201,0.15672670304775238,0.4864150583744049,1,0.6080633401870728,0.11641145497560501,0.7596206068992615,0.7356296181678772,-0.2993856370449066,0.22453701496124268,-0.564624011516571,0
0.6603349447250366,0.11906749755144119,0.6866033673286438,0.7073826193809509,-0.3342462182044983,0.2809198796749115,-0.555853545665741,0.8039770126342773,0.15708331763744354,0.4957939386367798,1,0.6025202870368958,0.11613341420888901,0.7660202980041504,0.7382248044013977,-0.2961103022098541,0.21885059773921967,-0.5651965737342834,0
0.6562310457229614,0.11877748370170593,0.6939758062362671,0.7104073166847229,-0.33097320795059204,0.275605171918869,-0.5566146373748779,0.8022860288619995,0.157438725233078,0.5051358342170715,1,0.5968471765518188,0.1158578172326088,0.7723010182380676,0.7407731413841248,-0.2928386628627777,0.21313349902629852,-0.5657514333724976,0
0.6519713401794434,0.1184881329536438,0.7012709975242615,0.713394045829773,-0.32769638299942017,0.27024751901626587,-0.557360053062439,0.8004153966903687,0.15779298543930054,0.5144355297088623,1,0.5913909673690796,0.11560103297233582,0.7781012058258057,0.7431284785270691,-0.28976303339004517,0.2077254354953766,-0.5662574172019958,0
0.647567868232727,0.11819999665021896,0.7084619998931885,0.7163301110267639,-0.3244238495826721,0.26486584544181824,-0.5580917596817017,0.7983692288398743,0.1581438183784485,0.5236603021621704,1,0.5858237147331238,0.11534643918275833,0.7837916016578674,0.7454414367675781,-0.28669100999832153,0.20229092240333557,-0.5667482614517212,0
0.6430315971374512,0.11791479587554932,0.7155373096466064,0.7192128896713257,-0.32116273045539856,0.259467750787735,-0.5588057041168213,0.7961539030075073,0.1584922969341278,0.5327945947647095,1,0.5801470279693604,0.11509443074464798,0.7893702387809753,0.7477123737335205,-0.28362202644348145,0.19683007895946503,-0.5672236084938049,0
0.6383694410324097,0.11763227730989456,0.7224922180175781,0.7220422625541687,-0.31791502237319946,0.2540556788444519,-0.5595003962516785,0.7937748432159424,0.1588389277458191,0.541831374168396,1,0.5743638277053833,0.1148451417684555,0.7948348522186279,0.7499403357505798,-0.2805572748184204,0.19134405255317688,-0.5676833391189575,0
0.6335852742195129,0.11735256761312485,0.7293251156806946,0.7248185276985168,-0.3146809935569763,0.24863062798976898,-0.5601756572723389,0.7912363409996033,0.15918375551700592,0.5507673621177673,1,0.5684751272201538,0.11459886282682419,0.8001840710639954,0.7521258592605591,-0.2774960398674011,0.18583236634731293,-0.5681275129318237,0
0.6286830306053162,0.11707580834627151,0.7360339164733887,0.7275423407554626,-0.3114609122276306,0.2431923747062683,-0.5608311295509338,0.7885416150093079,0.159526988863945,0.5596012473106384,1,0.5624838471412659,0.11435533314943314,0.8054156303405762,0.7542679905891418,-0.2744387686252594,0.18029575049877167,-0.5685564279556274,0
0.623664379119873,0.11680145561695099,0.7426196336746216,0.7302144169807434,-0.30825379490852356,0.23774060606956482,-0.5614674687385559,0.7856934666633606,0.1598687469959259,0.5683327317237854,1,0.5563914775848389,0.11411488801240921,0.8105278015136719,0.7563671469688416,-0.2713852822780609,0.17473424971103668,-0.5689698457717896,0
0.6185309886932373,0.11652983725070953,0.7490821480751038,0.7328357696533203,-0.30505871772766113,0.23227374255657196,-0.5620850920677185,0.7826942205429077,0.16020919382572174,0.5769618153572083,1,0.5502011775970459,0.11387782543897629,0.8155184984207153,0.7584227919578552,-0.2683361768722534,0.16914883255958557,-0.5693674683570862,0
0.6132847666740417,0.1162605881690979,0.7554217576980591,0.7354070544242859,-0.30187511444091797,0.2267914116382599,-0.5626841187477112,0.7795459628105164,0.160548597574234,0.5854886770248413,1,0.543914258480072,0.11364386230707169,0.8203861713409424,0.7604343891143799,-0.26529115438461304,0.1635390967130661,-0.5697500705718994,0
0.6079273223876953,0.11599431186914444,0.7616378664970398,0.7379288077354431,-0.2987024486064911,0.22129292786121368,-0.5632649064064026,0.7762506008148193,0.16088712215423584,0.5939133763313293,1,0.5375334024429321,0.11341333389282227,0.8251290321350098,0.7624021172523499,-0.26225045323371887,0.1579059362411499,-0.5701168775558472,0
0.602459192276001,0.11573091149330139,0.7677314877510071,0.7404019236564636,-0.295539528131485,0.21577683091163635,-0.5638276934623718,0.7728101015090942,0.16122503578662872,0.6022359132766724,1,0.5310609340667725,0.11318653076887131,0.829745352268219,0.7643256783485413,-0.2592143416404724,0.15224942564964294,-0.5704684257507324,0
0.5968825817108154,0.1154700294137001,0.7737016081809998,0.7428265810012817,-0.29238563776016235,0.2102428674697876,-0.5643731951713562,0.7692261338233948,0.16156263649463654,0.6104560494422913,1,0.524498701095581,0.11296315491199493,0.8342338800430298,0.7662048935890198,-0.2561824321746826,0.14656983315944672,-0.5708044767379761,0
0.5911982655525208,0.11521222442388535,0.7795485854148865,0.7452036738395691,-0.28924012184143066,0.20468993484973907,-0.5649014115333557,0.765500545501709,0.16190001368522644,0.6185733079910278,1,0.5178496241569519,0.11274354159832001,0.8385924100875854,0.7680395245552063,-0.2531551122665405,0.1408674418926239,-0.571125328540802,0
0.5854082703590393,0.11495760828256607,0.7852713465690613,0.7475332021713257,-0.28610286116600037,0.19911761581897736,-0.5654124617576599,0.7616350054740906,0.16223753988742828,0.6265871524810791,1,0.511116087436676,0.1125277653336525,0.8428196310997009,0.7698291540145874,-0.2501327097415924,0.13514316082000732,-0.571430504322052,0
0.5795140862464905,0.1147058755159378,0.7908696532249451,0.7498155236244202,-0.2829730808734894,0.19352556765079498,-0.5659068822860718,0.7576314210891724,0.1625753939151764,0.634496808052063,1,0.504300057888031,0.11231612414121628,0.8469141721725464,0.7715739607810974,-0.24711523950099945,0.12939690053462982,-0.5717203617095947,0
0.5735167860984802,0.11445733904838562,0.7963426113128662,0.752051055431366,-0.279850035905838,0.18791279196739197,-0.5663848519325256,0.7534915208816528,0.1629137098789215,0.6423014402389526,1,0.49740445613861084,0.11210833489894867,0.8508741855621338,0.7732733488082886,-0.24410273134708405,0.12362928688526154,-0.5719947814941406,0
0.5674189925193787,0.11421212553977966,0.8016891479492188,0.7542396187782288,-0.27673420310020447,0.1822800487279892,-0.5668462514877319,0.7492170929908752,0.16325274109840393,0.6499999165534973,1,0.4904315173625946,0.11190466582775116,0.8546985387802124,0.7749271988868713,-0.2410951554775238,0.11784029006958008,-0.5722538828849792,0
0.5612214207649231,0.1139703318476677,0.8069087862968445,0.7563817501068115,-0.2736245393753052,0.17662620544433594,-0.5672911405563354,0.7448099851608276,0.16359259188175201,0.6575911045074463,1,0.4824381172657013,0.1116790771484375,0.8588672876358032,0.7767466902732849,-0.23769241571426392,0.11125418543815613,-0.5725288391113281,0
0.5548881888389587,0.11372988671064377,0.8120313286781311,0.7584958672523499,-0.2705058157444,0.1709095686674118,-0.567715048789978,0.7402446269989014,0.1639379858970642,0.665119469165802,1,0.47435253858566284,0.11145903170108795,0.8628577589988708,0.7785072326660156,-0.23429667949676514,0.104642353951931,-0.572783887386322,0
0.5484000444412231,0.11348915845155716,0.817066490650177,0.7605834603309631,-0.2673652768135071,0.16511623561382294,-0.5681242942810059,0.7355071902275085,0.16428765654563904,0.6726037859916687,1,0.466178297996521,0.11124464869499207,0.8666683435440063,0.7802084684371948,-0.23090796172618866,0.09800469130277634,-0.5730194449424744,0
0.5417487025260925,0.11324899643659592,0.8220142722129822,0.7626432180404663,-0.26419883966445923,0.15924182534217834,-0.5685210824012756,0.7305904030799866,0.1646416336297989,0.6800467371940613,1,0.45791858434677124,0.11103588342666626,0.8702974915504456,0.7818502187728882,-0.22752587497234344,0.09134163707494736,-0.5732353925704956,0
0.5349324941635132,0.1130104660987854,0.8268700838088989,0.7646731734275818,-0.26100635528564453,0.15328654646873474,-0.5689058303833008,0.725491464138031,0.16500036418437958,0.6874439120292664,1,0.44957804679870605,0.11083317548036575,0.8737429976463318,0.7834323048591614,-0.22415116429328918,0.08465453237295151,-0.5734314322471619,0
0.5279534459114075,0.11277380585670471,0.8316270112991333,0.7666703462600708,-0.2577885091304779,0.14725221693515778,-0.56927889585495,0.7202105522155762,0.1653643399477005,0.694787323474884,1,0.44116029143333435,0.11063647270202637,0.8770036101341248,0.7849544286727905,-0.22078391909599304,0.07794348895549774,-0.5736076235771179,0
0.5208161473274231,0.11254005879163742,0.8362763524055481,0.7686320543289185,-0.2545481324195862,0.1411433070898056,-0.5696390271186829,0.7147495150566101,0.1657337248325348,0.7020673751831055,1,0.43266844749450684,0.11044585704803467,0.8800776600837708,0.7864162921905518,-0.21742385625839233,0.07120855897665024,-0.573764443397522,0
0.513526201248169,0.11230949312448502,0.8408101201057434,0.7705556154251099,-0.25128722190856934,0.13496316969394684,-0.5699857473373413,0.7091113924980164,0.1661086529493332,0.7092738151550293,1,0.42410755157470703,0.11026128381490707,0.8829637169837952,0.7878174781799316,-0.21407140791416168,0.06445127725601196,-0.5739014744758606,0
0.506089448928833,0.11208251863718033,0.8452200889587402,0.7724382281303406,-0.24800841510295868,0.12871606647968292,-0.570318341255188,0.7032999992370605,0.16648907959461212,0.7163965702056885,1,0.415480375289917,0.11008314043283463,0.8856604099273682,0.7891579866409302,-0.21072663366794586,0.05767108127474785,-0.5740190148353577,0
0.49851229786872864,0.11185955256223679,0.849498450756073,0.7742781043052673,-0.2447144240140915,0.12240611016750336,-0.5706356763839722,0.6973194479942322,0.1668749898672104,0.7234258055686951,1,0.4067918658256531,0.10991133749485016,0.8881663084030151,0.790437638759613,-0.20738989114761353,0.05086974427103996,-0.5741167068481445,0
0.4908009469509125,0.1116408109664917,0.8536384105682373,0.7760725021362305,-0.24140702188014984,0.11603701114654541,-0.57093745470047,0.6911739706993103,0.16726641356945038,0.7303523421287537,1,0.3980449438095093,0.10974598675966263,0.8904805183410645,0.7916558384895325,-0.20406101644039154,0.04404660314321518,-0.5741950869560242,0
0.4829626679420471,0.11142667382955551,0.8576325178146362,0.7778193950653076,-0.23808903992176056,0.1096123605966568,-0.5712228417396545,0.684866189956665,0.1676686704158783,0.7371670603752136,1,0.3892446756362915,0.10958696156740189,0.892601728439331,0.7928126454353333,-0.2007405012845993,0.03720325976610184,-0.5742536783218384,0
0.4750024378299713,0.11121714860200882,0.8614757657051086,0.7795174717903137,-0.2347620278596878,0.10313520580530167,-0.5714914202690125,0.6784041523933411,0.16807132959365845,0.7438631057739258,1,0.38039445877075195,0.10943467915058136,0.8945286870002747,0.793907642364502,-0.19742809236049652,0.03033972531557083,-0.574292778968811,0
0.46692711114883423,0.11101257801055908,0.8651618361473083,0.7811645865440369,-0.23142759501934052,0.09660918265581131,-0.5717427730560303,0.6717915534973145,0.16847825050354004,0.7504324913024902,1,0.3714984357357025,0.10928899794816971,0.8962607383728027,0.7949407696723938,-0.19412432610988617,0.023456865921616554,-0.5743124485015869,0
0.45874273777008057,0.11081313341856003,0.8686859607696533,0.7827593684196472,-0.2280878871679306,0.0900367945432663,-0.5719763040542603,0.665032684803009,0.1688905954360962,0.7568684220314026,1,0.3625604212284088,0.1091499999165535,0.8977970480918884,0.7959117293357849,-0.1908288449048996,0.016554540023207664,-0.5743123888969421,0
