0.3625604212284088,0.1091499999165535,0.8977970480918884,0.7959117293357849,-0.1908288449048996,0.016554540023207664,-0.5743123888969421,0.5020909309387207,0.009625107049942017,0.019999999552965164,0,0.3625604212284088,0.1091499999165535,0.8977970480918884,0.7959117293357849,-0.1908288449048996,0.016554540023207664,-0.5743123888969421,1
0.3628040552139282,0.10916154831647873,0.8976776003837585,0.7959170937538147,-0.19090838730335236,0.016660241410136223,-0.5742754340171814,0.5020909309387207,0.009625107049942017,0.01981772482395172,0,0.3625604212284088,0.1091499999165535,0.8977970480918884,0.7959117293357849,-0.1908288449048996,0.016554540023207664,-0.5743123888969421,1
0.3632446825504303,0.10916890949010849,0.8974825739860535,0.7959179878234863,-0.1910729855298996,0.016885489225387573,-0.574212908744812,0.5020909309387207,0.009625107049942017,0.019884351640939713,0,0.3625604212284088,0.1091499999165535,0.8977970480918884,0.7959117293357849,-0.1908288449048996,0.016554540023207664,-0.5743123888969421,1
0.36376747488975525,0.10917111486196518,0.8972581028938293,0.7959133982658386,-0.1912766695022583,0.017166968435049057,-0.5741432309150696,0.5020909309387207,0.009625107049942017,0.019923370331525803,0,0.3625604212284088,0.1091499999165535,0.8977970480918884,0.7959117293357849,-0.1908288449048996,0.016554540023207664,-0.5743123888969421,1
0.3643089532852173,0.10917005687952042,0.8970283269882202,0.7959052920341492,-0.1914910078048706,0.01746424101293087,-0.5740739107131958,0.5020909309387207,0.009625107049942017,0.019946129992604256,0,0.3625604212284088,0.1091499999165535,0.8977970480918884,0.7959117293357849,-0.1908288449048996,0.016554540023207664,-0.5743123888969421,1
0.36483412981033325,0.10916749387979507,0.8968064785003662,0.7958957552909851,-0.19170089066028595,0.017755331471562386,-0.5740082263946533,0.5020909309387207,0.009625107049942017,0.019959423691034317,0,0.3625604212284088,0.1091499999165535,0.8977970480918884,0.7959117293357849,-0.1908288449048996,0.016554540023207664,-0.5743123888969421,1
0.3653259873390198,0.10916423052549362,0.8965990543365479,0.7958859801292419,-0.19189804792404175,0.01802937313914299,-0.5739471912384033,0.5020909309387207,0.009625107049942017,0.019967196509242058,0,0.3625604212284088,0.1091499999165535,0.8977970480918884,0.7959117293357849,-0.1908288449048996,0.016554540023207664,-0.5743123888969421,1
0.36577728390693665,0.10916095972061157,0.89640873670578,0.7958768010139465,-0.19207923114299774,0.01828133687376976,-0.5738914608955383,0.5020909309387207,0.009625107049942017,0.01997174322605133,0,0.3625604212284088,0.1091499999165535,0.8977970480918884,0.7959117293357849,-0.1908288449048996,0.016554540023207664,-0.5743123888969421,1
0.366186261177063,0.10915781557559967,0.8962359428405762,0.7958679795265198,-0.1922435611486435,0.018509861081838608,-0.5738412737846375,0.5020909309387207,0.009625107049942017,0.019974403083324432,0,0.3625604212284088,0.1091499999165535,0.8977970480918884,0.7959117293357849,-0.1908288449048996,0.016554540023207664,-0.5743123888969421,1
0.3665536642074585,0.1091550812125206,0.8960806727409363,0.7958602905273438,-0.19239117205142975,0.01871492713689804,-0.5737957954406738,0.5020909309387207,0.009625107049942017,0.01997595839202404,0,0.3625604212284088,0.1091499999165535,0.8977970480918884,0.7959117293357849,-0.1908288449048996,0.016554540023207664,-0.5743123888969421,1
0.36688217520713806,0.10915274918079376,0.895941436290741,0.7958534359931946,-0.1925230473279953,0.018898339942097664,-0.5737552642822266,0.5020909309387207,0.009625107049942017,0.019976869225502014,0,0.3625604212284088,0.1091499999165535,0.8977970480918884,0.7959117293357849,-0.1908288449048996,0.016554540023207664,-0.5743123888969421,1
0.3671749234199524,0.10915068536996841,0.8958170413970947,0.7958471775054932,-0.1926405429840088,0.019061513245105743,-0.5737189054489136,0.5020909309387207,0.009625107049942017,0.019977401942014694,0,0.3625604212284088,0.1091499999165535,0.8977970480918884,0.7959117293357849,-0.1908288449048996,0.016554540023207664,-0.5743123888969421,1
0.36743536591529846,0.10914917290210724,0.8957062363624573,0.7958419322967529,-0.19274485111236572,0.019206577911973,-0.5736864805221558,0.5020909309387207,0.009625107049942017,0.019977713003754616,0,0.3625604212284088,0.1091499999165535,0.8977970480918884,0.7959117293357849,-0.1908288449048996,0.016554540023207664,-0.5743123888969421,1
0.3676663637161255,0.10914792865514755,0.8956077694892883,0.7958371639251709,-0.19283725321292877,0.019334783777594566,-0.5736575722694397,0.5020909309387207,0.009625107049942017,0.01997789368033409,0,0.3625604212284088,0.1091499999165535,0.8977970480918884,0.7959117293357849,-0.1908288449048996,0.016554540023207664,-0.5743123888969421,1
0.3678717017173767,0.10914682596921921,0.8955199718475342,0.7958332300186157,-0.1929192990064621,0.019448645412921906,-0.573631763458252,0.5020909309387207,0.009625107049942017,0.019978001713752747,0,0.3625604212284088,0.1091499999165535,0.8977970480918884,0.7959117293357849,-0.1908288449048996,0.016554540023207664,-0.5743123888969421,1
0.3680533766746521,0.10914600640535355,0.8954421877861023,0.795829713344574,-0.19299162924289703,0.01954904943704605,-0.5736088156700134,0.5020909309387207,0.009625107049942017,0.01997806318104267,0,0.3625604212284088,0.1091499999165535,0.8977970480918884,0.7959117293357849,-0.1908288449048996,0.016554540023207664,-0.5743123888969421,1
0.3682141900062561,0.10914544761180878,0.8953732252120972,0.79582679271698,-0.19305557012557983,0.01963799074292183,-0.5735883712768555,0.5020909309387207,0.009625107049942017,0.019978100433945656,0,0.3625604212284088,0.1091499999165535,0.8977970480918884,0.7959117293357849,-0.1908288449048996,0.016554540023207664,-0.5743123888969421,1
0.3683570623397827,0.10914503037929535,0.8953116536140442,0.7958241105079651,-0.19311225414276123,0.019716612994670868,-0.5735701322555542,0.5020909309387207,0.009625107049942017,0.019978120923042297,0,0.3625604212284088,0.1091499999165535,0.8977970480918884,0.7959117293357849,-0.1908288449048996,0.016554540023207664,-0.5743123888969421,1
0.36848360300064087,0.10914475470781326,0.8952572345733643,0.7958218455314636,-0.1931624412536621,0.019786084070801735,-0.5735539793968201,0.5020909309387207,0.009625107049942017,0.019978133961558342,0,0.3625604212284088,0.1091499999165535,0.8977970480918884,0.7959117293357849,-0.1908288449048996,0.016554540023207664,-0.5743123888969421,1
0.36859551072120667,0.10914462059736252,0.8952088356018066,0.7958201169967651,-0.19320662319660187,0.019847365096211433,-0.5735394358634949,0.5020909309387207,0.009625107049942017,0.01997814141213894,0,0.3625604212284088,0.1091499999165535,0.8977970480918884,0.7959117293357849,-0.1908288449048996,0.016554540023207664,-0.5743123888969421,1
0.36869457364082336,0.10914447903633118,0.8951660394668579,0.7958184480667114,-0.1932457685470581,0.01990160159766674,-0.5735267996788025,0.5020909309387207,0.009625107049942017,0.019978145137429237,0,0.3625604212284088,0.1091499999165535,0.8977970480918884,0.7959117293357849,-0.1908288449048996,0.016554540023207664,-0.5743123888969421,1
0.3687824606895447,0.10914447903633118,0.8951278328895569,0.795816957950592,-0.19328033924102783,0.01994943805038929,-0.5735154151916504,0.5020909309387207,0.009625107049942017,0.019978148862719536,0,0.3625604212284088,0.1091499999165535,0.8977970480918884,0.7959117293357849,-0.1908288449048996,0.016554540023207664,-0.5743123888969421,1
0.36886000633239746,0.10914461314678192,0.895094096660614,0.7958159446716309,-0.19331079721450806,0.019991593435406685,-0.5735051035881042,0.5020909309387207,0.009625107049942017,0.019978148862719536,0,0.3625604212284088,0.1091499999165535,0.8977970480918884,0.7959117293357849,-0.1908288449048996,0.016554540023207664,-0.5743123888969421,1
0.36892861127853394,0.10914474725723267,0.8950642347335815,0.7958149909973145,-0.19333770871162415,0.02002882771193981,-0.5734960436820984,0.5020909309387207,0.009625107049942017,0.019978148862719536,0,0.3625604212284088,0.1091499999165535,0.8977970480918884,0.7959117293357849,-0.1908288449048996,0.016554540023207664,-0.5743123888969421,1
0.3689894676208496,0.10914488881826401,0.8950377106666565,0.7958140969276428,-0.1933615803718567,0.020061763003468513,-0.5734882354736328,0.5020909309387207,0.009625107049942017,0.019978148862719536,0,0.3625604212284088,0.1091499999165535,0.8977970480918884,0.7959117293357849,-0.1908288449048996,0.016554540023207664,-0.5743123888969421,1
0.3690434694290161,0.10914502292871475,0.8950141072273254,0.7958134412765503,-0.1933826208114624,0.020090937614440918,-0.5734809041023254,0.5020909309387207,0.009625107049942017,0.019978148862719536,0,0.3625604212284088,0.1091499999165535,0.8977970480918884,0.7959117293357849,-0.1908288449048996,0.016554540023207664,-0.5743123888969421,1
0.3690912425518036,0.10914530605077744,0.8949931859970093,0.7958129048347473,-0.1934012621641159,0.02011662721633911,-0.5734745860099792,0.5020909309387207,0.009625107049942017,0.019978148862719536,0,0.3625604212284088,0.1091499999165535,0.8977970480918884,0.7959117293357849,-0.1908288449048996,0.016554540023207664,-0.5743123888969421,1
0.3691335916519165,0.10914543271064758,0.8949745893478394,0.7958122491836548,-0.19341766834259033,0.02013932727277279,-0.5734689831733704,0.5020909309387207,0.009625107049942017,0.019978148862719536,0,0.3625604212284088,0.1091499999165535,0.8977970480918884,0.7959117293357849,-0.1908288449048996,0.016554540023207664,-0.5743123888969421,1
0.369171142578125,0.10914570838212967,0.894957959651947,0.7958120107650757,-0.19343216717243195,0.020159302279353142,-0.5734638571739197,0.5020909309387207,0.009625107049942017,0.019978148862719536,0,0.3625604212284088,0.1091499999165535,0.8977970480918884,0.7959117293357849,-0.1908288449048996,0.016554540023207664,-0.5743123888969421,1
0.36920416355133057,0.10914599150419235,0.8949434161186218,0.795811653137207,-0.19344498217105865,0.020176958292722702,-0.5734593868255615,0.5020909309387207,0.009625107049942017,0.019978148862719536,0,0.3625604212284088,0.1091499999165535,0.8977970480918884,0.7959117293357849,-0.1908288449048996,0.016554540023207664,-0.5743123888969421,1
0.36923354864120483,0.1091461256146431,0.8949304223060608,0.7958112955093384,-0.1934562772512436,0.020192500203847885,-0.5734555721282959,0.5020909309387207,0.009625107049942017,0.019978148862719536,0,0.36923354864120483,0.1091461256146431,0.8949304223060608,0.7958112955093384,-0.1934562772512436,0.020192500203847885,-0.5734555721282959,1
0.3694966435432434,0.10915748029947281,0.8948008418083191,0.7958157062530518,-0.1935444176197052,0.020310046151280403,-0.5734154582023621,0.5020909309387207,0.009625107049942017,0.019978148862719536,0,0.3745841383934021,0.10841214656829834,0.8950399160385132,0.7942981719970703,-0.1969199925661087,0.025509467348456383,-0.5741621851921082,1
0.3702840507030487,0.1091136708855629,0.8946720957756042,0.7957040071487427,-0.19394069910049438,0.02090829610824585,-0.573415219783783,0.5020909309387207,0.009625107049942017,0.019978148862719536,0,0.3798973858356476,0.10765762627124786,0.8950252532958984,0.7927499413490295,-0.2003776878118515,0.030821016058325768,-0.5748446583747864,1
0.3715592324733734,0.10900361090898514,0.8945523500442505,0.7954561710357666,-0.19465631246566772,0.021994587033987045,-0.5734758973121643,0.5020909309387207,0.009625107049942017,0.019978148862719536,0,0.3851734697818756,0.10688289254903793,0.8948861360549927,0.7911669611930847,-0.20382992923259735,0.03612830117344856,-0.5755021572113037,1
0.3732689619064331,0.10882976651191711,0.8944365382194519,0.7950795888900757,-0.19565950334072113,0.02352086640894413,-0.5735960006713867,0.5020909309387207,0.009625107049942017,0.019978148862719536,0,0.3904094398021698,0.10608835518360138,0.8946231007575989,0.7895495295524597,-0.2072763442993164,0.04142988100647926,-0.5761349201202393,1
0.37536561489105225,0.10859636217355728,0.8943169713020325,0.7945839166641235,-0.1969202607870102,0.025441518053412437,-0.5737696290016174,0.5020909309387207,0.009625107049942017,0.019978148862719536,0,0.3956037759780884,0.10527394711971283,0.8942367434501648,0.7878977656364441,-0.21071699261665344,0.046726275235414505,-0.5767427682876587,1
0.3778051733970642,0.10830765962600708,0.8941853642463684,0.7939779162406921,-0.19841094315052032,0.02771538496017456,-0.5739895701408386,0.5020909309387207,0.009625107049942017,0.019978148862719536,0,0.4007551372051239,0.10444021970033646,0.8937272429466248,0.7862116098403931,-0.21415169537067413,0.05201681703329086,-0.5773252248764038,1
0.380548357963562,0.107967309653759,0.8940324783325195,0.7932694554328918,-0.2001078575849533,0.03030591458082199,-0.5742489695549011,0.5020909309387207,0.009625107049942017,0.019978148862719536,0,0.4058617353439331,0.10358717292547226,0.8930950164794922,0.7844914197921753,-0.2175799459218979,0.05730156973004341,-0.5778828263282776,1
0.3835591673851013,0.10757865011692047,0.8938491344451904,0.7924655675888062,-0.2019885629415512,0.03317956253886223,-0.5745415091514587,0.5020909309387207,0.009625107049942017,0.019978148862719536,0,0.41092175245285034,0.10271519422531128,0.8923406600952148,0.7827376127243042,-0.2210022360086441,0.06258023530244827,-0.5784147381782532,1
0.3868047893047333,0.10714434087276459,0.893626868724823,0.7915720343589783,-0.2040332406759262,0.03630659356713295,-0.5748615264892578,0.5020909309387207,0.009625107049942017,0.019978148862719536,0,0.4159337878227234,0.10182476788759232,0.8914645910263062,0.7809500098228455,-0.22441807389259338,0.06785234063863754,-0.5789210200309753,1
0.3902556598186493,0.10666706413030624,0.8933568596839905,0.7905943989753723,-0.2062244862318039,0.03966012969613075,-0.5752033591270447,0.5020909309387207,0.009625107049942017,0.019978148862719536,0,0.42089608311653137,0.10091584175825119,0.8904671669006348,0.7791290879249573,-0.22782741487026215,0.07311795651912689,-0.5794014930725098,1
0.39388522505760193,0.10614895075559616,0.8930310606956482,0.789537250995636,-0.20854578912258148,0.043215882033109665,-0.5755623579025269,0.5020909309387207,0.009625107049942017,0.019978148862719536,0,0.4258071482181549,0.09998892992734909,0.8893490433692932,0.7772747874259949,-0.23123010993003845,0.07837685942649841,-0.5798563957214355,1
0.397670179605484,0.1055917963385582,0.8926417827606201,0.7884045839309692,-0.21098364889621735,0.04695321246981621,-0.5759336352348328,0.5020909309387207,0.009625107049942017,0.019978148862719536,0,0.43066534399986267,0.09904452413320541,0.8881108164787292,0.7753877639770508,-0.23462648689746857,0.08362889289855957,-0.580284833908081,1
0.40158748626708984,0.10499744117259979,0.892182469367981,0.7872000932693481,-0.21352483332157135,0.05085168778896332,-0.5763134956359863,0.5020909309387207,0.009625107049942017,0.019978148862719536,0,0.43546831607818604,0.09808264672756195,0.8867531418800354,0.773467481136322,-0.23801563680171967,0.08887304365634918,-0.5806875228881836,1
0.4056178033351898,0.104367695748806,0.891646683216095,0.7859274744987488,-0.2161577194929123,0.054894108325242996,-0.576697826385498,0.5020909309387207,0.009625107049942017,0.019978148862719536,0,0.4402150809764862,0.09710395336151123,0.8852768540382385,0.7715150117874146,-0.24139787256717682,0.09410971403121948,-0.5810635685920715,1
0.40974360704421997,0.10370392352342606,0.8910285830497742,0.7845895290374756,-0.21887239813804626,0.0590653270483017,-0.5770835280418396,0.5020909309387207,0.009625107049942017,0.019978148862719536,0,0.44490453600883484,0.09610850363969803,0.8836817145347595,0.7695298194885254,-0.24477322399616241,0.09933874011039734,-0.5814135074615479,1
0.41394853591918945,0.10300745069980621,0.890323281288147,0.7831891775131226,-0.2216595560312271,0.06335090100765228,-0.5774672627449036,0.5020909309387207,0.009625107049942017,0.019978148862719536,0,0.4495348036289215,0.09509681910276413,0.8819690942764282,0.7675124406814575,-0.24814146757125854,0.10456016659736633,-0.5817368030548096,1
0.41821780800819397,0.1022796481847763,0.8895262479782104,0.7817288637161255,-0.22451050579547882,0.06773834675550461,-0.577846348285675,0.5020909309387207,0.009625107049942017,0.019978148862719536,0,0.4541037678718567,0.0940694808959961,0.8801397085189819,0.7654630541801453,-0.25150224566459656,0.10977278649806976,-0.5820332169532776,1
0.4225381016731262,0.10152177512645721,0.8886334896087646,0.7802109718322754,-0.2274181991815567,0.07221616804599762,-0.5782183408737183,0.5020909309387207,0.009625107049942017,0.019978148862719536,0,0.45861050486564636,0.09302656352519989,0.8781939148902893,0.7633818984031677,-0.254855751991272,0.11497698724269867,-0.5823031067848206,1
0.4268972873687744,0.10073496401309967,0.8876414895057678,0.778637707233429,-0.23037588596343994,0.07677441090345383,-0.578580915927887,0.5020909309387207,0.009625107049942017,0.019978148862719536,0,0.4630533456802368,0.09196878969669342,0.8761326670646667,0.761269211769104,-0.25820192694664,0.12017279863357544,-0.5825456380844116,1
0.4312838315963745,0.09992028772830963,0.8865476846694946,0.777010977268219,-0.23337742686271667,0.08140354603528976,-0.5789321064949036,0.5020909309387207,0.009625107049942017,0.019978148862719536,0,0.4674306809902191,0.09089624136686325,0.8739567399024963,0.7591248750686646,-0.26154017448425293,0.125359445810318,-0.5827615857124329,1
0.4356883764266968,0.0990786999464035,0.8853490948677063,0.7753324508666992,-0.2364174872636795,0.0860956534743309,-0.5792701840400696,0.5020909309387207,0.009625107049942017,0.019978148862719536,0,0.4717405438423157,0.08980955928564072,0.871667206287384,0.7569495439529419,-0.2648707628250122,0.13053683936595917,-0.5829501748085022,1
0.4401009678840637,0.09821134805679321,0.8840440511703491,0.7736039757728577,-0.23949119448661804,0.0908428505063057,-0.5795932412147522,0.5020909309387207,0.009625107049942017,0.019978148862719536,0,0.4759823977947235,0.08870935440063477,0.8692643642425537,0.7547433376312256,-0.2681936025619507,0.1357046514749527,-0.5831114053726196,1
0.444513738155365,0.09731905162334442,0.8826304078102112,0.7718271017074585,-0.2425941377878189,0.09563874453306198,-0.5799002647399902,0.5020909309387207,0.009625107049942017,0.019978148862719536,0,0.48015421628952026,0.08759569376707077,0.8667491674423218,0.7525061964988708,-0.27150866389274597,0.14086318016052246,-0.5832452774047852,1
0.4489184319972992,0.09640292823314667,0.8811071515083313,0.7700031399726868,-0.24572250247001648,0.1004772037267685,-0.58018958568573,0.5020909309387207,0.009625107049942017,0.019978148862719536,0,0.48425421118736267,0.08646927028894424,0.8641230463981628,0.7502386569976807,-0.2748151421546936,0.1460115611553192,-0.5833515524864197,1
0.45330810546875,0.095463827252388,0.8794730305671692,0.7681338787078857,-0.2488725334405899,0.10535230487585068,-0.5804598927497864,0.5020909309387207,0.009625107049942017,0.019978148862719536,0,0.4882822334766388,0.08533071726560593,0.8613858222961426,0.747940719127655,-0.2781142294406891,0.15115028619766235,-0.5834300518035889,1
0.45767706632614136,0.09450263530015945,0.8777268528938293,0.7662201523780823,-0.2520414888858795,0.11026015132665634,-0.5807103514671326,0.5020909309387207,0.009625107049942017,0.019978148862719536,0,0.49223557114601135,0.08418044447898865,0.858539342880249,0.7456130385398865,-0.28140464425086975,0.15627820789813995,-0.5834806561470032,1
0.4620182514190674,0.09352017194032669,0.875868558883667,0.7642633318901062,-0.25522592663764954,0.11519521474838257,-0.5809399485588074,0.5020909309387207,0.009625107049942017,0.019978148862719536,0,0.49611371755599976,0.08301876485347748,0.8555838465690613,0.7432552576065063,-0.2846871018409729,0.1613960713148117,-0.5835033655166626,1
0.46632736921310425,0.09251724183559418,0.8738973736763,0.7622645497322083,-0.2584240436553955,0.12015432119369507,-0.5811476707458496,0.5020909309387207,0.009625107049942017,0.019978148862719536,0,0.49991416931152344,0.08184616267681122,0.8525213003158569,0.7408678531646729,-0.28796055912971497,0.16650255024433136,-0.5834984183311462,1
0.47059786319732666,0.09149463474750519,0.8718134760856628,0.7602248787879944,-0.26163244247436523,0.12513303756713867,-0.5813332200050354,0.5020909309387207,0.009625107049942017,0.019978148862719536,0,0.5036368370056152,0.0806632712483406,0.8493516445159912,0.7384510040283203,-0.2912256419658661,0.17159870266914368,-0.5834650993347168,1
0.47482672333717346,0.09045307338237762,0.8696163296699524,0.7581447958946228,-0.26485031843185425,0.13012927770614624,-0.581495463848114,0.5020909309387207,0.009625107049942017,0.019978148862719536,0,0.5072797536849976,0.07947082072496414,0.8460763692855835,0.7360050678253174,-0.29448217153549194,0.17668329179286957,-0.583403468132019,1
0.4790082275867462,0.08939357846975327,0.8673068881034851,0.756026029586792,-0.26807478070259094,0.13513894379138947,-0.5816338658332825,0.5020909309387207,0.009625107049942017,0.019978148862719536,0,0.5108411908149719,0.07826901972293854,0.8426967263221741,0.7335303425788879,-0.2977297604084015,0.1817563772201538,-0.5833135843276978,1
0.4831390976905823,0.08831682801246643,0.864884614944458,0.7538689374923706,-0.2713046967983246,0.14015966653823853,-0.5817479491233826,0.5020909309387207,0.009625107049942017,0.019978148862719536,0,0.5143206715583801,0.07705856114625931,0.8392133116722107,0.731026828289032,-0.3009684383869171,0.18681775033473969,-0.5831953287124634,1
0.48721542954444885,0.08722350001335144,0.8623504638671875,0.7516745328903198,-0.27453821897506714,0.14518924057483673,-0.581836998462677,0.5020909309387207,0.009625107049942017,0.019978148862719536,0,0.5177167654037476,0.07584016770124435,0.8356271386146545,0.7284950017929077,-0.3041982352733612,0.19186760485172272,-0.5830482244491577,1
0.49123314023017883,0.08611439913511276,0.8597052097320557,0.7494433522224426,-0.2777736783027649,0.15022487938404083,-0.5819010138511658,0.5020909309387207,0.009625107049942017,0.019978148862719536,0,0.5210279226303101,0.0746140405535698,0.8319394588470459,0.7259347438812256,-0.30741921067237854,0.19690552353858948,-0.5828725695610046,1
0.49519050121307373,0.08499019593000412,0.8569484353065491,0.7471763491630554,-0.28101077675819397,0.1552657037973404,-0.5819388628005981,0.5020909309387207,0.009625107049942017,0.019978148862719536,0,0.5244512557983398,0.07330392301082611,0.827911913394928,0.7231840491294861,-0.3108309209346771,0.20224407315254211,-0.5826544761657715,1
0.4990960955619812,0.08384692668914795,0.8540709018707275,0.7448635101318359,-0.28426074981689453,0.16033054888248444,-0.5819519758224487,0.5020909309387207,0.009625107049942017,0.019978148862719536,0,0.5277764797210693,0.07198640704154968,0.823772132396698,0.72040194272995,-0.31423255801200867,0.20756922662258148,-0.5824036002159119,1
0.502951443195343,0.08268357068300247,0.851068377494812,0.7425029277801514,-0.2875264286994934,0.16542218625545502,-0.5819392204284668,0.5020909309387207,0.009625107049942017,0.019978148862719536,0,0.5310012102127075,0.0706624761223793,0.8195221424102783,0.7175888419151306,-0.31762322783470154,0.21287934482097626,-0.5821202993392944,1
0.5067533254623413,0.08150123804807663,0.8479399085044861,0.7400956749916077,-0.2908061146736145,0.1705387979745865,-0.5818992257118225,0.5020909309387207,0.009625107049942017,0.019978148862719536,0,0.5341244339942932,0.06933282315731049,0.8151629567146301,0.7147451043128967,-0.321003258228302,0.21817508339881897,-0.581804096698761,1
0.5104981660842896,0.08030083030462265,0.8446848392486572,0.7376428246498108,-0.2940980792045593,0.17567691206932068,-0.5818305611610413,0.5020909309387207,0.009625107049942017,0.019978148862719536,0,0.5371447205543518,0.06799833476543427,0.8106963038444519,0.7118710279464722,-0.32437247037887573,0.2234554886817932,-0.5814547538757324,1
0.5141816735267639,0.0790831670165062,0.8413040637969971,0.7351453304290771,-0.2974002957344055,0.18083389103412628,-0.5817331075668335,0.5020909309387207,0.009625107049942017,0.019978148862719536,0,0.5400612354278564,0.06665938347578049,0.8061233758926392,0.7089666724205017,-0.32773080468177795,0.22872117161750793,-0.5810725092887878,1
0.5177994966506958,0.07784969359636307,0.8377981185913086,0.7326045632362366,-0.30071085691452026,0.18600614368915558,-0.5816057324409485,0.5020909309387207,0.009625107049942017,0.019978148862719536,0,0.5428719520568848,0.06531688570976257,0.8014457821846008,0.7060325741767883,-0.33107778429985046,0.23397105932235718,-0.5806573629379272,1
0.5213462114334106,0.07660138607025146,0.8341690897941589,0.7300214171409607,-0.30402764678001404,0.19119027256965637,-0.5814483761787415,0.5020909309387207,0.009625107049942017,0.019978148862719536,0,0.5455760359764099,0.06397160142660141,0.7966650128364563,0.7030688524246216,-0.3344138562679291,0.23920567333698273,-0.5802087187767029,1
0.524819016456604,0.07533897459506989,0.830417275428772,0.7273971438407898,-0.3073488771915436,0.19638429582118988,-0.5812599062919617,0.5020909309387207,0.009625107049942017,0.019978148862719536,0,0.5481715202331543,0.06262457370758057,0.7917830944061279,0.7000762224197388,-0.33773815631866455,0.24442359805107117,-0.5797269344329834,1
0.5282129645347595,0.07406410574913025,0.8265451192855835,0.7247328162193298,-0.3106728196144104,0.2015848606824875,-0.581040620803833,0.5020909309387207,0.009625107049942017,0.019978148862719536,0,0.5506582260131836,0.06127605214715004,0.7868008017539978,0.697054386138916,-0.3410513699054718,0.24962593615055084,-0.5792114734649658,1
0.5315245389938354,0.07277753949165344,0.8225539326667786,0.7220295667648315,-0.3139979839324951,0.20678962767124176,-0.5807895660400391,0.5020909309387207,0.009625107049942017,0.019978148862719536,0,0.5530339479446411,0.05992712825536728,0.7817203998565674,0.6940039992332458,-0.344352662563324,0.25481128692626953,-0.5786628723144531,1
0.5347503423690796,0.07148020714521408,0.8184453845024109,0.7192879319190979,-0.3173229396343231,0.2119966596364975,-0.5805069208145142,0.5020909309387207,0.009625107049942017,0.019978148862719536,0,0.5552983283996582,0.058578699827194214,0.7765429615974426,0.6909255385398865,-0.3476426303386688,0.2599804103374481,-0.5780799984931946,1
0.5378870368003845,0.07017359882593155,0.8142212629318237,0.7165091633796692,-0.32064658403396606,0.21720346808433533,-0.5801921486854553,0.5020909309387207,0.009625107049942017,0.019978148862719536,0,0.5574498176574707,0.05723118409514427,0.7712706327438354,0.6878188848495483,-0.3509206473827362,0.26513227820396423,-0.5774641036987305,1
0.5409313440322876,0.06885819137096405,0.8098835945129395,0.7136940360069275,-0.323967307806015,0.2224082499742508,-0.579845130443573,0.5020909309387207,0.009625107049942017,0.019978148862719536,0,0.5594873428344727,0.05588560178875923,0.7659046649932861,0.6846846342086792,-0.35418668389320374,0.2702670395374298,-0.5768139958381653,1
0.5438799858093262,0.06753534823656082,0.8054344058036804,0.7108433246612549,-0.3272840678691864,0.22760933637619019,-0.5794658660888672,0.5020909309387207,0.009625107049942017,0.019978148862719536,0,0.561410129070282,0.054542701691389084,0.7604466676712036,0.681522786617279,-0.3574409484863281,0.27538448572158813,-0.576130211353302,1
0.5467316508293152,0.0662059634923935,0.8008747100830078,0.7079578042030334,-0.3305964767932892,0.2328052669763565,-0.5790538787841797,0.5020909309387207,0.009625107049942017,0.019978148862719536,0,0.5632166862487793,0.05320370942354202,0.7548990249633789,0.6783342361450195,-0.3606829345226288,0.28048402070999146,-0.5754120349884033,1
0.5494827032089233,0.06487125158309937,0.7962071895599365,0.7050383687019348,-0.333903044462204,0.23799408972263336,-0.5786089897155762,0.5020909309387207,0.009625107049942017,0.019978148862719536,0,0.564810037612915,0.05194714665412903,0.7495967149734497,0.6753087043762207,-0.3637229800224304,0.2852672040462494,-0.5747054219245911,1
0.5521251559257507,0.0635373666882515,0.7914526462554932,0.7020982503890991,-0.33719077706336975,0.24315457046031952,-0.5781316161155701,0.5020909309387207,0.009625107049942017,0.019978148862719536,0,0.5662988424301147,0.05069539695978165,0.7442179322242737,0.6722598671913147,-0.3667520582675934,0.2900339365005493,-0.5739685297012329,1
0.5546546578407288,0.062206417322158813,0.7866175174713135,0.6991409063339233,-0.34045541286468506,0.24828095734119415,-0.5776231288909912,0.5020909309387207,0.009625107049942017,0.019978148862719536,0,0.5676828622817993,0.049448639154434204,0.7387633323669434,0.6691877841949463,-0.3697701394557953,0.2947848439216614,-0.5732011198997498,1
0.5570685863494873,0.06087936833500862,0.7817052006721497,0.6961665153503418,-0.34369707107543945,0.25337308645248413,-0.577084481716156,0.5020909309387207,0.009625107049942017,0.019978148862719536,0,0.5689603090286255,0.04820788651704788,0.7332352995872498,0.6660928726196289,-0.3727770149707794,0.2995191812515259,-0.572403609752655,1
0.5593659281730652,0.05955668166279793,0.7767188549041748,0.6931753754615784,-0.34691551327705383,0.2584308087825775,-0.5765162110328674,0.5020909309387207,0.009625107049942017,0.019978148862719536,0,0.5701314210891724,0.04697398096323013,0.7276344299316406,0.6629754304885864,-0.37577298283576965,0.30423665046691895,-0.5715751051902771,1
0.5615472793579102,0.058238767087459564,0.7716586589813232,0.6901669502258301,-0.35011202096939087,0.26345574855804443,-0.5759185552597046,0.5020909309387207,0.009625107049942017,0.019978148862719536,0,0.5711950063705444,0.04574720188975334,0.7219630479812622,0.6598356366157532,-0.3787572681903839,0.30893707275390625,-0.5707167983055115,1
0.5636126399040222,0.05692620202898979,0.766526460647583,0.6871411800384521,-0.3532870411872864,0.2684488296508789,-0.5752915143966675,0.5020909309387207,0.009625107049942017,0.019978148862719536,0,0.5721505284309387,0.04452851042151451,0.7162220478057861,0.6566735506057739,-0.38173049688339233,0.31362080574035645,-0.5698275566101074,1
0.5655625462532043,0.055618807673454285,0.7613228559494019,0.6840972900390625,-0.3564416170120239,0.27341151237487793,-0.5746358036994934,0.5020909309387207,0.009625107049942017,0.019978148862719536,0,0.5729971528053284,0.04331880062818527,0.7104136943817139,0.6534901261329651,-0.3846918046474457,0.3182869553565979,-0.5689079761505127,1
0.5673972964286804,0.05431768298149109,0.7560490369796753,0.6810358762741089,-0.3595764935016632,0.2783445715904236,-0.5739504098892212,0.5020909309387207,0.009625107049942017,0.019978148862719536,0,0.5737344026565552,0.042118366807699203,0.7045388221740723,0.6502847671508789,-0.3876418471336365,0.32293573021888733,-0.5679575800895691,1
0.5691179037094116,0.053022921085357666,0.7507051229476929,0.6779560446739197,-0.3626924157142639,0.28324955701828003,-0.5732358694076538,0.5020909309387207,0.009625107049942017,0.019978148862719536,0,0.5743617415428162,0.04092831164598465,0.6985994577407837,0.6470585465431213,-0.39058011770248413,0.32756659388542175,-0.5669765472412109,1
0.5707240104675293,0.05173486843705177,0.7452924847602844,0.6748578548431396,-0.3657900393009186,0.2881270945072174,-0.5724921226501465,0.5020909309387207,0.009625107049942017,0.019978148862719536,0,0.5748786926269531,0.039748936891555786,0.6925967335700989,0.643811047077179,-0.393506795167923,0.3321799337863922,-0.5659647583961487,1
0.5722162127494812,0.0504540354013443,0.7398118376731873,0.6717410087585449,-0.3688698709011078,0.29297807812690735,-0.5717190504074097,0.5020909309387207,0.009625107049942017,0.019978148862719536,0,0.5752842426300049,0.0385812371969223,0.6865329742431641,0.6405430436134338,-0.3964212238788605,0.33677488565444946,-0.5649225115776062,1
0.573594331741333,0.04918093979358673,0.7342644929885864,0.668605387210846,-0.3719325363636017,0.29780349135398865,-0.5709167718887329,0.5020909309387207,0.009625107049942017,0.019978148862719536,0,0.5755785703659058,0.03742600977420807,0.6804089546203613,0.6372544169425964,-0.3993242383003235,0.341351717710495,-0.5638490915298462,1
0.574859082698822,0.04791618138551712,0.7286507487297058,0.6654509902000427,-0.3749787509441376,0.30260390043258667,-0.5700847506523132,0.5020909309387207,0.009625107049942017,0.019978148862719536,0,0.5757609009742737,0.036283619701862335,0.6742265820503235,0.6339458227157593,-0.4022151529788971,0.34591028094291687,-0.5627448558807373,1
0.5760101079940796,0.04666001349687576,0.7229717969894409,0.6622778177261353,-0.3780088424682617,0.30737993121147156,-0.5692229866981506,0.5020909309387207,0.009625107049942017,0.019978148862719536,0,0.5758305788040161,0.035155028104782104,0.6679878234863281,0.6306173205375671,-0.405093789100647,0.3504497706890106,-0.5616099834442139,1
0.5770474076271057,0.04541316628456116,0.7172291278839111,0.659085750579834,-0.3810228407382965,0.3121319115161896,-0.5683319568634033,0.5020909309387207,0.009625107049942017,0.019978148862719536,0,0.5757873058319092,0.034041132777929306,0.6616939306259155,0.6272693872451782,-0.40796032547950745,0.3549704849720001,-0.5604439377784729,1
0.5779711008071899,0.044176097959280014,0.7114232778549194,0.6558745503425598,-0.38402149081230164,0.3168608546257019,-0.5674110651016235,0.5020909309387207,0.009625107049942017,0.019978148862719536,0,0.5756307244300842,0.03294220566749573,0.6553467512130737,0.6239019632339478,-0.41081440448760986,0.3594723641872406,-0.5592471361160278,1
0.5787808895111084,0.04294927045702934,0.7055560350418091,0.6526443958282471,-0.3870045244693756,0.3215664029121399,-0.5664606690406799,0.5020909309387207,0.009625107049942017,0.019978148862719536,0,0.575339674949646,0.031792350113391876,0.648546576499939,0.6203034520149231,-0.4138335883617401,0.36423438787460327,-0.5579414367675781,1
0.5794738531112671,0.041728127747774124,0.6996023654937744,0.6493809819221497,-0.3899840712547302,0.3262682259082794,-0.5654783248901367,0.5020909309387207,0.009625107049942017,0.019978148862719536,0,0.5749201774597168,0.03066105581820011,0.6416895985603333,0.6166837811470032,-0.4168386161327362,0.36897456645965576,-0.5566006898880005,1
0.5800516605377197,0.04051266983151436,0.693558931350708,0.6460813879966736,-0.3929637670516968,0.3309707045555115,-0.564461350440979,0.5020909309387207,0.009625107049942017,0.019978148862719536,0,0.5743717551231384,0.029549455270171165,0.6347780227661133,0.6130431890487671,-0.41982975602149963,0.37369295954704285,-0.5552247762680054,1
0.5805146098136902,0.039303604513406754,0.6874260306358337,0.6427459716796875,-0.39594313502311707,0.3356739580631256,-0.5634089112281799,0.5020909309387207,0.009625107049942017,0.019978148862719536,0,0.5736938118934631,0.028458401560783386,0.6278144121170044,0.6093822121620178,-0.42280635237693787,0.3783887028694153,-0.5538139939308167,1
0.5808626413345337,0.038102202117443085,0.681205153465271,0.6393758058547974,-0.39892202615737915,0.3403766453266144,-0.5623196363449097,0.5020909309387207,0.009625107049942017,0.019978148862719536,0,0.5728862881660461,0.02738894522190094,0.6208003163337708,0.6057013273239136,-0.4257688522338867,0.3830622136592865,-0.5523677468299866,1
0.5810931324958801,0.03690972924232483,0.6748999953269958,0.6359719038009644,-0.40189892053604126,0.34507670998573303,-0.5611941814422607,0.5020909309387207,0.009625107049942017,0.019978148862719536,0,0.5719487071037292,0.026341577991843224,0.6137382984161377,0.6020005941390991,-0.42871662974357605,0.3877125382423401,-0.5508868098258972,1
0.5812045931816101,0.03572746366262436,0.6685137748718262,0.6325358152389526,-0.40487220883369446,0.34977203607559204,-0.5600323677062988,0.5020909309387207,0.009625107049942017,0.019978148862719536,0,0.5708812475204468,0.025317464023828506,0.6066296100616455,0.5982805490493774,-0.43164992332458496,0.3923400640487671,-0.5493704080581665,1
0.5811958909034729,0.03455701097846031,0.6620490550994873,0.6290687322616577,-0.40784165263175964,0.35446101427078247,-0.558833658695221,0.5020909309387207,0.009625107049942017,0.019978148862719536,0,0.569683313369751,0.024317171424627304,0.5994768142700195,0.5945412516593933,-0.4345688223838806,0.3969445526599884,-0.5478189587593079,1
0.5810652375221252,0.03339921683073044,0.6555095314979553,0.6255714893341064,-0.41080546379089355,0.3591419756412506,-0.5575985312461853,0.5020909309387207,0.009625107049942017,0.019978148862719536,0,0.5683548450469971,0.023341963067650795,0.5922820568084717,0.590783417224884,-0.4374728798866272,0.4015253186225891,-0.5462322235107422,1
0.5808106660842896,0.0322556346654892,0.6488991975784302,0.6220458149909973,-0.4137622117996216,0.3638123869895935,-0.5563275218009949,0.5020909309387207,0.009625107049942017,0.019978148862719536,0,0.5668960809707642,0.02239217236638069,0.5850471258163452,0.5870073437690735,-0.44036200642585754,0.4060826897621155,-0.5446102619171143,1
0.5804314613342285,0.03112727776169777,0.6422201991081238,0.6184921860694885,-0.4167117476463318,0.36847200989723206,-0.5550199747085571,0.5020909309387207,0.009625107049942017,0.019978148862719536,0,0.5653067231178284,0.021468903869390488,0.5777742862701416,0.5832130908966064,-0.443236380815506,0.4106161594390869,-0.5429533123970032,1
0.5799259543418884,0.030015628784894943,0.6354766488075256,0.6149120926856995,-0.4196526110172272,0.3731177747249603,-0.5536766052246094,0.5020909309387207,0.009625107049942017,0.019978148862719536,0,0.5635868906974792,0.020573202520608902,0.5704652667045593,0.5794013142585754,-0.44609588384628296,0.41512587666511536,-0.5412606596946716,1
0.5792937278747559,0.028921697288751602,0.6286706924438477,0.6113060116767883,-0.4225846230983734,0.37774986028671265,-0.5522971153259277,0.5020909309387207,0.009625107049942017,0.019978148862719536,0,0.5617364645004272,0.01970541663467884,0.5631222724914551,0.5755719542503357,-0.4489403963088989,0.4196114242076874,-0.5395328998565674,1
0.5785336494445801,0.02784646302461624,0.6218059062957764,0.6076752543449402,-0.4255063533782959,0.3823662996292114,-0.5508821606636047,0.5020909309387207,0.009625107049942017,0.019978148862719536,0,0.5597553849220276,0.01886669173836708,0.5557481646537781,0.5717258453369141,-0.45176932215690613,0.42407193779945374,-0.5377702713012695,1
0.5776451230049133,0.026791248470544815,0.6148847341537476,0.604020357131958,-0.42841777205467224,0.3869662880897522,-0.5494312644004822,0.5020909309387207,0.009625107049942017,0.019978148862719536,0,0.5576439499855042,0.018057789653539658,0.5483441352844238,0.567863404750824,-0.4545830190181732,0.42850828170776367,-0.5359720587730408,1
0.5766273736953735,0.025756927207112312,0.6079104542732239,0.600342333316803,-0.43131786584854126,0.3915487229824066,-0.5479447841644287,0.5020909309387207,0.009625107049942017,0.019978148862719536,0,0.5554022789001465,0.017279718071222305,0.5409126281738281,0.5639845132827759,-0.45738163590431213,0.43291962146759033,-0.5341386198997498,1
0.5754798054695129,0.024744896218180656,0.6008855104446411,0.596642017364502,-0.434206485748291,0.3961126506328583,-0.5464226603507996,0.5020909309387207,0.009625107049942017,0.019978148862719536,0,0.5530306100845337,0.01653285324573517,0.5334553718566895,0.560089647769928,-0.4601649045944214,0.43730607628822327,-0.5322697162628174,1
0.5742020606994629,0.02375561185181141,0.5938131809234619,0.5929198861122131,-0.4370826184749603,0.4006572663784027,-0.544865608215332,0.5020909309387207,0.009625107049942017,0.019978148862719536,0,0.5505290031433105,0.015818215906620026,0.5259750485420227,0.556179404258728,-0.46293240785598755,0.4416674077510834,-0.5303658246994019,1
0.57279372215271,0.022790614515542984,0.5866955518722534,0.5891768932342529,-0.4399462640285492,0.4051816761493683,-0.5432731509208679,0.5020909309387207,0.009625107049942017,0.019978148862719536,0,0.5478979349136353,0.01513681747019291,0.5184733867645264,0.5522540211677551,-0.46568435430526733,0.4460030496120453,-0.5284266471862793,1
0.5712546706199646,0.021850761026144028,0.5795355439186096,0.5854135751724243,-0.4427967965602875,0.4096854329109192,-0.5416454672813416,0.5020909309387207,0.009625107049942017,0.019978148862719536,0,0.5451375842094421,0.01448899321258068,0.5109524130821228,0.5483136773109436,-0.4684205651283264,0.4503135085105896,-0.5264521241188049,1
0.5695847868919373,0.02093684673309326,0.5723353028297424,0.5816304087638855,-0.4456339180469513,0.41416797041893005,-0.5399825572967529,0.5020909309387207,0.009625107049942017,0.019978148862719536,0,0.5422481298446655,0.013875769451260567,0.5034146308898926,0.544359028339386,-0.4711410105228424,0.45459794998168945,-0.5244426727294922,1
0.5677839517593384,0.020049793645739555,0.5650978088378906,0.5778284072875977,-0.4484574496746063,0.41862839460372925,-0.5382847785949707,0.5020909309387207,0.009625107049942017,0.019978148862719536,0,0.5392301082611084,0.013297904282808304,0.495861679315567,0.5403900742530823,-0.4738456606864929,0.4588567614555359,-0.5223975777626038,1
0.5658522248268127,0.01919056847691536,0.5578246116638184,0.5740074515342712,-0.4512671232223511,0.4230666756629944,-0.5365518927574158,0.5020909309387207,0.009625107049942017,0.019978148862719536,0,0.5360836982727051,0.012756343930959702,0.48829641938209534,0.5364077091217041,-0.4765341281890869,0.46308887004852295,-0.5203178524971008,1
0.5637892484664917,0.018360357731580734,0.5505197048187256,0.5701689124107361,-0.45406216382980347,0.4274815618991852,-0.5347843170166016,0.5020909309387207,0.009625107049942017,0.019978148862719536,0,0.5328095555305481,0.012251418083906174,0.4807201325893402,0.5324116945266724,-0.47920674085617065,0.4672949016094208,-0.5182027220726013,1
0.5615955591201782,0.017559684813022614,0.5431842803955078,0.5663130283355713,-0.4568428099155426,0.4318733215332031,-0.5329817533493042,0.5020909309387207,0.009625107049942017,0.019978148862719536,0,0.5294082760810852,0.011784102767705917,0.4731352925300598,0.5284028649330139,-0.48186296224594116,0.4714744985103607,-0.5160526037216187,1
0.5592711567878723,0.016789577901363373,0.5358213186264038,0.5624401569366455,-0.45960867404937744,0.43624094128608704,-0.5311445593833923,0.5020909309387207,0.009625107049942017,0.019978148862719536,0,0.525879979133606,0.011355357244610786,0.4655439257621765,0.524381160736084,-0.4845033288002014,0.4756273031234741,-0.5138671398162842,1
0.556816041469574,0.0160510316491127,0.5284326672554016,0.5585511922836304,-0.4623597264289856,0.44058457016944885,-0.5292724370956421,0.5020909309387207,0.009625107049942017,0.019978148862719536,0,0.5222257375717163,0.010965373367071152,0.457948237657547,0.5203474164009094,-0.4871271848678589,0.479753315448761,-0.5116468071937561,1
0.5542305707931519,0.015344511717557907,0.5210212469100952,0.5546461939811707,-0.46509525179862976,0.444903165102005,-0.5273661017417908,0.5020909309387207,0.009625107049942017,0.019978148862719536,0,0.5184457302093506,0.010615209117531776,0.45034992694854736,0.5163013339042664,-0.48973482847213745,0.48385244607925415,-0.5093913078308105,1
0.5515152812004089,0.014671118929982185,0.5135889649391174,0.5507258176803589,-0.4678155779838562,0.44919687509536743,-0.5254252552986145,0.5020909309387207,0.009625107049942017,0.019978148862719536,0,0.5145406723022461,0.010305507108569145,0.4427519738674164,0.5122439861297607,-0.4923257827758789,0.487923800945282,-0.5071013569831848,1
0.5486705303192139,0.014031672850251198,0.5061376094818115,0.5467907190322876,-0.4705204665660858,0.45346543192863464,-0.5234494805335999,0.5020909309387207,0.009625107049942017,0.019978148862719536,0,0.5105112195014954,0.010037105530500412,0.43515515327453613,0.508175253868103,-0.49490049481391907,0.4919682443141937,-0.5047756433486938,1
0.5456966161727905,0.013426914811134338,0.4986702799797058,0.5428410768508911,-0.47320958971977234,0.45770856738090515,-0.5214394330978394,0.5020909309387207,0.009625107049942017,0.019978148862719536,0,0.5063580274581909,0.009810581803321838,0.4275631308555603,0.5040961503982544,-0.4974583685398102,0.4959844946861267,-0.502415657043457,1
0.5425938367843628,0.012857450172305107,0.49118873476982117,0.5388774275779724,-0.475882887840271,0.46192556619644165,-0.5193951725959778,0.5020909309387207,0.009625107049942017,0.019978148862719536,0,0.5020821690559387,0.00962633453309536,0.4199763238430023,0.5000060796737671,-0.4999997615814209,0.4999738335609436,-0.5000203251838684,1
0.5393627285957336,0.012324392795562744,0.4836958050727844,0.5349005460739136,-0.4785400629043579,0.4661160409450531,-0.5173167586326599,0.5020909309387207,0.009625107049942017,0.019978148862719536,0,0.5393627285957336,0.012324392795562744,0.4836958050727844,0.5349005460739136,-0.4785400629043579,0.4661160409450531,-0.5173167586326599,1
0.5370203256607056,0.012515246868133545,0.4762512743473053,0.5318480134010315,-0.48162850737571716,0.47078365087509155,-0.5133559703826904,0.5020909309387207,0.009625107049942017,0.019978148862719536,0,0.539661705493927,0.012166233733296394,0.48115792870521545,0.5345521569252014,-0.47876206040382385,0.4664681553840637,-0.5171540975570679,1
0.5357955694198608,0.012840496376156807,0.4689022898674011,0.5290336608886719,-0.48474910855293274,0.47536996006965637,-0.5090824365615845,0.5020909309387207,0.009625107049942017,0.019978148862719536,0,0.5399462580680847,0.012010641396045685,0.4786211848258972,0.5342035889625549,-0.47898396849632263,0.46682000160217285,-0.516991138458252,1
0.5354782342910767,0.013007592409849167,0.46188291907310486,0.5264256000518799,-0.48760125041007996,0.47956475615501404,-0.5051125884056091,0.5020909309387207,0.009625107049942017,0.019978148862719536,0,0.5402162075042725,0.01185760460793972,0.4760855436325073,0.5338553190231323,-0.4792056381702423,0.4671713411808014,-0.5168280601501465,1
0.5354932546615601,0.013034019619226456,0.4557296335697174,0.5241593718528748,-0.48997217416763306,0.48312434554100037,-0.501771867275238,0.5020909309387207,0.009625107049942017,0.019978148862719536,0,0.5404717326164246,0.01170710101723671,0.47355061769485474,0.5335066318511963,-0.47942736744880676,0.46752282977104187,-0.5166647434234619,1
0.5356433987617493,0.012990174815058708,0.45065152645111084,0.5223373770713806,-0.49180933833122253,0.48592182993888855,-0.499166339635849,0.5020909309387207,0.009625107049942017,0.019978148862719536,0,0.5407129526138306,0.011559154838323593,0.47101664543151855,0.5331578254699707,-0.4796491265296936,0.46787410974502563,-0.5165008306503296,1
0.535891056060791,0.012907914817333221,0.4467112421989441,0.5210022926330566,-0.49311086535453796,0.48792320489883423,-0.49732187390327454,0.5020909309387207,0.009625107049942017,0.019978148862719536,0,0.540939450263977,0.011413751170039177,0.4684840738773346,0.5328090190887451,-0.47987058758735657,0.4682251513004303,-0.5163369178771973,1
0.5362437963485718,0.012796372175216675,0.4439227283000946,0.5201689004898071,-0.49388587474823,0.4891279637813568,-0.4962407350540161,0.5020909309387207,0.009625107049942017,0.019978148862719536,0,0.5411515235900879,0.011270957067608833,0.4659528136253357,0.5324601531028748,-0.4800918400287628,0.4685758948326111,-0.5161729454994202,1
0.5367170572280884,0.01265689730644226,0.4422861933708191,0.5198400020599365,-0.49414318799972534,0.48954394459724426,-0.49591898918151855,0.5020909309387207,0.009625107049942017,0.019978148862719536,0,0.5413491129875183,0.011130724102258682,0.46342313289642334,0.5321113467216492,-0.4803130030632019,0.4689263105392456,-0.5160086154937744,1
0.5373234152793884,0.012488353997468948,0.44179755449295044,0.5200127363204956,-0.493889719247818,0.4891798198223114,-0.4963494539260864,0.5020909309387207,0.009625107049942017,0.019978148862719536,0,0.5415322780609131,0.010993098840117455,0.46089476346969604,0.5317623615264893,-0.480534166097641,0.4692767262458801,-0.5158440470695496,1
0.5380390882492065,0.012291764840483665,0.4423728585243225,0.5206505656242371,-0.4931570887565613,0.48808926343917847,-0.49748167395591736,0.5020909309387207,0.009625107049942017,0.019978148862719536,0,0.5417010188102722,0.010858038440346718,0.4583679139614105,0.5314134359359741,-0.4807550311088562,0.469626784324646,-0.515679121017456,1
0.5386407375335693,0.012095043435692787,0.44323787093162537,0.5214411616325378,-0.4922441840171814,0.486743301153183,-0.4988744556903839,0.5020909309387207,0.009625107049942017,0.019978148862719536,0,0.5418553352355957,0.010725602507591248,0.45584243535995483,0.5310640931129456,-0.4809759855270386,0.46997687220573425,-0.5155139565467834,1
0.5391312837600708,0.011918917298316956,0.4439699649810791,0.5222024321556091,-0.49135419726371765,0.4854271113872528,-0.5002360343933105,0.5020909309387207,0.009625107049942017,0.019978148862719536,0,0.5419954061508179,0.01059575192630291,0.45331889390945435,0.5307148694992065,-0.48119673132896423,0.47032666206359863,-0.5153486728668213,1
0.5395562648773193,0.011758539825677872,0.44445157051086426,0.5228824019432068,-0.4905441403388977,0.48422518372535706,-0.5014840960502625,0.5020909309387207,0.009625107049942017,0.019978148862719536,0,0.5421209335327148,0.010468510910868645,0.45079708099365234,0.5303654670715332,-0.4814174771308899,0.47067636251449585,-0.5151827931404114,1
0.5399401187896729,0.011606777086853981,0.44465675950050354,0.5234675407409668,-0.489827036857605,0.48316049575805664,-0.5026002526283264,0.5020909309387207,0.009625107049942017,0.019978148862719536,0,0.542232096195221,0.010343879461288452,0.4482773542404175,0.5300160646438599,-0.48163795471191406,0.471025675535202,-0.5150170922279358,1
0.5402941107749939,0.011459799483418465,0.4445927143096924,0.523958683013916,-0.489202082157135,0.48223382234573364,-0.5035862326622009,0.5020909309387207,0.009625107049942017,0.019978148862719536,0,0.5423288941383362,0.010221879929304123,0.4457596242427826,0.5296664834022522,-0.4818585216999054,0.47137483954429626,-0.5148507952690125,1
0.5406241416931152,0.011315500363707542,0.44427767395973206,0.5243614912033081,-0.4886634051799774,0.48143768310546875,-0.5044509768486023,0.5020909309387207,0.009625107049942017,0.019978148862719536,0,0.5424115657806396,0.010102454572916031,0.4432436525821686,0.5293169021606445,-0.48207888007164,0.4717239737510681,-0.5146843791007996,1
0.5409329533576965,0.011173197999596596,0.4437345862388611,0.5246840715408325,-0.48820337653160095,0.48076102137565613,-0.5052058100700378,0.5020909309387207,0.009625107049942017,0.019978148862719536,0,0.5424798130989075,0.009985674172639847,0.44072994589805603,0.5289671421051025,-0.4822990894317627,0.4720728397369385,-0.5145178437232971,1
0.5412220358848572,0.011032642796635628,0.44298532605171204,0.5249345898628235,-0.48781484365463257,0.48019230365753174,-0.5058614015579224,0.5020909309387207,0.009625107049942017,0.019978148862719536,0,0.5425336956977844,0.00987158715724945,0.43821877241134644,0.5286176204681396,-0.4825190007686615,0.4724213182926178,-0.5143508315086365,1
0.5414918661117554,0.010893909260630608,0.4420517086982727,0.5251203775405884,-0.4874902069568634,0.4797206223011017,-0.506428599357605,0.5020909309387207,0.009625107049942017,0.019978148862719536,0,0.5425733923912048,0.009760119020938873,0.43570971488952637,0.5282676219940186,-0.482739120721817,0.47276997566223145,-0.514183521270752,1
0.5417432188987732,0.010756663978099823,0.4409520924091339,0.5252482295036316,-0.4872232973575592,0.47933632135391235,-0.5069164633750916,0.5020909309387207,0.009625107049942017,0.019978148862719536,0,0.5425987243652344,0.009651269763708115,0.4332030415534973,0.5279178023338318,-0.48295900225639343,0.4731180667877197,-0.5140162110328674,1
0.5419760942459106,0.010621577501296997,0.4397042393684387,0.5253245234489441,-0.4870082437992096,0.47903013229370117,-0.5073333978652954,0.5020909309387207,0.009625107049942017,0.019978148862719536,0,0.5426099896430969,0.009545058012008667,0.4306986331939697,0.5275676846504211,-0.4831788241863251,0.47346627712249756,-0.5138484239578247,1
0.5421906113624573,0.01048855297267437,0.4383236765861511,0.5253549218177795,-0.4868391156196594,0.4787938594818115,-0.5076871514320374,0.5020909309387207,0.009625107049942017,0.019978148862719536,0,0.5426070690155029,0.00944150798022747,0.42819687724113464,0.5272173881530762,-0.48339858651161194,0.4738142192363739,-0.5136803984642029,1
0.5423867702484131,0.010357668623328209,0.43682488799095154,0.5253443121910095,-0.4867115020751953,0.4786198139190674,-0.5079845190048218,0.5020909309387207,0.009625107049942017,0.019978148862719536,0,0.5425897836685181,0.009340636432170868,0.4256981611251831,0.5268672704696655,-0.4836181700229645,0.47416186332702637,-0.5135122537612915,1
0.5425647497177124,0.010228879749774933,0.4352203905582428,0.5252968668937683,-0.48662060499191284,0.4785018861293793,-0.5082317590713501,0.5020909309387207,0.009625107049942017,0.019978148862719536,0,0.5425584316253662,0.009242409840226173,0.4232020378112793,0.5265170931816101,-0.4838375151157379,0.47450950741767883,-0.5133436918258667,1
0.5427244305610657,0.010102776810526848,0.43352141976356506,0.525216817855835,-0.48656320571899414,0.4784335196018219,-0.5084337592124939,0.5020909309387207,0.009625107049942017,0.019978148862719536,0,0.5425127148628235,0.009146880358457565,0.4207089841365814,0.5261667966842651,-0.4840569496154785,0.47485673427581787,-0.513174831867218,1
0.5428657531738281,0.009979041293263435,0.4317386746406555,0.5251076817512512,-0.48653504252433777,0.4784095287322998,-0.5085960030555725,0.5020909309387207,0.009625107049942017,0.019978148862719536,0,0.5424531102180481,0.00905398465692997,0.418218731880188,0.5258163213729858,-0.48427608609199524,0.47520384192466736,-0.5130059719085693,1
0.5429891347885132,0.009858008474111557,0.4298807978630066,0.524972677230835,-0.48653310537338257,0.47842544317245483,-0.508722186088562,0.5020909309387207,0.009625107049942017,0.019978148862719536,0,0.5423793792724609,0.008963773027062416,0.4157312512397766,0.525465726852417,-0.48449522256851196,0.4755508601665497,-0.512836754322052,1
0.5430942177772522,0.009739520028233528,0.4279564619064331,0.5248143672943115,-0.48655468225479126,0.4784766733646393,-0.508816659450531,0.5020909309387207,0.009625107049942017,0.019978148862719536,0,0.5422914028167725,0.0088762566447258,0.4132471978664398,0.5251151919364929,-0.4847142696380615,0.47589755058288574,-0.5126671195030212,1
0.5431811213493347,0.009623952209949493,0.425972580909729,0.5246352553367615,-0.48659747838974,0.47855961322784424,-0.5088824033737183,0.5020909309387207,0.009625107049942017,0.019978148862719536,0,0.5421894788742065,0.008791446685791016,0.4107663035392761,0.5247644782066345,-0.48493316769599915,0.47624409198760986,-0.5124974846839905,1
0.5432501435279846,0.009511271491646767,0.4239359498023987,0.5244377851486206,-0.48665907979011536,0.47867074608802795,-0.5089225769042969,0.5020909309387207,0.009625107049942017,0.019978148862719536,0,0.5420735478401184,0.008709287270903587,0.4082886576652527,0.5244137644767761,-0.485152006149292,0.47659024596214294,-0.5123274326324463,1
0.5433014035224915,0.009401330724358559,0.42185258865356445,0.5242237448692322,-0.4867374002933502,0.4788067936897278,-0.5089402198791504,0.5020909309387207,0.009625107049942017,0.019978148862719536,0,0.5419434309005737,0.008629836142063141,0.40581414103507996,0.5240629315376282,-0.4853705167770386,0.47693654894828796,-0.512157142162323,1
0.5433346629142761,0.00929427333176136,0.4197278916835785,0.5239949226379395,-0.48683056235313416,0.4789654314517975,-0.5089374780654907,0.5020909309387207,0.009625107049942017,0.019978148862719536,0,0.5417994856834412,0.008553063496947289,0.4033433198928833,0.5237119197845459,-0.4855891168117523,0.47728270292282104,-0.5119865536689758,1
0.543350338935852,0.009190147742629051,0.4175663888454437,0.5237530469894409,-0.4869369566440582,0.47914403676986694,-0.5089166164398193,0.5020909309387207,0.009625107049942017,0.019978148862719536,0,0.5416415929794312,0.00847899541258812,0.4008759558200836,0.5233609080314636,-0.4858076274394989,0.47762835025787354,-0.5118156671524048,1
0.5433485507965088,0.009089063853025436,0.415372371673584,0.5234993696212769,-0.4870554804801941,0.4793403744697571,-0.5088791847229004,0.5020909309387207,0.009625107049942017,0.019978148862719536,0,0.5414696931838989,0.008407624438405037,0.39841216802597046,0.523009717464447,-0.48602601885795593,0.47797396779060364,-0.5116446614265442,1
0.5433292388916016,0.008990868926048279,0.4131501317024231,0.5232354402542114,-0.4871841073036194,0.4795525074005127,-0.508827805519104,0.5020909309387207,0.009625107049942017,0.019978148862719536,0,0.541283905506134,0.008338985964655876,0.3959522843360901,0.5226585865020752,-0.4862443804740906,0.478319376707077,-0.5114732384681702,1
0.5432927012443542,0.008895693346858025,0.41090232133865356,0.5229617953300476,-0.4873226583003998,0.47977885603904724,-0.5087629556655884,0.5020909309387207,0.009625107049942017,0.019978148862719536,0,0.5410841703414917,0.008273052051663399,0.39349591732025146,0.522307276725769,-0.48646244406700134,0.4786646366119385,-0.5113016963005066,1
0.543239176273346,0.008803537115454674,0.40863269567489624,0.5226801037788391,-0.48746928572654724,0.48001763224601746,-0.5086867809295654,0.5020909309387207,0.009625107049942017,0.019978148862719536,0,0.5408707857131958,0.008209791034460068,0.39104363322257996,0.5219559073448181,-0.48668041825294495,0.4790097177028656,-0.5111299157142639,1
0.543168842792511,0.008714357390999794,0.4063434600830078,0.5223906636238098,-0.48762354254722595,0.4802674651145935,-0.5086003541946411,0.5020909309387207,0.009625107049942017,0.019978148862719536,0,0.5406433343887329,0.008149094879627228,0.3885955810546875,0.5216044187545776,-0.48689839243888855,0.47935447096824646,-0.5109579563140869,1
0.5430815815925598,0.008628195151686668,0.4040374755859375,0.5220947265625,-0.48778438568115234,0.4805276095867157,-0.5085042715072632,0.5020909309387207,0.009625107049942017,0.019978148862719536,0,0.5404022932052612,0.008091270923614502,0.3861512541770935,0.5212531089782715,-0.48711591958999634,0.47969910502433777,-0.5107856392860413,1
0.542978048324585,0.008544940501451492,0.40171658992767334,0.521792471408844,-0.4879514276981354,0.4807965159416199,-0.508400022983551,0.5020909309387207,0.009625107049942017,0.019978148862719536,0,0.5401473045349121,0.008036186918616295,0.3837112784385681,0.5209016799926758,-0.48733359575271606,0.48004329204559326,-0.510613203048706,1
0.5428577661514282,0.008464664220809937,0.3993840217590332,0.5214855670928955,-0.4881230294704437,0.48107293248176575,-0.5082886815071106,0.5020909309387207,0.009625107049942017,0.019978148862719536,0,0.5398785471916199,0.007983861491084099,0.3812752962112427,0.5205498337745667,-0.48755118250846863,0.4803876578807831,-0.5104402303695679,1
0.5427215695381165,0.008387498557567596,0.3970399796962738,0.521173357963562,-0.48829999566078186,0.48135673999786377,-0.5081703066825867,0.5020909309387207,0.009625107049942017,0.019978148862719536,0,0.5395963191986084,0.00793418474495411,0.37884366512298584,0.5201979875564575,-0.48776867985725403,0.4807317852973938,-0.5102671384811401,1
0.542569100856781,0.00831342488527298,0.39468687772750854,0.520857036113739,-0.4884810745716095,0.48164644837379456,-0.5080460906028748,0.5020909309387207,0.009625107049942017,0.019978148862719536,0,0.5393002033233643,0.007887307554483414,0.37641674280166626,0.5198462605476379,-0.48798611760139465,0.4810754954814911,-0.5100938677787781,1
0.5424008369445801,0.00824199989438057,0.3923262357711792,0.5205370187759399,-0.48866549134254456,0.4819417893886566,-0.5079165697097778,0.5020909309387207,0.009625107049942017,0.019978148862719536,0,0.5389904975891113,0.007843118160963058,0.3739939332008362,0.519494354724884,-0.4882033169269562,0.48141926527023315,-0.5099202394485474,1
0.5422167778015137,0.008173845708370209,0.3899591863155365,0.5202136039733887,-0.488853394985199,0.4822418689727783,-0.5077822804450989,0.5020909309387207,0.009625107049942017,0.019978148862719536,0,0.5386673212051392,0.0078016724437475204,0.3715757727622986,0.5191423892974854,-0.4884205460548401,0.4817626178264618,-0.509746253490448,1
0.5420171618461609,0.008108511567115784,0.3875870704650879,0.5198872089385986,-0.4890440106391907,0.4825461804866791,-0.5076438784599304,0.5020909309387207,0.009625107049942017,0.019978148862719536,0,0.5383303165435791,0.007762966677546501,0.36916226148605347,0.5187904238700867,-0.48863741755485535,0.48210594058036804,-0.5095721483230591,1
0.541802167892456,0.00804596021771431,0.38521039485931396,0.5195579528808594,-0.4892372786998749,0.4828546345233917,-0.5075013637542725,0.5020909309387207,0.009625107049942017,0.019978148862719536,0,0.5379800796508789,0.0077269840985536575,0.36675339937210083,0.5184382796287537,-0.488854318857193,0.4824489653110504,-0.5093978047370911,1
0.5415716171264648,0.00798644870519638,0.38283127546310425,0.5192265510559082,-0.4894327223300934,0.48316583037376404,-0.5073558688163757,0.5020909309387207,0.009625107049942017,0.019978148862719536,0,0.5376161336898804,0.0076937247067689896,0.3643496036529541,0.5180861353874207,-0.4890710711479187,0.4827917814254761,-0.509223222732544,1
0.5413259863853455,0.007929936051368713,0.3804493844509125,0.5188927054405212,-0.48963043093681335,0.4834806025028229,-0.507206916809082,0.5020909309387207,0.009625107049942017,0.019978148862719536,0,0.537238597869873,0.007663233205676079,0.36195072531700134,0.5177338123321533,-0.48928767442703247,0.483134388923645,-0.5090484023094177,1
0.5410652160644531,0.007876362651586533,0.37806615233421326,0.5185571908950806,-0.4898295998573303,0.48379772901535034,-0.5070553421974182,0.5020909309387207,0.009625107049942017,0.019978148862719536,0,0.5368478298187256,0.0076354555785655975,0.3595565855503082,0.5173816680908203,-0.48950424790382385,0.4834767282009125,-0.5088732838630676,1
0.540789783000946,0.007825538516044617,0.37568199634552,0.5182197690010071,-0.4900304675102234,0.4841172695159912,-0.5069012641906738,0.5020909309387207,0.009625107049942017,0.019978148862719536,0,0.5364434719085693,0.0076104458421468735,0.35716748237609863,0.5170291662216187,-0.48972073197364807,0.4838191568851471,-0.5086978673934937,1
0.5404993295669556,0.007777860388159752,0.3732978403568268,0.5178808569908142,-0.49023282527923584,0.48443853855133057,-0.5067448019981384,0.5020909309387207,0.009625107049942017,0.019978148862719536,0,0.5360257625579834,0.007588168606162071,0.354783833026886,0.516676664352417,-0.4899369776248932,0.48416125774383545,-0.5085222125053406,1
0.5401943325996399,0.007732883095741272,0.37091389298439026,0.517540454864502,-0.49043625593185425,0.48476192355155945,-0.506586492061615,0.5020909309387207,0.009625107049942017,0.019978148862719536,0,0.5355947613716125,0.007568670436739922,0.35240501165390015,0.5163241028785706,-0.4901532530784607,0.4845031499862671,-0.5083461403846741,1
0.5398744344711304,0.007690664380788803,0.3685315251350403,0.5171990394592285,-0.49064064025878906,0.48508667945861816,-0.5064264535903931,0.5020909309387207,0.009625107049942017,0.019978148862719536,0,0.5351503491401672,0.007551908493041992,0.35003185272216797,0.5159714221954346,-0.4903693199157715,0.48484477400779724,-0.5081700682640076,1
0.5395404100418091,0.007651481777429581,0.36615005135536194,0.51685631275177,-0.4908461570739746,0.4854130744934082,-0.5062644481658936,0.5020909309387207,0.009625107049942017,0.019978148862719536,0,0.5346927642822266,0.007537858560681343,0.3476635813713074,0.515618622303009,-0.4905855059623718,0.48518645763397217,-0.5079934000968933,1
0.5391919612884521,0.00761503167450428,0.3637706935405731,0.5165127515792847,-0.4910522699356079,0.4857402741909027,-0.5061013102531433,0.5020909309387207,0.009625107049942017,0.019978148862719536,0,0.5342220067977905,0.0075265709310770035,0.34530141949653625,0.515265941619873,-0.49080124497413635,0.4855276048183441,-0.5078169703483582,1
0.5388292670249939,0.00758163258433342,0.36139383912086487,0.516168475151062,-0.49125906825065613,0.48606836795806885,-0.5059368014335632,0.5020909309387207,0.009625107049942017,0.019978148862719536,0,0.5337380170822144,0.007518023252487183,0.34294459223747253,0.5149131417274475,-0.49101686477661133,0.48586851358413696,-0.5076402425765991,1
0.5384524464607239,0.007550891488790512,0.3590192198753357,0.5158230662345886,-0.49146661162376404,0.48639780282974243,-0.5057708621025085,0.5020909309387207,0.009625107049942017,0.019978148862719536,0,0.5332409143447876,0.007512183859944344,0.34059327840805054,0.5145601630210876,-0.49123263359069824,0.4862093925476074,-0.5074629783630371,1
0.5380614995956421,0.007523011416196823,0.3566482365131378,0.5154772400856018,-0.49167442321777344,0.48672738671302795,-0.5056043267250061,0.5020909309387207,0.009625107049942017,0.019978148862719536,0,0.5327306985855103,0.007509142160415649,0.33824777603149414,0.5142071843147278,-0.4914480447769165,0.486549973487854,-0.5072856545448303,1
0.5376564860343933,0.00749799981713295,0.3542800545692444,0.5151305198669434,-0.4918830096721649,0.48705804347991943,-0.505436360836029,0.5020909309387207,0.009625107049942017,0.019978148862719536,0,0.532207190990448,0.0075088683515787125,0.3359079360961914,0.5138539671897888,-0.4916635751724243,0.48689064383506775,-0.5071078538894653,1
0.5372377634048462,0.007475811988115311,0.3519154489040375,0.5147834420204163,-0.4920918643474579,0.4873894155025482,-0.5052673816680908,0.5020909309387207,0.009625107049942017,0.019978148862719536,0,0.5316708087921143,0.007511300966143608,0.3335740268230438,0.5135009288787842,-0.49187880754470825,0.48723098635673523,-0.5069298148155212,1
0.5368049144744873,0.007456459105014801,0.3495548963546753,0.5144356489181519,-0.4923011064529419,0.4877209961414337,-0.5050976276397705,0.5020909309387207,0.009625107049942017,0.019978148862719536,0,0.5311216115951538,0.007516471669077873,0.3312462270259857,0.5131476521492004,-0.4920940697193146,0.487571120262146,-0.5067517161369324,1
0.5363585948944092,0.007439933717250824,0.3471985161304474,0.5140876173973083,-0.49251052737236023,0.48805275559425354,-0.504927396774292,0.5020909309387207,0.009625107049942017,0.019978148862719536,0,0.5305591225624084,0.007524419575929642,0.32892417907714844,0.5127943754196167,-0.49230924248695374,0.4879109859466553,-0.5065731406211853,1
0.5358986258506775,0.00742601603269577,0.344846248626709,0.5137389898300171,-0.49272021651268005,0.4883852005004883,-0.5047562122344971,0.5020909309387207,0.009625107049942017,0.019978148862719536,0,0.5299838781356812,0.007535107433795929,0.3266083598136902,0.5124408602714539,-0.4925241470336914,0.4882507026195526,-0.5063945055007935,1
0.5354249477386475,0.007415127009153366,0.3424988389015198,0.513390064239502,-0.49292993545532227,0.48871758580207825,-0.5045846104621887,0.5020909309387207,0.009625107049942017,0.019978148862719536,0,0.5293958187103271,0.007548537105321884,0.3242984712123871,0.5120872855186462,-0.49273911118507385,0.48859038949012756,-0.5062153935432434,1
0.5349379181861877,0.0074070412665605545,0.34015601873397827,0.5130410194396973,-0.49313992261886597,0.4890501797199249,-0.5044122338294983,0.5020909309387207,0.009625107049942017,0.019978148862719536,0,0.5287948250770569,0.007564740255475044,0.3219953179359436,0.511733889579773,-0.492953896522522,0.4889295697212219,-0.5060363411903381,1
0.5344374179840088,0.007401503622531891,0.3378185033798218,0.5126915574073792,-0.4933498203754425,0.48938271403312683,-0.5042396783828735,0.5020909309387207,0.009625107049942017,0.019978148862719536,0,0.5281810164451599,0.0075836628675460815,0.31969836354255676,0.5113803744316101,-0.49316835403442383,0.48926877975463867,-0.5058567523956299,1
0.5339235663414001,0.007398994639515877,0.33548593521118164,0.5123419761657715,-0.4935600459575653,0.4897153377532959,-0.5040664672851562,0.5020909309387207,0.009625107049942017,0.019978148862719536,0,0.5275545716285706,0.007605327293276787,0.31740787625312805,0.5110267996788025,-0.49338293075561523,0.4896075427532196,-0.5056771039962769,1
0.5333964228630066,0.00739908404648304,0.333158403635025,0.5119918584823608,-0.49377015233039856,0.4900483787059784,-0.5038928389549255,0.5020909309387207,0.009625107049942017,0.019978148862719536,0,0.5269153714179993,0.0076297614723443985,0.31512391567230225,0.5106729865074158,-0.49359726905822754,0.48994624614715576,-0.5054971575737,1
0.5328559279441833,0.007402140647172928,0.33083656430244446,0.5116418600082397,-0.4939802289009094,0.4903810918331146,-0.5037185549736023,0.5020909309387207,0.009625107049942017,0.019978148862719536,0,0.5262635350227356,0.007656913250684738,0.31284627318382263,0.5103191137313843,-0.49381154775619507,0.4902847409248352,-0.505316972732544,1
0.5323023796081543,0.007407831028103828,0.3285202085971832,0.5112914443016052,-0.4941903054714203,0.4907139539718628,-0.5035440921783447,0.5020909309387207,0.009625107049942017,0.019978148862719536,0,0.5255990028381348,0.007686825469136238,0.3105756640434265,0.5099653005599976,-0.4940257668495178,0.4906230568885803,-0.5051363706588745,1
0.5317357778549194,0.007416212931275368,0.32620957493782043,0.5109410285949707,-0.49440041184425354,0.49104663729667664,-0.5033693313598633,0.5020909309387207,0.009625107049942017,0.019978148862719536,0,0.5249220132827759,0.00771947018802166,0.3083115220069885,0.5096112489700317,-0.494239866733551,0.4909612536430359,-0.5049557089805603,1
0.5311560034751892,0.007427597418427467,0.32390475273132324,0.5105901956558228,-0.49461066722869873,0.4913792312145233,-0.5031940937042236,0.5020909309387207,0.009625107049942017,0.019978148862719536,0,0.5242324471473694,0.0077548399567604065,0.3060542643070221,0.5092572569847107,-0.49445387721061707,0.4912991523742676,-0.5047746300697327,1
0.5305633544921875,0.007441554218530655,0.3216058611869812,0.5102394223213196,-0.4948207139968872,0.49171188473701477,-0.5030184984207153,0.5020909309387207,0.009625107049942017,0.019978148862719536,0,0.5235303640365601,0.007792988792061806,0.30380353331565857,0.5089031457901001,-0.49466773867607117,0.49163708090782166,-0.5045931935310364,1
0.5299577116966248,0.007458297535777092,0.3193132281303406,0.5098885893821716,-0.4950307309627533,0.49204427003860474,-0.5028425455093384,0.5020909309387207,0.009625107049942017,0.019978148862719536,0,0.5228159427642822,0.007833842188119888,0.30156052112579346,0.5085489153862,-0.49488142132759094,0.4919743835926056,-0.5044119954109192,1
0.5293393731117249,0.007477756589651108,0.31702694296836853,0.5095375776290894,-0.49524036049842834,0.4923763871192932,-0.502666711807251,0.5020909309387207,0.009625107049942017,0.019978148862719536,0,0.5220890045166016,0.007877452298998833,0.29932406544685364,0.5081948041915894,-0.4950951039791107,0.49231183528900146,-0.5042300224304199,1
0.5287080407142639,0.007500197738409042,0.3147466480731964,0.5091866254806519,-0.49545031785964966,0.4927084147930145,-0.5024901032447815,0.5020909309387207,0.009625107049942017,0.019978148862719536,0,0.5213498473167419,0.007923780009150505,0.2970948815345764,0.5078404545783997,-0.4953084886074066,0.4926488399505615,-0.5040481686592102,1
0.5280640125274658,0.007525185123085976,0.31247273087501526,0.5088352560997009,-0.4956600069999695,0.49304062128067017,-0.5023132562637329,0.5020909309387207,0.009625107049942017,0.019978148862719536,0,0.5205984711647034,0.007972825318574905,0.29487282037734985,0.50748610496521,-0.49552199244499207,0.4929858446121216,-0.5038658380508423,1
0.5274073481559753,0.007552905008196831,0.31020551919937134,0.5084840655326843,-0.4958696663379669,0.4933720827102661,-0.5021365284919739,0.5020909309387207,0.009625107049942017,0.019978148862719536,0,0.5198347568511963,0.008024582639336586,0.2926579713821411,0.5071315765380859,-0.49573516845703125,0.49332261085510254,-0.5036832094192505,1
0.5267379879951477,0.0075833760201931,0.3079448640346527,0.5081327557563782,-0.49607905745506287,0.4937037527561188,-0.5019594430923462,0.5020909309387207,0.009625107049942017,0.019978148862719536,0,0.5190588235855103,0.008079128339886665,0.2904505729675293,0.5067769885063171,-0.4959484040737152,0.493659108877182,-0.5035005807876587,1
0.526056170463562,0.007616594433784485,0.3056909739971161,0.5077813267707825,-0.49628832936286926,0.49403512477874756,-0.5017821192741394,0.5020909309387207,0.009625107049942017,0.019978148862719536,0,0.5182706117630005,0.008136497810482979,0.28825071454048157,0.5064225196838379,-0.496161550283432,0.4939954876899719,-0.5033172369003296,1
0.5253616571426392,0.007652750238776207,0.30344411730766296,0.5074300765991211,-0.49649763107299805,0.4943660795688629,-0.5016043782234192,0.5020909309387207,0.009625107049942017,0.019978148862719536,0,0.5174704790115356,0.008196476846933365,0.28605806827545166,0.5060678720474243,-0.4963743984699249,0.4943317174911499,-0.5031339526176453,1
0.5246548652648926,0.007691439241170883,0.30120372772216797,0.5070783495903015,-0.49670684337615967,0.49469706416130066,-0.5014265179634094,0.5020909309387207,0.009625107049942017,0.019978148862719536,0,0.5166583061218262,0.008259143680334091,0.28387323021888733,0.505713164806366,-0.49658727645874023,0.49466750025749207,-0.5029504895210266,1
0.5239355564117432,0.007732868194580078,0.298970490694046,0.5067269206047058,-0.49691590666770935,0.4950277805328369,-0.5012483596801758,0.5020909309387207,0.009625107049942017,0.019978148862719536,0,0.5158340930938721,0.008324550464749336,0.2816959023475647,0.5053583383560181,-0.49680009484291077,0.4950034022331238,-0.5027666091918945,1
0.5232038497924805,0.007777038961648941,0.29674452543258667,0.5063751339912415,-0.49712473154067993,0.4953581988811493,-0.5010701417922974,0.5020909309387207,0.009625107049942017,0.019978148862719536,0,0.5149978399276733,0.008392682299017906,0.2795265316963196,0.5050033926963806,-0.4970126450061798,0.49533894658088684,-0.5025826096534729,1
0.522459864616394,0.007823890075087547,0.29452547430992126,0.506023645401001,-0.4973334074020386,0.49568843841552734,-0.5008916258811951,0.5020909309387207,0.009625107049942017,0.019978148862719536,0,0.5141496658325195,0.008463535457849503,0.2773646414279938,0.5046485662460327,-0.49722519516944885,0.495674192905426,-0.5023981928825378,1
0.5217037796974182,0.00787348486483097,0.2923140525817871,0.5056719183921814,-0.4975419044494629,0.4960182309150696,-0.5007132291793823,0.5020909309387207,0.009625107049942017,0.019978148862719536,0,0.5132898092269897,0.008537039160728455,0.2752108871936798,0.5042935013771057,-0.4974375069141388,0.49600934982299805,-0.5022137761116028,1
0.5209354758262634,0.007925793528556824,0.2901095747947693,0.5053203105926514,-0.49775028228759766,0.4963478446006775,-0.5005343556404114,0.5020909309387207,0.009625107049942017,0.019978148862719536,0,0.5124182105064392,0.00861327163875103,0.2730650007724762,0.5039384961128235,-0.4976497292518616,0.4963441789150238,-0.5020288825035095,1
0.5201550126075745,0.007980795577168465,0.2879126965999603,0.5049686431884766,-0.4979584515094757,0.4966773986816406,-0.5003553628921509,0.5020909309387207,0.009625107049942017,0.019978148862719536,0,0.5115348696708679,0.0086921826004982,0.2709270715713501,0.5035834908485413,-0.49786171317100525,0.49667888879776,-0.5018439292907715,1
0.5193623900413513,0.008038531988859177,0.2857232093811035,0.5046168565750122,-0.4981665015220642,0.49700644612312317,-0.5001763105392456,0.5020909309387207,0.009625107049942017,0.019978148862719536,0,0.5106395483016968,0.008773859590291977,0.2687971591949463,0.5032282471656799,-0.4980737268924713,0.4970136284828186,-0.50165855884552,1
0.518557608127594,0.008099319413304329,0.2835414409637451,0.504265308380127,-0.4983746409416199,0.497335284948349,-0.49999669194221497,0.5020909309387207,0.009625107049942017,0.019978148862719536,0,0.5097327828407288,0.008858181536197662,0.26667550206184387,0.5028730034828186,-0.49828577041625977,0.49734801054000854,-0.5014728307723999,1
0.5177410840988159,0.008162461221218109,0.2813674211502075,0.5039135217666626,-0.4985823929309845,0.49766385555267334,-0.49981725215911865,0.5020909309387207,0.009625107049942017,0.019978148862719536,0,0.5088144540786743,0.008945213630795479,0.2645621597766876,0.502517580986023,-0.49849748611450195,0.49768200516700745,-0.5012871623039246,1
0.516912579536438,0.008228316903114319,0.2792009711265564,0.503561794757843,-0.4987901449203491,0.4979923665523529,-0.49963733553886414,0.5020909309387207,0.009625107049942017,0.019978148862719536,0,0.507884681224823,0.009034920483827591,0.2624566853046417,0.5021620988845825,-0.49870938062667847,0.4980160593986511,-0.5011008977890015,1
0.5160722136497498,0.008296836167573929,0.2770422697067261,0.5032099485397339,-0.4989975094795227,0.4983205795288086,-0.49945738911628723,0.5020909309387207,0.009625107049942017,0.019978148862719536,0,0.5069433450698853,0.009127108380198479,0.26035988330841064,0.5018064975738525,-0.4989207983016968,0.4983499348163605,-0.5009146332740784,1
0.515220046043396,0.008368074893951416,0.27489176392555237,0.50285804271698,-0.4992048144340515,0.4986482858657837,-0.49927759170532227,0.5020909309387207,0.009625107049942017,0.019978148862719536,0,0.5059904456138611,0.009222185239195824,0.2582715153694153,0.5014509558677673,-0.4991322457790375,0.4986836314201355,-0.5007279515266418,1
0.5143560767173767,0.008442012593150139,0.2727489471435547,0.5025062561035156,-0.49941202998161316,0.4989759624004364,-0.49909716844558716,0.5020909309387207,0.009625107049942017,0.019978148862719536,0,0.5050263404846191,0.009319931268692017,0.256191611289978,0.5010953545570374,-0.49934372305870056,0.4990167021751404,-0.5005411505699158,1
0.513480544090271,0.008518584072589874,0.2706141769886017,0.5021544098854065,-0.4996189773082733,0.4993031620979309,-0.498916894197464,0.5020909309387207,0.009625107049942017,0.019978148862719536,0,0.5040509700775146,0.009420327842235565,0.2541203200817108,0.5007398724555969,-0.49955469369888306,0.4993498921394348,-0.5003541707992554,1
0.5125933885574341,0.008597852662205696,0.26848769187927246,0.5018026232719421,-0.4998258054256439,0.4996302127838135,-0.49873632192611694,0.5020909309387207,0.009625107049942017,0.019978148862719536,0,0.5030643939971924,0.009523402899503708,0.25205790996551514,0.5003842711448669,-0.4997658431529999,0.4996827244758606,-0.5001668334007263,1
0.5116944909095764,0.008679833263158798,0.2663693428039551,0.501450777053833,-0.5000324249267578,0.4999568462371826,-0.49855563044548035,0.5020909309387207,0.009625107049942017,0.019978148862719536,0,0.5020665526390076,0.009629134088754654,0.25000402331352234,0.5000284314155579,-0.49997678399086,0.5000154376029968,-0.49997931718826294,1
0.5107841491699219,0.008764438331127167,0.2642591893672943,0.5010990500450134,-0.500238835811615,0.5002831816673279,-0.4983748197555542,0.5020909309387207,0.009625107049942017,0.019978148862719536,1,0.5107841491699219,0.008764438331127167,0.2642591893672943,0.5010990500450134,-0.500238835811615,0.5002831816673279,-0.4983748197555542,0
0.5103393197059631,0.008831113576889038,0.2628633379936218,0.5006319880485535,-0.5006795525550842,0.5009546875953674,-0.49772679805755615,0.5020909309387207,0.009625107049942017,0.019978148862719536,1,0.5107841491699219,0.008764438331127167,0.2642591893672943,0.5010990500450134,-0.500238835811615,0.5002831816673279,-0.4983748197555542,0
0.5103187561035156,0.008840767666697502,0.26218968629837036,0.5003036260604858,-0.5010102391242981,0.5014500617980957,-0.4972251057624817,0.5020909309387207,0.009625107049942017,0.019978148862719536,1,0.5107841491699219,0.008764438331127167,0.2642591893672943,0.5010990500450134,-0.500238835811615,0.5002831816673279,-0.4983748197555542,0
0.5103498697280884,0.008832236751914024,0.26178568601608276,0.5001075267791748,-0.5012022256851196,0.5017459392547607,-0.49693039059638977,0.5020909309387207,0.009625107049942017,0.019978148862719536,1,0.5107841491699219,0.008764438331127167,0.2642591893672943,0.5010990500450134,-0.500238835811615,0.5002831816673279,-0.4983748197555542,0
0.5103833675384521,0.008823607116937637,0.2614896297454834,0.4999641478061676,-0.5013421177864075,0.5019618272781372,-0.496715247631073,0.5020909309387207,0.009625107049942017,0.019978148862719536,1,0.5107841491699219,0.008764438331127167,0.2642591893672943,0.5010990500450134,-0.500238835811615,0.5002831816673279,-0.4983748197555542,0
0.5104139447212219,0.008816886693239212,0.2612479627132416,0.4998474717140198,-0.5014567971229553,0.5021378993988037,-0.4965391457080841,0.5020909309387207,0.009625107049942017,0.019978148862719536,1,0.5107841491699219,0.008764438331127167,0.2642591893672943,0.5010990500450134,-0.500238835811615,0.5002831816673279,-0.4983748197555542,0
0.5104414820671082,0.008811725303530693,0.2610396146774292,0.4997473657131195,-0.5015559196472168,0.5022891759872437,-0.4963867664337158,0.5020909309387207,0.009625107049942017,0.019978148862719536,1,0.5107841491699219,0.008764438331127167,0.2642591893672943,0.5010990500450134,-0.500238835811615,0.5002831816673279,-0.4983748197555542,0
0.5104663372039795,0.008807498961687088,0.2608563303947449,0.49965935945510864,-0.5016435384750366,0.5024219751358032,-0.4962523281574249,0.5020909309387207,0.009625107049942017,0.019978148862719536,1,0.5107841491699219,0.008764438331127167,0.2642591893672943,0.5010990500450134,-0.500238835811615,0.5002831816673279,-0.4983748197555542,0
0.5104889869689941,0.008803356438875198,0.2606939971446991,0.49958088994026184,-0.5017212629318237,0.502539336681366,-0.49613383412361145,0.5020468235015869,0.009759414941072464,0.020030738785862923,1,0.5104889869689941,0.008803356438875198,0.2606939971446991,0.49958088994026184,-0.5017212629318237,0.502539336681366,-0.49613383412361145,0
0.5104849934577942,0.008809670805931091,0.2603532671928406,0.49943915009498596,-0.5018661618232727,0.502752959728241,-0.495913565158844,0.5019088983535767,0.00974702462553978,0.019813816994428635,1,0.5169817209243774,0.00850062444806099,0.2677234709262848,0.5034648180007935,-0.499308317899704,0.49874648451805115,-0.498463898897171,0
0.5109724998474121,0.00881568156182766,0.2603415250778198,0.4994829595088959,-0.5019679665565491,0.5028640627861023,-0.4956536889076233,0.5021992921829224,0.009685089811682701,0.01984383538365364,1,0.5233357548713684,0.008251361548900604,0.27484166622161865,0.5073391199111938,-0.4968804121017456,0.4949282109737396,-0.5007622838020325,0
0.512012243270874,0.008797625079751015,0.26086175441741943,0.49982795119285583,-0.5018981695175171,0.5027056932449341,-0.49553728103637695,0.5031725168228149,0.00960415881127119,0.020309722051024437,1,0.5295493006706238,0.008054593577980995,0.28204551339149475,0.511203408241272,-0.49443697929382324,0.49108490347862244,-0.5030294060707092,0
0.5135923027992249,0.0087494608014822,0.26198267936706543,0.5005059838294983,-0.5016117095947266,0.5022157430648804,-0.4956396818161011,0.5050863027572632,0.009538319893181324,0.021189510822296143,1,0.5356202721595764,0.007910193875432014,0.28933224081993103,0.5150576233863831,-0.491978257894516,0.48721662163734436,-0.5052652359008789,0
0.5156697034835815,0.008673043921589851,0.2637041211128235,0.5015097856521606,-0.5011038780212402,0.501386284828186,-0.4959782660007477,0.5078032612800598,0.00946628674864769,0.022618448361754417,1,0.541546106338501,0.007817568257451057,0.29669907689094543,0.5189012885093689,-0.4895045757293701,0.48332348465919495,-0.5074693560600281,0
0.5181925296783447,0.00857383944094181,0.26599517464637756,0.5028176307678223,-0.5003849864006042,0.500232994556427,-0.4965442419052124,0.5112314224243164,0.009383303113281727,0.024599308148026466,1,0.5473254323005676,0.007775928825139999,0.3041430115699768,0.5227339863777161,-0.48701560497283936,0.47940585017204285,-0.5096418857574463,0
0.5211063027381897,0.008459227159619331,0.268813818693161,0.5044021606445312,-0.49947208166122437,0.4987800121307373,-0.4973173141479492,0.5152937769889832,0.00929435808211565,0.02710038796067238,1,0.5529561042785645,0.007785137742757797,0.31166112422943115,0.5265555381774902,-0.48451194167137146,0.4754635691642761,-0.5117830634117126,0
0.5243585109710693,0.00833551399409771,0.27211564779281616,0.5062350630760193,-0.49838289618492126,0.4970555305480957,-0.4982732832431793,0.5199148058891296,0.009205151349306107,0.030085550621151924,1,0.5584360361099243,0.007844218984246254,0.3192508816719055,0.530365526676178,-0.4819929301738739,0.47149714827537537,-0.513892650604248,0
0.5278942584991455,0.008210226893424988,0.27585017681121826,0.5082847476005554,-0.4971389174461365,0.4950920343399048,-0.49938300251960754,0.5250126123428345,0.00913267396390438,0.03351214528083801,1,0.5637637376785278,0.007953034713864326,0.32690858840942383,0.534163773059845,-0.4794594347476959,0.46750643849372864,-0.5159704089164734,0
0.5316596627235413,0.008091449737548828,0.2799644470214844,0.5105200409889221,-0.4957629144191742,0.49292388558387756,-0.5006138682365417,0.5305047631263733,0.009069429710507393,0.03733230382204056,1,0.5689371228218079,0.008110739290714264,0.33463186025619507,0.5379498600959778,-0.47691112756729126,0.4634914994239807,-0.5180167555809021,0
0.5356153845787048,0.007984532043337822,0.28442278504371643,0.51291823387146,-0.49427011609077454,0.49057334661483765,-0.5019457340240479,0.5363318920135498,0.00903012789785862,0.04151593893766403,1,0.573954701423645,0.008316509425640106,0.3424172103404999,0.5417236089706421,-0.4743478298187256,0.4594528079032898,-0.5200313925743103,0
0.5397263765335083,0.007894216105341911,0.2891964912414551,0.5154606103897095,-0.49267205595970154,0.48805856704711914,-0.5033620595932007,0.5424431562423706,0.009019557386636734,0.04603877291083336,1,0.5788150429725647,0.008570032194256783,0.3502618670463562,0.545484721660614,-0.4717698097229004,0.45539045333862305,-0.5220144391059875,0
0.543960452079773,0.007824130356311798,0.2942599654197693,0.5181301832199097,-0.49097850918769836,0.48539432883262634,-0.504849910736084,0.5487930178642273,0.00904169213026762,0.05087980255484581,1,0.583516001701355,0.008870288729667664,0.3581623435020447,0.5492327213287354,-0.4691774845123291,0.4513045847415924,-0.5239656567573547,0
0.5482887029647827,0.007778240367770195,0.29959172010421753,0.5209131240844727,-0.48919782042503357,0.48259371519088745,-0.5063973069190979,0.5553402900695801,0.00909984577447176,0.056020136922597885,1,0.5880566239356995,0.009216926991939545,0.36611583828926086,0.552967369556427,-0.4665706753730774,0.4471953213214874,-0.5258850455284119,0
0.5526843070983887,0.007759680971503258,0.30517104268074036,0.5237958431243896,-0.48733797669410706,0.479668527841568,-0.5079936981201172,0.5620476007461548,0.0091970544308424,0.06144263967871666,1,0.5924353003501892,0.009609071537852287,0.3741185665130615,0.5566884875297546,-0.4639495313167572,0.44306305050849915,-0.5277724862098694,0
0.5571233034133911,0.007771041244268417,0.3109797239303589,0.5267667174339294,-0.48540550470352173,0.47662898898124695,-0.5096303820610046,0.5688809752464294,0.009335968643426895,0.06713144481182098,1,0.5966503024101257,0.010045753791928291,0.38216865062713623,0.5603955984115601,-0.4613136351108551,0.4389074742794037,-0.5296286940574646,0
0.561583936214447,0.007814742624759674,0.3170014023780823,0.5298152565956116,-0.4834064245223999,0.4734840393066406,-0.5112991333007812,0.5757874250411987,0.00979347713291645,0.07308699935674667,1,0.6007009744644165,0.010526549071073532,0.39026156067848206,0.5640884637832642,-0.45866402983665466,0.43472909927368164,-0.5314528346061707,0
0.566045880317688,0.007893629372119904,0.3232201933860779,0.5329325795173645,-0.4813459515571594,0.4702425003051758,-0.5129920840263367,0.582790732383728,0.01005227118730545,0.07922059297561646,1,0.6045856475830078,0.011050322093069553,0.3983946442604065,0.5677666664123535,-0.45599988102912903,0.4305278956890106,-0.5332453846931458,0
0.5704918503761292,0.008008832111954689,0.3296221196651459,0.5361097455024719,-0.47922930121421814,0.4669111967086792,-0.5147032737731934,0.5898382067680359,0.01024966686964035,0.08560409396886826,1,0.6083030104637146,0.011616714298725128,0.4065646231174469,0.5714303851127625,-0.45332175493240356,0.42630431056022644,-0.5350059270858765,0
0.5749050378799438,0.008161509409546852,0.3361935317516327,0.539339005947113,-0.47706031799316406,0.46349743008613586,-0.5164270997047424,0.5968956351280212,0.010504643432796001,0.09221921861171722,1,0.6118522882461548,0.012224637903273106,0.4147682785987854,0.5750788450241089,-0.4506293535232544,0.42205819487571716,-0.5367348194122314,0
0.5792709589004517,0.00835336185991764,0.3429231643676758,0.542613685131073,-0.47484323382377625,0.46000656485557556,-0.5181585550308228,0.6039549708366394,0.010837540030479431,0.09903515130281448,1,0.6152322292327881,0.01287301816046238,0.42300179600715637,0.5787115693092346,-0.4479233920574188,0.4177902638912201,-0.5384317636489868,0
0.5835762619972229,0.008585114032030106,0.34979841113090515,0.5459274053573608,-0.47258132696151733,0.4564446210861206,-0.5198927521705627,0.6109915971755981,0.011235902085900307,0.1060446947813034,1,0.6184420585632324,0.013561506755650043,0.43126288056373596,0.5823290348052979,-0.4452032744884491,0.4134998619556427,-0.5400970578193665,0
0.5878087878227234,0.00885774940252304,0.35680919885635376,0.5492746233940125,-0.4702781140804291,0.45281609892845154,-0.5216256976127625,0.6179581880569458,0.01168527826666832,0.11327127367258072,1,0.6214803457260132,0.014288723468780518,0.43954727053642273,0.5859300494194031,-0.44246938824653625,0.4091877341270447,-0.5417305827140808,0
0.591957688331604,0.0091715008020401,0.3639462888240814,0.5526508688926697,-0.4679357707500458,0.4491247832775116,-0.5233545899391174,0.6249042749404907,0.012209913693368435,0.12063699215650558,1,0.6243468523025513,0.015054228715598583,0.44785216450691223,0.589514970779419,-0.43972182273864746,0.4048539698123932,-0.5433322787284851,0
0.5960131287574768,0.009526653215289116,0.3711988031864166,0.5560507774353027,-0.46555712819099426,0.44537603855133057,-0.525075376033783,0.6317944526672363,0.012792651541531086,0.12815077602863312,1,0.6270405650138855,0.015856901183724403,0.45617401599884033,0.5930829644203186,-0.43696093559265137,0.4004986584186554,-0.5449022650718689,0
0.5999664664268494,0.009923539124429226,0.37855878472328186,0.5594709515571594,-0.46314430236816406,0.4415721297264099,-0.5267861485481262,0.6385997533798218,0.013428895734250546,0.13582009077072144,1,0.6295607686042786,0.016695581376552582,0.46450963616371155,0.5966342687606812,-0.43418610095977783,0.39612191915512085,-0.5464405417442322,0
0.6038092374801636,0.010362019762396812,0.3860178589820862,0.5629071593284607,-0.4606994390487671,0.43771710991859436,-0.5284839272499084,0.6453236937522888,0.014146792702376842,0.14364084601402283,1,0.6319068074226379,0.017569541931152344,0.47285500168800354,0.6001681089401245,-0.43139809370040894,0.39172446727752686,-0.5479468107223511,0
0.6075342893600464,0.010842375457286835,0.39356857538223267,0.5663564801216125,-0.4582241177558899,0.4338128864765167,-0.5301671624183655,0.651915967464447,0.014882381074130535,0.15160486102104187,1,0.6340782046318054,0.018477819859981537,0.4812076687812805,0.6036843657493591,-0.4285965859889984,0.3873060345649719,-0.5494216680526733,0
0.6111353635787964,0.01136400643736124,0.4012027084827423,0.5698158740997314,-0.45572033524513245,0.4298630952835083,-0.5318331122398376,0.6583850383758545,0.015656735748052597,0.1596985161304474,1,0.6360743045806885,0.01941968873143196,0.48956364393234253,0.607183039188385,-0.42578184604644775,0.3828665316104889,-0.5508645176887512,0
0.6146062016487122,0.011926635168492794,0.4089135229587555,0.5732822418212891,-0.4531894624233246,0.4258697032928467,-0.533480703830719,0.6647438406944275,0.016493545845150948,0.1679084599018097,1,0.637894868850708,0.02039366587996483,0.4979199469089508,0.6106634736061096,-0.42295369505882263,0.3784063756465912,-0.5522759556770325,0
0.617941677570343,0.012529765255749226,0.4166940152645111,0.5767531394958496,-0.45063289999961853,0.4218350648880005,-0.535108208656311,0.6709870100021362,0.01739392802119255,0.17622704803943634,1,0.639539361000061,0.02139931544661522,0.5062728524208069,0.6141255497932434,-0.420112669467926,0.373926043510437,-0.5536553859710693,0
0.6211368441581726,0.01317322812974453,0.424538254737854,0.5802266597747803,-0.44805169105529785,0.4177608788013458,-0.5367144346237183,0.6770851016044617,0.018341179937124252,0.1846565306186676,1,0.6410074830055237,0.022435331717133522,0.5146193504333496,0.6175689697265625,-0.41725850105285645,0.36942553520202637,-0.55500328540802,0
0.6241875886917114,0.013856099918484688,0.4324396848678589,0.5837005972862244,-0.4454469084739685,0.4136487543582916,-0.5382985472679138,0.6830496788024902,0.01934654638171196,0.1931840181350708,1,0.642299234867096,0.02350042574107647,0.5229553580284119,0.6209930181503296,-0.4143914580345154,0.3649049699306488,-0.5563197135925293,0
0.6270899176597595,0.01457768864929676,0.4403921961784363,0.58717280626297,-0.4428195357322693,0.4095008075237274,-0.5398590564727783,0.6888894438743591,0.02043633908033371,0.2018120437860489,1,0.6434141993522644,0.024594146758317947,0.5312784314155579,0.6243981719017029,-0.41151145100593567,0.3603643476963043,-0.5576044917106628,0
0.6298404335975647,0.015337513759732246,0.44839027523994446,0.5906419157981873,-0.4401708245277405,0.40531814098358154,-0.5413954257965088,0.6945242881774902,0.021522492170333862,0.21053193509578705,1,0.6443527936935425,0.025714915245771408,0.5395840406417847,0.6277834177017212,-0.40861883759498596,0.3558046519756317,-0.5588573813438416,0
0.63243567943573,0.016134802252054214,0.4564287066459656,0.5941062569618225,-0.43750110268592834,0.4011021852493286,-0.5429064631462097,0.7000107169151306,0.022663045674562454,0.21933093667030334,1,0.6451143622398376,0.026862241327762604,0.5478702783584595,0.6311491131782532,-0.40571311116218567,0.3512248694896698,-0.5600791573524475,0
0.6348732709884644,0.016968369483947754,0.46450167894363403,0.5975641012191772,-0.4348113238811493,0.39685454964637756,-0.5443919897079468,0.7053516507148743,0.023863770067691803,0.2282024770975113,1,0.6456993818283081,0.028034750372171402,0.5561322569847107,0.6344944834709167,-0.40279507637023926,0.34662607312202454,-0.5612691640853882,0
0.6371501684188843,0.017837662249803543,0.47260478138923645,0.6010145545005798,-0.4321020245552063,0.3925756812095642,-0.5458512306213379,0.7105268836021423,0.02511386200785637,0.2371452897787094,1,0.6461080312728882,0.029231179505586624,0.5643672943115234,0.637819230556488,-0.3998646140098572,0.3420082926750183,-0.562427818775177,0
0.6392648220062256,0.01874207705259323,0.48073214292526245,0.6044565439224243,-0.4293738603591919,0.3882666230201721,-0.5472835302352905,0.7155312299728394,0.026411274448037148,0.24615441262722015,1,0.6463402509689331,0.03045099973678589,0.572571873664856,0.6411234140396118,-0.396921843290329,0.33737173676490784,-0.5635548233985901,0
0.6412145495414734,0.019680142402648926,0.48887985944747925,0.6078884601593018,-0.4266272485256195,0.3839287757873535,-0.5486888885498047,0.7203617095947266,0.027754995971918106,0.2552245259284973,1,0.646396279335022,0.03169260174036026,0.5807434320449829,0.6444065570831299,-0.3939661979675293,0.3327161967754364,-0.5646509528160095,0
0.6429979205131531,0.020651549100875854,0.4970427453517914,0.6113097071647644,-0.42386308312416077,0.37956252694129944,-0.5500661730766296,0.7250156402587891,0.029144132509827614,0.2643505036830902,1,0.6462769508361816,0.03295540437102318,0.5888769626617432,0.6476684212684631,-0.3909987807273865,0.32804247736930847,-0.5657151937484741,0
0.6446133852005005,0.021654624491930008,0.505216121673584,0.6147186756134033,-0.42108139395713806,0.3751693069934845,-0.5514156818389893,0.7294906973838806,0.03057771362364292,0.27352723479270935,1,0.6459823846817017,0.034238092601299286,0.5969703793525696,0.6509085893630981,-0.3880191445350647,0.32335034012794495,-0.5667482018470764,0
0.6460597515106201,0.02268880605697632,0.5133954882621765,0.6181151866912842,-0.4182828962802887,0.37074950337409973,-0.5527366399765015,0.7337846159934998,0.03205474093556404,0.28274989128112793,1,0.6455129384994507,0.03553936630487442,0.6050200462341309,0.6541269421577454,-0.38502728939056396,0.31864026188850403,-0.5677501559257507,0
0.6473355889320374,0.023752838373184204,0.5215768218040466,0.6214980483055115,-0.415467768907547,0.3663036525249481,-0.5540291666984558,0.7378953695297241,0.0335741825401783,0.29201361536979675,1,0.6448692679405212,0.03685862571001053,0.6130229234695435,0.6573232412338257,-0.3820236325263977,0.3139120936393738,-0.5687207579612732,0
0.6484401226043701,0.024846093729138374,0.5297556519508362,0.6248666048049927,-0.41263628005981445,0.3618323802947998,-0.5552928447723389,0.7418210506439209,0.035135019570589066,0.3013137876987457,1,0.6440523266792297,0.03819424659013748,0.6209747791290283,0.6604968905448914,-0.37900808453559875,0.30916649103164673,-0.5696601867675781,0
0.6493723392486572,0.025967171415686607,0.5379277467727661,0.6282202005386353,-0.40978917479515076,0.3573365807533264,-0.5565273761749268,0.7455600500106812,0.03673620894551277,0.31064581871032715,1,0.6430622935295105,0.03954567760229111,0.6288736462593079,0.6636477708816528,-0.37598076462745667,0.3044033646583557,-0.5705686807632446,0
0.6501315236091614,0.027115002274513245,0.5460895895957947,0.6315580606460571,-0.4069259464740753,0.3528164029121399,-0.5577330589294434,0.7491109371185303,0.03837672621011734,0.3200052082538605,1,0.6419002413749695,0.04091157391667366,0.6367151737213135,0.6667758822441101,-0.37294164299964905,0.29962295293807983,-0.5714460015296936,0
0.6507173776626587,0.028288783505558968,0.5542359948158264,0.6348793506622314,-0.4040478467941284,0.3482727110385895,-0.5589092373847961,0.7524723410606384,0.04005545750260353,0.32938751578330994,1,0.6405673027038574,0.04229054972529411,0.6444962024688721,0.6698806285858154,-0.36989107728004456,0.2948255240917206,-0.5722922086715698,0
0.6511290073394775,0.029487410560250282,0.5623641610145569,0.6381840109825134,-0.4011545479297638,0.3437054753303528,-0.5600559711456299,0.7556430697441101,0.0417712964117527,0.3387884199619293,1,0.6390640735626221,0.04368208348751068,0.6522138118743896,0.672961950302124,-0.3668290376663208,0.2900111675262451,-0.5731074213981628,0
0.6513667106628418,0.030709367245435715,0.5704692006111145,0.6414706110954285,-0.3982464075088501,0.3391158878803253,-0.5611734390258789,0.7586221098899841,0.04352313652634621,0.3482036292552948,1,0.6373912692070007,0.04508455470204353,0.6598650217056274,0.6760193109512329,-0.3637556731700897,0.28518033027648926,-0.5738917589187622,0
0.6514297723770142,0.031954213976860046,0.5785484313964844,0.6447398066520691,-0.3953233063220978,0.3345033526420593,-0.5622611045837402,0.7614086270332336,0.04530980810523033,0.35762888193130493,1,0.6355504989624023,0.046497367322444916,0.6674460768699646,0.6790526509284973,-0.36067092418670654,0.28033319115638733,-0.5746452808380127,0
0.6513184309005737,0.03322036564350128,0.5865969061851501,0.6479899883270264,-0.39238595962524414,0.3298691511154175,-0.563319206237793,0.7640019059181213,0.047130271792411804,0.3670600354671478,1,0.6334112882614136,0.048008158802986145,0.6754211187362671,0.6822488903999329,-0.3573809862136841,0.27516502141952515,-0.575412392616272,0
0.6510388851165771,0.034512195736169815,0.5946431159973145,0.6512340307235718,-0.3894253969192505,0.3251979649066925,-0.5643476247787476,0.7664152979850769,0.04899164289236069,0.37652817368507385,1,0.6310850381851196,0.04952787235379219,0.6833095550537109,0.6854172348976135,-0.3540787100791931,0.26997897028923035,-0.5761446356773376,0
0.6505842804908752,0.03582971915602684,0.6026895642280579,0.6544744968414307,-0.38643646240234375,0.3204832375049591,-0.5653497576713562,0.7686467170715332,0.050894368439912796,0.3860397934913635,1,0.6285727620124817,0.051055219024419785,0.6911085844039917,0.6885576248168945,-0.35076382756233215,0.264774888753891,-0.5768425464630127,0
0.6499491930007935,0.037172265350818634,0.6107334494590759,0.6577108502388,-0.38341790437698364,0.31572312116622925,-0.5663267374038696,0.77069091796875,0.05283746123313904,0.3955918550491333,1,0.6258766651153564,0.05258877947926521,0.6988134384155273,0.6916694045066833,-0.34743690490722656,0.2595534920692444,-0.5775058269500732,0
0.6491302251815796,0.038538601249456406,0.6187680959701538,0.6609410643577576,-0.38037070631980896,0.3109191656112671,-0.5672777891159058,0.7725430727005005,0.05481962114572525,0.4051782786846161,1,0.6229979395866394,0.054127100855112076,0.7064212560653687,0.6947523951530457,-0.3440975844860077,0.2543147802352905,-0.5781348347663879,0
0.6481255888938904,0.039927348494529724,0.6267861723899841,0.6641635298728943,-0.3772955536842346,0.3060727119445801,-0.5682027339935303,0.7741991281509399,0.056839343160390854,0.4147915840148926,1,0.6199386119842529,0.0556693971157074,0.7139279842376709,0.6978062987327576,-0.34074631333351135,0.2490590661764145,-0.5787293910980225,0
0.646933376789093,0.04133710265159607,0.6347809433937073,0.6673759818077087,-0.3741937279701233,0.301185667514801,-0.5691006183624268,0.7756556272506714,0.05889492109417915,0.42442387342453003,1,0.6167004108428955,0.05721412971615791,0.7213302254676819,0.7008309364318848,-0.33738312125205994,0.24378661811351776,-0.5792897939682007,0
0.6455528140068054,0.04276629537343979,0.6427451372146606,0.6705766916275024,-0.37106645107269287,0.29625964164733887,-0.5699708461761475,0.7769098281860352,0.06098474934697151,0.4340672492980957,1,0.6132855415344238,0.05876004323363304,0.7286240458488464,0.7038256525993347,-0.33400821685791016,0.23849771916866302,-0.5798160433769226,0
0.6439835429191589,0.04421355575323105,0.6506710648536682,0.6737640500068665,-0.3679148852825165,0.2912967801094055,-0.5708123445510864,0.7779594659805298,0.06310705095529556,0.44371387362480164,1,0.6096956729888916,0.06030590087175369,0.7358065247535706,0.7067903876304626,-0.33062151074409485,0.2331923097372055,-0.5803086161613464,0
0.6422253847122192,0.04567701742053032,0.658552348613739,0.6769363284111023,-0.36473986506462097,0.2862987816333771,-0.5716248750686646,0.7788026332855225,0.0652601346373558,0.45335623621940613,1,0.6059327721595764,0.06185050308704376,0.7428740859031677,0.7097248435020447,-0.32722342014312744,0.22787123918533325,-0.5807669162750244,0
0.6402789950370789,0.04715511575341225,0.6663818359375,0.6800916194915771,-0.36154279112815857,0.28126752376556396,-0.5724077820777893,0.7794378995895386,0.06744227558374405,0.4629869759082794,1,0.601999819278717,0.06339254230260849,0.7498226165771484,0.7126283645629883,-0.3238140642642975,0.22253477573394775,-0.58119136095047,0
0.6381441354751587,0.04864642769098282,0.6741538643836975,0.6832292675971985,-0.3583240509033203,0.27620404958724976,-0.5731605291366577,0.7798641920089722,0.06965162605047226,0.472599059343338,1,0.5978979468345642,0.06493089348077774,0.7566498517990112,0.7155011892318726,-0.32039308547973633,0.21718242764472961,-0.5815823078155518,0
0.635822057723999,0.050149284303188324,0.6818614602088928,0.686347246170044,-0.35508474707603455,0.2711103856563568,-0.5738826394081116,0.7800806760787964,0.07188649475574493,0.4821857213973999,1,0.5936299562454224,0.06646434962749481,0.7633519172668457,0.7183427214622498,-0.31696099042892456,0.21181492507457733,-0.5819396376609802,0
0.6333135962486267,0.05166224017739296,0.6894989013671875,0.6894444823265076,-0.35182616114616394,0.2659875452518463,-0.5745738744735718,0.7800869941711426,0.07414510846138,0.49174046516418457,1,0.5891985297203064,0.06799143552780151,0.7699254751205444,0.7211525440216064,-0.31351783871650696,0.20643259584903717,-0.5822636485099792,0
0.6306194067001343,0.05318385735154152,0.69706130027771,0.6925203800201416,-0.34854820370674133,0.2608366906642914,-0.5752337574958801,0.7798829674720764,0.07642576098442078,0.5012570023536682,1,0.5846056342124939,0.06951151043176651,0.7763676643371582,0.7239305973052979,-0.3100636601448059,0.20103521645069122,-0.5825544595718384,0
0.6277409791946411,0.05471256002783775,0.7045425176620483,0.6955733299255371,-0.34525203704833984,0.25565892457962036,-0.5758621096611023,0.7794685959815979,0.07872680574655533,0.5107292532920837,1,0.5798541307449341,0.07102316617965698,0.7826749682426453,0.7266767024993896,-0.3065987229347229,0.19562393426895142,-0.5828115344047546,0
0.6246799826622009,0.056246861815452576,0.7119375467300415,0.6986026167869568,-0.3419383764266968,0.250455766916275,-0.5764584541320801,0.7788441777229309,0.08104653656482697,0.5201514959335327,1,0.575239896774292,0.07243724167346954,0.7884851098060608,0.7292314171791077,-0.3033282458782196,0.1905181109905243,-0.5830233693122864,0
0.6214427947998047,0.05777953192591667,0.7192155718803406,0.7015959620475769,-0.3386170268058777,0.24524399638175964,-0.5770241618156433,0.778008759021759,0.08337396383285522,0.5294864177703857,1,0.5704889297485352,0.07384172081947327,0.7941712141036987,0.7317572236061096,-0.3000478446483612,0.18539959192276,-0.5832062363624573,0
0.6180402636528015,0.059308264404535294,0.7263671159744263,0.70455002784729,-0.3352941870689392,0.24003148078918457,-0.5775567293167114,0.7769678831100464,0.08570532500743866,0.5387194156646729,1,0.5656052231788635,0.07523605227470398,0.7997293472290039,0.7342538237571716,-0.29675865173339844,0.18026980757713318,-0.5833595395088196,0
0.6144795417785645,0.06083083897829056,0.7333870530128479,0.707464337348938,-0.3319714069366455,0.2348213791847229,-0.5780553817749023,0.7757272720336914,0.08803901821374893,0.5478444695472717,1,0.5605891942977905,0.0766192153096199,0.8051587343215942,0.7367210388183594,-0.293459951877594,0.17512741684913635,-0.5834839940071106,0
0.610764741897583,0.06234677881002426,0.7402744889259338,0.7103396654129028,-0.3286483585834503,0.22961309552192688,-0.5785202980041504,0.7742918133735657,0.09037383645772934,0.5568587183952332,1,0.5554448366165161,0.07799004018306732,0.8104556202888489,0.7391584515571594,-0.29015249013900757,0.16997386515140533,-0.5835795998573303,0
0.6069003939628601,0.0638546496629715,0.7470271587371826,0.7131761312484741,-0.32532522082328796,0.22440701723098755,-0.5789514183998108,0.7726653218269348,0.0927090123295784,0.5657607316970825,1,0.5501741766929626,0.07934806495904922,0.8156180381774902,0.7415657639503479,-0.2868364155292511,0.16480912268161774,-0.583646297454834,0
0.602888286113739,0.06535421311855316,0.7536458969116211,0.7159749269485474,-0.3220009505748749,0.21920141577720642,-0.5793496370315552,0.7708512544631958,0.09504371136426926,0.5745499134063721,1,0.5447790026664734,0.08069208264350891,0.8206440806388855,0.7439431548118591,-0.2835110127925873,0.15963320434093475,-0.5836842060089111,0
0.5987316370010376,0.0668446496129036,0.7601295113563538,0.7187367081642151,-0.31867507100105286,0.21399572491645813,-0.5797149538993835,0.7688524127006531,0.09737733006477356,0.5832259058952332,1,0.5392624139785767,0.08202163130044937,0.8255314230918884,0.7462899684906006,-0.28017717599868774,0.15444616973400116,-0.5836936235427856,0
0.59443199634552,0.06832551956176758,0.7664781212806702,0.7214623689651489,-0.315346896648407,0.20878852903842926,-0.5800479054450989,0.7666716575622559,0.0997091680765152,0.5917882919311523,1,0.5336273312568665,0.08333538472652435,0.8302772641181946,0.7486061453819275,-0.2768349051475525,0.14924892783164978,-0.5836745500564575,0
0.5899919867515564,0.06979585438966751,0.7726909518241882,0.7241522669792175,-0.3120156526565552,0.2035791426897049,-0.5803491473197937,0.7643114924430847,0.10203864425420761,0.6002366542816162,1,0.5278756022453308,0.08463294804096222,0.8348802924156189,0.7508915662765503,-0.27348384261131287,0.1440407633781433,-0.5836271643638611,0
0.5854131579399109,0.07125521451234818,0.7787676453590393,0.7268069982528687,-0.3086806833744049,0.19836640357971191,-0.5806191563606262,0.7617743611335754,0.1043650209903717,0.6085702776908875,1,0.5220108032226562,0.08591354638338089,0.8393376469612122,0.7531458139419556,-0.2701248526573181,0.13882313668727875,-0.5835513472557068,0
0.5806978940963745,0.07270271331071854,0.7847073674201965,0.7294268012046814,-0.3053414225578308,0.19314973056316376,-0.5808582901954651,0.7590627074241638,0.10668762028217316,0.6167884469032288,1,0.5160345435142517,0.08717610687017441,0.8436480760574341,0.7553686499595642,-0.26675716042518616,0.1335947960615158,-0.5834476947784424,0
0.5758474469184875,0.07413818687200546,0.790509819984436,0.7320126295089722,-0.30199700593948364,0.18792760372161865,-0.5810666680335999,0.7561787366867065,0.10900572687387466,0.6248902082443237,1,0.5099506378173828,0.08842024207115173,0.8478089570999146,0.7575600147247314,-0.26338163018226624,0.12835708260536194,-0.5833157300949097,0
0.5708646774291992,0.07556069642305374,0.7961732745170593,0.734564483165741,-0.29864734411239624,0.18269985914230347,-0.5812446475028992,0.7531247735023499,0.1113186627626419,0.6328744292259216,1,0.503761887550354,0.08964498341083527,0.8518184423446655,0.7597194910049438,-0.25999847054481506,0.12311027944087982,-0.5831559896469116,0
0.5657511353492737,0.0769694596529007,0.8016969561576843,0.7370824813842773,-0.29529184103012085,0.17746584117412567,-0.5813930034637451,0.7499030828475952,0.11362568289041519,0.6407398581504822,1,0.4974704682826996,0.09084952622652054,0.8556749224662781,0.7618469595909119,-0.2566068768501282,0.1178540363907814,-0.5829685926437378,0
0.560509204864502,0.07836399227380753,0.8070796132087708,0.7395672798156738,-0.2919301688671112,0.17222514748573303,-0.5815113186836243,0.7465159893035889,0.11592599749565125,0.6484851241111755,1,0.4910796284675598,0.0920335203409195,0.8593764305114746,0.763942301273346,-0.2532077133655548,0.11258862912654877,-0.5827534794807434,0
0.5551411509513855,0.07974332571029663,0.8123199343681335,0.7420184016227722,-0.28856217861175537,0.1669771820306778,-0.5816004872322083,0.7429656982421875,0.11821883916854858,0.6561086773872375,1,0.48459282517433167,0.09319589287042618,0.8629209995269775,0.7660052180290222,-0.24980105459690094,0.10731478035449982,-0.5825109481811523,0
0.5496490001678467,0.0811072438955307,0.8174163699150085,0.7444365620613098,-0.2851872742176056,0.16172152757644653,-0.5816600918769836,0.7392545342445374,0.12050336599349976,0.6636089086532593,1,0.4771273732185364,0.09448684006929398,0.8667469620704651,0.7683036923408508,-0.24593082070350647,0.10132710635662079,-0.5822029709815979,0
0.5439999103546143,0.08246555179357529,0.8224018812179565,0.7468419075012207,-0.2817828357219696,0.15642020106315613,-0.5816856026649475,0.7353615164756775,0.12279900163412094,0.6710345149040222,1,0.46954676508903503,0.09574837237596512,0.8703668713569641,0.7705599665641785,-0.24205107986927032,0.09532901644706726,-0.5818599462509155,0
0.5381767153739929,0.08381983637809753,0.8272819519042969,0.7492386698722839,-0.2783378064632416,0.15105892717838287,-0.581679105758667,0.731274425983429,0.12510904669761658,0.6784000396728516,1,0.4618545174598694,0.0969800278544426,0.8737788200378418,0.7727735638618469,-0.2381620705127716,0.08932103216648102,-0.5814821124076843,0
0.5321725010871887,0.08516959100961685,0.8320536017417908,0.7516255378723145,-0.2748502790927887,0.1456345170736313,-0.5816416144371033,0.7269861698150635,0.12743234634399414,0.6857048869132996,1,0.4540558457374573,0.09818056970834732,0.8769803643226624,0.7749444246292114,-0.23426376283168793,0.083302803337574,-0.581069827079773,0
0.5259850025177002,0.08651281893253326,0.836711049079895,0.7540001273155212,-0.27131974697113037,0.14014701545238495,-0.5815738439559937,0.7224937677383423,0.1297665536403656,0.6929426193237305,1,0.44615480303764343,0.09934941679239273,0.8799695372581482,0.7770720720291138,-0.23035654425621033,0.07727506011724472,-0.5806233286857605,0
0.5196171998977661,0.08784718066453934,0.8412452340126038,0.7563595175743103,-0.2677481174468994,0.13459938764572144,-0.5814757347106934,0.7177969813346863,0.13210873305797577,0.7001039385795593,1,0.4381559193134308,0.10048601031303406,0.8827446699142456,0.7791562676429749,-0.2264404594898224,0.07123813778162003,-0.5801423788070679,0
0.5130728483200073,0.08917055279016495,0.8456475138664246,0.7587012648582458,-0.26413777470588684,0.12899529933929443,-0.5813466310501099,0.7128973603248596,0.13445574045181274,0.7071782350540161,1,0.4300645589828491,0.10158926248550415,0.8853031396865845,0.7811967134475708,-0.22251591086387634,0.06519269943237305,-0.5796275734901428,0
0.5063568353652954,0.09048078954219818,0.8499090671539307,0.7610223293304443,-0.26049038767814636,0.12333810329437256,-0.5811861157417297,0.7077974677085876,0.1368045061826706,0.7141546010971069,1,0.42188510298728943,0.10265885293483734,0.887643575668335,0.7831932306289673,-0.2185829132795334,0.05913877859711647,-0.5790788531303406,0
0.4994749128818512,0.09177526086568832,0.8540213108062744,0.76332026720047,-0.2568087577819824,0.11763182282447815,-0.5809940099716187,0.7025006413459778,0.13915206491947174,0.7210224270820618,1,0.4136219918727875,0.10369380563497543,0.8897645473480225,0.7851452827453613,-0.21464136242866516,0.05307672545313835,-0.5784969925880432,0
0.4924335479736328,0.09305225312709808,0.8579758405685425,0.7655927538871765,-0.25309523940086365,0.11188018321990967,-0.5807695984840393,0.6970106959342957,0.1414954960346222,0.7277714014053345,1,0.4052802324295044,0.10469371825456619,0.8916642069816589,0.7870528101921082,-0.21069186925888062,0.04700693115592003,-0.5778815150260925,0
0.4852384626865387,0.09430966526269913,0.8617652654647827,0.7678374648094177,-0.24935168027877808,0.10608634352684021,-0.5805125832557678,0.6913318634033203,0.1438320428133011,0.7343918085098267,1,0.39686456322669983,0.10565817356109619,0.8933412432670593,0.7889154553413391,-0.2067343145608902,0.04092976078391075,-0.5772330164909363,0
0.4778969883918762,0.09554537385702133,0.8653820753097534,0.7700524926185608,-0.2455807775259018,0.10025472193956375,-0.5802226066589355,0.6854685544967651,0.14615918695926666,0.7408746480941772,1,0.3883798122406006,0.10658638179302216,0.8947940468788147,0.7907329797744751,-0.20276913046836853,0.03484564274549484,-0.5765514969825745,0
0.47041454911231995,0.09675795584917068,0.8688202500343323,0.7722359895706177,-0.24178379774093628,0.09438740462064743,-0.5798991322517395,0.6794253587722778,0.14847442507743835,0.7472115755081177,1,0.3798310160636902,0.10747815668582916,0.8960217833518982,0.7925050854682922,-0.198796346783638,0.028754673898220062,-0.5758375525474548,0
0.46279850602149963,0.09794563800096512,0.8720733523368835,0.7743863463401794,-0.2379632145166397,0.08848776668310165,-0.5795422196388245,0.6732071042060852,0.15077552199363708,0.7533947825431824,1,0.3712231516838074,0.10833276808261871,0.8970229029655457,0.7942312955856323,-0.1948164850473404,0.022657930850982666,-0.5750910043716431,0
0.45505431294441223,0.09910677373409271,0.8751362562179565,0.7765018343925476,-0.23411981761455536,0.08255788683891296,-0.5791518688201904,0.6668186783790588,0.15306027233600616,0.7594170570373535,1,0.3625604212284088,0.1091499999165535,0.8977970480918884,0.7959117293357849,-0.1908288449048996,0.016554540023207664,-0.5743123888969421,0
