0.3625604212284088,0.1091499999165535,0.8977970480918884,0.7959117293357849,-0.1908288449048996,0.016554540023207664,-0.5743123888969421,0.6911397576332092,0.06642960011959076,0.019999999552965164,0,0.3625604212284088,0.1091499999165535,0.8977970480918884,0.7959117293357849,-0.1908288449048996,0.016554540023207664,-0.5743123888969421,1
0.3628040552139282,0.10916154831647873,0.8976776003837585,0.7959170937538147,-0.19090838730335236,0.016660241410136223,-0.5742754340171814,0.6911397576332092,0.06642960011959076,0.01981772482395172,0,0.3625604212284088,0.1091499999165535,0.8977970480918884,0.7959117293357849,-0.1908288449048996,0.016554540023207664,-0.5743123888969421,1
0.3632446825504303,0.10916890949010849,0.8974825739860535,0.7959179878234863,-0.1910729855298996,0.016885489225387573,-0.574212908744812,0.6911397576332092,0.06642960011959076,0.019884353503584862,0,0.3625604212284088,0.1091499999165535,0.8977970480918884,0.7959117293357849,-0.1908288449048996,0.016554540023207664,-0.5743123888969421,1
0.36376747488975525,0.10917111486196518,0.8972581028938293,0.7959133982658386,-0.1912766695022583,0.017166968435049057,-0.5741432309150696,0.6911397576332092,0.06642960011959076,0.019923372194170952,0,0.3625604212284088,0.1091499999165535,0.8977970480918884,0.7959117293357849,-0.1908288449048996,0.016554540023207664,-0.5743123888969421,1
0.3643089532852173,0.10917005687952042,0.8970283269882202,0.7959052920341492,-0.1914910078048706,0.01746424101293087,-0.5740739107131958,0.6911397576332092,0.06642960011959076,0.019946129992604256,0,0.3625604212284088,0.1091499999165535,0.8977970480918884,0.7959117293357849,-0.1908288449048996,0.016554540023207664,-0.5743123888969421,1
0.36483412981033325,0.10916749387979507,0.8968064785003662,0.7958957552909851,-0.19170089066028595,0.017755331471562386,-0.5740082263946533,0.6911397576332092,0.06642960011959076,0.019959425553679466,0,0.3625604212284088,0.1091499999165535,0.8977970480918884,0.7959117293357849,-0.1908288449048996,0.016554540023207664,-0.5743123888969421,1
0.3653259873390198,0.10916423052549362,0.8965990543365479,0.7958859801292419,-0.19189804792404175,0.01802937313914299,-0.5739471912384033,0.6911397576332092,0.06642960011959076,0.019967196509242058,0,0.3625604212284088,0.1091499999165535,0.8977970480918884,0.7959117293357849,-0.1908288449048996,0.016554540023207664,-0.5743123888969421,1
0.36577728390693665,0.10916095972061157,0.89640873670578,0.7958768010139465,-0.19207923114299774,0.01828133687376976,-0.5738914608955383,0.6911397576332092,0.06642960011959076,0.01997174322605133,0,0.3625604212284088,0.1091499999165535,0.8977970480918884,0.7959117293357849,-0.1908288449048996,0.016554540023207664,-0.5743123888969421,1
0.366186261177063,0.10915781557559967,0.8962359428405762,0.7958679795265198,-0.1922435611486435,0.018509861081838608,-0.5738412737846375,0.6911397576332092,0.06642960011959076,0.019974403083324432,0,0.3625604212284088,0.1091499999165535,0.8977970480918884,0.7959117293357849,-0.1908288449048996,0.016554540023207664,-0.5743123888969421,1
0.3665536642074585,0.1091550812125206,0.8960806727409363,0.7958602905273438,-0.19239117205142975,0.01871492713689804,-0.5737957954406738,0.6911397576332092,0.06642960011959076,0.01997595839202404,0,0.3625604212284088,0.1091499999165535,0.8977970480918884,0.7959117293357849,-0.1908288449048996,0.016554540023207664,-0.5743123888969421,1
0.36688217520713806,0.10915274918079376,0.895941436290741,0.7958534359931946,-0.1925230473279953,0.018898339942097664,-0.5737552642822266,0.6911397576332092,0.06642960011959076,0.019976869225502014,0,0.3625604212284088,0.1091499999165535,0.8977970480918884,0.7959117293357849,-0.1908288449048996,0.016554540023207664,-0.5743123888969421,1
0.3671749234199524,0.10915068536996841,0.8958170413970947,0.7958471775054932,-0.1926405429840088,0.019061513245105743,-0.5737189054489136,0.6911397576332092,0.06642960011959076,0.019977401942014694,0,0.3625604212284088,0.1091499999165535,0.8977970480918884,0.7959117293357849,-0.1908288449048996,0.016554540023207664,-0.5743123888969421,1
0.36743536591529846,0.10914917290210724,0.8957062363624573,0.7958419322967529,-0.19274485111236572,0.019206577911973,-0.5736864805221558,0.6911397576332092,0.06642960011959076,0.019977713003754616,0,0.3625604212284088,0.1091499999165535,0.8977970480918884,0.7959117293357849,-0.1908288449048996,0.016554540023207664,-0.5743123888969421,1
0.3676663637161255,0.10914792865514755,0.8956077694892883,0.7958371639251709,-0.19283725321292877,0.019334783777594566,-0.5736575722694397,0.6911397576332092,0.06642960011959076,0.01997789368033409,0,0.3625604212284088,0.1091499999165535,0.8977970480918884,0.7959117293357849,-0.1908288449048996,0.016554540023207664,-0.5743123888969421,1
0.3678717017173767,0.10914682596921921,0.8955199718475342,0.7958332300186157,-0.1929192990064621,0.019448645412921906,-0.573631763458252,0.6911397576332092,0.06642960011959076,0.019978001713752747,0,0.3625604212284088,0.1091499999165535,0.8977970480918884,0.7959117293357849,-0.1908288449048996,0.016554540023207664,-0.5743123888969421,1
0.3680533766746521,0.10914600640535355,0.8954421877861023,0.795829713344574,-0.19299162924289703,0.01954904943704605,-0.5736088156700134,0.6911397576332092,0.06642960011959076,0.01997806318104267,0,0.3625604212284088,0.1091499999165535,0.8977970480918884,0.7959117293357849,-0.1908288449048996,0.016554540023207664,-0.5743123888969421,1
0.3682141900062561,0.10914544761180878,0.8953732252120972,0.79582679271698,-0.19305557012557983,0.01963799074292183,-0.5735883712768555,0.6911397576332092,0.06642960011959076,0.019978100433945656,0,0.3625604212284088,0.1091499999165535,0.8977970480918884,0.7959117293357849,-0.1908288449048996,0.016554540023207664,-0.5743123888969421,1
0.3683570623397827,0.10914503037929535,0.8953116536140442,0.7958241105079651,-0.19311225414276123,0.019716612994670868,-0.5735701322555542,0.6911397576332092,0.06642960011959076,0.019978120923042297,0,0.3625604212284088,0.1091499999165535,0.8977970480918884,0.7959117293357849,-0.1908288449048996,0.016554540023207664,-0.5743123888969421,1
0.36848360300064087,0.10914475470781326,0.8952572345733643,0.7958218455314636,-0.1931624412536621,0.019786084070801735,-0.5735539793968201,0.6911397576332092,0.06642960011959076,0.019978133961558342,0,0.3625604212284088,0.1091499999165535,0.8977970480918884,0.7959117293357849,-0.1908288449048996,0.016554540023207664,-0.5743123888969421,1
0.36859551072120667,0.10914462059736252,0.8952088356018066,0.7958201169967651,-0.19320662319660187,0.019847365096211433,-0.5735394358634949,0.6911397576332092,0.06642960011959076,0.01997814141213894,0,0.3625604212284088,0.1091499999165535,0.8977970480918884,0.7959117293357849,-0.1908288449048996,0.016554540023207664,-0.5743123888969421,1
0.36869457364082336,0.10914447903633118,0.8951660394668579,0.7958184480667114,-0.1932457685470581,0.01990160159766674,-0.5735267996788025,0.6911397576332092,0.06642960011959076,0.019978145137429237,0,0.3625604212284088,0.1091499999165535,0.8977970480918884,0.7959117293357849,-0.1908288449048996,0.016554540023207664,-0.5743123888969421,1
0.3687824606895447,0.10914447903633118,0.8951278328895569,0.795816957950592,-0.19328033924102783,0.01994943805038929,-0.5735154151916504,0.6911397576332092,0.06642960011959076,0.019978148862719536,0,0.3625604212284088,0.1091499999165535,0.8977970480918884,0.7959117293357849,-0.1908288449048996,0.016554540023207664,-0.5743123888969421,1
0.36886000633239746,0.10914461314678192,0.895094096660614,0.7958159446716309,-0.19331079721450806,0.019991593435406685,-0.5735051035881042,0.6911397576332092,0.06642960011959076,0.019978148862719536,0,0.3625604212284088,0.1091499999165535,0.8977970480918884,0.7959117293357849,-0.1908288449048996,0.016554540023207664,-0.5743123888969421,1
0.36892861127853394,0.10914474725723267,0.8950642347335815,0.7958149909973145,-0.19333770871162415,0.02002882771193981,-0.5734960436820984,0.6911397576332092,0.06642960011959076,0.019978148862719536,0,0.3625604212284088,0.1091499999165535,0.8977970480918884,0.7959117293357849,-0.1908288449048996,0.016554540023207664,-0.5743123888969421,1
0.3689894676208496,0.10914488881826401,0.8950377106666565,0.7958140969276428,-0.1933615803718567,0.020061763003468513,-0.5734882354736328,0.6911397576332092,0.06642960011959076,0.019978148862719536,0,0.3625604212284088,0.1091499999165535,0.8977970480918884,0.7959117293357849,-0.1908288449048996,0.016554540023207664,-0.5743123888969421,1
0.3690434694290161,0.10914502292871475,0.8950141072273254,0.7958134412765503,-0.1933826208114624,0.020090937614440918,-0.5734809041023254,0.6911397576332092,0.06642960011959076,0.019978148862719536,0,0.3625604212284088,0.1091499999165535,0.8977970480918884,0.7959117293357849,-0.1908288449048996,0.016554540023207664,-0.5743123888969421,1
0.3690912425518036,0.10914530605077744,0.8949931859970093,0.7958129048347473,-0.1934012621641159,0.02011662721633911,-0.5734745860099792,0.6911397576332092,0.06642960011959076,0.019978148862719536,0,0.3625604212284088,0.1091499999165535,0.8977970480918884,0.7959117293357849,-0.1908288449048996,0.016554540023207664,-0.5743123888969421,1
0.3691335916519165,0.10914543271064758,0.8949745893478394,0.7958122491836548,-0.19341766834259033,0.02013932727277279,-0.5734689831733704,0.6911397576332092,0.06642960011959076,0.019978148862719536,0,0.3625604212284088,0.1091499999165535,0.8977970480918884,0.7959117293357849,-0.1908288449048996,0.016554540023207664,-0.5743123888969421,1
0.369171142578125,0.10914570838212967,0.894957959651947,0.7958120107650757,-0.19343216717243195,0.020159302279353142,-0.5734638571739197,0.6911397576332092,0.06642960011959076,0.019978148862719536,0,0.3625604212284088,0.1091499999165535,0.8977970480918884,0.7959117293357849,-0.1908288449048996,0.016554540023207664,-0.5743123888969421,1
0.36920416355133057,0.10914599150419235,0.8949434161186218,0.795811653137207,-0.19344498217105865,0.020176958292722702,-0.5734593868255615,0.6911397576332092,0.06642960011959076,0.019978148862719536,0,0.3625604212284088,0.1091499999165535,0.8977970480918884,0.7959117293357849,-0.1908288449048996,0.016554540023207664,-0.5743123888969421,1
0.36923354864120483,0.1091461256146431,0.8949304223060608,0.7958112955093384,-0.1934562772512436,0.020192500203847885,-0.5734555721282959,0.6911397576332092,0.06642960011959076,0.019978148862719536,0,0.36923354864120483,0.1091461256146431,0.8949304223060608,0.7958112955093384,-0.1934562772512436,0.020192500203847885,-0.5734555721282959,1
0.3694966435432434,0.10915748029947281,0.8948008418083191,0.7958157062530518,-0.1935444176197052,0.020310046151280403,-0.5734154582023621,0.6911397576332092,0.06642960011959076,0.019978148862719536,0,0.37556108832359314,0.10891316086053848,0.8939236998558044,0.7946459650993347,-0.19661103188991547,0.026028098538517952,-0.5737633109092712,1
0.37028026580810547,0.10915360599756241,0.8946064114570618,0.7957287430763245,-0.19387482106685638,0.020909229293465614,-0.573403000831604,0.6911397576332092,0.06642960011959076,0.019978148862719536,0,0.38186508417129517,0.10867240279912949,0.892815887928009,0.793437123298645,-0.19976693391799927,0.031851932406425476,-0.5740522742271423,1
0.37159740924835205,0.109129399061203,0.89433753490448,0.7955389618873596,-0.19447842240333557,0.022015823051333427,-0.5734205842018127,0.6911397576332092,0.06642960011959076,0.019978148862719536,0,0.38814449310302734,0.10842392593622208,0.8916071653366089,0.7921852469444275,-0.2029242217540741,0.037664081901311874,-0.574321985244751,1
0.37342265248298645,0.10908413678407669,0.8939859867095947,0.7952505946159363,-0.19534198939800262,0.023598358035087585,-0.573464035987854,0.6911397576332092,0.06642960011959076,0.019978148862719536,0,0.39439794421195984,0.10816777497529984,0.8902979493141174,0.7908902168273926,-0.2060825228691101,0.04346419498324394,-0.5745725035667419,1
0.3757183849811554,0.1090187132358551,0.8935477137565613,0.794869601726532,-0.196446031332016,0.025617798790335655,-0.573528528213501,0.6911397576332092,0.06642960011959076,0.019978148862719536,0,0.40062370896339417,0.10790383070707321,0.8888885974884033,0.7895519137382507,-0.20924164354801178,0.04925171658396721,-0.5748041272163391,1
0.3784426748752594,0.10893416404724121,0.893020510673523,0.7944011688232422,-0.19776946306228638,0.02803412824869156,-0.5736097693443298,0.6911397576332092,0.06642960011959076,0.019978148862719536,0,0.4068203568458557,0.10763248056173325,0.88737952709198,0.788171112537384,-0.21240189671516418,0.05502655729651451,-0.5750162601470947,1
0.3815527558326721,0.10883136838674545,0.8924031257629395,0.7938494086265564,-0.19929160177707672,0.030808335170149803,-0.5737044811248779,0.6911397576332092,0.06642960011959076,0.019978148862719536,0,0.4129868149757385,0.1073535904288292,0.8857710957527161,0.7867478728294373,-0.21556298434734344,0.06078850477933884,-0.5752087831497192,1
0.38500773906707764,0.10871157795190811,0.8916945457458496,0.7932185530662537,-0.2009924054145813,0.03390337526798248,-0.573809027671814,0.6911397576332092,0.06642960011959076,0.019978148862719536,0,0.41912102699279785,0.10706725716590881,0.8840637803077698,0.7852820158004761,-0.21872471272945404,0.06653687357902527,-0.5753819942474365,1
0.38876885175704956,0.10857556760311127,0.8908939957618713,0.7925119996070862,-0.20285378396511078,0.03728541359305382,-0.5739204287528992,0.6911397576332092,0.06642960011959076,0.019978148862719536,0,0.4252221882343292,0.10677355527877808,0.8822579383850098,0.7837740182876587,-0.22188721597194672,0.07227165251970291,-0.5755354762077332,1
0.3928013741970062,0.10842417925596237,0.8899999856948853,0.7917323708534241,-0.20485898852348328,0.04092404246330261,-0.5740363597869873,0.6911397576332092,0.06642960011959076,0.019978148862719536,0,0.43128836154937744,0.10647253692150116,0.8803542852401733,0.7822239398956299,-0.22505010664463043,0.07799235731363297,-0.5756692886352539,1
0.39707237482070923,0.10825830698013306,0.8890117406845093,0.7908823490142822,-0.2069927155971527,0.04479048028588295,-0.5741539597511292,0.6911397576332092,0.06642960011959076,0.019978148862719536,0,0.4373179078102112,0.10616429150104523,0.878353476524353,0.7806321978569031,-0.22821316123008728,0.08369825780391693,-0.5757834315299988,1
0.40155282616615295,0.10807856917381287,0.8879281282424927,0.7899640798568726,-0.20924122631549835,0.04885946586728096,-0.5742713809013367,0.6911397576332092,0.06642960011959076,0.019978148862719536,0,0.4433106780052185,0.10584870725870132,0.8762551546096802,0.7789985537528992,-0.23137705028057098,0.08938992023468018,-0.5758777856826782,1
0.406216025352478,0.10788551717996597,0.8867478966712952,0.7889796495437622,-0.21159227192401886,0.053108248859643936,-0.5743860602378845,0.6911397576332092,0.06642960011959076,0.019978148862719536,0,0.4492640197277069,0.10552621632814407,0.8740606307983398,0.7773236036300659,-0.23454096913337708,0.09506655484437943,-0.5759521126747131,1
0.41103845834732056,0.10767963528633118,0.8854701519012451,0.7879304885864258,-0.2140350639820099,0.05751631036400795,-0.5744966268539429,0.6911397576332092,0.06642960011959076,0.019978148862719536,0,0.4551767408847809,0.10519672185182571,0.871770441532135,0.7756072878837585,-0.2377048134803772,0.10072757303714752,-0.5760066509246826,1
0.4159983992576599,0.10746156424283981,0.8840939998626709,0.7868187427520752,-0.21655958890914917,0.06206532195210457,-0.5746008157730103,0.6911397576332092,0.06642960011959076,0.019978148862719536,0,0.4610480070114136,0.1048603430390358,0.8693848252296448,0.7738499641418457,-0.24086898565292358,0.10637347400188446,-0.5760407447814941,1
0.4210761487483978,0.10723158717155457,0.8826186656951904,0.7856454849243164,-0.21915699541568756,0.06673823297023773,-0.5746976733207703,0.6911397576332092,0.06642960011959076,0.019978148862719536,0,0.46687641739845276,0.10451711714267731,0.8669043183326721,0.7720516324043274,-0.2440330982208252,0.11200333386659622,-0.5760548710823059,1
0.42625463008880615,0.10699018836021423,0.8810433149337769,0.784412145614624,-0.221819669008255,0.07152092456817627,-0.5747854709625244,0.6911397576332092,0.06642960011959076,0.019978148862719536,0,0.47265955805778503,0.10416718572378159,0.8643301725387573,0.770212709903717,-0.24719686806201935,0.11761678755283356,-0.5760487914085388,1
0.431517630815506,0.10673785954713821,0.8793677687644958,0.7831203937530518,-0.22454029321670532,0.07639928162097931,-0.5748627185821533,0.6911397576332092,0.06642960011959076,0.019978148862719536,0,0.4783969521522522,0.10381046682596207,0.8616625070571899,0.7683331370353699,-0.25036031007766724,0.12321355193853378,-0.5760226845741272,1
0.4368510842323303,0.10647473484277725,0.8775915503501892,0.7817712426185608,-0.22731265425682068,0.08136191219091415,-0.5749285817146301,0.6911397576332092,0.06642960011959076,0.019978148862719536,0,0.48408713936805725,0.10344739258289337,0.858902096748352,0.7664135098457336,-0.25352340936660767,0.12879352271556854,-0.5759759545326233,1
0.44224220514297485,0.1062014028429985,0.8757142424583435,0.7803658843040466,-0.23013141751289368,0.08639813214540482,-0.574981689453125,0.6911397576332092,0.06642960011959076,0.019978148862719536,0,0.4897286593914032,0.10307788848876953,0.8560497164726257,0.7644537091255188,-0.2566862404346466,0.13435639441013336,-0.5759089589118958,1
0.44767919182777405,0.10591807216405869,0.8737360239028931,0.7789055705070496,-0.2329913079738617,0.09149779379367828,-0.5750211477279663,0.6911397576332092,0.06642960011959076,0.019978148862719536,0,0.495320588350296,0.1027020812034607,0.8531056642532349,0.7624539136886597,-0.2598484754562378,0.13990187644958496,-0.5758212208747864,1
0.4531513452529907,0.10562510043382645,0.8716569542884827,0.7773909568786621,-0.23588763177394867,0.09665252268314362,-0.5750464200973511,0.6911397576332092,0.06642960011959076,0.019978148862719536,0,0.5008612871170044,0.10232008993625641,0.8500709533691406,0.7604145407676697,-0.2630102038383484,0.14542962610721588,-0.575713038444519,1
0.4586490988731384,0.10532253980636597,0.8694773316383362,0.7758234739303589,-0.23881670832633972,0.101854607462883,-0.5750566124916077,0.6911397576332092,0.06642960011959076,0.019978148862719536,0,0.5063492059707642,0.10193199664354324,0.8469464778900146,0.7583358287811279,-0.2661711573600769,0.1509389877319336,-0.5755841732025146,1
0.46416398882865906,0.10501085966825485,0.8671970367431641,0.7742038369178772,-0.241774782538414,0.10709695518016815,-0.575050950050354,0.6911397576332092,0.06642960011959076,0.019978148862719536,0,0.5117833018302917,0.10153774172067642,0.8437329530715942,0.7562175393104553,-0.2693312168121338,0.15643025934696198,-0.5754348635673523,1
0.46968790888786316,0.10469033569097519,0.8648168444633484,0.7725328803062439,-0.24475878477096558,0.11237334460020065,-0.5750288367271423,0.6911397576332092,0.06642960011959076,0.019978148862719536,0,0.5171623229980469,0.10113785415887833,0.8404308557510376,0.7540605664253235,-0.2724902331829071,0.16190263628959656,-0.575264573097229,1
0.47521382570266724,0.10436113178730011,0.8623369932174683,0.7708118557929993,-0.24776563048362732,0.1176781877875328,-0.5749896764755249,0.6911397576332092,0.06642960011959076,0.019978148862719536,0,0.5224847793579102,0.10073220729827881,0.8370413780212402,0.7518645524978638,-0.27564823627471924,0.16735601425170898,-0.5750735998153687,1
0.48073476552963257,0.10402357578277588,0.8597583770751953,0.7690412402153015,-0.25079265236854553,0.12300621718168259,-0.5749331116676331,0.6911397576332092,0.06642960011959076,0.019978148862719536,0,0.5277497172355652,0.1003209725022316,0.8335649371147156,0.7496300339698792,-0.27880528569221497,0.1727902740240097,-0.574861466884613,1
0.4862455427646637,0.10367787629365921,0.8570811152458191,0.7672216892242432,-0.253837913274765,0.12835319340229034,-0.5748587250709534,0.6911397576332092,0.06642960011959076,0.019978148862719536,0,0.5329556465148926,0.09990426152944565,0.8300025463104248,0.7473573088645935,-0.281961053609848,0.17820477485656738,-0.5746285915374756,1
0.4917396605014801,0.10332424938678741,0.8543065190315247,0.7653546929359436,-0.2568987309932709,0.1337141990661621,-0.5747658610343933,0.6911397576332092,0.06642960011959076,0.019978148862719536,0,0.5381013751029968,0.0994822233915329,0.8263552188873291,0.7450463771820068,-0.28511545062065125,0.18359939754009247,-0.5743746161460876,1
0.49721255898475647,0.10296286642551422,0.8514350652694702,0.7634401917457581,-0.2599736750125885,0.13908611238002777,-0.5746544599533081,0.6911397576332092,0.06642960011959076,0.019978148862719536,0,0.5431857705116272,0.0990547463297844,0.822623610496521,0.7426974177360535,-0.2882685363292694,0.18897397816181183,-0.5740997791290283,1
0.5026598572731018,0.10259401798248291,0.8484674096107483,0.7614794373512268,-0.2630608081817627,0.1444656401872635,-0.5745238661766052,0.6911397576332092,0.06642960011959076,0.019978148862719536,0,0.5482074618339539,0.09862241894006729,0.8188086748123169,0.7403110265731812,-0.29142001271247864,0.19432789087295532,-0.5738036036491394,1
0.5080769062042236,0.10221793502569199,0.8454046249389648,0.7594727277755737,-0.2661588191986084,0.14984968304634094,-0.5743740797042847,0.6911397576332092,0.06642960011959076,0.019978148862719536,0,0.5531655550003052,0.09818515181541443,0.8149113059043884,0.7378870844841003,-0.2945701777935028,0.19966138899326324,-0.5734861493110657,1
0.5134596228599548,0.10183469951152802,0.8422477841377258,0.7574208974838257,-0.269266277551651,0.1552349030971527,-0.5742048621177673,0.6911397576332092,0.06642960011959076,0.019978148862719536,0,0.5580585598945618,0.09774310141801834,0.8109323382377625,0.7354260683059692,-0.29771846532821655,0.2049737572669983,-0.5731473565101624,1
0.5188048481941223,0.10144457221031189,0.8389975428581238,0.75532466173172,-0.2723817229270935,0.16061942279338837,-0.5740157961845398,0.6911397576332092,0.06642960011959076,0.019978148862719536,0,0.562885582447052,0.09729642421007156,0.8068727850914001,0.7329279780387878,-0.300865113735199,0.21026484668254852,-0.5727874040603638,1
0.5241090655326843,0.10104784369468689,0.8356548547744751,0.75318443775177,-0.2755044400691986,0.16600099205970764,-0.573806643486023,0.6911397576332092,0.06642960011959076,0.019978148862719536,0,0.5676451325416565,0.09684523940086365,0.8027337193489075,0.7303932905197144,-0.3040097951889038,0.21553438901901245,-0.5724058747291565,1
0.5293688774108887,0.10064463317394257,0.8322209119796753,0.7510008215904236,-0.27863311767578125,0.17137716710567474,-0.5735775232315063,0.6911397576332092,0.06642960011959076,0.019978148862719536,0,0.5723360776901245,0.09638949483633041,0.7985160946846008,0.7278220653533936,-0.30715250968933105,0.22078175842761993,-0.5720032453536987,1
0.5345817804336548,0.10023500770330429,0.8286963701248169,0.7487744092941284,-0.28176695108413696,0.17674650251865387,-0.573327898979187,0.6911397576332092,0.06642960011959076,0.019978148862719536,0,0.5769574642181396,0.09592977166175842,0.7942207455635071,0.7252146601676941,-0.3102932274341583,0.226007342338562,-0.571578860282898,1
0.5397446751594543,0.09981950372457504,0.8250826597213745,0.746505856513977,-0.28490516543388367,0.18210694193840027,-0.5730575323104858,0.6911397576332092,0.06642960011959076,0.019978148862719536,0,0.581508457660675,0.09546602517366409,0.7898486852645874,0.7225713133811951,-0.3134317100048065,0.2312103658914566,-0.571133017539978,1
0.5448548793792725,0.09939787536859512,0.8213810324668884,0.7441954612731934,-0.2880467176437378,0.18745680153369904,-0.572766900062561,0.6911397576332092,0.06642960011959076,0.019978148862719536,0,0.5859875082969666,0.09499838203191757,0.7854008674621582,0.7198922038078308,-0.3165680766105652,0.23639096319675446,-0.5706654191017151,1
0.5499104261398315,0.09897079318761826,0.8175919055938721,0.7418439984321594,-0.29119133949279785,0.1927952915430069,-0.572455108165741,0.6911397576332092,0.06642960011959076,0.019978148862719536,0,0.5903935432434082,0.09452702105045319,0.7808788418769836,0.7171776294708252,-0.3197019696235657,0.2415483444929123,-0.5701764822006226,1
0.554908812046051,0.09853800386190414,0.8137170076370239,0.7394519448280334,-0.2943381071090698,0.19812031090259552,-0.5721225738525391,0.6911397576332092,0.06642960011959076,0.019978148862719536,0,0.5947257876396179,0.09405211359262466,0.7762829661369324,0.7144279479980469,-0.32283326983451843,0.24668239057064056,-0.5696656703948975,1
0.5598483085632324,0.09809985756874084,0.8097568154335022,0.7370192408561707,-0.2974867820739746,0.20343156158924103,-0.5717688798904419,0.6911397576332092,0.06642960011959076,0.019978148862719536,0,0.5989828705787659,0.09357358515262604,0.7716150283813477,0.7116431593894958,-0.3259621262550354,0.25179317593574524,-0.5691333413124084,1
0.5647264122962952,0.0976564809679985,0.8057129979133606,0.7345467805862427,-0.3006365895271301,0.2087276428937912,-0.571394145488739,0.6911397576332092,0.06642960011959076,0.019978148862719536,0,0.6031638383865356,0.09309206902980804,0.7668756246566772,0.7088239192962646,-0.3290882110595703,0.25687992572784424,-0.5685791373252869,1
0.569541335105896,0.09720825403928757,0.8015865087509155,0.732035219669342,-0.3037870526313782,0.21400703489780426,-0.5709980130195618,0.6911397576332092,0.06642960011959076,0.019978148862719536,0,0.6072680950164795,0.09260748326778412,0.7620656490325928,0.7059698700904846,-0.3322121500968933,0.2619432210922241,-0.5680028796195984,1
0.5742912292480469,0.09675528854131699,0.7973785400390625,0.7294846773147583,-0.3069378733634949,0.21926946938037872,-0.5705805420875549,0.6911397576332092,0.06642960011959076,0.019978148862719536,0,0.6112940907478333,0.09212001413106918,0.7571865320205688,0.7030818462371826,-0.33533281087875366,0.2669818103313446,-0.5674049854278564,1
0.578974723815918,0.09629754722118378,0.7930899262428284,0.7268954515457153,-0.3100886642932892,0.22451388835906982,-0.5701416730880737,0.6911397576332092,0.06642960011959076,0.019978148862719536,0,0.6152409315109253,0.09162982553243637,0.7522397041320801,0.700160026550293,-0.33845055103302,0.2719958424568176,-0.5667850375175476,1
0.5835894346237183,0.0958356112241745,0.788722574710846,0.7242682576179504,-0.3132387101650238,0.22973892092704773,-0.5696814060211182,0.6911397576332092,0.06642960011959076,0.019978148862719536,0,0.6191077828407288,0.0911371111869812,0.7472257614135742,0.6972044706344604,-0.3415653705596924,0.27698519825935364,-0.5661431550979614,1
0.5881347060203552,0.09536919742822647,0.7842769026756287,0.721603274345398,-0.31638818979263306,0.23494480550289154,-0.5691995620727539,0.6911397576332092,0.06642960011959076,0.019978148862719536,0,0.6228938102722168,0.0906417965888977,0.7421464323997498,0.6942154765129089,-0.34467703104019165,0.28194934129714966,-0.5654795169830322,1
0.5926086902618408,0.09489890933036804,0.7797543406486511,0.7189010381698608,-0.3195365071296692,0.24013017117977142,-0.5686959624290466,0.6911397576332092,0.06642960011959076,0.019978148862719536,0,0.6265979409217834,0.09014454483985901,0.7370021939277649,0.6911934614181519,-0.34778568148612976,0.2868885099887848,-0.5647934675216675,1
0.597009539604187,0.09442446380853653,0.7751564979553223,0.7161617279052734,-0.3226832449436188,0.2452947497367859,-0.568170964717865,0.6911397576332092,0.06642960011959076,0.019978148862719536,0,0.6302191615104675,0.08964526653289795,0.7317947745323181,0.6881386041641235,-0.3508909046649933,0.2918017506599426,-0.5640856027603149,1
0.6013363599777222,0.09394648671150208,0.7704840898513794,0.7133859395980835,-0.3258284032344818,0.2504376769065857,-0.5676240921020508,0.6911397576332092,0.06642960011959076,0.019978148862719536,0,0.6337567567825317,0.08914418518543243,0.7265249490737915,0.6850511431694031,-0.35399287939071655,0.2966894209384918,-0.5633553862571716,1
0.6055874824523926,0.09346513450145721,0.7657386660575867,0.7105741500854492,-0.3289715647697449,0.25555816292762756,-0.5670555233955383,0.6911397576332092,0.06642960011959076,0.019978148862719536,0,0.6372096538543701,0.0886414647102356,0.7211945056915283,0.6819314360618591,-0.35709133744239807,0.30155107378959656,-0.5626029968261719,1
0.6097618341445923,0.09298034757375717,0.7609214186668396,0.7077264189720154,-0.33211255073547363,0.2606562674045563,-0.5664652585983276,0.6911397576332092,0.06642960011959076,0.019978148862719536,0,0.6405773758888245,0.08813729137182236,0.715803861618042,0.6787797212600708,-0.3601863980293274,0.30638664960861206,-0.5618281960487366,1
0.6138583421707153,0.09249253571033478,0.7560330033302307,0.7048431038856506,-0.33525151014328003,0.2657316327095032,-0.5658526420593262,0.6911397576332092,0.06642960011959076,0.019978148862719536,0,0.6438586711883545,0.08763185143470764,0.7103551030158997,0.6755963563919067,-0.3632776141166687,0.31119534373283386,-0.5610314607620239,1
0.6178754568099976,0.09200165420770645,0.7510757446289062,0.7019248604774475,-0.33838751912117004,0.2707827687263489,-0.5652185678482056,0.6911397576332092,0.06642960011959076,0.019978148862719536,0,0.6470526456832886,0.08712510764598846,0.704849123954773,0.672381579875946,-0.3663649260997772,0.3159773647785187,-0.5602124929428101,1
0.6218119263648987,0.09150785952806473,0.7460503578186035,0.6989719271659851,-0.3415204584598541,0.2758099138736725,-0.5645624995231628,0.6911397576332092,0.06642960011959076,0.019978148862719536,0,0.6501590013504028,0.08661769330501556,0.6992870569229126,0.6691355109214783,-0.3694486916065216,0.3207324743270874,-0.5593709945678711,1
0.6256670355796814,0.09101181477308273,0.7409582138061523,0.6959846019744873,-0.3446507155895233,0.2808125615119934,-0.5638843178749084,0.6911397576332092,0.06642960011959076,0.019978148862719536,0,0.6531766057014465,0.08610961586236954,0.6936701536178589,0.6658586859703064,-0.37252843379974365,0.3254603147506714,-0.5585071444511414,1
0.6294398903846741,0.0905132070183754,0.7357998490333557,0.6929630637168884,-0.3477781414985657,0.2857905328273773,-0.5631840825080872,0.6911397576332092,0.06642960011959076,0.019978148862719536,0,0.6561044454574585,0.08560100942850113,0.6880002617835999,0.6625512838363647,-0.3756040632724762,0.3301604390144348,-0.5576212406158447,1
0.6331289410591125,0.09001249074935913,0.7305776476860046,0.6899080276489258,-0.35090187191963196,0.29074299335479736,-0.5624617338180542,0.6911397576332092,0.06642960011959076,0.019978148862719536,0,0.6589421033859253,0.08509209752082825,0.6822779774665833,0.6592135429382324,-0.378675639629364,0.33483317494392395,-0.5567125678062439,1
0.6367332935333252,0.08950984477996826,0.7252925634384155,0.6868195533752441,-0.35402223467826843,0.2956697642803192,-0.5617173910140991,0.6911397576332092,0.06642960011959076,0.019978148862719536,0,0.6616889834403992,0.08458308130502701,0.676504909992218,0.6558458209037781,-0.3817431330680847,0.33947762846946716,-0.5557816624641418,1
0.6402521729469299,0.08900519460439682,0.7199456095695496,0.6836979985237122,-0.3571389615535736,0.30057069659233093,-0.5609509944915771,0.6911397576332092,0.06642960011959076,0.019978148862719536,0,0.6643441915512085,0.08407389372587204,0.6706823706626892,0.6524481177330017,-0.3848063051700592,0.34409430623054504,-0.554828405380249,1
0.643684446811676,0.08849921822547913,0.7145383358001709,0.6805438995361328,-0.36025184392929077,0.3054451644420624,-0.5601621866226196,0.6911397576332092,0.06642960011959076,0.019978148862719536,0,0.6669067740440369,0.08356524258852005,0.6648117899894714,0.649021327495575,-0.38786494731903076,0.3486824333667755,-0.5538525581359863,1
0.647028923034668,0.0879916325211525,0.7090725302696228,0.6773576140403748,-0.36336061358451843,0.31029263138771057,-0.5593514442443848,0.6911397576332092,0.06642960011959076,0.019978148862719536,0,0.6693769097328186,0.08305703848600388,0.658893883228302,0.6455650925636292,-0.3909192383289337,0.35324200987815857,-0.5528541803359985,1
0.6502857804298401,0.08748287707567215,0.7035483717918396,0.6741389632225037,-0.36646583676338196,0.3151136040687561,-0.5585183501243591,0.6911397576332092,0.06642960011959076,0.019978148862719536,0,0.6717525720596313,0.08254953473806381,0.652931272983551,0.6420803666114807,-0.39396876096725464,0.35777270793914795,-0.5518332123756409,1
0.65345299243927,0.08697311580181122,0.6979682445526123,0.6708889603614807,-0.36956632137298584,0.3199070990085602,-0.5576631426811218,0.6911397576332092,0.06642960011959076,0.019978148862719536,0,0.6740344166755676,0.08204289525747299,0.6469240188598633,0.6385668516159058,-0.39701399207115173,0.3622743785381317,-0.5507897734642029,1
0.6565302610397339,0.0864625796675682,0.6923330426216125,0.667607307434082,-0.3726629316806793,0.3246728777885437,-0.5567856431007385,0.6911397576332092,0.06642960011959076,0.019978148862719536,0,0.6762213706970215,0.08153734356164932,0.6408741474151611,0.6350252628326416,-0.40005427598953247,0.3667469620704651,-0.549723744392395,1
0.659516453742981,0.08595119416713715,0.6866444945335388,0.6642948389053345,-0.37575486302375793,0.3294105529785156,-0.5558860301971436,0.6911397576332092,0.06642960011959076,0.019978148862719536,0,0.6783124208450317,0.08103279769420624,0.6347832679748535,0.6314557194709778,-0.4030894935131073,0.3711898922920227,-0.5486351847648621,1
0.6624112129211426,0.08543965220451355,0.6809036731719971,0.6609517931938171,-0.3788420557975769,0.3341202735900879,-0.5549639463424683,0.6911397576332092,0.06642960011959076,0.019978148862719536,0,0.6803077459335327,0.08052998036146164,0.628652036190033,0.6278582811355591,-0.4061201214790344,0.3756033182144165,-0.5475238561630249,1
0.6652138233184814,0.08492764830589294,0.6751116514205933,0.6575781106948853,-0.3819248676300049,0.3388015031814575,-0.5540197491645813,0.6911397576332092,0.06642960011959076,0.019978148862719536,0,0.6822063326835632,0.08002884685993195,0.622482419013977,0.6242339611053467,-0.4091455042362213,0.3799866735935211,-0.5463899374008179,1
0.667923092842102,0.08441588282585144,0.669270396232605,0.6541746258735657,-0.3850027322769165,0.34345394372940063,-0.5530531406402588,0.6911397576332092,0.06642960011959076,0.019978148862719536,0,0.6840076446533203,0.07952960580587387,0.616275429725647,0.6205822825431824,-0.41216596961021423,0.38433995842933655,-0.545233428478241,1
0.6705387830734253,0.08390408009290695,0.6633812189102173,0.6507415175437927,-0.3880755603313446,0.34807729721069336,-0.5520642995834351,0.6911397576332092,0.06642960011959076,0.019978148862719536,0,0.6857115030288696,0.07903243601322174,0.6100325584411621,0.6169039607048035,-0.415181428194046,0.38866323232650757,-0.5440540313720703,1
0.6730597615242004,0.0833929181098938,0.6574452519416809,0.6472787857055664,-0.39114370942115784,0.3526715934276581,-0.5510530471801758,0.6911397576332092,0.06642960011959076,0.019978148862719536,0,0.68731689453125,0.07853756844997406,0.6037558317184448,0.6131994724273682,-0.41819098591804504,0.39295560121536255,-0.5428521037101746,1
0.6754857301712036,0.0828820988535881,0.6514642834663391,0.6437870264053345,-0.3942064940929413,0.3572363555431366,-0.5500196218490601,0.6911397576332092,0.06642960011959076,0.019978148862719536,0,0.6888238191604614,0.07804491370916367,0.5974459648132324,0.6094685792922974,-0.4211955666542053,0.39721763134002686,-0.5416275858879089,1
0.6778159141540527,0.08237206190824509,0.6454393267631531,0.6402667760848999,-0.3972640335559845,0.3617711663246155,-0.5489638447761536,0.6911397576332092,0.06642960011959076,0.019978148862719536,0,0.6902318000793457,0.07755520939826965,0.5911043286323547,0.6057120561599731,-0.42419472336769104,0.4014487862586975,-0.54038006067276,1
0.6800497770309448,0.08186330646276474,0.639371931552887,0.6367181539535522,-0.400316447019577,0.36627617478370667,-0.5478854775428772,0.6911397576332092,0.06642960011959076,0.019978148862719536,0,0.6915404200553894,0.07706841826438904,0.5847326517105103,0.6019299030303955,-0.42718833684921265,0.40564867854118347,-0.5391099452972412,1
0.6821868419647217,0.0813554897904396,0.6332635879516602,0.6331412196159363,-0.40336331725120544,0.3707510232925415,-0.5467849373817444,0.6911397576332092,0.06642960011959076,0.019978148862719536,0,0.6927969455718994,0.07656462490558624,0.5780654549598694,0.5979636311531067,-0.43030041456222534,0.40999042987823486,-0.5377627015113831,1
0.6842276453971863,0.08084773272275925,0.627101480960846,0.629526674747467,-0.40641099214553833,0.3752063810825348,-0.545661449432373,0.6911397576332092,0.06642960011959076,0.019978148862719536,0,0.6939451694488525,0.07606445252895355,0.5713682174682617,0.5939702391624451,-0.4334067702293396,0.41429799795150757,-0.5363906025886536,1
0.6861742734909058,0.08034014701843262,0.6208820343017578,0.6258721947669983,-0.40946289896965027,0.3796452283859253,-0.5445122718811035,0.6911397576332092,0.06642960011959076,0.019978148862719536,0,0.6949835419654846,0.07556809484958649,0.5646440386772156,0.589950680732727,-0.43650615215301514,0.4185710847377777,-0.5349942445755005,1
0.6880270838737488,0.07983285933732986,0.6146049499511719,0.6221782565116882,-0.41251885890960693,0.3840668201446533,-0.543336808681488,0.6911397576332092,0.06642960011959076,0.019978148862719536,0,0.695912778377533,0.0750759094953537,0.5578932166099548,0.5859043598175049,-0.4395997226238251,0.4228099286556244,-0.533572793006897,1
0.689784824848175,0.07932612299919128,0.6082717180252075,0.6184455156326294,-0.41557908058166504,0.38847091794013977,-0.5421342253684998,0.6911397576332092,0.06642960011959076,0.019978148862719536,0,0.6967320442199707,0.07458788901567459,0.5511180758476257,0.5818325281143188,-0.44268640875816345,0.42701366543769836,-0.532126784324646,1
0.6914461255073547,0.0788201317191124,0.6018847823143005,0.6146749258041382,-0.4186422526836395,0.39285582304000854,-0.5409045219421387,0.6911397576332092,0.06642960011959076,0.019978148862719536,0,0.6974409818649292,0.07410439848899841,0.5443201661109924,0.5777349472045898,-0.44576653838157654,0.4311825931072235,-0.5306562185287476,1
0.6930093765258789,0.0783151388168335,0.5954468250274658,0.6108672022819519,-0.4217076897621155,0.39722001552581787,-0.5396479964256287,0.6911397576332092,0.06642960011959076,0.019978148862719536,0,0.6980394124984741,0.07362565398216248,0.5375009775161743,0.5736123323440552,-0.4488399028778076,0.4353164732456207,-0.5291607975959778,1
0.6944729685783386,0.07781166583299637,0.5889608860015869,0.6070236563682556,-0.4247745871543884,0.40156200528144836,-0.5383647680282593,0.6911397576332092,0.06642960011959076,0.019978148862719536,0,0.6985267400741577,0.07315188646316528,0.5306625962257385,0.5694650411605835,-0.4519064426422119,0.43941497802734375,-0.5276405215263367,1
0.695835530757904,0.0773099735379219,0.5824294686317444,0.6031453013420105,-0.4278419613838196,0.40588054060935974,-0.5370548367500305,0.6911397576332092,0.06642960011959076,0.019978148862719536,0,0.6989033818244934,0.07268334180116653,0.5238062143325806,0.5652931332588196,-0.45496612787246704,0.4434778690338135,-0.5260957479476929,1
0.6970950365066528,0.0768105536699295,0.5758563876152039,0.5992335081100464,-0.4309084415435791,0.410173624753952,-0.5357186794281006,0.6911397576332092,0.06642960011959076,0.019978148862719536,0,0.6991686224937439,0.07221993803977966,0.5169336199760437,0.5610970854759216,-0.4580187499523163,0.447505384683609,-0.5245261192321777,1
0.6982506513595581,0.07631340622901917,0.5692435503005981,0.5952887535095215,-0.4339740574359894,0.4144408106803894,-0.5343561172485352,0.6911397576332092,0.06642960011959076,0.019978148862719536,0,0.6993224024772644,0.07176246494054794,0.5100467205047607,0.5568775534629822,-0.4610642194747925,0.4514966607093811,-0.5229319930076599,1
0.6993011236190796,0.07581932097673416,0.5625941157341003,0.5913122892379761,-0.43703773617744446,0.41868019104003906,-0.5329676866531372,0.6911397576332092,0.06642960011959076,0.019978148862719536,0,0.6993643045425415,0.07131088525056839,0.5031472444534302,0.5526347756385803,-0.464102566242218,0.4554518759250641,-0.521312952041626,1
0.7002449035644531,0.0753282830119133,0.5559111833572388,0.5873050093650818,-0.4400985538959503,0.42289090156555176,-0.5315535664558411,0.6911397576332092,0.06642960011959076,0.019978148862719536,0,0.6992946267127991,0.07086541503667831,0.49623632431030273,0.5483688116073608,-0.46713361144065857,0.45937106013298035,-0.5196690559387207,1
0.7010816931724548,0.07484105229377747,0.5491964817047119,0.5832676887512207,-0.44315648078918457,0.4270721971988678,-0.5301134586334229,0.6911397576332092,0.06642960011959076,0.019978148862719536,0,0.6991129517555237,0.07042624801397324,0.48931634426116943,0.5440804362297058,-0.4701571762561798,0.4632534980773926,-0.5180007815361023,1
0.7018101811408997,0.07435774803161621,0.5424530506134033,0.5792012810707092,-0.4462105929851532,0.4312228560447693,-0.5286479592323303,0.6911397576332092,0.06642960011959076,0.019978148862719536,0,0.6988193988800049,0.06999366730451584,0.482388436794281,0.5397700071334839,-0.4731732904911041,0.46709954738616943,-0.5163073539733887,1
0.7024301290512085,0.07387836277484894,0.5356830358505249,0.5751063227653503,-0.44926053285598755,0.4353424310684204,-0.5271571278572083,0.6911397576332092,0.06642960011959076,0.019978148862719536,0,0.6984135508537292,0.06956758350133896,0.47545498609542847,0.5354374647140503,-0.47618168592453003,0.4709087610244751,-0.5145897269248962,1
0.7029403448104858,0.0734032467007637,0.5288889408111572,0.5709834694862366,-0.4523056745529175,0.43943023681640625,-0.5256410241127014,0.6911397576332092,0.06642960011959076,0.019978148862719536,0,0.6978957056999207,0.06914877891540527,0.468517005443573,0.5310837030410767,-0.4791823923587799,0.4746810793876648,-0.5128471851348877,1
0.7033404111862183,0.07293269783258438,0.5220733880996704,0.5668336153030396,-0.45534563064575195,0.44348517060279846,-0.524100124835968,0.6911397576332092,0.06642960011959076,0.019978148862719536,0,0.6972655057907104,0.06873716413974762,0.4615766108036041,0.5267087817192078,-0.4821752905845642,0.47841599583625793,-0.5110801458358765,1
0.7036299705505371,0.07246741652488708,0.5152378678321838,0.5626574754714966,-0.4583800435066223,0.44750696420669556,-0.5225338935852051,0.6911397576332092,0.06642960011959076,0.019978148862719536,0,0.6965234875679016,0.0683329850435257,0.4546351134777069,0.5223132967948914,-0.48516038060188293,0.48211368918418884,-0.5092882513999939,1
0.7038084268569946,0.07200741767883301,0.508385181427002,0.558455765247345,-0.4614087641239166,0.4514947831630707,-0.5209428668022156,0.6911397576332092,0.06642960011959076,0.019978148862719536,0,0.6956692337989807,0.06793645769357681,0.4476946294307709,0.5178973078727722,-0.48813751339912415,0.48577412962913513,-0.5074718594551086,1
0.7038756012916565,0.07155288755893707,0.5015173554420471,0.5542290210723877,-0.4644312560558319,0.4554483890533447,-0.5193269848823547,0.6911397576332092,0.06642960011959076,0.019978148862719536,0,0.6947029829025269,0.06754778325557709,0.44075658917427063,0.5134614109992981,-0.49110642075538635,0.4893967807292938,-0.5056308507919312,1
0.7038310766220093,0.07110410183668137,0.4946359097957611,0.5499774813652039,-0.4674474000930786,0.45936739444732666,-0.5176863074302673,0.6911397576332092,0.06642960011959076,0.019978148862719536,0,0.6936250329017639,0.06716692447662354,0.43382272124290466,0.5090060830116272,-0.4940670430660248,0.49298179149627686,-0.5037651658058167,1
0.7036747932434082,0.0706612691283226,0.4877435863018036,0.5457021594047546,-0.4704568684101105,0.4632510542869568,-0.5160212516784668,0.6911397576332092,0.06642960011959076,0.019978148862719536,0,0.6924350261688232,0.06679461151361465,0.4268946051597595,0.5045313835144043,-0.49701958894729614,0.49652883410453796,-0.5018750429153442,1
0.7034063339233398,0.07022487372159958,0.48084235191345215,0.5414037108421326,-0.4734591841697693,0.46709901094436646,-0.5143313407897949,0.6911397576332092,0.06642960011959076,0.019978148862719536,0,0.691133439540863,0.06643078476190567,0.4199741780757904,0.5000379085540771,-0.4999636709690094,0.5000380873680115,-0.49996012449264526,1
0.7030256390571594,0.0697949007153511,0.47393378615379333,0.537082314491272,-0.4764545261859894,0.47091126441955566,-0.5126169919967651,0.6911397576332092,0.06642960011959076,0.019978148862719536,0,0.7030256390571594,0.0697949007153511,0.47393378615379333,0.537082314491272,-0.4764545261859894,0.47091126441955566,-0.5126169919967651,1
0.7032666206359863,0.06965222954750061,0.46696871519088745,0.5337905883789062,-0.47988161444664,0.4748532772064209,-0.5092107653617859,0.6911397576332092,0.06642960011959076,0.019978148862719536,0,0.7034217119216919,0.06973125040531158,0.47160986065864563,0.5367139577865601,-0.4766945540904999,0.4712180495262146,-0.5124977827072144,1
0.7038177847862244,0.06963188946247101,0.4606202244758606,0.5310155749320984,-0.4828271269798279,0.4783112108707428,-0.5060815811157227,0.6911397576332092,0.06642960011959076,0.019978148862719536,0,0.7038070559501648,0.06966788321733475,0.4692859947681427,0.5363454222679138,-0.4769342839717865,0.4715244770050049,-0.5123785734176636,1
0.7044247984886169,0.06961864978075027,0.45525941252708435,0.5287802219390869,-0.4851682484149933,0.4810638725757599,-0.5035680532455444,0.6911397576332092,0.06642960011959076,0.019978148862719536,0,0.7041816711425781,0.06960533559322357,0.4669613540172577,0.5359768271446228,-0.47717416286468506,0.47183069586753845,-0.5122590661048889,1
0.7050166130065918,0.06959500908851624,0.45101436972618103,0.5271089673042297,-0.4868829548358917,0.4830874502658844,-0.5017246007919312,0.6911397576332092,0.06642960011959076,0.019978148862719536,0,0.7045456171035767,0.06954333931207657,0.46463656425476074,0.5356081128120422,-0.47741398215293884,0.472136527299881,-0.5121394395828247,1
0.7055842876434326,0.06956246495246887,0.44792813062667847,0.5260158181190491,-0.48797300457954407,0.4843819737434387,-0.5005635023117065,0.6911397576332092,0.06642960011959076,0.019978148862719536,0,0.7048987150192261,0.06948167085647583,0.4623112678527832,0.5352393984794617,-0.4776536226272583,0.47244223952293396,-0.5120195746421814,1
0.7061367630958557,0.06952451169490814,0.44601187109947205,0.5255052447319031,-0.488446980714798,0.48495379090309143,-0.5000833868980408,0.6911397576332092,0.06642960011959076,0.019978148862719536,0,0.7052411437034607,0.06942079961299896,0.4599858522415161,0.5348703861236572,-0.4778934121131897,0.4727477431297302,-0.511899471282959,1
0.7066798210144043,0.06948231905698776,0.44525253772735596,0.5255688428878784,-0.4883195161819458,0.48481878638267517,-0.5002721548080444,0.6911397576332092,0.06642960011959076,0.019978148862719536,0,0.7055729627609253,0.06936027109622955,0.45766013860702515,0.5345011949539185,-0.4781329929828644,0.47305285930633545,-0.5117795467376709,1
0.7070784568786621,0.06942718476057053,0.4450751543045044,0.5259184241294861,-0.4878759980201721,0.48432648181915283,-0.5008140802383423,0.6911397576332092,0.06642960011959076,0.019978148862719536,0,0.7058938145637512,0.06930054724216461,0.4553343653678894,0.5341317653656006,-0.4783727526664734,0.47335782647132874,-0.5116590857505798,1
0.7073594331741333,0.06937629729509354,0.44500887393951416,0.5263265371322632,-0.48736345767974854,0.48375242948532104,-0.5014386773109436,0.6911397576332092,0.06642960011959076,0.019978148862719536,0,0.7062041759490967,0.06924139708280563,0.45300835371017456,0.5337624549865723,-0.47861248254776,0.47366246581077576,-0.5115384459495544,1
0.7075861096382141,0.0693339854478836,0.44487303495407104,0.5267193913459778,-0.48686420917510986,0.48318856954574585,-0.5020544528961182,0.6911397576332092,0.06642960011959076,0.019978148862719536,0,0.7065035700798035,0.06918256729841232,0.45068252086639404,0.5333927869796753,-0.47885194420814514,0.4739667773246765,-0.5114179253578186,1
0.7077928185462952,0.06929752975702286,0.44458988308906555,0.5270645022392273,-0.48641154170036316,0.4826752245426178,-0.5026244521141052,0.6911397576332092,0.06642960011959076,0.019978148862719536,0,0.7067924737930298,0.06912454962730408,0.4483562707901001,0.533022940158844,-0.4790916442871094,0.47427108883857727,-0.5112969279289246,1
0.7079962491989136,0.06926307827234268,0.44413161277770996,0.5273500084877014,-0.48601728677749634,0.48222801089286804,-0.5031353831291199,0.6911397576332092,0.06642960011959076,0.019978148862719536,0,0.7070705890655518,0.0690668597817421,0.44603049755096436,0.5326532125473022,-0.4793308675289154,0.4745750427246094,-0.5111759901046753,1
0.7082037925720215,0.06922838091850281,0.4434943199157715,0.527572512626648,-0.4856836497783661,0.481851726770401,-0.5035846829414368,0.6911397576332092,0.06642960011959076,0.019978148862719536,0,0.7073378562927246,0.06901003420352936,0.4437046945095062,0.5322833061218262,-0.4795704782009125,0.4748785197734833,-0.5110547542572021,1
0.7084176540374756,0.06919252127408981,0.44268617033958435,0.5277345776557922,-0.48540830612182617,0.48154377937316895,-0.5039746761322021,0.6911397576332092,0.06642960011959076,0.019978148862719536,0,0.7075945734977722,0.06895375996828079,0.44137901067733765,0.5319132208824158,-0.47980985045433044,0.47518181800842285,-0.5109333992004395,1
0.7086384296417236,0.06915442645549774,0.4417186677455902,0.5278398990631104,-0.4851875305175781,0.4813004732131958,-0.5043091773986816,0.6911397576332092,0.06642960011959076,0.019978148862719536,0,0.7078403234481812,0.06889782100915909,0.4390536844730377,0.5315428376197815,-0.48004913330078125,0.4754849970340729,-0.510811984539032,1
0.7088645100593567,0.06911467760801315,0.44060662388801575,0.5278935432434082,-0.4850165843963623,0.4811162054538727,-0.5045933127403259,0.6911397576332092,0.06642960011959076,0.019978148862719536,0,0.7080755829811096,0.06884270906448364,0.43672871589660645,0.5311724543571472,-0.4802885353565216,0.4757877290248871,-0.5106905102729797,1
0.7090948820114136,0.06907282769680023,0.4393635392189026,0.5279004573822021,-0.484890341758728,0.4809851050376892,-0.50483238697052,0.6911397576332092,0.06642960011959076,0.019978148862719536,0,0.7083001136779785,0.06878819316625595,0.43440383672714233,0.5308021903038025,-0.48052775859832764,0.4760901927947998,-0.5105684399604797,1
0.7093275785446167,0.06902922689914703,0.43800294399261475,0.5278654098510742,-0.4848044216632843,0.4809020161628723,-0.5050306916236877,0.6911397576332092,0.06642960011959076,0.019978148862719536,0,0.7085137367248535,0.06873400509357452,0.43207958340644836,0.5304314494132996,-0.4807668626308441,0.4763924479484558,-0.5104466676712036,1
0.7095610499382019,0.0689842626452446,0.43653762340545654,0.5277932286262512,-0.48475417494773865,0.48086148500442505,-0.5051928162574768,0.6911397576332092,0.06642960011959076,0.019978148862719536,0,0.7087169289588928,0.06868066638708115,0.42975568771362305,0.5300607085227966,-0.4810061454772949,0.47669458389282227,-0.5103244781494141,1
0.709793746471405,0.0689379870891571,0.43497800827026367,0.5276874899864197,-0.4847363829612732,0.4808591306209564,-0.5053225755691528,0.6911397576332092,0.06642960011959076,0.019978148862719536,0,0.7089092135429382,0.06862764805555344,0.4274325370788574,0.5296897888183594,-0.48124510049819946,0.4769963026046753,-0.5102023482322693,1
0.7100241780281067,0.0688907653093338,0.4333350658416748,0.5275522470474243,-0.4847467541694641,0.4808904826641083,-0.5054240822792053,0.6911397576332092,0.06642960011959076,0.019978148862719536,0,0.7090908288955688,0.06857550144195557,0.4251096546649933,0.5293186902999878,-0.48148423433303833,0.47729775309562683,-0.5100798606872559,1
0.7102512717247009,0.06884265691041946,0.4316171109676361,0.5273904204368591,-0.4847828149795532,0.48095208406448364,-0.5054997205734253,0.6911397576332092,0.06642960011959076,0.019978148862719536,0,0.7092617154121399,0.06852392852306366,0.42278730869293213,0.5289475321769714,-0.4817233979701996,0.4775990843772888,-0.5099568963050842,1
0.7104735374450684,0.06879396736621857,0.4298328161239624,0.5272050499916077,-0.4848414957523346,0.48104047775268555,-0.5055527091026306,0.6911397576332092,0.06642960011959076,0.019978148862719536,0,0.7094219923019409,0.06847270578145981,0.42046597599983215,0.528576135635376,-0.4819623529911041,0.47790002822875977,-0.5098342895507812,1
0.710690438747406,0.06874481588602066,0.4279893636703491,0.5269988775253296,-0.48492011427879333,0.48115238547325134,-0.5055857300758362,0.6911397576332092,0.06642960011959076,0.019978148862719536,0,0.7095717191696167,0.0684223398566246,0.41814467310905457,0.5282045006752014,-0.4822015166282654,0.47820091247558594,-0.5097111463546753,1
0.7109004259109497,0.06869550049304962,0.4260936379432678,0.5267740488052368,-0.48501673340797424,0.4812852740287781,-0.5056008100509644,0.6911397576332092,0.06642960011959076,0.019978148862719536,0,0.7097105979919434,0.06837229430675507,0.4158245921134949,0.5278329253196716,-0.48244038224220276,0.47850143909454346,-0.5095881819725037,1
0.7111034393310547,0.06864601373672485,0.42415064573287964,0.5265327095985413,-0.485129177570343,0.48143699765205383,-0.5055999755859375,0.6911397576332092,0.06642960011959076,0.019978148862719536,0,0.7098388671875,0.06832314282655716,0.4135054349899292,0.5274612903594971,-0.4826793372631073,0.478801429271698,-0.5094648003578186,1
0.7112985849380493,0.06859616935253143,0.4221663177013397,0.5262765288352966,-0.48525574803352356,0.48160502314567566,-0.5055851936340332,0.6911397576332092,0.06642960011959076,0.019978148862719536,0,0.7099565267562866,0.06827456504106522,0.4111871123313904,0.5270894765853882,-0.4829180836677551,0.47910118103027344,-0.5093414783477783,1
0.7114852070808411,0.06854653358459473,0.4201447665691376,0.5260071754455566,-0.4853948950767517,0.48178809881210327,-0.5055575966835022,0.6911397576332092,0.06642960011959076,0.019978148862719536,0,0.7100633382797241,0.06822632998228073,0.4088696539402008,0.5267173051834106,-0.4831569790840149,0.47940102219581604,-0.5092179179191589,1
0.7116628289222717,0.06849713623523712,0.4180907607078552,0.5257264971733093,-0.48554497957229614,0.4819835126399994,-0.5055190920829773,0.6911397576332092,0.06642960011959076,0.019978148862719536,0,0.7101595997810364,0.06817895919084549,0.4065534174442291,0.5263453125953674,-0.4833955466747284,0.4797004163265228,-0.5090940594673157,1
0.7118312120437622,0.06844769418239594,0.41600745916366577,0.5254350304603577,-0.4857049882411957,0.48219093680381775,-0.5054704546928406,0.6911397576332092,0.06642960011959076,0.019978148862719536,0,0.7102452516555786,0.06813221424818039,0.40423792600631714,0.5259731411933899,-0.483634352684021,0.4799993336200714,-0.5089700818061829,1
0.7119898200035095,0.06839853525161743,0.41389814019203186,0.5251344442367554,-0.48587387800216675,0.4824085533618927,-0.5054129958152771,0.6911397576332092,0.06642960011959076,0.019978148862719536,0,0.710320234298706,0.06808580458164215,0.4019235372543335,0.5256006121635437,-0.4838730990886688,0.48029839992523193,-0.5088460445404053,1
0.7121385335922241,0.0683496743440628,0.411765992641449,0.5248254537582397,-0.486050546169281,0.4826352000236511,-0.5053476691246033,0.6911397576332092,0.06642960011959076,0.019978148862719536,0,0.7103844881057739,0.06804026663303375,0.39961057901382446,0.5252281427383423,-0.48411160707473755,0.4805968999862671,-0.5087217688560486,1
0.7122770547866821,0.06830137968063354,0.40961381793022156,0.5245094299316406,-0.486234188079834,0.48286935687065125,-0.5052754282951355,0.6911397576332092,0.06642960011959076,0.019978148862719536,0,0.7104383111000061,0.06799506396055222,0.3972983956336975,0.5248552560806274,-0.4843502938747406,0.48089537024497986,-0.5085973739624023,1
0.7124050855636597,0.06825340539216995,0.4074441194534302,0.5241869688034058,-0.4864235520362854,0.48311060667037964,-0.5051972270011902,0.6911397576332092,0.06642960011959076,0.019978148862719536,0,0.7104813456535339,0.06795074790716171,0.39498770236968994,0.5244826674461365,-0.4845888316631317,0.481193482875824,-0.5084726214408875,1
0.7125227451324463,0.06820576637983322,0.4052578806877136,0.5238583087921143,-0.48661863803863525,0.4833584427833557,-0.5051131248474121,0.6911397576332092,0.06642960011959076,0.019978148862719536,0,0.7105138301849365,0.06790705025196075,0.3926781713962555,0.5241096019744873,-0.4848274886608124,0.4814913868904114,-0.508347749710083,1
0.7126297950744629,0.06815871596336365,0.4030584990978241,0.5235249996185303,-0.48681843280792236,0.48361098766326904,-0.5050244927406311,0.6911397576332092,0.06642960011959076,0.019978148862719536,0,0.7105357050895691,0.06786370277404785,0.3903704285621643,0.5237365365028381,-0.4850657880306244,0.4817887842655182,-0.5082229971885681,1
0.7127258777618408,0.06811199337244034,0.4008461534976959,0.523186445236206,-0.48702263832092285,0.4838692247867584,-0.5049310326576233,0.6911397576332092,0.06642960011959076,0.019978148862719536,0,0.7105470299720764,0.06782122701406479,0.3880637586116791,0.5233632922172546,-0.4853042662143707,0.4820861220359802,-0.5080979466438293,1
0.7128111720085144,0.06806565821170807,0.3986240327358246,0.5228443741798401,-0.48723024129867554,0.48413094878196716,-0.5048342347145081,0.6911397576332092,0.06642960011959076,0.019978148862719536,0,0.7105477452278137,0.06777937710285187,0.38575851917266846,0.5229900479316711,-0.4855426549911499,0.482383131980896,-0.5079727172851562,1
0.7128854990005493,0.06802020967006683,0.39639222621917725,0.5224984288215637,-0.4874415397644043,0.48439648747444153,-0.5047337412834167,0.6911397576332092,0.06642960011959076,0.019978148862719536,0,0.7105377912521362,0.06773789972066879,0.3834550082683563,0.5226166844367981,-0.48578086495399475,0.4826798737049103,-0.5078471899032593,1
0.7129488587379456,0.06797510385513306,0.39415204524993896,0.5221490859985352,-0.4876556396484375,0.4846656322479248,-0.5046301484107971,0.6911397576332092,0.06642960011959076,0.019978148862719536,0,0.710517406463623,0.06769727170467377,0.3811529576778412,0.522243082523346,-0.4860192835330963,0.4829763174057007,-0.5077217221260071,1
0.713001549243927,0.06793037801980972,0.39190512895584106,0.5217970013618469,-0.48787224292755127,0.48493725061416626,-0.5045239329338074,0.6911397576332092,0.06642960011959076,0.019978148862719536,0,0.7104864120483398,0.06765700876712799,0.37885263562202454,0.5218693614006042,-0.4862573444843292,0.483272522687912,-0.5075961351394653,1
0.7130428552627563,0.06788653880357742,0.38965195417404175,0.5214421153068542,-0.4880913496017456,0.4852116107940674,-0.5044151544570923,0.6911397576332092,0.06642960011959076,0.019978148862719536,0,0.7104449272155762,0.06761766225099564,0.37655386328697205,0.5214954614639282,-0.48649558424949646,0.4835684299468994,-0.5074701905250549,1
0.7130733728408813,0.06784307211637497,0.38739341497421265,0.5210850238800049,-0.4883124530315399,0.4854881167411804,-0.5043039917945862,0.6911397576332092,0.06642960011959076,0.019978148862719536,0,0.7103927135467529,0.06757889688014984,0.3742572069168091,0.5211217403411865,-0.48673367500305176,0.4838639199733734,-0.5073441863059998,1
0.7130927443504333,0.06780024617910385,0.3851308524608612,0.5207258462905884,-0.4885352551937103,0.48576632142066956,-0.5041911602020264,0.6911397576332092,0.06642960011959076,0.019978148862719536,0,0.7103302478790283,0.06754052639007568,0.37196168303489685,0.5207473039627075,-0.4869719445705414,0.4841594994068146,-0.5072178840637207,1
0.7131010293960571,0.06775805354118347,0.3828643560409546,0.5203649401664734,-0.48875975608825684,0.48604637384414673,-0.5040765404701233,0.6911397576332092,0.06642960011959076,0.019978148862719536,0,0.7102571129798889,0.06750303506851196,0.3696683943271637,0.5203731656074524,-0.48721006512641907,0.4844546318054199,-0.5070915818214417,1
0.7130984663963318,0.06771651655435562,0.38059496879577637,0.5200023055076599,-0.488985538482666,0.4863276779651642,-0.5039604306221008,0.6911397576332092,0.06642960011959076,0.019978148862719536,0,0.710173487663269,0.06746590882539749,0.3673769235610962,0.5199987292289734,-0.48744791746139526,0.4847497045993805,-0.5069649815559387,1
0.7130848169326782,0.06767561286687851,0.3783227503299713,0.5196380615234375,-0.4892128109931946,0.4866102933883667,-0.5038427114486694,0.6911397576332092,0.06642960011959076,0.019978148862719536,0,0.7100794911384583,0.06742966920137405,0.3650873899459839,0.5196243524551392,-0.48768600821495056,0.4850441813468933,-0.5068382024765015,1
0.7130603790283203,0.06763507425785065,0.37604862451553345,0.5192725658416748,-0.48944079875946045,0.48689398169517517,-0.5037239789962769,0.6911397576332092,0.06642960011959076,0.019978148862719536,0,0.7099748849868774,0.06739406287670135,0.3627997636795044,0.519249677658081,-0.4879240393638611,0.48533862829208374,-0.5067112445831299,1
0.7130247950553894,0.0675954669713974,0.3737732768058777,0.5189061760902405,-0.4896698296070099,0.487178236246109,-0.5036041736602783,0.6911397576332092,0.06642960011959076,0.019978148862719536,0,0.7098598480224609,0.0673588290810585,0.3605145812034607,0.5188748240470886,-0.48816177248954773,0.48563265800476074,-0.5065844058990479,1
0.7129782438278198,0.06755624711513519,0.37149685621261597,0.5185384750366211,-0.48989957571029663,0.4874635636806488,-0.503483235836029,0.6911397576332092,0.06642960011959076,0.019978148862719536,0,0.7097343802452087,0.06732448190450668,0.3582312762737274,0.5184999704360962,-0.4883996546268463,0.48592647910118103,-0.5064571499824524,1
0.7129210233688354,0.06751764565706253,0.3692191541194916,0.5181697607040405,-0.4901302456855774,0.4877496659755707,-0.5033613443374634,0.6911397576332092,0.06642960011959076,0.019978148862719536,0,0.7095984220504761,0.067290760576725,0.35594990849494934,0.5181249976158142,-0.48863762617111206,0.486220121383667,-0.5063294768333435,1
0.7128528356552124,0.06747997552156448,0.3669414818286896,0.5178004503250122,-0.4903615415096283,0.4880356788635254,-0.5032387971878052,0.6911397576332092,0.06642960011959076,0.019978148862719536,0,0.7094520330429077,0.06725745648145676,0.35367125272750854,0.5177499055862427,-0.48887521028518677,0.48651331663131714,-0.506202220916748,1
0.712773859500885,0.0674426481127739,0.36466360092163086,0.5174301862716675,-0.4905933439731598,0.48832258582115173,-0.5031155347824097,0.6911397576332092,0.06642960011959076,0.019978148862719536,0,0.7092953324317932,0.06722500920295715,0.3513946235179901,0.5173748731613159,-0.4891127943992615,0.4868062138557434,-0.5060747265815735,1
0.7126839756965637,0.06740599125623703,0.36238589882850647,0.5170591473579407,-0.4908256232738495,0.48860985040664673,-0.5029913783073425,0.6911397576332092,0.06642960011959076,0.019978148862719536,0,0.7091281414031982,0.067192941904068,0.3491203188896179,0.516999363899231,-0.4893503487110138,0.48709896206855774,-0.505946934223175,1
0.7125833034515381,0.06736999750137329,0.36010879278182983,0.5166876912117004,-0.49105826020240784,0.48889705538749695,-0.5028669834136963,0.6911397576332092,0.06642960011959076,0.019978148862719536,0,0.7089506983757019,0.06716177612543106,0.3468480110168457,0.5166239142417908,-0.4895881712436676,0.4873914122581482,-0.5058188438415527,1
0.7124719023704529,0.0673346295952797,0.357832133769989,0.5163154006004333,-0.491291344165802,0.4891848564147949,-0.5027417540550232,0.6911397576332092,0.06642960011959076,0.019978148862719536,0,0.7087626457214355,0.06713126599788666,0.34457865357398987,0.5162484049797058,-0.4898257255554199,0.4876836836338043,-0.5056906342506409,1
0.7123500108718872,0.06729990988969803,0.3555564880371094,0.5159429907798767,-0.49152448773384094,0.4894726276397705,-0.5026161074638367,0.6911397576332092,0.06642960011959076,0.019978148862719536,0,0.7085644006729126,0.0671011283993721,0.34231138229370117,0.5158723592758179,-0.49006327986717224,0.4879758656024933,-0.5055621862411499,1
0.7122171521186829,0.0672658234834671,0.3532821834087372,0.5155698657035828,-0.4917580783367157,0.4897603392601013,-0.5024901628494263,0.6911397576332092,0.06642960011959076,0.019978148862719536,0,0.7083556056022644,0.06707188487052917,0.34004658460617065,0.5154963731765747,-0.4903009831905365,0.488267719745636,-0.5054334998130798,1
0.7120737433433533,0.06723238527774811,0.35100895166397095,0.5151964426040649,-0.4919918477535248,0.4900481700897217,-0.5023636817932129,0.6911397576332092,0.06642960011959076,0.019978148862719536,0,0.7081367373466492,0.0670430064201355,0.3377847969532013,0.5151202082633972,-0.49053826928138733,0.4885590374469757,-0.5053051114082336,1
0.7119195461273193,0.06719963252544403,0.34873729944229126,0.5148226022720337,-0.49222588539123535,0.4903360903263092,-0.5022369027137756,0.6911397576332092,0.06642960011959076,0.019978148862719536,0,0.707907497882843,0.06701505184173584,0.3355253338813782,0.514744222164154,-0.4907757639884949,0.48885005712509155,-0.5051761865615845,1
0.7117548584938049,0.06716751307249069,0.34646734595298767,0.5144485235214233,-0.49245986342430115,0.49062371253967285,-0.5021098256111145,0.6911397576332092,0.06642960011959076,0.019978148862719536,0,0.7076679468154907,0.06698775291442871,0.33326858282089233,0.514367938041687,-0.4910132884979248,0.4891411066055298,-0.5050471425056458,1
0.7115797400474548,0.0671360045671463,0.34419891238212585,0.5140740275382996,-0.49269410967826843,0.4909113943576813,-0.5019823312759399,0.6911397576332092,0.06642960011959076,0.019978148862719536,0,0.7074180245399475,0.06696082651615143,0.33101463317871094,0.5139914751052856,-0.49125054478645325,0.4894317388534546,-0.504918098449707,1
0.7113939523696899,0.06710490584373474,0.3419322669506073,0.5136991739273071,-0.49292832612991333,0.4911990761756897,-0.5018547177314758,0.6911397576332092,0.06642960011959076,0.019978148862719536,0,0.7071578502655029,0.06693480163812637,0.3287633955478668,0.5136149525642395,-0.49148768186569214,0.48972222208976746,-0.5047885179519653,1
0.7111976742744446,0.06707470864057541,0.3396679759025574,0.5133242011070251,-0.49316272139549255,0.49148648977279663,-0.5017268657684326,0.6911397576332092,0.06642960011959076,0.019978148862719536,0,0.706887423992157,0.06690943986177444,0.32651543617248535,0.5132386088371277,-0.4917248785495758,0.490011990070343,-0.5046592950820923,1
0.7109907865524292,0.0670451670885086,0.33740562200546265,0.5129489898681641,-0.4933970868587494,0.4917738437652588,-0.5015985369682312,0.6911397576332092,0.06642960011959076,0.019978148862719536,0,0.7066068649291992,0.06688443571329117,0.32426974177360535,0.5128615498542786,-0.49196216464042664,0.49030202627182007,-0.5045295357704163,1
0.7107736468315125,0.06701627373695374,0.33514541387557983,0.5125735402107239,-0.49363160133361816,0.4920610785484314,-0.5014699101448059,0.6911397576332092,0.06642960011959076,0.019978148862719536,0,0.7063160538673401,0.06686036288738251,0.3220271170139313,0.512484610080719,-0.4921993911266327,0.4905915856361389,-0.5043997168540955,1
0.7105457186698914,0.0669880136847496,0.3328879177570343,0.5121979117393494,-0.4938659965991974,0.4923478662967682,-0.5013414025306702,0.6911397576332092,0.06642960011959076,0.019978148862719536,0,0.70601487159729,0.0668366551399231,0.31978803873062134,0.5121076107025146,-0.4924362897872925,0.4908808171749115,-0.5042699575424194,1
0.7103076577186584,0.0669601559638977,0.3306324779987335,0.5118218660354614,-0.49410054087638855,0.49263477325439453,-0.5012124180793762,0.6911397576332092,0.06642960011959076,0.019978148862719536,0,0.7057037353515625,0.0668138861656189,0.31755128502845764,0.5117305517196655,-0.49267348647117615,0.4911700189113617,-0.5041395425796509,1
0.7100591659545898,0.06693321466445923,0.3283795118331909,0.5114458203315735,-0.4943351745605469,0.49292120337486267,-0.5010833740234375,0.6911397576332092,0.06642960011959076,0.019978148862719536,0,0.7053822875022888,0.06679175794124603,0.3153177499771118,0.5113531947135925,-0.4929105341434479,0.4914586842060089,-0.5040092468261719,1
0.7098001837730408,0.06690690666437149,0.3261295557022095,0.5110697150230408,-0.4945695400238037,0.49320730566978455,-0.5009542107582092,0.6911397576332092,0.06642960011959076,0.019978148862719536,0,0.7050507068634033,0.0667700245976448,0.3130875527858734,0.5109755396842957,-0.493147611618042,0.4917474091053009,-0.5038787722587585,1
0.7095308899879456,0.06688126176595688,0.32388225197792053,0.5106934905052185,-0.4948040544986725,0.49349331855773926,-0.5008246898651123,0.6911397576332092,0.06642960011959076,0.019978148862719536,0,0.7047088742256165,0.0667492002248764,0.3108607232570648,0.5105981230735779,-0.493384450674057,0.49203550815582275,-0.5037482380867004,1
0.7092514038085938,0.06685598939657211,0.32163766026496887,0.5103169083595276,-0.49503833055496216,0.49377918243408203,-0.5006953477859497,0.6911397576332092,0.06642960011959076,0.019978148862719536,0,0.7043570876121521,0.06672876328229904,0.30863669514656067,0.5102203488349915,-0.49362149834632874,0.4923235774040222,-0.5036173462867737,1
0.7089616060256958,0.06683164089918137,0.3193959593772888,0.5099403858184814,-0.4952726364135742,0.4940645396709442,-0.5005657076835632,0.6911397576332092,0.06642960011959076,0.019978148862719536,0,0.7039951086044312,0.0667092502117157,0.3064163327217102,0.5098426938056946,-0.4938582181930542,0.492611289024353,-0.5034862756729126,1
0.7086614370346069,0.06680794805288315,0.3171573579311371,0.5095638036727905,-0.4955067038536072,0.49434971809387207,-0.5004359483718872,0.6911397576332092,0.06642960011959076,0.019978148862719536,0,0.7036231756210327,0.06669038534164429,0.30419912934303284,0.5094648003578186,-0.4940950870513916,0.49289870262145996,-0.5033551454544067,1
0.7083510756492615,0.06678462773561478,0.3149213194847107,0.5091868042945862,-0.495741069316864,0.49463480710983276,-0.5003058910369873,0.6911397576332092,0.06642960011959076,0.019978148862719536,0,0.703241229057312,0.06667190790176392,0.3019854724407196,0.5090867280960083,-0.4943316578865051,0.4931858777999878,-0.5032240748405457,1
0.708030641078949,0.06676223129034042,0.31268855929374695,0.5088099241256714,-0.4959752559661865,0.49491938948631287,-0.5001757144927979,0.6911397576332092,0.06642960011959076,0.019978148862719536,0,0.7028490900993347,0.06665434688329697,0.29977506399154663,0.5087085962295532,-0.49456846714019775,0.4934728145599365,-0.5030925869941711,1
0.707699716091156,0.066740483045578,0.3104588985443115,0.508432924747467,-0.49620938301086426,0.49520376324653625,-0.5000454783439636,0.6911397576332092,0.06642960011959076,0.019978148862719536,0,0.7024469375610352,0.06663745641708374,0.29756855964660645,0.5083304047584534,-0.4948052167892456,0.49375927448272705,-0.5029609799385071,1
0.7073588371276855,0.06671912968158722,0.30823254585266113,0.5080558061599731,-0.4964431822299957,0.4954878091812134,-0.49991506338119507,0.6911397576332092,0.06642960011959076,0.019978148862719536,0,0.7020348310470581,0.06662096083164215,0.29536542296409607,0.5079520344734192,-0.4950416386127472,0.494045615196228,-0.5028292536735535,1
0.707007646560669,0.06669870018959045,0.30600956082344055,0.5076784491539001,-0.4966772794723511,0.4957716166973114,-0.4997846782207489,0.6911397576332092,0.06642960011959076,0.019978148862719536,0,0.7016127705574036,0.06660536676645279,0.29316553473472595,0.5075733661651611,-0.4952784776687622,0.49433186650276184,-0.502697229385376,1
0.7066464424133301,0.06667892634868622,0.3037894070148468,0.5073009729385376,-0.49691125750541687,0.49605515599250793,-0.4996539354324341,0.6911397576332092,0.06642960011959076,0.019978148862719536,0,0.7011806964874268,0.06659018248319626,0.29096975922584534,0.5071947574615479,-0.49551472067832947,0.494617760181427,-0.5025652647018433,1
0.7062751054763794,0.06665977090597153,0.3015732765197754,0.5069238543510437,-0.4971449673175812,0.4963381886482239,-0.4995232820510864,0.6911397576332092,0.06642960011959076,0.019978148862719536,0,0.7007386684417725,0.06657591462135315,0.28877735137939453,0.5068159699440002,-0.49575141072273254,0.49490320682525635,-0.5024328231811523,1
0.7058938145637512,0.06664102524518967,0.29936015605926514,0.5065461993217468,-0.4973786175251007,0.49662116169929504,-0.49939239025115967,0.6911397576332092,0.06642960011959076,0.019978148862719536,0,0.7002865672111511,0.06656231731176376,0.28658899664878845,0.5064371228218079,-0.4959878623485565,0.49518853425979614,-0.5023003816604614,1
0.705502450466156,0.06662319600582123,0.29715079069137573,0.5061686635017395,-0.49761226773262024,0.4969036877155304,-0.4992613196372986,0.6911397576332092,0.06642960011959076,0.019978148862719536,0,0.699824869632721,0.06654909253120422,0.2844039499759674,0.506057858467102,-0.49622440338134766,0.49547386169433594,-0.5021677017211914,1
0.7051007747650146,0.0666060522198677,0.2949451506137848,0.5057912468910217,-0.49784567952156067,0.49718573689460754,-0.4991304278373718,0.6911397576332092,0.06642960011959076,0.019978148862719536,0,0.6993532180786133,0.0665367990732193,0.28222307562828064,0.5056787729263306,-0.4964606761932373,0.4957585036754608,-0.5020350217819214,1
0.7046895027160645,0.06658925116062164,0.2927430272102356,0.5054132342338562,-0.4980790615081787,0.49746766686439514,-0.4989994168281555,0.6911397576332092,0.06642960011959076,0.019978148862719536,0,0.6988714933395386,0.0665251836180687,0.280046284198761,0.5052997469902039,-0.4966970682144165,0.49604296684265137,-0.5019019246101379,1
0.7042679190635681,0.06657341122627258,0.2905445396900177,0.5050356388092041,-0.49831241369247437,0.4977491796016693,-0.49886807799339294,0.6911397576332092,0.06642960011959076,0.019978148862719536,0,0.698380172252655,0.06651394069194794,0.2778732180595398,0.5049203634262085,-0.4969331622123718,0.49632716178894043,-0.5017691254615784,1
0.7038364410400391,0.06655794382095337,0.28834980726242065,0.5046576857566833,-0.4985455274581909,0.4980303645133972,-0.4987369775772095,0.6911397576332092,0.06642960011959076,0.019978148862719536,0,0.6978790163993835,0.06650363653898239,0.27570435404777527,0.5045408010482788,-0.4971694052219391,0.4966111183166504,-0.5016357898712158,1
0.7033952474594116,0.06654338538646698,0.28615859150886536,0.5042797923088074,-0.49877870082855225,0.4983113408088684,-0.49860548973083496,0.6911397576332092,0.06642960011959076,0.019978148862719536,0,0.6973680257797241,0.06649374216794968,0.27353960275650024,0.5041611790657043,-0.49740543961524963,0.49689480662345886,-0.5015025734901428,1
0.7029439210891724,0.06652949005365372,0.2839716672897339,0.503902018070221,-0.49901169538497925,0.4985917806625366,-0.4984738528728485,0.6911397576332092,0.06642960011959076,0.019978148862719536,0,0.696847140789032,0.06648474931716919,0.27137866616249084,0.5037814974784851,-0.49764174222946167,0.4971780776977539,-0.5013688802719116,1
0.7024828195571899,0.06651626527309418,0.28178805112838745,0.5035237073898315,-0.49924495816230774,0.49887222051620483,-0.4983420968055725,0.6911397576332092,0.06642960011959076,0.019978148862719536,0,0.6963165402412415,0.06647642701864243,0.2692221999168396,0.5034017562866211,-0.4978777766227722,0.49746131896972656,-0.5012350678443909,1
0.7020116448402405,0.06650342047214508,0.2796090841293335,0.5031455159187317,-0.4994775950908661,0.4991522431373596,-0.4982104003429413,0.6911397576332092,0.06642960011959076,0.019978148862719536,0,0.6957763433456421,0.06646852195262909,0.2670696973800659,0.503021776676178,-0.4981137216091156,0.49774420261383057,-0.5011013150215149,1
0.7015308141708374,0.0664914920926094,0.27743351459503174,0.5027672052383423,-0.4997105598449707,0.49943190813064575,-0.49807852506637573,0.6911397576332092,0.06642960011959076,0.019978148862719536,0,0.69522625207901,0.06646154075860977,0.26492151618003845,0.5026415586471558,-0.4983498156070709,0.49802687764167786,-0.5009670853614807,1
0.7010402679443359,0.06648023426532745,0.2752624750137329,0.5023890733718872,-0.49994319677352905,0.4997108578681946,-0.49794670939445496,0.6911397576332092,0.06642960011959076,0.019978148862719536,0,0.6946666836738586,0.0664549320936203,0.2627774477005005,0.5022613406181335,-0.49858585000038147,0.49830928444862366,-0.5008329153060913,1
0.700539767742157,0.06646936386823654,0.2730954885482788,0.502010703086853,-0.5001756548881531,0.49998998641967773,-0.49781474471092224,0.6911397576332092,0.06642960011959076,0.019978148862719536,0,0.6940974593162537,0.06644925475120544,0.26063773036003113,0.501880943775177,-0.49882179498672485,0.4985913932323456,-0.500698447227478,1
0.7000296115875244,0.06645942479372025,0.27093225717544556,0.5016322135925293,-0.5004082918167114,0.5002686977386475,-0.4976825416088104,0.6911397576332092,0.06642960011959076,0.019978148862719536,0,0.6935184001922607,0.0664442777633667,0.25850266218185425,0.5015004873275757,-0.4990576505661011,0.4988730847835541,-0.5005639791488647,1
0.6995095610618591,0.06644987314939499,0.26877376437187195,0.5012539029121399,-0.5006405115127563,0.5005468726158142,-0.49755042791366577,0.6911397576332092,0.06642960011959076,0.019978148862719536,0,0.6929299831390381,0.0664396658539772,0.25637176632881165,0.5011197924613953,-0.49929338693618774,0.4991546869277954,-0.5004292726516724,1
0.6989799737930298,0.06644123792648315,0.26661914587020874,0.5008754730224609,-0.5008727312088013,0.5008249282836914,-0.49741801619529724,0.6911397576332092,0.06642960011959076,0.019978148862719536,0,0.692331850528717,0.06643599271774292,0.2542455494403839,0.5007391571998596,-0.4995291531085968,0.4994361102581024,-0.5002943277359009,1
0.6984405517578125,0.06643328070640564,0.2644689083099365,0.5004969239234924,-0.5011048316955566,0.5011023879051208,-0.4972856938838959,0.6911397576332092,0.06642960011959076,0.019978148862719536,0,0.6917242407798767,0.06643296033143997,0.2521241307258606,0.5003587007522583,-0.4997648000717163,0.49971675872802734,-0.5001594424247742,1
0.6978915333747864,0.06642569601535797,0.2623230814933777,0.5001181960105896,-0.5013368129730225,0.5013797283172607,-0.4971534311771393,0.6911397576332092,0.06642960011959076,0.019978148862719536,0,0.691106915473938,0.06643037497997284,0.25000685453414917,0.49997758865356445,-0.5000004172325134,0.49999791383743286,-0.5000239014625549,1
0.6973328590393066,0.06641905754804611,0.26018160581588745,0.4997396171092987,-0.5015687942504883,0.5016566514968872,-0.4970206320285797,0.6911397576332092,0.06642960011959076,0.019978148862719536,1,0.6973328590393066,0.06641905754804611,0.26018160581588745,0.4997396171092987,-0.5015687942504883,0.5016566514968872,-0.4970206320285797,0
0.6972266435623169,0.0664299875497818,0.25856050848960876,0.49918490648269653,-0.5021196007728577,0.50226229429245,-0.49640995264053345,0.6911397576332092,0.06642960011959076,0.019978148862719536,1,0.6973328590393066,0.06641905754804611,0.26018160581588745,0.4997396171092987,-0.5015687942504883,0.5016566514968872,-0.4970206320285797,0
0.6973215937614441,0.06642753630876541,0.25746119022369385,0.4987283945083618,-0.502572774887085,0.5027766227722168,-0.4958893656730652,0.6911397576332092,0.06642960011959076,0.019978148862719536,1,0.6973328590393066,0.06641905754804611,0.26018160581588745,0.4997396171092987,-0.5015687942504883,0.5016566514968872,-0.4970206320285797,0
0.6974107027053833,0.06641657650470734,0.2566099464893341,0.49837881326675415,-0.502913236618042,0.5031701922416687,-0.4954962134361267,0.6911397576332092,0.06642960011959076,0.019978148862719536,1,0.6973328590393066,0.06641905754804611,0.26018160581588745,0.4997396171092987,-0.5015687942504883,0.5016566514968872,-0.4970206320285797,0
0.6974877119064331,0.06640534847974777,0.25590968132019043,0.4980922341346741,-0.5031906366348267,0.5034923553466797,-0.49517542123794556,0.6911397576332092,0.06642960011959076,0.019978148862719536,1,0.6973328590393066,0.06641905754804611,0.26018160581588745,0.4997396171092987,-0.5015687942504883,0.5016566514968872,-0.4970206320285797,0
0.6975545287132263,0.0663963183760643,0.2553133964538574,0.49784907698631287,-0.5034260153770447,0.5037654042243958,-0.49490296840667725,0.6911397576332092,0.06642960011959076,0.019978148862719536,1,0.6973328590393066,0.06641905754804611,0.26018160581588745,0.4997396171092987,-0.5015687942504883,0.5016566514968872,-0.4970206320285797,0
0.6976133584976196,0.066389299929142,0.254794716835022,0.49763840436935425,-0.503630518913269,0.504001796245575,-0.49466589093208313,0.6911397576332092,0.06642960011959076,0.019978148862719536,1,0.6973328590393066,0.06641905754804611,0.26018160581588745,0.4997396171092987,-0.5015687942504883,0.5016566514968872,-0.4970206320285797,0
0.6976658701896667,0.06637880951166153,0.25434383749961853,0.49745142459869385,-0.5038089752197266,0.5042057633399963,-0.49446430802345276,0.6911007761955261,0.06700849533081055,0.020304694771766663,1,0.6973328590393066,0.06641905754804611,0.26018160581588745,0.4997396171092987,-0.5015687942504883,0.5016566514968872,-0.4970206320285797,0
0.6977123618125916,0.06637126207351685,0.25394517183303833,0.4972890019416809,-0.5039647221565247,0.5043874382972717,-0.4942837059497833,0.6910039782524109,0.0673450231552124,0.02028563804924488,1,0.6977123618125916,0.06637126207351685,0.25394517183303833,0.4972890019416809,-0.5039647221565247,0.5043874382972717,-0.4942837059497833,0
0.69776850938797,0.06637533754110336,0.25330227613449097,0.49704691767692566,-0.504207193851471,0.5046579241752625,-0.49400392174720764,0.6908356547355652,0.06727109849452972,0.01974100060760975,1,0.7010533213615417,0.06658592820167542,0.2614293396472931,0.5015903115272522,-0.5011531114578247,0.5010455250740051,-0.49619147181510925,0
0.6981337070465088,0.06640144437551498,0.252953439950943,0.4970117211341858,-0.5043836236000061,0.5048274993896484,-0.4936857521533966,0.6909920573234558,0.06719702482223511,0.019610166549682617,1,0.704261302947998,0.06681270897388458,0.2689718008041382,0.5058746337890625,-0.4983334243297577,0.4976688027381897,-0.4980767071247101,0
0.6988046169281006,0.0664382129907608,0.2531631886959076,0.4973090887069702,-0.504353940486908,0.5047565698623657,-0.4934891164302826,0.6915643215179443,0.06715077906847,0.01983559876680374,1,0.7073357701301575,0.06705108284950256,0.2765693664550781,0.5101412534713745,-0.49550557136535645,0.4942576587200165,-0.499939501285553,0
0.6997466087341309,0.06648562848567963,0.2540091276168823,0.49796703457832336,-0.504079282283783,0.5044025182723999,-0.4934682548046112,0.692677915096283,0.06717398762702942,0.020538289099931717,1,0.7102752923965454,0.06730145215988159,0.28422027826309204,0.514390230178833,-0.4926699697971344,0.490811824798584,-0.5017796158790588,0
0.7009305357933044,0.06654512882232666,0.2554999589920044,0.49898266792297363,-0.5035530924797058,0.5037565231323242,-0.49363934993743896,0.6943968534469604,0.06727266311645508,0.021747585386037827,1,0.713079035282135,0.06756332516670227,0.2919224500656128,0.5186210870742798,-0.4898262321949005,0.4873315691947937,-0.5035974383354187,0
0.7023193836212158,0.06661880016326904,0.25760143995285034,0.5003301501274109,-0.5027914643287659,0.5028339624404907,-0.4939923882484436,0.69658362865448,0.067441426217556,0.023537317290902138,1,0.715746283531189,0.06783655285835266,0.2996727228164673,0.5228337049484253,-0.48697471618652344,0.48381689190864563,-0.5053926110267639,0
0.7038814425468445,0.06670749187469482,0.2602687478065491,0.5019801259040833,-0.5018137097358704,0.5016539096832275,-0.49451205134391785,0.6991708278656006,0.06767275929450989,0.025885991752147675,1,0.718275785446167,0.06812089681625366,0.30746889114379883,0.5270272493362427,-0.4841156005859375,0.4802684187889099,-0.5071651339530945,0
0.7055877447128296,0.06681168079376221,0.2634534239768982,0.5039021968841553,-0.5006400346755981,0.5002381205558777,-0.49518072605133057,0.7021077275276184,0.06795980036258698,0.028754230588674545,1,0.720666766166687,0.06841591745615005,0.3153090178966522,0.5312018394470215,-0.48124879598617554,0.4766857326030731,-0.5089153051376343,0
0.7074112892150879,0.06693119555711746,0.26710838079452515,0.5060678124427795,-0.4992896318435669,0.4986063838005066,-0.4959806203842163,0.7053474187850952,0.0682976022362709,0.03210167959332466,1,0.7229185700416565,0.06872193515300751,0.3231898844242096,0.5353569388389587,-0.478374719619751,0.4730693995952606,-0.5106425285339355,0
0.7093265056610107,0.06706545501947403,0.271190881729126,0.5084496736526489,-0.49778029322624207,0.49677786231040955,-0.4968956410884857,0.7088462114334106,0.06868208199739456,0.03589080646634102,1,0.7250304818153381,0.06903845071792603,0.3311089277267456,0.5394922494888306,-0.47549310326576233,0.4694196581840515,-0.5123471021652222,0
0.7113100290298462,0.06721451878547668,0.2756608724594116,0.5110233426094055,-0.4961284101009369,0.49477002024650574,-0.49790993332862854,0.712563693523407,0.0691094920039177,0.04008733853697777,1,0.7270015478134155,0.06936530023813248,0.3390648066997528,0.5436077117919922,-0.47260403633117676,0.46573585271835327,-0.5140292644500732,0
0.713340163230896,0.06737828999757767,0.28048285841941833,0.5137664675712585,-0.49434858560562134,0.4925980567932129,-0.4990096092224121,0.7164627313613892,0.06957665830850601,0.044660162180662155,1,0.7288311719894409,0.06970193237066269,0.347053587436676,0.5477023720741272,-0.4697078466415405,0.4620194435119629,-0.5156885385513306,0
0.7153971195220947,0.06755625456571579,0.28562498092651367,0.516659140586853,-0.4924532473087311,0.49027547240257263,-0.5001829862594604,0.72050940990448,0.07008085399866104,0.0495811328291893,1,0.7305189967155457,0.07004868239164352,0.35507404804229736,0.5517767071723938,-0.4668043553829193,0.45826900005340576,-0.5173254609107971,0
0.7174626588821411,0.06774827837944031,0.2910583019256592,0.5196834206581116,-0.4904543459415436,0.48781439661979675,-0.5014187097549438,0.7246729135513306,0.07061955332756042,0.054824747145175934,1,0.7320640683174133,0.07040507346391678,0.3631226420402527,0.5558298230171204,-0.463893860578537,0.4544859826564789,-0.5189393758773804,0
0.7195204496383667,0.06795436143875122,0.29675617814064026,0.522822916507721,-0.48836228251457214,0.48522621393203735,-0.5027065873146057,0.7289250493049622,0.07119059562683105,0.06036779284477234,1,0.7334661483764648,0.07077087461948395,0.3711971044540405,0.5598615407943726,-0.4609764516353607,0.4506700038909912,-0.520530641078949,0
0.7215550541877747,0.068173848092556,0.3026961088180542,0.5260635018348694,-0.48618581891059875,0.48252010345458984,-0.5040385127067566,0.7332404255867004,0.07179199159145355,0.06618911772966385,1,0.7347247004508972,0.07114583998918533,0.37929555773735046,0.5638716816902161,-0.45805197954177856,0.4468211829662323,-0.5220993757247925,0
0.7235533595085144,0.06840678304433823,0.30885598063468933,0.5293921232223511,-0.48393338918685913,0.47970497608184814,-0.5054064393043518,0.7375959157943726,0.07242190837860107,0.07226941734552383,1,0.7358391880989075,0.07152944803237915,0.3874143958091736,0.5678596496582031,-0.45512092113494873,0.44293999671936035,-0.5236454010009766,0
0.7255027890205383,0.06865328550338745,0.31521573662757874,0.5327966809272766,-0.4816126823425293,0.47678858041763306,-0.5068033337593079,0.7419821619987488,0.07308772951364517,0.07863564789295197,1,0.736809253692627,0.07192202657461166,0.39555200934410095,0.5718253254890442,-0.45218294858932495,0.4390260875225067,-0.5251688361167908,0
0.7273925542831421,0.06891238689422607,0.32175925374031067,0.5362673997879028,-0.4792293608188629,0.47377753257751465,-0.5082235932350159,0.7463552355766296,0.07377317547798157,0.08518911898136139,1,0.737634539604187,0.07232304662466049,0.4037052094936371,0.5757685303688049,-0.4492384195327759,0.43508008122444153,-0.526669442653656,0
0.7292125225067139,0.0691845715045929,0.3284689784049988,0.5397946238517761,-0.4767902195453644,0.47067832946777344,-0.5096613764762878,0.7507050633430481,0.074486643075943,0.09193582832813263,1,0.7383148670196533,0.07273223996162415,0.4118714928627014,0.5796886682510376,-0.44628724455833435,0.43110206723213196,-0.528147280216217,0
0.7309538125991821,0.06946919113397598,0.3353310227394104,0.5433701276779175,-0.47429975867271423,0.4674963057041168,-0.5111122727394104,0.7550243139266968,0.07521700114011765,0.09888025373220444,1,0.7388498783111572,0.07314898818731308,0.42004871368408203,0.5835856199264526,-0.44332948327064514,0.427092045545578,-0.5296027064323425,0
0.7326083183288574,0.0697660744190216,0.34233182668685913,0.5469861030578613,-0.4717629849910736,0.4642365276813507,-0.5125722289085388,0.759303629398346,0.07596319168806076,0.1060132160782814,1,0.7392392158508301,0.07357355952262878,0.4282339811325073,0.5874589681625366,-0.4403654634952545,0.42305025458335876,-0.5310354232788086,0
0.7341692447662354,0.07007491588592529,0.3494587242603302,0.5506361126899719,-0.46918386220932007,0.4609036445617676,-0.5140371322631836,0.7635078430175781,0.0767672136425972,0.11332934349775314,1,0.7394830584526062,0.0740058422088623,0.43642422556877136,0.5913083553314209,-0.43739521503448486,0.41897717118263245,-0.5324452519416809,0
0.735629677772522,0.07039543986320496,0.3567003011703491,0.5543140172958374,-0.46656614542007446,0.4575016498565674,-0.5155038833618164,0.7676599621772766,0.07754535973072052,0.12079823017120361,1,0.7395811080932617,0.07444527745246887,0.4446176588535309,0.5951337218284607,-0.43441882729530334,0.4148724377155304,-0.5338323712348938,0
0.736984372138977,0.07072721421718597,0.3640463352203369,0.5580140352249146,-0.46391305327415466,0.4540340304374695,-0.5169699788093567,0.7717337608337402,0.07834979146718979,0.1284157931804657,1,0.7395331263542175,0.07489163428544998,0.45281147956848145,0.5989343523979187,-0.4314362406730652,0.41073665022850037,-0.5351969599723816,0
0.7382280230522156,0.07107040286064148,0.37148648500442505,0.5617319345474243,-0.4612279534339905,0.4505041539669037,-0.5184321403503418,0.7757188081741333,0.07916893810033798,0.13617119193077087,1,0.7393394708633423,0.07534462958574295,0.4610027074813843,0.6027101278305054,-0.4284479022026062,0.4065699279308319,-0.5365386009216309,0
0.7393561601638794,0.07142417132854462,0.37901169061660767,0.5654624104499817,-0.45851361751556396,0.44691556692123413,-0.5198883414268494,0.7796055674552917,0.08001000434160233,0.14405430853366852,1,0.7389999628067017,0.07580375671386719,0.4691891372203827,0.6064607501029968,-0.4254533648490906,0.4023723900318146,-0.5378580093383789,0
0.7403649091720581,0.07178859412670135,0.38661429286003113,0.5692022442817688,-0.45577189326286316,0.4432699680328369,-0.5213372111320496,0.7833774089813232,0.08090131729841232,0.15206731855869293,1,0.7385143041610718,0.0762692540884018,0.4773683249950409,0.6101861000061035,-0.4224531054496765,0.398144006729126,-0.5391544699668884,0
0.7412504553794861,0.07216311991214752,0.3942856192588806,0.5729474425315857,-0.45300528407096863,0.43957048654556274,-0.5227763652801514,0.7870470881462097,0.08176707476377487,0.1601906418800354,1,0.737883448600769,0.07674060016870499,0.48553723096847534,0.6138857007026672,-0.41944700479507446,0.3938852846622467,-0.5404283404350281,0
0.7420097589492798,0.07254765182733536,0.40201857686042786,0.5766950845718384,-0.4502156376838684,0.435819149017334,-0.5242043137550354,0.7906016707420349,0.08264889568090439,0.1684187799692154,1,0.7371071577072144,0.07721751183271408,0.49369314312934875,0.6175592541694641,-0.416435569524765,0.3895963728427887,-0.5416794419288635,0
0.7426403164863586,0.07294094562530518,0.40980637073516846,0.5804417729377747,-0.4474044144153595,0.43201810121536255,-0.5256204605102539,0.794034481048584,0.08354920893907547,0.17674441635608673,1,0.7361850738525391,0.0776994600892067,0.501834511756897,0.6212064027786255,-0.4134180545806885,0.38527733087539673,-0.5429083704948425,0
0.7431392669677734,0.07334420830011368,0.41764265298843384,0.5841856598854065,-0.4445737302303314,0.42816871404647827,-0.5270225405693054,0.7973408102989197,0.08447003364562988,0.1851581484079361,1,0.7351182699203491,0.07818672060966492,0.5099577903747559,0.6248270273208618,-0.4103953540325165,0.38092830777168274,-0.5441142916679382,0
0.7435049414634705,0.07375610619783401,0.42552071809768677,0.5879234075546265,-0.4417249262332916,0.4242734909057617,-0.528410017490387,0.8005131483078003,0.08539525419473648,0.1936918944120407,1,0.7339070439338684,0.07867870479822159,0.5180600881576538,0.6284204721450806,-0.4073674976825714,0.3765500783920288,-0.5452975630760193,0
0.7437350749969482,0.07417675852775574,0.4334358274936676,0.5916536450386047,-0.4388587474822998,0.4203329384326935,-0.5297821164131165,0.8035606145858765,0.08634510636329651,0.20228029787540436,1,0.7325511574745178,0.07917520403862,0.5261402726173401,0.6319869756698608,-0.4043341279029846,0.37214189767837524,-0.5464583039283752,0
0.743828296661377,0.07460547983646393,0.4413816034793854,0.595373809337616,-0.43597692251205444,0.4163494408130646,-0.5311376452445984,0.8064693808555603,0.08731051534414291,0.2109273076057434,1,0.7309529185295105,0.07970710098743439,0.5346969366073608,0.6357458829879761,-0.4011055529117584,0.36742666363716125,-0.5476668477058411,0
0.7437894344329834,0.07504399120807648,0.4493808448314667,0.5990966558456421,-0.4330727458000183,0.41231071949005127,-0.5324762463569641,0.809248685836792,0.08829248696565628,0.21967285871505737,1,0.7291926741600037,0.08024369925260544,0.5432218313217163,0.639473557472229,-0.39787134528160095,0.3626783788204193,-0.5488499999046326,0
0.743611216545105,0.07549212872982025,0.45743921399116516,0.602824866771698,-0.4301407039165497,0.40821146965026855,-0.5338019728660583,0.8118966221809387,0.0892908051609993,0.22852489352226257,1,0.7272711992263794,0.08078411221504211,0.5517115592956543,0.6431694030761719,-0.3946312665939331,0.3578978180885315,-0.5500076413154602,0
0.7432886362075806,0.0759493038058281,0.4655534625053406,0.6065561175346375,-0.42718058824539185,0.4040510654449463,-0.5351158976554871,0.8144077658653259,0.09030519425868988,0.23748117685317993,1,0.7251888513565063,0.08132850378751755,0.5601636171340942,0.6468331217765808,-0.39138585329055786,0.35308465361595154,-0.5511398315429688,0
0.7428171038627625,0.0764160081744194,0.47371935844421387,0.6102889180183411,-0.424192875623703,0.3998301923274994,-0.5364173650741577,0.8167767524719238,0.09133515506982803,0.24653582274913788,1,0.72294682264328,0.08187603205442429,0.5685744285583496,0.6504642367362976,-0.38813480734825134,0.3482396900653839,-0.5522469282150269,0
0.7421939969062805,0.07689128816127777,0.48192933201789856,0.6140196323394775,-0.4211791753768921,0.3955502212047577,-0.5377060770988464,0.8189985156059265,0.09238041937351227,0.2556816041469574,1,0.7205452919006348,0.08242689818143845,0.5769413113594055,0.6540625691413879,-0.3848787546157837,0.343362957239151,-0.5533283948898315,0
0.7414169907569885,0.07737518101930618,0.49017587304115295,0.6177459359169006,-0.4181414544582367,0.39121362566947937,-0.5389800071716309,0.8210684657096863,0.09344040602445602,0.26491063833236694,1,0.7179855108261108,0.08298022300004959,0.5852612257003784,0.6576275825500488,-0.38161730766296387,0.33845487236976624,-0.554384708404541,0
0.7404838800430298,0.07786696404218674,0.49845248460769653,0.621464729309082,-0.41508087515830994,0.386821985244751,-0.5402390360832214,0.8229825496673584,0.09451451152563095,0.2742150127887726,1,0.715268075466156,0.08353622257709503,0.5935311913490295,0.6611591577529907,-0.3783509135246277,0.33351534605026245,-0.5554155707359314,0
0.7393938899040222,0.07836665213108063,0.5067505836486816,0.6251732707023621,-0.41199973225593567,0.382377952337265,-0.5414808988571167,0.8247370719909668,0.0956021398305893,0.2835870385169983,1,0.7123942375183105,0.08409399539232254,0.6017480492591858,0.664656937122345,-0.37507936358451843,0.3285452723503113,-0.5564212799072266,0
0.7381452918052673,0.07887320965528488,0.5150645971298218,0.6288694739341736,-0.4088987708091736,0.3778831362724304,-0.5427054762840271,0.8263289332389832,0.09670271724462509,0.29301923513412476,1,0.7093647718429565,0.08465348929166794,0.609909176826477,0.668120265007019,-0.37180295586586,0.32354438304901123,-0.5574018359184265,0
0.7367379665374756,0.07938656955957413,0.5233868360519409,0.6325510144233704,-0.40577974915504456,0.3733389377593994,-0.5439116954803467,0.8277552723884583,0.09781564772129059,0.3025045394897461,1,0.7061809301376343,0.08521462976932526,0.6180110573768616,0.6715492010116577,-0.368522047996521,0.3185131251811981,-0.5583569407463074,0
0.7351709008216858,0.07990624010562897,0.531711220741272,0.6362155675888062,-0.40264397859573364,0.3687475621700287,-0.5450988411903381,0.8290137052536011,0.09894026815891266,0.31203603744506836,1,0.7028436660766602,0.08577656745910645,0.6260514855384827,0.6749430894851685,-0.3652363121509552,0.3134517967700958,-0.5592871904373169,0
0.7334437370300293,0.08043189346790314,0.5400322675704956,0.6398619413375854,-0.399492472410202,0.36410996317863464,-0.5462658405303955,0.8301021456718445,0.10007598996162415,0.3216072618961334,1,0.6993537545204163,0.08633949607610703,0.634027898311615,0.678301990032196,-0.3619460463523865,0.3083603084087372,-0.5601921081542969,0
0.7315565347671509,0.0809626430273056,0.5483435392379761,0.6434875726699829,-0.39632648229599,0.35942795872688293,-0.5474125146865845,0.8310188055038452,0.10122231394052505,0.3312120735645294,1,0.6957134008407593,0.08690253645181656,0.6419360637664795,0.6816251873970032,-0.35865136981010437,0.303239643573761,-0.5610721111297607,0
0.7295092344284058,0.08149825036525726,0.556640088558197,0.6470915675163269,-0.3931465744972229,0.3547029197216034,-0.5485380291938782,0.8317621946334839,0.10237859934568405,0.34084442257881165,1,0.6919230222702026,0.08746588975191116,0.6497743129730225,0.6849127411842346,-0.3553524613380432,0.2980895936489105,-0.5619267225265503,0
0.7273016571998596,0.08203837275505066,0.564916729927063,0.6506720185279846,-0.3899539113044739,0.34993571043014526,-0.5496423840522766,0.8323310613632202,0.10354434698820114,0.35049867630004883,1,0.6879845261573792,0.08802872151136398,0.6575390696525574,0.6881638765335083,-0.35204941034317017,0.29291096329689026,-0.5627564787864685,0
0.7249345779418945,0.08258268237113953,0.5731680393218994,0.6542280316352844,-0.3867492079734802,0.3451278805732727,-0.5507243275642395,0.832724392414093,0.10471897572278976,0.36016935110092163,1,0.6841434240341187,0.08855806291103363,0.6647778153419495,0.6911904215812683,-0.3489370048046112,0.28801050782203674,-0.5635145306587219,0
0.7224105000495911,0.08312886208295822,0.5813647508621216,0.6577455997467041,-0.38354068994522095,0.3402940332889557,-0.5517854690551758,0.8329369425773621,0.10589692741632462,0.3698221743106842,1,0.6801730394363403,0.08908661454916,0.6719473004341125,0.6941845417022705,-0.3458207845687866,0.2830847203731537,-0.564250648021698,0
0.7197387218475342,0.0836760476231575,0.5894917249679565,0.6612203121185303,-0.38033536076545715,0.3354431688785553,-0.5528205633163452,0.8329712748527527,0.1070772036910057,0.3794397711753845,1,0.676075279712677,0.08961409330368042,0.6790446043014526,0.6971456408500671,-0.34270140528678894,0.27813422679901123,-0.5649645328521729,0
0.7169238328933716,0.08422380685806274,0.5975441336631775,0.6646515130996704,-0.3771348297595978,0.3305771052837372,-0.5538288950920105,0.832831084728241,0.10825929045677185,0.3890138864517212,1,0.671850860118866,0.09013999253511429,0.686068058013916,0.7000735998153687,-0.3395783603191376,0.273158997297287,-0.5656566619873047,0
0.7139701247215271,0.0847717672586441,0.6055178642272949,0.6680389642715454,-0.3739404082298279,0.3256976008415222,-0.5548094511032104,0.8325192928314209,0.10944288223981857,0.3985404968261719,1,0.6675010919570923,0.09066453576087952,0.6930153369903564,0.702968180179596,-0.3364524841308594,0.2681591808795929,-0.5663268566131592,0
0.7108798027038574,0.08531902730464935,0.6134114861488342,0.6713833212852478,-0.37075141072273254,0.3208047151565552,-0.5557627081871033,0.8320384621620178,0.11062774062156677,0.408017635345459,1,0.6630277037620544,0.09118721634149551,0.6998838186264038,0.7058290839195251,-0.33332327008247375,0.26313546299934387,-0.566974937915802,0
0.7076547145843506,0.08586558699607849,0.6212254166603088,0.6746854782104492,-0.3675670623779297,0.31589755415916443,-0.5566889643669128,0.8313907384872437,0.11181366443634033,0.41744428873062134,1,0.6584320068359375,0.09170776605606079,0.7066717147827148,0.7086560726165771,-0.3301911950111389,0.2580878436565399,-0.5676011443138123,0
0.7042962312698364,0.08641141653060913,0.6289585828781128,0.677946150302887,-0.36438724398612976,0.3109753429889679,-0.5575886368751526,0.8305779695510864,0.11300055682659149,0.4268200397491455,1,0.653715193271637,0.09222593158483505,0.7133766412734985,0.7114487290382385,-0.32705608010292053,0.25301671028137207,-0.5682054162025452,0
0.7008056044578552,0.08695625513792038,0.6366111040115356,0.6811662912368774,-0.36121106147766113,0.30603763461112976,-0.5584621429443359,0.8296018242835999,0.11418832838535309,0.43614450097084045,1,0.6488792300224304,0.0927412137389183,0.7199966311454773,0.7142069339752197,-0.32391810417175293,0.24792195856571198,-0.5687882304191589,0
0.6971837282180786,0.08749983459711075,0.6441832184791565,0.6843464970588684,-0.3580373525619507,0.3010827898979187,-0.5593104958534241,0.8284639120101929,0.11537688225507736,0.44541728496551514,1,0.6439253091812134,0.09325384348630905,0.7265293598175049,0.7169305682182312,-0.32077741622924805,0.24280430376529694,-0.5693491101264954,0
0.6934316158294678,0.08804190903902054,0.6516742706298828,0.6874871850013733,-0.3548659384250641,0.2961108684539795,-0.5601337552070618,0.8271656632423401,0.11656616628170013,0.45463794469833374,1,0.6388546824455261,0.0937633216381073,0.7329730987548828,0.7196193337440491,-0.31763410568237305,0.2376636266708374,-0.569888174533844,0
0.6895503997802734,0.08858246356248856,0.659084141254425,0.690589189529419,-0.3516958951950073,0.2911205291748047,-0.5609325766563416,0.8257083296775818,0.11775609850883484,0.46380582451820374,1,0.6336694955825806,0.09426941722631454,0.7393256425857544,0.7222728729248047,-0.31448808312416077,0.23250025510787964,-0.5704057216644287,0
0.6855411529541016,0.089121513068676,0.6664113998413086,0.6936529874801636,-0.3485269248485565,0.28611162304878235,-0.5617068409919739,0.824093222618103,0.11894653737545013,0.47292011976242065,1,0.6283712387084961,0.09477187693119049,0.7455847263336182,0.7248908877372742,-0.31133967638015747,0.22731482982635498,-0.57090163230896,0
0.6814047694206238,0.08965852856636047,0.673656165599823,0.6966786980628967,-0.3453582525253296,0.2810831069946289,-0.5624576807022095,0.8223215937614441,0.12013737112283707,0.4819798469543457,1,0.6229614019393921,0.09527022391557693,0.7517487406730652,0.727473258972168,-0.30818891525268555,0.22210726141929626,-0.5713760256767273,0
0.6771421432495117,0.09019328653812408,0.6808173656463623,0.6996669173240662,-0.34218934178352356,0.27603471279144287,-0.5631850361824036,0.8203946352005005,0.12132846564054489,0.49098390340805054,1,0.617441713809967,0.09576468914747238,0.7578153610229492,0.7300196290016174,-0.30503588914871216,0.21687811613082886,-0.5718288421630859,0
0.67275470495224,0.09072604775428772,0.6878935098648071,0.7026177048683167,-0.339020311832428,0.2709663510322571,-0.5638890266418457,0.818313479423523,0.12251965701580048,0.4999310374259949,1,0.6118141412734985,0.09625480324029922,0.7637829780578613,0.7325301170349121,-0.3018806278705597,0.21162718534469604,-0.5722600817680359,0
0.6682433485984802,0.0912562906742096,0.6948838233947754,0.7055312395095825,-0.33585044741630554,0.26587727665901184,-0.5645700097084045,0.8160794377326965,0.12371080368757248,0.5088198781013489,1,0.6060800552368164,0.09674033522605896,0.7696498036384583,0.7350041270256042,-0.2987230718135834,0.20635497570037842,-0.572670042514801,0
0.6636093258857727,0.09178374707698822,0.7017868757247925,0.7084077596664429,-0.3326796293258667,0.2607673406600952,-0.5652282238006592,0.8136935830116272,0.12490174919366837,0.5176488757133484,1,0.6002418398857117,0.09722083061933517,0.7754132151603699,0.7374412417411804,-0.2955639660358429,0.2010621279478073,-0.5730587840080261,0
0.6588538289070129,0.09230846911668777,0.708601713180542,0.711247444152832,-0.3295074999332428,0.2556363344192505,-0.5658637881278992,0.8111571669578552,0.12609224021434784,0.5264164209365845,1,0.5943009257316589,0.09769649803638458,0.7810721397399902,0.739841639995575,-0.2924026548862457,0.1957484632730484,-0.5734260678291321,0
0.6539782881736755,0.09282992035150528,0.7153264880180359,0.7140501141548157,-0.3263337016105652,0.25048401951789856,-0.5664772391319275,0.8084713220596313,0.12728211283683777,0.5351208448410034,1,0.5882592797279358,0.09816693514585495,0.7866246700286865,0.7422049045562744,-0.2892397344112396,0.19041423499584198,-0.5737722516059875,0
0.6489840745925903,0.09334836155176163,0.7219595313072205,0.7168158292770386,-0.3231585919857025,0.24531039595603943,-0.5670680999755859,0.8056374192237854,0.12847113609313965,0.5437604188919067,1,0.5821189284324646,0.09863189607858658,0.792068600654602,0.7445308566093445,-0.28607502579689026,0.18506012856960297,-0.5740970969200134,0
0.6438724398612976,0.09386304765939713,0.728499710559845,0.7195447087287903,-0.31998151540756226,0.2401152402162552,-0.5676370859146118,0.8026565313339233,0.12965914607048035,0.5523332953453064,1,0.5758816003799438,0.09909115731716156,0.797402560710907,0.7468193173408508,-0.2829088568687439,0.17968611419200897,-0.574400782585144,0
0.638644278049469,0.09437426179647446,0.7349457740783691,0.722236692905426,-0.3168022930622101,0.23489825427532196,-0.5681840777397156,0.7995300889015198,0.13084585964679718,0.5608375072479248,1,0.5695493221282959,0.09954431653022766,0.8026250004768372,0.74906986951828,-0.279741108417511,0.17429278790950775,-0.5746835470199585,0
0.633301854133606,0.09488148242235184,0.741295337677002,0.7248915433883667,-0.3136214017868042,0.22966048121452332,-0.5687088370323181,0.7962592840194702,0.13203109800815582,0.5692712068557739,1,0.5631242394447327,0.09999161958694458,0.8077337145805359,0.7512826323509216,-0.27657198905944824,0.1688799262046814,-0.5749450922012329,0
0.6278465986251831,0.09538448601961136,0.7475470900535583,0.7275092005729675,-0.3104383647441864,0.22440089285373688,-0.5692121982574463,0.7928455471992493,0.13321465253829956,0.5776324272155762,1,0.5566083788871765,0.10043259710073471,0.8127275705337524,0.7534571290016174,-0.2734016180038452,0.16344812512397766,-0.5751857161521912,0
0.6222801208496094,0.09588304162025452,0.7536989450454712,0.7300896048545837,-0.30725347995758057,0.21912024915218353,-0.5696936249732971,0.789290189743042,0.13439621031284332,0.5859191417694092,1,0.5500034689903259,0.10086708515882492,0.8176049590110779,0.7555931210517883,-0.27022984623908997,0.1579977571964264,-0.5754054188728333,0
0.616603434085846,0.09637715667486191,0.7597501873970032,0.7326324582099915,-0.30406641960144043,0.2138179987668991,-0.570153534412384,0.7855947017669678,0.135575532913208,0.5941293239593506,1,0.5433118939399719,0.10129491984844208,0.8223640322685242,0.7576904892921448,-0.2670571208000183,0.15252871811389923,-0.5756044387817383,0
0.61081862449646,0.09686657786369324,0.7656984329223633,0.7351382374763489,-0.30087676644325256,0.20849424600601196,-0.5705918073654175,0.7817605137825012,0.1367524266242981,0.602260947227478,1,0.5365356206893921,0.10171564668416977,0.8270036578178406,0.7597488164901733,-0.26388299465179443,0.14704197645187378,-0.5757829546928406,0
0.604927659034729,0.09735086560249329,0.7715417742729187,0.7376061081886292,-0.29768532514572144,0.2031499743461609,-0.5710085034370422,0.7777890563011169,0.13792666792869568,0.6103119254112244,1,0.5296773314476013,0.10212955623865128,0.8315216898918152,0.7617682218551636,-0.26070842146873474,0.1415373682975769,-0.5759403705596924,0
0.5989318490028381,0.09782979637384415,0.7772791981697083,0.7400360107421875,-0.2944915294647217,0.1977846622467041,-0.5714040398597717,0.7736818790435791,0.13909798860549927,0.6182801723480225,1,0.5227384567260742,0.10253622382879257,0.8359174728393555,0.7637483477592468,-0.2575328052043915,0.13601519167423248,-0.5760772824287415,0
0.5928330421447754,0.09830360114574432,0.7829086184501648,0.742428183555603,-0.2912956476211548,0.19239841401576996,-0.5717779397964478,0.7694405317306519,0.14026610553264618,0.62616366147995,1,0.5157213807106018,0.10293550044298172,0.8401892781257629,0.7656890749931335,-0.25435659289360046,0.13047580420970917,-0.576193630695343,0
0.5866332054138184,0.09877163171768188,0.7884283065795898,0.7447818517684937,-0.2880977988243103,0.1869916319847107,-0.5721307992935181,0.7650666236877441,0.1414308100938797,0.6339603066444397,1,0.5086286067962646,0.10332722216844559,0.844335675239563,0.7675899267196655,-0.25117963552474976,0.12491969019174576,-0.5762894153594971,0
0.5803345441818237,0.09923383593559265,0.7938365340232849,0.7470973134040833,-0.2848980128765106,0.18156470358371735,-0.5724621415138245,0.7605618238449097,0.14259187877178192,0.6416680812835693,1,0.5014621019363403,0.10371103137731552,0.8483552932739258,0.7694507837295532,-0.24800220131874084,0.11934682726860046,-0.5763649940490723,0
0.5739381313323975,0.09968986362218857,0.7991319894790649,0.7493740916252136,-0.2816959321498871,0.17611707746982574,-0.5727726817131042,0.7559277415275574,0.14374905824661255,0.649284839630127,1,0.49422433972358704,0.10408714413642883,0.8522470593452454,0.7712716460227966,-0.24482432007789612,0.11375793814659119,-0.5764200091362,0
0.567446768283844,0.10013967007398605,0.8043126463890076,0.75161212682724,-0.27849218249320984,0.17064999043941498,-0.5730618834495544,0.7511661648750305,0.1449020504951477,0.656808614730835,1,0.485938161611557,0.10450371354818344,0.8565013408660889,0.773286759853363,-0.2412223070859909,0.1074042096734047,-0.5764578580856323,0
0.5608221292495728,0.10058578103780746,0.8094066381454468,0.7538296580314636,-0.27526968717575073,0.16512541472911835,-0.5733245611190796,0.7462494373321533,0.14606060087680817,0.664280891418457,1,0.47756659984588623,0.10490959882736206,0.8605881929397583,0.7752496004104614,-0.23761996626853943,0.10103051364421844,-0.576469898223877,0
0.5540446043014526,0.10102838277816772,0.8144241571426392,0.7560292482376099,-0.2720164954662323,0.15952874720096588,-0.5735654234886169,0.7411623001098633,0.14722609519958496,0.6717208027839661,1,0.46911317110061646,0.10530491918325424,0.8645055890083313,0.7771602869033813,-0.2340175062417984,0.09463723003864288,-0.57645583152771,0
0.5471053123474121,0.10146823525428772,0.8193660974502563,0.758210301399231,-0.26872825622558594,0.1538551300764084,-0.5737864375114441,0.7358971238136292,0.14839836955070496,0.6791317462921143,1,0.4605810046195984,0.1056891456246376,0.868252158164978,0.7790183424949646,-0.23041506111621857,0.08822476118803024,-0.5764162540435791,0
0.5400031208992004,0.10190474987030029,0.8242276906967163,0.7603698968887329,-0.2654050290584564,0.14810465276241302,-0.5739883780479431,0.7304511666297913,0.14957685768604279,0.6865095496177673,1,0.4519740343093872,0.10606244951486588,0.8718262314796448,0.7808235287666321,-0.22681277990341187,0.08179394155740738,-0.5763508081436157,0
0.5327407121658325,0.10233766585588455,0.8290016651153564,0.7625054121017456,-0.2620483934879303,0.14227987825870514,-0.5741710662841797,0.7248249650001526,0.1507604420185089,0.6938462257385254,1,0.4432954788208008,0.10642428696155548,0.8752263784408569,0.7825754284858704,-0.2232106328010559,0.07534436136484146,-0.5762602090835571,0
0.5253219604492188,0.10276627540588379,0.8336805701255798,0.7646142244338989,-0.2586597204208374,0.13638408482074738,-0.5743339657783508,0.7190206050872803,0.1519479900598526,0.70113205909729,1,0.4345490038394928,0.10677486658096313,0.8784511685371399,0.7842742800712585,-0.2196090966463089,0.06887722760438919,-0.5761436820030212,0
0.5177538990974426,0.10319013148546219,0.838254988193512,0.7666932940483093,-0.255242258310318,0.13042208552360535,-0.5744760632514954,0.7130414247512817,0.15313820540905,0.7083567380905151,1,0.42573821544647217,0.10711383074522018,0.8814992904663086,0.7859194278717041,-0.21600812673568726,0.06239268556237221,-0.5760020613670349,0
0.5100416541099548,0.10360834002494812,0.8427176475524902,0.7687399983406067,-0.2517980933189392,0.12439727038145065,-0.5745971202850342,0.7068913578987122,0.15432988107204437,0.7155100107192993,1,0.41686609387397766,0.10744087398052216,0.8843698501586914,0.7875104546546936,-0.21240760385990143,0.055891018360853195,-0.5758354663848877,0
0.5021929740905762,0.10402023047208786,0.8470601439476013,0.7707516551017761,-0.2483302354812622,0.11831492185592651,-0.5746960639953613,0.7005747556686401,0.15552181005477905,0.7225819826126099,1,0.4079369604587555,0.10775621235370636,0.8870612978935242,0.7890474796295166,-0.20880800485610962,0.04937325790524483,-0.5756435394287109,0
0.4942135810852051,0.10442505031824112,0.8512758016586304,0.7727259993553162,-0.2448408156633377,0.1121777594089508,-0.5747726559638977,0.6940960884094238,0.15671277046203613,0.7295632362365723,1,0.398954302072525,0.1080593690276146,0.8895725011825562,0.7905300259590149,-0.2052096724510193,0.042839664965867996,-0.5754266977310181,0
0.486110657453537,0.10482238978147507,0.8553575277328491,0.7746608853340149,-0.24133242666721344,0.1059904545545578,-0.5748262405395508,0.6874600052833557,0.15790168941020966,0.7364451289176941,1,0.38992151618003845,0.10835054516792297,0.8919026851654053,0.7919581532478333,-0.20161236822605133,0.036290328949689865,-0.5751850008964539,0
0.47789034247398376,0.10521165281534195,0.8592994213104248,0.776554524898529,-0.2378070205450058,0.09975607693195343,-0.574856162071228,0.6806711554527283,0.15908758342266083,0.7432196736335754,1,0.38084283471107483,0.10862933099269867,0.8940504789352417,0.7933310866355896,-0.1980164796113968,0.029726415872573853,-0.5749186873435974,0
0.4695591330528259,0.10559196770191193,0.8630959391593933,0.778404951095581,-0.23426641523838043,0.09347797185182571,-0.5748623609542847,0.673734188079834,0.16026951372623444,0.7498794198036194,1,0.371721088886261,0.10889595001935959,0.8960156440734863,0.7946491241455078,-0.19442185759544373,0.023147478699684143,-0.5746277570724487,0
0.4611227810382843,0.1059633418917656,0.8667420744895935,0.7802110314369202,-0.23071250319480896,0.08715897053480148,-0.5748441815376282,0.6666538119316101,0.16144657135009766,0.7564175724983215,1,0.3625604212284088,0.1091499999165535,0.8977970480918884,0.7959117293357849,-0.1908288449048996,0.016554540023207664,-0.5743123888969421,0
