0.3625604212284088,0.1091499999165535,0.8977970480918884,0.7959117293357849,-0.1908288449048996,0.016554540023207664,-0.5743123888969421,0.5729883909225464,-0.00836096704006195,0.019999999552965164,0,0.3625604212284088,0.1091499999165535,0.8977970480918884,0.7959117293357849,-0.1908288449048996,0.016554540023207664,-0.5743123888969421,1
0.3628040552139282,0.10916154831647873,0.8976776003837585,0.7959170937538147,-0.19090838730335236,0.016660241410136223,-0.5742754340171814,0.5729883909225464,-0.00836096704006195,0.01981772482395172,0,0.3625604212284088,0.1091499999165535,0.8977970480918884,0.7959117293357849,-0.1908288449048996,0.016554540023207664,-0.5743123888969421,1
0.3632446825504303,0.10916890949010849,0.8974825739860535,0.7959179878234863,-0.1910729855298996,0.016885489225387573,-0.574212908744812,0.5729883909225464,-0.00836096704006195,0.019884353503584862,0,0.3625604212284088,0.1091499999165535,0.8977970480918884,0.7959117293357849,-0.1908288449048996,0.016554540023207664,-0.5743123888969421,1
0.36376747488975525,0.10917111486196518,0.8972581028938293,0.7959133982658386,-0.1912766695022583,0.017166968435049057,-0.5741432309150696,0.5729883909225464,-0.00836096704006195,0.019923372194170952,0,0.3625604212284088,0.1091499999165535,0.8977970480918884,0.7959117293357849,-0.1908288449048996,0.016554540023207664,-0.5743123888969421,1
0.3643089532852173,0.10917005687952042,0.8970283269882202,0.7959052920341492,-0.1914910078048706,0.01746424101293087,-0.5740739107131958,0.5729883909225464,-0.00836096704006195,0.019946129992604256,0,0.3625604212284088,0.1091499999165535,0.8977970480918884,0.7959117293357849,-0.1908288449048996,0.016554540023207664,-0.5743123888969421,1
0.36483412981033325,0.10916749387979507,0.8968064785003662,0.7958957552909851,-0.19170089066028595,0.017755331471562386,-0.5740082263946533,0.5729883909225464,-0.00836096704006195,0.019959425553679466,0,0.3625604212284088,0.1091499999165535,0.8977970480918884,0.7959117293357849,-0.1908288449048996,0.016554540023207664,-0.5743123888969421,1
0.3653259873390198,0.10916423052549362,0.8965990543365479,0.7958859801292419,-0.19189804792404175,0.01802937313914299,-0.5739471912384033,0.5729883909225464,-0.00836096704006195,0.019967196509242058,0,0.3625604212284088,0.1091499999165535,0.8977970480918884,0.7959117293357849,-0.1908288449048996,0.016554540023207664,-0.5743123888969421,1
0.36577728390693665,0.10916095972061157,0.89640873670578,0.7958768010139465,-0.19207923114299774,0.01828133687376976,-0.5738914608955383,0.5729883909225464,-0.00836096704006195,0.01997174322605133,0,0.3625604212284088,0.1091499999165535,0.8977970480918884,0.7959117293357849,-0.1908288449048996,0.016554540023207664,-0.5743123888969421,1
0.366186261177063,0.10915781557559967,0.8962359428405762,0.7958679795265198,-0.1922435611486435,0.018509861081838608,-0.5738412737846375,0.5729883909225464,-0.00836096704006195,0.019974403083324432,0,0.3625604212284088,0.1091499999165535,0.8977970480918884,0.7959117293357849,-0.1908288449048996,0.016554540023207664,-0.5743123888969421,1
0.3665536642074585,0.1091550812125206,0.8960806727409363,0.7958602905273438,-0.19239117205142975,0.01871492713689804,-0.5737957954406738,0.5729883909225464,-0.00836096704006195,0.01997595839202404,0,0.3625604212284088,0.1091499999165535,0.8977970480918884,0.7959117293357849,-0.1908288449048996,0.016554540023207664,-0.5743123888969421,1
0.36688217520713806,0.10915274918079376,0.895941436290741,0.7958534359931946,-0.1925230473279953,0.018898339942097664,-0.5737552642822266,0.5729883909225464,-0.00836096704006195,0.019976869225502014,0,0.3625604212284088,0.1091499999165535,0.8977970480918884,0.7959117293357849,-0.1908288449048996,0.016554540023207664,-0.5743123888969421,1
0.3671749234199524,0.10915068536996841,0.8958170413970947,0.7958471775054932,-0.1926405429840088,0.019061513245105743,-0.5737189054489136,0.5729883909225464,-0.00836096704006195,0.019977401942014694,0,0.3625604212284088,0.1091499999165535,0.8977970480918884,0.7959117293357849,-0.1908288449048996,0.016554540023207664,-0.5743123888969421,1
0.36743536591529846,0.10914917290210724,0.8957062363624573,0.7958419322967529,-0.19274485111236572,0.019206577911973,-0.5736864805221558,0.5729883909225464,-0.00836096704006195,0.019977713003754616,0,0.3625604212284088,0.1091499999165535,0.8977970480918884,0.7959117293357849,-0.1908288449048996,0.016554540023207664,-0.5743123888969421,1
0.3676663637161255,0.10914792865514755,0.8956077694892883,0.7958371639251709,-0.19283725321292877,0.019334783777594566,-0.5736575722694397,0.5729883909225464,-0.00836096704006195,0.01997789368033409,0,0.3625604212284088,0.1091499999165535,0.8977970480918884,0.7959117293357849,-0.1908288449048996,0.016554540023207664,-0.5743123888969421,1
0.3678717017173767,0.10914682596921921,0.8955199718475342,0.7958332300186157,-0.1929192990064621,0.019448645412921906,-0.573631763458252,0.5729883909225464,-0.00836096704006195,0.019978001713752747,0,0.3625604212284088,0.1091499999165535,0.8977970480918884,0.7959117293357849,-0.1908288449048996,0.016554540023207664,-0.5743123888969421,1
0.3680533766746521,0.10914600640535355,0.8954421877861023,0.795829713344574,-0.19299162924289703,0.01954904943704605,-0.5736088156700134,0.5729883909225464,-0.00836096704006195,0.01997806318104267,0,0.3625604212284088,0.1091499999165535,0.8977970480918884,0.7959117293357849,-0.1908288449048996,0.016554540023207664,-0.5743123888969421,1
0.3682141900062561,0.10914544761180878,0.8953732252120972,0.79582679271698,-0.19305557012557983,0.01963799074292183,-0.5735883712768555,0.5729883909225464,-0.00836096704006195,0.019978100433945656,0,0.3625604212284088,0.1091499999165535,0.8977970480918884,0.7959117293357849,-0.1908288449048996,0.016554540023207664,-0.5743123888969421,1
0.3683570623397827,0.10914503037929535,0.8953116536140442,0.7958241105079651,-0.19311225414276123,0.019716612994670868,-0.5735701322555542,0.5729883909225464,-0.00836096704006195,0.019978120923042297,0,0.3625604212284088,0.1091499999165535,0.8977970480918884,0.7959117293357849,-0.1908288449048996,0.016554540023207664,-0.5743123888969421,1
0.36848360300064087,0.10914475470781326,0.8952572345733643,0.7958218455314636,-0.1931624412536621,0.019786084070801735,-0.5735539793968201,0.5729883909225464,-0.00836096704006195,0.019978133961558342,0,0.3625604212284088,0.1091499999165535,0.8977970480918884,0.7959117293357849,-0.1908288449048996,0.016554540023207664,-0.5743123888969421,1
0.36859551072120667,0.10914462059736252,0.8952088356018066,0.7958201169967651,-0.19320662319660187,0.019847365096211433,-0.5735394358634949,0.5729883909225464,-0.00836096704006195,0.01997814141213894,0,0.3625604212284088,0.1091499999165535,0.8977970480918884,0.7959117293357849,-0.1908288449048996,0.016554540023207664,-0.5743123888969421,1
0.36869457364082336,0.10914447903633118,0.8951660394668579,0.7958184480667114,-0.1932457685470581,0.01990160159766674,-0.5735267996788025,0.5729883909225464,-0.00836096704006195,0.019978145137429237,0,0.3625604212284088,0.1091499999165535,0.8977970480918884,0.7959117293357849,-0.1908288449048996,0.016554540023207664,-0.5743123888969421,1
0.3687824606895447,0.10914447903633118,0.8951278328895569,0.795816957950592,-0.19328033924102783,0.01994943805038929,-0.5735154151916504,0.5729883909225464,-0.00836096704006195,0.019978148862719536,0,0.3625604212284088,0.1091499999165535,0.8977970480918884,0.7959117293357849,-0.1908288449048996,0.016554540023207664,-0.5743123888969421,1
0.36886000633239746,0.10914461314678192,0.895094096660614,0.7958159446716309,-0.19331079721450806,0.019991593435406685,-0.5735051035881042,0.5729883909225464,-0.00836096704006195,0.019978148862719536,0,0.3625604212284088,0.1091499999165535,0.8977970480918884,0.7959117293357849,-0.1908288449048996,0.016554540023207664,-0.5743123888969421,1
0.36892861127853394,0.10914474725723267,0.8950642347335815,0.7958149909973145,-0.19333770871162415,0.02002882771193981,-0.5734960436820984,0.5729883909225464,-0.00836096704006195,0.019978148862719536,0,0.3625604212284088,0.1091499999165535,0.8977970480918884,0.7959117293357849,-0.1908288449048996,0.016554540023207664,-0.5743123888969421,1
0.3689894676208496,0.10914488881826401,0.8950377106666565,0.7958140969276428,-0.1933615803718567,0.020061763003468513,-0.5734882354736328,0.5729883909225464,-0.00836096704006195,0.019978148862719536,0,0.3625604212284088,0.1091499999165535,0.8977970480918884,0.7959117293357849,-0.1908288449048996,0.016554540023207664,-0.5743123888969421,1
0.3690434694290161,0.10914502292871475,0.8950141072273254,0.7958134412765503,-0.1933826208114624,0.020090937614440918,-0.5734809041023254,0.5729883909225464,-0.00836096704006195,0.019978148862719536,0,0.3625604212284088,0.1091499999165535,0.8977970480918884,0.7959117293357849,-0.1908288449048996,0.016554540023207664,-0.5743123888969421,1
0.3690912425518036,0.10914530605077744,0.8949931859970093,0.7958129048347473,-0.1934012621641159,0.02011662721633911,-0.5734745860099792,0.5729883909225464,-0.00836096704006195,0.019978148862719536,0,0.3625604212284088,0.1091499999165535,0.8977970480918884,0.7959117293357849,-0.1908288449048996,0.016554540023207664,-0.5743123888969421,1
0.3691335916519165,0.10914543271064758,0.8949745893478394,0.7958122491836548,-0.19341766834259033,0.02013932727277279,-0.5734689831733704,0.5729883909225464,-0.00836096704006195,0.019978148862719536,0,0.3625604212284088,0.1091499999165535,0.8977970480918884,0.7959117293357849,-0.1908288449048996,0.016554540023207664,-0.5743123888969421,1
0.369171142578125,0.10914570838212967,0.894957959651947,0.7958120107650757,-0.19343216717243195,0.020159302279353142,-0.5734638571739197,0.5729883909225464,-0.00836096704006195,0.019978148862719536,0,0.3625604212284088,0.1091499999165535,0.8977970480918884,0.7959117293357849,-0.1908288449048996,0.016554540023207664,-0.5743123888969421,1
0.36920416355133057,0.10914599150419235,0.8949434161186218,0.795811653137207,-0.19344498217105865,0.020176958292722702,-0.5734593868255615,0.5729883909225464,-0.00836096704006195,0.019978148862719536,0,0.3625604212284088,0.1091499999165535,0.8977970480918884,0.7959117293357849,-0.1908288449048996,0.016554540023207664,-0.5743123888969421,1
0.36923354864120483,0.1091461256146431,0.8949304223060608,0.7958112955093384,-0.1934562772512436,0.020192500203847885,-0.5734555721282959,0.5729883909225464,-0.00836096704006195,0.019978148862719536,0,0.36923354864120483,0.1091461256146431,0.8949304223060608,0.7958112955093384,-0.1934562772512436,0.020192500203847885,-0.5734555721282959,1
0.3694966435432434,0.10915748029947281,0.8948008418083191,0.7958157062530518,-0.1935444176197052,0.020310046151280403,-0.5734154582023621,0.5729883909225464,-0.00836096704006195,0.019978148862719536,0,0.3750525116920471,0.10838805884122849,0.8946225643157959,0.7942812442779541,-0.19693683087825775,0.025491248816251755,-0.5741804838180542,1
0.37028780579566956,0.10911436378955841,0.8946488499641418,0.7957051992416382,-0.19392739236354828,0.020884953439235687,-0.5734187960624695,0.5729883909225464,-0.00836096704006195,0.019978148862719536,0,0.380840003490448,0.107606902718544,0.8941989541053772,0.7927165627479553,-0.20041146874427795,0.030785176903009415,-0.5748806595802307,1
0.37159043550491333,0.10900373756885529,0.8944756388664246,0.7954583764076233,-0.1946231722831726,0.02193509414792061,-0.5734863877296448,0.5729883909225464,-0.00836096704006195,0.019978148862719536,0,0.3865945637226105,0.10680312663316727,0.893659770488739,0.7911175489425659,-0.20388011634349823,0.03607463091611862,-0.5755558609962463,1
0.373363196849823,0.10882730782032013,0.894274115562439,0.7950815558433533,-0.19560638070106506,0.02342146262526512,-0.573615550994873,0.5729883909225464,-0.00836096704006195,0.019978148862719536,0,0.3923145830631256,0.1059766337275505,0.8930054903030396,0.7894841432571411,-0.2073427140712738,0.041359029710292816,-0.576205849647522,1
0.3755621612071991,0.10858918726444244,0.8940377235412598,0.7945842742919922,-0.1968500167131424,0.025303689762949944,-0.5737991333007812,0.5729883909225464,-0.00836096704006195,0.019978148862719536,0,0.39799878001213074,0.10512781143188477,0.892236053943634,0.7878165245056152,-0.2107991874217987,0.04663875699043274,-0.5768305659294128,1
0.3781440556049347,0.10829347372055054,0.8937601447105408,0.7939753532409668,-0.19832852482795715,0.027542926371097565,-0.5740297436714172,0.5729883909225464,-0.00836096704006195,0.019978148862719536,0,0.4036445617675781,0.10425703227519989,0.8913524150848389,0.7861151695251465,-0.2142494022846222,0.05191255360841751,-0.5774297118186951,1
0.38106733560562134,0.10794387012720108,0.8934351205825806,0.7932628989219666,-0.20001767575740814,0.03010314516723156,-0.574300229549408,0.5729883909225464,-0.00836096704006195,0.019978148862719536,0,0.40925076603889465,0.1033642441034317,0.8903550505638123,0.7843799591064453,-0.217693030834198,0.057181037962436676,-0.5780035257339478,1
0.3842933475971222,0.10754330456256866,0.8930566310882568,0.7924533486366272,-0.2018951028585434,0.03295084461569786,-0.574604332447052,0.5729883909225464,-0.00836096704006195,0.019978148862719536,0,0.414815753698349,0.10244999825954437,0.889244019985199,0.7826113700866699,-0.22113025188446045,0.06244361400604248,-0.5785512924194336,1
0.3877871036529541,0.10709472745656967,0.8926189541816711,0.7915531992912292,-0.2039409726858139,0.03605608269572258,-0.5749360918998718,0.5729883909225464,-0.00836096704006195,0.019978148862719536,0,0.4203379452228546,0.10151425749063492,0.8880199193954468,0.7808093428611755,-0.2245606929063797,0.06770036369562149,-0.5790732502937317,1
0.39151644706726074,0.10660062730312347,0.8921160101890564,0.7905678153038025,-0.2061372846364975,0.039392076432704926,-0.5752895474433899,0.5729883909225464,-0.00836096704006195,0.019978148862719536,0,0.42581549286842346,0.10055748373270035,0.8866835236549377,0.778974175453186,-0.22798439860343933,0.0729508325457573,-0.5795692801475525,1
0.39545148611068726,0.10606296360492706,0.8915426135063171,0.7895020842552185,-0.20846690237522125,0.04293360933661461,-0.575660228729248,0.5729883909225464,-0.00836096704006195,0.019978148862719536,0,0.43124672770500183,0.09958009421825409,0.8852351903915405,0.7771061062812805,-0.23140116035938263,0.07819445431232452,-0.580038845539093,1
0.3995662331581116,0.10548388957977295,0.8908935189247131,0.7883601188659668,-0.2109154462814331,0.04665878042578697,-0.5760433077812195,0.5729883909225464,-0.00836096704006195,0.019978148862719536,0,0.4366301894187927,0.09858213365077972,0.8836755752563477,0.7752051949501038,-0.2348109930753708,0.0834316611289978,-0.5804822444915771,1
0.4038364589214325,0.1048649474978447,0.8901640772819519,0.7871457934379578,-0.2134697288274765,0.05054817721247673,-0.5764346122741699,0.5729883909225464,-0.00836096704006195,0.019978148862719536,0,0.4419645071029663,0.09756418317556381,0.8820051550865173,0.7732718586921692,-0.2382139414548874,0.08866187185049057,-0.5808990001678467,1
0.408240407705307,0.10420792549848557,0.8893499374389648,0.7858626842498779,-0.2161180078983307,0.05458343029022217,-0.5768305063247681,0.5729883909225464,-0.00836096704006195,0.019978148862719536,0,0.44724780321121216,0.09652627259492874,0.8802245855331421,0.7713060975074768,-0.24160940945148468,0.09388495981693268,-0.5812892913818359,1
0.4127581715583801,0.10351403057575226,0.8884475231170654,0.7845137715339661,-0.21884901821613312,0.058748845010995865,-0.5772276520729065,0.5729883909225464,-0.00836096704006195,0.019978148862719536,0,0.4524783492088318,0.09546910226345062,0.8783344626426697,0.7693085074424744,-0.24499765038490295,0.09910043329000473,-0.5816525816917419,1
0.41737231612205505,0.10278479754924774,0.8874531984329224,0.7831020355224609,-0.22165369987487793,0.06302983313798904,-0.5776227116584778,0.5729883909225464,-0.00836096704006195,0.019978148862719536,0,0.4576548933982849,0.09439267218112946,0.876335620880127,0.7672787308692932,-0.24837830662727356,0.10430841147899628,-0.5819891095161438,1
0.4220663011074066,0.10202138870954514,0.8863641023635864,0.7816299200057983,-0.22452330589294434,0.0674138143658638,-0.5780131220817566,0.5729883909225464,-0.00836096704006195,0.019978148862719536,0,0.46277540922164917,0.09329754114151001,0.8742287755012512,0.7652172446250916,-0.2517513632774353,0.10950817167758942,-0.5822986960411072,1
0.42682552337646484,0.10122504085302353,0.885177493095398,0.7801001071929932,-0.22745001316070557,0.07188861072063446,-0.5783963203430176,0.5729883909225464,-0.00836096704006195,0.019978148862719536,0,0.46783873438835144,0.09218424558639526,0.8720144629478455,0.7631244659423828,-0.25511664152145386,0.11469994485378265,-0.5825809240341187,1
0.43163761496543884,0.10039688646793365,0.8838909864425659,0.7785146832466125,-0.23042728006839752,0.07644501328468323,-0.5787696838378906,0.5729883909225464,-0.00836096704006195,0.019978148862719536,0,0.4728430509567261,0.09105284512042999,0.8696935772895813,0.7610001564025879,-0.25847405195236206,0.11988335102796555,-0.5828360915184021,1
0.4364895820617676,0.0995379164814949,0.8825029134750366,0.776875376701355,-0.2334485799074173,0.08107241988182068,-0.5791317224502563,0.5729883909225464,-0.00836096704006195,0.019978148862719536,0,0.4777873158454895,0.0899040699005127,0.8672667145729065,0.7588449120521545,-0.2618238031864166,0.125058114528656,-0.583063542842865,1
0.44137072563171387,0.09864920377731323,0.8810116052627563,0.7751843929290771,-0.23650866746902466,0.08576308190822601,-0.5794802308082581,0.5729883909225464,-0.00836096704006195,0.019978148862719536,0,0.4826689660549164,0.08873803168535233,0.8647351264953613,0.7566587924957275,-0.2651650309562683,0.13022378087043762,-0.5832637548446655,1
0.4462713599205017,0.09773176908493042,0.87941575050354,0.7734434008598328,-0.23960277438163757,0.09050945937633514,-0.5798136591911316,0.5729883909225464,-0.00836096704006195,0.019978148862719536,0,0.4874878525733948,0.08755528926849365,0.8620990514755249,0.7544419169425964,-0.2684984803199768,0.13538065552711487,-0.5834362506866455,1
0.451182097196579,0.09678637981414795,0.8777146935462952,0.7716538906097412,-0.24272577464580536,0.09530466794967651,-0.5801306366920471,0.5729883909225464,-0.00836096704006195,0.019978148862719536,0,0.4922422170639038,0.08635646104812622,0.8593593239784241,0.7521945834159851,-0.2718239724636078,0.14052864909172058,-0.5835807919502258,1
0.4560946524143219,0.09581410139799118,0.8759072422981262,0.7698174118995667,-0.2458740472793579,0.10014235973358154,-0.5804296731948853,0.5729883909225464,-0.00836096704006195,0.019978148862719536,0,0.4969300925731659,0.08514166623353958,0.8565170168876648,0.7499171495437622,-0.2751408517360687,0.14566677808761597,-0.583697497844696,1
0.46100133657455444,0.09481589496135712,0.8739933371543884,0.767935574054718,-0.24904382228851318,0.10501711815595627,-0.5807095170021057,0.5729883909225464,-0.00836096704006195,0.019978148862719536,0,0.5015499591827393,0.08391198515892029,0.853573203086853,0.7476100325584412,-0.2784492075443268,0.15079519152641296,-0.5837859511375427,1
0.4658953845500946,0.09379244595766068,0.871972382068634,0.7660091519355774,-0.2522319555282593,0.10992423444986343,-0.5809694528579712,0.5729883909225464,-0.00836096704006195,0.019978148862719536,0,0.5061007738113403,0.0826670378446579,0.8505285382270813,0.7452728152275085,-0.28174903988838196,0.15591351687908173,-0.5838465094566345,1
0.47077101469039917,0.09274464845657349,0.8698440194129944,0.764039933681488,-0.25543591380119324,0.1148594543337822,-0.5812079310417175,0.5729883909225464,-0.00836096704006195,0.019978148862719536,0,0.5105812549591064,0.08140770345926285,0.8473839163780212,0.7429060339927673,-0.2850402593612671,0.16102218627929688,-0.583878755569458,1
0.47562137246131897,0.09167318046092987,0.867608904838562,0.7620288729667664,-0.2586524188518524,0.11981794983148575,-0.5814246535301208,0.5729883909225464,-0.00836096704006195,0.019978148862719536,0,0.5149893760681152,0.08013474196195602,0.8441404104232788,0.7405101656913757,-0.2883225083351135,0.16612014174461365,-0.5838825106620789,1
0.48044151067733765,0.09057925641536713,0.8652669191360474,0.7599768042564392,-0.2618795335292816,0.12479652464389801,-0.5816184878349304,0.5729883909225464,-0.00836096704006195,0.019978148862719536,0,0.5193241238594055,0.0788482204079628,0.84079909324646,0.7380852103233337,-0.29159584641456604,0.1712072789669037,-0.5838577747344971,1
0.485226571559906,0.08946322649717331,0.8628183007240295,0.7578849196434021,-0.2651152014732361,0.1297921985387802,-0.5817888975143433,0.5729883909225464,-0.00836096704006195,0.019978148862719536,0,0.5235840678215027,0.077549047768116,0.8373609781265259,0.73563152551651,-0.2948601543903351,0.17628362774848938,-0.5838044881820679,1
0.4899715483188629,0.08832593262195587,0.8602638244628906,0.7557542324066162,-0.2683570683002472,0.13480116426944733,-0.5819352269172668,0.5729883909225464,-0.00836096704006195,0.019978148862719536,0,0.527768075466156,0.07623737305402756,0.8338266015052795,0.7331491708755493,-0.29811543226242065,0.18134889006614685,-0.5837225317955017,1
0.4946730136871338,0.08716831356287003,0.8576033115386963,0.7535853981971741,-0.27160409092903137,0.1398220658302307,-0.5820566415786743,0.5729883909225464,-0.00836096704006195,0.019978148862719536,0,0.5318747758865356,0.07491409778594971,0.8301973938941956,0.7306384444236755,-0.301361620426178,0.18640325963497162,-0.5836114883422852,1
0.4993264675140381,0.08599110692739487,0.8548380136489868,0.7513794898986816,-0.2748541831970215,0.14485135674476624,-0.5821530222892761,0.5729883909225464,-0.00836096704006195,0.019978148862719536,0,0.5359025001525879,0.07357939332723618,0.8264744281768799,0.7280997037887573,-0.3045980930328369,0.19144541025161743,-0.5834717750549316,1
0.5039284229278564,0.0847947970032692,0.85196852684021,0.7491370439529419,-0.27810630202293396,0.14988727867603302,-0.5822235941886902,0.5729883909225464,-0.00836096704006195,0.019978148862719536,0,0.539850652217865,0.07223398983478546,0.8226584792137146,0.7255328893661499,-0.3078254163265228,0.19647648930549622,-0.583302915096283,1
0.5084753632545471,0.08358065038919449,0.8489956259727478,0.7468591332435608,-0.28135889768600464,0.15492768585681915,-0.5822679400444031,0.5729883909225464,-0.00836096704006195,0.019978148862719536,0,0.5437174439430237,0.07087863981723785,0.8187507390975952,0.7229385375976562,-0.31104350090026855,0.20149554312229156,-0.5831048488616943,1
0.5129641890525818,0.08234870433807373,0.8459200859069824,0.7445462346076965,-0.2846108078956604,0.15997086465358734,-0.5822858214378357,0.5729883909225464,-0.00836096704006195,0.019978148862719536,0,0.5475017428398132,0.06951355189085007,0.8147526383399963,0.7203169465065002,-0.3142514228820801,0.20650233328342438,-0.5828775763511658,1
0.5173920392990112,0.08110002428293228,0.8427428603172302,0.7421988248825073,-0.28786158561706543,0.1650153547525406,-0.5822769999504089,0.5729883909225464,-0.00836096704006195,0.019978148862719536,0,0.5512022972106934,0.06813967227935791,0.8106648921966553,0.7176679372787476,-0.3174498975276947,0.2114967554807663,-0.5826209783554077,1
0.5217560529708862,0.07983526587486267,0.8394648432731628,0.73981773853302,-0.29110968112945557,0.17005914449691772,-0.5822409987449646,0.5729883909225464,-0.00836096704006195,0.019978148862719536,0,0.5548178553581238,0.0667571872472763,0.8064890503883362,0.7149922251701355,-0.3206384778022766,0.216478630900383,-0.5823349952697754,1
0.5260534286499023,0.07855507731437683,0.8360873460769653,0.7374038100242615,-0.29435423016548157,0.1751013994216919,-0.5821774005889893,0.5729883909225464,-0.00836096704006195,0.019978148862719536,0,0.5583469271659851,0.0653669461607933,0.8022263050079346,0.7122898101806641,-0.3238168954849243,0.22144757211208344,-0.5820194482803345,1
0.5302820205688477,0.07726031541824341,0.832611083984375,0.7349573969841003,-0.2975947856903076,0.180140420794487,-0.5820862054824829,0.5729883909225464,-0.00836096704006195,0.019978148862719536,0,0.5617888569831848,0.0639697015285492,0.7978774905204773,0.7095611095428467,-0.32698550820350647,0.22640348970890045,-0.5816740989685059,1
0.5344391465187073,0.07595153898000717,0.8290374875068665,0.7324789762496948,-0.30083030462265015,0.18517529964447021,-0.5819669961929321,0.5729883909225464,-0.00836096704006195,0.019978148862719536,0,0.5651427507400513,0.0625656470656395,0.7934438586235046,0.7068060636520386,-0.33014389872550964,0.23134633898735046,-0.581299364566803,1
0.5385228991508484,0.07462960481643677,0.8253673315048218,0.7299692630767822,-0.30406054854393005,0.19020499289035797,-0.5818195939064026,0.5729883909225464,-0.00836096704006195,0.019978148862719536,0,0.5684067010879517,0.06115584447979927,0.788926899433136,0.7040253281593323,-0.3332921266555786,0.23627561330795288,-0.5808945894241333,1
0.5425312519073486,0.07329486310482025,0.821601927280426,0.7274284362792969,-0.3072849214076996,0.19522882997989655,-0.58164381980896,0.5729883909225464,-0.00836096704006195,0.019978148862719536,0,0.5715800523757935,0.05974050611257553,0.7843276262283325,0.7012186646461487,-0.3364298343658447,0.24119125306606293,-0.5804601907730103,1
0.5464619994163513,0.07194825261831284,0.8177425265312195,0.7248573303222656,-0.31050246953964233,0.20024526119232178,-0.5814393758773804,0.5729883909225464,-0.00836096704006195,0.019978148862719536,0,0.574661910533905,0.05832063406705856,0.7796472907066345,0.6983868479728699,-0.3395572304725647,0.24609288573265076,-0.5799956321716309,1
0.5503132939338684,0.07059057056903839,0.8137904405593872,0.7222564816474915,-0.3137128949165344,0.20525377988815308,-0.5812061429023743,0.5729883909225464,-0.00836096704006195,0.019978148862719536,0,0.5776511430740356,0.056896474212408066,0.7748870849609375,0.6955296397209167,-0.3426741361618042,0.25098100304603577,-0.5795010328292847,1
0.5540835857391357,0.06922231614589691,0.8097465634346008,0.7196260094642639,-0.31691592931747437,0.21025395393371582,-0.5809439420700073,0.5729883909225464,-0.00836096704006195,0.019978148862719536,0,0.5805463194847107,0.05546890199184418,0.7700487971305847,0.692647397518158,-0.34578031301498413,0.25585442781448364,-0.5789766907691956,1
0.5577709674835205,0.06784414499998093,0.8056125640869141,0.7169663310050964,-0.32011115550994873,0.21524474024772644,-0.5806528329849243,0.5729883909225464,-0.00836096704006195,0.019978148862719536,0,0.5833467841148376,0.05403875932097435,0.7651333212852478,0.6897410154342651,-0.3488757312297821,0.26071324944496155,-0.5784215927124023,1
0.561373770236969,0.06645680963993073,0.8013893961906433,0.7142781615257263,-0.3232979476451874,0.22022539377212524,-0.5803325772285461,0.5729883909225464,-0.00836096704006195,0.019978148862719536,0,0.5860509872436523,0.05260634422302246,0.7601426243782043,0.6868100166320801,-0.35196009278297424,0.26555731892585754,-0.5778366923332214,1
0.5648906826972961,0.06506092846393585,0.7970784306526184,0.7115616798400879,-0.326476126909256,0.22519566118717194,-0.5799828767776489,0.5729883909225464,-0.00836096704006195,0.019978148862719536,0,0.5886591076850891,0.05117272958159447,0.7550766468048096,0.6838549971580505,-0.3550340235233307,0.27038678526878357,-0.5772209167480469,1
0.5683199167251587,0.06365735083818436,0.7926812767982483,0.7088173627853394,-0.3296453058719635,0.2301548272371292,-0.5796037316322327,0.5729883909225464,-0.00836096704006195,0.019978148862719536,0,0.5911692380905151,0.049738090485334396,0.7499383091926575,0.6808760762214661,-0.3580964505672455,0.2752009928226471,-0.5765752196311951,1
0.5716602206230164,0.062246620655059814,0.7881989479064941,0.7060455679893494,-0.3328052759170532,0.23510248959064484,-0.5791950821876526,0.5729883909225464,-0.00836096704006195,0.019978148862719536,0,0.5935807228088379,0.04830333590507507,0.7447280287742615,0.6778735518455505,-0.3611481189727783,0.28000006079673767,-0.5758987665176392,1
0.5749099254608154,0.060829680413007736,0.783633291721344,0.7032470107078552,-0.33595550060272217,0.24003742635250092,-0.5787567496299744,0.5729883909225464,-0.00836096704006195,0.019978148862719536,0,0.5960338115692139,0.046779733151197433,0.7391155958175659,0.674657940864563,-0.3643779158592224,0.2850817143917084,-0.5751467347145081,1
0.5780758261680603,0.059401046484708786,0.7789673805236816,0.7004091739654541,-0.3391077518463135,0.24497932195663452,-0.5782887935638428,0.5729883909225464,-0.00836096704006195,0.019978148862719536,0,0.5983738899230957,0.045257557183504105,0.7334250211715698,0.671416163444519,-0.3675951659679413,0.29014602303504944,-0.5743598341941833,1
0.5811602473258972,0.05796033516526222,0.7741971611976624,0.6975298523902893,-0.3422655463218689,0.24993214011192322,-0.5777891278266907,0.5729883909225464,-0.00836096704006195,0.019978148862719536,0,0.6005998253822327,0.04373772442340851,0.7276585102081299,0.6681488752365112,-0.3707994818687439,0.29519227147102356,-0.5735384225845337,1
0.5841626524925232,0.05650812014937401,0.7693222165107727,0.6946097016334534,-0.34542831778526306,0.25489550828933716,-0.5772562026977539,0.5729883909225464,-0.00836096704006195,0.019978148862719536,0,0.6027102470397949,0.042221080511808395,0.7218180298805237,0.6648561358451843,-0.3739908039569855,0.30022022128105164,-0.57268226146698,1
0.5870808959007263,0.05504525080323219,0.7643435001373291,0.6916491985321045,-0.3485950529575348,0.2598678469657898,-0.5766900181770325,0.5729883909225464,-0.00836096704006195,0.019978148862719536,0,0.6047044396400452,0.040708430111408234,0.7159050703048706,0.6615384817123413,-0.3771689832210541,0.3052297532558441,-0.5717911720275879,1
0.5899123549461365,0.05357303097844124,0.7592623829841614,0.6886498928070068,-0.3517646789550781,0.26484715938568115,-0.5760892033576965,0.5729883909225464,-0.00836096704006195,0.019978148862719536,0,0.6065813899040222,0.03920065239071846,0.7099217176437378,0.6581961512565613,-0.380333811044693,0.31022024154663086,-0.5708654522895813,1
0.5926530361175537,0.05209295451641083,0.7540819048881531,0.6856128573417664,-0.35493525862693787,0.26983046531677246,-0.57545405626297,0.5729883909225464,-0.00836096704006195,0.019978148862719536,0,0.6083405613899231,0.037698786705732346,0.7038691639900208,0.6548293232917786,-0.3834856152534485,0.3151921033859253,-0.5699044466018677,1
0.5953006148338318,0.05060582980513573,0.7488040924072266,0.6825390458106995,-0.35810574889183044,0.2748163640499115,-0.5747840404510498,0.5729883909225464,-0.00836096704006195,0.019978148862719536,0,0.6099807024002075,0.03620322048664093,0.697749674320221,0.6514387130737305,-0.3866237699985504,0.3201444447040558,-0.5689086318016052,1
0.5978511571884155,0.04911327734589577,0.7434319257736206,0.6794297695159912,-0.3612744212150574,0.2798019051551819,-0.5740790367126465,0.5729883909225464,-0.00836096704006195,0.019978148862719536,0,0.6115012168884277,0.034715086221694946,0.6915649771690369,0.6480242013931274,-0.38974839448928833,0.325077623128891,-0.5678778886795044,1
0.6003020405769348,0.04761622101068497,0.7379681468009949,0.6762858033180237,-0.3644404411315918,0.28478530049324036,-0.5733392238616943,0.5729883909225464,-0.00836096704006195,0.019978148862719536,0,0.6129016876220703,0.03323518857359886,0.6853165626525879,0.6445863246917725,-0.39285939931869507,0.3299911320209503,-0.5668119192123413,1
0.6026502847671509,0.046116434037685394,0.7324156761169434,0.6731089949607849,-0.3676016628742218,0.2897644340991974,-0.5725641846656799,0.5729883909225464,-0.00836096704006195,0.019978148862719536,0,0.6141808032989502,0.0317644327878952,0.6790069341659546,0.6411252617835999,-0.3959566354751587,0.3348846733570099,-0.5657109022140503,1
0.6048935651779175,0.044614989310503006,0.7267769575119019,0.6698997020721436,-0.3707578480243683,0.294737309217453,-0.5717540979385376,0.5729883909225464,-0.00836096704006195,0.019978148862719536,0,0.6153382658958435,0.03030364029109478,0.6726373434066772,0.6376416683197021,-0.39903995394706726,0.3397582173347473,-0.5645745992660522,1
0.6070294976234436,0.04311276227235794,0.7210544943809509,0.6666589379310608,-0.3739076256752014,0.29970303177833557,-0.570908784866333,0.5729883909225464,-0.00836096704006195,0.019978148862719536,0,0.6163733005523682,0.02885369583964348,0.6662098169326782,0.6341355443000793,-0.4021095037460327,0.3446114957332611,-0.5634030103683472,1
0.609055757522583,0.04161107912659645,0.7152513265609741,0.6633877754211426,-0.37705016136169434,0.30465930700302124,-0.5700284838676453,0.5729883909225464,-0.00836096704006195,0.019978148862719536,0,0.6172852516174316,0.02741548791527748,0.6597260236740112,0.6306073069572449,-0.40516501665115356,0.34944432973861694,-0.5621960759162903,1
0.6109704375267029,0.04011132940649986,0.7093697190284729,0.6600871682167053,-0.3801845610141754,0.3096052408218384,-0.5691125988960266,0.5729883909225464,-0.00836096704006195,0.019978148862719536,0,0.6180737018585205,0.025989849120378494,0.653188169002533,0.6270574331283569,-0.4082062244415283,0.35425615310668945,-0.5609537363052368,1
0.6127715706825256,0.03861435130238533,0.7034124732017517,0.6567577123641968,-0.38330987095832825,0.3145393431186676,-0.5681617259979248,0.5729883909225464,-0.00836096704006195,0.019978148862719536,0,0.6187378168106079,0.02457767352461815,0.6465981006622314,0.6234860420227051,-0.4112333357334137,0.3590472638607025,-0.5596759915351868,1
0.6144580841064453,0.037121258676052094,0.6973814964294434,0.6533999443054199,-0.38642606139183044,0.31946080923080444,-0.567175567150116,0.5729883909225464,-0.00836096704006195,0.019978148862719536,0,0.619248628616333,0.023261606693267822,0.6403501629829407,0.6201058030128479,-0.4140689969062805,0.3635365664958954,-0.5584414005279541,1
0.6160274147987366,0.03563903644680977,0.691303551197052,0.6500290632247925,-0.3895208239555359,0.324349969625473,-0.5661560893058777,0.5729883909225464,-0.00836096704006195,0.019978148862719536,0,0.619648814201355,0.02195894345641136,0.6340591311454773,0.6167070865631104,-0.4168916940689087,0.36800724267959595,-0.5571751594543457,1
0.6174758076667786,0.03416997566819191,0.6851860284805298,0.6466487646102905,-0.39259058237075806,0.3292016386985779,-0.5651055574417114,0.5729883909225464,-0.00836096704006195,0.019978148862719536,0,0.6199377775192261,0.020670616999268532,0.6277264952659607,0.6132903695106506,-0.41970187425613403,0.3724586069583893,-0.5558773875236511,1
0.6188012361526489,0.03271472454071045,0.6790333986282349,0.6432594060897827,-0.39563414454460144,0.3340146541595459,-0.5640258193016052,0.5729883909225464,-0.00836096704006195,0.019978148862719536,0,0.6201148629188538,0.019396984949707985,0.6213544011116028,0.6098557710647583,-0.422498881816864,0.3768908977508545,-0.5545482635498047,1
0.6200035214424133,0.03127409517765045,0.6728472113609314,0.6398606896400452,-0.3986525237560272,0.33878979086875916,-0.5629172921180725,0.5729883909225464,-0.00836096704006195,0.019978148862719536,0,0.6201801896095276,0.018139375373721123,0.6149439215660095,0.6064038872718811,-0.4252830147743225,0.3813035786151886,-0.553187370300293,1
0.6210829019546509,0.02984844706952572,0.6666290163993835,0.636452853679657,-0.4016461670398712,0.34352755546569824,-0.5617800354957581,0.5729883909225464,-0.00836096704006195,0.019978148862719536,0,0.6201335191726685,0.01689765974879265,0.6084972620010376,0.6029346585273743,-0.4280538558959961,0.3856963813304901,-0.551795244216919,1
0.622040331363678,0.028438126668334007,0.6603784561157227,0.6330348253250122,-0.4046163856983185,0.34823018312454224,-0.5606141090393066,0.5729883909225464,-0.00836096704006195,0.019978148862719536,0,0.6199741959571838,0.015673067420721054,0.602015495300293,0.5994483828544617,-0.43081149458885193,0.3900696337223053,-0.5503713488578796,1
0.6228765845298767,0.027043193578720093,0.6540969610214233,0.6296065449714661,-0.40756362676620483,0.3528980612754822,-0.5594196319580078,0.5729883909225464,-0.00836096704006195,0.019978148862719536,0,0.619702160358429,0.01446651853621006,0.595500648021698,0.5959457755088806,-0.4335560202598572,0.39442262053489685,-0.5489158034324646,1
0.6235921382904053,0.025664061307907104,0.6477842926979065,0.6261672377586365,-0.4104888439178467,0.3575330376625061,-0.5581966638565063,0.5729883909225464,-0.00836096704006195,0.019978148862719536,0,0.6193172931671143,0.013278226368129253,0.5889543294906616,0.5924266576766968,-0.43628689646720886,0.39875543117523193,-0.5474289059638977,1
0.6241887807846069,0.024301035329699516,0.6414403915405273,0.6227166652679443,-0.4133933484554291,0.36213648319244385,-0.5569442510604858,0.5729883909225464,-0.00836096704006195,0.019978148862719536,0,0.6188191175460815,0.012109477072954178,0.5823783278465271,0.5888916254043579,-0.4390045404434204,0.4030676484107971,-0.5459102988243103,1
0.6246662139892578,0.022954698652029037,0.635066568851471,0.6192545890808105,-0.41627728939056396,0.3667088747024536,-0.5556631684303284,0.5729883909225464,-0.00836096704006195,0.019978148862719536,0,0.6182078719139099,0.010960430838167667,0.575774073600769,0.5853407382965088,-0.44170841574668884,0.40735945105552673,-0.5443601608276367,1
0.6250255703926086,0.021625136956572533,0.6286627054214478,0.6157803535461426,-0.4191415309906006,0.37125182151794434,-0.5543526411056519,0.5729883909225464,-0.00836096704006195,0.019978148862719536,0,0.6174830794334412,0.009832307696342468,0.569143533706665,0.5817745327949524,-0.44439896941185,0.4116302728652954,-0.542778491973877,1
0.6252669095993042,0.0203128419816494,0.6222299337387085,0.6122940182685852,-0.42198657989501953,0.37576571106910706,-0.5530129671096802,0.5729883909225464,-0.00836096704006195,0.019978148862719536,0,0.6166447997093201,0.008725376799702644,0.5624881386756897,0.5781931281089783,-0.4470754563808441,0.4158800542354584,-0.5411653518676758,1
0.6253910064697266,0.019018447026610374,0.6157687902450562,0.6087952852249146,-0.42481306195259094,0.38025155663490295,-0.5516438484191895,0.5729883909225464,-0.00836096704006195,0.019978148862719536,0,0.6156930327415466,0.007640548050403595,0.555809497833252,0.5745969414710999,-0.4497382938861847,0.4201088547706604,-0.5395203828811646,1
0.6253982782363892,0.017741918563842773,0.6092795133590698,0.6052836775779724,-0.4276215732097626,0.3847101628780365,-0.5502449870109558,0.5729883909225464,-0.00836096704006195,0.019978148862719536,0,0.6146281361579895,0.006578703410923481,0.5491092205047607,0.5709859728813171,-0.45238742232322693,0.42431631684303284,-0.5378439426422119,1
0.6252888441085815,0.01648462936282158,0.6027640700340271,0.6017596125602722,-0.4304121434688568,0.38914138078689575,-0.5488165020942688,0.5729883909225464,-0.00836096704006195,0.019978148862719536,0,0.613449215888977,0.00554017536342144,0.5423892736434937,0.5673608779907227,-0.45502257347106934,0.42850276827812195,-0.5361356735229492,1
0.6250632405281067,0.015246138907968998,0.5962222814559937,0.598222553730011,-0.4331854581832886,0.3935467302799225,-0.5473581552505493,0.5729883909225464,-0.00836096704006195,0.019978148862719536,0,0.6121571063995361,0.004526052623987198,0.5356513261795044,0.5637219548225403,-0.4576435983181,0.43266698718070984,-0.5343958735466003,1
0.6247215270996094,0.01402759924530983,0.5896559357643127,0.5946727395057678,-0.4359419345855713,0.3979261815547943,-0.5458695888519287,0.5729883909225464,-0.00836096704006195,0.019978148862719536,0,0.6105553507804871,0.003406612202525139,0.5279950499534607,0.5595810413360596,-0.46059733629226685,0.43736064434051514,-0.5323859453201294,1
0.6242467761039734,0.012818646617233753,0.583008348941803,0.591077446937561,-0.43870216608047485,0.402314692735672,-0.5443441867828369,0.5729883909225464,-0.00836096704006195,0.019978148862719536,0,0.6088081002235413,0.002320345491170883,0.5203201174736023,0.5554230213165283,-0.46353283524513245,0.4420260190963745,-0.5303351879119873,1
0.6236423254013062,0.011618371121585369,0.5762667655944824,0.5874289870262146,-0.4414752125740051,0.40672415494918823,-0.5427727103233337,0.5729883909225464,-0.00836096704006195,0.019978148862719536,0,0.6069155335426331,0.0012678150087594986,0.5126290321350098,0.5512483716011047,-0.46644991636276245,0.4466629922389984,-0.5282440781593323,1
0.6229098439216614,0.01042836345732212,0.5694311261177063,0.5837282538414001,-0.44426092505455017,0.41115397214889526,-0.5411524176597595,0.5729883909225464,-0.00836096704006195,0.019978148862719536,0,0.6048774719238281,0.0002505257725715637,0.5049243569374084,0.5470575094223022,-0.46934881806373596,0.4512711465358734,-0.5261121392250061,1
0.6220484375953674,0.009250031784176826,0.5625054240226746,0.5799771547317505,-0.44705721735954285,0.415601909160614,-0.5394823551177979,0.5729883909225464,-0.00836096704006195,0.019978148862719536,0,0.6026946306228638,-0.0007308293133974075,0.4972085952758789,0.5428507328033447,-0.47222915291786194,0.4558504521846771,-0.5239397883415222,1
0.6210561990737915,0.008085963316261768,0.5554960370063782,0.5761786103248596,-0.44986188411712646,0.4200637638568878,-0.5377627611160278,0.5729883909225464,-0.00836096704006195,0.019978148862719536,0,0.6003668904304504,-0.0016754865646362305,0.4894843101501465,0.5386285185813904,-0.4750906825065613,0.46040067076683044,-0.5217271447181702,1
0.619931161403656,0.0069380998611450195,0.5484088659286499,0.5723353028297424,-0.4526723027229309,0.424535870552063,-0.5359938144683838,0.5729883909225464,-0.00836096704006195,0.019978148862719536,0,0.5978952646255493,-0.002582133747637272,0.48175308108329773,0.534391462802887,-0.4779336750507355,0.46492162346839905,-0.5194737315177917,1
0.6186708211898804,0.005809156224131584,0.5412515997886658,0.5684503316879272,-0.4554857611656189,0.4290134608745575,-0.5341762900352478,0.5729883909225464,-0.00836096704006195,0.019978148862719536,0,0.595279335975647,-0.00345009658485651,0.4740188717842102,0.5301398634910583,-0.48075762391090393,0.4694127142429352,-0.5171803832054138,1
0.6172738671302795,0.0047007594257593155,0.5340297222137451,0.564525842666626,-0.45830023288726807,0.43349382281303406,-0.5323106050491333,0.5729883909225464,-0.00836096704006195,0.019978148862719536,0,0.5925201773643494,-0.004278112202882767,0.4662827253341675,0.5258740782737732,-0.4835628867149353,0.4738743007183075,-0.5148460865020752,1
0.615737795829773,0.0036152098327875137,0.5267508625984192,0.5605647563934326,-0.4611128866672516,0.4379724860191345,-0.5303980112075806,0.5729883909225464,-0.00836096704006195,0.019978148862719536,0,0.5896182656288147,-0.005065512843430042,0.45854783058166504,0.521594762802124,-0.4863492250442505,0.4783056676387787,-0.5124714970588684,1
0.6140618324279785,0.0025546271353960037,0.519420325756073,0.5565693378448486,-0.46392250061035156,0.4424465298652649,-0.5284386277198792,0.5729883909225464,-0.00836096704006195,0.019978148862719536,0,0.5865739583969116,-0.005811374634504318,0.45081621408462524,0.5173020362854004,-0.489116370677948,0.48270708322525024,-0.5100563168525696,1
0.6122444868087769,0.0015206336975097656,0.512044370174408,0.5525420308113098,-0.46672654151916504,0.4469129741191864,-0.526433527469635,0.5729883909225464,-0.00836096704006195,0.019978148862719536,0,0.5833877325057983,-0.006514592096209526,0.44309094548225403,0.5129966735839844,-0.49186429381370544,0.4870777428150177,-0.507601261138916,1
0.6102850437164307,0.0005151331424713135,0.5046280026435852,0.5484845042228699,-0.4695240259170532,0.4513689875602722,-0.5243832468986511,0.5729883909225464,-0.00836096704006195,0.019978148862719536,0,0.5800604224205017,-0.007174662314355373,0.4353739023208618,0.5086788535118103,-0.49459296464920044,0.49141809344291687,-0.5051057934761047,1
0.6081826090812683,-0.0004603341221809387,0.49717646837234497,0.5443986654281616,-0.47231325507164,0.45581290125846863,-0.5222879648208618,0.5729883909225464,-0.00836096704006195,0.019978148862719536,0,0.5765926837921143,-0.007790254428982735,0.42766815423965454,0.5043493509292603,-0.4973021149635315,0.4957270324230194,-0.5025704503059387,1
0.605937123298645,-0.0014039725065231323,0.4896952509880066,0.5402865409851074,-0.4750926196575165,0.4602418839931488,-0.5201488733291626,0.5729883909225464,-0.00836096704006195,0.019978148862719536,0,0.5729854106903076,-0.008360719308257103,0.41997504234313965,0.5000079870223999,-0.49999210238456726,0.500005304813385,-0.4999944269657135,1
0.6035477519035339,-0.002314401790499687,0.48218852281570435,0.5361495614051819,-0.4778611361980438,0.4646542966365814,-0.5179658532142639,0.5729883909225464,-0.00836096704006195,0.019978148862719536,0,0.6035477519035339,-0.002314401790499687,0.48218852281570435,0.5361495614051819,-0.4778611361980438,0.4646542966365814,-0.5179658532142639,1
0.6020554304122925,-0.002444944344460964,0.4746107757091522,0.5329661965370178,-0.4809825122356415,0.46955522894859314,-0.5139268040657043,0.5729883909225464,-0.00836096704006195,0.019978148862719536,0,0.6038538217544556,-0.0024974793195724487,0.4797041416168213,0.5357884764671326,-0.47809091210365295,0.4650213420391083,-0.5177980065345764,1
0.6016087532043457,-0.002300516702234745,0.4670565724372864,0.5301007628440857,-0.4841228127479553,0.4742785692214966,-0.5095860362052917,0.5729883909225464,-0.00836096704006195,0.019978148862719536,0,0.6041467785835266,-0.00267803855240345,0.4772203266620636,0.5354275107383728,-0.47832024097442627,0.46538832783699036,-0.517629861831665,1
0.6016288995742798,-0.00222788006067276,0.46014857292175293,0.5275742411613464,-0.4868580400943756,0.47839459776878357,-0.5057402849197388,0.5729883909225464,-0.00836096704006195,0.019978148862719536,0,0.6044266223907471,-0.0028562527149915695,0.47473713755607605,0.5350666046142578,-0.478549599647522,0.4657549262046814,-0.5174614191055298,1
0.6017956733703613,-0.002231554128229618,0.45424365997314453,0.5254616737365723,-0.4890735447406769,0.4817635118961334,-0.5025942325592041,0.5729883909225464,-0.00836096704006195,0.019978148862719536,0,0.604693591594696,-0.003032337874174118,0.47225433588027954,0.5347054600715637,-0.4787786900997162,0.46612146496772766,-0.5172927379608154,1
0.6020327210426331,-0.0022813770920038223,0.4494563043117523,0.5238115787506104,-0.4907534718513489,0.4843381643295288,-0.5001989006996155,0.5729883909225464,-0.00836096704006195,0.019978148862719536,0,0.6049472093582153,-0.0032058600336313248,0.46977248787879944,0.5343441963195801,-0.47900769114494324,0.4664877653121948,-0.517123818397522,1
0.602336585521698,-0.0023629488423466682,0.4458194673061371,0.5226455330848694,-0.4919048547744751,0.4861120581626892,-0.4985641539096832,0.5729883909225464,-0.00836096704006195,0.019978148862719536,0,0.6051880121231079,-0.0033772774040699005,0.467290997505188,0.5339828133583069,-0.47923657298088074,0.46685394644737244,-0.5169544816017151,1
0.6027225255966187,-0.002472029998898506,0.44333991408348083,0.5219713449478149,-0.4925375282764435,0.4870913326740265,-0.4976893663406372,0.5729883909225464,-0.00836096704006195,0.019978148862719536,0,0.6054156422615051,-0.00354607030749321,0.4648105502128601,0.5336213111877441,-0.4794656038284302,0.467219740152359,-0.5167849063873291,1
0.6032059788703918,-0.0026087500154972076,0.4420155882835388,0.5217896103858948,-0.4926597476005554,0.4872853457927704,-0.49756884574890137,0.5729883909225464,-0.00836096704006195,0.019978148862719536,0,0.6056302189826965,-0.0037125106900930405,0.46233069896698,0.5332597494125366,-0.4796944856643677,0.4675856828689575,-0.5166147947311401,1
0.6037977337837219,-0.0027734851464629173,0.441841721534729,0.522097110748291,-0.49227771162986755,0.48670268058776855,-0.4981943368911743,0.5729883909225464,-0.00836096704006195,0.019978148862719536,0,0.6058316826820374,-0.00387676153331995,0.4598524570465088,0.5328981280326843,-0.4799228608608246,0.4679511785507202,-0.5164448618888855,1
0.6043763160705566,-0.002956140786409378,0.442447692155838,0.5227423310279846,-0.49153199791908264,0.4855738878250122,-0.4993543326854706,0.5729883909225464,-0.00836096704006195,0.019978148862719536,0,0.6060201525688171,-0.00403840746730566,0.4573749601840973,0.5325364470481873,-0.4801514148712158,0.46831652522087097,-0.5162742137908936,1
0.6048164367675781,-0.0031278571113944054,0.44314339756965637,0.5234410166740417,-0.49071311950683594,0.48434171080589294,-0.5006228685379028,0.5729883909225464,-0.00836096704006195,0.019978148862719536,0,0.6061956882476807,-0.0041977036744356155,0.45489853620529175,0.5321747064590454,-0.4803798496723175,0.4686817228794098,-0.5161033868789673,1
0.6051730513572693,-0.003282543271780014,0.4436817765235901,0.5240930914878845,-0.4899364113807678,0.48316892981529236,-0.5018330216407776,0.5729883909225464,-0.00836096704006195,0.019978148862719536,0,0.6063580513000488,-0.004354809410870075,0.45242348313331604,0.5318127274513245,-0.4806078374385834,0.46904659271240234,-0.5159327387809753,1
0.6054849028587341,-0.0034272875636816025,0.4439818859100342,0.5246666669845581,-0.4892366826534271,0.4821089208126068,-0.5029346346855164,0.5729883909225464,-0.00836096704006195,0.019978148862719536,0,0.6065075397491455,-0.004509284161031246,0.44994980096817017,0.5314508676528931,-0.4808359146118164,0.46941113471984863,-0.5157614946365356,1
0.6057713031768799,-0.003567987121641636,0.4440247714519501,0.5251530408859253,-0.48862189054489136,0.48117759823799133,-0.5039157271385193,0.5729883909225464,-0.00836096704006195,0.019978148862719536,0,0.6066439747810364,-0.0046615563333034515,0.4474773406982422,0.5310888290405273,-0.4810639023780823,0.4697757363319397,-0.5155898332595825,1
0.6060408353805542,-0.0037078438326716423,0.4438180923461914,0.5255537033081055,-0.4880906045436859,0.4803733825683594,-0.5047793984413147,0.5729883909225464,-0.00836096704006195,0.019978148862719536,0,0.6067675352096558,-0.004811204969882965,0.44500628113746643,0.5307265520095825,-0.4812917709350586,0.47013992071151733,-0.5154181718826294,1
0.6062977910041809,-0.0038488227874040604,0.44337892532348633,0.5258741974830627,-0.48763686418533325,0.47968927025794983,-0.5055341124534607,0.5729883909225464,-0.00836096704006195,0.019978148862719536,0,0.6068781614303589,-0.004958443343639374,0.4425369203090668,0.5303645133972168,-0.48151952028274536,0.4705039858818054,-0.5152460336685181,1
0.6065434217453003,-0.0039906930178403854,0.44272756576538086,0.5261219143867493,-0.48725444078445435,0.47911491990089417,-0.5061894059181213,0.5729883909225464,-0.00836096704006195,0.019978148862719536,0,0.6069756150245667,-0.005103482864797115,0.4400692582130432,0.5300021767616272,-0.4817469120025635,0.4708678126335144,-0.5150737762451172,1
0.6067785620689392,-0.004134046845138073,0.44188448786735535,0.5263035297393799,-0.4869363605976105,0.4786406457424164,-0.5067551136016846,0.5729883909225464,-0.00836096704006195,0.019978148862719536,0,0.6070602536201477,-0.0052458662539720535,0.4376027584075928,0.529639720916748,-0.4819744825363159,0.471231609582901,-0.5149010419845581,1
0.607002854347229,-0.004278155043721199,0.44086939096450806,0.5264261960983276,-0.48667627573013306,0.4782556891441345,-0.5072404742240906,0.5729883909225464,-0.00836096704006195,0.019978148862719536,0,0.6071320176124573,-0.005385789088904858,0.43513840436935425,0.5292773246765137,-0.48220181465148926,0.47159498929977417,-0.5147281289100647,1
0.6072158813476562,-0.004422958940267563,0.4397001266479492,0.526496171951294,-0.48646828532218933,0.4779510498046875,-0.5076544284820557,0.5729883909225464,-0.00836096704006195,0.019978148862719536,0,0.607190728187561,-0.0055234720930457115,0.4326757788658142,0.528914749622345,-0.4824290871620178,0.47195833921432495,-0.5145547986030579,1
0.6074173450469971,-0.004568133503198624,0.43839308619499207,0.5265191197395325,-0.4863067865371704,0.477718323469162,-0.5080042481422424,0.5729883909225464,-0.00836096704006195,0.019978148862719536,0,0.6072366833686829,-0.0056585101410746574,0.4302147626876831,0.5285519957542419,-0.48265621066093445,0.4723215699195862,-0.5143812298774719,1
0.6076065301895142,-0.004712867550551891,0.436962753534317,0.5265002250671387,-0.4861869812011719,0.4775497317314148,-0.5082970857620239,0.5729883909225464,-0.00836096704006195,0.019978148862719536,0,0.607269823551178,-0.005791326053440571,0.42775586247444153,0.5281891226768494,-0.4828833043575287,0.4726845324039459,-0.5142074227333069,1
0.6077831387519836,-0.004857339896261692,0.4354225993156433,0.5264439582824707,-0.48610424995422363,0.4774385094642639,-0.5085389614105225,0.5729883909225464,-0.00836096704006195,0.019978148862719536,0,0.6072899103164673,-0.0059214429929852486,0.42529916763305664,0.5278263688087463,-0.48311007022857666,0.4730469882488251,-0.5140334367752075,1
0.6079466342926025,-0.0050011612474918365,0.4337843358516693,0.5263540148735046,-0.486054927110672,0.4773785471916199,-0.5087355375289917,0.5729883909225464,-0.00836096704006195,0.019978148862719536,0,0.607297420501709,-0.006049109622836113,0.42284443974494934,0.5274636149406433,-0.4833369553089142,0.4734094440937042,-0.51385897397995,1
0.6080965995788574,-0.005143891088664532,0.4320589005947113,0.5262346267700195,-0.4860351085662842,0.4773639738559723,-0.5088914632797241,0.5729883909225464,-0.00836096704006195,0.019978148862719536,0,0.6072917580604553,-0.006174519658088684,0.42039209604263306,0.5271003842353821,-0.4835634231567383,0.4737718403339386,-0.5136844515800476,1
0.608232855796814,-0.005285363644361496,0.430255651473999,0.5260889530181885,-0.48604169487953186,0.47739002108573914,-0.509011447429657,0.5729883909225464,-0.00836096704006195,0.019978148862719536,0,0.6072735786437988,-0.006297219544649124,0.4179418087005615,0.5267375111579895,-0.48378992080688477,0.4741337299346924,-0.5135095715522766,1
0.6083550453186035,-0.005425366573035717,0.42838287353515625,0.5259193778038025,-0.4860720634460449,0.4774526357650757,-0.5090988278388977,0.5729883909225464,-0.00836096704006195,0.019978148862719536,0,0.6072423458099365,-0.006417469121515751,0.4154938757419586,0.5263744592666626,-0.4840162694454193,0.474495530128479,-0.513334333896637,1
0.6084626913070679,-0.005563790909945965,0.42644867300987244,0.5257288217544556,-0.4861234426498413,0.4775473475456238,-0.5091577768325806,0.5729883909225464,-0.00836096704006195,0.019978148862719536,0,0.6071984767913818,-0.006535421125590801,0.41304826736450195,0.5260108709335327,-0.4842425286769867,0.4748573303222656,-0.513158917427063,1
0.6085559725761414,-0.0057004038244485855,0.4244595170021057,0.5255194306373596,-0.48619353771209717,0.47767096757888794,-0.5091910362243652,0.5729883909225464,-0.00836096704006195,0.019978148862719536,0,0.6071418523788452,-0.006650656461715698,0.4106053411960602,0.5256476998329163,-0.4844686985015869,0.4752187132835388,-0.5129831433296204,1
0.6086346507072449,-0.005835171788930893,0.4224216639995575,0.525293231010437,-0.4862804710865021,0.47782018780708313,-0.5092015266418457,0.5729883909225464,-0.00836096704006195,0.019978148862719536,0,0.6070724129676819,-0.00676365289837122,0.40816476941108704,0.5252841711044312,-0.4846946597099304,0.47558003664016724,-0.5128071308135986,1
0.6086986064910889,-0.005967811681330204,0.4203404188156128,0.5250522494316101,-0.48638221621513367,0.47799229621887207,-0.5091912746429443,0.5729883909225464,-0.00836096704006195,0.019978148862719536,0,0.6069903373718262,-0.006873919628560543,0.40572673082351685,0.5249205231666565,-0.4849206507205963,0.4759413003921509,-0.5126306414604187,1
0.6087477803230286,-0.0060983095318078995,0.41822099685668945,0.5247979760169983,-0.4864973723888397,0.4781845510005951,-0.509162962436676,0.5729883909225464,-0.00836096704006195,0.019978148862719536,0,0.6068954467773438,-0.006981653161346912,0.40329158306121826,0.5245570540428162,-0.4851464629173279,0.4763021767139435,-0.5124539136886597,1
0.6087818741798401,-0.006226657889783382,0.416067898273468,0.5245314836502075,-0.48662424087524414,0.4783952236175537,-0.5091184377670288,0.5729883909225464,-0.00836096704006195,0.019978148862719536,0,0.6067877411842346,-0.007087108679115772,0.40085965394973755,0.5241934061050415,-0.4853719174861908,0.47666260600090027,-0.5122771859169006,1
0.6088013052940369,-0.006352395750582218,0.413884699344635,0.5242546796798706,-0.4867616593837738,0.47862160205841064,-0.5090592503547668,0.5729883909225464,-0.00836096704006195,0.019978148862719536,0,0.6066676378250122,-0.007189848460257053,0.3984300494194031,0.5238295793533325,-0.48559752106666565,0.4770229756832123,-0.5121001601219177,1
0.6088059544563293,-0.0064760055392980576,0.41167470812797546,0.5239682197570801,-0.48690858483314514,0.4788625240325928,-0.5089870691299438,0.5729883909225464,-0.00836096704006195,0.019978148862719536,0,0.6065348386764526,-0.0072900597006082535,0.3960033357143402,0.5234658718109131,-0.48582303524017334,0.4773832857608795,-0.5119225978851318,1
0.608795702457428,-0.006597170606255531,0.40944188833236694,0.5236735343933105,-0.48706361651420593,0.4791159927845001,-0.5089035630226135,0.5729883909225464,-0.00836096704006195,0.019978148862719536,0,0.6063893437385559,-0.007387981750071049,0.3935798406600952,0.5231019258499146,-0.4860481917858124,0.4777432084083557,-0.511745035648346,1
0.6087705492973328,-0.00671590119600296,0.40718862414360046,0.5233712792396545,-0.4872259497642517,0.47938093543052673,-0.508809506893158,0.5729883909225464,-0.00836096704006195,0.019978148862719536,0,0.606231153011322,-0.0074831172823905945,0.3911593556404114,0.5227379202842712,-0.48627325892448425,0.47810307145118713,-0.5115669965744019,1
0.6087309718132019,-0.006831830367445946,0.40491756796836853,0.523062527179718,-0.48739510774612427,0.479655385017395,-0.5087063908576965,0.5729883909225464,-0.00836096704006195,0.019978148862719536,0,0.6060605645179749,-0.007575998082756996,0.38874202966690063,0.5223737359046936,-0.48649823665618896,0.4784626364707947,-0.5113888382911682,1
0.6086767315864563,-0.0069456202909350395,0.40263035893440247,0.5227471590042114,-0.48757001757621765,0.47993966937065125,-0.5085947513580322,0.5729883909225464,-0.00836096704006195,0.019978148862719536,0,0.6058772802352905,-0.007666083052754402,0.386327862739563,0.5220097303390503,-0.4867230951786041,0.47882193326950073,-0.5112102031707764,1
0.6086078882217407,-0.0070565082132816315,0.4003298878669739,0.522426962852478,-0.4877503216266632,0.4802314341068268,-0.508475661277771,0.5729883909225464,-0.00836096704006195,0.019978148862719536,0,0.6056815981864929,-0.0077536869794130325,0.3839165270328522,0.5216453671455383,-0.486948162317276,0.4791813790798187,-0.5110310912132263,1
0.6085246801376343,-0.0071648601442575455,0.3980177044868469,0.5221017599105835,-0.4879350960254669,0.4805300831794739,-0.5083500146865845,0.5729883909225464,-0.00836096704006195,0.019978148862719536,0,0.6054733991622925,-0.007838930003345013,0.38150909543037415,0.5212810635566711,-0.48717254400253296,0.4795403778553009,-0.5108521580696106,1
0.6084272861480713,-0.007270831614732742,0.3956949710845947,0.5217721462249756,-0.4881240129470825,0.4808354377746582,-0.5082184672355652,0.5729883909225464,-0.00836096704006195,0.019978148862719536,0,0.6052525043487549,-0.007921377196907997,0.37910476326942444,0.5209166407585144,-0.48739728331565857,0.4798993468284607,-0.5106724500656128,1
0.6083155274391174,-0.007373969070613384,0.39336398243904114,0.5214388966560364,-0.48831650614738464,0.4811459481716156,-0.5080815553665161,0.5729883909225464,-0.00836096704006195,0.019978148862719536,0,0.605019211769104,-0.008001314476132393,0.3767041563987732,0.5205520987510681,-0.48762181401252747,0.4802577495574951,-0.5104929208755493,1
0.6081898212432861,-0.0074745891615748405,0.39102545380592346,0.5211021900177002,-0.4885123074054718,0.48146140575408936,-0.5079399347305298,0.5729883909225464,-0.00836096704006195,0.019978148862719536,0,0.6047735214233398,-0.008078932762145996,0.37430715560913086,0.5201873779296875,-0.48784592747688293,0.4806162118911743,-0.5103129744529724,1
0.6080500483512878,-0.00757240504026413,0.38868093490600586,0.5207626819610596,-0.4887109100818634,0.4817810356616974,-0.5077940225601196,0.5729883909225464,-0.00836096704006195,0.019978148862719536,0,0.6045153737068176,-0.008153737522661686,0.37191393971443176,0.5198229551315308,-0.4880701005458832,0.4809741973876953,-0.5101327896118164,1
0.607896089553833,-0.007667639292776585,0.38633155822753906,0.5204203724861145,-0.48891186714172363,0.4821045398712158,-0.5076444745063782,0.5729883909225464,-0.00836096704006195,0.019978148862719536,0,0.6042449474334717,-0.00822603702545166,0.369524210691452,0.5194583535194397,-0.4882941246032715,0.48133206367492676,-0.5099522471427917,1
0.6077286005020142,-0.007760367356240749,0.38397759199142456,0.5200755000114441,-0.48911529779434204,0.48243167996406555,-0.5074912905693054,0.5729883909225464,-0.00836096704006195,0.019978148862719536,0,0.6039620041847229,-0.008295963518321514,0.3671382665634155,0.51909339427948,-0.4885179102420807,0.48169001936912537,-0.5097715258598328,1
0.6075472831726074,-0.007850304245948792,0.38162070512771606,0.5197286605834961,-0.4893204867839813,0.4827616214752197,-0.5073349475860596,0.5729883909225464,-0.00836096704006195,0.019978148862719536,0,0.6036667227745056,-0.008363102562725544,0.3647565245628357,0.5187286138534546,-0.4887416958808899,0.48204731941223145,-0.5095905065536499,1
0.6073522567749023,-0.007937532849609852,0.3792613744735718,0.5193796157836914,-0.48952749371528625,0.48309415578842163,-0.5071760416030884,0.5729883909225464,-0.00836096704006195,0.019978148862719536,0,0.6033592224121094,-0.008427927270531654,0.36237815022468567,0.5183634161949158,-0.48896554112434387,0.4824048578739166,-0.5094090700149536,1
0.6071437001228333,-0.008022197522222996,0.37690049409866333,0.5190290808677673,-0.48973602056503296,0.4834287464618683,-0.5070146322250366,0.5729883909225464,-0.00836096704006195,0.019978148862719536,0,0.6030392646789551,-0.008489899337291718,0.36000412702560425,0.5179983973503113,-0.48918893933296204,0.482761949300766,-0.509227454662323,1
0.6069216728210449,-0.008104410022497177,0.37453800439834595,0.5186766982078552,-0.4899459183216095,0.4837658405303955,-0.5068509578704834,0.5729883909225464,-0.00836096704006195,0.019978148862719536,0,0.6027072072029114,-0.00854935497045517,0.35763394832611084,0.5176333785057068,-0.48941245675086975,0.48311886191368103,-0.509045422077179,1
0.6066864728927612,-0.008183682337403297,0.3721753656864166,0.5183232426643372,-0.49015697836875916,0.4841044247150421,-0.506685197353363,0.5729883909225464,-0.00836096704006195,0.019978148862719536,0,0.6023627519607544,-0.00860628392547369,0.35526809096336365,0.517268180847168,-0.48963579535484314,0.4834756553173065,-0.5088631510734558,1
0.6064379215240479,-0.008260452188551426,0.36981287598609924,0.5179685354232788,-0.4903690218925476,0.4844445288181305,-0.5065178275108337,0.5729883909225464,-0.00836096704006195,0.019978148862719536,0,0.602006196975708,-0.008660579100251198,0.35290655493736267,0.5169029831886292,-0.4898587763309479,0.4838320016860962,-0.5086808204650879,1
0.6061761379241943,-0.008334500715136528,0.3674507141113281,0.5176126956939697,-0.4905819594860077,0.4847857654094696,-0.5063488483428955,0.5729883909225464,-0.00836096704006195,0.019978148862719536,0,0.6016373038291931,-0.008712487295269966,0.35054904222488403,0.5165374875068665,-0.49008190631866455,0.48418837785720825,-0.508497953414917,1
0.6059013605117798,-0.00840590801090002,0.3650895357131958,0.5172559022903442,-0.4907954931259155,0.4851284623146057,-0.5061783194541931,0.5729883909225464,-0.00836096704006195,0.019978148862719536,0,0.6012563705444336,-0.008761596865952015,0.3481961488723755,0.5161721706390381,-0.4903048574924469,0.4845443665981293,-0.5083149671554565,1
0.6056134104728699,-0.008474806323647499,0.36272984743118286,0.5168980956077576,-0.4910098910331726,0.4854721128940582,-0.5060062408447266,0.5729883909225464,-0.00836096704006195,0.019978148862719536,0,0.6008633971214294,-0.008808188140392303,0.3458474576473236,0.5158066749572754,-0.4905277490615845,0.48490023612976074,-0.5081316232681274,1
0.6053126454353333,-0.008541063405573368,0.3603716492652893,0.5165395736694336,-0.49122491478919983,0.48581650853157043,-0.5058332681655884,0.5729883909225464,-0.00836096704006195,0.019978148862719536,0,0.6004582643508911,-0.008852340281009674,0.3435036540031433,0.5154411196708679,-0.49075016379356384,0.4852558672428131,-0.5079482197761536,1
0.6049990653991699,-0.00860443152487278,0.3580152690410614,0.5161802768707275,-0.4914403557777405,0.4861617684364319,-0.5056588053703308,0.5729883909225464,-0.00836096704006195,0.019978148862719536,0,0.6000410318374634,-0.008893727324903011,0.3411639332771301,0.5150755047798157,-0.4909728169441223,0.4856113791465759,-0.5077642202377319,1
0.6046726703643799,-0.008665340021252632,0.35566139221191406,0.5158203840255737,-0.49165624380111694,0.48650771379470825,-0.5054835081100464,0.5729883909225464,-0.00836096704006195,0.019978148862719536,0,0.599611759185791,-0.008932502940297127,0.33882904052734375,0.5147098898887634,-0.4911951720714569,0.48596644401550293,-0.507580041885376,1
0.6043333411216736,-0.008723552338778973,0.3533104360103607,0.5154601335525513,-0.4918724298477173,0.48685380816459656,-0.5053073763847351,0.5729883909225464,-0.00836096704006195,0.019978148862719536,0,0.5991705656051636,-0.008968932554125786,0.3364989757537842,0.5143439769744873,-0.4914172887802124,0.4863215684890747,-0.5073957443237305,1
0.603981614112854,-0.008779151365160942,0.35096192359924316,0.515099287033081,-0.4920889437198639,0.4872004985809326,-0.5051305294036865,0.5729883909225464,-0.00836096704006195,0.019978148862719536,0,0.598717212677002,-0.009002495557069778,0.3341733515262604,0.5139780640602112,-0.491639643907547,0.4866764545440674,-0.507210910320282,1
0.6036171913146973,-0.008832177147269249,0.34861624240875244,0.5147377252578735,-0.49230578541755676,0.48754796385765076,-0.5049523711204529,0.5729883909225464,-0.00836096704006195,0.019978148862719536,0,0.5982520580291748,-0.0090335076674819,0.3318527936935425,0.5136122107505798,-0.4918617010116577,0.48703107237815857,-0.5070258378982544,1
0.6032402515411377,-0.008882462978363037,0.34627416729927063,0.5143759250640869,-0.49252280592918396,0.48789528012275696,-0.5047739744186401,0.5729883909225464,-0.00836096704006195,0.019978148862719536,0,0.5977748036384583,-0.00906210858374834,0.329537034034729,0.5132459402084351,-0.4920836091041565,0.4873858094215393,-0.5068404674530029,1
0.6028509736061096,-0.008930355310440063,0.34393566846847534,0.5140138268470764,-0.49273979663848877,0.4882429540157318,-0.5045949220657349,0.5729883909225464,-0.00836096704006195,0.019978148862719536,0,0.5972859859466553,-0.009087973274290562,0.327226459980011,0.5128799676895142,-0.4923054277896881,0.4877397418022156,-0.5066550970077515,1
0.6024491786956787,-0.008975367061793804,0.34160086512565613,0.5136514902114868,-0.4929569959640503,0.48859062790870667,-0.5044151544570923,0.5729883909225464,-0.00836096704006195,0.019978148862719536,0,0.5967851281166077,-0.009111386723816395,0.3249206840991974,0.5125136971473694,-0.49252718687057495,0.48809385299682617,-0.5064692497253418,1
0.6020350456237793,-0.009017961099743843,0.339269757270813,0.5132887959480286,-0.4931741952896118,0.48893851041793823,-0.5042349696159363,0.5729883909225464,-0.00836096704006195,0.019978148862719536,0,0.5962725281715393,-0.009132052771747112,0.322620153427124,0.5121475458145142,-0.4927484691143036,0.48844754695892334,-0.5062832832336426,1
0.6016085743904114,-0.009057954885065556,0.3369428515434265,0.5129258632659912,-0.4933914244174957,0.4892862141132355,-0.5040544271469116,0.5729883909225464,-0.00836096704006195,0.019978148862719536,0,0.5957480669021606,-0.00915005523711443,0.3203248679637909,0.5117813348770142,-0.49296993017196655,0.4888010323047638,-0.5060968399047852,1
0.6011698842048645,-0.00909525714814663,0.33461999893188477,0.51256263256073,-0.4936087727546692,0.48963427543640137,-0.5038731694221497,0.5729883909225464,-0.00836096704006195,0.019978148862719536,0,0.5952118039131165,-0.009165652096271515,0.3180348873138428,0.5114148259162903,-0.49319127202033997,0.48915451765060425,-0.5059100389480591,1
0.6007190346717834,-0.009129987098276615,0.33230140805244446,0.5121990442276001,-0.49382635951042175,0.48998233675956726,-0.5036913752555847,0.5729883909225464,-0.00836096704006195,0.019978148862719536,0,0.5946639776229858,-0.0091784643009305,0.3157501220703125,0.511048436164856,-0.4934122562408447,0.48950761556625366,-0.5057232975959778,1
0.6002561450004578,-0.009162060916423798,0.32998716831207275,0.5118353962898254,-0.4940437078475952,0.4903302490711212,-0.5035092830657959,0.5729883909225464,-0.00836096704006195,0.019978148862719536,0,0.5941042900085449,-0.009188683703541756,0.3134706914424896,0.5106818079948425,-0.49363356828689575,0.489860475063324,-0.5055360794067383,1
0.5997810363769531,-0.009191301651299,0.327677458524704,0.5114715695381165,-0.49426114559173584,0.49067819118499756,-0.5033265352249146,0.5729883909225464,-0.00836096704006195,0.019978148862719536,0,0.5935330390930176,-0.009196492843329906,0.31119686365127563,0.5103151798248291,-0.4938543438911438,0.4902133047580719,-0.5053485035896301,1
0.5992939472198486,-0.009218158200383186,0.32537245750427246,0.5111076831817627,-0.4944784939289093,0.49102598428726196,-0.5031435489654541,0.5729883909225464,-0.00836096704006195,0.019978148862719536,0,0.5929502248764038,-0.009201514534652233,0.30892831087112427,0.5099485516548157,-0.4940751791000366,0.4905657172203064,-0.5051606893539429,1
0.5987948775291443,-0.009242597967386246,0.3230724036693573,0.5107433795928955,-0.49469566345214844,0.49137359857559204,-0.5029605031013489,0.5729883909225464,-0.00836096704006195,0.019978148862719536,0,0.5923557877540588,-0.009204138070344925,0.30666542053222656,0.5095816850662231,-0.4942958354949951,0.49091821908950806,-0.5049726963043213,1
0.5982838869094849,-0.009264235384762287,0.32077735662460327,0.5103791952133179,-0.494912713766098,0.49172118306159973,-0.5027770400047302,0.5729883909225464,-0.00836096704006195,0.019978148862719536,0,0.5917498469352722,-0.009203935973346233,0.30440813302993774,0.5092148184776306,-0.4945165514945984,0.49127060174942017,-0.5047840476036072,1
0.5977609753608704,-0.00928324181586504,0.3184873163700104,0.510015070438385,-0.49512961506843567,0.4920682907104492,-0.5025932788848877,0.5729883909225464,-0.00836096704006195,0.019978148862719536,0,0.5911323428153992,-0.009201130829751492,0.3021564781665802,0.5088478922843933,-0.49473708868026733,0.4916224479675293,-0.5045953392982483,1
0.5972263813018799,-0.009299667552113533,0.31620198488235474,0.5096505284309387,-0.4953467547893524,0.49241551756858826,-0.5024091005325317,0.5729883909225464,-0.00836096704006195,0.019978148862719536,0,0.5905033946037292,-0.009195942431688309,0.2999109625816345,0.5084807872772217,-0.49495720863342285,0.4919740557670593,-0.5044066905975342,1
0.5966799259185791,-0.009313413873314857,0.31392213702201843,0.509286105632782,-0.4955635666847229,0.4927625060081482,-0.5022244453430176,0.5729883909225464,-0.00836096704006195,0.019978148862719536,0,0.5898630023002625,-0.009187927469611168,0.2976711094379425,0.5081137418746948,-0.4951774477958679,0.4923255741596222,-0.5042173266410828,1
0.596121609210968,-0.009324575774371624,0.31164759397506714,0.5089216828346252,-0.49578022956848145,0.49310916662216187,-0.5020397901535034,0.5729883909225464,-0.00836096704006195,0.019978148862719536,0,0.5892112255096436,-0.009177296422421932,0.2954374849796295,0.5077467560768127,-0.4953974187374115,0.49267664551734924,-0.5040279626846313,1
0.5955517292022705,-0.009333156980574131,0.30937865376472473,0.5085569024085999,-0.4959968328475952,0.493455708026886,-0.5018549561500549,0.5729883909225464,-0.00836096704006195,0.019978148862719536,0,0.5885480046272278,-0.009164301678538322,0.2932095527648926,0.5073794722557068,-0.49561721086502075,0.49302780628204346,-0.5038383603096008,1
0.5949701070785522,-0.009339133277535439,0.3071148991584778,0.508192241191864,-0.49621328711509705,0.4938019812107086,-0.5016696453094482,0.5729883909225464,-0.00836096704006195,0.019978148862719536,0,0.587873637676239,-0.009148464538156986,0.2909877896308899,0.5070123672485352,-0.49583709239959717,0.4933786690235138,-0.5036482214927673,1
0.5943768620491028,-0.009342469274997711,0.30485638976097107,0.5078274011611938,-0.4964297413825989,0.49414825439453125,-0.5014839768409729,0.5729883909225464,-0.00836096704006195,0.019978148862719536,0,0.5871880054473877,-0.009130291640758514,0.28877192735671997,0.5066450238227844,-0.4960566759109497,0.49372929334640503,-0.5034579634666443,1
0.5937721133232117,-0.009343449957668781,0.3026038706302643,0.5074625015258789,-0.496645987033844,0.4944942593574524,-0.5012982487678528,0.5729883909225464,-0.00836096704006195,0.019978148862719536,0,0.58649080991745,-0.009109237231314182,0.2865627110004425,0.5062775611877441,-0.4962761402130127,0.4940796494483948,-0.5032674670219421,1
0.5931558609008789,-0.009341616183519363,0.30035704374313354,0.5070974230766296,-0.4968620240688324,0.49483996629714966,-0.5011122822761536,0.5729883909225464,-0.00836096704006195,0.019978148862719536,0,0.5857827663421631,-0.00908565055578947,0.28435903787612915,0.5059100389480591,-0.49649578332901,0.49442994594573975,-0.5030764937400818,1
0.5925281643867493,-0.009337186813354492,0.2981157898902893,0.5067324638366699,-0.49707818031311035,0.4951854944229126,-0.5009259581565857,0.5729883909225464,-0.00836096704006195,0.019978148862719536,0,0.5850633382797241,-0.009059595875442028,0.28216177225112915,0.5055423378944397,-0.49671515822410583,0.49478021264076233,-0.5028851628303528,1
0.5918890237808228,-0.009330167435109615,0.29588061571121216,0.5063674449920654,-0.4972940683364868,0.4955306649208069,-0.5007393956184387,0.5729883909225464,-0.00836096704006195,0.019978148862719536,0,0.5843328833580017,-0.009030763991177082,0.27997127175331116,0.5051747560501099,-0.4969343841075897,0.4951300024986267,-0.5026936531066895,1
0.5912383794784546,-0.009320760145783424,0.2936515510082245,0.5060024261474609,-0.49750953912734985,0.49587568640708923,-0.5005527138710022,0.5729883909225464,-0.00836096704006195,0.019978148862719536,0,0.5835913419723511,-0.00899936631321907,0.27778735756874084,0.5048072338104248,-0.49715328216552734,0.49547940492630005,-0.5025021433830261,1
0.5905764698982239,-0.00930851325392723,0.2914286255836487,0.5056374073028564,-0.49772486090660095,0.49622008204460144,-0.5003661513328552,0.5729883909225464,-0.00836096704006195,0.019978148862719536,0,0.582838773727417,-0.008965540677309036,0.27560973167419434,0.5044395327568054,-0.4973720908164978,0.495828777551651,-0.5023102760314941,1
0.5899032950401306,-0.009293676353991032,0.28921136260032654,0.5052722096443176,-0.49794039130210876,0.49656471610069275,-0.5001788139343262,0.5729883909225464,-0.00836096704006195,0.019978148862719536,0,0.5820751786231995,-0.008928915485739708,0.2734387516975403,0.5040717720985413,-0.49759092926979065,0.4961777925491333,-0.502117931842804,1
0.58921879529953,-0.009276481345295906,0.2870004177093506,0.5049071311950684,-0.4981553852558136,0.496908962726593,-0.49999141693115234,0.5729883909225464,-0.00836096704006195,0.019978148862719536,0,0.5813004970550537,-0.00888992752879858,0.2712744176387787,0.5037038326263428,-0.49780938029289246,0.4965267777442932,-0.5019255876541138,1
0.5885230898857117,-0.009256482124328613,0.2847960591316223,0.5045421123504639,-0.49837014079093933,0.4972524642944336,-0.49980422854423523,0.5729883909225464,-0.00836096704006195,0.019978148862719536,0,0.5805151462554932,-0.008848118595778942,0.2691165804862976,0.5033359527587891,-0.4980280101299286,0.4968755543231964,-0.5017327666282654,1
0.5878162384033203,-0.009233878925442696,0.2825978398323059,0.5041769742965698,-0.4985850751399994,0.49759602546691895,-0.4996165335178375,0.5729883909225464,-0.00836096704006195,0.019978148862719536,0,0.579718828201294,-0.008803732693195343,0.2669655978679657,0.502967894077301,-0.49824658036231995,0.49722403287887573,-0.5015395879745483,1
0.5870983004570007,-0.009208919480443,0.2804058790206909,0.503811776638031,-0.4987996518611908,0.49793946743011475,-0.49942857027053833,0.5729883909225464,-0.00836096704006195,0.019978148862719536,0,0.5789116024971008,-0.008756964467465878,0.2648211717605591,0.5025996565818787,-0.4984647333621979,0.49757251143455505,-0.501346230506897,1
0.5863690972328186,-0.009181142784655094,0.2782203257083893,0.5034465193748474,-0.4990142583847046,0.4982825517654419,-0.4992401897907257,0.5729883909225464,-0.00836096704006195,0.019978148862719536,0,0.5780935287475586,-0.008707372471690178,0.26268404722213745,0.5022314786911011,-0.49868297576904297,0.4979204833507538,-0.5011525750160217,1
0.5856291055679321,-0.009150836616754532,0.27604132890701294,0.503081202507019,-0.49922850728034973,0.49862533807754517,-0.49905189871788025,0.5729883909225464,-0.00836096704006195,0.019978148862719536,0,0.577264666557312,-0.008655174635350704,0.2605537176132202,0.5018633604049683,-0.49890100955963135,0.4982684254646301,-0.5009584426879883,1
0.5848780274391174,-0.009117869660258293,0.2738689184188843,0.502716064453125,-0.4994427263736725,0.49896761775016785,-0.4988633692264557,0.5729883909225464,-0.00836096704006195,0.019978148862719536,0,0.5764252543449402,-0.008600662462413311,0.2584303319454193,0.5014948844909668,-0.499118834733963,0.49861618876457214,-0.5007643699645996,1
0.5841158628463745,-0.009082580916583538,0.27170318365097046,0.5023508071899414,-0.4996565282344818,0.49931007623672485,-0.49867457151412964,0.5729883909225464,-0.00836096704006195,0.019978148862719536,0,0.5755749940872192,-0.008543302305042744,0.25631412863731384,0.5011265873908997,-0.49933674931526184,0.49896377325057983,-0.5005697011947632,1
0.583342969417572,-0.009044503793120384,0.269544392824173,0.5019856691360474,-0.499870240688324,0.4996516704559326,-0.4984860420227051,0.5729883909225464,-0.00836096704006195,0.019978148862719536,0,0.5747143030166626,-0.0084835821762681,0.25420501828193665,0.5007580518722534,-0.49955448508262634,0.4993109703063965,-0.5003750920295715,1
0.5825592279434204,-0.009003874845802784,0.26739177107810974,0.5016202926635742,-0.5000840425491333,0.4999934434890747,-0.49829667806625366,0.5729883909225464,-0.00836096704006195,0.019978148862719536,0,0.5738430023193359,-0.008421150036156178,0.25210320949554443,0.500389575958252,-0.4997718930244446,0.4996579587459564,-0.500180184841156,1
0.5817645788192749,-0.008960863575339317,0.26524651050567627,0.5012550354003906,-0.5002973675727844,0.500334620475769,-0.49810758233070374,0.5729883909225464,-0.00836096704006195,0.019978148862719536,0,0.5729612112045288,-0.008356085978448391,0.25000831484794617,0.5000211596488953,-0.4999893307685852,0.5000047087669373,-0.4999847412109375,1
0.5809592008590698,-0.008915071375668049,0.26310816407203674,0.5008896589279175,-0.5005105137825012,0.500675618648529,-0.49791815876960754,0.5729883909225464,-0.00836096704006195,0.019978148862719536,1,0.5809592008590698,-0.008915071375668049,0.26310816407203674,0.5008896589279175,-0.5005105137825012,0.500675618648529,-0.49791815876960754,0
0.580632209777832,-0.008874131366610527,0.26161643862724304,0.5004023313522339,-0.5009698271751404,0.5013840794563293,-0.49723294377326965,0.5729883909225464,-0.00836096704006195,0.019978148862719536,1,0.5809592008590698,-0.008915071375668049,0.26310816407203674,0.5008896589279175,-0.5005105137825012,0.500675618648529,-0.49791815876960754,0
0.580653727054596,-0.008876004256308079,0.2607901096343994,0.5000510811805725,-0.501319408416748,0.5019195675849915,-0.49669361114501953,0.5729883909225464,-0.00836096704006195,0.019978148862719536,1,0.5809592008590698,-0.008915071375668049,0.26310816407203674,0.5008896589279175,-0.5005105137825012,0.500675618648529,-0.49791815876960754,0
0.5807043313980103,-0.008889731019735336,0.26023685932159424,0.4998212158679962,-0.5015436410903931,0.5022698640823364,-0.49634435772895813,0.5729883909225464,-0.00836096704006195,0.019978148862719536,1,0.5809592008590698,-0.008915071375668049,0.26310816407203674,0.5008896589279175,-0.5005105137825012,0.500675618648529,-0.49791815876960754,0
0.580751359462738,-0.008902115747332573,0.2598124146461487,0.4996461570262909,-0.5017138719558716,0.5025362372398376,-0.4960789084434509,0.5729883909225464,-0.00836096704006195,0.019978148862719536,1,0.5809592008590698,-0.008915071375668049,0.26310816407203674,0.5008896589279175,-0.5005105137825012,0.500675618648529,-0.49791815876960754,0
0.5807934999465942,-0.008911717683076859,0.2594601511955261,0.49950191378593445,-0.5018552541732788,0.5027559399604797,-0.49585846066474915,0.5729883909225464,-0.00836096704006195,0.019978148862719536,1,0.5809592008590698,-0.008915071375668049,0.26310816407203674,0.5008896589279175,-0.5005105137825012,0.500675618648529,-0.49791815876960754,0
0.5808311104774475,-0.00891906674951315,0.2591562271118164,0.49937835335731506,-0.5019770860671997,0.5029445886611938,-0.4956681728363037,0.5729883909225464,-0.00836096704006195,0.019978148862719536,1,0.5809592008590698,-0.008915071375668049,0.26310816407203674,0.5008896589279175,-0.5005105137825012,0.500675618648529,-0.49791815876960754,0
0.580865204334259,-0.008928974159061909,0.25889286398887634,0.4992676079273224,-0.5020838379859924,0.5031071901321411,-0.49550661444664,0.5729073286056519,-0.007807852700352669,0.020244358107447624,1,0.5809592008590698,-0.008915071375668049,0.26310816407203674,0.5008896589279175,-0.5005105137825012,0.500675618648529,-0.49791815876960754,0
0.5808955430984497,-0.008935503661632538,0.258658766746521,0.49917203187942505,-0.5021774172782898,0.5032523274421692,-0.49536067247390747,0.5728095769882202,-0.007531122770160437,0.020318299531936646,1,0.5808955430984497,-0.008935503661632538,0.258658766746521,0.49917203187942505,-0.5021774172782898,0.5032523274421692,-0.49536067247390747,0
0.5809125900268555,-0.008931819349527359,0.2582128047943115,0.49900662899017334,-0.5023458003997803,0.5035027265548706,-0.4951018691062927,0.5726286172866821,-0.007632557302713394,0.019911563023924828,1,0.5863394737243652,-0.00888514518737793,0.26573312282562256,0.5030434131622314,-0.4997825026512146,0.4994371831417084,-0.4977218806743622,0
0.5813707113265991,-0.008918004110455513,0.258084237575531,0.4990282654762268,-0.5024572610855103,0.5036469101905823,-0.4948204457759857,0.5728725790977478,-0.0077207968570292,0.019849063828587532,1,0.5916464924812317,-0.008784606121480465,0.27288928627967834,0.5069057941436768,-0.49737173318862915,0.49559688568115234,-0.5000514984130859,0
0.5822959542274475,-0.008901969529688358,0.2584892213344574,0.4993506968021393,-0.5023949146270752,0.5035175085067749,-0.49469003081321716,0.5737330913543701,-0.007801513187587261,0.020220832899212837,1,0.5968145728111267,-0.008634684607386589,0.2801244854927063,0.5107585191726685,-0.4949451684951782,0.49173182249069214,-0.5023492574691772,0
0.5836707353591919,-0.008886139839887619,0.25949984788894653,0.5000040531158447,-0.5021196603775024,0.5030558705329895,-0.4947792887687683,0.5754213929176331,-0.007833649404346943,0.02101956680417061,1,0.6018420457839966,-0.00843572337180376,0.28743642568588257,0.5146015286445618,-0.49250277876853943,0.48784178495407104,-0.5046153664588928,0
0.5854568481445312,-0.008869022130966187,0.2611214518547058,0.5009824633598328,-0.5016264319419861,0.5022526383399963,-0.4951058030128479,0.5778204798698425,-0.007841371931135654,0.022380368784070015,1,0.6067270040512085,-0.008188233710825443,0.29482167959213257,0.5184345245361328,-0.4900447726249695,0.48392727971076965,-0.5068491697311401,0
0.5876095294952393,-0.0088474927470088,0.2633243799209595,0.5022652745246887,-0.5009254217147827,0.5011225342750549,-0.4956607222557068,0.5808498859405518,-0.007830173708498478,0.024303080514073372,1,0.6114679574966431,-0.007892964407801628,0.30227720737457275,0.5222563743591309,-0.4875716269016266,0.47998881340026855,-0.5090510249137878,0
0.5900826454162598,-0.008817821741104126,0.2660674452781677,0.5038256645202637,-0.5000320672988892,0.499689519405365,-0.4964250922203064,0.5844413042068481,-0.007798902690410614,0.02675553970038891,1,0.6160630583763123,-0.007550377398729324,0.309801310300827,0.5260677933692932,-0.4850826561450958,0.47602570056915283,-0.5112210512161255,0
0.5928239822387695,-0.008774747140705585,0.269294410943985,0.5056304335594177,-0.4989687204360962,0.4979891777038574,-0.49736785888671875,0.5885142087936401,-0.007743414957076311,0.0296905729919672,1,0.6205106377601624,-0.007160881534218788,0.31739044189453125,0.5298681855201721,-0.4825783371925354,0.4720388650894165,-0.5133586525917053,0
0.5957854390144348,-0.008713120594620705,0.27295008301734924,0.5076472759246826,-0.4977578818798065,0.49605563282966614,-0.498457670211792,0.5929921269416809,-0.007657537702471018,0.03305996209383011,1,0.6248093843460083,-0.00672563910484314,0.325042188167572,0.533656895160675,-0.48005878925323486,0.46802788972854614,-0.5154646039009094,0
0.5989298820495605,-0.008628818206489086,0.276993989944458,0.5098515152931213,-0.4964158236980438,0.4939139187335968,-0.4996715784072876,0.5978170037269592,-0.007537475321441889,0.03682881221175194,1,0.6289578676223755,-0.0062447357922792435,0.33275285363197327,0.5374341011047363,-0.47752395272254944,0.4639931917190552,-0.5175381898880005,0
0.6022242307662964,-0.00851899478584528,0.2813915014266968,0.5122221112251282,-0.4949551522731781,0.4915844202041626,-0.5009915232658386,0.6029377579689026,-0.007373593281954527,0.04096882790327072,1,0.6329543590545654,-0.005719410255551338,0.34052056074142456,0.5411993265151978,-0.4749736487865448,0.45993494987487793,-0.5195798277854919,0
0.6056375503540039,-0.008381313644349575,0.2861131429672241,0.514739990234375,-0.4933873116970062,0.4890848696231842,-0.5024018287658691,0.608308732509613,-0.007176198996603489,0.045454759150743484,1,0.6367977261543274,-0.005150069482624531,0.3483414947986603,0.5449520349502563,-0.47240835428237915,0.4558531939983368,-0.5215892791748047,0
0.6091419458389282,-0.00821296963840723,0.29113149642944336,0.5173883438110352,-0.4917221963405609,0.48643139004707336,-0.503887951374054,0.6138812303543091,-0.0069447970017790794,0.050318680703639984,1,0.640486478805542,-0.004537216387689114,0.35621336102485657,0.5486921072006226,-0.4698282778263092,0.45174819231033325,-0.5235665440559387,0
0.6127116084098816,-0.008011901751160622,0.2964237928390503,0.5201525092124939,-0.48996829986572266,0.4836365580558777,-0.5054383873939514,0.6196318864822388,-0.00665769400075078,0.05543486773967743,1,0.6440195441246033,-0.003882046788930893,0.3641326427459717,0.5524192452430725,-0.46723294258117676,0.4476202130317688,-0.5255115032196045,0
0.616323709487915,-0.007776003330945969,0.3019684851169586,0.5230192542076111,-0.48813337087631226,0.4807131588459015,-0.5070419311523438,0.6255213022232056,-0.006322014611214399,0.06081562116742134,1,0.6473954319953918,-0.0031851008534431458,0.372096985578537,0.5561332106590271,-0.46462276577949524,0.4434692859649658,-0.5274243354797363,0
0.6199567317962646,-0.007503748871386051,0.3077455461025238,0.5259765386581421,-0.4862242341041565,0.4776720702648163,-0.5086885094642639,0.6315152049064636,-0.005940371658653021,0.06646781414747238,1,0.6506131291389465,-0.002446918748319149,0.3801027238368988,0.5598335862159729,-0.46199774742126465,0.4392954707145691,-0.5293049216270447,0
0.6235917210578918,-0.007193899713456631,0.31373801827430725,0.5290135145187378,-0.4842469096183777,0.47452232241630554,-0.5103704929351807,0.6375828385353088,-0.005520283244550228,0.07238371670246124,1,0.6536718606948853,-0.0016687987372279167,0.3881472051143646,0.5635201930999756,-0.45935818552970886,0.4350990951061249,-0.5311533212661743,0
0.6272110342979431,-0.006845327094197273,0.31992897391319275,0.5321207046508789,-0.4822066128253937,0.4712734818458557,-0.5120795369148254,0.6437026858329773,-0.0050465441308915615,0.07853654026985168,1,0.656570315361023,-0.0008512716740369797,0.3962271511554718,0.5671923160552979,-0.4567038416862488,0.43088024854660034,-0.53296959400177,0
0.6307989358901978,-0.006456914357841015,0.32630351185798645,0.5352891683578491,-0.4801090657711029,0.4679326117038727,-0.5138089656829834,0.6498794555664062,-0.004433879628777504,0.08487767726182938,1,0.659307599067688,5.0691887736320496e-06,0.40433967113494873,0.5708501935005188,-0.4540349841117859,0.42663928866386414,-0.5347532629966736,0
0.6343415379524231,-0.006028018891811371,0.33284804224967957,0.5385115146636963,-0.47795772552490234,0.4645068943500519,-0.5155530571937561,0.656029462814331,-0.0038554631173610687,0.0914691910147667,1,0.6618826985359192,0.0008988343179225922,0.4124816656112671,0.5744932293891907,-0.4513515532016754,0.42237624526023865,-0.5365049242973328,0
0.6378255486488342,-0.005558035336434841,0.3395494818687439,0.5417805314064026,-0.4757571816444397,0.46100273728370667,-0.5173059701919556,0.6621540784835815,-0.0032506755087524652,0.0982803925871849,1,0.6642950177192688,0.0018294788897037506,0.4206497073173523,0.5781211256980896,-0.44865384697914124,0.4180915355682373,-0.5382241010665894,0
0.6412394642829895,-0.005046853795647621,0.34639638662338257,0.5450897812843323,-0.47351065278053284,0.457425594329834,-0.5190632343292236,0.6682525873184204,-0.0025878578890115023,0.10527632385492325,1,0.66654372215271,0.002796303480863571,0.42884138226509094,0.5817336440086365,-0.445941686630249,0.41378462314605713,-0.5399112701416016,0
0.6445728540420532,-0.004494205117225647,0.35337716341018677,0.5484336018562317,-0.4712211787700653,0.45378074049949646,-0.5208205580711365,0.6743099093437195,-0.001869940315373242,0.11244555562734604,1,0.6686280369758606,0.0037979958578944206,0.437052845954895,0.5853304862976074,-0.44321534037590027,0.4094565510749817,-0.541566014289856,0
0.6478159427642822,-0.0039000222459435463,0.36048194766044617,0.5518069863319397,-0.4688919484615326,0.45007264614105225,-0.522574245929718,0.680310845375061,-0.0010945765534415841,0.11977917701005936,1,0.6705471277236938,0.004833853803575039,0.44528162479400635,0.5889112949371338,-0.4404747784137726,0.40510690212249756,-0.5431884527206421,0
0.6509606242179871,-0.0032644476741552353,0.36770105361938477,0.5552054643630981,-0.4665254056453705,0.44630518555641174,-0.5243209600448608,0.6862476468086243,-0.0002527417382225394,0.12726208567619324,1,0.6723008155822754,0.005903173238039017,0.4535239338874817,0.5924758315086365,-0.43772026896476746,0.40073615312576294,-0.5447787642478943,0
0.653998851776123,-0.0025878846645355225,0.3750249147415161,0.5586241483688354,-0.4641239047050476,0.4424826502799988,-0.5260579586029053,0.6920976042747498,0.0006387390894815326,0.1348978728055954,1,0.6738883256912231,0.0070045990869402885,0.46177732944488525,0.5960237979888916,-0.4349515736103058,0.39634427428245544,-0.546336829662323,0
0.6569240093231201,-0.0018707076087594032,0.3824461102485657,0.5620601773262024,-0.4616890549659729,0.4386076033115387,-0.5277829170227051,0.6978530883789062,0.0015838112449273467,0.14267480373382568,1,0.6753091812133789,0.00813734345138073,0.47003820538520813,0.599554717540741,-0.4321690499782562,0.3919316232204437,-0.5478626489639282,0
0.6597296595573425,-0.001113036647439003,0.3899558186531067,0.5655096173286438,-0.4592234790325165,0.43468335270881653,-0.5294930934906006,0.7035072445869446,0.002584621775895357,0.1505834311246872,1,0.6765630841255188,0.009300787933170795,0.47830355167388916,0.6030687689781189,-0.429372638463974,0.38749808073043823,-0.54935622215271,0
0.6624101400375366,-0.000315789133310318,0.3975464701652527,0.5689695477485657,-0.4567282199859619,0.4307131767272949,-0.5311865210533142,0.7091114521026611,0.003732485231012106,0.1585782766342163,1,0.6776495575904846,0.010493188165128231,0.48657023906707764,0.6065650582313538,-0.42656269669532776,0.38304439187049866,-0.5508176684379578,0
0.6649604439735413,0.0005210172384977341,0.4052116870880127,0.5724373459815979,-0.4542050361633301,0.42669862508773804,-0.5328614711761475,0.7145017981529236,0.004805310629308224,0.16674916446208954,1,0.6785688996315002,0.011714192107319832,0.4948344826698303,0.6100435256958008,-0.42373886704444885,0.3785703778266907,-0.5522468090057373,0
0.6673761606216431,0.0013961531221866608,0.4129437506198883,0.5759099721908569,-0.45165541768074036,0.42264288663864136,-0.5345165729522705,0.7197645902633667,0.005926619283854961,0.17503248155117035,1,0.6793199181556702,0.012962930835783482,0.5030944347381592,0.6135042309761047,-0.42090141773223877,0.3740759491920471,-0.5536439418792725,0
0.669653058052063,0.0023088762536644936,0.420737087726593,0.5793855786323547,-0.44908034801483154,0.4185471832752228,-0.5361505150794983,0.7249016761779785,0.007106758654117584,0.18341541290283203,1,0.6799033880233765,0.014237807132303715,0.5113456845283508,0.6169463396072388,-0.4180506467819214,0.369562029838562,-0.5550088286399841,0
0.6717873811721802,0.0032589584589004517,0.4285852015018463,0.5828620195388794,-0.44648098945617676,0.41441360116004944,-0.5377618074417114,0.7299105525016785,0.008347712457180023,0.19189003109931946,1,0.6803188323974609,0.015538359060883522,0.5195857882499695,0.6203698515892029,-0.4151863157749176,0.36502817273139954,-0.5563415288925171,0
0.6737760305404663,0.00424487330019474,0.43648213148117065,0.586337149143219,-0.4438585937023163,0.4102438986301422,-0.5393497347831726,0.7347855567932129,0.009647599421441555,0.20045074820518494,1,0.6805663704872131,0.016863055527210236,0.5278109312057495,0.6237742900848389,-0.41230884194374084,0.360475093126297,-0.5576421022415161,0
0.6756160259246826,0.005266527645289898,0.4444224238395691,0.5898096561431885,-0.44121378660202026,0.4060395359992981,-0.5409129858016968,0.7395111918449402,0.010996224358677864,0.2090972661972046,1,0.6806453466415405,0.018296264111995697,0.5365312099456787,0.6273704767227173,-0.40923696756362915,0.35561609268188477,-0.5589889287948608,0
0.6773188710212708,0.006326617673039436,0.45243149995803833,0.5932910442352295,-0.4385395646095276,0.40178871154785156,-0.542452335357666,0.7441043853759766,0.0123983696103096,0.21785706281661987,1,0.6805350184440613,0.019754402339458466,0.5452274084091187,0.6309444904327393,-0.40615010261535645,0.3507355749607086,-0.5602996349334717,0
0.6788774132728577,0.007425720803439617,0.46051353216171265,0.5967844128608704,-0.4358309805393219,0.39748457074165344,-0.5439721345901489,0.7485629916191101,0.013854408636689186,0.22673623263835907,1,0.6802354454994202,0.021236680448055267,0.5538962483406067,0.6344962120056152,-0.40304863452911377,0.34583356976509094,-0.5615741014480591,0
0.6802842020988464,0.008563609793782234,0.4686645269393921,0.6002881526947021,-0.4330878257751465,0.393126904964447,-0.5454724431037903,0.7528785467147827,0.01537036057561636,0.2357318103313446,1,0.6797471642494202,0.022741608321666718,0.562533438205719,0.6380249857902527,-0.3999326229095459,0.3409106135368347,-0.5628123879432678,0
0.6815334558486938,0.009739118628203869,0.47687843441963196,0.6037998795509338,-0.43031060695648193,0.38871699571609497,-0.5469528436660767,0.7570447325706482,0.016931811347603798,0.24483653903007507,1,0.6790705323219299,0.024267876520752907,0.5711357593536377,0.6415306925773621,-0.3968020975589752,0.33596667647361755,-0.5640149116516113,0
0.6826205253601074,0.010952121578156948,0.4851463735103607,0.6073165535926819,-0.4275016486644745,0.38425758481025696,-0.5484113097190857,0.7610536217689514,0.01854475401341915,0.2540426254272461,1,0.6782058477401733,0.025814048945903778,0.5796990394592285,0.6450125575065613,-0.393657386302948,0.33100244402885437,-0.5651812553405762,0
0.683540940284729,0.012200796976685524,0.49346160888671875,0.6108359694480896,-0.42466163635253906,0.37975022196769714,-0.5498468279838562,0.7648986577987671,0.020208505913615227,0.26334184408187866,1,0.6771535873413086,0.027379348874092102,0.5882202386856079,0.6484711170196533,-0.3904981017112732,0.32601726055145264,-0.5663118362426758,0
0.6842916011810303,0.013484315015375614,0.501815676689148,0.6143552660942078,-0.4217923879623413,0.3751974403858185,-0.5512581467628479,0.7685737609863281,0.02192191407084465,0.27272602915763855,1,0.6759148240089417,0.028962206095457077,0.5966950058937073,0.6519051790237427,-0.387324720621109,0.32101237773895264,-0.5674064755439758,0
0.6848694682121277,0.014800837263464928,0.5102010369300842,0.6178721785545349,-0.4188951253890991,0.37060198187828064,-0.5526435971260071,0.7720737457275391,0.02368369698524475,0.28218719363212585,1,0.6744897961616516,0.030561357736587524,0.6051200032234192,0.6553150415420532,-0.38413724303245544,0.3159871995449066,-0.5684653520584106,0
0.6852718591690063,0.01614934578537941,0.5186106562614441,0.6213846206665039,-0.4159707725048065,0.3659655451774597,-0.5540024042129517,0.7753938436508179,0.025492507964372635,0.291717529296875,1,0.6728799343109131,0.032175254076719284,0.6134909391403198,0.6586997509002686,-0.3809359073638916,0.3109426200389862,-0.569488525390625,0
0.6854971051216125,0.017528537660837173,0.5270371437072754,0.6248902678489685,-0.413021057844162,0.3612901568412781,-0.5553332567214966,0.7785298824310303,0.027347002178430557,0.30130958557128906,1,0.6710854172706604,0.03380319103598595,0.6218051910400391,0.6620595455169678,-0.3777207136154175,0.30587831139564514,-0.5704758763313293,0
0.6855429410934448,0.018937058746814728,0.535473644733429,0.6283876299858093,-0.4100467562675476,0.356577605009079,-0.556635320186615,0.7814780473709106,0.02924574352800846,0.3109561502933502,1,0.669107973575592,0.035443536937236786,0.6300578713417053,0.6653936505317688,-0.37449198961257935,0.3007952570915222,-0.5714272856712341,0
0.6854077577590942,0.020373493432998657,0.5439143776893616,0.6318750977516174,-0.40704864263534546,0.35182902216911316,-0.5579081177711487,0.7842351198196411,0.03118732012808323,0.32065027952194214,1,0.6669479012489319,0.03709511086344719,0.6382466554641724,0.6687020659446716,-0.37124940752983093,0.2956927716732025,-0.5723434090614319,0
0.6850911378860474,0.021835997700691223,0.552352249622345,0.6353507041931152,-0.4040279984474182,0.34704649448394775,-0.559150755405426,0.7867981791496277,0.033170364797115326,0.33038538694381714,1,0.6646069288253784,0.038756273686885834,0.6463668346405029,0.6719841361045837,-0.36799347400665283,0.2905718982219696,-0.5732241868972778,0
0.6845912933349609,0.0233239084482193,0.5607821941375732,0.6388134956359863,-0.4009853005409241,0.34223082661628723,-0.5603625178337097,0.7891647815704346,0.03519326075911522,0.3401549160480499,1,0.6620856523513794,0.040426380932331085,0.6544158458709717,0.6752399802207947,-0.36472398042678833,0.28543221950531006,-0.5740694403648376,0
0.6839080452919006,0.024835065007209778,0.569197416305542,0.6422613263130188,-0.39792150259017944,0.3373841643333435,-0.5615431070327759,0.7913327217102051,0.03725461661815643,0.34995266795158386,1,0.6593862175941467,0.04210376739501953,0.6623886823654175,0.678468644618988,-0.36144185066223145,0.28027498722076416,-0.5748791098594666,0
0.6830405592918396,0.0263686366379261,0.5775930285453796,0.6456939578056335,-0.39483708143234253,0.3325067162513733,-0.562691867351532,0.7933001518249512,0.0393529087305069,0.35977259278297424,1,0.656683087348938,0.04368799924850464,0.6698217391967773,0.6814829707145691,-0.3583400547504425,0.27540409564971924,-0.5756091475486755,0
0.6819854378700256,0.02791782282292843,0.5859346389770508,0.6490973234176636,-0.3917415142059326,0.32761430740356445,-0.5638085007667542,0.79505455493927,0.04147821664810181,0.3695758879184723,1,0.6538243889808655,0.045276541262865067,0.677181601524353,0.6844726204872131,-0.35522720217704773,0.2705180048942566,-0.5763078927993774,0
0.6807499527931213,0.0294790081679821,0.594208836555481,0.6524671316146851,-0.3886406421661377,0.3227154314517975,-0.5648891925811768,0.7965969443321228,0.04362693428993225,0.37934571504592896,1,0.650811493396759,0.04686840996146202,0.6844657063484192,0.6874377131462097,-0.352103054523468,0.2656160891056061,-0.5769755244255066,0
0.679339587688446,0.031050514429807663,0.6024100184440613,0.6558026075363159,-0.3855358958244324,0.31781256198883057,-0.5659328699111938,0.7979310154914856,0.0457971915602684,0.3890746533870697,1,0.6476448774337769,0.048462435603141785,0.6916718482971191,0.6903781890869141,-0.34896719455718994,0.26069924235343933,-0.5776119828224182,0
0.6777583360671997,0.03263078257441521,0.61053466796875,0.6591037511825562,-0.38242805004119873,0.3129071891307831,-0.566939115524292,0.7990601658821106,0.04798758402466774,0.39875879883766174,1,0.6443266272544861,0.05005786940455437,0.6987965703010559,0.6932933330535889,-0.34582045674324036,0.2557673752307892,-0.5782175660133362,0
0.6760088205337524,0.03421904519200325,0.6185819506645203,0.6623712778091431,-0.3793165981769562,0.3079981207847595,-0.5679086446762085,0.799987256526947,0.05019700899720192,0.40839600563049316,1,0.6408579349517822,0.051653169095516205,0.7058374285697937,0.6961830258369446,-0.34266236424446106,0.250820517539978,-0.57879239320755,0
0.6740930676460266,0.03581402450799942,0.6265503764152527,0.6656058430671692,-0.37620094418525696,0.3030848503112793,-0.5688418745994568,0.800714910030365,0.05242447182536125,0.41798490285873413,1,0.6372402906417847,0.053247641772031784,0.7127914428710938,0.6990470290184021,-0.33949336409568787,0.24585914611816406,-0.5793363451957703,0
0.6720126867294312,0.03741535544395447,0.6344397664070129,0.6688087582588196,-0.373080313205719,0.29816606640815735,-0.5697391629219055,0.801245391368866,0.0546691007912159,0.42752450704574585,1,0.6334754228591919,0.054840389639139175,0.7196559309959412,0.7018852233886719,-0.3363134562969208,0.2408834844827652,-0.5798494219779968,0
0.669769823551178,0.039021555334329605,0.6422483325004578,0.6719798445701599,-0.36995431780815125,0.2932415306568146,-0.5706016421318054,0.8015806674957275,0.05693012848496437,0.4370138645172119,1,0.6295648813247681,0.05643001198768616,0.7264281511306763,0.7046970129013062,-0.3331229090690613,0.23589371144771576,-0.5803321003913879,0
0.6673650741577148,0.04063263535499573,0.6499767899513245,0.6751203536987305,-0.366821825504303,0.28830939531326294,-0.5714296102523804,0.8017226457595825,0.05920657142996788,0.446451872587204,1,0.6255102753639221,0.058015719056129456,0.7331057190895081,0.7074823379516602,-0.32992154359817505,0.23089000582695007,-0.5807840824127197,0
0.6648006439208984,0.04224689304828644,0.6576225161552429,0.6782301664352417,-0.3636830747127533,0.2833698093891144,-0.5722236037254333,0.8016730546951294,0.06149768829345703,0.4558373689651489,1,0.621313214302063,0.05959678813815117,0.7396855354309082,0.7102410793304443,-0.32670965790748596,0.22587254643440247,-0.5812055468559265,0
0.6620772480964661,0.04386431723833084,0.6651855707168579,0.6813106536865234,-0.36053675413131714,0.27842122316360474,-0.572983980178833,0.8014335632324219,0.06380250304937363,0.4651690125465393,1,0.6169754266738892,0.06117171794176102,0.7461656928062439,0.7129728198051453,-0.32348698377609253,0.2208412140607834,-0.5815969109535217,0
0.6591968536376953,0.045483410358428955,0.6726637482643127,0.6843612790107727,-0.35738301277160645,0.2734634578227997,-0.5737112760543823,0.8010056614875793,0.0661202073097229,0.4744453430175781,1,0.6124992370605469,0.06273981183767319,0.7525429725646973,0.7156772613525391,-0.32025420665740967,0.2157970517873764,-0.5819578170776367,0
0.6561598181724548,0.04710390791296959,0.6800568103790283,0.6873831152915955,-0.3542207181453705,0.2684951722621918,-0.574406087398529,0.8003908395767212,0.06844986230134964,0.48366472125053406,1,0.6078861355781555,0.06430032104253769,0.7588149905204773,0.718354344367981,-0.3170109987258911,0.21073958277702332,-0.5822883248329163,0
0.6529683470726013,0.04872457683086395,0.687362015247345,0.6903758645057678,-0.35105034708976746,0.26351675391197205,-0.5750683546066284,0.7995905876159668,0.0707906037569046,0.4928254187107086,1,0.6031380295753479,0.06585181504487991,0.7649794220924377,0.7210034728050232,-0.3137579560279846,0.2056693732738495,-0.5825889110565186,0
0.6496232748031616,0.050344690680503845,0.6945786476135254,0.6933402419090271,-0.34787076711654663,0.25852668285369873,-0.575698733329773,0.7986063957214355,0.07314141094684601,0.5019254684448242,1,0.5982571244239807,0.06739361584186554,0.7710338234901428,0.7236247658729553,-0.310494601726532,0.20058652758598328,-0.5828595757484436,0
0.6461263298988342,0.05196317657828331,0.7017041444778442,0.6962758898735046,-0.3446822762489319,0.2535257041454315,-0.5762973427772522,0.7974395155906677,0.07550139725208282,0.5109629034996033,1,0.5932453870773315,0.06892503798007965,0.7769755125045776,0.7262178063392639,-0.30722129344940186,0.19549131393432617,-0.5831001400947571,0
0.6424791216850281,0.05357925593852997,0.7087369561195374,0.6991831660270691,-0.34148430824279785,0.24851280450820923,-0.5768646001815796,0.7960914969444275,0.07786954939365387,0.5199356079101562,1,0.58777916431427,0.0705392137169838,0.7831628918647766,0.7289416790008545,-0.30373257398605347,0.1900642216205597,-0.5833232998847961,0
0.638674795627594,0.0551980622112751,0.7156991362571716,0.7020729780197144,-0.3382672965526581,0.24347233772277832,-0.5773991942405701,0.7945623993873596,0.08025428652763367,0.5288707613945007,1,0.5821706056594849,0.07213948667049408,0.789217472076416,0.731633186340332,-0.3002328872680664,0.18462374806404114,-0.5835126638412476,0
0.6347060203552246,0.05681996047496796,0.7225944399833679,0.7049481272697449,-0.3350258767604828,0.23839686810970306,-0.577903687953949,0.7928482890129089,0.08265712857246399,0.537775993347168,1,0.5764215588569641,0.07372462749481201,0.7951368689537048,0.7342917919158936,-0.296722412109375,0.17916998267173767,-0.5836688876152039,0
0.6305691003799438,0.05844457447528839,0.7294213175773621,0.7078081965446472,-0.3317587673664093,0.23328407108783722,-0.5783787965774536,0.7909459471702576,0.08507727831602097,0.5466507077217102,1,0.5705357193946838,0.07529355585575104,0.8009180426597595,0.7369175553321838,-0.29320141673088074,0.17370381951332092,-0.5837913155555725,0
0.6262626051902771,0.06007090210914612,0.7361761927604675,0.710652768611908,-0.32846537232398987,0.22813348472118378,-0.5788248181343079,0.7888534665107727,0.08751318603754044,0.5554909110069275,1,0.5645147562026978,0.07684507966041565,0.8065587878227234,0.7395097613334656,-0.28966963291168213,0.1682247370481491,-0.5838810205459595,0
0.6217876076698303,0.06169704347848892,0.7428529262542725,0.7134795188903809,-0.32514688372612,0.2229471504688263,-0.5792416334152222,0.7865700125694275,0.0899631604552269,0.5642908811569214,1,0.5583620667457581,0.07837861776351929,0.8120565414428711,0.7420684099197388,-0.2861275374889374,0.16273324191570282,-0.5839377641677856,0
0.6171451807022095,0.0633215457201004,0.7494462728500366,0.7162875533103943,-0.32180407643318176,0.2177262157201767,-0.5796288251876831,0.7840955853462219,0.09242518991231918,0.5730441212654114,1,0.552080512046814,0.07989297062158585,0.8174083828926086,0.7445932626724243,-0.2825751304626465,0.15722984075546265,-0.5839612483978271,0
0.6123373508453369,0.06494289636611938,0.7559500336647034,0.719075083732605,-0.31843772530555725,0.21247228980064392,-0.5799860954284668,0.7814306020736694,0.0948973298072815,0.5817439556121826,1,0.545673131942749,0.08138716965913773,0.8226119875907898,0.7470840215682983,-0.2790125608444214,0.15171459317207336,-0.5839521288871765,0
0.6073665022850037,0.06655938923358917,0.7623583674430847,0.7218409776687622,-0.31504932045936584,0.20718690752983093,-0.5803129076957703,0.7785758972167969,0.09737763553857803,0.5903836488723755,1,0.5391424298286438,0.0828598216176033,0.8276652693748474,0.7495399713516235,-0.2754397988319397,0.146187886595726,-0.5839107632637024,0
0.6022350788116455,0.06816930323839188,0.7686657905578613,0.724583625793457,-0.3116395175457001,0.20187215507030487,-0.580609142780304,0.7755327224731445,0.09986412525177002,0.5989567041397095,1,0.5324918031692505,0.08431100100278854,0.8325656056404114,0.7519614696502686,-0.2718573212623596,0.14064988493919373,-0.583836555480957,0
0.5969460606575012,0.06977097690105438,0.7748666405677795,0.727301836013794,-0.30820944905281067,0.19652962684631348,-0.5808743238449097,0.7723023891448975,0.1023549735546112,0.6074568033218384,1,0.5257245302200317,0.08573924005031586,0.8373106718063354,0.7543478608131409,-0.26826509833335876,0.13510097563266754,-0.5837300419807434,0
0.5915015339851379,0.07136313617229462,0.7809565663337708,0.7299947142601013,-0.3047596514225006,0.1911601424217224,-0.5811084508895874,0.7688865661621094,0.10484826564788818,0.6158779263496399,1,0.5188432931900024,0.08714374154806137,0.8418985605239868,0.7566990256309509,-0.264663428068161,0.12954166531562805,-0.5835912823677063,0
0.5859053134918213,0.07294435799121857,0.7869296669960022,0.7326608300209045,-0.3012915849685669,0.18576595187187195,-0.5813108086585999,0.7652869820594788,0.10734227299690247,0.6242142915725708,1,0.5118515491485596,0.08852344006299973,0.8463268280029297,0.7590145468711853,-0.2610520124435425,0.12397162616252899,-0.5834208130836487,0
0.5801599025726318,0.07451281696557999,0.7927817702293396,0.7352994084358215,-0.29780563712120056,0.1803480088710785,-0.5814818143844604,0.7615056037902832,0.10983528196811676,0.6324605345726013,1,0.5047523975372314,0.08987795561552048,0.850593626499176,0.7612942457199097,-0.25743117928504944,0.11839139461517334,-0.5832182765007019,0
0.5742689371109009,0.07606735080480576,0.79850834608078,0.7379093766212463,-0.2943028211593628,0.17490777373313904,-0.5816208124160767,0.7575446963310242,0.1123255118727684,0.6406112909317017,1,0.49754947423934937,0.09120624512434006,0.8546965718269348,0.7635379433631897,-0.2538014352321625,0.11280160397291183,-0.5829840898513794,0
0.5682346820831299,0.07760686427354813,0.8041056394577026,0.7404900193214417,-0.2907833755016327,0.16944585740566254,-0.5817281007766724,0.7534063458442688,0.11481139063835144,0.6486615538597107,1,0.4902455806732178,0.09250758588314056,0.8586342930793762,0.7657450437545776,-0.2501625716686249,0.1072021946310997,-0.5827184915542603,0
0.5620608925819397,0.07912979274988174,0.809569239616394,0.7430403828620911,-0.2872482240200043,0.1639637053012848,-0.5818035006523132,0.7490928173065186,0.1172913983464241,0.6566066741943359,1,0.4828447103500366,0.09378106892108917,0.8624042272567749,0.767915666103363,-0.24651484191417694,0.10159378498792648,-0.5824214220046997,0
0.5557502508163452,0.08063507825136185,0.814895749092102,0.7455599308013916,-0.28369760513305664,0.1584618240594864,-0.5818468332290649,0.7446067333221436,0.11976396292448044,0.6644421219825745,1,0.47534942626953125,0.09502632170915604,0.8660051226615906,0.7700494527816772,-0.2428581565618515,0.09597604721784592,-0.5820931196212769,0
0.5493068099021912,0.08212165534496307,0.8200810551643372,0.7480480074882507,-0.28013259172439575,0.1529417335987091,-0.5818579196929932,0.73995041847229,0.12222762405872345,0.6721634864807129,1,0.46776440739631653,0.0962425097823143,0.8694347739219666,0.7721460461616516,-0.23919308185577393,0.0903499647974968,-0.5817335844039917,0
0.5427334308624268,0.08358758687973022,0.8251221776008606,0.750503420829773,-0.27655327320098877,0.14740391075611115,-0.5818374156951904,0.7351266741752625,0.12468095123767853,0.6797667145729065,1,0.46009212732315063,0.09742894768714905,0.8726919293403625,0.7742053270339966,-0.23551949858665466,0.08471553772687912,-0.5813431739807129,0
0.5360334515571594,0.0850328654050827,0.8300157785415649,0.7529262900352478,-0.27296024560928345,0.14184918999671936,-0.581784725189209,0.7301382422447205,0.1271224319934845,0.6872477531433105,1,0.4523364305496216,0.09858488291501999,0.8757748007774353,0.776226818561554,-0.2318374067544937,0.07907277345657349,-0.5809222459793091,0
0.5292105674743652,0.0864558219909668,0.8347585201263428,0.7553154826164246,-0.26935383677482605,0.13627858459949493,-0.5817000865936279,0.7249879240989685,0.12955085933208466,0.6946027874946594,1,0.4445006251335144,0.09971005469560623,0.8786818385124207,0.7782106399536133,-0.22814707458019257,0.07342211902141571,-0.580470621585846,0
0.5222679376602173,0.0878557488322258,0.8393475413322449,0.7576709985733032,-0.2657347619533539,0.13069263100624084,-0.5815833210945129,0.7196785807609558,0.13196489214897156,0.7018281817436218,1,0.43658894300460815,0.10080371797084808,0.881411612033844,0.7801562547683716,-0.22444909811019897,0.06776446104049683,-0.5799885392189026,0
0.5152089595794678,0.08923133462667465,0.8437803983688354,0.7599917650222778,-0.26210275292396545,0.12509123980998993,-0.581434965133667,0.7142131328582764,0.1343632936477661,0.7089203596115112,1,0.4286046326160431,0.10186532139778137,0.8839625120162964,0.7820635437965393,-0.2207430899143219,0.06209946796298027,-0.5794761776924133,0
0.5080373287200928,0.09058190137147903,0.8480538725852966,0.7622778415679932,-0.25845879316329956,0.11947610229253769,-0.5812546610832214,0.7085946202278137,0.13674479722976685,0.7158759236335754,1,0.4205513000488281,0.10289423167705536,0.8863336443901062,0.7839320302009583,-0.21702922880649567,0.05642731115221977,-0.5789340734481812,0
0.500756561756134,0.09190642088651657,0.8521656394004822,0.7645282745361328,-0.2548026740550995,0.1138472929596901,-0.5810427665710449,0.7028261423110962,0.13910824060440063,0.7226917147636414,1,0.41243287920951843,0.10389026254415512,0.8885234594345093,0.785761833190918,-0.21330788731575012,0.050748735666275024,-0.5783619284629822,0
0.49337050318717957,0.0932040587067604,0.8561131358146667,0.7667427659034729,-0.25113561749458313,0.10820586234331131,-0.5807992815971375,0.6969108581542969,0.14145243167877197,0.7293645143508911,1,0.4042527377605438,0.1048528328537941,0.8905309438705444,0.787552535533905,-0.20957906544208527,0.04506400227546692,-0.5777600407600403,0
0.4858819842338562,0.09447389096021652,0.8598942756652832,0.7689210176467896,-0.24745681881904602,0.10255125910043716,-0.5805246233940125,0.6908520460128784,0.1437763124704361,0.7358913421630859,1,0.39601486921310425,0.10578151792287827,0.8923548460006714,0.7893040180206299,-0.20584295690059662,0.0393730029463768,-0.5771287083625793,0
0.47829577326774597,0.0957154855132103,0.8635063767433167,0.7710626721382141,-0.24376730620861053,0.0968850702047348,-0.5802180171012878,0.6846529245376587,0.14607875049114227,0.7422692775726318,1,0.3877227306365967,0.10667579621076584,0.8939944505691528,0.7910158038139343,-0.2020997405052185,0.03367631137371063,-0.5764681696891785,0
0.47061458230018616,0.09692760556936264,0.8669476509094238,0.7731672525405884,-0.2400670051574707,0.09120740741491318,-0.5798805356025696,0.6783168315887451,0.14835873246192932,0.7484953999519348,1,0.37938016653060913,0.10753561556339264,0.895448625087738,0.7926878929138184,-0.19834943115711212,0.02797400765120983,-0.5757784247398376,0
0.4628428816795349,0.09810993820428848,0.8702159523963928,0.7752344012260437,-0.2363562285900116,0.08551863580942154,-0.5795117616653442,0.6718471050262451,0.15061523020267487,0.7545670866966248,1,0.3709920048713684,0.10836048424243927,0.8967162370681763,0.7943199872970581,-0.1945926398038864,0.0222670566290617,-0.575059711933136,0
0.45498383045196533,0.09926145523786545,0.8733094930648804,0.7772635817527771,-0.23263542354106903,0.0798192247748375,-0.5791121125221252,0.6652472615242004,0.1528472900390625,0.7604817152023315,1,0.3625604212284088,0.1091499999165535,0.8977970480918884,0.7959117293357849,-0.1908288449048996,0.016554540023207664,-0.5743123888969421,0
