0.3625604212284088,0.1091499999165535,0.8977970480918884,0.7959117293357849,-0.1908288449048996,0.016554540023207664,-0.5743123888969421,0.6170650720596313,-0.10371755808591843,0.019999999552965164,0,0.3625604212284088,0.1091499999165535,0.8977970480918884,0.7959117293357849,-0.1908288449048996,0.016554540023207664,-0.5743123888969421,1
0.3628040552139282,0.10916154831647873,0.8976776003837585,0.7959170937538147,-0.19090838730335236,0.016660241410136223,-0.5742754340171814,0.6170650720596313,-0.10371755808591843,0.01981772482395172,0,0.3625604212284088,0.1091499999165535,0.8977970480918884,0.7959117293357849,-0.1908288449048996,0.016554540023207664,-0.5743123888969421,1
0.3632446825504303,0.10916890949010849,0.8974825739860535,0.7959179878234863,-0.1910729855298996,0.016885489225387573,-0.574212908744812,0.6170650720596313,-0.10371755808591843,0.019884353503584862,0,0.3625604212284088,0.1091499999165535,0.8977970480918884,0.7959117293357849,-0.1908288449048996,0.016554540023207664,-0.5743123888969421,1
0.36376747488975525,0.10917111486196518,0.8972581028938293,0.7959133982658386,-0.1912766695022583,0.017166968435049057,-0.5741432309150696,0.6170650720596313,-0.10371755808591843,0.019923372194170952,0,0.3625604212284088,0.1091499999165535,0.8977970480918884,0.7959117293357849,-0.1908288449048996,0.016554540023207664,-0.5743123888969421,1
0.3643089532852173,0.10917005687952042,0.8970283269882202,0.7959052920341492,-0.1914910078048706,0.01746424101293087,-0.5740739107131958,0.6170650720596313,-0.10371755808591843,0.019946129992604256,0,0.3625604212284088,0.1091499999165535,0.8977970480918884,0.7959117293357849,-0.1908288449048996,0.016554540023207664,-0.5743123888969421,1
0.36483412981033325,0.10916749387979507,0.8968064785003662,0.7958957552909851,-0.19170089066028595,0.017755331471562386,-0.5740082263946533,0.6170650720596313,-0.10371755808591843,0.019959425553679466,0,0.3625604212284088,0.1091499999165535,0.8977970480918884,0.7959117293357849,-0.1908288449048996,0.016554540023207664,-0.5743123888969421,1
0.3653259873390198,0.10916423052549362,0.8965990543365479,0.7958859801292419,-0.19189804792404175,0.01802937313914299,-0.5739471912384033,0.6170650720596313,-0.10371755808591843,0.019967196509242058,0,0.3625604212284088,0.1091499999165535,0.8977970480918884,0.7959117293357849,-0.1908288449048996,0.016554540023207664,-0.5743123888969421,1
0.36577728390693665,0.10916095972061157,0.89640873670578,0.7958768010139465,-0.19207923114299774,0.01828133687376976,-0.5738914608955383,0.6170650720596313,-0.10371755808591843,0.01997174322605133,0,0.3625604212284088,0.1091499999165535,0.8977970480918884,0.7959117293357849,-0.1908288449048996,0.016554540023207664,-0.5743123888969421,1
0.366186261177063,0.10915781557559967,0.8962359428405762,0.7958679795265198,-0.1922435611486435,0.018509861081838608,-0.5738412737846375,0.6170650720596313,-0.10371755808591843,0.019974403083324432,0,0.3625604212284088,0.1091499999165535,0.8977970480918884,0.7959117293357849,-0.1908288449048996,0.016554540023207664,-0.5743123888969421,1
0.3665536642074585,0.1091550812125206,0.8960806727409363,0.7958602905273438,-0.19239117205142975,0.01871492713689804,-0.5737957954406738,0.6170650720596313,-0.10371755808591843,0.01997595839202404,0,0.3625604212284088,0.1091499999165535,0.8977970480918884,0.7959117293357849,-0.1908288449048996,0.016554540023207664,-0.5743123888969421,1
0.36688217520713806,0.10915274918079376,0.895941436290741,0.7958534359931946,-0.1925230473279953,0.018898339942097664,-0.5737552642822266,0.6170650720596313,-0.10371755808591843,0.019976869225502014,0,0.3625604212284088,0.1091499999165535,0.8977970480918884,0.7959117293357849,-0.1908288449048996,0.016554540023207664,-0.5743123888969421,1
0.3671749234199524,0.10915068536996841,0.8958170413970947,0.7958471775054932,-0.1926405429840088,0.019061513245105743,-0.5737189054489136,0.6170650720596313,-0.10371755808591843,0.019977401942014694,0,0.3625604212284088,0.1091499999165535,0.8977970480918884,0.7959117293357849,-0.1908288449048996,0.016554540023207664,-0.5743123888969421,1
0.36743536591529846,0.10914917290210724,0.8957062363624573,0.7958419322967529,-0.19274485111236572,0.019206577911973,-0.5736864805221558,0.6170650720596313,-0.10371755808591843,0.019977713003754616,0,0.3625604212284088,0.1091499999165535,0.8977970480918884,0.7959117293357849,-0.1908288449048996,0.016554540023207664,-0.5743123888969421,1
0.3676663637161255,0.10914792865514755,0.8956077694892883,0.7958371639251709,-0.19283725321292877,0.019334783777594566,-0.5736575722694397,0.6170650720596313,-0.10371755808591843,0.01997789368033409,0,0.3625604212284088,0.1091499999165535,0.8977970480918884,0.7959117293357849,-0.1908288449048996,0.016554540023207664,-0.5743123888969421,1
0.3678717017173767,0.10914682596921921,0.8955199718475342,0.7958332300186157,-0.1929192990064621,0.019448645412921906,-0.573631763458252,0.6170650720596313,-0.10371755808591843,0.019978001713752747,0,0.3625604212284088,0.1091499999165535,0.8977970480918884,0.7959117293357849,-0.1908288449048996,0.016554540023207664,-0.5743123888969421,1
0.3680533766746521,0.10914600640535355,0.8954421877861023,0.795829713344574,-0.19299162924289703,0.01954904943704605,-0.5736088156700134,0.6170650720596313,-0.10371755808591843,0.01997806318104267,0,0.3625604212284088,0.1091499999165535,0.8977970480918884,0.7959117293357849,-0.1908288449048996,0.016554540023207664,-0.5743123888969421,1
0.3682141900062561,0.10914544761180878,0.8953732252120972,0.79582679271698,-0.19305557012557983,0.01963799074292183,-0.5735883712768555,0.6170650720596313,-0.10371755808591843,0.019978100433945656,0,0.3625604212284088,0.1091499999165535,0.8977970480918884,0.7959117293357849,-0.1908288449048996,0.016554540023207664,-0.5743123888969421,1
0.3683570623397827,0.10914503037929535,0.8953116536140442,0.7958241105079651,-0.19311225414276123,0.019716612994670868,-0.5735701322555542,0.6170650720596313,-0.10371755808591843,0.019978120923042297,0,0.3625604212284088,0.1091499999165535,0.8977970480918884,0.7959117293357849,-0.1908288449048996,0.016554540023207664,-0.5743123888969421,1
0.36848360300064087,0.10914475470781326,0.8952572345733643,0.7958218455314636,-0.1931624412536621,0.019786084070801735,-0.5735539793968201,0.6170650720596313,-0.10371755808591843,0.019978133961558342,0,0.3625604212284088,0.1091499999165535,0.8977970480918884,0.7959117293357849,-0.1908288449048996,0.016554540023207664,-0.5743123888969421,1
0.36859551072120667,0.10914462059736252,0.8952088356018066,0.7958201169967651,-0.19320662319660187,0.019847365096211433,-0.5735394358634949,0.6170650720596313,-0.10371755808591843,0.01997814141213894,0,0.3625604212284088,0.1091499999165535,0.8977970480918884,0.7959117293357849,-0.1908288449048996,0.016554540023207664,-0.5743123888969421,1
0.36869457364082336,0.10914447903633118,0.8951660394668579,0.7958184480667114,-0.1932457685470581,0.01990160159766674,-0.5735267996788025,0.6170650720596313,-0.10371755808591843,0.019978145137429237,0,0.3625604212284088,0.1091499999165535,0.8977970480918884,0.7959117293357849,-0.1908288449048996,0.016554540023207664,-0.5743123888969421,1
0.3687824606895447,0.10914447903633118,0.8951278328895569,0.795816957950592,-0.19328033924102783,0.01994943805038929,-0.5735154151916504,0.6170650720596313,-0.10371755808591843,0.019978148862719536,0,0.3625604212284088,0.1091499999165535,0.8977970480918884,0.7959117293357849,-0.1908288449048996,0.016554540023207664,-0.5743123888969421,1
0.36886000633239746,0.10914461314678192,0.895094096660614,0.7958159446716309,-0.19331079721450806,0.019991593435406685,-0.5735051035881042,0.6170650720596313,-0.10371755808591843,0.019978148862719536,0,0.3625604212284088,0.1091499999165535,0.8977970480918884,0.7959117293357849,-0.1908288449048996,0.016554540023207664,-0.5743123888969421,1
0.36892861127853394,0.10914474725723267,0.8950642347335815,0.7958149909973145,-0.19333770871162415,0.02002882771193981,-0.5734960436820984,0.6170650720596313,-0.10371755808591843,0.019978148862719536,0,0.3625604212284088,0.1091499999165535,0.8977970480918884,0.7959117293357849,-0.1908288449048996,0.016554540023207664,-0.5743123888969421,1
0.3689894676208496,0.10914488881826401,0.8950377106666565,0.7958140969276428,-0.1933615803718567,0.020061763003468513,-0.5734882354736328,0.6170650720596313,-0.10371755808591843,0.019978148862719536,0,0.3625604212284088,0.1091499999165535,0.8977970480918884,0.7959117293357849,-0.1908288449048996,0.016554540023207664,-0.5743123888969421,1
0.3690434694290161,0.10914502292871475,0.8950141072273254,0.7958134412765503,-0.1933826208114624,0.020090937614440918,-0.5734809041023254,0.6170650720596313,-0.10371755808591843,0.019978148862719536,0,0.3625604212284088,0.1091499999165535,0.8977970480918884,0.7959117293357849,-0.1908288449048996,0.016554540023207664,-0.5743123888969421,1
0.3690912425518036,0.10914530605077744,0.8949931859970093,0.7958129048347473,-0.1934012621641159,0.02011662721633911,-0.5734745860099792,0.6170650720596313,-0.10371755808591843,0.019978148862719536,0,0.3625604212284088,0.1091499999165535,0.8977970480918884,0.7959117293357849,-0.1908288449048996,0.016554540023207664,-0.5743123888969421,1
0.3691335916519165,0.10914543271064758,0.8949745893478394,0.7958122491836548,-0.19341766834259033,0.02013932727277279,-0.5734689831733704,0.6170650720596313,-0.10371755808591843,0.019978148862719536,0,0.3625604212284088,0.1091499999165535,0.8977970480918884,0.7959117293357849,-0.1908288449048996,0.016554540023207664,-0.5743123888969421,1
0.369171142578125,0.10914570838212967,0.894957959651947,0.7958120107650757,-0.19343216717243195,0.020159302279353142,-0.5734638571739197,0.6170650720596313,-0.10371755808591843,0.019978148862719536,0,0.3625604212284088,0.1091499999165535,0.8977970480918884,0.7959117293357849,-0.1908288449048996,0.016554540023207664,-0.5743123888969421,1
0.36920416355133057,0.10914599150419235,0.8949434161186218,0.795811653137207,-0.19344498217105865,0.020176958292722702,-0.5734593868255615,0.6170650720596313,-0.10371755808591843,0.019978148862719536,0,0.3625604212284088,0.1091499999165535,0.8977970480918884,0.7959117293357849,-0.1908288449048996,0.016554540023207664,-0.5743123888969421,1
0.36923354864120483,0.1091461256146431,0.8949304223060608,0.7958112955093384,-0.1934562772512436,0.020192500203847885,-0.5734555721282959,0.6170650720596313,-0.10371755808591843,0.019978148862719536,0,0.36923354864120483,0.1091461256146431,0.8949304223060608,0.7958112955093384,-0.1934562772512436,0.020192500203847885,-0.5734555721282959,1
0.3694966435432434,0.10915748029947281,0.8948008418083191,0.7958157062530518,-0.1935444176197052,0.020310046151280403,-0.5734154582023621,0.6170650720596313,-0.10371755808591843,0.019978148862719536,0,0.37546443939208984,0.10788840800523758,0.8943277597427368,0.7939175963401794,-0.19730477035045624,0.025096029043197632,-0.5745744109153748,1
0.37029168009757996,0.10908205062150955,0.8946337699890137,0.7956860661506653,-0.1939508616924286,0.020826896652579308,-0.5734396576881409,0.6170650720596313,-0.10371755808591843,0.019978148862719536,0,0.3816642165184021,0.10659024119377136,0.8936169147491455,0.7919949293136597,-0.20114147663116455,0.030001923441886902,-0.5756613612174988,1
0.37162014842033386,0.10889644175767899,0.8944247961044312,0.7953895330429077,-0.19469565153121948,0.021774418652057648,-0.5735632181167603,0.6170650720596313,-0.10371755808591843,0.019978148862719536,0,0.3878324329853058,0.1052519828081131,0.892797589302063,0.790043294429779,-0.2049667090177536,0.03491088002920151,-0.5767160654067993,1
0.373449444770813,0.10860268771648407,0.8941655158996582,0.7949326634407043,-0.19575531780719757,0.023125294595956802,-0.5737831592559814,0.6170650720596313,-0.10371755808591843,0.019978148862719536,0,0.3939661681652069,0.10387402027845383,0.8918707370758057,0.7880629897117615,-0.20878012478351593,0.039821840822696686,-0.5777385234832764,1
0.37573933601379395,0.1082070842385292,0.89384925365448,0.7943269610404968,-0.19710315763950348,0.024846842512488365,-0.574088454246521,0.6170650720596313,-0.10371755808591843,0.019978148862719536,0,0.4000643491744995,0.10245675593614578,0.8908364772796631,0.7860546112060547,-0.2125815898180008,0.044735126197338104,-0.5787279009819031,1
0.3784460425376892,0.10771627724170685,0.8934714198112488,0.7935845851898193,-0.19871129095554352,0.026904935017228127,-0.5744679570198059,0.6170650720596313,-0.10371755808591843,0.019978148862719536,0,0.406125009059906,0.1010003313422203,0.8896952271461487,0.7840179204940796,-0.21637089550495148,0.0496504083275795,-0.5796846151351929,1
0.3815266191959381,0.10713578760623932,0.893027663230896,0.7927160859107971,-0.20055340230464935,0.02926716022193432,-0.5749111175537109,0.6170650720596313,-0.10371755808591843,0.019978148862719536,0,0.41214680671691895,0.099505215883255,0.8884473443031311,0.7819533348083496,-0.22014807164669037,0.05456775054335594,-0.5806083679199219,1
0.38494038581848145,0.10647082328796387,0.8925139307975769,0.7917317748069763,-0.2026049643754959,0.03190355375409126,-0.5754078030586243,0.6170650720596313,-0.10371755808591843,0.019978148862719536,0,0.4181272089481354,0.0979718342423439,0.8870936036109924,0.7798611521720886,-0.22391235828399658,0.05948628485202789,-0.581498920917511,1
0.3886493146419525,0.10572575032711029,0.891926646232605,0.7906399369239807,-0.20484323799610138,0.034785933792591095,-0.5759493112564087,0.6170650720596313,-0.10371755808591843,0.019978148862719536,0,0.42406532168388367,0.09640073776245117,0.8856341242790222,0.7777417898178101,-0.22766435146331787,0.0644066333770752,-0.582355797290802,1
0.39261794090270996,0.10490425676107407,0.8912621736526489,0.7894484400749207,-0.20724746584892273,0.03788895159959793,-0.5765275955200195,0.6170650720596313,-0.10371755808591843,0.019978148862719536,0,0.4299592673778534,0.09479208290576935,0.884069561958313,0.7755951881408691,-0.231403186917305,0.0693281814455986,-0.5831792950630188,1
0.39681476354599,0.10400964319705963,0.8905171751976013,0.7881641387939453,-0.2097988724708557,0.041189711540937424,-0.5771352052688599,0.6170650720596313,-0.10371755808591843,0.019978148862719536,0,0.4358070194721222,0.0931464433670044,0.8824005722999573,0.7734216451644897,-0.23512926697731018,0.07425080984830856,-0.5839690566062927,1
0.40120992064476013,0.10304507613182068,0.8896884322166443,0.7867934107780457,-0.2124803364276886,0.04466724023222923,-0.5777654051780701,0.6170650720596313,-0.10371755808591843,0.019978148862719536,0,0.44160711765289307,0.0914643332362175,0.8806275129318237,0.7712215781211853,-0.23884204030036926,0.07917410880327225,-0.5847249031066895,1
0.4057783782482147,0.10201326012611389,0.8887726068496704,0.7853417992591858,-0.21527725458145142,0.04830341413617134,-0.5784121751785278,0.6170650720596313,-0.10371755808591843,0.019978148862719536,0,0.447358101606369,0.0897464007139206,0.8787510395050049,0.7689951062202454,-0.2425415813922882,0.0840982049703598,-0.5854464173316956,1
0.4104955196380615,0.10091637074947357,0.8877671360969543,0.7838142514228821,-0.21817563474178314,0.05208126828074455,-0.5790699124336243,0.6170650720596313,-0.10371755808591843,0.019978148862719536,0,0.4530586004257202,0.08799280971288681,0.8767713308334351,0.7667425274848938,-0.2462277114391327,0.08902295678853989,-0.5861337184906006,1
0.4153401255607605,0.09975678473711014,0.8866696357727051,0.782215416431427,-0.22116316854953766,0.05598624423146248,-0.5797339677810669,0.6170650720596313,-0.10371755808591843,0.019978148862719536,0,0.45870596170425415,0.08620456606149673,0.8746898174285889,0.7644643187522888,-0.2498999536037445,0.09394767880439758,-0.5867863297462463,1
0.4202926754951477,0.09853668510913849,0.8854777216911316,0.7805491089820862,-0.22422879934310913,0.0600043423473835,-0.580399751663208,0.6170650720596313,-0.10371755808591843,0.019978148862719536,0,0.4642994701862335,0.08438176661729813,0.8725064992904663,0.7621601819992065,-0.2535583972930908,0.09887286275625229,-0.5874045491218567,1
0.42533552646636963,0.09725800901651382,0.8841897249221802,0.7788196802139282,-0.22736284136772156,0.06412403285503387,-0.5810629725456238,0.6170650720596313,-0.10371755808591843,0.019978148862719536,0,0.4698370695114136,0.08252541720867157,0.8702223896980286,0.759830892086029,-0.25720277428627014,0.103797547519207,-0.5879877805709839,1
0.43045303225517273,0.09592248499393463,0.8828038573265076,0.7770301103591919,-0.23055633902549744,0.06833440065383911,-0.5817201733589172,0.6170650720596313,-0.10371755808591843,0.019978148862719536,0,0.4753175675868988,0.08063575625419617,0.8678377270698547,0.7574765086174011,-0.26083311438560486,0.10872206836938858,-0.5885360836982727,1
0.43563079833984375,0.09453190118074417,0.8813188076019287,0.7751837372779846,-0.2338014841079712,0.07262594252824783,-0.5823678970336914,0.6170650720596313,-0.10371755808591843,0.019978148862719536,0,0.48073920607566833,0.07871361076831818,0.8653537034988403,0.755097508430481,-0.26444903016090393,0.11364603042602539,-0.5890492796897888,1
0.4408562183380127,0.09308794140815735,0.8797329664230347,0.7732833027839661,-0.23709136247634888,0.07699022442102432,-0.5830034017562866,0.6170650720596313,-0.10371755808591843,0.019978148862719536,0,0.4861001670360565,0.07675959914922714,0.8627709150314331,0.7526939511299133,-0.2680504322052002,0.11856924742460251,-0.5895270705223083,1
0.44611653685569763,0.09159237891435623,0.8780463337898254,0.7713314890861511,-0.24041937291622162,0.08141915500164032,-0.5836240649223328,0.6170650720596313,-0.10371755808591843,0.019978148862719536,0,0.4913991689682007,0.07477455586194992,0.8600898385047913,0.7502660155296326,-0.2716372013092041,0.12349146604537964,-0.5899693369865417,1
0.4514014720916748,0.09004659950733185,0.8762578368186951,0.7693309783935547,-0.2437797635793686,0.08590584248304367,-0.5842272639274597,0.6170650720596313,-0.10371755808591843,0.019978148862719536,0,0.496634840965271,0.07275879383087158,0.8573115468025208,0.7478141784667969,-0.27520912885665894,0.12841258943080902,-0.5903761386871338,1
0.4567013382911682,0.08845199644565582,0.874366819858551,0.76728355884552,-0.2471676915884018,0.09044421464204788,-0.5848110318183899,0.6170650720596313,-0.10371755808591843,0.019978148862719536,0,0.5018051266670227,0.07071320712566376,0.8544369339942932,0.7453386783599854,-0.2787657678127289,0.13333231210708618,-0.5907472968101501,1
0.46200722455978394,0.08681033551692963,0.8723733425140381,0.7651915550231934,-0.2505781650543213,0.0950285866856575,-0.5853732228279114,0.6170650720596313,-0.10371755808591843,0.019978148862719536,0,0.5069090723991394,0.06863848119974136,0.8514664173126221,0.7428396344184875,-0.28230756521224976,0.13825072348117828,-0.5910823345184326,1
0.46731093525886536,0.08512289077043533,0.8702771663665771,0.7630571126937866,-0.25400739908218384,0.099653460085392,-0.5859123468399048,0.6170650720596313,-0.10371755808591843,0.019978148862719536,0,0.5119452476501465,0.06653551757335663,0.8484009504318237,0.7403175830841064,-0.28583407402038574,0.14316721260547638,-0.591381311416626,1
0.47260525822639465,0.08339068293571472,0.8680782318115234,0.7608811855316162,-0.2574516236782074,0.10431516170501709,-0.5864270925521851,0.6170650720596313,-0.10371755808591843,0.019978148862719536,0,0.5169113874435425,0.06440474838018417,0.8452417850494385,0.7377725839614868,-0.28934481739997864,0.14808151125907898,-0.5916443467140198,1
0.4778832793235779,0.08161559700965881,0.8657770156860352,0.7586662769317627,-0.26090753078460693,0.10900910943746567,-0.5869153738021851,0.6170650720596313,-0.10371755808591843,0.019978148862719536,0,0.5218069553375244,0.062247052788734436,0.841989278793335,0.735204815864563,-0.29284006357192993,0.15299390256404877,-0.5918709635734558,1
0.48313868045806885,0.0797986164689064,0.8633736371994019,0.7564132809638977,-0.26437196135520935,0.11373146623373032,-0.5873767137527466,0.6170650720596313,-0.10371755808591843,0.019978148862719536,0,0.526630163192749,0.06006322801113129,0.8386446833610535,0.7326148152351379,-0.2963195741176605,0.15790395438671112,-0.5920612215995789,1
0.48836618661880493,0.07794100791215897,0.8608683943748474,0.754124104976654,-0.2678425908088684,0.11847958713769913,-0.5878093242645264,0.6170650720596313,-0.10371755808591843,0.019978148862719536,0,0.5313801169395447,0.057854246348142624,0.8352083563804626,0.7300028800964355,-0.29978305101394653,0.16281171143054962,-0.5922146439552307,1
0.493559867143631,0.07604420930147171,0.8582621216773987,0.7517995238304138,-0.2713164985179901,0.12324957549571991,-0.588212788105011,0.6170650720596313,-0.10371755808591843,0.019978148862719536,0,0.5360548496246338,0.055620674043893814,0.8316817283630371,0.7273690700531006,-0.3032305836677551,0.1677166372537613,-0.5923313498497009,1
0.4987153112888336,0.07410941272974014,0.8555552959442139,0.7494409680366516,-0.27479198575019836,0.1280391961336136,-0.5885859131813049,0.6170650720596313,-0.10371755808591843,0.019978148862719536,0,0.5406529903411865,0.053363390266895294,0.8280658721923828,0.7247138619422913,-0.30666157603263855,0.1726183444261551,-0.5924115180969238,1
0.5038279891014099,0.07213779538869858,0.852748453617096,0.747049868106842,-0.2782667279243469,0.132845938205719,-0.5889278650283813,0.6170650720596313,-0.10371755808591843,0.019978148862719536,0,0.5451739430427551,0.0510832816362381,0.8243610858917236,0.7220372557640076,-0.310076504945755,0.1775173395872116,-0.5924544334411621,1
0.5088939666748047,0.0701303780078888,0.8498424887657166,0.7446267604827881,-0.2817392647266388,0.13766799867153168,-0.5892379283905029,0.6170650720596313,-0.10371755808591843,0.019978148862719536,0,0.5496152639389038,0.048781514167785645,0.8205692768096924,0.7193402051925659,-0.3134743869304657,0.1824123114347458,-0.5924602150917053,1
0.5139091610908508,0.06808861345052719,0.846838116645813,0.7421730160713196,-0.28520792722702026,0.14250287413597107,-0.5895155072212219,0.6170650720596313,-0.10371755808591843,0.019978148862719536,0,0.5539765357971191,0.04645843803882599,0.8166907429695129,0.7166221737861633,-0.3168558180332184,0.1873040348291397,-0.592428982257843,1
0.518869936466217,0.06601368635892868,0.843736469745636,0.7396895885467529,-0.28867095708847046,0.1473488211631775,-0.5897597670555115,0.6170650720596313,-0.10371755808591843,0.019978148862719536,0,0.5582563281059265,0.04411519691348076,0.812726616859436,0.7138838768005371,-0.32022035121917725,0.19219207763671875,-0.5923603773117065,1
0.5237729549407959,0.06390657275915146,0.8405382633209229,0.7371771335601807,-0.292127400636673,0.15220417082309723,-0.5899705290794373,0.6170650720596313,-0.10371755808591843,0.019978148862719536,0,0.5624529719352722,0.041752707213163376,0.8086783289909363,0.7111256718635559,-0.3235677480697632,0.19707639515399933,-0.5922541618347168,1
0.5286157131195068,0.06176824867725372,0.8372442722320557,0.7346363663673401,-0.295575886964798,0.15706782042980194,-0.5901472568511963,0.6170650720596313,-0.10371755808591843,0.019978148862719536,0,0.5665655136108398,0.03937210515141487,0.8045468330383301,0.7083477973937988,-0.32689791917800903,0.20195595920085907,-0.5921104550361633,1
0.5333946347236633,0.05960026755928993,0.8338558673858643,0.7320684194564819,-0.2990153729915619,0.1619379222393036,-0.5902894735336304,0.6170650720596313,-0.10371755808591843,0.019978148862719536,0,0.5705927610397339,0.03697388246655464,0.8003329634666443,0.7055501937866211,-0.33021080493927,0.20683124661445618,-0.5919294953346252,1
0.538107693195343,0.057403285056352615,0.8303736448287964,0.7294738292694092,-0.30244502425193787,0.16681373119354248,-0.590396523475647,0.6170650720596313,-0.10371755808591843,0.019978148862719536,0,0.5745337009429932,0.03455914556980133,0.7960379123687744,0.7027336359024048,-0.3335062265396118,0.2117021083831787,-0.5917103290557861,1
0.5427518486976624,0.05517899990081787,0.8267989754676819,0.7268533706665039,-0.3058639168739319,0.17169375717639923,-0.5904680490493774,0.6170650720596313,-0.10371755808591843,0.019978148862719536,0,0.5783873200416565,0.032128866761922836,0.7916626930236816,0.6998980641365051,-0.33678409457206726,0.2165682464838028,-0.5914534330368042,1
0.5473244786262512,0.052928052842617035,0.8231330513954163,0.7242075800895691,-0.3092710077762604,0.17657682299613953,-0.5905043482780457,0.6170650720596313,-0.10371755808591843,0.019978148862719536,0,0.5821518301963806,0.029684318229556084,0.7872087955474854,0.6970441937446594,-0.3400440216064453,0.22142909467220306,-0.5911585688591003,1
0.5518240928649902,0.05065172538161278,0.8193766474723816,0.7215372323989868,-0.3126658499240875,0.1814623326063156,-0.5905043482780457,0.6170650720596313,-0.10371755808591843,0.019978148862719536,0,0.5858263969421387,0.02722596749663353,0.7826773524284363,0.6941717863082886,-0.3432858884334564,0.22628481686115265,-0.5908260345458984,1
0.5562479496002197,0.04835106432437897,0.8155310750007629,0.7188428640365601,-0.3160475492477417,0.1863490790128708,-0.5904683470726013,0.6170650720596313,-0.10371755808591843,0.019978148862719536,0,0.5894107818603516,0.024754952639341354,0.7780687212944031,0.6912813782691956,-0.3465100824832916,0.23113548755645752,-0.5904550552368164,1
0.5605945587158203,0.04602730646729469,0.8115972876548767,0.7161250710487366,-0.3194156885147095,0.19123665988445282,-0.5903956294059753,0.6170650720596313,-0.10371755808591843,0.019978148862719536,0,0.5929026007652283,0.022272616624832153,0.7733850479125977,0.6883733868598938,-0.34971582889556885,0.23598021268844604,-0.5900458693504333,1
0.564861536026001,0.043681610375642776,0.8075768351554871,0.7133844494819641,-0.32276955246925354,0.19612421095371246,-0.5902860760688782,0.6170650720596313,-0.10371755808591843,0.019978148862719536,0,0.5963016748428345,0.019779790192842484,0.7686271667480469,0.6854481101036072,-0.3529032766819,0.240819051861763,-0.5895983576774597,1
0.5690471529960632,0.04131482169032097,0.8034707307815552,0.7106214761734009,-0.32610848546028137,0.20101085305213928,-0.5901396870613098,0.6170650720596313,-0.10371755808591843,0.019978148862719536,0,0.5996068716049194,0.017277274280786514,0.7637964487075806,0.6825055480003357,-0.3560720980167389,0.24565178155899048,-0.5891127586364746,1
0.5731496810913086,0.038928136229515076,0.7992803454399109,0.7078366279602051,-0.3294321298599243,0.2058955430984497,-0.5899564623832703,0.6170650720596313,-0.10371755808591843,0.019978148862719536,0,0.6028174161911011,0.01476626843214035,0.7588934898376465,0.6795464754104614,-0.3592224419116974,0.25047868490219116,-0.5885883569717407,1
0.5771675109863281,0.03652282804250717,0.7950067520141602,0.7050307393074036,-0.3327401280403137,0.2107784003019333,-0.5897355675697327,0.6170650720596313,-0.10371755808591843,0.019978148862719536,0,0.6059316396713257,0.01224795263260603,0.7539204955101013,0.6765707731246948,-0.3623539209365845,0.2552987337112427,-0.5880256295204163,1
0.5810991525650024,0.03409966453909874,0.7906511425971985,0.7022035717964172,-0.33603206276893616,0.21565893292427063,-0.5894774198532104,0.6170650720596313,-0.10371755808591843,0.019978148862719536,0,0.6089489459991455,0.009723583236336708,0.7488784193992615,0.6735791563987732,-0.3654662072658539,0.26011210680007935,-0.5874242186546326,1
0.5849432945251465,0.03166002407670021,0.7862147092819214,0.699356198310852,-0.339307576417923,0.22053612768650055,-0.5891815423965454,0.6170650720596313,-0.10371755808591843,0.019978148862719536,0,0.6118690371513367,0.007193625904619694,0.7437677979469299,0.6705713868141174,-0.3685598075389862,0.26491889357566833,-0.5867840647697449,1
0.5886978507041931,0.029204975813627243,0.7816992402076721,0.6964889168739319,-0.3425661325454712,0.22540968656539917,-0.5888479948043823,0.6170650720596313,-0.10371755808591843,0.019978148862719536,0,0.614690363407135,0.004659545607864857,0.7385909557342529,0.6675482392311096,-0.3716341257095337,0.2697184383869171,-0.586105227470398,1
0.5923619866371155,0.026735451072454453,0.7771056890487671,0.6936020255088806,-0.345807284116745,0.23027916252613068,-0.5884767770767212,0.6170650720596313,-0.10371755808591843,0.019978148862719536,0,0.6175788640975952,0.0019637979567050934,0.7330191135406494,0.6643195748329163,-0.37487906217575073,0.2748096287250519,-0.5853415131568909,1
0.5959434509277344,0.024243352934718132,0.7724184989929199,0.6906841993331909,-0.3490438461303711,0.23516157269477844,-0.5880669355392456,0.6170650720596313,-0.10371755808591843,0.019978148862719536,0,0.620354413986206,-0.0007341597229242325,0.7273747324943542,0.6610739827156067,-0.3781023621559143,0.27989280223846436,-0.58453369140625,1
0.5994445085525513,0.02172672748565674,0.7676336169242859,0.6877325177192688,-0.3522777557373047,0.24006178975105286,-0.5876177549362183,0.6170650720596313,-0.10371755808591843,0.019978148862719536,0,0.6230158805847168,-0.003433024510741234,0.7216600775718689,0.6578118801116943,-0.3813035190105438,0.28496700525283813,-0.583682119846344,1
0.6028653979301453,0.019186507910490036,0.7627497911453247,0.6847475171089172,-0.3555089831352234,0.24498045444488525,-0.5871275663375854,0.6170650720596313,-0.10371755808591843,0.019978148862719536,0,0.6255623698234558,-0.006131458096206188,0.7158763408660889,0.6545338034629822,-0.384482204914093,0.29003235697746277,-0.5827864408493042,1
0.6062042117118835,0.016623876988887787,0.7577673196792603,0.6817298531532288,-0.3587363064289093,0.24991658329963684,-0.5865954756736755,0.6170650720596313,-0.10371755808591843,0.019978148862719536,0,0.6279927492141724,-0.008828075602650642,0.7100253701210022,0.6512401103973389,-0.3876383602619171,0.2950884699821472,-0.5818467140197754,1
0.6094582080841064,0.014040970243513584,0.7526875734329224,0.6786811351776123,-0.36195865273475647,0.2548685669898987,-0.5860201716423035,0.6170650720596313,-0.10371755808591843,0.019978148862719536,0,0.6303065419197083,-0.011521600186824799,0.7041088938713074,0.647930920124054,-0.3907718360424042,0.3001350164413452,-0.5808628797531128,1
0.6126230359077454,0.011439778842031956,0.7475137114524841,0.6756023168563843,-0.3651737570762634,0.25983351469039917,-0.5854024887084961,0.6170650720596313,-0.10371755808591843,0.019978148862719536,0,0.6325028538703918,-0.01421070471405983,0.6981282234191895,0.6446067690849304,-0.3938826024532318,0.3051719069480896,-0.5798349976539612,1
0.6156960725784302,0.00882235262542963,0.7422477006912231,0.6724951267242432,-0.36837998032569885,0.2648095190525055,-0.5847411751747131,0.6170650720596313,-0.10371755808591843,0.019978148862719536,0,0.6345811486244202,-0.01689380593597889,0.6920852065086365,0.6412681937217712,-0.3969704508781433,0.31019875407218933,-0.5787627100944519,1
0.6186743974685669,0.00619113352149725,0.7368918061256409,0.6693606376647949,-0.3715766370296478,0.2697948217391968,-0.5840357542037964,0.6170650720596313,-0.10371755808591843,0.019978148862719536,0,0.636540412902832,-0.01956978626549244,0.6859814524650574,0.6379152536392212,-0.4000351130962372,0.3152155578136444,-0.5776461958885193,1
0.6215542554855347,0.0035477709025144577,0.7314494848251343,0.6662002801895142,-0.3747616112232208,0.2747868597507477,-0.5832864046096802,0.6170650720596313,-0.10371755808591843,0.019978148862719536,0,0.6383800506591797,-0.022237136960029602,0.6798191070556641,0.6345484256744385,-0.4030766487121582,0.32022160291671753,-0.5764855146408081,1
0.624332845211029,0.0008945120498538017,0.7259234189987183,0.6630151271820068,-0.3779333233833313,0.2797836661338806,-0.582493245601654,0.6170650720596313,-0.10371755808591843,0.019978148862719536,0,0.6400994658470154,-0.024894574657082558,0.6735992431640625,0.6311683058738708,-0.4060947299003601,0.3252171277999878,-0.5752803087234497,1
0.6270076036453247,-0.0017665354534983635,0.7203157544136047,0.6598064303398132,-0.3810908794403076,0.28478389978408813,-0.5816556215286255,0.6170650720596313,-0.10371755808591843,0.019978148862719536,0,0.6416982412338257,-0.027540627866983414,0.6673240065574646,0.6277749538421631,-0.4090892970561981,0.33020174503326416,-0.5740307569503784,1
0.6295760273933411,-0.004433708265423775,0.7146297097206116,0.6565751433372498,-0.3842329978942871,0.2897854149341583,-0.5807738900184631,0.6170650720596313,-0.10371755808591843,0.019978148862719536,0,0.6431753039360046,-0.03017391636967659,0.6609953045845032,0.6243690252304077,-0.412060022354126,0.3351747989654541,-0.572736918926239,1
0.6320360898971558,-0.007104774471372366,0.7088673710823059,0.6533222794532776,-0.3873591125011444,0.29478728771209717,-0.5798476934432983,0.6170650720596313,-0.10371755808591843,0.019978148862719536,0,0.6445306539535522,-0.03279314935207367,0.654614269733429,0.6209506988525391,-0.41500696539878845,0.3401368260383606,-0.5713986158370972,1
0.6343854069709778,-0.009778182953596115,0.7030317187309265,0.6500489115715027,-0.39046749472618103,0.29978737235069275,-0.578877329826355,0.6170650720596313,-0.10371755808591843,0.019978148862719536,0,0.6457633376121521,-0.035396821796894073,0.6481836438179016,0.6175205111503601,-0.41792982816696167,0.3450867533683777,-0.5700159668922424,1
0.6366227865219116,-0.012452181428670883,0.6971244812011719,0.646755576133728,-0.39355817437171936,0.3047853112220764,-0.5778625011444092,0.6170650720596313,-0.10371755808591843,0.019978148862719536,0,0.6468732357025146,-0.03798360750079155,0.6417046189308167,0.6140786409378052,-0.4208286702632904,0.3500247001647949,-0.5685888528823853,1
0.6387458443641663,-0.015124780125916004,0.6911489367485046,0.6434433460235596,-0.3966297507286072,0.3097795844078064,-0.5768032073974609,0.6170650720596313,-0.10371755808591843,0.019978148862719536,0,0.6478599905967712,-0.04055217653512955,0.6351786851882935,0.6106256246566772,-0.42370331287384033,0.3549506962299347,-0.5671170353889465,1
0.6407533884048462,-0.017793938517570496,0.6851069927215576,0.6401134729385376,-0.3996817171573639,0.3147686719894409,-0.5756994485855103,0.6170650720596313,-0.10371755808591843,0.019978148862719536,0,0.6487232446670532,-0.04310140758752823,0.6286079287528992,0.6071616411209106,-0.4265534281730652,0.3598642647266388,-0.5656009912490845,1
0.6426441073417664,-0.02045850083231926,0.6790009140968323,0.6367658972740173,-0.40271371603012085,0.31975242495536804,-0.5745513439178467,0.6170650720596313,-0.10371755808591843,0.019978148862719536,0,0.6494624614715576,-0.04562928527593613,0.6219944953918457,0.6036875247955322,-0.42937883734703064,0.3647647798061371,-0.56404048204422,1
0.6444162130355835,-0.02311621978878975,0.6728336811065674,0.6334019303321838,-0.4057246446609497,0.32472893595695496,-0.5733590126037598,0.6170650720596313,-0.10371755808591843,0.019978148862719536,0,0.650077223777771,-0.04813472181558609,0.6153400540351868,0.6002033352851868,-0.43217965960502625,0.36965250968933105,-0.562435507774353,1
0.6460697054862976,-0.02576601877808571,0.6666063666343689,0.6300219297409058,-0.4087144136428833,0.3296986520290375,-0.5721220374107361,0.6170650720596313,-0.10371755808591843,0.019978148862719536,0,0.6505679488182068,-0.050616130232810974,0.6086459755897522,0.5967095494270325,-0.4349557161331177,0.3745270073413849,-0.560785710811615,1
0.6476026177406311,-0.02840573899447918,0.6603218913078308,0.6266269683837891,-0.41168251633644104,0.3346599340438843,-0.5708404183387756,0.6170650720596313,-0.10371755808591843,0.019978148862719536,0,0.6509336829185486,-0.053072474896907806,0.6019148230552673,0.5932064652442932,-0.43770670890808105,0.3793879747390747,-0.5590916872024536,1
0.6490143537521362,-0.031033985316753387,0.653982400894165,0.6232173442840576,-0.41462820768356323,0.3396122455596924,-0.5695146918296814,0.6170650720596313,-0.10371755808591843,0.019978148862719536,0,0.6511748433113098,-0.05550229176878929,0.5951477885246277,0.5896943211555481,-0.44043275713920593,0.38423529267311096,-0.5573533177375793,1
0.6503041982650757,-0.03364940732717514,0.647589921951294,0.6197934150695801,-0.4175513982772827,0.34455540776252747,-0.5681446194648743,0.6170650720596313,-0.10371755808591843,0.019978148862719536,0,0.651291012763977,-0.05790402740240097,0.5883469581604004,0.5861738920211792,-0.44313347339630127,0.38906872272491455,-0.5555703639984131,1
0.651470959186554,-0.03624972328543663,0.6411471366882324,0.616356611251831,-0.42045149207115173,0.3494878113269806,-0.566730260848999,0.6170650720596313,-0.10371755808591843,0.019978148862719536,0,0.6512818932533264,-0.060276277363300323,0.581514835357666,0.5826452374458313,-0.4458087682723999,0.3938876688480377,-0.5537431240081787,1
0.6525145173072815,-0.03883415460586548,0.6346553564071655,0.6129068732261658,-0.4233282804489136,0.3544101417064667,-0.5652713179588318,0.6170650720596313,-0.10371755808591843,0.019978148862719536,0,0.651147723197937,-0.06261777877807617,0.5746522545814514,0.5791089534759521,-0.44845864176750183,0.3986923098564148,-0.5518712997436523,1
0.6534342169761658,-0.041400738060474396,0.6281170845031738,0.6094448566436768,-0.42618149518966675,0.3593210279941559,-0.563768208026886,0.6170650720596313,-0.10371755808591843,0.019978148862719536,0,0.6508885622024536,-0.06492724269628525,0.5677618384361267,0.5755653381347656,-0.45108282566070557,0.4034821689128876,-0.5499553680419922,1
0.6542290449142456,-0.043947674334049225,0.6215347647666931,0.6059713959693909,-0.4290105402469635,0.3642198443412781,-0.5622210502624512,0.6170650720596313,-0.10371755808591843,0.019978148862719536,0,0.6505041122436523,-0.0672031044960022,0.5608452558517456,0.5720146298408508,-0.4536813497543335,0.4082570970058441,-0.5479950308799744,1
0.654899001121521,-0.046474210917949677,0.6149099469184875,0.6024864315986633,-0.43181532621383667,0.3691069781780243,-0.5606296062469482,0.6170650720596313,-0.10371755808591843,0.019978148862719536,0,0.6499948501586914,-0.06944411993026733,0.5539041757583618,0.5684573650360107,-0.456254243850708,0.4130169451236725,-0.5459902286529541,1
0.6554437875747681,-0.048978161066770554,0.6082450151443481,0.5989912152290344,-0.43459564447402954,0.3739809989929199,-0.558993935585022,0.6170650720596313,-0.10371755808591843,0.019978148862719536,0,0.6493605375289917,-0.0716489776968956,0.5469409823417664,0.5648940205574036,-0.4588007628917694,0.41776102781295776,-0.5439414978027344,1
0.6558630466461182,-0.05145837366580963,0.6015415787696838,0.5954856872558594,-0.43735119700431824,0.37884238362312317,-0.5573140978813171,0.6170650720596313,-0.10371755808591843,0.019978148862719536,0,0.6486017107963562,-0.07381632924079895,0.5399569272994995,0.5613247752189636,-0.46132132411003113,0.42248982191085815,-0.5418481230735779,1
0.6561563611030579,-0.05391303822398186,0.5948021411895752,0.5919706225395203,-0.440081924200058,0.3836899697780609,-0.5555902719497681,0.6170650720596313,-0.10371755808591843,0.019978148862719536,0,0.647718071937561,-0.07594481855630875,0.5329546928405762,0.5577501654624939,-0.4638155400753021,0.42720240354537964,-0.5397108793258667,1
0.6563238501548767,-0.05634107068181038,0.5880285501480103,0.5884464979171753,-0.4427873194217682,0.38852378726005554,-0.5538225173950195,0.6170650720596313,-0.10371755808591843,0.019978148862719536,0,0.6467102766036987,-0.07803314924240112,0.5259355306625366,0.554170548915863,-0.4662834703922272,0.43189871311187744,-0.5375296473503113,1
0.6563650965690613,-0.05874082073569298,0.5812227725982666,0.5849136710166931,-0.4454672932624817,0.3933435082435608,-0.5520105361938477,0.6170650720596313,-0.10371755808591843,0.019978148862719536,0,0.6455780863761902,-0.08007998764514923,0.5189017653465271,0.5505861043930054,-0.46872493624687195,0.4365787208080292,-0.5353043675422668,1
0.656279981136322,-0.06111094355583191,0.5743871927261353,0.5813726782798767,-0.4481216371059418,0.3981483578681946,-0.550154983997345,0.6170650720596313,-0.10371755808591843,0.019978148862719536,0,0.6443225145339966,-0.08208394050598145,0.511854887008667,0.5469974279403687,-0.47113993763923645,0.4412420094013214,-0.5330350399017334,1
0.6560691595077515,-0.06344984471797943,0.5675228238105774,0.5778239965438843,-0.45075052976608276,0.4029386341571808,-0.548255205154419,0.6170650720596313,-0.10371755808591843,0.019978148862719536,0,0.6429433822631836,-0.084043949842453,0.5047973394393921,0.5434049963951111,-0.4735279977321625,0.4458884000778198,-0.5307218432426453,1
0.6557314991950989,-0.0657561868429184,0.5606330633163452,0.5742679834365845,-0.4533531963825226,0.40771329402923584,-0.5463120937347412,0.6170650720596313,-0.10371755808591843,0.019978148862719536,0,0.6414412260055542,-0.08595848828554153,0.49773067235946655,0.539808988571167,-0.4758893549442291,0.45051759481430054,-0.5283647775650024,1
0.6552678346633911,-0.06802859902381897,0.5537188649177551,0.5707051753997803,-0.4559299349784851,0.41247275471687317,-0.5443249344825745,0.6170650720596313,-0.10371755808591843,0.019978148862719536,0,0.6398164629936218,-0.08782638609409332,0.4906567335128784,0.5362098813056946,-0.47822362184524536,0.455129474401474,-0.5259641408920288,1
0.6546781063079834,-0.07026556879281998,0.5467827916145325,0.5671358704566956,-0.45848068594932556,0.41721612215042114,-0.5422942638397217,0.6170650720596313,-0.10371755808591843,0.019978148862719536,0,0.6380695700645447,-0.08964630961418152,0.48357778787612915,0.532607913017273,-0.48053106665611267,0.4597237706184387,-0.5235193967819214,1
0.6539623737335205,-0.07246589660644531,0.5398267507553101,0.5635607242584229,-0.4610045850276947,0.4219430983066559,-0.540220320224762,0.6170650720596313,-0.10371755808591843,0.019978148862719536,0,0.6362009644508362,-0.09141698479652405,0.4764956831932068,0.5290037393569946,-0.48281130194664,0.46429988741874695,-0.521031379699707,1
0.6531211137771606,-0.07462816685438156,0.532852292060852,0.559980034828186,-0.46350228786468506,0.42665401101112366,-0.538102388381958,0.6170650720596313,-0.10371755808591843,0.019978148862719536,0,0.6342111825942993,-0.09313727915287018,0.46941226720809937,0.5253977179527283,-0.48506423830986023,0.4688577950000763,-0.5184998512268066,1
0.6521544456481934,-0.07675102353096008,0.525861918926239,0.5563943386077881,-0.4659731090068817,0.43134769797325134,-0.5359415411949158,0.6170650720596313,-0.10371755808591843,0.019978148862719536,0,0.6321009993553162,-0.09480596333742142,0.46232926845550537,0.5217899084091187,-0.48729005455970764,0.47339746356010437,-0.5159248113632202,1
0.6510627269744873,-0.07883304357528687,0.5188573598861694,0.5528039336204529,-0.46841728687286377,0.43602454662323,-0.533737301826477,0.6170650720596313,-0.10371755808591843,0.019978148862719536,0,0.6298708319664001,-0.09642200171947479,0.45524856448173523,0.518180787563324,-0.4894883334636688,0.477918803691864,-0.5133063197135925,1
0.649846076965332,-0.08087305724620819,0.5118403434753418,0.5492092967033386,-0.47083449363708496,0.44068416953086853,-0.5314897894859314,0.6170650720596313,-0.10371755808591843,0.019978148862719536,0,0.6275213956832886,-0.09798377752304077,0.44817259907722473,0.5145711302757263,-0.49165889620780945,0.48242083191871643,-0.5106448531150818,1
0.6485050916671753,-0.08286965638399124,0.5048134326934814,0.5456109642982483,-0.47322455048561096,0.445326030254364,-0.5291993618011475,0.6170650720596313,-0.10371755808591843,0.019978148862719536,0,0.6250534057617188,-0.09949040412902832,0.44110316038131714,0.5109609365463257,-0.49380189180374146,0.48690375685691833,-0.5079402327537537,1
0.6470401883125305,-0.08482158929109573,0.49777787923812866,0.5420090556144714,-0.4755874276161194,0.4499501585960388,-0.5268658399581909,0.6170650720596313,-0.10371755808591843,0.019978148862719536,0,0.622467577457428,-0.10094069689512253,0.4340413510799408,0.5073504447937012,-0.495917409658432,0.49136775732040405,-0.505192220211029,1
0.645451545715332,-0.08672745525836945,0.49073636531829834,0.5384041666984558,-0.4779230058193207,0.4545559287071228,-0.5244895219802856,0.6170650720596313,-0.10371755808591843,0.019978148862719536,0,0.6197646260261536,-0.10233352333307266,0.42698994278907776,0.5037403702735901,-0.49800482392311096,0.4958117604255676,-0.5024016499519348,1
0.6437401175498962,-0.08858622610569,0.4836898744106293,0.5347967147827148,-0.4802314341068268,0.45914360880851746,-0.5220701098442078,0.6170650720596313,-0.10371755808591843,0.019978148862719536,0,0.6169453859329224,-0.10366769880056381,0.41995030641555786,0.500130832195282,-0.5000646710395813,0.5002361536026001,-0.4995681345462799,1
0.6419061422348022,-0.09039628505706787,0.4766414165496826,0.5311871767044067,-0.48251229524612427,0.4637126326560974,-0.5196081399917603,0.6170650720596313,-0.10371755808591843,0.019978148862719536,0,0.6419061422348022,-0.09039628505706787,0.4766414165496826,0.5311871767044067,-0.48251229524612427,0.4637126326560974,-0.5196081399917603,1
0.6410756707191467,-0.09139930456876755,0.4694395065307617,0.5283737182617188,-0.4846358001232147,0.4689790606498718,-0.5157594680786133,0.6170650720596313,-0.10371755808591843,0.019978148862719536,0,0.6421935558319092,-0.09071004390716553,0.4742472469806671,0.5308722853660583,-0.482697993516922,0.4640847444534302,-0.5194251537322998,1
0.6411161422729492,-0.09160641580820084,0.46248531341552734,0.5261967182159424,-0.4868585169315338,0.47362008690834045,-0.511634349822998,0.6170650720596313,-0.10371755808591843,0.019978148862719536,0,0.6424694657325745,-0.09102057665586472,0.4718530774116516,0.5305572748184204,-0.48288342356681824,0.4644571542739868,-0.5192418694496155,1
0.6413954496383667,-0.09163525700569153,0.45641160011291504,0.5244595408439636,-0.48876702785491943,0.47739914059638977,-0.5080736875534058,0.6170650720596313,-0.10371755808591843,0.019978148862719536,0,0.6427337527275085,-0.09132761508226395,0.4694592356681824,0.5302422642707825,-0.4830688238143921,0.46482929587364197,-0.519058108329773,1
0.6417357921600342,-0.09166174381971359,0.4514217674732208,0.5231050848960876,-0.49026039242744446,0.4803139567375183,-0.5052763819694519,0.6170650720596313,-0.10371755808591843,0.019978148862719536,0,0.6429868936538696,-0.09163126349449158,0.4670655131340027,0.529927134513855,-0.48325401544570923,0.46520140767097473,-0.5188741683959961,1
0.6421075463294983,-0.09172135591506958,0.4475758373737335,0.5221309661865234,-0.49132421612739563,0.48236846923828125,-0.5032895803451538,0.6170650720596313,-0.10371755808591843,0.019978148862719536,0,0.6432283520698547,-0.09193141758441925,0.4646722972393036,0.5296122431755066,-0.48343896865844727,0.4655732810497284,-0.5186898708343506,1
0.6425192952156067,-0.09182130545377731,0.4448888897895813,0.5215418338775635,-0.491963267326355,0.483571320772171,-0.5021204352378845,0.6170650720596313,-0.10371755808591843,0.019978148862719536,0,0.6434584259986877,-0.09222815185785294,0.4622793197631836,0.5292970538139343,-0.4836237132549286,0.46594515442848206,-0.5185052156448364,1
0.6429857611656189,-0.09196461737155914,0.44336140155792236,0.5213392376899719,-0.49218443036079407,0.4839334189891815,-0.5017650723457336,0.6170650720596313,-0.10371755808591843,0.019978148862719536,0,0.6436772346496582,-0.09252142906188965,0.4598868489265442,0.5289820432662964,-0.4838084280490875,0.46631690859794617,-0.5183203220367432,1
0.6435173153877258,-0.09215153753757477,0.44299012422561646,0.5215224027633667,-0.49199357628822327,0.48346301913261414,-0.5022152066230774,0.6170650720596313,-0.10371755808591843,0.019978148862719536,0,0.6438844799995422,-0.0928112119436264,0.457494854927063,0.5286668539047241,-0.4839927852153778,0.46668851375579834,-0.5181350708007812,1
0.6439510583877563,-0.09234743565320969,0.4432236850261688,0.5219067335128784,-0.4915652573108673,0.48253709077835083,-0.5031251311302185,0.6170650720596313,-0.10371755808591843,0.019978148862719536,0,0.644080400466919,-0.09309753775596619,0.45510333776474,0.528351902961731,-0.48417699337005615,0.46706002950668335,-0.5179494619369507,1
0.6442644000053406,-0.09252538532018661,0.4435206949710846,0.5223147869110107,-0.4910948872566223,0.48153457045555115,-0.5041205286979675,0.6170650720596313,-0.10371755808591843,0.019978148862719536,0,0.6442649960517883,-0.09338032454252243,0.45271268486976624,0.528036892414093,-0.48436108231544495,0.4674313962459564,-0.5177637338638306,1
0.6445164680480957,-0.09269233793020248,0.44369134306907654,0.5226913094520569,-0.49064871668815613,0.48057985305786133,-0.5050747990608215,0.6170650720596313,-0.10371755808591843,0.019978148862719536,0,0.6444381475448608,-0.09365957975387573,0.4503227472305298,0.5277218818664551,-0.48454487323760986,0.46780240535736084,-0.517577588558197,1
0.6447398066520691,-0.09285863488912582,0.4436658024787903,0.5230156779289246,-0.4902487099170685,0.4797193706035614,-0.5059446692466736,0.6170650720596313,-0.10371755808591843,0.019978148862719536,0,0.6446000337600708,-0.09393537044525146,0.44793349504470825,0.5274069309234619,-0.48472851514816284,0.4681735634803772,-0.5173912048339844,1
0.6449490785598755,-0.0930304303765297,0.4434244632720947,0.523281455039978,-0.48990118503570557,0.4789683520793915,-0.506717324256897,0.6170650720596313,-0.10371755808591843,0.019978148862719536,0,0.6447504162788391,-0.09420758485794067,0.4455450177192688,0.5270918607711792,-0.48491209745407104,0.46854454278945923,-0.5172043442726135,1
0.6451516151428223,-0.093210369348526,0.4429711699485779,0.5234892964363098,-0.4896058738231659,0.47832706570625305,-0.5073934197425842,0.6170650720596313,-0.10371755808591843,0.019978148862719536,0,0.6448895335197449,-0.09447629004716873,0.4431576728820801,0.5267767906188965,-0.4850952923297882,0.46891531348228455,-0.5170173645019531,1
0.6453491449356079,-0.09339979290962219,0.44231945276260376,0.5236424207687378,-0.4893593490123749,0.47779038548469543,-0.507978618144989,0.6170650720596313,-0.10371755808591843,0.019978148862719536,0,0.6450172662734985,-0.09474122524261475,0.44077080488204956,0.5264620184898376,-0.48527854681015015,0.46928611397743225,-0.5168297290802002,1
0.6455432176589966,-0.09359778463840485,0.44148507714271545,0.5237452387809753,-0.4891582131385803,0.4773496389389038,-0.508480429649353,0.6170650720596313,-0.10371755808591843,0.019978148862719536,0,0.6451336741447449,-0.09500280767679214,0.4383855164051056,0.5261468291282654,-0.48546144366264343,0.469656765460968,-0.5166420340538025,1
0.6457329988479614,-0.0938035398721695,0.4404861330986023,0.5238028168678284,-0.48899805545806885,0.47699597477912903,-0.5089068412780762,0.6170650720596313,-0.10371755808591843,0.019978148862719536,0,0.6452387571334839,-0.09526082873344421,0.4360008239746094,0.5258318185806274,-0.4856444299221039,0.4700273871421814,-0.5164539217948914,1
0.6459178924560547,-0.094016432762146,0.4393390417098999,0.5238196849822998,-0.48887431621551514,0.4767206907272339,-0.5092661380767822,0.6170650720596313,-0.10371755808591843,0.019978148862719536,0,0.6453325152397156,-0.09551525861024857,0.43361765146255493,0.5255169868469238,-0.4858267307281494,0.4703977704048157,-0.5162656307220459,1
0.6460971236228943,-0.09423479437828064,0.4380589723587036,0.523800253868103,-0.48878389596939087,0.47651588916778564,-0.5095646977424622,0.6170650720596313,-0.10371755808591843,0.019978148862719536,0,0.6454150676727295,-0.09576617181301117,0.4312354624271393,0.5252018570899963,-0.48600926995277405,0.4707680642604828,-0.5160768032073975,1
0.6462694406509399,-0.09445777535438538,0.4366605579853058,0.5237483382225037,-0.48872286081314087,0.4763736128807068,-0.5098094344139099,0.6170650720596313,-0.10371755808591843,0.019978148862719536,0,0.6454863548278809,-0.09601351618766785,0.4288543462753296,0.5248867273330688,-0.48619160056114197,0.47113844752311707,-0.5158877968788147,1
0.6464344263076782,-0.09468461573123932,0.4351558983325958,0.5236676335334778,-0.488688200712204,0.47628748416900635,-0.5100060701370239,0.6170650720596313,-0.10371755808591843,0.019978148862719536,0,0.6455463171005249,-0.09625720977783203,0.426474928855896,0.5245717763900757,-0.4863736033439636,0.4715082347393036,-0.5156985521316528,1
0.6465911269187927,-0.09491419792175293,0.4335566759109497,0.5235610604286194,-0.48867714405059814,0.4762512743473053,-0.5101599097251892,0.6170650720596313,-0.10371755808591843,0.019978148862719536,0,0.6455950736999512,-0.09649732708930969,0.4240967631340027,0.5242568254470825,-0.4865553379058838,0.47187837958335876,-0.5155089497566223,1
0.6467386484146118,-0.095146045088768,0.43187353014945984,0.5234314799308777,-0.488686740398407,0.47625958919525146,-0.5102759599685669,0.6170650720596313,-0.10371755808591843,0.019978148862719536,0,0.645632266998291,-0.09673371911048889,0.4217205047607422,0.5239419341087341,-0.4867369830608368,0.472247838973999,-0.5153192281723022,1
0.6468766927719116,-0.09537892788648605,0.4301150441169739,0.5232816934585571,-0.48871514201164246,0.4763074517250061,-0.510357677936554,0.6170650720596313,-0.10371755808591843,0.019978148862719536,0,0.6456586122512817,-0.09696660190820694,0.41934525966644287,0.5236268639564514,-0.48691847920417786,0.472617506980896,-0.515129029750824,1
0.6470044255256653,-0.09561239182949066,0.42829006910324097,0.5231136083602905,-0.48876020312309265,0.4763905704021454,-0.5104092955589294,0.6170650720596313,-0.10371755808591843,0.019978148862719536,0,0.6456738114356995,-0.09719592332839966,0.4169716536998749,0.523311972618103,-0.48709964752197266,0.47298699617385864,-0.514938473701477,1
0.6471216082572937,-0.09584611654281616,0.4264054298400879,0.5229294896125793,-0.4888199269771576,0.4765051305294037,-0.5104336738586426,0.6170650720596313,-0.10371755808591843,0.019978148862719536,0,0.6456774473190308,-0.09742146730422974,0.4145996868610382,0.5229969620704651,-0.48728078603744507,0.4733566343784332,-0.5147475600242615,1
0.647227942943573,-0.09607916325330734,0.4244678318500519,0.5227310657501221,-0.48889291286468506,0.47664764523506165,-0.5104340314865112,0.6170650720596313,-0.10371755808591843,0.019978148862719536,0,0.6456701755523682,-0.09764346480369568,0.4122297465801239,0.5226819515228271,-0.48746177554130554,0.47372570633888245,-0.5145565271377563,1
0.6473228931427002,-0.09631159901618958,0.4224836230278015,0.5225196480751038,-0.4889773428440094,0.4768149256706238,-0.5104132890701294,0.6170650720596313,-0.10371755808591843,0.019978148862719536,0,0.6456516981124878,-0.09786174446344376,0.4098610579967499,0.522367000579834,-0.48764240741729736,0.4740951657295227,-0.5143648386001587,1
0.6474062204360962,-0.09654273092746735,0.4204574227333069,0.5222967863082886,-0.48907244205474854,0.4770042300224304,-0.5103734135627747,0.6170650720596313,-0.10371755808591843,0.019978148862719536,0,0.6456218957901001,-0.09807639569044113,0.40749457478523254,0.5220521092414856,-0.4878230094909668,0.47446417808532715,-0.5141730904579163,1
0.6474778056144714,-0.09677235037088394,0.41839414834976196,0.5220640301704407,-0.48917657136917114,0.47721344232559204,-0.5103163719177246,0.6170650720596313,-0.10371755808591843,0.019978148862719536,0,0.6455811858177185,-0.09828738123178482,0.4051295816898346,0.5217369794845581,-0.4880034625530243,0.47483333945274353,-0.5139808058738708,1
0.6475374698638916,-0.09700019657611847,0.41629815101623535,0.521821916103363,-0.48928892612457275,0.477439820766449,-0.5102443695068359,0.6170650720596313,-0.10371755808591843,0.019978148862719536,0,0.6455290913581848,-0.09849441796541214,0.40276724100112915,0.5214223861694336,-0.48818352818489075,0.47520190477371216,-0.5137884020805359,1
0.6475850343704224,-0.097225621342659,0.41417330503463745,0.5215721130371094,-0.48940858244895935,0.4776817858219147,-0.5101585984230042,0.6170650720596313,-0.10371755808591843,0.019978148862719536,0,0.6454660296440125,-0.09869801253080368,0.4004063308238983,0.5211073756217957,-0.4883636236190796,0.47557076811790466,-0.5135956406593323,1
0.647620439529419,-0.0974489226937294,0.41202276945114136,0.5213149785995483,-0.4895345866680145,0.4779374301433563,-0.5100611448287964,0.6170650720596313,-0.10371755808591843,0.019978148862719536,0,0.6453918218612671,-0.09889797866344452,0.3980478048324585,0.5207923650741577,-0.4885435402393341,0.4759393334388733,-0.5134025812149048,1
0.647643506526947,-0.09766953438520432,0.4098494350910187,0.5210514068603516,-0.48966628313064575,0.4782055616378784,-0.5099526047706604,0.6170650720596313,-0.10371755808591843,0.019978148862719536,0,0.6453064680099487,-0.0990942195057869,0.3956916034221649,0.5204775333404541,-0.48872312903404236,0.4763075113296509,-0.5132094025611877,1
0.6476542949676514,-0.09788741171360016,0.40765634179115295,0.5207822918891907,-0.4898030757904053,0.47848430275917053,-0.5098347663879395,0.6170650720596313,-0.10371755808591843,0.019978148862719536,0,0.6452102661132812,-0.09928669780492783,0.3933371305465698,0.5201626420021057,-0.4889025390148163,0.47667601704597473,-0.513015627861023,1
0.6476527452468872,-0.09810260683298111,0.40544557571411133,0.5205081105232239,-0.4899442493915558,0.4787730276584625,-0.5097081065177917,0.6170650720596313,-0.10371755808591843,0.019978148862719536,0,0.645102858543396,-0.09947559237480164,0.3909853994846344,0.5198478698730469,-0.4890817105770111,0.4770439863204956,-0.5128218531608582,1
0.6476391553878784,-0.09831450134515762,0.40321940183639526,0.5202295184135437,-0.49008941650390625,0.47907018661499023,-0.5095736980438232,0.6170650720596313,-0.10371755808591843,0.019978148862719536,0,0.6449843049049377,-0.09966067969799042,0.3886357247829437,0.5195330381393433,-0.4892606735229492,0.4774121642112732,-0.5126276016235352,1
0.647612988948822,-0.09852341562509537,0.4009798467159271,0.5199467539787292,-0.4902383089065552,0.47937482595443726,-0.5094325542449951,0.6170650720596313,-0.10371755808591843,0.019978148862719536,0,0.6448550224304199,-0.0998421236872673,0.386288046836853,0.5192179083824158,-0.48943978548049927,0.4777803421020508,-0.5124327540397644,1
0.6475749015808105,-0.09872916340827942,0.3987281918525696,0.5196603536605835,-0.4903901219367981,0.4796866178512573,-0.5092851519584656,0.6170650720596313,-0.10371755808591843,0.019978148862719536,0,0.6447145938873291,-0.10001981258392334,0.3839433193206787,0.5189029574394226,-0.4896184206008911,0.4781482517719269,-0.5122378468513489,1
0.6475244164466858,-0.09893159568309784,0.3964666724205017,0.5193709135055542,-0.49054473638534546,0.48000407218933105,-0.509132444858551,0.6170650720596313,-0.10371755808591843,0.019978148862719536,0,0.6445630788803101,-0.10019367188215256,0.38160133361816406,0.5185881853103638,-0.4897969365119934,0.47851574420928955,-0.512042760848999,1
0.6474618911743164,-0.09913048148155212,0.39419639110565186,0.5190788507461548,-0.4907016158103943,0.48032671213150024,-0.5089748501777649,0.6170650720596313,-0.10371755808591843,0.019978148862719536,0,0.6444008350372314,-0.10036396980285645,0.37926119565963745,0.5182732939720154,-0.4899752736091614,0.47888368368148804,-0.5118469595909119,1
0.6473870277404785,-0.09932608902454376,0.3919185400009155,0.5187839269638062,-0.4908607304096222,0.480654239654541,-0.5088127851486206,0.6170650720596313,-0.10371755808591843,0.019978148862719536,0,0.6442274451255798,-0.10053034871816635,0.3769245743751526,0.5179586410522461,-0.49015331268310547,0.47925078868865967,-0.5116513967514038,1
0.6473001837730408,-0.09951793402433395,0.38963454961776733,0.518487274646759,-0.49102139472961426,0.4809856116771698,-0.5086470246315002,0.6170650720596313,-0.10371755808591843,0.019978148862719536,0,0.6440432071685791,-0.10069309175014496,0.37459006905555725,0.5176435112953186,-0.49033135175704956,0.4796184301376343,-0.5114551186561584,1
0.6472014784812927,-0.09970660507678986,0.38734471797943115,0.5181881189346313,-0.49118390679359436,0.48132118582725525,-0.5084773898124695,0.6170650720596313,-0.10371755808591843,0.019978148862719536,0,0.643848180770874,-0.10085202008485794,0.37225836515426636,0.5173289179801941,-0.4905090630054474,0.47998565435409546,-0.511258602142334,1
0.647090494632721,-0.09989140182733536,0.3850509822368622,0.5178876519203186,-0.4913477599620819,0.48165932297706604,-0.5083050727844238,0.6170650720596313,-0.10371755808591843,0.019978148862719536,0,0.643642246723175,-0.10100696980953217,0.3699297308921814,0.5170141458511353,-0.49068665504455566,0.4803525507450104,-0.51106196641922,1
0.6469679474830627,-0.10007258504629135,0.3827531337738037,0.5175853967666626,-0.4915127754211426,0.48200079798698425,-0.5081294775009155,0.6170650720596313,-0.10371755808591843,0.019978148862719536,0,0.6434253454208374,-0.10115844011306763,0.36760371923446655,0.5166992545127869,-0.49086424708366394,0.48071959614753723,-0.5108647346496582,1
0.6468334197998047,-0.10025019943714142,0.3804526627063751,0.5172818303108215,-0.4916790723800659,0.48234453797340393,-0.5079516172409058,0.6170650720596313,-0.10371755808591843,0.019978148862719536,0,0.643197774887085,-0.10130608826875687,0.3652808964252472,0.5163845419883728,-0.49104127287864685,0.4810863137245178,-0.5106675624847412,1
0.6466872096061707,-0.1004241481423378,0.37814950942993164,0.5169771313667297,-0.4918462634086609,0.48269063234329224,-0.5077712535858154,0.6170650720596313,-0.10371755808591843,0.019978148862719536,0,0.6429592370986938,-0.10144996643066406,0.3629610538482666,0.5160698294639587,-0.49121835827827454,0.4814531207084656,-0.5104697346687317,1
0.6465292572975159,-0.1005944013595581,0.3758450746536255,0.5166711211204529,-0.49201393127441406,0.48303866386413574,-0.5075891017913818,0.6170650720596313,-0.10371755808591843,0.019978148862719536,0,0.6427099704742432,-0.10159008204936981,0.36064413189888,0.5157550573348999,-0.49139514565467834,0.48181968927383423,-0.5102717280387878,1
0.6463598012924194,-0.10076089948415756,0.373539000749588,0.5163640975952148,-0.49218276143074036,0.4833885729312897,-0.5074048638343811,0.6170650720596313,-0.10371755808591843,0.019978148862719536,0,0.6424499154090881,-0.10172642022371292,0.3583303391933441,0.5154404044151306,-0.49157169461250305,0.4821862280368805,-0.5100734233856201,1
0.6461787223815918,-0.10092348605394363,0.3712323009967804,0.5160565376281738,-0.49235203862190247,0.4837399423122406,-0.5072187185287476,0.6170650720596313,-0.10371755808591843,0.019978148862719536,0,0.6421791911125183,-0.10185893625020981,0.35601964592933655,0.5151255130767822,-0.49174821376800537,0.48255273699760437,-0.5098746418952942,1
0.6459860801696777,-0.10108259320259094,0.3689257800579071,0.5157480239868164,-0.49252158403396606,0.48409250378608704,-0.5070314407348633,0.6170650720596313,-0.10371755808591843,0.019978148862719536,0,0.6418974995613098,-0.10198770463466644,0.3537123501300812,0.5148106813430786,-0.4919246435165405,0.48291894793510437,-0.5096756815910339,1
0.6457821130752563,-0.10123786330223083,0.3666190207004547,0.5154387950897217,-0.4926918148994446,0.484446257352829,-0.5068424940109253,0.6170650720596313,-0.10371755808591843,0.019978148862719536,0,0.6416051983833313,-0.10211266577243805,0.35140833258628845,0.514495849609375,-0.49210062623023987,0.483285129070282,-0.5094764828681946,1
0.6455667614936829,-0.10138940066099167,0.3643130958080292,0.5151291489601135,-0.49286219477653503,0.48480093479156494,-0.5066526532173157,0.6170650720596313,-0.10371755808591843,0.019978148862719536,0,0.6413024067878723,-0.10223381221294403,0.3491075038909912,0.5141812562942505,-0.4922766387462616,0.48365113139152527,-0.5092767477035522,1
0.6453400254249573,-0.10153695940971375,0.3620080351829529,0.5148189067840576,-0.49303293228149414,0.48515641689300537,-0.5064613819122314,0.6170650720596313,-0.10371755808591843,0.019978148862719536,0,0.6409887671470642,-0.1023511290550232,0.34681054949760437,0.513866662979126,-0.49245214462280273,0.4840167760848999,-0.5090771913528442,1
0.6451020240783691,-0.10168085992336273,0.35970455408096313,0.5145083069801331,-0.4932038486003876,0.48551249504089355,-0.5062693357467651,0.6170650720596313,-0.10371755808591843,0.019978148862719536,0,0.6406646370887756,-0.10246464610099792,0.34451645612716675,0.5135518908500671,-0.49262791872024536,0.4843827188014984,-0.5088766813278198,1
0.6448528170585632,-0.10182090848684311,0.35740190744400024,0.5141972303390503,-0.49337494373321533,0.4858693480491638,-0.5060762763023376,0.6170650720596313,-0.10371755808591843,0.019978148862719536,0,0.6403298377990723,-0.10257445275783539,0.34222638607025146,0.5132371783256531,-0.49280309677124023,0.48474839329719543,-0.5086763501167297,1
0.6445925235748291,-0.10195734351873398,0.3551011383533478,0.5138857960700989,-0.4935460686683655,0.4862268567085266,-0.5058823227882385,0.6170650720596313,-0.10371755808591843,0.019978148862719536,0,0.6399843096733093,-0.10268030315637589,0.3399399220943451,0.5129227042198181,-0.4929782450199127,0.48511362075805664,-0.508475661277771,1
0.644321084022522,-0.1020895391702652,0.3528023958206177,0.5135742425918579,-0.4937174618244171,0.48658475279808044,-0.5056874752044678,0.6170650720596313,-0.10371755808591843,0.019978148862719536,0,0.6396283507347107,-0.10278240591287613,0.3376568555831909,0.5126078724861145,-0.4931532144546509,0.4854792058467865,-0.5082743763923645,1
0.6440385580062866,-0.1022183746099472,0.3505057096481323,0.5132620930671692,-0.4938890337944031,0.4869431257247925,-0.5054919123649597,0.6170650720596313,-0.10371755808591843,0.019978148862719536,0,0.6392618417739868,-0.10288068652153015,0.3353778123855591,0.5122933983802795,-0.4933279752731323,0.48584413528442383,-0.5080732107162476,1
0.643744945526123,-0.10234308242797852,0.3482113480567932,0.5129500031471252,-0.49406036734580994,0.4873017966747284,-0.50529545545578,0.6170650720596313,-0.10371755808591843,0.019978148862719536,0,0.6388847827911377,-0.10297486186027527,0.3331022262573242,0.511978805065155,-0.4935026466846466,0.4862094223499298,-0.5078712701797485,1
0.6434404850006104,-0.10246413946151733,0.3459196388721466,0.5126374959945679,-0.4942317306995392,0.4876607358455658,-0.5050987601280212,0.6170650720596313,-0.10371755808591843,0.019978148862719536,0,0.6384972333908081,-0.10306543111801147,0.33083030581474304,0.511664092540741,-0.4936772584915161,0.4865746796131134,-0.5076687932014465,1
0.6431251764297485,-0.10258132964372635,0.3436306416988373,0.5123249292373657,-0.4944031834602356,0.488019734621048,-0.5049013495445251,0.6170650720596313,-0.10371755808591843,0.019978148862719536,0,0.6380993723869324,-0.10315226018428802,0.32856303453445435,0.5113495588302612,-0.4938512444496155,0.48693937063217163,-0.507466733455658,1
0.6427989602088928,-0.10269467532634735,0.34134435653686523,0.512012243270874,-0.4945744574069977,0.4883788526058197,-0.5047035813331604,0.6170650720596313,-0.10371755808591843,0.019978148862719536,0,0.6376907825469971,-0.10323519259691238,0.32629913091659546,0.5110350251197815,-0.4940253496170044,0.487304151058197,-0.5072638988494873,1
0.6424618363380432,-0.10280406475067139,0.3390613794326782,0.5116994976997375,-0.4947455823421478,0.48873814940452576,-0.5045050382614136,0.6170650720596313,-0.10371755808591843,0.019978148862719536,0,0.63727205991745,-0.10331429541110992,0.3240390717983246,0.5107202529907227,-0.49419939517974854,0.48766911029815674,-0.507060706615448,1
0.6421141028404236,-0.10290992259979248,0.33678147196769714,0.511386513710022,-0.4949166774749756,0.48909738659858704,-0.5043063163757324,0.6170650720596313,-0.10371755808591843,0.019978148862719536,0,0.636842668056488,-0.10338957607746124,0.3217838704586029,0.5104058384895325,-0.49437299370765686,0.48803314566612244,-0.5068578124046326,1
0.6417555212974548,-0.10301163792610168,0.3345044255256653,0.5110735297203064,-0.4950878322124481,0.4894568622112274,-0.504106879234314,0.6170650720596313,-0.10371755808591843,0.019978148862719536,0,0.6364032030105591,-0.10346098989248276,0.31953203678131104,0.5100913047790527,-0.49454638361930847,0.4883977472782135,-0.5066540837287903,1
0.6413863301277161,-0.10310970991849899,0.3322308361530304,0.5107603073120117,-0.49525874853134155,0.4898165166378021,-0.5039070248603821,0.6170650720596313,-0.10371755808591843,0.019978148862719536,0,0.6359531879425049,-0.10352854430675507,0.31728479266166687,0.5097768306732178,-0.4947197139263153,0.4887620210647583,-0.5064500570297241,1
0.6410062909126282,-0.10320389270782471,0.32996127009391785,0.5104472041130066,-0.4954296052455902,0.4901757538318634,-0.5037070512771606,0.6170650720596313,-0.10371755808591843,0.019978148862719536,0,0.6354930400848389,-0.10359228402376175,0.3150418698787689,0.5094622373580933,-0.49489277601242065,0.4891260266304016,-0.506246030330658,1
0.6406158208847046,-0.1032942533493042,0.32769471406936646,0.5101339221000671,-0.49560022354125977,0.49053534865379333,-0.5035064220428467,0.6170650720596313,-0.10371755808591843,0.019978148862719536,0,0.6350225210189819,-0.10365215688943863,0.3128029704093933,0.5091478824615479,-0.4950656592845917,0.48948994278907776,-0.506041407585144,1
0.6402146816253662,-0.10338076949119568,0.32543206214904785,0.509820818901062,-0.49577078223228455,0.49089473485946655,-0.5033053755760193,0.6170650720596313,-0.10371755808591843,0.019978148862719536,0,0.6345417499542236,-0.1037081703543663,0.31056854128837585,0.5088332891464233,-0.49523836374282837,0.48985403776168823,-0.5058364868164062,1
0.6398030519485474,-0.10346360504627228,0.3231733441352844,0.5095073580741882,-0.49594104290008545,0.4912540018558502,-0.5031043887138367,0.6170650720596313,-0.10371755808591843,0.019978148862719536,0,0.634050726890564,-0.10376037657260895,0.30833858251571655,0.5085187554359436,-0.49541109800338745,0.49021777510643005,-0.5056312084197998,1
0.639380931854248,-0.10354238003492355,0.32091817259788513,0.5091940760612488,-0.49611133337020874,0.4916135370731354,-0.502902626991272,0.6170650720596313,-0.10371755808591843,0.019978148862719536,0,0.6335495114326477,-0.10380864143371582,0.306113064289093,0.5082043409347534,-0.4955833852291107,0.4905812740325928,-0.5054259300231934,1
0.6389483213424683,-0.10361726582050323,0.31866735219955444,0.5088808536529541,-0.4962814450263977,0.49197250604629517,-0.5027007460594177,0.6170650720596313,-0.10371755808591843,0.019978148862719536,0,0.6330382227897644,-0.10385315120220184,0.30389195680618286,0.507889986038208,-0.49575552344322205,0.4909449517726898,-0.5052199363708496,1
0.6385053396224976,-0.1036885678768158,0.3164203464984894,0.5085676312446594,-0.4964509904384613,0.49233174324035645,-0.5024985074996948,0.6170650720596313,-0.10371755808591843,0.019978148862719536,0,0.6325166821479797,-0.10389351099729538,0.30167585611343384,0.507575511932373,-0.4959276020526886,0.49130818247795105,-0.5050138831138611,1
0.6380518674850464,-0.10375573486089706,0.31417781114578247,0.5082544684410095,-0.4966207444667816,0.49269047379493713,-0.5022959113121033,0.6170650720596313,-0.10371755808591843,0.019978148862719536,0,0.6319851279258728,-0.10393024235963821,0.2994639575481415,0.507261335849762,-0.49609941244125366,0.4916713833808899,-0.5048074722290039,1
0.6375882029533386,-0.10381938517093658,0.3119392395019531,0.5079410672187805,-0.4967901408672333,0.49304917454719543,-0.5020934343338013,0.6170650720596313,-0.10371755808591843,0.019978148862719536,0,0.6314435601234436,-0.10396318137645721,0.2972569763660431,0.506946861743927,-0.496271014213562,0.4920344352722168,-0.5046008229255676,1
0.6371141672134399,-0.10387887060642242,0.30970498919487,0.5076280236244202,-0.49695950746536255,0.493407666683197,-0.501890242099762,0.6170650720596313,-0.10371755808591843,0.019978148862719536,0,0.6308917999267578,-0.10399214923381805,0.2950548827648163,0.5066325068473816,-0.4964424967765808,0.4923975467681885,-0.5043935775756836,1
0.6366298198699951,-0.10393474251031876,0.30747532844543457,0.5073147416114807,-0.49712851643562317,0.493766188621521,-0.5016871094703674,0.6170650720596313,-0.10371755808591843,0.019978148862719536,0,0.6303300857543945,-0.10401730984449387,0.2928573787212372,0.5063181519508362,-0.49661362171173096,0.49276024103164673,-0.5041865110397339,1
0.6361351013183594,-0.10398674011230469,0.30524975061416626,0.507001519203186,-0.49729734659194946,0.4941246509552002,-0.5014833211898804,0.6170650720596313,-0.10371755808591843,0.019978148862719536,0,0.6297582983970642,-0.10403863340616226,0.2906649112701416,0.5060039162635803,-0.4967847466468811,0.4931231141090393,-0.5039787292480469,1
0.6356303691864014,-0.10403468459844589,0.30302900075912476,0.5066884160041809,-0.49746599793434143,0.4944826662540436,-0.5012795329093933,0.6170650720596313,-0.10371755808591843,0.019978148862719536,0,0.6291767358779907,-0.10405609756708145,0.2884773910045624,0.5056895613670349,-0.496955543756485,0.49348559975624084,-0.5037708878517151,1
0.6351153254508972,-0.1040789932012558,0.3008127212524414,0.5063753128051758,-0.49763450026512146,0.4948408305644989,-0.5010753273963928,0.6170650720596313,-0.10371755808591843,0.019978148862719536,0,0.6285851001739502,-0.10406966507434845,0.2862948775291443,0.505375325679779,-0.4971262514591217,0.49384790658950806,-0.5035626292228699,1
0.6345902681350708,-0.1041194498538971,0.29860109090805054,0.5060622692108154,-0.49780264496803284,0.4951986074447632,-0.5008710622787476,0.6170650720596313,-0.10371755808591843,0.019978148862719536,0,0.6279836297035217,-0.10407938063144684,0.2841169536113739,0.5050609707832336,-0.49729669094085693,0.4942106008529663,-0.5033538937568665,1
0.6340548992156982,-0.1041560098528862,0.2963942885398865,0.5057493448257446,-0.4979706406593323,0.49555617570877075,-0.5006664395332336,0.6170650720596313,-0.10371755808591843,0.019978148862719536,0,0.6273722052574158,-0.10408523678779602,0.2819448709487915,0.5047468543052673,-0.4974669814109802,0.49457260966300964,-0.503145158290863,1
0.6335098743438721,-0.10418859124183655,0.2941918969154358,0.5054363012313843,-0.4981384575366974,0.4959137439727783,-0.5004613995552063,0.6170650720596313,-0.10371755808591843,0.019978148862719536,0,0.6267511248588562,-0.1040872186422348,0.27977749705314636,0.5044324994087219,-0.4976371228694916,0.4949348270893097,-0.5029358863830566,1
0.6329543590545654,-0.10421744734048843,0.29199478030204773,0.505123496055603,-0.49830615520477295,0.49627095460891724,-0.5002562999725342,0.6170650720596313,-0.10371755808591843,0.019978148862719536,0,0.6261199712753296,-0.10408531129360199,0.27761539816856384,0.5041183233261108,-0.4978071451187134,0.4952967166900635,-0.5027263760566711,1
0.6323891282081604,-0.10424255579710007,0.2898024618625641,0.5048104524612427,-0.49847355484962463,0.4966280162334442,-0.5000511407852173,0.6170650720596313,-0.10371755808591843,0.019978148862719536,0,0.6254792809486389,-0.10407962650060654,0.2754587233066559,0.5038042068481445,-0.49797675013542175,0.49565863609313965,-0.5025166869163513,1
0.6318137645721436,-0.10426373779773712,0.2876151502132416,0.5044976472854614,-0.4986407160758972,0.49698489904403687,-0.4998454749584198,0.6170650720596313,-0.10371755808591843,0.019978148862719536,0,0.6248288154602051,-0.1040700376033783,0.2733071446418762,0.5034899711608887,-0.4981463849544525,0.4960203468799591,-0.5023064017295837,1
0.6312286853790283,-0.10428112745285034,0.2854330837726593,0.504184901714325,-0.49880748987197876,0.49734142422676086,-0.4996398389339447,0.6170650720596313,-0.10371755808591843,0.019978148862719536,0,0.6241685748100281,-0.10405658185482025,0.2711610794067383,0.5031757950782776,-0.49831563234329224,0.49638181924819946,-0.5020961761474609,1
0.6306335926055908,-0.10429467260837555,0.2832554280757904,0.5038720965385437,-0.49897444248199463,0.4976980984210968,-0.4994337260723114,0.6170650720596313,-0.10371755808591843,0.019978148862719536,0,0.6234987378120422,-0.104039266705513,0.26902058720588684,0.5028618574142456,-0.4984847605228424,0.4967431128025055,-0.5018854737281799,1
0.6300287246704102,-0.10430414974689484,0.28108370304107666,0.5035595297813416,-0.49914082884788513,0.49805402755737305,-0.4992276132106781,0.6170650720596313,-0.10371755808591843,0.019978148862719536,0,0.6228193044662476,-0.10401785373687744,0.2668854594230652,0.5025477409362793,-0.49865391850471497,0.49710461497306824,-0.501674234867096,1
0.6294139623641968,-0.10430996119976044,0.2789166271686554,0.5032470226287842,-0.49930721521377563,0.4984103739261627,-0.49902087450027466,0.6170650720596313,-0.10371755808591843,0.019978148862719536,0,0.622130274772644,-0.10399284958839417,0.2647562026977539,0.5022337436676025,-0.4988225996494293,0.4974653124809265,-0.5014632344245911,1
0.6287893056869507,-0.10431196540594101,0.27675485610961914,0.5029343962669373,-0.4994731545448303,0.4987661838531494,-0.49881428480148315,0.6170650720596313,-0.10371755808591843,0.019978148862719536,0,0.6214315295219421,-0.1039639338850975,0.2626321017742157,0.501919686794281,-0.49899113178253174,0.49782657623291016,-0.5012514591217041,1
0.6281551122665405,-0.10431013256311417,0.27459877729415894,0.5026219487190247,-0.49963903427124023,0.49912166595458984,-0.49860742688179016,0.6170650720596313,-0.10371755808591843,0.019978148862719536,0,0.6207234263420105,-0.10393121838569641,0.2605137526988983,0.5016056895256042,-0.49915963411331177,0.49818745255470276,-0.5010395646095276,1
0.6275109648704529,-0.10430443286895752,0.2724478244781494,0.5023094415664673,-0.49980470538139343,0.499477356672287,-0.4984002411365509,0.6170650720596313,-0.10371755808591843,0.019978148862719536,0,0.62000572681427,-0.10389462858438492,0.2584008574485779,0.5012915134429932,-0.4993278682231903,0.49854838848114014,-0.5008272528648376,1
0.6268572211265564,-0.10429488867521286,0.2703021168708801,0.5019969940185547,-0.4999702274799347,0.49983274936676025,-0.4981926381587982,0.6170650720596313,-0.10371755808591843,0.019978148862719536,0,0.6192785501480103,-0.10385416448116302,0.25629445910453796,0.5009777545928955,-0.4994957745075226,0.4989088475704193,-0.5006147027015686,1
0.6261940002441406,-0.10428160429000854,0.26816225051879883,0.5016847252845764,-0.5001352429389954,0.5001877546310425,-0.49798518419265747,0.6170650720596313,-0.10371755808591843,0.019978148862719536,0,0.618541955947876,-0.10380984097719193,0.2541930675506592,0.5006635785102844,-0.4996638298034668,0.4992697536945343,-0.5004016160964966,1
0.6255208849906921,-0.10426438599824905,0.2660280764102936,0.5013725757598877,-0.5003001689910889,0.5005423426628113,-0.49777764081954956,0.6170650720596313,-0.10371755808591843,0.019978148862719536,0,0.6177960634231567,-0.103761687874794,0.2520979642868042,0.5003496408462524,-0.49983152747154236,0.4996300935745239,-0.500188410282135,1
0.6248384118080139,-0.10424337536096573,0.2638992965221405,0.5010602474212646,-0.5004648566246033,0.5008971095085144,-0.4975695312023163,0.6170650720596313,-0.10371755808591843,0.019978148862719536,0,0.6170406937599182,-0.10370968282222748,0.2500087022781372,0.5000357031822205,-0.49999889731407166,0.49999016523361206,-0.4999750554561615,1
0.6241463422775269,-0.10421828925609589,0.2617761492729187,0.5007482767105103,-0.5006296038627625,0.5012514591217041,-0.4973611831665039,0.6170650720596313,-0.10371755808591843,0.019978148862719536,1,0.6241463422775269,-0.10421828925609589,0.2617761492729187,0.5007482767105103,-0.5006296038627625,0.5012514591217041,-0.4973611831665039,0
0.6239330172538757,-0.1042039543390274,0.260251522064209,0.5003561973571777,-0.5009697079658508,0.5020056366920471,-0.49665215611457825,0.6170650720596313,-0.10371755808591843,0.019978148862719536,1,0.6241463422775269,-0.10421828925609589,0.2617761492729187,0.5007482767105103,-0.5006296038627625,0.5012514591217041,-0.4973611831665039,0
0.6239842176437378,-0.1042289137840271,0.2593177556991577,0.5000691413879395,-0.5012465715408325,0.5026004910469055,-0.49605992436408997,0.6170650720596313,-0.10371755808591843,0.019978148862719536,1,0.6241463422775269,-0.10421828925609589,0.2617761492729187,0.5007482767105103,-0.5006296038627625,0.5012514591217041,-0.4973611831665039,0
0.6240447163581848,-0.10425349324941635,0.2586418688297272,0.4998677670955658,-0.501441478729248,0.5030199289321899,-0.4956406056880951,0.6170650720596313,-0.10371755808591843,0.019978148862719536,1,0.6241463422775269,-0.10421828925609589,0.2617761492729187,0.5007482767105103,-0.5006296038627625,0.5012514591217041,-0.4973611831665039,0
0.6240985989570618,-0.10427248477935791,0.25810399651527405,0.49970969557762146,-0.5015963315963745,0.5033499598503113,-0.49530816078186035,0.6170650720596313,-0.10371755808591843,0.019978148862719536,1,0.6241463422775269,-0.10421828925609589,0.2617761492729187,0.5007482767105103,-0.5006296038627625,0.5012514591217041,-0.4973611831665039,0
0.624146044254303,-0.10428697615861893,0.2576514482498169,0.4995777904987335,-0.5017267465591431,0.5036258697509766,-0.4950284957885742,0.6170650720596313,-0.10371755808591843,0.019978148862719536,1,0.6241463422775269,-0.10421828925609589,0.2617761492729187,0.5007482767105103,-0.5006296038627625,0.5012514591217041,-0.4973611831665039,0
0.6241884231567383,-0.1042986586689949,0.25725939869880676,0.4994642436504364,-0.5018400549888611,0.5038636922836304,-0.49478617310523987,0.6170650720596313,-0.10371755808591843,0.019978148862719536,1,0.6241463422775269,-0.10421828925609589,0.2617761492729187,0.5007482767105103,-0.5006296038627625,0.5012514591217041,-0.4973611831665039,0
0.6242262125015259,-0.10431401431560516,0.25692155957221985,0.4993615448474884,-0.5019389390945435,0.5040674805641174,-0.4945819079875946,0.6170016527175903,-0.10306429117918015,0.020274527370929718,1,0.6241463422775269,-0.10421828925609589,0.2617761492729187,0.5007482767105103,-0.5006296038627625,0.5012514591217041,-0.4973611831665039,0
0.6242598295211792,-0.10432508587837219,0.2566218078136444,0.49927404522895813,-0.5020246505737305,0.504249095916748,-0.4943981468677521,0.6169122457504272,-0.1025586947798729,0.020316792652010918,1,0.6242598295211792,-0.10432508587837219,0.2566218078136444,0.49927404522895813,-0.5020246505737305,0.504249095916748,-0.4943981468677521,0
0.6242930889129639,-0.10432744026184082,0.25609347224235535,0.4991317391395569,-0.5021697878837585,0.5045446157455444,-0.49409279227256775,0.6167400479316711,-0.10257719457149506,0.019822869449853897,1,0.6292852163314819,-0.10374501347541809,0.26428574323654175,0.5029228329658508,-0.4999507963657379,0.49977609515190125,-0.49733445048332214,0
0.6247450709342957,-0.10431055724620819,0.2558872401714325,0.49916335940361023,-0.5022449493408203,0.5047242045402527,-0.4938008785247803,0.6169772744178772,-0.10262496024370193,0.019738351926207542,1,0.6341660022735596,-0.10307992249727249,0.2720318138599396,0.5065720677375793,-0.49784815311431885,0.4952825903892517,-0.500227153301239,0
0.6256290078163147,-0.10425079613924026,0.2562429904937744,0.4994756579399109,-0.5021702647209167,0.5045910477638245,-0.4936971366405487,0.6177825927734375,-0.10265660285949707,0.020091380923986435,1,0.6388996839523315,-0.10233031213283539,0.2798573970794678,0.5102211236953735,-0.4957168698310852,0.4907681941986084,-0.5030763149261475,0
0.6269245147705078,-0.10414408147335052,0.25724780559539795,0.5000967383384705,-0.5019168257713318,0.504074215888977,-0.4938541650772095,0.6193417310714722,-0.10264261066913605,0.0209288839250803,1,0.6434841752052307,-0.10149766504764557,0.28775930404663086,0.5138699412345886,-0.49355676770210266,0.48623332381248474,-0.5058819651603699,0
0.6285964846611023,-0.10398925840854645,0.25891244411468506,0.501022458076477,-0.5014804601669312,0.5031597018241882,-0.4942915141582489,0.6216440796852112,-0.10259140282869339,0.0223134383559227,1,0.6479170918464661,-0.10058256983757019,0.2957339882850647,0.5175178647041321,-0.49136823415756226,0.48167872428894043,-0.5086433291435242,0
0.6306018829345703,-0.10378590226173401,0.26121145486831665,0.50223308801651,-0.5008682012557983,0.5018634796142578,-0.4950009286403656,0.6245588660240173,-0.10251255333423615,0.024309424683451653,1,0.6521964073181152,-0.09958641231060028,0.30377885699272156,0.5211648344993591,-0.4891514778137207,0.47710391879081726,-0.5113608241081238,0
0.6328977346420288,-0.10353220999240875,0.26410165429115295,0.5037049651145935,-0.5000908374786377,0.500213086605072,-0.49596092104911804,0.6280162334442139,-0.1024051383137703,0.026889601722359657,1,0.6563202142715454,-0.09851066768169403,0.31189027428627014,0.5248098969459534,-0.48690614104270935,0.47250989079475403,-0.5140343904495239,0
0.6354369521141052,-0.10322362184524536,0.267529159784317,0.5054104924201965,-0.499163955450058,0.49824461340904236,-0.49713969230651855,0.6319433450698853,-0.10226225852966309,0.0300081055611372,1,0.6602864861488342,-0.09735599160194397,0.3200647830963135,0.5284531712532043,-0.4846328794956207,0.46789640188217163,-0.5166633725166321,0
0.6381723880767822,-0.10285448282957077,0.27143120765686035,0.5073203444480896,-0.498105525970459,0.4960005283355713,-0.49849823117256165,0.6362630128860474,-0.10207193344831467,0.03361046686768532,1,0.6640928983688354,-0.09612415730953217,0.328299880027771,0.53209388256073,-0.48233136534690857,0.4632638990879059,-0.5192484855651855,0
0.6410685777664185,-0.1024223268032074,0.2757611572742462,0.5094113349914551,-0.49692776799201965,0.4935115575790405,-0.5000090599060059,0.6409178376197815,-0.10182683914899826,0.03765638545155525,1,0.6677382588386536,-0.09481598436832428,0.3365913927555084,0.5357322096824646,-0.4800020158290863,0.45861244201660156,-0.5217888951301575,0
0.6440935134887695,-0.10192413628101349,0.2804807424545288,0.5116645097732544,-0.4956412613391876,0.4908026456832886,-0.5016490817070007,0.6458571553230286,-0.10150709748268127,0.042113546282052994,1,0.6712204217910767,-0.09343332797288895,0.3449370265007019,0.5393673181533813,-0.47764432430267334,0.4539422392845154,-0.5242853164672852,0
0.6472177505493164,-0.10135801136493683,0.2855550944805145,0.5140621662139893,-0.4942544996738434,0.48789578676223755,-0.5033987164497375,0.6510356664657593,-0.10113579034805298,0.04695145785808563,1,0.6745375990867615,-0.09197693318128586,0.3533320724964142,0.5429989099502563,-0.47525954246520996,0.4492541551589966,-0.5267363786697388,0
0.6504136323928833,-0.1007222905755043,0.29095447063446045,0.5165889859199524,-0.4927748739719391,0.48481008410453796,-0.5052404403686523,0.6564117074012756,-0.10069591552019119,0.05214417353272438,1,0.6776882410049438,-0.09044889360666275,0.36177459359169006,0.5466265678405762,-0.4728466272354126,0.4445476830005646,-0.5291435122489929,0
0.6536566615104675,-0.10001473128795624,0.2966521978378296,0.5192314386367798,-0.4912090003490448,0.48156195878982544,-0.5071590542793274,0.6619475483894348,-0.10018158704042435,0.05766865238547325,1,0.6806706786155701,-0.0888504832983017,0.37026017904281616,0.5502495765686035,-0.4704066216945648,0.4398236572742462,-0.5315054655075073,0
0.6569241881370544,-0.0992344319820404,0.3026231527328491,0.5219768285751343,-0.4895627796649933,0.47816750407218933,-0.5091406106948853,0.6676087975502014,-0.09958899021148682,0.06350374966859818,1,0.6834836602210999,-0.08718283474445343,0.37878620624542236,0.553868293762207,-0.46793875098228455,0.4350818693637848,-0.5338228940963745,0
0.6601954102516174,-0.09837977588176727,0.3088452219963074,0.5248143076896667,-0.48784148693084717,0.4746397137641907,-0.5111727714538574,0.6733642816543579,-0.09891507029533386,0.06962998956441879,1,0.6861255764961243,-0.08544813096523285,0.3873482346534729,0.5574817061424255,-0.46544381976127625,0.43032306432724,-0.5360952615737915,0
0.6634514331817627,-0.09745020419359207,0.31529921293258667,0.5277343392372131,-0.4860495328903198,0.47099000215530396,-0.513245165348053,0.6791854500770569,-0.09815708547830582,0.07602947950363159,1,0.6885950565338135,-0.08364728838205338,0.39594393968582153,0.5610896348953247,-0.462921679019928,0.4255470037460327,-0.538322925567627,0
0.6666752099990845,-0.09644515812397003,0.3219650983810425,0.5307270884513855,-0.4841914474964142,0.46723026037216187,-0.5153476595878601,0.68504399061203,-0.09722639620304108,0.08265671133995056,1,0.6908908486366272,-0.08178246021270752,0.40456920862197876,0.5646917819976807,-0.46037235856056213,0.42075425386428833,-0.540505588054657,0
0.6698513627052307,-0.09536401927471161,0.3288271427154541,0.5337855219841003,-0.48227065801620483,0.46336913108825684,-0.5174716711044312,0.6909149885177612,-0.09630812704563141,0.0895666629076004,1,0.693011999130249,-0.07985476404428482,0.41322067379951477,0.5682875514030457,-0.45779624581336975,0.41594505310058594,-0.542643129825592,0
0.6729657649993896,-0.09420657157897949,0.3358692228794098,0.5369018316268921,-0.48029106855392456,0.4594152867794037,-0.5196099281311035,0.6967825293540955,-0.09530969709157944,0.09670428931713104,1,0.6949570775032043,-0.07786636799573898,0.42189520597457886,0.5718765258789062,-0.45519334077835083,0.41111940145492554,-0.5447356700897217,0
0.6760053634643555,-0.09297364205121994,0.34307661652565,0.5400694608688354,-0.4782554805278778,0.45537692308425903,-0.5217552185058594,0.7026267051696777,-0.09421436488628387,0.10405103117227554,1,0.6967252492904663,-0.07581846415996552,0.4305887818336487,0.5754585862159729,-0.45256370306015015,0.4062778651714325,-0.5467830300331116,0
0.6789588928222656,-0.09166526049375534,0.35043656826019287,0.5432826280593872,-0.4761662781238556,0.4512608051300049,-0.5239019989967346,0.708429753780365,-0.09302254766225815,0.11159493029117584,1,0.6983152031898499,-0.07371322065591812,0.4392983913421631,0.5790330767631531,-0.4499076008796692,0.4014205038547516,-0.5487852692604065,0
0.6818159222602844,-0.09028205275535583,0.3579358756542206,0.5465359687805176,-0.47402653098106384,0.4470732808113098,-0.5260443091392517,0.7141755223274231,-0.09173555672168732,0.119325190782547,1,0.6997268199920654,-0.07155193388462067,0.4480196535587311,0.5825996994972229,-0.4472252428531647,0.39654797315597534,-0.5507420301437378,0
0.6845666766166687,-0.08882495015859604,0.36556363105773926,0.5498244762420654,-0.47183817625045776,0.4428199231624603,-0.5281780958175659,0.7198503017425537,-0.09035110473632812,0.1272287368774414,1,0.700958251953125,-0.06933660805225372,0.45675045251846313,0.586158275604248,-0.4445163905620575,0.39165961742401123,-0.5526538491249084,0
0.687203049659729,-0.08729489147663116,0.3733084797859192,0.5531442165374756,-0.4696033298969269,0.43850553035736084,-0.5302988886833191,0.7254541516304016,-0.08880898356437683,0.13527868688106537,1,0.7020097374916077,-0.06706932932138443,0.4654858708381653,0.5897079110145569,-0.44178149104118347,0.38675689697265625,-0.554520308971405,0
0.6897169351577759,-0.08569269627332687,0.3811603784561157,0.5564911961555481,-0.46732401847839355,0.4341350197792053,-0.5324025750160217,0.7309366464614868,-0.0872587114572525,0.14351491630077362,1,0.7028799653053284,-0.0647512823343277,0.4742237329483032,0.593248724937439,-0.4390205442905426,0.3818386197090149,-0.5563416481018066,0
0.6921016573905945,-0.08401976525783539,0.3891103267669678,0.5598615407943726,-0.46500176191329956,0.42971187829971313,-0.534486711025238,0.7363108992576599,-0.08561916649341583,0.15189915895462036,1,0.7035689353942871,-0.06238529831171036,0.4829590618610382,0.5967797040939331,-0.43623387813568115,0.37690702080726624,-0.5581173896789551,0
0.6943507790565491,-0.08227785676717758,0.3971482515335083,0.5632518529891968,-0.46263810992240906,0.42524075508117676,-0.536547839641571,0.7415686845779419,-0.08388427644968033,0.16041892766952515,1,0.7040755152702332,-0.05997201055288315,0.4916895925998688,0.6003013253211975,-0.43342137336730957,0.37196028232574463,-0.559847891330719,0
0.6964585781097412,-0.08046790212392807,0.4052667021751404,0.5666595697402954,-0.4602345824241638,0.42072436213493347,-0.5385832786560059,0.7467031478881836,-0.08205298334360123,0.16906364262104034,1,0.7044000029563904,-0.057514291256666183,0.500410795211792,0.6038123965263367,-0.43058329820632935,0.36700019240379333,-0.5615330934524536,0
0.6984201073646545,-0.07859201729297638,0.4134570360183716,0.5700815320014954,-0.4577924311161041,0.4161660969257355,-0.5405911803245544,0.751706063747406,-0.08012717962265015,0.1778252273797989,1,0.7045415639877319,-0.055013507604599,0.5091198682785034,0.6073130369186401,-0.4277198016643524,0.3620261251926422,-0.5631727576255798,0
0.7002305388450623,-0.07665145397186279,0.42171233892440796,0.573515772819519,-0.45531272888183594,0.41156819462776184,-0.5425693392753601,0.7565488219261169,-0.0777684822678566,0.18666838109493256,1,0.7045000791549683,-0.05247197672724724,0.5178132653236389,0.6108024716377258,-0.42483091354370117,0.3570386469364166,-0.5647675395011902,0
0.701885998249054,-0.07464731484651566,0.43002474308013916,0.5769602060317993,-0.45279660820961,0.4069334864616394,-0.5445156097412109,0.7612650394439697,-0.07575032860040665,0.19562900066375732,1,0.7042754292488098,-0.04989122971892357,0.5264871120452881,0.6142807006835938,-0.4219169616699219,0.35203805565834045,-0.566316545009613,0
0.7033827900886536,-0.07258245348930359,0.43838727474212646,0.5804120898246765,-0.4502452611923218,0.40226420760154724,-0.5464288592338562,0.7658266425132751,-0.07365254312753677,0.20470504462718964,1,0.7039220333099365,-0.0475662425160408,0.5341782569885254,0.6173625588417053,-0.41930562257766724,0.34758225083351135,-0.5676554441452026,0
0.7046947479248047,-0.07047057896852493,0.44673919677734375,0.5838469862937927,-0.44767484068870544,0.39758574962615967,-0.5483022928237915,0.7702102065086365,-0.07141170650720596,0.21380285918712616,1,0.7034239768981934,-0.04521338269114494,0.5418483018875122,0.6204347610473633,-0.41667479276657104,0.3431167006492615,-0.5689584612846375,0
0.7058284282684326,-0.06832090020179749,0.4550550580024719,0.5872544646263123,-0.44509458541870117,0.3929171860218048,-0.5501263737678528,0.774349570274353,-0.06914650648832321,0.22292719781398773,1,0.702781081199646,-0.04283402860164642,0.54949551820755,0.6234968304634094,-0.41402438282966614,0.3386411964893341,-0.5702257752418518,0
0.7067910432815552,-0.06613785028457642,0.4633250832557678,0.5906327366828918,-0.44250667095184326,0.38826417922973633,-0.5518981218338013,0.7782742977142334,-0.06683457642793655,0.2320522665977478,1,0.7019935250282288,-0.04042923077940941,0.5571175217628479,0.6265491843223572,-0.41135454177856445,0.33415594696998596,-0.5714571475982666,0
0.707586944103241,-0.06392446160316467,0.4715467393398285,0.593981921672821,-0.4399116635322571,0.3836275041103363,-0.5536181926727295,0.7820035219192505,-0.06445788592100143,0.2411632239818573,1,0.7010616064071655,-0.03800100088119507,0.5647115707397461,0.6295908093452454,-0.408665269613266,0.32966119050979614,-0.57265305519104,0
0.7082204222679138,-0.061681658029556274,0.479719340801239,0.5973034501075745,-0.4373089671134949,0.3790059983730316,-0.55528724193573,0.7855508327484131,-0.0620141364634037,0.25025442242622375,1,0.6999857425689697,-0.035550493746995926,0.5722749829292297,0.6326218843460083,-0.40595686435699463,0.3251573443412781,-0.5738129019737244,0
0.7086939811706543,-0.05941088870167732,0.4878438711166382,0.6005986332893372,-0.4346978962421417,0.3743981719017029,-0.556906521320343,0.7889094948768616,-0.05951516330242157,0.25933006405830383,1,0.6987656354904175,-0.033079031854867935,0.5798057913780212,0.635641872882843,-0.40322935581207275,0.32064422965049744,-0.5749371647834778,0
0.7090098261833191,-0.0571134090423584,0.4959213435649872,0.603868842124939,-0.4320777356624603,0.36980217695236206,-0.5584779381752014,0.7920801639556885,-0.0569659098982811,0.26839199662208557,1,0.6974018812179565,-0.030588101595640182,0.5873016119003296,0.63865065574646,-0.4004826843738556,0.3161222040653229,-0.5760256052017212,0
0.7091697454452515,-0.05478959530591965,0.5039535760879517,0.6071158647537231,-0.4294471740722656,0.3652154803276062,-0.5600026249885559,0.7950657606124878,-0.05436880886554718,0.2774411141872406,1,0.6958951950073242,-0.028079086914658546,0.5947592854499817,0.64164799451828,-0.39771735668182373,0.3115917146205902,-0.5770782828330994,0
0.7091754674911499,-0.05244079977273941,0.5119413137435913,0.6103406548500061,-0.42680588364601135,0.3606365919113159,-0.5614821910858154,0.7978691458702087,-0.05172557756304741,0.28647810220718384,1,0.6940290927886963,-0.025236541405320168,0.6031017303466797,0.6450058817863464,-0.3945837616920471,0.30648449063301086,-0.5782197713851929,0
0.709040105342865,-0.0500529482960701,0.5199397206306458,0.6135666370391846,-0.4241357147693634,0.3560394048690796,-0.5629215836524963,0.8005197644233704,-0.049018681049346924,0.2955627143383026,1,0.691983163356781,-0.022374877706170082,0.6113898754119873,0.6483483910560608,-0.3914267122745514,0.3013668358325958,-0.5793163776397705,0
0.7087529301643372,-0.04761939495801926,0.5279667973518372,0.6168031096458435,-0.42142796516418457,0.35140562057495117,-0.5643281936645508,0.8030180931091309,-0.04624162241816521,0.30471789836883545,1,0.6897575855255127,-0.019496522843837738,0.6196210384368896,0.6516753435134888,-0.3882458508014679,0.29623860120773315,-0.5803679823875427,0
0.7083053588867188,-0.045138441026210785,0.5360254645347595,0.620051383972168,-0.4186798930168152,0.3467298448085785,-0.5657045841217041,0.8053578734397888,-0.04339336231350899,0.31394892930984497,1,0.6873539090156555,-0.016602959483861923,0.6277909874916077,0.6549860835075378,-0.3850419521331787,0.29110071063041687,-0.5813744068145752,0
0.7076913714408875,-0.04261072725057602,0.5441140532493591,0.6233107447624207,-0.41589128971099854,0.342010498046875,-0.5670509934425354,0.8075328469276428,-0.04047491401433945,0.3232537806034088,1,0.6847723126411438,-0.013696652837097645,0.6358972191810608,0.6582804322242737,-0.3818148374557495,0.2859528064727783,-0.5823359489440918,0
0.7069070339202881,-0.040038757026195526,0.5522260665893555,0.6265789866447449,-0.41306278109550476,0.3372495472431183,-0.5683665871620178,0.8095372319221497,-0.03748812526464462,0.3326270282268524,1,0.6820142865180969,-0.010779257863759995,0.6439357995986938,0.6615580320358276,-0.3785646855831146,0.2807955741882324,-0.583252489566803,0
0.7059495449066162,-0.03742460533976555,0.5603551268577576,0.6298542022705078,-0.4101950526237488,0.33244839310646057,-0.5696505308151245,0.8113650679588318,-0.03442896530032158,0.34206172823905945,1,0.6790807247161865,-0.007853185757994652,0.6519038677215576,0.6648182272911072,-0.3752917945384979,0.2756289839744568,-0.5841243267059326,0
0.7048169374465942,-0.03477071225643158,0.5684931874275208,0.633134126663208,-0.4072898030281067,0.3276095986366272,-0.5709010362625122,0.8130139708518982,-0.031313467770814896,0.3515501618385315,1,0.6759729385375977,-0.004919961094856262,0.6597981452941895,0.6680608987808228,-0.37199634313583374,0.27045348286628723,-0.5849515199661255,0
0.7035074830055237,-0.03208021819591522,0.5766335129737854,0.6364166140556335,-0.4043477773666382,0.3227357566356659,-0.5721173882484436,0.8144791126251221,-0.028137430548667908,0.36108413338661194,1,0.6730650067329407,-0.0023085856810212135,0.6667503714561462,0.6709281802177429,-0.36904820799827576,0.2658458948135376,-0.5856489539146423,0
0.7020177245140076,-0.02937178499996662,0.5847167372703552,0.6396781802177429,-0.4013879597187042,0.317853718996048,-0.5732961297035217,0.8157402276992798,-0.02492488920688629,0.37059739232063293,1,0.6700212955474854,0.00030525587499141693,0.6736395955085754,0.673781156539917,-0.36608222126960754,0.26123136281967163,-0.5863112211227417,0
0.7003611326217651,-0.02665637619793415,0.5927202701568604,0.6429093480110168,-0.3984198272228241,0.31298187375068665,-0.5744315385818481,0.8167994022369385,-0.02168726548552513,0.3800602853298187,1,0.6668428182601929,0.0029201628640294075,0.6804630756378174,0.6766191720962524,-0.36309900879859924,0.2566104829311371,-0.5869382619857788,0
0.6985471248626709,-0.023938387632369995,0.6006345748901367,0.6461076140403748,-0.3954468071460724,0.30812665820121765,-0.5755211114883423,0.8176627159118652,-0.01842942275106907,0.38946059346199036,1,0.6635304093360901,0.005535027012228966,0.6872192025184631,0.6794424653053284,-0.36009833216667175,0.2519831657409668,-0.5875299572944641,0
0.6965823173522949,-0.021220412105321884,0.6084553599357605,0.6492734551429749,-0.39246949553489685,0.30329030752182007,-0.5765644311904907,0.8183354735374451,-0.015153789892792702,0.3987933099269867,1,0.660085141658783,0.008147967047989368,0.6939054727554321,0.6822502017021179,-0.35708051919937134,0.24734966456890106,-0.5880869030952454,0
0.694470226764679,-0.018503643572330475,0.6161832213401794,0.6524075865745544,-0.38948774337768555,0.2984715402126312,-0.5775623917579651,0.8188221454620361,-0.011861790902912617,0.4080570340156555,1,0.6565084457397461,0.010757862590253353,0.7005197405815125,0.6850425004959106,-0.3540455400943756,0.2427104413509369,-0.5886086225509644,0
0.6922142505645752,-0.015789169818162918,0.623818039894104,0.655511200428009,-0.38650068640708923,0.29367008805274963,-0.5785154104232788,0.8191264867782593,-0.008554363623261452,0.41725224256515503,1,0.6528013944625854,0.013363268226385117,0.7070596814155579,0.6878191828727722,-0.35099345445632935,0.23806531727313995,-0.5890952348709106,0
0.6898162961006165,-0.013077039271593094,0.6313616633415222,0.6585858464241028,-0.38350775837898254,0.28888335824012756,-0.5794245600700378,0.8192517757415771,-0.005232273135334253,0.42638012766838074,1,0.6489646434783936,0.01596274971961975,0.7135236859321594,0.6905795335769653,-0.34792444109916687,0.23341448605060577,-0.5895472168922424,0
0.6872779726982117,-0.010367664508521557,0.6388154029846191,0.6616326570510864,-0.38050803542137146,0.28410983085632324,-0.5802907347679138,0.8192007541656494,-0.0018961243331432343,0.435442179441452,1,0.6450001001358032,0.01855519600212574,0.719909131526947,0.6933238506317139,-0.3448387086391449,0.2287582904100418,-0.5899643301963806,0
0.6846005916595459,-0.007661794777959585,0.6461812257766724,0.6646531820297241,-0.37750008702278137,0.27934709191322327,-0.5811152458190918,0.8189759254455566,0.0014535062946379185,0.44443976879119873,1,0.6403887867927551,0.0214616097509861,0.726996660232544,0.6963914036750793,-0.34134742617607117,0.22351358830928802,-0.5903918743133545,0
0.6817775368690491,-0.0049428073689341545,0.6535072922706604,0.6676690578460693,-0.3744644522666931,0.2745685279369354,-0.581899106502533,0.8185847401618958,0.004839612636715174,0.45343008637428284,1,0.6356189846992493,0.024355106055736542,0.7339792847633362,0.699437141418457,-0.33783525228500366,0.21826289594173431,-0.5907758474349976,0
0.6787939071655273,-0.002203112468123436,0.6608085632324219,0.6706885695457458,-0.371391624212265,0.2697562277317047,-0.5826461911201477,0.8180211782455444,0.00827042106539011,0.46243515610694885,1,0.6306928396224976,0.027234293520450592,0.7408543229103088,0.7024616003036499,-0.33430254459381104,0.2130059152841568,-0.5911157727241516,0
0.6756402850151062,0.0005577392876148224,0.6680893301963806,0.6737129092216492,-0.3682780861854553,0.2649044394493103,-0.5833590030670166,0.8172783255577087,0.011747054755687714,0.4714604318141937,1,0.6256123781204224,0.030097153037786484,0.7476189136505127,0.7054638862609863,-0.3307493031024933,0.20774327218532562,-0.5914121270179749,0
0.6723126173019409,0.0033388901501893997,0.6753456592559814,0.6767411231994629,-0.3651241958141327,0.2600119411945343,-0.584037184715271,0.8163511753082275,0.01526778843253851,0.48050424456596375,1,0.6203795075416565,0.03294159471988678,0.754270613193512,0.7084437012672424,-0.3271756172180176,0.20247487723827362,-0.5916650295257568,0
0.6688088178634644,0.006137118674814701,0.6825724840164185,0.6797711253166199,-0.3619300425052643,0.25507983565330505,-0.5846811532974243,0.8152361512184143,0.018829870969057083,0.48956117033958435,1,0.6149967312812805,0.03576628863811493,0.7608060240745544,0.7114006876945496,-0.32358184456825256,0.19720128178596497,-0.5918744206428528,0
0.6651278734207153,0.008950225077569485,0.6897639632225037,0.6828014850616455,-0.3586964011192322,0.25010946393013,-0.5852898359298706,0.8139306902885437,0.022429943084716797,0.4986240267753601,1,0.6094664931297302,0.03856901451945305,0.7672230005264282,0.7143344879150391,-0.31996819376945496,0.19192254543304443,-0.5920406579971313,0
0.6612707376480103,0.011774268001317978,0.6969116926193237,0.685829758644104,-0.35542455315589905,0.24510353803634644,-0.5858626961708069,0.8124330639839172,0.02606463059782982,0.5076848268508911,1,0.6037904620170593,0.04134853929281235,0.7735188603401184,0.7172448039054871,-0.3163345456123352,0.18663868308067322,-0.5921639204025269,0
0.6572381854057312,0.014606233686208725,0.7040090560913086,0.6888536810874939,-0.35211601853370667,0.24006466567516327,-0.5863990187644958,0.810742199420929,0.02973032556474209,0.516735315322876,1,0.5986251831054688,0.04379795491695404,0.7790111303329468,0.7198117971420288,-0.3130883574485779,0.1819383203983307,-0.5922372341156006,0
0.6530489921569824,0.017425600439310074,0.7110061645507812,0.6918512582778931,-0.3487921357154846,0.2350209802389145,-0.5868993401527405,0.808862030506134,0.033398810774087906,0.5257152318954468,1,0.593349039554596,0.04622626304626465,0.784403383731842,0.7223596572875977,-0.3098270297050476,0.17723490297794342,-0.5922765135765076,0
0.6487227082252502,0.020221956074237823,0.7178835272789001,0.6948140263557434,-0.3454630374908447,0.229990616440773,-0.5873609781265259,0.8068031668663025,0.037057630717754364,0.5345966815948486,1,0.5879632830619812,0.04863233491778374,0.7896941900253296,0.724888026714325,-0.30655038356781006,0.17252790927886963,-0.5922821164131165,0
0.6442705392837524,0.022991545498371124,0.7246333360671997,0.6977403163909912,-0.3421318233013153,0.22497977316379547,-0.5877825021743774,0.8045746088027954,0.04070200026035309,0.5433677434921265,1,0.5824698209762573,0.0510149784386158,0.7948821783065796,0.7273970246315002,-0.3032585382461548,0.16781768202781677,-0.592254102230072,0
0.639700710773468,0.02573235332965851,0.7312512993812561,0.7006298899650574,-0.3388006091117859,0.21999168395996094,-0.5881627798080444,0.8021829128265381,0.044330112636089325,0.5520235300064087,1,0.576870858669281,0.05337318032979965,0.7999647259712219,0.7298861742019653,-0.2999520003795624,0.16310489177703857,-0.5921922326087952,0
0.6350170969963074,0.02844405546784401,0.737737774848938,0.7034839391708374,-0.33546891808509827,0.21502552926540375,-0.5885021686553955,0.7996329069137573,0.047941211611032486,0.5605628490447998,1,0.5711678862571716,0.055705588310956955,0.8049410581588745,0.7323551177978516,-0.2966305911540985,0.15838925540447235,-0.5920971632003784,0
0.6302229166030884,0.031126152724027634,0.7440934777259827,0.7063033580780029,-0.3321361541748047,0.2100806087255478,-0.5888014435768127,0.7969282865524292,0.05153515189886093,0.5689865350723267,1,0.5653630495071411,0.05801117792725563,0.8098089694976807,0.7348036766052246,-0.2932944595813751,0.15367098152637482,-0.5919687747955322,0
0.6253196597099304,0.03377868980169296,0.750320553779602,0.7090895771980286,-0.32880130410194397,0.20515470206737518,-0.5890612006187439,0.7940719723701477,0.055111829191446304,0.5772961974143982,1,0.5594586133956909,0.06028885394334793,0.8145667910575867,0.7372316122055054,-0.289944052696228,0.14895062148571014,-0.5918070673942566,0
0.6203091144561768,0.03640206903219223,0.7564201951026917,0.7118440866470337,-0.3254634737968445,0.20024608075618744,-0.5892817378044128,0.7910664081573486,0.058671195060014725,0.5854938626289368,1,0.5534558892250061,0.06253761798143387,0.8192135691642761,0.7396388649940491,-0.2865791320800781,0.14422805607318878,-0.5916122198104858,0
0.6151919960975647,0.0389958955347538,0.7623946666717529,0.7145676612854004,-0.3221212327480316,0.19535261392593384,-0.5894643664360046,0.7879137396812439,0.062213245779275894,0.59358149766922,1,0.546588659286499,0.0650317519903183,0.8243057727813721,0.7423217296600342,-0.2827768921852112,0.13891297578811646,-0.5913532972335815,0
0.6099434494972229,0.04157738760113716,0.7682798504829407,0.7172807455062866,-0.31875357031822205,0.19044680893421173,-0.5896052718162537,0.7846001982688904,0.06576318293809891,0.6016074419021606,1,0.539603054523468,0.06748633831739426,0.8292528390884399,0.7449775338172913,-0.2789565622806549,0.13359563052654266,-0.5910531282424927,0
0.6045448184013367,0.04415236413478851,0.7740889191627502,0.7199901938438416,-0.3153494596481323,0.18551087379455566,-0.58970707654953,0.7811145186424255,0.0693294033408165,0.6095919013023376,1,0.5325018763542175,0.06990040838718414,0.8340529203414917,0.747606098651886,-0.27511873841285706,0.12827594578266144,-0.5907114148139954,0
0.5989880561828613,0.04672166705131531,0.7798237204551697,0.7226969003677368,-0.31190648674964905,0.1805393248796463,-0.5897703170776367,0.777449369430542,0.07291236519813538,0.6175403594970703,1,0.5252887010574341,0.0722721740603447,0.8387035131454468,0.750206708908081,-0.2712635397911072,0.12295498698949814,-0.5903286337852478,0
0.5932697057723999,0.04928287863731384,0.7854824662208557,0.7253997921943665,-0.3084229826927185,0.17553037405014038,-0.5897961258888245,0.7736011743545532,0.07650985568761826,0.6254515647888184,1,0.5179660320281982,0.07460078597068787,0.8432031273841858,0.7527796030044556,-0.2673911452293396,0.11763210594654083,-0.5899046063423157,0
0.5873894095420837,0.05183356627821922,0.791060209274292,0.728097140789032,-0.3048996329307556,0.17048479616641998,-0.5897843241691589,0.7695685029029846,0.08011850714683533,0.6333205103874207,1,0.5105375647544861,0.0768846720457077,0.8475494384765625,0.7553241848945618,-0.2635016441345215,0.11230819672346115,-0.5894395709037781,0
0.5813496708869934,0.05437067523598671,0.7965508699417114,0.7307870388031006,-0.30133765935897827,0.1654042750597,-0.5897347927093506,0.765351414680481,0.0837346687912941,0.6411405205726624,1,0.5030063390731812,0.07912247627973557,0.851740837097168,0.7578399181365967,-0.259595662355423,0.10698340833187103,-0.5889340043067932,0
0.5751528143882751,0.05689070001244545,0.8019484281539917,0.7334672808647156,-0.29773813486099243,0.16029122471809387,-0.589647650718689,0.760951042175293,0.08735445886850357,0.6489039659500122,1,0.49537545442581177,0.08131339401006699,0.8557754755020142,0.7603265643119812,-0.2556728720664978,0.10165772587060928,-0.5883880257606506,0
0.5688027143478394,0.05939078703522682,0.8072457313537598,0.7361359596252441,-0.2941029667854309,0.15514865517616272,-0.5895219445228577,0.7563689947128296,0.0909741073846817,0.656603217124939,1,0.4885116219520569,0.08322028815746307,0.8592288494110107,0.7625125050544739,-0.25217223167419434,0.09692346304655075,-0.5878686308860779,0
0.5623372197151184,0.061851758509874344,0.8124096989631653,0.7387727499008179,-0.290455162525177,0.1500052809715271,-0.589363157749176,0.7516319751739502,0.09456495940685272,0.664190411567688,1,0.481574147939682,0.08508826792240143,0.8625556826591492,0.7646751403808594,-0.2486589252948761,0.09218914061784744,-0.5873175263404846,0
0.5557804703712463,0.06426581740379333,0.8174245357513428,0.7413707971572876,-0.28680577874183655,0.14487911760807037,-0.5891703367233276,0.7467576265335083,0.09811551123857498,0.6716408729553223,1,0.4745655059814453,0.08691632002592087,0.8657552599906921,0.7668138146400452,-0.24513286352157593,0.08745471388101578,-0.5867350101470947,0
0.5491455793380737,0.06662983447313309,0.8222838044166565,0.7439285516738892,-0.28315848112106323,0.13977693021297455,-0.5889431238174438,0.7417575120925903,0.10162223875522614,0.6789438128471375,1,0.4674879312515259,0.0887041911482811,0.8688259124755859,0.7689287066459656,-0.24159447848796844,0.08272048085927963,-0.5861210823059082,0
0.5424408912658691,0.06894367188215256,0.8269849419593811,0.7464461922645569,-0.2795153856277466,0.13470084965229034,-0.5886805057525635,0.7366392612457275,0.10508424043655396,0.6860950589179993,1,0.4603433907032013,0.09045093506574631,0.8717671632766724,0.7710198163986206,-0.23804345726966858,0.07798627763986588,-0.5854758024215698,0
0.5356707572937012,0.07120726257562637,0.83152836561203,0.748924970626831,-0.27587640285491943,0.12965135276317596,-0.5883825421333313,0.7314075827598572,0.10850173234939575,0.6930939555168152,1,0.4531354606151581,0.09215601533651352,0.874577522277832,0.773086428642273,-0.2344805896282196,0.07325290143489838,-0.5847993493080139,0
0.5288376808166504,0.07342080026865005,0.8359154462814331,0.7513657808303833,-0.2722407281398773,0.12462705373764038,-0.5880496501922607,0.7260658740997314,0.1118752583861351,0.699941873550415,1,0.4458656907081604,0.09381847828626633,0.8772563338279724,0.7751284837722778,-0.23090559244155884,0.06852032244205475,-0.58409184217453,0
0.5219431519508362,0.07558534294366837,0.8401480913162231,0.7537703514099121,-0.26860764622688293,0.11962626129388809,-0.5876816511154175,0.7206165790557861,0.11520539969205856,0.706640899181366,1,0.438536673784256,0.09543788433074951,0.8798025846481323,0.7771458029747009,-0.2273186892271042,0.06378838419914246,-0.5833538174629211,0
0.5149877071380615,0.07770123332738876,0.8442283272743225,0.7561395764350891,-0.2649756669998169,0.11464682966470718,-0.5872792601585388,0.7150614857673645,0.11849284172058105,0.713193416595459,1,0.43115144968032837,0.09701362252235413,0.8822153210639954,0.7791382074356079,-0.2237199991941452,0.05905759334564209,-0.5825849771499634,0
0.5079727172851562,0.07976876199245453,0.8481579422950745,0.7584744095802307,-0.2613440752029419,0.10968741774559021,-0.5868428945541382,0.7094021439552307,0.12173814326524734,0.7196019887924194,1,0.42157670855522156,0.09897457808256149,0.8851199150085449,0.7816628217697144,-0.21907608211040497,0.05297662317752838,-0.5815516114234924,0
0.5008037090301514,0.08182091265916824,0.8519800901412964,0.7608147859573364,-0.2576603591442108,0.10468387603759766,-0.5863558053970337,0.7035630345344543,0.12499639391899109,0.7259414792060852,1,0.41191864013671875,0.10086134821176529,0.8878005743026733,0.7841454744338989,-0.2144133299589157,0.04689829796552658,-0.5804681777954102,0
0.49343615770339966,0.08386692404747009,0.8557133674621582,0.7631730437278748,-0.25390154123306274,0.09960072487592697,-0.5858162045478821,0.697506844997406,0.1282840520143509,0.7322506308555603,1,0.40218159556388855,0.10267309844493866,0.8902561068534851,0.7865855097770691,-0.20973211526870728,0.040822677314281464,-0.5793350338935852,0
0.48585042357444763,0.08590535074472427,0.8593608736991882,0.7655478715896606,-0.25005990266799927,0.09442632645368576,-0.5852264761924744,0.6912152767181396,0.13160012662410736,0.7385390996932983,1,0.3923718333244324,0.10440854728221893,0.8924847841262817,0.788982629776001,-0.20503289997577667,0.03475017845630646,-0.5781524181365967,0
0.4780406057834625,0.08793184906244278,0.8629170656204224,0.7679359912872314,-0.24613438546657562,0.08915834873914719,-0.5845876932144165,0.6846811771392822,0.13493841886520386,0.7448027729988098,1,0.38249462842941284,0.10606701672077179,0.8944852948188782,0.7913362979888916,-0.20031556487083435,0.028681013733148575,-0.5769211053848267,0
0.4700104594230652,0.0899403914809227,0.8663716912269592,0.7703328132629395,-0.24212676286697388,0.08380027115345001,-0.5839002132415771,0.6779041886329651,0.13829118013381958,0.751030445098877,1,0.37255585193634033,0.10764773190021515,0.8962563872337341,0.7936462163925171,-0.19558089971542358,0.02261594869196415,-0.575640857219696,0
0.4617669880390167,0.09192438423633575,0.8697127103805542,0.7727326154708862,-0.23804059624671936,0.07835765928030014,-0.5831645727157593,0.6708881855010986,0.1416502594947815,0.757207453250885,1,0.3625604212284088,0.1091499999165535,0.8977970480918884,0.7959117293357849,-0.1908288449048996,0.016554540023207664,-0.5743123888969421,0
