0.3625604212284088,0.1091499999165535,0.8977970480918884,0.7959117293357849,-0.1908288449048996,0.016554540023207664,-0.5743123888969421,0.5826107263565063,-0.027559205889701843,0.019999999552965164,0,0.3625604212284088,0.1091499999165535,0.8977970480918884,0.7959117293357849,-0.1908288449048996,0.016554540023207664,-0.5743123888969421,1
0.3628040552139282,0.10916154831647873,0.8976776003837585,0.7959170937538147,-0.19090838730335236,0.016660241410136223,-0.5742754340171814,0.5826107263565063,-0.027559205889701843,0.01981772482395172,0,0.3625604212284088,0.1091499999165535,0.8977970480918884,0.7959117293357849,-0.1908288449048996,0.016554540023207664,-0.5743123888969421,1
0.3632446825504303,0.10916890949010849,0.8974825739860535,0.7959179878234863,-0.1910729855298996,0.016885489225387573,-0.574212908744812,0.5826107263565063,-0.027559205889701843,0.019884353503584862,0,0.3625604212284088,0.1091499999165535,0.8977970480918884,0.7959117293357849,-0.1908288449048996,0.016554540023207664,-0.5743123888969421,1
0.36376747488975525,0.10917111486196518,0.8972581028938293,0.7959133982658386,-0.1912766695022583,0.017166968435049057,-0.5741432309150696,0.5826107263565063,-0.027559205889701843,0.019923372194170952,0,0.3625604212284088,0.1091499999165535,0.8977970480918884,0.7959117293357849,-0.1908288449048996,0.016554540023207664,-0.5743123888969421,1
0.3643089532852173,0.10917005687952042,0.8970283269882202,0.7959052920341492,-0.1914910078048706,0.01746424101293087,-0.5740739107131958,0.5826107263565063,-0.027559205889701843,0.019946129992604256,0,0.3625604212284088,0.1091499999165535,0.8977970480918884,0.7959117293357849,-0.1908288449048996,0.016554540023207664,-0.5743123888969421,1
0.36483412981033325,0.10916749387979507,0.8968064785003662,0.7958957552909851,-0.19170089066028595,0.017755331471562386,-0.5740082263946533,0.5826107263565063,-0.027559205889701843,0.019959425553679466,0,0.3625604212284088,0.1091499999165535,0.8977970480918884,0.7959117293357849,-0.1908288449048996,0.016554540023207664,-0.5743123888969421,1
0.3653259873390198,0.10916423052549362,0.8965990543365479,0.7958859801292419,-0.19189804792404175,0.01802937313914299,-0.5739471912384033,0.5826107263565063,-0.027559205889701843,0.019967196509242058,0,0.3625604212284088,0.1091499999165535,0.8977970480918884,0.7959117293357849,-0.1908288449048996,0.016554540023207664,-0.5743123888969421,1
0.36577728390693665,0.10916095972061157,0.89640873670578,0.7958768010139465,-0.19207923114299774,0.01828133687376976,-0.5738914608955383,0.5826107263565063,-0.027559205889701843,0.01997174322605133,0,0.3625604212284088,0.1091499999165535,0.8977970480918884,0.7959117293357849,-0.1908288449048996,0.016554540023207664,-0.5743123888969421,1
0.366186261177063,0.10915781557559967,0.8962359428405762,0.7958679795265198,-0.1922435611486435,0.018509861081838608,-0.5738412737846375,0.5826107263565063,-0.027559205889701843,0.019974403083324432,0,0.3625604212284088,0.1091499999165535,0.8977970480918884,0.7959117293357849,-0.1908288449048996,0.016554540023207664,-0.5743123888969421,1
0.3665536642074585,0.1091550812125206,0.8960806727409363,0.7958602905273438,-0.19239117205142975,0.01871492713689804,-0.5737957954406738,0.5826107263565063,-0.027559205889701843,0.01997595839202404,0,0.3625604212284088,0.1091499999165535,0.8977970480918884,0.7959117293357849,-0.1908288449048996,0.016554540023207664,-0.5743123888969421,1
0.36688217520713806,0.10915274918079376,0.895941436290741,0.7958534359931946,-0.1925230473279953,0.018898339942097664,-0.5737552642822266,0.5826107263565063,-0.027559205889701843,0.019976869225502014,0,0.3625604212284088,0.1091499999165535,0.8977970480918884,0.7959117293357849,-0.1908288449048996,0.016554540023207664,-0.5743123888969421,1
0.3671749234199524,0.10915068536996841,0.8958170413970947,0.7958471775054932,-0.1926405429840088,0.019061513245105743,-0.5737189054489136,0.5826107263565063,-0.027559205889701843,0.019977401942014694,0,0.3625604212284088,0.1091499999165535,0.8977970480918884,0.7959117293357849,-0.1908288449048996,0.016554540023207664,-0.5743123888969421,1
0.36743536591529846,0.10914917290210724,0.8957062363624573,0.7958419322967529,-0.19274485111236572,0.019206577911973,-0.5736864805221558,0.5826107263565063,-0.027559205889701843,0.019977713003754616,0,0.3625604212284088,0.1091499999165535,0.8977970480918884,0.7959117293357849,-0.1908288449048996,0.016554540023207664,-0.5743123888969421,1
0.3676663637161255,0.10914792865514755,0.8956077694892883,0.7958371639251709,-0.19283725321292877,0.019334783777594566,-0.5736575722694397,0.5826107263565063,-0.027559205889701843,0.01997789368033409,0,0.3625604212284088,0.1091499999165535,0.8977970480918884,0.7959117293357849,-0.1908288449048996,0.016554540023207664,-0.5743123888969421,1
0.3678717017173767,0.10914682596921921,0.8955199718475342,0.7958332300186157,-0.1929192990064621,0.019448645412921906,-0.573631763458252,0.5826107263565063,-0.027559205889701843,0.019978001713752747,0,0.3625604212284088,0.1091499999165535,0.8977970480918884,0.7959117293357849,-0.1908288449048996,0.016554540023207664,-0.5743123888969421,1
0.3680533766746521,0.10914600640535355,0.8954421877861023,0.795829713344574,-0.19299162924289703,0.01954904943704605,-0.5736088156700134,0.5826107263565063,-0.027559205889701843,0.01997806318104267,0,0.3625604212284088,0.1091499999165535,0.8977970480918884,0.7959117293357849,-0.1908288449048996,0.016554540023207664,-0.5743123888969421,1
0.3682141900062561,0.10914544761180878,0.8953732252120972,0.79582679271698,-0.19305557012557983,0.01963799074292183,-0.5735883712768555,0.5826107263565063,-0.027559205889701843,0.019978100433945656,0,0.3625604212284088,0.1091499999165535,0.8977970480918884,0.7959117293357849,-0.1908288449048996,0.016554540023207664,-0.5743123888969421,1
0.3683570623397827,0.10914503037929535,0.8953116536140442,0.7958241105079651,-0.19311225414276123,0.019716612994670868,-0.5735701322555542,0.5826107263565063,-0.027559205889701843,0.019978120923042297,0,0.3625604212284088,0.1091499999165535,0.8977970480918884,0.7959117293357849,-0.1908288449048996,0.016554540023207664,-0.5743123888969421,1
0.36848360300064087,0.10914475470781326,0.8952572345733643,0.7958218455314636,-0.1931624412536621,0.019786084070801735,-0.5735539793968201,0.5826107263565063,-0.027559205889701843,0.019978133961558342,0,0.3625604212284088,0.1091499999165535,0.8977970480918884,0.7959117293357849,-0.1908288449048996,0.016554540023207664,-0.5743123888969421,1
0.36859551072120667,0.10914462059736252,0.8952088356018066,0.7958201169967651,-0.19320662319660187,0.019847365096211433,-0.5735394358634949,0.5826107263565063,-0.027559205889701843,0.01997814141213894,0,0.3625604212284088,0.1091499999165535,0.8977970480918884,0.7959117293357849,-0.1908288449048996,0.016554540023207664,-0.5743123888969421,1
0.36869457364082336,0.10914447903633118,0.8951660394668579,0.7958184480667114,-0.1932457685470581,0.01990160159766674,-0.5735267996788025,0.5826107263565063,-0.027559205889701843,0.019978145137429237,0,0.3625604212284088,0.1091499999165535,0.8977970480918884,0.7959117293357849,-0.1908288449048996,0.016554540023207664,-0.5743123888969421,1
0.3687824606895447,0.10914447903633118,0.8951278328895569,0.795816957950592,-0.19328033924102783,0.01994943805038929,-0.5735154151916504,0.5826107263565063,-0.027559205889701843,0.019978148862719536,0,0.3625604212284088,0.1091499999165535,0.8977970480918884,0.7959117293357849,-0.1908288449048996,0.016554540023207664,-0.5743123888969421,1
0.36886000633239746,0.10914461314678192,0.895094096660614,0.7958159446716309,-0.19331079721450806,0.019991593435406685,-0.5735051035881042,0.5826107263565063,-0.027559205889701843,0.019978148862719536,0,0.3625604212284088,0.1091499999165535,0.8977970480918884,0.7959117293357849,-0.1908288449048996,0.016554540023207664,-0.5743123888969421,1
0.36892861127853394,0.10914474725723267,0.8950642347335815,0.7958149909973145,-0.19333770871162415,0.02002882771193981,-0.5734960436820984,0.5826107263565063,-0.027559205889701843,0.019978148862719536,0,0.3625604212284088,0.1091499999165535,0.8977970480918884,0.7959117293357849,-0.1908288449048996,0.016554540023207664,-0.5743123888969421,1
0.3689894676208496,0.10914488881826401,0.8950377106666565,0.7958140969276428,-0.1933615803718567,0.020061763003468513,-0.5734882354736328,0.5826107263565063,-0.027559205889701843,0.019978148862719536,0,0.3625604212284088,0.1091499999165535,0.8977970480918884,0.7959117293357849,-0.1908288449048996,0.016554540023207664,-0.5743123888969421,1
0.3690434694290161,0.10914502292871475,0.8950141072273254,0.7958134412765503,-0.1933826208114624,0.020090937614440918,-0.5734809041023254,0.5826107263565063,-0.027559205889701843,0.019978148862719536,0,0.3625604212284088,0.1091499999165535,0.8977970480918884,0.7959117293357849,-0.1908288449048996,0.016554540023207664,-0.5743123888969421,1
0.3690912425518036,0.10914530605077744,0.8949931859970093,0.7958129048347473,-0.1934012621641159,0.02011662721633911,-0.5734745860099792,0.5826107263565063,-0.027559205889701843,0.019978148862719536,0,0.3625604212284088,0.1091499999165535,0.8977970480918884,0.7959117293357849,-0.1908288449048996,0.016554540023207664,-0.5743123888969421,1
0.3691335916519165,0.10914543271064758,0.8949745893478394,0.7958122491836548,-0.19341766834259033,0.02013932727277279,-0.5734689831733704,0.5826107263565063,-0.027559205889701843,0.019978148862719536,0,0.3625604212284088,0.1091499999165535,0.8977970480918884,0.7959117293357849,-0.1908288449048996,0.016554540023207664,-0.5743123888969421,1
0.369171142578125,0.10914570838212967,0.894957959651947,0.7958120107650757,-0.19343216717243195,0.020159302279353142,-0.5734638571739197,0.5826107263565063,-0.027559205889701843,0.019978148862719536,0,0.3625604212284088,0.1091499999165535,0.8977970480918884,0.7959117293357849,-0.1908288449048996,0.016554540023207664,-0.5743123888969421,1
0.36920416355133057,0.10914599150419235,0.8949434161186218,0.795811653137207,-0.19344498217105865,0.020176958292722702,-0.5734593868255615,0.5826107263565063,-0.027559205889701843,0.019978148862719536,0,0.3625604212284088,0.1091499999165535,0.8977970480918884,0.7959117293357849,-0.1908288449048996,0.016554540023207664,-0.5743123888969421,1
0.36923354864120483,0.1091461256146431,0.8949304223060608,0.7958112955093384,-0.1934562772512436,0.020192500203847885,-0.5734555721282959,0.5826107263565063,-0.027559205889701843,0.019978148862719536,0,0.36923354864120483,0.1091461256146431,0.8949304223060608,0.7958112955093384,-0.1934562772512436,0.020192500203847885,-0.5734555721282959,1
0.3694966435432434,0.10915748029947281,0.8948008418083191,0.7958157062530518,-0.1935444176197052,0.020310046151280403,-0.5734154582023621,0.5826107263565063,-0.027559205889701843,0.019978148862719536,0,0.3751402497291565,0.10828018188476562,0.8945647478103638,0.7942025065422058,-0.19701549410820007,0.025405215099453926,-0.5742663145065308,1
0.3702889382839203,0.10910728573799133,0.8946459293365479,0.7957009077072144,-0.19393248856067657,0.020872581750154495,-0.5734235048294067,0.5826107263565063,-0.027559205889701843,0.019978148862719536,0,0.3810153603553772,0.10738769173622131,0.8940846920013428,0.7925602793693542,-0.20056743919849396,0.03061467595398426,-0.5750510096549988,1
0.3715972900390625,0.10898050665855408,0.894465982913971,0.7954433560371399,-0.19463884830474854,0.02190062776207924,-0.5735031962394714,0.5826107263565063,-0.027559205889701843,0.019978148862719536,0,0.38685837388038635,0.10646874457597733,0.8934902548789978,0.7908848524093628,-0.20411217212677002,0.035821255296468735,-0.5758090615272522,1
0.3733823895454407,0.10877863317728043,0.8942533731460571,0.7950490713119507,-0.19563861191272736,0.02335793897509575,-0.5736520886421204,0.5826107263565063,-0.027559205889701843,0.019978148862719536,0,0.39266690611839294,0.10552380234003067,0.8927820324897766,0.7891764640808105,-0.2076496034860611,0.04102436453104019,-0.5765405297279358,1
0.3756014108657837,0.10850659757852554,0.8940011858940125,0.7945284247398376,-0.19690488278865814,0.025205712765455246,-0.5738620162010193,0.5826107263565063,-0.027559205889701843,0.019978148862719536,0,0.3984391689300537,0.10455303639173508,0.8919605612754822,0.7874355316162109,-0.2111794501543045,0.046223536133766174,-0.5772449970245361,1
0.37821006774902344,0.10816875100135803,0.8937041163444519,0.7938905954360962,-0.19841107726097107,0.027405748143792152,-0.5741251707077026,0.5826107263565063,-0.027559205889701843,0.019978148862719536,0,0.40417397022247314,0.10355664789676666,0.8910257816314697,0.7856618762016296,-0.21470169723033905,0.051419250667095184,-0.5779225826263428,1
0.3811670243740082,0.10776928067207336,0.8933558464050293,0.793144166469574,-0.20013293623924255,0.029922904446721077,-0.574433445930481,0.5826107263565063,-0.027559205889701843,0.019978148862719536,0,0.409868985414505,0.10253480821847916,0.8899787068367004,0.7838557362556458,-0.21821609139442444,0.05661069601774216,-0.5785732269287109,1
0.3844336271286011,0.10731164366006851,0.8929508328437805,0.7922967076301575,-0.20204783976078033,0.03272503986954689,-0.5747795701026917,0.5826107263565063,-0.027559205889701843,0.019978148862719536,0,0.41552290320396423,0.10148807615041733,0.8888195753097534,0.7820176482200623,-0.2217225581407547,0.06179783120751381,-0.5791964530944824,1
0.38797351717948914,0.10679922997951508,0.892483651638031,0.7913551330566406,-0.20413492619991302,0.035782065242528915,-0.5751568675041199,0.5826107263565063,-0.027559205889701843,0.019978148862719536,0,0.4211338758468628,0.1004166305065155,0.8875488042831421,0.7801474332809448,-0.22522111237049103,0.06698038429021835,-0.5797922611236572,1
0.3917537331581116,0.106234610080719,0.8919488191604614,0.7903253436088562,-0.20637516677379608,0.03906708583235741,-0.5755596160888672,0.5826107263565063,-0.027559205889701843,0.019978148862719536,0,0.42670100927352905,0.09932059794664383,0.8861667513847351,0.7782454490661621,-0.22871150076389313,0.07215852290391922,-0.580360472202301,1
0.39574483036994934,0.10562028735876083,0.8913415670394897,0.7892124056816101,-0.20875214040279388,0.04255622625350952,-0.5759819746017456,0.5826107263565063,-0.027559205889701843,0.019978148862719536,0,0.4322216808795929,0.09820065647363663,0.8846742510795593,0.7763118147850037,-0.23219358921051025,0.07733150571584702,-0.5809008479118347,1
0.3999192416667938,0.10495826601982117,0.8906570672988892,0.7880210280418396,-0.2112502008676529,0.04622707515954971,-0.5764192342758179,0.5826107263565063,-0.027559205889701843,0.019978148862719536,0,0.4376946687698364,0.09705699980258942,0.8830718398094177,0.7743470668792725,-0.23566728830337524,0.08249948918819427,-0.5814130902290344,1
0.4042532444000244,0.10425068438053131,0.8898906707763672,0.7867555022239685,-0.21385625004768372,0.05006115883588791,-0.5768666863441467,0.5826107263565063,-0.027559205889701843,0.019978148862719536,0,0.443118691444397,0.09588980674743652,0.8813599944114685,0.7723510265350342,-0.23913271725177765,0.0876619890332222,-0.5818976163864136,1
0.4087240397930145,0.10349921137094498,0.8890388011932373,0.7854197025299072,-0.21655720472335815,0.05404006689786911,-0.5773200392723083,0.5826107263565063,-0.027559205889701843,0.019978148862719536,0,0.4484916031360626,0.09469980746507645,0.8795393705368042,0.7703240513801575,-0.2425893247127533,0.09281905740499496,-0.5823535919189453,1
0.4133113920688629,0.10270559787750244,0.8880977034568787,0.784017026424408,-0.2193426638841629,0.058148179203271866,-0.5777757167816162,0.5826107263565063,-0.027559205889701843,0.019978148862719536,0,0.4538118541240692,0.0934872031211853,0.8776106834411621,0.768266499042511,-0.2460370808839798,0.09797001630067825,-0.5827814936637878,1
0.4179975986480713,0.10187124460935593,0.8870641589164734,0.7825505137443542,-0.22220252454280853,0.06237127259373665,-0.5782305002212524,0.5826107263565063,-0.027559205889701843,0.019978148862719536,0,0.4590786099433899,0.09225240349769592,0.8755742311477661,0.7661784291267395,-0.24947616457939148,0.10311534255743027,-0.5831804871559143,1
0.42276641726493835,0.10099751502275467,0.885935366153717,0.7810230255126953,-0.22512821853160858,0.0666971430182457,-0.5786809325218201,0.5826107263565063,-0.027559205889701843,0.019978148862719536,0,0.46428927779197693,0.0909956693649292,0.8734312653541565,0.7640597820281982,-0.25290608406066895,0.10825418680906296,-0.583551287651062,1
0.42760229110717773,0.10008595138788223,0.8847090005874634,0.7794374823570251,-0.22811131179332733,0.07111364603042603,-0.5791244506835938,0.5826107263565063,-0.027559205889701843,0.019978148862719536,0,0.4694426655769348,0.08971777558326721,0.871182382106781,0.7619114518165588,-0.25632694363594055,0.11338655650615692,-0.5838930010795593,1
0.43249237537384033,0.09913765639066696,0.8833829164505005,0.7777959704399109,-0.23114509880542755,0.07561147958040237,-0.5795586109161377,0.5826107263565063,-0.027559205889701843,0.019978148862719536,0,0.4745369851589203,0.08841899037361145,0.868828296661377,0.7597332000732422,-0.2597382068634033,0.11851184070110321,-0.5842058062553406,1
0.4374244511127472,0.0981539636850357,0.8819552063941956,0.7761008739471436,-0.23422318696975708,0.080180823802948,-0.5799809694290161,0.5826107263565063,-0.027559205889701843,0.019978148862719536,0,0.47957101464271545,0.0870995968580246,0.8663696646690369,0.7575250864028931,-0.26314017176628113,0.12363027781248093,-0.5844898223876953,1
0.4423867464065552,0.09713573008775711,0.880424976348877,0.7743540406227112,-0.23733963072299957,0.08481352776288986,-0.5803899168968201,0.5826107263565063,-0.027559205889701843,0.019978148862719536,0,0.4845435917377472,0.08576038479804993,0.863806962966919,0.7552878260612488,-0.26653292775154114,0.12874165177345276,-0.5847443342208862,1
0.44737008213996887,0.09608443081378937,0.8787902593612671,0.7725574970245361,-0.2404896765947342,0.08950251340866089,-0.5807830691337585,0.5826107263565063,-0.027559205889701843,0.019978148862719536,0,0.4894525706768036,0.08440200239419937,0.8611416220664978,0.7530215382575989,-0.26991593837738037,0.13384558260440826,-0.5849694013595581,1
0.4523642063140869,0.0950009673833847,0.8770509958267212,0.7707127928733826,-0.24366837739944458,0.09424062818288803,-0.581159234046936,0.5826107263565063,-0.027559205889701843,0.019978148862719536,0,0.4942970275878906,0.08302436769008636,0.8583739399909973,0.7507261633872986,-0.2732892334461212,0.13894213736057281,-0.5851650238037109,1
0.4573613703250885,0.0938863605260849,0.875205934047699,0.7688218355178833,-0.2468716949224472,0.09902200102806091,-0.5815168619155884,0.5826107263565063,-0.027559205889701843,0.019978148862719536,0,0.4990749955177307,0.08162813633680344,0.855505108833313,0.7484018802642822,-0.27665263414382935,0.14403066039085388,-0.5853314995765686,1
0.46235349774360657,0.09274158626794815,0.8732550740242004,0.7668861150741577,-0.25009584426879883,0.10384132713079453,-0.5818544626235962,0.5826107263565063,-0.027559205889701843,0.019978148862719536,0,0.5037854313850403,0.08021417260169983,0.8525356650352478,0.7460494637489319,-0.2800061106681824,0.14911144971847534,-0.5854677557945251,1
0.46733397245407104,0.09156759083271027,0.8711978793144226,0.7649067044258118,-0.2533377707004547,0.10869378596544266,-0.5821710824966431,0.5826107263565063,-0.027559205889701843,0.019978148862719536,0,0.5084264278411865,0.07878284156322479,0.8494670987129211,0.7436686158180237,-0.2833494246006012,0.15418361127376556,-0.5855743885040283,1
0.47229596972465515,0.09036552906036377,0.8690345883369446,0.7628851532936096,-0.25659430027008057,0.11357477307319641,-0.582465648651123,0.5826107263565063,-0.027559205889701843,0.019978148862719536,0,0.5129973292350769,0.07733447849750519,0.846299409866333,0.741259753704071,-0.28668275475502014,0.15924780070781708,-0.5856509804725647,1
0.47723373770713806,0.08913621306419373,0.8667650818824768,0.7608227133750916,-0.2598627507686615,0.11848083138465881,-0.5827369093894958,0.5826107263565063,-0.027559205889701843,0.019978148862719536,0,0.5174959897994995,0.07587001472711563,0.8430342674255371,0.7388230562210083,-0.29000574350357056,0.16430310904979706,-0.5856974124908447,1
0.48214200139045715,0.08788032829761505,0.8643895387649536,0.7587202787399292,-0.2631407380104065,0.1234079897403717,-0.5829845666885376,0.5826107263565063,-0.027559205889701843,0.019978148862719536,0,0.5219210386276245,0.07438986748456955,0.8396727442741394,0.7363592386245728,-0.29331791400909424,0.1693490892648697,-0.5857136845588684,1
0.4870152175426483,0.08659903705120087,0.8619086146354675,0.7565791010856628,-0.2664259672164917,0.12835294008255005,-0.5832073092460632,0.5826107263565063,-0.027559205889701843,0.019978148862719536,0,0.5262714624404907,0.0728946104645729,0.8362153172492981,0.733867883682251,-0.2966199517250061,0.1743861883878708,-0.5856994986534119,1
0.49184906482696533,0.08529328554868698,0.8593227863311768,0.7544003129005432,-0.2697165608406067,0.13331277668476105,-0.5834044814109802,0.5826107263565063,-0.027559205889701843,0.019978148862719536,0,0.5305455923080444,0.07138463109731674,0.8326635360717773,0.731349527835846,-0.29991093277931213,0.1794137805700302,-0.5856550931930542,1
0.4966394305229187,0.08396387100219727,0.8566321134567261,0.7521845698356628,-0.273010790348053,0.13828523457050323,-0.5835756659507751,0.5826107263565063,-0.027559205889701843,0.019978148862719536,0,0.5347428321838379,0.06986087560653687,0.8290174603462219,0.7288044095039368,-0.30319148302078247,0.1844322830438614,-0.5855798125267029,1
0.5013822317123413,0.08261120319366455,0.8538376688957214,0.7499326467514038,-0.27630701661109924,0.14326782524585724,-0.5837205052375793,0.5826107263565063,-0.027559205889701843,0.019978148862719536,0,0.5388609766960144,0.06832387298345566,0.8252792358398438,0.7262327671051025,-0.30646100640296936,0.18944069743156433,-0.5854740142822266,1
0.506073534488678,0.08123665302991867,0.8509402275085449,0.7476457357406616,-0.2796038091182709,0.1482582539319992,-0.5838380455970764,0.5826107263565063,-0.027559205889701843,0.019978148862719536,0,0.5428993105888367,0.06677393615245819,0.821449339389801,0.723634660243988,-0.309719443321228,0.1944393515586853,-0.5853374004364014,1
0.5107101798057556,0.07984086126089096,0.8479405045509338,0.745324432849884,-0.28289997577667236,0.15325455367565155,-0.5839280486106873,0.5826107263565063,-0.027559205889701843,0.019978148862719536,0,0.5468565225601196,0.06521216779947281,0.8175287246704102,0.7210105657577515,-0.3129669725894928,0.19942772388458252,-0.5851700305938721,1
0.5152889490127563,0.0784246027469635,0.8448391556739807,0.7429695129394531,-0.28619417548179626,0.158254936337471,-0.5839900374412537,0.5826107263565063,-0.027559205889701843,0.019978148862719536,0,0.5507310032844543,0.06363898515701294,0.8135189414024353,0.7183607816696167,-0.31620311737060547,0.20440571010112762,-0.5849713087081909,1
0.5198075175285339,0.07698874175548553,0.8416368961334229,0.7405815720558167,-0.2894858717918396,0.1632586121559143,-0.5840234756469727,0.5826107263565063,-0.027559205889701843,0.019978148862719536,0,0.554521918296814,0.06205485388636589,0.8094207644462585,0.715685248374939,-0.3194279968738556,0.20937319099903107,-0.5847418904304504,1
0.5242615938186646,0.07553403824567795,0.8383355736732483,0.7381613254547119,-0.2927732765674591,0.16826291382312775,-0.5840283632278442,0.5826107263565063,-0.027559205889701843,0.019978148862719536,0,0.5582278370857239,0.06046085059642792,0.8052355051040649,0.7129846811294556,-0.32264167070388794,0.2143297642469406,-0.584480881690979,1
0.5286494493484497,0.07406137883663177,0.8349357843399048,0.7357097268104553,-0.29605576395988464,0.17326664924621582,-0.5840040445327759,0.5826107263565063,-0.027559205889701843,0.019978148862719536,0,0.5618473887443542,0.058857426047325134,0.8009645938873291,0.710258960723877,-0.3258434236049652,0.21927517652511597,-0.5841888785362244,1
0.5329684615135193,0.07257147133350372,0.8314383625984192,0.7332268953323364,-0.2993328869342804,0.17826932668685913,-0.5839505195617676,0.5826107263565063,-0.027559205889701843,0.019978148862719536,0,0.565379798412323,0.05724528059363365,0.7966087460517883,0.7075084447860718,-0.32903364300727844,0.22420956194400787,-0.583865225315094,1
0.5372160077095032,0.07106511294841766,0.8278449177742004,0.7307135462760925,-0.302603542804718,0.18326903879642487,-0.5838673114776611,0.5826107263565063,-0.027559205889701843,0.019978148862719536,0,0.568824052810669,0.05562486872076988,0.7921690344810486,0.7047331929206848,-0.3322121500968933,0.22913256287574768,-0.5835103392601013,1
0.5413904786109924,0.0695432722568512,0.8241561651229858,0.7281705737113953,-0.30586716532707214,0.18826530873775482,-0.5837542414665222,0.5826107263565063,-0.027559205889701843,0.019978148862719536,0,0.5721780061721802,0.05399738997220993,0.7876476645469666,0.7019339799880981,-0.3353785276412964,0.23404358327388763,-0.5831239223480225,1
0.5454895496368408,0.06800635159015656,0.8203730583190918,0.7255978584289551,-0.309123694896698,0.19325724244117737,-0.5836110711097717,0.5826107263565063,-0.027559205889701843,0.019978148862719536,0,0.5754420161247253,0.052363321185112,0.783044695854187,0.6991105675697327,-0.3385332226753235,0.2389429360628128,-0.5827056169509888,1
0.549511194229126,0.06645534187555313,0.8164972066879272,0.7229963541030884,-0.3123716413974762,0.19824348390102386,-0.5834377408027649,0.5826107263565063,-0.027559205889701843,0.019978148862719536,0,0.5786139965057373,0.0507231131196022,0.7783620953559875,0.6962633728981018,-0.34167563915252686,0.24383015930652618,-0.5822557806968689,1
0.5534534454345703,0.06489114463329315,0.8125297427177429,0.7203664779663086,-0.3156112730503082,0.20322388410568237,-0.5832337737083435,0.5826107263565063,-0.027559205889701843,0.019978148862719536,0,0.5816933512687683,0.04907793551683426,0.773600697517395,0.6933926343917847,-0.34480607509613037,0.24870531260967255,-0.5817739367485046,1
0.557314395904541,0.06331434845924377,0.8084719181060791,0.7177087068557739,-0.3188415765762329,0.20819702744483948,-0.5829993486404419,0.5826107263565063,-0.027559205889701843,0.019978148862719536,0,0.5846787691116333,0.04742836207151413,0.7687623500823975,0.6904990077018738,-0.347924143075943,0.2535676062107086,-0.5812601447105408,1
0.5610928535461426,0.061725810170173645,0.8043248653411865,0.715023398399353,-0.3220626413822174,0.21316273510456085,-0.5827339291572571,0.5826107263565063,-0.027559205889701843,0.019978148862719536,0,0.5875697135925293,0.045775093138217926,0.7638474702835083,0.68758225440979,-0.35102978348731995,0.258417546749115,-0.5807142853736877,1
0.5647865533828735,0.06012626364827156,0.8000898361206055,0.712310791015625,-0.325273722410202,0.21812020242214203,-0.5824377536773682,0.5826107263565063,-0.027559205889701843,0.019978148862719536,0,0.5903645753860474,0.04411867633461952,0.7588584423065186,0.6846427321434021,-0.3541227877140045,0.26325443387031555,-0.5801365971565247,1
0.5683944821357727,0.058516550809144974,0.7957683801651001,0.7095717787742615,-0.3284745514392853,0.2230687439441681,-0.5821104049682617,0.5826107263565063,-0.027559205889701843,0.019978148862719536,0,0.5930629968643188,0.042460277676582336,0.7537956833839417,0.6816806793212891,-0.3572033941745758,0.26807835698127747,-0.5795265436172485,1
0.571914553642273,0.056897375732660294,0.7913618087768555,0.706806480884552,-0.3316647708415985,0.22800776362419128,-0.5817520618438721,0.5826107263565063,-0.027559205889701843,0.019978148862719536,0,0.5956635475158691,0.040800489485263824,0.7486611604690552,0.6786967515945435,-0.3602711260318756,0.27288880944252014,-0.5788843035697937,1
0.5753459930419922,0.05526966601610184,0.786871075630188,0.70401531457901,-0.3348442018032074,0.23293690383434296,-0.5813621878623962,0.5826107263565063,-0.027559205889701843,0.019978148862719536,0,0.5981655716896057,0.03913983702659607,0.7434561848640442,0.675690770149231,-0.36332595348358154,0.2776857018470764,-0.5782099962234497,1
0.5786865949630737,0.0536341592669487,0.7822980284690857,0.7011988759040833,-0.33801236748695374,0.23785565793514252,-0.5809409618377686,0.5826107263565063,-0.027559205889701843,0.019978148862719536,0,0.6007154583930969,0.037375789135694504,0.7378493547439575,0.6724733114242554,-0.3665580749511719,0.2827679216861725,-0.5774574279785156,1
0.5819441080093384,0.051984965801239014,0.7776258587837219,0.6983449459075928,-0.34118106961250305,0.2427825778722763,-0.5804879665374756,0.5826107263565063,-0.027559205889701843,0.019978148862719536,0,0.6031515002250671,0.03561265021562576,0.7321670055389404,0.6692317128181458,-0.36977487802505493,0.28783389925956726,-0.576668918132782,1
0.5851198434829712,0.05032135918736458,0.7728513479232788,0.6954513192176819,-0.3443533778190613,0.24772168695926666,-0.5800018310546875,0.5826107263565063,-0.027559205889701843,0.019978148862719536,0,0.6054735779762268,0.03385171666741371,0.7264093160629272,0.6659666299819946,-0.3729771673679352,0.29288411140441895,-0.5758431553840637,1
0.5882148146629333,0.048643745481967926,0.7679724097251892,0.6925180554389954,-0.3475293815135956,0.252673476934433,-0.579480767250061,0.5826107263565063,-0.027559205889701843,0.019978148862719536,0,0.6076803207397461,0.03209351375699043,0.7205788493156433,0.6626779437065125,-0.3761644959449768,0.2979179620742798,-0.5749809741973877,1
0.5912256836891174,0.04695359990000725,0.7629912495613098,0.6895464062690735,-0.3507077097892761,0.2576357424259186,-0.5789244174957275,0.5826107263565063,-0.027559205889701843,0.019978148862719536,0,0.6097712516784668,0.030339177697896957,0.7146764993667603,0.6593660116195679,-0.37933680415153503,0.30293601751327515,-0.5740816593170166,1
0.5941499471664429,0.045252084732055664,0.7579087615013123,0.6865375638008118,-0.3538869023323059,0.26260682940483093,-0.5783318877220154,0.5826107263565063,-0.027559205889701843,0.019978148862719536,0,0.6117450594902039,0.028589971363544464,0.708704948425293,0.656031608581543,-0.38249388337135315,0.3079366385936737,-0.5731455087661743,1
0.5969840884208679,0.04354050010442734,0.7527281641960144,0.6834926009178162,-0.3570654094219208,0.2675839066505432,-0.5777031183242798,0.5826107263565063,-0.027559205889701843,0.019978148862719536,0,0.6136009097099304,0.026846343651413918,0.7026655673980713,0.6526747941970825,-0.385635644197464,0.3129206597805023,-0.5721725225448608,1
0.5997254252433777,0.04182064160704613,0.7474509477615356,0.6804126501083374,-0.36024200916290283,0.27256542444229126,-0.5770375728607178,0.5826107263565063,-0.027559205889701843,0.019978148862719536,0,0.6153385639190674,0.0251094251871109,0.6965595483779907,0.6492955088615417,-0.3887621760368347,0.31788796186447144,-0.5711624026298523,1
0.6023702621459961,0.04009386897087097,0.7420805096626282,0.677298903465271,-0.36341536045074463,0.27754873037338257,-0.576335072517395,0.5826107263565063,-0.027559205889701843,0.019978148862719536,0,0.616956353187561,0.023380573838949203,0.6903899312019348,0.6458950042724609,-0.39187297224998474,0.32283735275268555,-0.5701150894165039,1
0.6049158573150635,0.03836142271757126,0.7366194725036621,0.6741524934768677,-0.3665837049484253,0.2825317978858948,-0.5755956768989563,0.5826107263565063,-0.027559205889701843,0.019978148862719536,0,0.6184540390968323,0.021660180762410164,0.6841576099395752,0.6424726247787476,-0.39496830105781555,0.3277696669101715,-0.56903076171875,1
0.6073595285415649,0.036624882370233536,0.7310702204704285,0.6709746718406677,-0.36974629759788513,0.28751295804977417,-0.574819028377533,0.5826107263565063,-0.027559205889701843,0.019978148862719536,0,0.619830846786499,0.019949737936258316,0.6778646111488342,0.6390295624732971,-0.3980477750301361,0.3326837718486786,-0.5679090023040771,1
0.6096979379653931,0.03488577529788017,0.7254363298416138,0.6677664518356323,-0.3729012608528137,0.29248976707458496,-0.5740053653717041,0.5826107263565063,-0.027559205889701843,0.019978148862719536,0,0.6210860013961792,0.01824975572526455,0.6715130805969238,0.6355656385421753,-0.4011113941669464,0.3375798761844635,-0.566750168800354,1
0.6119294762611389,0.033145271241664886,0.7197194695472717,0.664528489112854,-0.37604835629463196,0.29746130108833313,-0.5731545090675354,0.5826107263565063,-0.027559205889701843,0.019978148862719536,0,0.6222189664840698,0.016561713069677353,0.665104329586029,0.632081151008606,-0.40415921807289124,0.3424578309059143,-0.5655539035797119,1
0.6140516996383667,0.031404606997966766,0.7139230370521545,0.661262035369873,-0.3791862428188324,0.30242547392845154,-0.5722666382789612,0.5826107263565063,-0.027559205889701843,0.019978148862719536,0,0.6232290863990784,0.014886370860040188,0.6586406230926514,0.6285766959190369,-0.4071910083293915,0.347317099571228,-0.5643203258514404,1
0.6160624027252197,0.02966553531587124,0.7080493569374084,0.6579681038856506,-0.3823137581348419,0.3073810338973999,-0.5713414549827576,0.5826107263565063,-0.027559205889701843,0.019978148862719536,0,0.624116063117981,0.013224445283412933,0.6521235108375549,0.6250526309013367,-0.4102065861225128,0.3521578907966614,-0.56304931640625,1
0.6179602146148682,0.027928680181503296,0.7021006941795349,0.6546467542648315,-0.38543078303337097,0.3123272657394409,-0.5703790187835693,0.5826107263565063,-0.027559205889701843,0.019978148862719536,0,0.6248788237571716,0.011577223427593708,0.645555317401886,0.6215091943740845,-0.4132055640220642,0.3569796085357666,-0.5617409348487854,1
0.6197430491447449,0.02619568631052971,0.6960799098014832,0.6512997150421143,-0.3885362148284912,0.31726235151290894,-0.569379448890686,0.5826107263565063,-0.027559205889701843,0.019978148862719536,0,0.6255176067352295,0.009945886209607124,0.63893723487854,0.6179468035697937,-0.4161885976791382,0.3617822229862213,-0.560394823551178,1
0.6214097142219543,0.02446768246591091,0.689988911151886,0.647926926612854,-0.39162957668304443,0.3221858739852905,-0.5683424472808838,0.5826107263565063,-0.027559205889701843,0.019978148862719536,0,0.626031219959259,0.008330997079610825,0.632271945476532,0.6143656969070435,-0.4191547632217407,0.36656537652015686,-0.5590113997459412,1
0.6229583024978638,0.022746220231056213,0.6838307976722717,0.6445298790931702,-0.39471009373664856,0.32709598541259766,-0.5672682523727417,0.5826107263565063,-0.027559205889701843,0.019978148862719536,0,0.6264196038246155,0.0067339614033699036,0.6255608797073364,0.6107662320137024,-0.42210471630096436,0.3713288903236389,-0.5575902462005615,1
0.6243883371353149,0.021031774580478668,0.6776071786880493,0.6411082744598389,-0.3977777361869812,0.3319931626319885,-0.5661567449569702,0.5826107263565063,-0.027559205889701843,0.019978148862719536,0,0.6266820430755615,0.005155401304364204,0.6188064813613892,0.6071491241455078,-0.42503756284713745,0.37607240676879883,-0.5561316609382629,1
0.6256980895996094,0.01932612434029579,0.6713207364082336,0.6376636028289795,-0.4008314907550812,0.33687570691108704,-0.5650079250335693,0.5826107263565063,-0.027559205889701843,0.019978148862719536,0,0.6268188953399658,0.0035963505506515503,0.6120098829269409,0.6035139560699463,-0.4279538094997406,0.3807962238788605,-0.5546354651451111,1
0.6268864274024963,0.017630301415920258,0.6649740934371948,0.6341962218284607,-0.4038710594177246,0.34174275398254395,-0.5638219118118286,0.5826107263565063,-0.027559205889701843,0.019978148862719536,0,0.6268289685249329,0.0020582256838679314,0.6051738262176514,0.5998619794845581,-0.43085306882858276,0.38549935817718506,-0.5531015396118164,1
0.6279525756835938,0.015945740044116974,0.6585692167282104,0.6307066679000854,-0.4068962335586548,0.3465939164161682,-0.562598466873169,0.5826107263565063,-0.027559205889701843,0.019978148862719536,0,0.6267125010490417,0.0005414225161075592,0.5982998609542847,0.5961927771568298,-0.43373554944992065,0.39018234610557556,-0.5515298843383789,1
0.6288957595825195,0.014272811822593212,0.6521081328392029,0.627195417881012,-0.4099065661430359,0.3514288663864136,-0.5613378882408142,0.5826107263565063,-0.027559205889701843,0.019978148862719536,0,0.6264694333076477,-0.0009528286755084991,0.5913897156715393,0.5925070643424988,-0.4366006553173065,0.39484477043151855,-0.5499207377433777,1
0.6297149658203125,0.012613077647984028,0.6455936431884766,0.6236633658409119,-0.41290152072906494,0.35624638199806213,-0.5600399971008301,0.5826107263565063,-0.027559205889701843,0.019978148862719536,0,0.6260990500450134,-0.002423243597149849,0.5844461917877197,0.5888053178787231,-0.4394487142562866,0.39948567748069763,-0.5482739806175232,1
0.6304097175598145,0.010967647656798363,0.6390275359153748,0.6201105713844299,-0.41588094830513,0.3610464036464691,-0.5587049126625061,0.5826107263565063,-0.027559205889701843,0.019978148862719536,0,0.6256012916564941,-0.0038693202659487724,0.5774704217910767,0.5850876569747925,-0.4422793686389923,0.4041057527065277,-0.5465893149375916,1
0.6309791207313538,0.009337877854704857,0.6324120163917542,0.6165380477905273,-0.41884467005729675,0.3658282160758972,-0.557332456111908,0.5826107263565063,-0.027559205889701843,0.019978148862719536,0,0.6249765753746033,-0.005289771594107151,0.570464551448822,0.5813544392585754,-0.4450925886631012,0.40870457887649536,-0.5448669791221619,1
0.631422758102417,0.007724256254732609,0.6257494688034058,0.6129460334777832,-0.4217924177646637,0.37059158086776733,-0.55592280626297,0.5826107263565063,-0.027559205889701843,0.019978148862719536,0,0.6242241859436035,-0.006683935411274433,0.5634308457374573,0.5776059031486511,-0.4478885531425476,0.4132818877696991,-0.5431070327758789,1
0.6317402124404907,0.006128476932644844,0.6190415620803833,0.6093351244926453,-0.4247237741947174,0.37533581256866455,-0.554475724697113,0.5826107263565063,-0.027559205889701843,0.019978148862719536,0,0.623344361782074,-0.008050658740103245,0.5563712120056152,0.5738425850868225,-0.4506666958332062,0.41783732175827026,-0.5413095355033875,1
0.6319308280944824,0.004551139660179615,0.6122912168502808,0.6057056784629822,-0.42763856053352356,0.3800604045391083,-0.5529918074607849,0.5826107263565063,-0.027559205889701843,0.019978148862719536,0,0.6223368644714355,-0.009388701990246773,0.549287736415863,0.5700652599334717,-0.45342713594436646,0.4223705232143402,-0.5394743084907532,1
0.6319941878318787,0.0029934532940387726,0.6055000424385071,0.6020582914352417,-0.43053656816482544,0.38476529717445374,-0.5514704585075378,0.5826107263565063,-0.027559205889701843,0.019978148862719536,0,0.6212019920349121,-0.010697723366320133,0.5421820878982544,0.5662736892700195,-0.4561696946620941,0.4268818795681,-0.5376012325286865,1
0.6319301128387451,0.0014566052705049515,0.598670482635498,0.5983935594558716,-0.4334177076816559,0.38944971561431885,-0.5499118566513062,0.5826107263565063,-0.027559205889701843,0.019978148862719536,0,0.6199394464492798,-0.011976340785622597,0.5350568890571594,0.5624683499336243,-0.4588943421840668,0.43137064576148987,-0.5356909036636353,1
0.6317381858825684,-5.8562494814395905e-05,0.5918045043945312,0.594711422920227,-0.4362817704677582,0.3941137194633484,-0.5483164191246033,0.5826107263565063,-0.027559205889701843,0.019978148862719536,0,0.6185497045516968,-0.013223335146903992,0.5279133915901184,0.5586498379707336,-0.46160122752189636,0.4358368217945099,-0.533742368221283,1
0.6314182281494141,-0.0015509091317653656,0.5849040150642395,0.591012716293335,-0.4391286373138428,0.3987569808959961,-0.5466833710670471,0.5826107263565063,-0.027559205889701843,0.019978148862719536,0,0.6170329451560974,-0.014438554644584656,0.5207537412643433,0.5548181533813477,-0.46429014205932617,0.44028010964393616,-0.5317564010620117,1
0.6309699416160583,-0.0030195927247405052,0.5779719352722168,0.5872980952262878,-0.4419576823711395,0.40337860584259033,-0.5450137853622437,0.5826107263565063,-0.027559205889701843,0.019978148862719536,0,0.6153888702392578,-0.015620328485965729,0.5135804414749146,0.5509738326072693,-0.46696069836616516,0.4447006583213806,-0.5297327637672424,1
0.6303935647010803,-0.0044632647186517715,0.5710091590881348,0.5835675597190857,-0.4447695314884186,0.40797895193099976,-0.5433066487312317,0.5826107263565063,-0.027559205889701843,0.019978148862719536,0,0.6136179566383362,-0.016768239438533783,0.5063954591751099,0.5471173524856567,-0.4696129560470581,0.4490976929664612,-0.5276716947555542,1
0.6296886801719666,-0.005881335586309433,0.564018726348877,0.5798215270042419,-0.4475633203983307,0.41255730390548706,-0.5415629148483276,0.5826107263565063,-0.027559205889701843,0.019978148862719536,0,0.6117204427719116,-0.01788121834397316,0.4992002248764038,0.5432489514350891,-0.4722467362880707,0.4534717798233032,-0.5255729556083679,1
0.6288553476333618,-0.007272454909980297,0.5570022463798523,0.5760607123374939,-0.4503393769264221,0.41711366176605225,-0.5397818684577942,0.5826107263565063,-0.027559205889701843,0.019978148862719536,0,0.6096968650817871,-0.01895805634558201,0.4919968545436859,0.5393689274787903,-0.47486254572868347,0.457822322845459,-0.5234361886978149,1
0.6278934478759766,-0.008635570295155048,0.5499618649482727,0.572285532951355,-0.45309752225875854,0.4216476082801819,-0.5379637479782104,0.5826107263565063,-0.027559205889701843,0.019978148862719536,0,0.6075470447540283,-0.019998326897621155,0.48478811979293823,0.5354776978492737,-0.4774596095085144,0.4621486961841583,-0.5212624073028564,1
0.6268031001091003,-0.009970259852707386,0.5429000854492188,0.5684962272644043,-0.45583733916282654,0.4261588156223297,-0.5361090302467346,0.5826107263565063,-0.027559205889701843,0.019978148862719536,0,0.6052717566490173,-0.021000945940613747,0.4775751829147339,0.531575620174408,-0.4800379276275635,0.4664512574672699,-0.5190511345863342,1
0.6255844831466675,-0.011275071650743484,0.5358182787895203,0.5646933913230896,-0.4585587978363037,0.4306472837924957,-0.5342172384262085,0.5826107263565063,-0.027559205889701843,0.019978148862719536,0,0.6028711199760437,-0.021964803338050842,0.4703606069087982,0.5276631712913513,-0.4825977683067322,0.4707295596599579,-0.516802191734314,1
0.624237596988678,-0.012549023143947124,0.5287191867828369,0.5608770847320557,-0.4612623453140259,0.4351122975349426,-0.532288670539856,0.5826107263565063,-0.027559205889701843,0.019978148862719536,0,0.6003456115722656,-0.02288937196135521,0.4631459712982178,0.523740828037262,-0.4851386249065399,0.4749835729598999,-0.5145158767700195,1
0.6227627992630005,-0.013791333884000778,0.521604597568512,0.5570482015609741,-0.4639469385147095,0.43955400586128235,-0.5303231477737427,0.5826107263565063,-0.027559205889701843,0.019978148862719536,0,0.5976956486701965,-0.02377348020672798,0.45593371987342834,0.5198084712028503,-0.48766088485717773,0.47921305894851685,-0.5121922492980957,1
0.6211599707603455,-0.015001042746007442,0.5144764184951782,0.5532068014144897,-0.46661341190338135,0.44397199153900146,-0.5283209681510925,0.5826107263565063,-0.027559205889701843,0.019978148862719536,0,0.594921886920929,-0.024616647511720657,0.44872555136680603,0.5158668160438538,-0.49016404151916504,0.4834176003932953,-0.5098311901092529,1
0.619429349899292,-0.016177354380488396,0.5073370933532715,0.5493533611297607,-0.46926066279411316,0.4483662247657776,-0.5262822508811951,0.5826107263565063,-0.027559205889701843,0.019978148862719536,0,0.5920247435569763,-0.02541784942150116,0.4415236711502075,0.5119161605834961,-0.4926481246948242,0.48759740591049194,-0.5074331760406494,1
0.6175718307495117,-0.017318889498710632,0.5001880526542664,0.5454882383346558,-0.4718894064426422,0.45273658633232117,-0.5242065787315369,0.5826107263565063,-0.027559205889701843,0.019978148862719536,0,0.5890048742294312,-0.026176035404205322,0.43432992696762085,0.5079571008682251,-0.4951131045818329,0.4917517602443695,-0.5049977898597717,1
0.6155872941017151,-0.018425246700644493,0.49303138256073,0.5416116714477539,-0.47449952363967896,0.45708271861076355,-0.5220942497253418,0.5826107263565063,-0.027559205889701843,0.019978148862719536,0,0.5858629941940308,-0.026890894398093224,0.42714619636535645,0.5039893984794617,-0.497559130191803,0.49588117003440857,-0.5025250911712646,1
0.6134758591651917,-0.019495217129588127,0.48586997389793396,0.5377243757247925,-0.47709032893180847,0.4614042341709137,-0.5199456214904785,0.5826107263565063,-0.027559205889701843,0.019978148862719536,0,0.5825995206832886,-0.027561070397496223,0.4199743866920471,0.5000137090682983,-0.49998587369918823,0.4999852776527405,-0.5000150799751282,1
0.6112385988235474,-0.020527977496385574,0.4787050187587738,0.5338268280029297,-0.4796621799468994,0.46570107340812683,-0.5177600383758545,0.5826107263565063,-0.027559205889701843,0.019978148862719536,0,0.6112385988235474,-0.020527977496385574,0.4787050187587738,0.5338268280029297,-0.4796621799468994,0.46570107340812683,-0.5177600383758545,1
0.609930157661438,-0.020764293149113655,0.47145363688468933,0.5308317542076111,-0.4824886918067932,0.47051236033439636,-0.513848602771759,0.5826107263565063,-0.027559205889701843,0.019978148862719536,0,0.6115365624427795,-0.020732441917061806,0.47626376152038574,0.5334880948066711,-0.479873925447464,0.46605607867240906,-0.5175936818122864,1
0.6096431612968445,-0.020666100084781647,0.46425607800483704,0.5282176733016968,-0.4853339195251465,0.47505781054496765,-0.5096637606620789,0.5826107263565063,-0.027559205889701843,0.019978148862719536,0,0.6118217706680298,-0.020934563130140305,0.47382333874702454,0.5331493616104126,-0.48008522391319275,0.46641072630882263,-0.5174273252487183,1
0.6097221970558167,-0.020614242181181908,0.45780959725379944,0.5259708166122437,-0.4877663552761078,0.4789312183856964,-0.5060272216796875,0.5826107263565063,-0.027559205889701843,0.019978148862719536,0,0.612094521522522,-0.021133888512849808,0.47138330340385437,0.532810628414154,-0.48029646277427673,0.46676528453826904,-0.5172602534294128,1
0.6099234819412231,-0.02062641642987728,0.4523985981941223,0.5241385102272034,-0.48969629406929016,0.4820268750190735,-0.5031166672706604,0.5826107263565063,-0.027559205889701843,0.019978148862719536,0,0.6123548746109009,-0.021330639719963074,0.4689438045024872,0.5324718356132507,-0.4805077016353607,0.4671196937561035,-0.5170931816101074,1
0.6101934313774109,-0.020683545619249344,0.4481138586997986,0.5227550864219666,-0.49111342430114746,0.484313040971756,-0.5009745359420776,0.5826107263565063,-0.027559205889701843,0.019978148862719536,0,0.6126028895378113,-0.021524788811802864,0.466504842042923,0.5321328043937683,-0.48071885108947754,0.4674738347530365,-0.5169256329536438,1
0.6105338335037231,-0.020775403827428818,0.44497984647750854,0.5218366384506226,-0.4920257329940796,0.4857879877090454,-0.4996068775653839,0.5826107263565063,-0.027559205889701843,0.019978148862719536,0,0.6128382682800293,-0.021716389805078506,0.46406668424606323,0.5317941308021545,-0.4809298515319824,0.4678279161453247,-0.5167577266693115,1
0.6109588742256165,-0.020899193361401558,0.4430012106895447,0.521388590335846,-0.492441862821579,0.48645898699760437,-0.4990115165710449,0.5826107263565063,-0.027559205889701843,0.019978148862719536,0,0.6130613088607788,-0.021905386820435524,0.4616295397281647,0.5314550995826721,-0.4811406135559082,0.4681815505027771,-0.516589879989624,1
0.6114811897277832,-0.02105521410703659,0.4421756863594055,0.5214102268218994,-0.4923693537712097,0.4863346517086029,-0.4991816282272339,0.5826107263565063,-0.027559205889701843,0.019978148862719536,0,0.6132717132568359,-0.02209196239709854,0.4591928720474243,0.5311158299446106,-0.481351375579834,0.46853554248809814,-0.5164215564727783,1
0.6120682954788208,-0.02124016359448433,0.4423940181732178,0.5218575596809387,-0.49184900522232056,0.48548734188079834,-0.5000512003898621,0.5826107263565063,-0.027559205889701843,0.019978148862719536,0,0.613469660282135,-0.022275734692811966,0.45675748586654663,0.5307767987251282,-0.48156189918518066,0.4688889980316162,-0.5162531137466431,1
0.6125212907791138,-0.021422233432531357,0.4429033398628235,0.522435188293457,-0.4911705553531647,0.48440101742744446,-0.5011672377586365,0.5826107263565063,-0.027559205889701843,0.019978148862719536,0,0.6136553883552551,-0.022456884384155273,0.4543229341506958,0.5304375290870667,-0.48177236318588257,0.4692423343658447,-0.5160843133926392,1
0.6128751635551453,-0.02158588171005249,0.4433375895023346,0.5229993462562561,-0.49049830436706543,0.4833213984966278,-0.5022783279418945,0.5826107263565063,-0.027559205889701843,0.019978148862719536,0,0.6138284206390381,-0.022635385394096375,0.4518897533416748,0.5300982594490051,-0.4819827079772949,0.46959546208381653,-0.5159153342247009,1
0.6131775379180908,-0.0217377170920372,0.44357526302337646,0.5235051512718201,-0.48988214135169983,0.4823276996612549,-0.5033068656921387,0.5826107263565063,-0.027559205889701843,0.019978148862719536,0,0.6139892339706421,-0.02281131036579609,0.4494573771953583,0.5297588109970093,-0.48219290375709534,0.46994850039482117,-0.5157459378242493,1
0.6134525537490845,-0.021885087713599205,0.44357913732528687,0.5239375233650208,-0.48933714628219604,0.48144641518592834,-0.5042300224304199,0.5826107263565063,-0.027559205889701843,0.019978148862719536,0,0.6141376495361328,-0.022984802722930908,0.4470260441303253,0.5294193029403687,-0.4824030101299286,0.4703015685081482,-0.5155762434005737,1
0.6137111186981201,-0.02203216403722763,0.4433475136756897,0.5242946743965149,-0.4888646602630615,0.4806826412677765,-0.5050451159477234,0.5826107263565063,-0.027559205889701843,0.019978148862719536,0,0.6142734885215759,-0.023155413568019867,0.4445963203907013,0.5290799736976624,-0.48261308670043945,0.4706541895866394,-0.5154062509536743,1
0.6139585375785828,-0.022181129083037376,0.44289231300354004,0.5245794057846069,-0.4884614944458008,0.48003247380256653,-0.5057573914527893,0.5826107263565063,-0.027559205889701843,0.019978148862719536,0,0.6143969297409058,-0.02332334592938423,0.4421682059764862,0.528740644454956,-0.4828227460384369,0.4710065424442291,-0.5152362585067749,1
0.6141964197158813,-0.02233245223760605,0.4422324001789093,0.5247979760169983,-0.48812201619148254,0.47948676347732544,-0.5063757300376892,0.5826107263565063,-0.027559205889701843,0.019978148862719536,0,0.6145082712173462,-0.023488689213991165,0.4397408962249756,0.5284008979797363,-0.4830324947834015,0.47135892510414124,-0.5150657296180725,1
0.6144254207611084,-0.022486114874482155,0.44138646125793457,0.5249564051628113,-0.4878404438495636,0.4790363311767578,-0.5069087743759155,0.5826107263565063,-0.027559205889701843,0.019978148862719536,0,0.6146071553230286,-0.023651331663131714,0.437315434217453,0.5280612707138062,-0.4832421541213989,0.47171124815940857,-0.514894962310791,1
0.6146453022956848,-0.022641580551862717,0.4403732419013977,0.5250608921051025,-0.487611323595047,0.4786721169948578,-0.5073649883270264,0.5826107263565063,-0.027559205889701843,0.019978148862719536,0,0.6146935224533081,-0.023811308667063713,0.4348917305469513,0.5277217626571655,-0.48345139622688293,0.4720630645751953,-0.5147241950035095,1
0.6148558259010315,-0.022798778489232063,0.43920934200286865,0.5251168012619019,-0.4874292314052582,0.4783850610256195,-0.5077527165412903,0.5826107263565063,-0.027559205889701843,0.019978148862719536,0,0.6147677898406982,-0.023968873545527458,0.43246930837631226,0.5273818969726562,-0.48366060853004456,0.47241491079330444,-0.5145530700683594,1
0.6150563359260559,-0.022956907749176025,0.4379113018512726,0.5251295566558838,-0.4872891902923584,0.4781668484210968,-0.5080792903900146,0.5826107263565063,-0.027559205889701843,0.019978148862719536,0,0.6148296594619751,-0.024123482406139374,0.43004876375198364,0.5270419120788574,-0.48386991024017334,0.47276657819747925,-0.5143815279006958,1
0.6152461767196655,-0.023115774616599083,0.4364936351776123,0.5251041054725647,-0.487186461687088,0.4780101478099823,-0.5083516240119934,0.5826107263565063,-0.027559205889701843,0.019978148862719536,0,0.6148791313171387,-0.02427542954683304,0.427630215883255,0.5267022252082825,-0.484078973531723,0.47311779856681824,-0.5142098665237427,1
0.6154247522354126,-0.023274853825569153,0.4349685609340668,0.5250440239906311,-0.48711732029914856,0.4779089689254761,-0.5085747241973877,0.5826107263565063,-0.027559205889701843,0.019978148862719536,0,0.6149163842201233,-0.024424653500318527,0.4252133369445801,0.5263623595237732,-0.48428794741630554,0.47346922755241394,-0.5140376687049866,1
0.6155917048454285,-0.023433759808540344,0.43334805965423584,0.5249534845352173,-0.4870784282684326,0.47785648703575134,-0.5087549686431885,0.5826107263565063,-0.027559205889701843,0.019978148862719536,0,0.6149413585662842,-0.02457122504711151,0.42279836535453796,0.52602219581604,-0.4844968020915985,0.4738205075263977,-0.5138652324676514,1
0.6157463192939758,-0.02359212189912796,0.4316423535346985,0.5248357057571411,-0.4870658218860626,0.4778480529785156,-0.5088962912559509,0.5826107263565063,-0.027559205889701843,0.019978148862719536,0,0.6149539947509766,-0.02471528947353363,0.42038506269454956,0.5256820321083069,-0.4847054183483124,0.47417154908180237,-0.5136927962303162,1
0.6158885955810547,-0.02374942973256111,0.4298607409000397,0.5246937870979309,-0.48707735538482666,0.4778784215450287,-0.509003221988678,0.5826107263565063,-0.027559205889701843,0.019978148862719536,0,0.6149543523788452,-0.024856409057974815,0.4179742932319641,0.5253419876098633,-0.48491397500038147,0.4745224416255951,-0.5135199427604675,1
0.6160176992416382,-0.02390558458864689,0.4280116856098175,0.524530291557312,-0.48711010813713074,0.47794342041015625,-0.5090793967247009,0.5826107263565063,-0.027559205889701843,0.019978148862719536,0,0.614942729473114,-0.0249948687851429,0.41556525230407715,0.5250017642974854,-0.4851224422454834,0.4748731255531311,-0.513346791267395,1
0.6161338090896606,-0.024060552939772606,0.4261022210121155,0.5243472456932068,-0.48716166615486145,0.4780397415161133,-0.5091280341148376,0.5826107263565063,-0.027559205889701843,0.019978148862719536,0,0.6149187088012695,-0.025130581110715866,0.4131586253643036,0.5246614813804626,-0.4853306710720062,0.4752236008644104,-0.5131732821464539,1
0.6162363290786743,-0.024213753640651703,0.42413973808288574,0.524147093296051,-0.48723024129867554,0.47816333174705505,-0.5091524124145508,0.5826107263565063,-0.027559205889701843,0.019978148862719536,0,0.6148824691772461,-0.02526356652379036,0.4107545018196106,0.5243213176727295,-0.4855387210845947,0.47557365894317627,-0.5129998922348022,1
0.6163252592086792,-0.024365132674574852,0.422129362821579,0.5239317417144775,-0.48731380701065063,0.478311687707901,-0.509154736995697,0.5826107263565063,-0.027559205889701843,0.019978148862719536,0,0.6148340702056885,-0.025393852964043617,0.40835246443748474,0.523980975151062,-0.48574694991111755,0.4759237766265869,-0.5128257870674133,1
0.6164003014564514,-0.024514473974704742,0.42007723450660706,0.5237027406692505,-0.48741084337234497,0.47848179936408997,-0.509137749671936,0.5826107263565063,-0.027559205889701843,0.019978148862719536,0,0.6147736310958862,-0.025521602481603622,0.40595299005508423,0.523640513420105,-0.4859546720981598,0.47627365589141846,-0.512651801109314,1
0.6164616346359253,-0.024661701172590256,0.4179874062538147,0.5234615206718445,-0.4875197410583496,0.4786713123321533,-0.5091034770011902,0.5826107263565063,-0.027559205889701843,0.019978148862719536,0,0.6147008538246155,-0.025646410882472992,0.4035554826259613,0.5232999920845032,-0.48616257309913635,0.47662365436553955,-0.5124771595001221,1
0.6165090799331665,-0.02480684407055378,0.4158644676208496,0.523209273815155,-0.48763927817344666,0.4788784980773926,-0.5090533494949341,0.5826107263565063,-0.027559205889701843,0.019978148862719536,0,0.6146160960197449,-0.025768429040908813,0.4011611342430115,0.5229595303535461,-0.4863702058792114,0.47697314620018005,-0.5123025178909302,1
0.6165424585342407,-0.024949565529823303,0.4137124717235565,0.5229476094245911,-0.48776814341545105,0.47910046577453613,-0.5089899301528931,0.5826107263565063,-0.027559205889701843,0.019978148862719536,0,0.6145191192626953,-0.025887753814458847,0.39876917004585266,0.52261883020401,-0.4865778684616089,0.47732260823249817,-0.5121275186538696,1
0.6165618896484375,-0.025089969858527184,0.41153478622436523,0.5226773023605347,-0.487905353307724,0.47933652997016907,-0.5089138150215149,0.5826107263565063,-0.027559205889701843,0.019978148862719536,0,0.6144100427627563,-0.026004306972026825,0.39637985825538635,0.5222782492637634,-0.48678523302078247,0.4776720106601715,-0.5119521021842957,1
0.6165674924850464,-0.02522774040699005,0.40933382511138916,0.5223991870880127,-0.48805010318756104,0.4795847237110138,-0.5088267922401428,0.5826107263565063,-0.027559205889701843,0.019978148862719536,0,0.614288866519928,-0.026118073612451553,0.3939933180809021,0.5219376087188721,-0.4869924485683441,0.4780210256576538,-0.5117766261100769,1
0.6165591478347778,-0.02536292001605034,0.4071131944656372,0.5221141576766968,-0.4882015883922577,0.4798436462879181,-0.5087297558784485,0.5826107263565063,-0.027559205889701843,0.019978148862719536,0,0.6141557693481445,-0.026229333132505417,0.3916095495223999,0.5215968489646912,-0.48719942569732666,0.4783700406551361,-0.5116009712219238,1
0.6165369749069214,-0.025495676323771477,0.4048749506473541,0.5218230485916138,-0.488358736038208,0.48011213541030884,-0.5086243152618408,0.5826107263565063,-0.027559205889701843,0.019978148862719536,0,0.6140105724334717,-0.026337629184126854,0.3892287611961365,0.5212560296058655,-0.48740655183792114,0.47871872782707214,-0.511424720287323,1
0.6165007948875427,-0.02562555857002735,0.4026218056678772,0.5215268135070801,-0.4885209798812866,0.48038890957832336,-0.5085110664367676,0.5826107263565063,-0.027559205889701843,0.019978148862719536,0,0.613853394985199,-0.026443123817443848,0.38685065507888794,0.5209150314331055,-0.48761358857154846,0.479067325592041,-0.5112482905387878,1
0.6164510250091553,-0.02575286477804184,0.40035480260849,0.5212252736091614,-0.4886881709098816,0.48067349195480347,-0.508390486240387,0.5826107263565063,-0.027559205889701843,0.019978148862719536,0,0.6136842370033264,-0.026545874774456024,0.3844759464263916,0.520574152469635,-0.4878203868865967,0.4794156551361084,-0.5110718011856079,1
0.6163876056671143,-0.02587735280394554,0.39807626605033875,0.5209196209907532,-0.4888593852519989,0.4809648394584656,-0.5082637071609497,0.5826107263565063,-0.027559205889701843,0.019978148862719536,0,0.6135029792785645,-0.026645809412002563,0.3821042776107788,0.5202333331108093,-0.4880269169807434,0.4797637462615967,-0.5108950734138489,1
0.6163104772567749,-0.025998970493674278,0.39578789472579956,0.5206100344657898,-0.4890342652797699,0.4812621474266052,-0.5081310868263245,0.5826107263565063,-0.027559205889701843,0.019978148862719536,0,0.6133098602294922,-0.02674323506653309,0.37973588705062866,0.519892156124115,-0.4882332384586334,0.48011189699172974,-0.5107179880142212,1
0.6162198781967163,-0.026117805391550064,0.39349067211151123,0.5202969312667847,-0.48921266198158264,0.48156464099884033,-0.5079935789108276,0.5826107263565063,-0.027559205889701843,0.019978148862719536,0,0.6131048798561096,-0.02683764323592186,0.3773702383041382,0.5195509195327759,-0.4884398281574249,0.48045995831489563,-0.5105404853820801,1
0.6161157488822937,-0.026233984157443047,0.39118683338165283,0.5199810862541199,-0.4893932342529297,0.4818718135356903,-0.5078518390655518,0.5826107263565063,-0.027559205889701843,0.019978148862719536,0,0.612887978553772,-0.026929249987006187,0.3750080168247223,0.5192098617553711,-0.4886459708213806,0.48080769181251526,-0.5103626847267151,1
0.6159984469413757,-0.026347238570451736,0.3888763189315796,0.5196621417999268,-0.48957690596580505,0.4821830987930298,-0.5077056884765625,0.5826107263565063,-0.027559205889701843,0.019978148862719536,0,0.6126590371131897,-0.027018047869205475,0.37264949083328247,0.5188686847686768,-0.4888521432876587,0.48115527629852295,-0.5101847648620605,1
0.6158677339553833,-0.02645782008767128,0.3865611255168915,0.5193407535552979,-0.4897626042366028,0.482497900724411,-0.5075564384460449,0.5826107263565063,-0.027559205889701843,0.019978148862719536,0,0.6124182939529419,-0.027104075998067856,0.37029412388801575,0.5185273885726929,-0.48905831575393677,0.4815024733543396,-0.5100065469741821,1
0.6157240271568298,-0.02656547911465168,0.38424137234687805,0.519017219543457,-0.48995018005371094,0.48281627893447876,-0.507403552532196,0.5826107263565063,-0.027559205889701843,0.019978148862719536,0,0.6121658086776733,-0.02718731388449669,0.36794233322143555,0.5181862115859985,-0.4892641007900238,0.48184964060783386,-0.5098279714584351,1
0.6155670881271362,-0.026670102030038834,0.3819188177585602,0.5186919569969177,-0.4901394546031952,0.48313695192337036,-0.5072479248046875,0.5826107263565063,-0.027559205889701843,0.019978148862719536,0,0.6119013428688049,-0.02726793847978115,0.36559417843818665,0.5178447365760803,-0.4894697666168213,0.48219674825668335,-0.5096493363380432,1
0.6153972148895264,-0.026771949604153633,0.37959378957748413,0.5183650255203247,-0.490330308675766,0.48346027731895447,-0.5070897340774536,0.5826107263565063,-0.027559205889701843,0.019978148862719536,0,0.6116253733634949,-0.02734559215605259,0.36324939131736755,0.5175032019615173,-0.48967549204826355,0.48254358768463135,-0.5094702839851379,1
0.615214467048645,-0.026870816946029663,0.3772665858268738,0.5180361866950989,-0.4905227720737457,0.4837859869003296,-0.5069290399551392,0.5826107263565063,-0.027559205889701843,0.019978148862719536,0,0.611337423324585,-0.027420420199632645,0.3609083890914917,0.5171617865562439,-0.48988083004951477,0.4828903377056122,-0.509290874004364,1
0.6150189638137817,-0.026966989040374756,0.3749381899833679,0.5177061557769775,-0.49071601033210754,0.48411351442337036,-0.5067663192749023,0.5826107263565063,-0.027559205889701843,0.019978148862719536,0,0.6110377311706543,-0.027492407709360123,0.3585713803768158,0.5168203115463257,-0.49008622765541077,0.4832368493080139,-0.5091113448143005,1
0.6148105263710022,-0.027060413733124733,0.3726091980934143,0.5173747539520264,-0.4909103512763977,0.484442800283432,-0.5066018104553223,0.5826107263565063,-0.027559205889701843,0.019978148862719536,0,0.6107264757156372,-0.027561653405427933,0.35623809695243835,0.5164786577224731,-0.49029144644737244,0.4835830628871918,-0.508931577205658,1
0.614589512348175,-0.02715083584189415,0.3702801764011383,0.5170425176620483,-0.4911056160926819,0.48477351665496826,-0.5064355731010437,0.5826107263565063,-0.027559205889701843,0.019978148862719536,0,0.6104033589363098,-0.027628250420093536,0.35390883684158325,0.5161370038986206,-0.4904964566230774,0.4839293956756592,-0.5087515115737915,1
0.6143560409545898,-0.02723836712539196,0.36795130372047424,0.51670902967453,-0.4913017749786377,0.4851055443286896,-0.5062677264213562,0.5826107263565063,-0.027559205889701843,0.019978148862719536,0,0.610068678855896,-0.02769182249903679,0.3515830934047699,0.5157953500747681,-0.4907015562057495,0.4842754006385803,-0.5085710287094116,1
0.6141099333763123,-0.027322953566908836,0.365622878074646,0.5163746476173401,-0.4914986789226532,0.4854387640953064,-0.5060981512069702,0.5826107263565063,-0.027559205889701843,0.019978148862719536,0,0.609722375869751,-0.027752581983804703,0.34926170110702515,0.5154534578323364,-0.4909065067768097,0.48462116718292236,-0.5083903074264526,1
0.6138514280319214,-0.027404814958572388,0.3632963299751282,0.5160397291183472,-0.4916958510875702,0.48577243089675903,-0.5059280395507812,0.5826107263565063,-0.027559205889701843,0.019978148862719536,0,0.60936439037323,-0.02781054750084877,0.3469444513320923,0.5151118636131287,-0.4911110997200012,0.48496684432029724,-0.5082094669342041,1
0.6135805249214172,-0.027483755722641945,0.360970675945282,0.5157040953636169,-0.4918937087059021,0.4861074686050415,-0.5057562589645386,0.5826107263565063,-0.027559205889701843,0.019978148862719536,0,0.6089949011802673,-0.027865644544363022,0.34463122487068176,0.514769971370697,-0.49131569266319275,0.48531225323677063,-0.5080282092094421,1
0.6132974028587341,-0.02755979634821415,0.3586469888687134,0.5153677463531494,-0.4920918047428131,0.48644307255744934,-0.5055837035179138,0.5826107263565063,-0.027559205889701843,0.019978148862719536,0,0.6086137294769287,-0.02791791409254074,0.34232231974601746,0.5144279599189758,-0.4915202260017395,0.48565754294395447,-0.5078467130661011,1
0.6130021214485168,-0.027632929384708405,0.3563251495361328,0.5150308609008789,-0.4922904670238495,0.48677927255630493,-0.505409836769104,0.5826107263565063,-0.027559205889701843,0.019978148862719536,0,0.6082210540771484,-0.027967587113380432,0.34001773595809937,0.5140860676765442,-0.4917244017124176,0.48600268363952637,-0.50766521692276,1
0.6126945614814758,-0.027703383937478065,0.3540055751800537,0.5146933794021606,-0.49248945713043213,0.4871160089969635,-0.5052353739738464,0.5826107263565063,-0.027559205889701843,0.019978148862719536,0,0.6078170537948608,-0.028014272451400757,0.33771729469299316,0.513744056224823,-0.4919285774230957,0.48634767532348633,-0.5074832439422607,1
0.612375020980835,-0.02777099423110485,0.3516889810562134,0.5143555998802185,-0.49268826842308044,0.48745298385620117,-0.5050603747367859,0.5826107263565063,-0.027559205889701843,0.019978148862719536,0,0.6074013710021973,-0.028058044612407684,0.3354214131832123,0.5134018063545227,-0.4921327829360962,0.48669254779815674,-0.5073007941246033,1
0.6120432019233704,-0.027835585176944733,0.34937548637390137,0.5140175819396973,-0.49288755655288696,0.4877902865409851,-0.5048844814300537,0.5826107263565063,-0.027559205889701843,0.019978148862719536,0,0.6069744229316711,-0.028099048882722855,0.3331299126148224,0.5130599141120911,-0.49233683943748474,0.48703712224960327,-0.5071181654930115,1
0.6116995215415955,-0.027897369116544724,0.34706416726112366,0.513678789138794,-0.4930870831012726,0.48812830448150635,-0.5047076344490051,0.5826107263565063,-0.027559205889701843,0.019978148862719536,0,0.6065359711647034,-0.028137173503637314,0.33084315061569214,0.5127177238464355,-0.4925405979156494,0.4873814582824707,-0.5069354176521301,1
0.6113439798355103,-0.027956269681453705,0.34475642442703247,0.5133399367332458,-0.4932866394519806,0.4884663224220276,-0.5045304894447327,0.5826107263565063,-0.027559205889701843,0.019978148862719536,0,0.6060861945152283,-0.02817249484360218,0.32856106758117676,0.5123754143714905,-0.4927443265914917,0.4877256155014038,-0.5067523717880249,1
0.6109764575958252,-0.028012268245220184,0.3424522578716278,0.513001024723053,-0.49348631501197815,0.48880425095558167,-0.5043526887893677,0.5826107263565063,-0.027559205889701843,0.019978148862719536,0,0.6056250333786011,-0.028205206617712975,0.32628339529037476,0.5120330452919006,-0.49294790625572205,0.4880698025226593,-0.5065692067146301,1
0.6105973124504089,-0.028065424412488937,0.3401510417461395,0.5126615166664124,-0.4936860203742981,0.4891427159309387,-0.5041741728782654,0.5826107263565063,-0.027559205889701843,0.019978148862719536,0,0.6051524877548218,-0.028234809637069702,0.3240106701850891,0.5116907954216003,-0.4931512773036957,0.48841381072998047,-0.5063855051994324,1
0.6102062463760376,-0.028115887194871902,0.3378540575504303,0.5123220086097717,-0.49388569593429565,0.4894809126853943,-0.5039955377578735,0.5826107263565063,-0.027559205889701843,0.019978148862719536,0,0.6046686768531799,-0.028261594474315643,0.3217427432537079,0.5113483667373657,-0.4933546483516693,0.48875755071640015,-0.5062015056610107,1
0.6098034977912903,-0.028163280338048935,0.3355605900287628,0.511982262134552,-0.4940854609012604,0.48981934785842896,-0.5038161873817444,0.5826107263565063,-0.027559205889701843,0.019978148862719536,0,0.6041736006736755,-0.028285574167966843,0.31947949528694153,0.5110059380531311,-0.493557870388031,0.4891011118888855,-0.5060174465179443,1
0.609389066696167,-0.028208013623952866,0.3332713842391968,0.5116422772407532,-0.49428504705429077,0.4901575744152069,-0.5036367774009705,0.5826107263565063,-0.027559205889701843,0.019978148862719536,0,0.603667140007019,-0.028306663036346436,0.31722134351730347,0.5106635689735413,-0.4937608242034912,0.48944443464279175,-0.5058331489562988,1
0.608963131904602,-0.02824966236948967,0.3309861123561859,0.5113021731376648,-0.4944847524166107,0.490495890378952,-0.5034567713737488,0.5826107263565063,-0.027559205889701843,0.019978148862719536,0,0.6031497716903687,-0.0283251591026783,0.314968079328537,0.5103209018707275,-0.49396389722824097,0.4897877871990204,-0.5056483149528503,1
0.6085255742073059,-0.02828874997794628,0.3287050724029541,0.5109621286392212,-0.49468424916267395,0.49083414673805237,-0.5032762885093689,0.5826107263565063,-0.027559205889701843,0.019978148862719536,0,0.6026211380958557,-0.028340626507997513,0.31272003054618835,0.5099784135818481,-0.4941664934158325,0.4901306927204132,-0.5054633617401123,1
0.6080763339996338,-0.02832488901913166,0.3264285624027252,0.5106216669082642,-0.49488377571105957,0.49117234349250793,-0.5030956864356995,0.5826107263565063,-0.027559205889701843,0.019978148862719536,0,0.6020813584327698,-0.028353214263916016,0.31047698855400085,0.5096358060836792,-0.4943692982196808,0.4904736578464508,-0.5052780508995056,1
0.6076157689094543,-0.028357956558465958,0.324156254529953,0.5102813243865967,-0.49508318305015564,0.4915105104446411,-0.5029144287109375,0.5826107263565063,-0.027559205889701843,0.019978148862719536,0,0.6015303134918213,-0.02836296707391739,0.3082393407821655,0.5092931985855103,-0.4945717751979828,0.4908161759376526,-0.5050927400588989,1
0.6071437001228333,-0.02838839963078499,0.32188862562179565,0.5099406838417053,-0.4952825605869293,0.4918486177921295,-0.5027331113815308,0.5826107263565063,-0.027559205889701843,0.019978148862719536,0,0.6009683609008789,-0.028369834646582603,0.3060069978237152,0.5089504718780518,-0.49477419257164,0.491158664226532,-0.5049070119857788,1
0.6066603660583496,-0.028415996581315994,0.31962549686431885,0.5096001029014587,-0.4954819083213806,0.4921864867210388,-0.502551257610321,0.5826107263565063,-0.027559205889701843,0.019978148862719536,0,0.6003954410552979,-0.028373917564749718,0.3037799000740051,0.508607804775238,-0.49497631192207336,0.49150094389915466,-0.50472092628479,1
0.6061654090881348,-0.02844073809683323,0.31736746430397034,0.5092593431472778,-0.4956810772418976,0.4925241768360138,-0.5023693442344666,0.5826107263565063,-0.027559205889701843,0.019978148862719536,0,0.599811315536499,-0.028375349938869476,0.3015582263469696,0.5082647800445557,-0.4951784610748291,0.49184319376945496,-0.5045348405838013,1
0.6056593656539917,-0.02846262790262699,0.3151138424873352,0.5089185237884521,-0.49588021636009216,0.49286186695098877,-0.5021871328353882,0.5826107263565063,-0.027559205889701843,0.019978148862719536,0,0.5992162227630615,-0.028373712673783302,0.29934167861938477,0.5079218745231628,-0.49538055062294006,0.4921852648258209,-0.5043481588363647,1
0.6051420569419861,-0.028481662273406982,0.3128651976585388,0.5085777044296265,-0.49607908725738525,0.49319928884506226,-0.5020046830177307,0.5826107263565063,-0.027559205889701843,0.019978148862719536,0,0.5986103415489197,-0.028369257226586342,0.2971309423446655,0.5075790882110596,-0.4955824613571167,0.4925268590450287,-0.5041612982749939,1
0.6046135425567627,-0.02849787473678589,0.3106217682361603,0.5082367658615112,-0.4962778687477112,0.4935363829135895,-0.5018220543861389,0.5826107263565063,-0.027559205889701843,0.019978148862719536,0,0.5979934334754944,-0.02836192212998867,0.2949259281158447,0.5072363018989563,-0.49578410387039185,0.4928682744503021,-0.503974437713623,1
0.6040738224983215,-0.028511211276054382,0.308383584022522,0.5078959465026855,-0.4964766800403595,0.4938735067844391,-0.5016388297080994,0.5826107263565063,-0.027559205889701843,0.019978148862719536,0,0.5973656177520752,-0.02835169807076454,0.2927260398864746,0.5068931579589844,-0.4959859251976013,0.4932100772857666,-0.5037866830825806,1
0.6035230159759521,-0.028521742671728134,0.30615028738975525,0.5075549483299255,-0.4966751039028168,0.49421027302742004,-0.5014556646347046,0.5826107263565063,-0.027559205889701843,0.019978148862719536,0,0.5967271327972412,-0.02833898365497589,0.29053181409835815,0.5065499544143677,-0.49618738889694214,0.4935515224933624,-0.5035991072654724,1
0.6029611229896545,-0.028529442846775055,0.3039223849773407,0.5072140097618103,-0.4968734085559845,0.49454689025878906,-0.5012723207473755,0.5826107263565063,-0.027559205889701843,0.019978148862719536,0,0.5960777997970581,-0.028323139995336533,0.2883438169956207,0.5062069296836853,-0.49638867378234863,0.4938924312591553,-0.5034114122390747,1
0.6023882031440735,-0.02853425219655037,0.30169975757598877,0.5068730115890503,-0.4970717132091522,0.49488335847854614,-0.5010887384414673,0.5826107263565063,-0.027559205889701843,0.019978148862719536,0,0.5954177975654602,-0.02830447256565094,0.2861613929271698,0.5058638453483582,-0.4965899586677551,0.4942333400249481,-0.5032232403755188,1
0.6018040776252747,-0.02853621169924736,0.2994828522205353,0.5065320134162903,-0.49726974964141846,0.4952194392681122,-0.50090491771698,0.5826107263565063,-0.027559205889701843,0.019978148862719536,0,0.5947469472885132,-0.028282951563596725,0.28398483991622925,0.5055206418037415,-0.4967910945415497,0.4945741295814514,-0.5030346512794495,1
0.6012091636657715,-0.028535380959510803,0.2972710430622101,0.5061910152435303,-0.49746760725975037,0.49555549025535583,-0.5007208585739136,0.5826107263565063,-0.027559205889701843,0.019978148862719536,0,0.5940653681755066,-0.028258582577109337,0.28181442618370056,0.50517737865448,-0.4969920217990875,0.49491462111473083,-0.5028460621833801,1
0.6006033420562744,-0.028531724587082863,0.29506465792655945,0.5058498382568359,-0.4976655840873718,0.4958913028240204,-0.5005362629890442,0.5826107263565063,-0.027559205889701843,0.019978148862719536,0,0.5933732390403748,-0.028231386095285416,0.2796500027179718,0.5048341751098633,-0.49719297885894775,0.4952549636363983,-0.5026569366455078,1
0.5999863743782043,-0.028525177389383316,0.29286423325538635,0.5055087804794312,-0.49786320328712463,0.49622681736946106,-0.5003517866134644,0.5826107263565063,-0.027559205889701843,0.019978148862719536,0,0.5926704406738281,-0.02820156328380108,0.27749165892601013,0.5044907927513123,-0.4973936080932617,0.49559521675109863,-0.5024678707122803,1
0.5993587374687195,-0.02851584553718567,0.290669322013855,0.5051677227020264,-0.4980606138706207,0.4965622127056122,-0.5001670122146606,0.5826107263565063,-0.027559205889701843,0.019978148862719536,0,0.591957151889801,-0.0281686969101429,0.2753390073776245,0.5041474103927612,-0.4975942373275757,0.49593526124954224,-0.5022783875465393,1
0.5987201929092407,-0.028503630310297012,0.2884804606437683,0.5048267841339111,-0.49825769662857056,0.4968970715999603,-0.4999822676181793,0.5826107263565063,-0.027559205889701843,0.019978148862719536,0,0.5912332534790039,-0.02813301980495453,0.2731929421424866,0.5038040280342102,-0.4977946877479553,0.49627500772476196,-0.5020886659622192,1
0.5980710983276367,-0.028488630428910255,0.2862968146800995,0.5044854879379272,-0.4984549880027771,0.4972320795059204,-0.4997970163822174,0.5826107263565063,-0.027559205889701843,0.019978148862719536,0,0.5904989242553711,-0.028094477951526642,0.2710529565811157,0.5034605860710144,-0.49799492955207825,0.4966146945953369,-0.5018985867500305,1
0.5974112153053284,-0.028470823541283607,0.284119188785553,0.5041443705558777,-0.498651921749115,0.4975667893886566,-0.49961164593696594,0.5826107263565063,-0.027559205889701843,0.019978148862719536,0,0.5897538661956787,-0.02805306576192379,0.2689193785190582,0.5031169652938843,-0.49819523096084595,0.4969543516635895,-0.5017080903053284,1
0.5967404842376709,-0.028450114652514458,0.2819477319717407,0.5038033723831177,-0.49884870648384094,0.49790117144584656,-0.4994261860847473,0.5826107263565063,-0.027559205889701843,0.019978148862719536,0,0.5889986753463745,-0.02800890989601612,0.2667918801307678,0.5027733445167542,-0.4983953535556793,0.4972935914993286,-0.501517653465271,1
0.5960592031478882,-0.02842668443918228,0.2797822654247284,0.5034621953964233,-0.4990454912185669,0.49823522567749023,-0.4992403984069824,0.5826107263565063,-0.027559205889701843,0.019978148862719536,0,0.5882331132888794,-0.027962084859609604,0.26467108726501465,0.5024298429489136,-0.49859514832496643,0.49763286113739014,-0.5013267993927002,1
0.595367431640625,-0.028400566428899765,0.2776229679584503,0.5031211376190186,-0.4992416799068451,0.498569130897522,-0.4990546703338623,0.5826107263565063,-0.027559205889701843,0.019978148862719536,0,0.5874571800231934,-0.02791222184896469,0.26255661249160767,0.5020862221717834,-0.4987950325012207,0.49797168374061584,-0.5011356472969055,1
0.5946649312973022,-0.028371479362249374,0.27546969056129456,0.502780020236969,-0.49943798780441284,0.4989027678966522,-0.49886849522590637,0.5826107263565063,-0.027559205889701843,0.019978148862719536,0,0.5866708159446716,-0.027859563007950783,0.26044875383377075,0.5017424821853638,-0.4989948570728302,0.49831056594848633,-0.5009443163871765,1
0.593951940536499,-0.028339523822069168,0.27332252264022827,0.5024389028549194,-0.4996340870857239,0.4992362856864929,-0.4986821413040161,0.5826107263565063,-0.027559205889701843,0.019978148862719536,0,0.5858742594718933,-0.027804072946310043,0.25834763050079346,0.5013988018035889,-0.49919432401657104,0.4986491799354553,-0.5007525086402893,1
0.5932285189628601,-0.028304744511842728,0.27118152379989624,0.5020977258682251,-0.49983012676239014,0.4995695650577545,-0.49849551916122437,0.5826107263565063,-0.027559205889701843,0.019978148862719536,0,0.5850675106048584,-0.02774576097726822,0.25625312328338623,0.5010550022125244,-0.4993937909603119,0.4989875257015228,-0.5005607604980469,1
0.592494547367096,-0.028267180547118187,0.2690473794937134,0.5017566680908203,-0.5000258684158325,0.4999024271965027,-0.4983089864253998,0.5826107263565063,-0.027559205889701843,0.019978148862719536,0,0.5842505693435669,-0.027684859931468964,0.2541651427745819,0.5007111430168152,-0.499593049287796,0.49932584166526794,-0.5003687143325806,1
0.5917503833770752,-0.02822680026292801,0.26691919565200806,0.5014155507087708,-0.5002214312553406,0.5002351403236389,-0.49812203645706177,0.5826107263565063,-0.027559205889701843,0.019978148862719536,0,0.5834235548973083,-0.027620919048786163,0.2520837187767029,0.5003672242164612,-0.4997922480106354,0.49966415762901306,-0.5001760125160217,1
0.5909955501556396,-0.028183599933981895,0.264797568321228,0.5010745525360107,-0.5004169344902039,0.5005675554275513,-0.4979349672794342,0.5826107263565063,-0.027559205889701843,0.019978148862719536,0,0.5825862884521484,-0.027554120868444443,0.25000953674316406,0.5000231862068176,-0.49999135732650757,0.5000020265579224,-0.4999833405017853,1
0.5902305841445923,-0.028137585148215294,0.26268231868743896,0.5007334351539612,-0.500612199306488,0.5008997917175293,-0.49774760007858276,0.5826107263565063,-0.027559205889701843,0.019978148862719536,1,0.5902305841445923,-0.028137585148215294,0.26268231868743896,0.5007334351539612,-0.500612199306488,0.5008997917175293,-0.49774760007858276,0
0.5899419188499451,-0.028100671246647835,0.26120907068252563,0.5002769231796265,-0.5010368227958679,0.5016036629676819,-0.4970703125,0.5826107263565063,-0.027559205889701843,0.019978148862719536,1,0.5902305841445923,-0.028137585148215294,0.26268231868743896,0.5007334351539612,-0.500612199306488,0.5008997917175293,-0.49774760007858276,0
0.5899703502655029,-0.02810698375105858,0.26037123799324036,0.4999426007270813,-0.5013673305511475,0.5021459460258484,-0.496525377035141,0.5826107263565063,-0.027559205889701843,0.019978148862719536,1,0.5902305841445923,-0.028137585148215294,0.26268231868743896,0.5007334351539612,-0.500612199306488,0.5008997917175293,-0.49774760007858276,0
0.5900212526321411,-0.0281224362552166,0.25979650020599365,0.49971839785575867,-0.5015855431556702,0.5025097727775574,-0.49616265296936035,0.5826107263565063,-0.027559205889701843,0.019978148862719536,1,0.5902305841445923,-0.028137585148215294,0.26268231868743896,0.5007334351539612,-0.500612199306488,0.5008997917175293,-0.49774760007858276,0
0.590067982673645,-0.02813580259680748,0.2593490779399872,0.4995456337928772,-0.5017538070678711,0.502790093421936,-0.4958823323249817,0.5826107263565063,-0.027559205889701843,0.019978148862719536,1,0.5902305841445923,-0.028137585148215294,0.26268231868743896,0.5007334351539612,-0.500612199306488,0.5008997917175293,-0.49774760007858276,0
0.5901094079017639,-0.02814609557390213,0.2589761018753052,0.49940234422683716,-0.5018942356109619,0.5030226111412048,-0.49564868211746216,0.5826107263565063,-0.027559205889701843,0.019978148862719536,1,0.5902305841445923,-0.028137585148215294,0.26268231868743896,0.5007334351539612,-0.500612199306488,0.5008997917175293,-0.49774760007858276,0
0.5901464223861694,-0.02815399132668972,0.25865375995635986,0.4992792308330536,-0.5020158290863037,0.5032225847244263,-0.4954465329647064,0.5826107263565063,-0.027559205889701843,0.019978148862719536,1,0.5902305841445923,-0.028137585148215294,0.26268231868743896,0.5007334351539612,-0.500612199306488,0.5008997917175293,-0.49774760007858276,0
0.5901800394058228,-0.02816445752978325,0.25837406516075134,0.4991690516471863,-0.5021223425865173,0.5033949613571167,-0.49527454376220703,0.5825351476669312,-0.026981543749570847,0.020261503756046295,1,0.5902305841445923,-0.028137585148215294,0.26268231868743896,0.5007334351539612,-0.500612199306488,0.5008997917175293,-0.49774760007858276,0
0.5902099013328552,-0.028171561658382416,0.2581252455711365,0.49907365441322327,-0.5022157430648804,0.5035492181777954,-0.49511927366256714,0.5824298858642578,-0.02674834057688713,0.020332541316747665,1,0.5902099013328552,-0.028171561658382416,0.2581252455711365,0.49907365441322327,-0.5022157430648804,0.5035492181777954,-0.49511927366256714,0
0.5902299284934998,-0.028168734163045883,0.25766316056251526,0.49891233444213867,-0.5023799538612366,0.5038096308708191,-0.494850218296051,0.5822492241859436,-0.026804111897945404,0.019908469170331955,1,0.5955075025558472,-0.028052762150764465,0.265220046043396,0.5028568506240845,-0.49991148710250854,0.4996435344219208,-0.4975737929344177,0
0.5906841158866882,-0.028156358748674393,0.2575181722640991,0.498934805393219,-0.5024842023849487,0.5039604902267456,-0.49456799030303955,0.582490861415863,-0.02687646821141243,0.019833212718367577,1,0.600669801235199,-0.02787752076983452,0.2723950743675232,0.5066326260566711,-0.497589647769928,0.4957147240638733,-0.4999946355819702,0
0.591593325138092,-0.028136439621448517,0.25790709257125854,0.49925127625465393,-0.5024207234382629,0.5038319826126099,-0.49444398283958435,0.5833355784416199,-0.026944981887936592,0.020184749737381935,1,0.6056950092315674,-0.02764689177274704,0.2796478569507599,0.5104007124900818,-0.4952499568462372,0.491762638092041,-0.5023822784423828,0
0.5929391384124756,-0.02811025269329548,0.2589036822319031,0.4998910129070282,-0.5021532773971558,0.5033630728721619,-0.4945468604564667,0.584959089756012,-0.026974638924002647,0.020993590354919434,1,0.6105812191963196,-0.027361221611499786,0.286975622177124,0.5141609311103821,-0.49289265275001526,0.4877874255180359,-0.5047363042831421,0
0.5946844816207886,-0.028076332062482834,0.2605123221874237,0.5008481740951538,-0.501677393913269,0.502545177936554,-0.4948931634426117,0.5873136520385742,-0.026983167976140976,0.022334160283207893,1,0.6153266429901123,-0.027021095156669617,0.29437583684921265,0.5179128050804138,-0.49051782488822937,0.4837894141674042,-0.5070565938949585,0
0.5967854857444763,-0.028032271191477776,0.2627057433128357,0.5021023750305176,-0.5010018348693848,0.5013926029205322,-0.4954753518104553,0.5902896523475647,-0.026974214240908623,0.024236934259533882,1,0.6199296712875366,-0.026627030223608017,0.30184537172317505,0.5216561555862427,-0.4881257712841034,0.47976863384246826,-0.5093428492546082,0
0.5991970300674438,-0.027974456548690796,0.26544180512428284,0.5036275386810303,-0.5001416206359863,0.49993041157722473,-0.4962732195854187,0.5938174724578857,-0.026946604251861572,0.026673074811697006,1,0.624388575553894,-0.02618008479475975,0.3093818724155426,0.5253905057907104,-0.4857160449028015,0.4757252335548401,-0.5115957856178284,0
0.6018661856651306,-0.027896538376808167,0.26866117119789124,0.505390465259552,-0.49911922216415405,0.4981968104839325,-0.49725285172462463,0.5978138446807861,-0.02688676118850708,0.029592733830213547,1,0.6287017464637756,-0.02568073198199272,0.3169819712638855,0.5291155576705933,-0.48328912258148193,0.47165966033935547,-0.5138146281242371,0
0.6047486662864685,-0.02779371105134487,0.27231141924858093,0.5073610544204712,-0.4979549050331116,0.4962252378463745,-0.49838346242904663,0.6022078394889832,-0.026801778003573418,0.032949771732091904,1,0.6328675150871277,-0.025129757821559906,0.3246438205242157,0.532831072807312,-0.48084479570388794,0.467571496963501,-0.5160001516342163,0
0.6078085899353027,-0.027662692591547966,0.2763521075248718,0.5095155835151672,-0.49666300415992737,0.4940406382083893,-0.4996434450149536,0.6069430112838745,-0.026674382388591766,0.03671007975935936,1,0.6368845701217651,-0.024527590721845627,0.33236363530158997,0.5365371704101562,-0.47838327288627625,0.4634611904621124,-0.518151581287384,0
0.6110131144523621,-0.027499981224536896,0.28074824810028076,0.5118336081504822,-0.49525606632232666,0.491664320230484,-0.5010129809379578,0.6119695901870728,-0.026515983045101166,0.04084363952279091,1,0.6407512426376343,-0.023875536397099495,0.3401387333869934,0.5402328968048096,-0.47590476274490356,0.4593290090560913,-0.5202690362930298,0
0.614332377910614,-0.02730320207774639,0.28546980023384094,0.5142967104911804,-0.493744820356369,0.4891144633293152,-0.5024758577346802,0.6172423958778381,-0.02631504274904728,0.045325443148612976,1,0.6444665193557739,-0.023174142464995384,0.3479663133621216,0.5439180731773376,-0.4734092056751251,0.4551752507686615,-0.5223526358604431,0
0.6177389621734619,-0.027069689705967903,0.2904907464981079,0.5168888568878174,-0.492138147354126,0.4864065945148468,-0.5040183067321777,0.6227204203605652,-0.02606828697025776,0.050132934004068375,1,0.648028552532196,-0.022424228489398956,0.35584354400634766,0.5475924611091614,-0.4708966314792633,0.4509999454021454,-0.5244022607803345,0
0.6212080121040344,-0.026797451078891754,0.29578647017478943,0.5195956230163574,-0.4904443621635437,0.48355552554130554,-0.5056270956993103,0.6283664703369141,-0.02577313408255577,0.05524567514657974,1,0.6514363884925842,-0.02162632718682289,0.36376744508743286,0.5512559413909912,-0.4683673083782196,0.4468029737472534,-0.5264180302619934,0
0.6247165203094482,-0.02648465521633625,0.3013351857662201,0.5224038362503052,-0.4886704087257385,0.48057377338409424,-0.5072910189628601,0.6341465711593628,-0.025427337735891342,0.06064494699239731,1,0.6546887755393982,-0.020781898871064186,0.37173447012901306,0.5549076795578003,-0.465821236371994,0.4425855278968811,-0.5283995270729065,0
0.6282439231872559,-0.02612932026386261,0.30711761116981506,0.525301992893219,-0.48682332038879395,0.4774723947048187,-0.5089998841285706,0.6400421261787415,-0.024937652051448822,0.06628452241420746,1,0.6577845811843872,-0.019891507923603058,0.37974265217781067,0.5585481524467468,-0.4632580876350403,0.43834638595581055,-0.5303473472595215,0
0.6317713260650635,-0.025730228051543236,0.31311529874801636,0.5282794237136841,-0.48490849137306213,0.4742617607116699,-0.5107448697090149,0.6459964513778687,-0.024480871856212616,0.0722072497010231,1,0.6607226729393005,-0.01895628124475479,0.3877883553504944,0.562176525592804,-0.46067845821380615,0.43408629298210144,-0.5322611331939697,0
0.6352816820144653,-0.025286119431257248,0.31931209564208984,0.5313273668289185,-0.4829312264919281,0.47095024585723877,-0.5125178098678589,0.6519958972930908,-0.024000560864806175,0.07838434725999832,1,0.663502037525177,-0.017976533621549606,0.395868718624115,0.5657927393913269,-0.4580824077129364,0.4298054575920105,-0.5341407656669617,0
0.6387597322463989,-0.024796290323138237,0.3256922960281372,0.5344364643096924,-0.4808962941169739,0.46754664182662964,-0.5143116116523743,0.65802401304245,-0.023451391607522964,0.08478321135044098,1,0.6661216020584106,-0.01695391535758972,0.4039805233478546,0.5693961381912231,-0.4554698169231415,0.4255044460296631,-0.5359862446784973,0
0.6421911716461182,-0.024260126054286957,0.3322423994541168,0.5375996828079224,-0.478807657957077,0.4640578031539917,-0.5161202549934387,0.6640602350234985,-0.022836336866021156,0.09139049798250198,1,0.6685804724693298,-0.015889130532741547,0.4121207892894745,0.572986364364624,-0.4528409540653229,0.42118316888809204,-0.5377975702285767,0
0.6455636024475098,-0.023677010089159012,0.33894962072372437,0.5408098101615906,-0.4766693413257599,0.460490345954895,-0.517937958240509,0.6700857281684875,-0.02216646634042263,0.09819415956735611,1,0.6708777546882629,-0.014783128164708614,0.42028722167015076,0.576563835144043,-0.4501955211162567,0.4168413281440735,-0.5395752787590027,0
0.6488655209541321,-0.023047039285302162,0.34580153226852417,0.5440608263015747,-0.4744843542575836,0.45685043931007385,-0.519759476184845,0.6760827302932739,-0.021434368565678596,0.10518430918455124,1,0.6730128526687622,-0.013636702671647072,0.4284752607345581,0.5801275372505188,-0.4475342929363251,0.4124797284603119,-0.5413183569908142,0
0.6520867347717285,-0.022369500249624252,0.3527871072292328,0.5473474264144897,-0.47225597500801086,0.4531427323818207,-0.5215808749198914,0.6820375323295593,-0.020635932683944702,0.11234746128320694,1,0.6749849319458008,-0.012451364658772945,0.4366830587387085,0.5836774706840515,-0.4448564052581787,0.40809810161590576,-0.5430278182029724,0
0.6552179455757141,-0.02164500206708908,0.35989639163017273,0.550664484500885,-0.4699867069721222,0.4493720233440399,-0.5233982801437378,0.6879329085350037,-0.01977722719311714,0.11967866122722626,1,0.6767932176589966,-0.011227847076952457,0.444907009601593,0.5872130990028381,-0.44216278195381165,0.40369707345962524,-0.5447030663490295,0
0.6582503318786621,-0.020873699337244034,0.36711937189102173,0.5540072321891785,-0.467678964138031,0.44554319977760315,-0.5252081155776978,0.6937558650970459,-0.01885896548628807,0.1271689236164093,1,0.6784371137619019,-0.009967181831598282,0.453144371509552,0.5907344222068787,-0.4394529461860657,0.3992764949798584,-0.5463442802429199,0
0.6611768007278442,-0.020056240260601044,0.3744470477104187,0.5573715567588806,-0.46533501148223877,0.44165927171707153,-0.5270078778266907,0.6994603872299194,-0.017598779872059822,0.13481928408145905,1,0.679916262626648,-0.0086702611297369,0.461391419172287,0.5942409038543701,-0.4367276132106781,0.39483678340911865,-0.5479511618614197,0
0.663990318775177,-0.019192012026906013,0.38187113404273987,0.5607547760009766,-0.4629567265510559,0.43772414326667786,-0.5287935733795166,0.7051118016242981,-0.016538823023438454,0.14255894720554352,1,0.6812301278114319,-0.007338658906519413,0.46964535117149353,0.597732424736023,-0.4339863657951355,0.39037808775901794,-0.5495240092277527,0
0.6666846871376038,-0.018282130360603333,0.38938331604003906,0.5641524195671082,-0.4605463743209839,0.4337407052516937,-0.5305638909339905,0.7106688618659973,-0.01552482321858406,0.1504540741443634,1,0.6823781132698059,-0.005973105318844318,0.4779035449028015,0.601208508014679,-0.4312291443347931,0.3859001696109772,-0.5510631799697876,0
0.6692546010017395,-0.01732771471142769,0.39697617292404175,0.5675618052482605,-0.4581049680709839,0.42971211671829224,-0.5323166251182556,0.7161090970039368,-0.014435702934861183,0.15848760306835175,1,0.68336021900177,-0.004574566148221493,0.486162006855011,0.6046690344810486,-0.4284566342830658,0.3814038932323456,-0.5525679588317871,0
0.671694815158844,-0.016329530626535416,0.40464234352111816,0.5709800124168396,-0.4556342661380768,0.4256410300731659,-0.5340495705604553,0.7214115262031555,-0.012908554635941982,0.1666196882724762,1,0.6841758489608765,-0.0031445715576410294,0.49441826343536377,0.6081134676933289,-0.4256684482097626,0.37688878178596497,-0.5540390014648438,0
0.6740009784698486,-0.015287317335605621,0.41237545013427734,0.5744050741195679,-0.4531354606151581,0.4215291738510132,-0.535761296749115,0.7266413569450378,-0.011687383987009525,0.17484723031520844,1,0.6848250031471252,-0.001684064045548439,0.5026686191558838,0.6115415692329407,-0.4228648841381073,0.37235572934150696,-0.5554758310317993,0
0.6761690974235535,-0.01420268602669239,0.42016857862472534,0.5778346061706543,-0.45060986280441284,0.4173789620399475,-0.5374501943588257,0.731692373752594,-0.010468365624547005,0.18321986496448517,1,0.6853071451187134,-0.0001941043883562088,0.51091068983078,0.6149532794952393,-0.4200457036495209,0.36780425906181335,-0.5568787455558777,0
0.6781957149505615,-0.01307688094675541,0.4280160069465637,0.5812659859657288,-0.4480583965778351,0.41319236159324646,-0.5391155481338501,0.7365856170654297,-0.009186787530779839,0.19170643389225006,1,0.6856226921081543,0.0013243528082966805,0.5191405415534973,0.6183481216430664,-0.4172118902206421,0.3632351756095886,-0.5582472681999207,0
0.6800772547721863,-0.011910175904631615,0.4359118342399597,0.5846980214118958,-0.4454819858074188,0.4089708924293518,-0.5407558083534241,0.7413381934165955,-0.00782101321965456,0.20028479397296906,1,0.6857714056968689,0.002869667485356331,0.5273555517196655,0.6217257976531982,-0.414362370967865,0.35864824056625366,-0.5595821142196655,0
0.6818109750747681,-0.01070406660437584,0.4438501298427582,0.5881285667419434,-0.4428815543651581,0.404716432094574,-0.5423700213432312,0.7460011839866638,-0.0063027613796293736,0.2089211642742157,1,0.6857532262802124,0.004440905526280403,0.5355526208877563,0.6250858306884766,-0.4114980697631836,0.35404375195503235,-0.5608832836151123,0
0.6833943724632263,-0.009459078311920166,0.45182594656944275,0.591556191444397,-0.44025829434394836,0.40042999386787415,-0.5439572930335999,0.7504432201385498,-0.004808160476386547,0.21766643226146698,1,0.6855683326721191,0.006036996841430664,0.5437284708023071,0.6284283995628357,-0.40861859917640686,0.3494218587875366,-0.5621502995491028,0
0.6848251819610596,-0.008176825940608978,0.4598334729671478,0.5949795246124268,-0.4376125633716583,0.39611342549324036,-0.5455169677734375,0.7547289133071899,-0.003255386371165514,0.22648589313030243,1,0.6852167844772339,0.007656932808458805,0.5518802404403687,0.6317527890205383,-0.40572434663772583,0.3447827994823456,-0.5633834004402161,0
0.6861011385917664,-0.006857980974018574,0.4678686559200287,0.5983973741531372,-0.4349448084831238,0.391767293214798,-0.5470483303070068,0.7588660717010498,-0.0016364423790946603,0.23536917567253113,1,0.6846988797187805,0.009298781864345074,0.5600044131278992,0.6350588798522949,-0.4028152525424957,0.34012675285339355,-0.5645827651023865,0
0.6872206330299377,-0.005504046566784382,0.4759258031845093,0.6018081307411194,-0.43225622177124023,0.38739317655563354,-0.5485507845878601,0.7628520727157593,4.579382584779523e-05,0.24431098997592926,1,0.684015154838562,0.010962053202092648,0.5680980086326599,0.638346254825592,-0.39989161491394043,0.33545422554016113,-0.5657482147216797,0
0.6881820559501648,-0.004115838557481766,0.484001100063324,0.6052113175392151,-0.4295464754104614,0.3829914927482605,-0.550024151802063,0.7666722536087036,0.0017806531395763159,0.25331005454063416,1,0.6831657290458679,0.012645338661968708,0.5761584043502808,0.6416147351264954,-0.3969532549381256,0.33076509833335876,-0.5668800473213196,0
0.6889839768409729,-0.0026944130659103394,0.49208933115005493,0.6086052656173706,-0.4268171787261963,0.3785637319087982,-0.5514673590660095,0.7703230977058411,0.0035652117803692818,0.26236188411712646,1,0.6821510791778564,0.014347640797495842,0.5841818451881409,0.6448639631271362,-0.39400073885917664,0.3260595202445984,-0.567978024482727,0
0.6896251440048218,-0.0012415284290909767,0.500186562538147,0.6119893193244934,-0.4240676462650299,0.37411046028137207,-0.552880585193634,0.7738023996353149,0.0053976657800376415,0.27146172523498535,1,0.6809715032577515,0.016067296266555786,0.5921658277511597,0.6480935215950012,-0.3910335302352905,0.32133784890174866,-0.5690425038337708,0
0.690104603767395,0.0002422332763671875,0.5082884430885315,0.6153626441955566,-0.42129918932914734,0.36963245272636414,-0.5542629957199097,0.7771081924438477,0.007276392541825771,0.2806049585342407,1,0.6796279549598694,0.01780334860086441,0.6001070737838745,0.6513035893440247,-0.3880521059036255,0.31659993529319763,-0.5700733661651611,0
0.6904215216636658,0.0017555970698595047,0.5163906812667847,0.6187243461608887,-0.4185118079185486,0.36513036489486694,-0.5556147694587708,0.7802388072013855,0.009199966676533222,0.28978702425956726,1,0.6781205534934998,0.01955460011959076,0.6080026626586914,0.6544933915138245,-0.38505634665489197,0.31184646487236023,-0.5710706114768982,0
0.6905750632286072,0.003297041170299053,0.5244894623756409,0.622073769569397,-0.41570591926574707,0.36060476303100586,-0.5569353103637695,0.7831926941871643,0.011167023330926895,0.29900360107421875,1,0.6764506697654724,0.021320022642612457,0.6158490777015686,0.6576627492904663,-0.38204672932624817,0.3070773780345917,-0.5720344185829163,0
0.690564751625061,0.004865311086177826,0.5325803160667419,0.625409722328186,-0.4128817021846771,0.356056809425354,-0.558224618434906,0.7859683632850647,0.01317616831511259,0.3082503378391266,1,0.6746184825897217,0.023097973316907883,0.6236438751220703,0.6608114242553711,-0.37902313470840454,0.3022933900356293,-0.5729644894599915,0
0.6903899908065796,0.006459576077759266,0.5406605005264282,0.6287322640419006,-0.41003960371017456,0.35148608684539795,-0.5594824552536011,0.7885645627975464,0.015226014889776707,0.3175230324268341,1,0.6726247668266296,0.024887509644031525,0.6313842535018921,0.6639392375946045,-0.37598544359207153,0.29749390482902527,-0.5738614201545715,0
0.6900506615638733,0.008077993988990784,0.5487247705459595,0.6320400834083557,-0.40717992186546326,0.3468943238258362,-0.5607085227966309,0.7909801602363586,0.017315354198217392,0.3268176019191742,1,0.6704709529876709,0.02668735757470131,0.639066219329834,0.6670457124710083,-0.37293410301208496,0.2926797568798065,-0.5747247934341431,0
0.6895464062690735,0.00972017552703619,0.556770384311676,0.6353330016136169,-0.40430277585983276,0.34228086471557617,-0.5619028806686401,0.7932142019271851,0.019442753866314888,0.33612990379333496,1,0.6681574583053589,0.028496593236923218,0.6466879844665527,0.6701309084892273,-0.3698691725730896,0.2878504693508148,-0.5755548477172852,0
0.6888768672943115,0.011384284123778343,0.5647934675216675,0.6386102437973022,-0.40140870213508606,0.3376467525959015,-0.5630652904510498,0.7952658534049988,0.021606972441077232,0.34545600414276123,1,0.6656855940818787,0.030313510447740555,0.6542458534240723,0.673194169998169,-0.36679041385650635,0.283006876707077,-0.5763518214225769,0
0.6880427002906799,0.013069109991192818,0.5727902054786682,0.6418712139129639,-0.39849773049354553,0.33299267292022705,-0.5641955137252808,0.7971343398094177,0.023806679993867874,0.35479190945625305,1,0.6630564332008362,0.03213714435696602,0.6617370247840881,0.6762351393699646,-0.36369839310646057,0.2781491279602051,-0.5771155953407288,0
0.687043309211731,0.014773251488804817,0.5807570219039917,0.645115315914154,-0.39557018876075745,0.32831892371177673,-0.5652938485145569,0.7988191246986389,0.026040522381663322,0.36413371562957764,1,0.6600913405418396,0.03408109396696091,0.66962069272995,0.6794419884681702,-0.3603985011577606,0.27297213673591614,-0.5778906345367432,0
0.6858818531036377,0.01650194451212883,0.5887199640274048,0.6483545899391174,-0.3926168978214264,0.32361093163490295,-0.566360354423523,0.8003299236297607,0.028316201642155647,0.37351006269454956,1,0.6569513082504272,0.036029569804668427,0.677422285079956,0.6826230883598328,-0.3570834994316101,0.267779678106308,-0.5786285996437073,0
0.684550940990448,0.01825619488954544,0.5966825485229492,0.6515920162200928,-0.389633446931839,0.31886211037635803,-0.5673978924751282,0.8016639947891235,0.03063509240746498,0.3829285204410553,1,0.6536376476287842,0.03798148036003113,0.6851389408111572,0.6857783198356628,-0.35375380516052246,0.26257169246673584,-0.579329252243042,0
0.6830456256866455,0.02003496140241623,0.6046428680419922,0.6548269391059875,-0.38661864399909973,0.31407058238983154,-0.5684076547622681,0.8028163909912109,0.03299642354249954,0.39238739013671875,1,0.6501522064208984,0.03993534296751022,0.6927668452262878,0.6889071464538574,-0.35040944814682007,0.2573486268520355,-0.5799927711486816,0
0.6813627481460571,0.021837353706359863,0.6125958561897278,0.6580579280853271,-0.38357287645339966,0.3092367351055145,-0.5693892240524292,0.8037828803062439,0.03539862483739853,0.40188154578208923,1,0.6464964151382446,0.04188999533653259,0.7003028392791748,0.6920098066329956,-0.3470504879951477,0.2521105408668518,-0.5806191563606262,0
0.6795007586479187,0.0236612968146801,0.6205347180366516,0.661283016204834,-0.38049688935279846,0.30436259508132935,-0.5703421831130981,0.8045599460601807,0.03783991560339928,0.41140425205230713,1,0.6426721811294556,0.0438435822725296,0.7077434659004211,0.6950851678848267,-0.3436770439147949,0.2468581646680832,-0.5812088251113892,0
0.6774589419364929,0.025505276396870613,0.6284525990486145,0.6645004749298096,-0.3773917555809021,0.2994494140148163,-0.5712656378746033,0.805144727230072,0.04031830653548241,0.4209481179714203,1,0.6386808753013611,0.04579497501254082,0.7150861024856567,0.6981335878372192,-0.3402891159057617,0.24159100651741028,-0.5817614793777466,0
0.6752367615699768,0.02736727148294449,0.6363421678543091,0.6677082180976868,-0.37425917387008667,0.29449954628944397,-0.5721588134765625,0.8055350184440613,0.04283171147108078,0.43050557374954224,1,0.6345247626304626,0.04774264618754387,0.7223268151283264,0.7011541724205017,-0.3368874788284302,0.23631002008914948,-0.5822775959968567,0
0.6728339791297913,0.02924550697207451,0.6441975235939026,0.6709049344062805,-0.3710993230342865,0.28951430320739746,-0.5730211734771729,0.8057289123535156,0.045378051698207855,0.4400691092014313,1,0.6302058100700378,0.04968564957380295,0.7294626832008362,0.7041469812393188,-0.3334715664386749,0.2310151755809784,-0.5827568173408508,0
0.6702510118484497,0.031137878075242043,0.6520113945007324,0.6740883588790894,-0.3679139018058777,0.2844963073730469,-0.5738519430160522,0.8057249784469604,0.047955311834812164,0.4496314823627472,1,0.6257256865501404,0.05162208527326584,0.7364908456802368,0.707111656665802,-0.330041766166687,0.2257065623998642,-0.5831997394561768,0
0.6674890518188477,0.03304259479045868,0.6597772240638733,0.677257239818573,-0.3647039234638214,0.2794470489025116,-0.5746501684188843,0.8055220246315002,0.050561390817165375,0.4591856896877289,1,0.6210868954658508,0.053550831973552704,0.7434077262878418,0.7100477814674377,-0.3265981078147888,0.22038443386554718,-0.5836063027381897,0
0.6645480394363403,0.034957874566316605,0.6674891710281372,0.6804102659225464,-0.36147022247314453,0.27436813712120056,-0.5754156112670898,0.8051193952560425,0.05319419875741005,0.46872493624687195,1,0.6162912845611572,0.0554707869887352,0.7502105236053467,0.7129551768302917,-0.3231409192085266,0.2150496244430542,-0.5839764475822449,0
0.6614292860031128,0.03688179701566696,0.6751416921615601,0.6835460662841797,-0.35821348428726196,0.26926055550575256,-0.5761480331420898,0.8045164942741394,0.0558517761528492,0.4782427251338959,1,0.6113414168357849,0.05738016963005066,0.7568963170051575,0.715833306312561,-0.3196702003479004,0.20970167219638824,-0.5843105316162109,0
0.6581340432167053,0.03881264850497246,0.6827287077903748,0.6866631507873535,-0.3549349308013916,0.2641263008117676,-0.576846718788147,0.8037131428718567,0.058532144874334335,0.4877328872680664,1,0.606239378452301,0.05927795544266701,0.7634618282318115,0.7186819314956665,-0.3161863386631012,0.2043415755033493,-0.5846083760261536,0
0.6546634435653687,0.04074850678443909,0.6902453899383545,0.6897610425949097,-0.3516344726085663,0.2589660584926605,-0.5775114297866821,0.8027093410491943,0.06123325228691101,0.49718940258026123,1,0.6009873747825623,0.06116285175085068,0.7699044942855835,0.72150057554245,-0.31268900632858276,0.1989690065383911,-0.5848705768585205,0
0.6510185599327087,0.042687974870204926,0.6976863741874695,0.6928378343582153,-0.34831365942955017,0.2537814676761627,-0.578141987323761,0.8015053272247314,0.06395319104194641,0.5066065788269043,1,0.5955883264541626,0.0630338191986084,0.7762212157249451,0.7242895364761353,-0.30917876958847046,0.19358424842357635,-0.5850967764854431,0
0.6472015976905823,0.04462885111570358,0.7050467133522034,0.6958931088447571,-0.34497275948524475,0.24857363104820251,-0.5787380337715149,0.8001015186309814,0.0666901096701622,0.5159788131713867,1,0.5903741121292114,0.06478049606084824,0.7820491790771484,0.7268865704536438,-0.30586299300193787,0.18850557506084442,-0.5852770805358887,0
0.6432218551635742,0.046563297510147095,0.7122979164123535,0.6989148855209351,-0.34162187576293945,0.24335846304893494,-0.5793004631996155,0.7984998822212219,0.06943180412054062,0.5252716541290283,1,0.5850341320037842,0.06651252508163452,0.7877605557441711,0.7294564247131348,-0.3025360703468323,0.18341656029224396,-0.5854259729385376,0
0.6390905380249023,0.04848776385188103,0.7194294333457947,0.7018994688987732,-0.3382672071456909,0.2381446659564972,-0.5798272490501404,0.7967066764831543,0.07217354327440262,0.5344698429107666,1,0.5795697569847107,0.06822896003723145,0.7933537364006042,0.731998860836029,-0.2991977632045746,0.17831774055957794,-0.5855433940887451,0
0.6348140239715576,0.05039979889988899,0.7264366745948792,0.7048461437225342,-0.3349095582962036,0.23293428122997284,-0.5803180932998657,0.7947276830673218,0.0749131590127945,0.5435665845870972,1,0.573983907699585,0.06992895156145096,0.7988259196281433,0.7345135807991028,-0.29584863781929016,0.1732092648744583,-0.5856294631958008,0
0.6303979158401489,0.05229874327778816,0.7333166599273682,0.707755446434021,-0.33155032992362976,0.22772906720638275,-0.5807719826698303,0.7925673723220825,0.07764936983585358,0.5525586009025574,1,0.5682786703109741,0.07161114364862442,0.8041751980781555,0.7370003461837769,-0.29248836636543274,0.1680912971496582,-0.5856844782829285,0
0.6258448958396912,0.054183270782232285,0.7400693893432617,0.7106277346611023,-0.3281882703304291,0.22252759337425232,-0.5811901092529297,0.7902292609214783,0.0803813561797142,0.5614445209503174,1,0.5624563097953796,0.07327480614185333,0.8093993067741394,0.7394589185714722,-0.2891172766685486,0.16296404600143433,-0.5857084393501282,0
0.6211581826210022,0.056052934378385544,0.74669349193573,0.7134637832641602,-0.324823796749115,0.21733036637306213,-0.5815722942352295,0.7877163887023926,0.0831083282828331,0.5702237486839294,1,0.5565187931060791,0.07491903752088547,0.8144967555999756,0.741889238357544,-0.2857353091239929,0.15782763063907623,-0.5857013463973999,0
0.6163393259048462,0.05790703371167183,0.7531895041465759,0.7162644863128662,-0.32145556807518005,0.21213512122631073,-0.5819193124771118,0.7850314974784851,0.08582957834005356,0.5788960456848145,1,0.5504692792892456,0.07654307782649994,0.8194646835327148,0.7442909479141235,-0.2823430001735687,0.1526823490858078,-0.5856632590293884,0
0.6113901138305664,0.059745293110609055,0.7595574855804443,0.7190303206443787,-0.318083256483078,0.20694147050380707,-0.5822315216064453,0.7821769118309021,0.08854454010725021,0.5874612927436829,1,0.5443098545074463,0.07814567536115646,0.8243014216423035,0.746663510799408,-0.2789400815963745,0.1475285142660141,-0.5855947732925415,0
0.60631263256073,0.06156677007675171,0.7657968401908875,0.7217621207237244,-0.3147059977054596,0.20174777507781982,-0.582509458065033,0.7791547775268555,0.09125262498855591,0.5959193706512451,1,0.5380429029464722,0.07972614467144012,0.8290053009986877,0.749006986618042,-0.2755267918109894,0.14236634969711304,-0.5854957103729248,0
0.6011083722114563,0.0633714571595192,0.7719074487686157,0.7244604825973511,-0.31132328510284424,0.19655339419841766,-0.5827534198760986,0.7759673595428467,0.09395307302474976,0.6042698621749878,1,0.5316708087921143,0.08128385990858078,0.8335742354393005,0.7513212561607361,-0.2721032500267029,0.13719595968723297,-0.5853660702705383,0
0.5957787036895752,0.06515796482563019,0.7778891921043396,0.7271256446838379,-0.3079337775707245,0.1913571059703827,-0.5829642415046692,0.7726165652275085,0.0966453105211258,0.6125123500823975,1,0.5251966714859009,0.08281756192445755,0.8380061388015747,0.7536057829856873,-0.26866957545280457,0.13201762735843658,-0.5852062702178955,0
0.5903259515762329,0.06692627817392349,0.7837408781051636,0.7297582030296326,-0.30453816056251526,0.18615832924842834,-0.5831418633460999,0.7691044211387634,0.09932858496904373,0.6206461191177368,1,0.5186231732368469,0.0843263790011406,0.8422993421554565,0.7558602690696716,-0.2652260363101959,0.12683160603046417,-0.5850163102149963,0
0.584751546382904,0.06867552548646927,0.7894623875617981,0.7323583960533142,-0.30113521218299866,0.18095625936985016,-0.5832867622375488,0.7654330730438232,0.1020021140575409,0.6286702752113342,1,0.5119522213935852,0.08581003546714783,0.8464522957801819,0.758084774017334,-0.26177239418029785,0.12163806706666946,-0.5847963094711304,0
0.5790572166442871,0.07040523737668991,0.7950523495674133,0.7349267601966858,-0.29772457480430603,0.17575010657310486,-0.5833991765975952,0.7616044282913208,0.10466516762971878,0.6365839242935181,1,0.5051869750022888,0.08726773411035538,0.8504632711410522,0.7602790594100952,-0.2583092153072357,0.11643724888563156,-0.5845463871955872,0
0.5732449889183044,0.07211432605981827,0.8005102872848511,0.7374629378318787,-0.2943058907985687,0.17053933441638947,-0.5834799408912659,0.7576205134391785,0.10731697827577591,0.6443857550621033,1,0.49833032488822937,0.08869829028844833,0.8543304204940796,0.7624427080154419,-0.25483620166778564,0.111229307949543,-0.5842667818069458,0
0.5673167109489441,0.07380236685276031,0.8058346509933472,0.739967405796051,-0.29087886214256287,0.1653236746788025,-0.5835286974906921,0.7534833550453186,0.10995661467313766,0.6520746946334839,1,0.4913850426673889,0.0901012048125267,0.858052134513855,0.7645755410194397,-0.2513539791107178,0.10601504892110825,-0.5839574337005615,0
0.5612747073173523,0.07546865940093994,0.8110243678092957,0.742440402507782,-0.2874431312084198,0.1601027548313141,-0.5835457444190979,0.7491950392723083,0.11258331686258316,0.6596491932868958,1,0.4834098219871521,0.09165690839290619,0.8620923757553101,0.7669551968574524,-0.247395858168602,0.10009721666574478,-0.583571195602417,0
0.5550830960273743,0.07712490856647491,0.8161104321479797,0.7449019551277161,-0.2839767038822174,0.15484178066253662,-0.5835255980491638,0.7447310090065002,0.11521803587675095,0.6671550869941711,1,0.4753279387950897,0.09317542612552643,0.8659420609474182,0.7692948579788208,-0.2434261441230774,0.0941711887717247,-0.5831472873687744,0
0.5487229824066162,0.07877388596534729,0.8211008310317993,0.7473567724227905,-0.2804681360721588,0.14952465891838074,-0.5834704637527466,0.7400772571563721,0.11786562949419022,0.6746093034744263,1,0.46714454889297485,0.09465547651052475,0.8695984482765198,0.7715938687324524,-0.2394447773694992,0.0882377177476883,-0.582686185836792,0
0.542186439037323,0.0804150253534317,0.8259945511817932,0.7498041987419128,-0.27691444754600525,0.1441478133201599,-0.5833809971809387,0.7352262139320374,0.12052514404058456,0.6820135116577148,1,0.45886319875717163,0.09609633684158325,0.8730600476264954,0.7738521695137024,-0.2354518622159958,0.08229688555002213,-0.5821875929832458,0
0.5354714393615723,0.08204598724842072,0.8307864665985107,0.7522419691085815,-0.27331528067588806,0.13871005177497864,-0.583258330821991,0.7301748991012573,0.1231939047574997,0.689362645149231,1,0.45048779249191284,0.09749720990657806,0.8763251304626465,0.7760692834854126,-0.2314475029706955,0.07634852826595306,-0.5816523432731628,0
0.528580904006958,0.08366402238607407,0.835468590259552,0.7546669244766235,-0.26967230439186096,0.13321444392204285,-0.5831024646759033,0.7249232530593872,0.12586849927902222,0.696648120880127,1,0.44202351570129395,0.09885723143815994,0.8793911933898926,0.7782449722290039,-0.22743220627307892,0.07039391249418259,-0.58107990026474,0
0.5215185284614563,0.08526690304279327,0.840032696723938,0.7570770382881165,-0.2659872770309448,0.12766402959823608,-0.5829124450683594,0.719473123550415,0.12854519486427307,0.7038599848747253,1,0.4334743916988373,0.10017585754394531,0.8822569251060486,0.7803789973258972,-0.22340624034404755,0.06443292647600174,-0.5804709196090698,0
0.5142897963523865,0.08685149997472763,0.8444701433181763,0.7594689130783081,-0.26226258277893066,0.1220625638961792,-0.5826885104179382,0.7138274312019348,0.13122053444385529,0.7109877467155457,1,0.4248446226119995,0.10145200788974762,0.8849210143089294,0.7824709415435791,-0.21936939656734467,0.05846574157476425,-0.579825758934021,0
0.5069010257720947,0.08841525763273239,0.8487723469734192,0.7618403434753418,-0.2585007846355438,0.1164143979549408,-0.5824297070503235,0.7079898118972778,0.13389097154140472,0.7180209755897522,1,0.41613882780075073,0.10268519073724747,0.887381374835968,0.7845205664634705,-0.21532204747200012,0.05249277874827385,-0.5791445374488831,0
0.4993586242198944,0.08995567262172699,0.8529313206672668,0.7641884684562683,-0.25470420718193054,0.11072290688753128,-0.5821359157562256,0.7019644379615784,0.13655319809913635,0.7249495983123779,1,0.4073617458343506,0.10387475788593292,0.8896368741989136,0.7865273952484131,-0.21126453578472137,0.04651466757059097,-0.5784274935722351,0
0.4916687607765198,0.09147055447101593,0.8569398522377014,0.7665113806724548,-0.25087490677833557,0.1049915999174118,-0.581806480884552,0.6957557797431946,0.1392040103673935,0.7317641973495483,1,0.3985172510147095,0.10502030700445175,0.8916860818862915,0.7884914875030518,-0.2071966677904129,0.04053119570016861,-0.5776745676994324,0
0.48383843898773193,0.09295725077390671,0.8607908487319946,0.7688068151473999,-0.24701540172100067,0.09922432899475098,-0.5814412832260132,0.6893683671951294,0.14184048771858215,0.7384558320045471,1,0.3896101713180542,0.1061209887266159,0.8935278654098511,0.7904120087623596,-0.20311911404132843,0.034543342888355255,-0.5768865346908569,0
0.47587457299232483,0.09441407024860382,0.8644776344299316,0.7710731029510498,-0.2431274652481079,0.09342435002326965,-0.5810396075248718,0.6828070878982544,0.14445973932743073,0.7450162172317505,1,0.3806453049182892,0.10717643797397614,0.895160973072052,0.7922892570495605,-0.19903165102005005,0.02855091169476509,-0.576063334941864,0
0.4677826464176178,0.09583896398544312,0.867995023727417,0.7733082175254822,-0.23921285569667816,0.08759386092424393,-0.5806021690368652,0.6760767698287964,0.14705921709537506,0.751437783241272,1,0.37162744998931885,0.10818624496459961,0.8965842723846436,0.7941223978996277,-0.19493500888347626,0.02255481854081154,-0.5752052068710327,0
0.4595695734024048,0.09723038971424103,0.8713372349739075,0.7755109071731567,-0.23527328670024872,0.08173570781946182,-0.580128014087677,0.669182300567627,0.14963644742965698,0.7577134370803833,1,0.3625604212284088,0.1091499999165535,0.8977970480918884,0.7959117293357849,-0.1908288449048996,0.016554540023207664,-0.5743123888969421,0
