0.3625604212284088,0.1091499999165535,0.8977970480918884,0.7959117293357849,-0.1908288449048996,0.016554540023207664,-0.5743123888969421,0.4621361792087555,-0.08633988350629807,0.019999999552965164,0,0.3625604212284088,0.1091499999165535,0.8977970480918884,0.7959117293357849,-0.1908288449048996,0.016554540023207664,-0.5743123888969421,1
0.3628040552139282,0.10916154831647873,0.8976776003837585,0.7959170937538147,-0.19090838730335236,0.016660241410136223,-0.5742754340171814,0.4621361792087555,-0.08633988350629807,0.01981772482395172,0,0.3625604212284088,0.1091499999165535,0.8977970480918884,0.7959117293357849,-0.1908288449048996,0.016554540023207664,-0.5743123888969421,1
0.3632446825504303,0.10916890949010849,0.8974825739860535,0.7959179878234863,-0.1910729855298996,0.016885489225387573,-0.574212908744812,0.4621361792087555,-0.08633988350629807,0.019884351640939713,0,0.3625604212284088,0.1091499999165535,0.8977970480918884,0.7959117293357849,-0.1908288449048996,0.016554540023207664,-0.5743123888969421,1
0.36376747488975525,0.10917111486196518,0.8972581028938293,0.7959133982658386,-0.1912766695022583,0.017166968435049057,-0.5741432309150696,0.4621361792087555,-0.08633988350629807,0.019923370331525803,0,0.3625604212284088,0.1091499999165535,0.8977970480918884,0.7959117293357849,-0.1908288449048996,0.016554540023207664,-0.5743123888969421,1
0.3643089532852173,0.10917005687952042,0.8970283269882202,0.7959052920341492,-0.1914910078048706,0.01746424101293087,-0.5740739107131958,0.4621361792087555,-0.08633988350629807,0.019946129992604256,0,0.3625604212284088,0.1091499999165535,0.8977970480918884,0.7959117293357849,-0.1908288449048996,0.016554540023207664,-0.5743123888969421,1
0.36483412981033325,0.10916749387979507,0.8968064785003662,0.7958957552909851,-0.19170089066028595,0.017755331471562386,-0.5740082263946533,0.4621361792087555,-0.08633988350629807,0.019959423691034317,0,0.3625604212284088,0.1091499999165535,0.8977970480918884,0.7959117293357849,-0.1908288449048996,0.016554540023207664,-0.5743123888969421,1
0.3653259873390198,0.10916423052549362,0.8965990543365479,0.7958859801292419,-0.19189804792404175,0.01802937313914299,-0.5739471912384033,0.4621361792087555,-0.08633988350629807,0.019967196509242058,0,0.3625604212284088,0.1091499999165535,0.8977970480918884,0.7959117293357849,-0.1908288449048996,0.016554540023207664,-0.5743123888969421,1
0.36577728390693665,0.10916095972061157,0.89640873670578,0.7958768010139465,-0.19207923114299774,0.01828133687376976,-0.5738914608955383,0.4621361792087555,-0.08633988350629807,0.01997174322605133,0,0.3625604212284088,0.1091499999165535,0.8977970480918884,0.7959117293357849,-0.1908288449048996,0.016554540023207664,-0.5743123888969421,1
0.366186261177063,0.10915781557559967,0.8962359428405762,0.7958679795265198,-0.1922435611486435,0.018509861081838608,-0.5738412737846375,0.4621361792087555,-0.08633988350629807,0.019974403083324432,0,0.3625604212284088,0.1091499999165535,0.8977970480918884,0.7959117293357849,-0.1908288449048996,0.016554540023207664,-0.5743123888969421,1
0.3665536642074585,0.1091550812125206,0.8960806727409363,0.7958602905273438,-0.19239117205142975,0.01871492713689804,-0.5737957954406738,0.4621361792087555,-0.08633988350629807,0.01997595839202404,0,0.3625604212284088,0.1091499999165535,0.8977970480918884,0.7959117293357849,-0.1908288449048996,0.016554540023207664,-0.5743123888969421,1
0.36688217520713806,0.10915274918079376,0.895941436290741,0.7958534359931946,-0.1925230473279953,0.018898339942097664,-0.5737552642822266,0.4621361792087555,-0.08633988350629807,0.019976869225502014,0,0.3625604212284088,0.1091499999165535,0.8977970480918884,0.7959117293357849,-0.1908288449048996,0.016554540023207664,-0.5743123888969421,1
0.3671749234199524,0.10915068536996841,0.8958170413970947,0.7958471775054932,-0.1926405429840088,0.019061513245105743,-0.5737189054489136,0.4621361792087555,-0.08633988350629807,0.019977401942014694,0,0.3625604212284088,0.1091499999165535,0.8977970480918884,0.7959117293357849,-0.1908288449048996,0.016554540023207664,-0.5743123888969421,1
0.36743536591529846,0.10914917290210724,0.8957062363624573,0.7958419322967529,-0.19274485111236572,0.019206577911973,-0.5736864805221558,0.4621361792087555,-0.08633988350629807,0.019977713003754616,0,0.3625604212284088,0.1091499999165535,0.8977970480918884,0.7959117293357849,-0.1908288449048996,0.016554540023207664,-0.5743123888969421,1
0.3676663637161255,0.10914792865514755,0.8956077694892883,0.7958371639251709,-0.19283725321292877,0.019334783777594566,-0.5736575722694397,0.4621361792087555,-0.08633988350629807,0.01997789368033409,0,0.3625604212284088,0.1091499999165535,0.8977970480918884,0.7959117293357849,-0.1908288449048996,0.016554540023207664,-0.5743123888969421,1
0.3678717017173767,0.10914682596921921,0.8955199718475342,0.7958332300186157,-0.1929192990064621,0.019448645412921906,-0.573631763458252,0.4621361792087555,-0.08633988350629807,0.019978001713752747,0,0.3625604212284088,0.1091499999165535,0.8977970480918884,0.7959117293357849,-0.1908288449048996,0.016554540023207664,-0.5743123888969421,1
0.3680533766746521,0.10914600640535355,0.8954421877861023,0.795829713344574,-0.19299162924289703,0.01954904943704605,-0.5736088156700134,0.4621361792087555,-0.08633988350629807,0.01997806318104267,0,0.3625604212284088,0.1091499999165535,0.8977970480918884,0.7959117293357849,-0.1908288449048996,0.016554540023207664,-0.5743123888969421,1
0.3682141900062561,0.10914544761180878,0.8953732252120972,0.79582679271698,-0.19305557012557983,0.01963799074292183,-0.5735883712768555,0.4621361792087555,-0.08633988350629807,0.019978100433945656,0,0.3625604212284088,0.1091499999165535,0.8977970480918884,0.7959117293357849,-0.1908288449048996,0.016554540023207664,-0.5743123888969421,1
0.3683570623397827,0.10914503037929535,0.8953116536140442,0.7958241105079651,-0.19311225414276123,0.019716612994670868,-0.5735701322555542,0.4621361792087555,-0.08633988350629807,0.019978120923042297,0,0.3625604212284088,0.1091499999165535,0.8977970480918884,0.7959117293357849,-0.1908288449048996,0.016554540023207664,-0.5743123888969421,1
0.36848360300064087,0.10914475470781326,0.8952572345733643,0.7958218455314636,-0.1931624412536621,0.019786084070801735,-0.5735539793968201,0.4621361792087555,-0.08633988350629807,0.019978133961558342,0,0.3625604212284088,0.1091499999165535,0.8977970480918884,0.7959117293357849,-0.1908288449048996,0.016554540023207664,-0.5743123888969421,1
0.36859551072120667,0.10914462059736252,0.8952088356018066,0.7958201169967651,-0.19320662319660187,0.019847365096211433,-0.5735394358634949,0.4621361792087555,-0.08633988350629807,0.01997814141213894,0,0.3625604212284088,0.1091499999165535,0.8977970480918884,0.7959117293357849,-0.1908288449048996,0.016554540023207664,-0.5743123888969421,1
0.36869457364082336,0.10914447903633118,0.8951660394668579,0.7958184480667114,-0.1932457685470581,0.01990160159766674,-0.5735267996788025,0.4621361792087555,-0.08633988350629807,0.019978145137429237,0,0.3625604212284088,0.1091499999165535,0.8977970480918884,0.7959117293357849,-0.1908288449048996,0.016554540023207664,-0.5743123888969421,1
0.3687824606895447,0.10914447903633118,0.8951278328895569,0.795816957950592,-0.19328033924102783,0.01994943805038929,-0.5735154151916504,0.4621361792087555,-0.08633988350629807,0.019978148862719536,0,0.3625604212284088,0.1091499999165535,0.8977970480918884,0.7959117293357849,-0.1908288449048996,0.016554540023207664,-0.5743123888969421,1
0.36886000633239746,0.10914461314678192,0.895094096660614,0.7958159446716309,-0.19331079721450806,0.019991593435406685,-0.5735051035881042,0.4621361792087555,-0.08633988350629807,0.019978148862719536,0,0.3625604212284088,0.1091499999165535,0.8977970480918884,0.7959117293357849,-0.1908288449048996,0.016554540023207664,-0.5743123888969421,1
0.36892861127853394,0.10914474725723267,0.8950642347335815,0.7958149909973145,-0.19333770871162415,0.02002882771193981,-0.5734960436820984,0.4621361792087555,-0.08633988350629807,0.019978148862719536,0,0.3625604212284088,0.1091499999165535,0.8977970480918884,0.7959117293357849,-0.1908288449048996,0.016554540023207664,-0.5743123888969421,1
0.3689894676208496,0.10914488881826401,0.8950377106666565,0.7958140969276428,-0.1933615803718567,0.020061763003468513,-0.5734882354736328,0.4621361792087555,-0.08633988350629807,0.019978148862719536,0,0.3625604212284088,0.1091499999165535,0.8977970480918884,0.7959117293357849,-0.1908288449048996,0.016554540023207664,-0.5743123888969421,1
0.3690434694290161,0.10914502292871475,0.8950141072273254,0.7958134412765503,-0.1933826208114624,0.020090937614440918,-0.5734809041023254,0.4621361792087555,-0.08633988350629807,0.019978148862719536,0,0.3625604212284088,0.1091499999165535,0.8977970480918884,0.7959117293357849,-0.1908288449048996,0.016554540023207664,-0.5743123888969421,1
0.3690912425518036,0.10914530605077744,0.8949931859970093,0.7958129048347473,-0.1934012621641159,0.02011662721633911,-0.5734745860099792,0.4621361792087555,-0.08633988350629807,0.019978148862719536,0,0.3625604212284088,0.1091499999165535,0.8977970480918884,0.7959117293357849,-0.1908288449048996,0.016554540023207664,-0.5743123888969421,1
0.3691335916519165,0.10914543271064758,0.8949745893478394,0.7958122491836548,-0.19341766834259033,0.02013932727277279,-0.5734689831733704,0.4621361792087555,-0.08633988350629807,0.019978148862719536,0,0.3625604212284088,0.1091499999165535,0.8977970480918884,0.7959117293357849,-0.1908288449048996,0.016554540023207664,-0.5743123888969421,1
0.369171142578125,0.10914570838212967,0.894957959651947,0.7958120107650757,-0.19343216717243195,0.020159302279353142,-0.5734638571739197,0.4621361792087555,-0.08633988350629807,0.019978148862719536,0,0.3625604212284088,0.1091499999165535,0.8977970480918884,0.7959117293357849,-0.1908288449048996,0.016554540023207664,-0.5743123888969421,1
0.36920416355133057,0.10914599150419235,0.8949434161186218,0.795811653137207,-0.19344498217105865,0.020176958292722702,-0.5734593868255615,0.4621361792087555,-0.08633988350629807,0.019978148862719536,0,0.3625604212284088,0.1091499999165535,0.8977970480918884,0.7959117293357849,-0.1908288449048996,0.016554540023207664,-0.5743123888969421,1
0.36923354864120483,0.1091461256146431,0.8949304223060608,0.7958112955093384,-0.1934562772512436,0.020192500203847885,-0.5734555721282959,0.4621361792087555,-0.08633988350629807,0.019978148862719536,0,0.36923354864120483,0.1091461256146431,0.8949304223060608,0.7958112955093384,-0.1934562772512436,0.020192500203847885,-0.5734555721282959,1
0.3694966435432434,0.10915748029947281,0.8948008418083191,0.7958157062530518,-0.1935444176197052,0.020310046151280403,-0.5734154582023621,0.4621361792087555,-0.08633988350629807,0.019978148862719536,0,0.3745618462562561,0.10760840028524399,0.8952411413192749,0.7937082052230835,-0.19750972092151642,0.024868955835700035,-0.5748030543327332,1
0.37028956413269043,0.10905805975198746,0.8946860432624817,0.7956694960594177,-0.1940012276172638,0.020847484469413757,-0.573444664478302,0.4621361792087555,-0.08633988350629807,0.019978148862719536,0,0.37984606623649597,0.10602892935276031,0.895423948764801,0.7915787100791931,-0.2015489935874939,0.029552550986409187,-0.576114296913147,1
0.3715704679489136,0.10882189124822617,0.8945973515510559,0.7953358292579651,-0.1948307901620865,0.021818460896611214,-0.5735901594161987,0.4621361792087555,-0.08633988350629807,0.019978148862719536,0,0.385084331035614,0.1044083684682846,0.8954792022705078,0.7894231677055359,-0.20557400584220886,0.03424318879842758,-0.5773885846138,1
0.37328463792800903,0.10845354199409485,0.8945285677909851,0.7948234677314758,-0.19599436223506927,0.023179270327091217,-0.5738505721092224,0.4621361792087555,-0.08633988350629807,0.019978148862719536,0,0.3902748227119446,0.10274738818407059,0.8954072594642639,0.78724205493927,-0.20958420634269714,0.038940683007240295,-0.5786257982254028,1
0.3753828704357147,0.1079617291688919,0.8944711089134216,0.7941461205482483,-0.1974567323923111,0.024889973923563957,-0.5742151737213135,0.4621361792087555,-0.08633988350629807,0.019978148862719536,0,0.3954155147075653,0.10104627162218094,0.8952085375785828,0.7850353121757507,-0.2135796993970871,0.043645016849040985,-0.5798260569572449,1
0.37782037258148193,0.10735515505075455,0.8944148421287537,0.7933182716369629,-0.19918523728847504,0.02691391296684742,-0.5746710896492004,0.4621361792087555,-0.08633988350629807,0.019978148862719536,0,0.400505006313324,0.0993058905005455,0.8948830366134644,0.7828034162521362,-0.21756015717983246,0.048355910927057266,-0.5809887051582336,1
0.3805563449859619,0.10664163529872894,0.8943493962287903,0.7923526167869568,-0.2011510282754898,0.02921879105269909,-0.57520592212677,0.4621361792087555,-0.08633988350629807,0.019978148862719536,0,0.4055415987968445,0.09752654284238815,0.8944313526153564,0.7805464863777161,-0.22152557969093323,0.05307317152619362,-0.5821139812469482,1
0.3835555613040924,0.10582771897315979,0.8942642211914062,0.7912604212760925,-0.20332857966423035,0.03177645057439804,-0.5758077502250671,0.4621361792087555,-0.08633988350629807,0.019978148862719536,0,0.4105225205421448,0.09570905566215515,0.8938541412353516,0.7782649993896484,-0.22547529637813568,0.05779661610722542,-0.58320152759552,1
0.38678470253944397,0.10491934418678284,0.8941488265991211,0.7900518774986267,-0.20569422841072083,0.03456124663352966,-0.5764661431312561,0.4621361792087555,-0.08633988350629807,0.019978148862719536,0,0.4154474139213562,0.09385420382022858,0.8931514620780945,0.7759591937065125,-0.22940954566001892,0.06252630054950714,-0.5842508673667908,1
0.39021340012550354,0.10392174124717712,0.8939938545227051,0.7887362241744995,-0.20822669565677643,0.03754980489611626,-0.5771713852882385,0.4621361792087555,-0.08633988350629807,0.019978148862719536,0,0.4203132092952728,0.09196239709854126,0.8923240900039673,0.7736292481422424,-0.23332777619361877,0.06726177781820297,-0.58526211977005,1
0.3938153088092804,0.1028394103050232,0.8937897682189941,0.7873210906982422,-0.21090756356716156,0.04072193801403046,-0.5779144167900085,0.4621361792087555,-0.08633988350629807,0.019978148862719536,0,0.42511889338493347,0.09003451466560364,0.8913725018501282,0.7712754607200623,-0.23722995817661285,0.07200271636247635,-0.5862350463867188,1
0.39756566286087036,0.10167670249938965,0.893528163433075,0.7858142852783203,-0.2137194275856018,0.04405910521745682,-0.5786870718002319,0.4621361792087555,-0.08633988350629807,0.019978148862719536,0,0.42986249923706055,0.08807166665792465,0.8902971744537354,0.7688984870910645,-0.2411159873008728,0.07674942910671234,-0.5871691107749939,1
0.40144267678260803,0.10043728351593018,0.8932009935379028,0.784221887588501,-0.21664728224277496,0.04754519462585449,-0.5794820785522461,0.4621361792087555,-0.08633988350629807,0.019978148862719536,0,0.43454238772392273,0.08607392013072968,0.889098584651947,0.7664980292320251,-0.2449854612350464,0.08150148391723633,-0.5880648493766785,1
0.4054258167743683,0.09912446141242981,0.8928014039993286,0.7825499176979065,-0.21967703104019165,0.051164768636226654,-0.5802928805351257,0.4621361792087555,-0.08633988350629807,0.019978148862719536,0,0.43915659189224243,0.08404266089200974,0.88777756690979,0.7640750408172607,-0.24883794784545898,0.08625833690166473,-0.5889213681221008,1
0.4094974994659424,0.09774141013622284,0.8923227787017822,0.7808034420013428,-0.22279667854309082,0.054905448108911514,-0.5811136364936829,0.4621361792087555,-0.08633988350629807,0.019978148862719536,0,0.4437040090560913,0.08197836577892303,0.8863343596458435,0.7616293430328369,-0.25267383456230164,0.09102026373147964,-0.5897387266159058,1
0.413640558719635,0.0962912067770958,0.8917593955993652,0.7789875864982605,-0.22599491477012634,0.058754656463861465,-0.5819385647773743,0.4621361792087555,-0.08633988350629807,0.019978148862719536,0,0.44818252325057983,0.07988205552101135,0.8847699165344238,0.7591614723205566,-0.25649237632751465,0.09578707069158554,-0.5905168652534485,1
0.4178406894207001,0.09477677196264267,0.8911058902740479,0.777106761932373,-0.22926189005374908,0.06270240992307663,-0.5827627182006836,0.4621361792087555,-0.08633988350629807,0.019978148862719536,0,0.45259082317352295,0.07775475084781647,0.8830848336219788,0.7566717863082886,-0.26029372215270996,0.10055844485759735,-0.5912553668022156,1
0.42208370566368103,0.09320046007633209,0.890358030796051,0.7751647233963013,-0.23258861899375916,0.0667383223772049,-0.5835822224617004,0.4621361792087555,-0.08633988350629807,0.019978148862719536,0,0.4569266736507416,0.07559707015752792,0.8812798857688904,0.7541605234146118,-0.2640770673751831,0.10533374547958374,-0.5919543504714966,1
0.4263574779033661,0.09156466275453568,0.8895117044448853,0.773165225982666,-0.23596680164337158,0.07085460424423218,-0.5843925476074219,0.4621361792087555,-0.08633988350629807,0.019978148862719536,0,0.461188942193985,0.0734100192785263,0.8793555498123169,0.7516278028488159,-0.26784294843673706,0.11011327058076859,-0.5926135778427124,1
0.430649995803833,0.0898720771074295,0.888563871383667,0.7711115479469299,-0.2393893301486969,0.07504244148731232,-0.5851907134056091,0.4621361792087555,-0.08633988350629807,0.019978148862719536,0,0.46537601947784424,0.07119476795196533,0.8773128986358643,0.7490742206573486,-0.2715907394886017,0.11489692330360413,-0.5932325124740601,1
0.43495187163352966,0.0881248265504837,0.8875111937522888,0.7690069675445557,-0.24284973740577698,0.07929597049951553,-0.5859730839729309,0.4621361792087555,-0.08633988350629807,0.019978148862719536,0,0.46948617696762085,0.06895191222429276,0.8751525282859802,0.7464998364448547,-0.2753201723098755,0.11968401819467545,-0.5938118100166321,1
0.4392527639865875,0.08632515370845795,0.8863514065742493,0.7668540477752686,-0.24634188413619995,0.08360790461301804,-0.5867369174957275,0.4621361792087555,-0.08633988350629807,0.019978148862719536,0,0.473518431186676,0.06668257713317871,0.8728749752044678,0.7439050078392029,-0.27903157472610474,0.12447527796030045,-0.5943505167961121,1
0.4435446858406067,0.08447505533695221,0.8850822448730469,0.7646552920341492,-0.2498607486486435,0.08797327429056168,-0.5874797105789185,0.4621361792087555,-0.08633988350629807,0.019978148862719536,0,0.4774702787399292,0.06438800692558289,0.8704816102981567,0.7412903308868408,-0.28272390365600586,0.12926925718784332,-0.5948489308357239,1
0.44781944155693054,0.08257651329040527,0.8837021589279175,0.7624133229255676,-0.2534012496471405,0.09238642454147339,-0.5881993174552917,0.4621361792087555,-0.08633988350629807,0.019978148862719536,0,0.48134154081344604,0.06206889450550079,0.8679726719856262,0.7386557459831238,-0.2863980233669281,0.13406693935394287,-0.5953064560890198,1
0.45207035541534424,0.08063146471977234,0.8822095990180969,0.7601299285888672,-0.2569592595100403,0.09684329479932785,-0.5888935327529907,0.4621361792087555,-0.08633988350629807,0.019978148862719536,0,0.48512956500053406,0.05972657725214958,0.865349531173706,0.7360017895698547,-0.29005274176597595,0.1388673633337021,-0.595723569393158,1
0.45628973841667175,0.07864212989807129,0.8806038498878479,0.7578076124191284,-0.26053091883659363,0.1013389453291893,-0.5895605087280273,0.4621361792087555,-0.08633988350629807,0.019978148862719536,0,0.48883315920829773,0.05736193060874939,0.8626129627227783,0.7333285808563232,-0.29368817806243896,0.14367027580738068,-0.5961000323295593,1
0.4604724645614624,0.07660998404026031,0.8788836598396301,0.7554478049278259,-0.26411253213882446,0.10587038099765778,-0.590198814868927,0.4621361792087555,-0.08633988350629807,0.019978148862719536,0,0.49245136976242065,0.054976142942905426,0.8597638010978699,0.730636715888977,-0.29730430245399475,0.14847607910633087,-0.5964351892471313,1
0.46461284160614014,0.07453716546297073,0.8770484328269958,0.7530525326728821,-0.2677014172077179,0.11043395847082138,-0.5908064246177673,0.4621361792087555,-0.08633988350629807,0.019978148862719536,0,0.4959823489189148,0.05257057398557663,0.8568030595779419,0.7279264330863953,-0.30090081691741943,0.15328378975391388,-0.5967292189598083,1
0.46870532631874084,0.07242503762245178,0.8750979900360107,0.7506231069564819,-0.27129435539245605,0.1150263100862503,-0.5913824439048767,0.4621361792087555,-0.08633988350629807,0.019978148862719536,0,0.49942535161972046,0.05014590173959732,0.8537314534187317,0.7251980304718018,-0.3044774830341339,0.15809416770935059,-0.5969818830490112,1
0.4727448523044586,0.07027579843997955,0.8730325102806091,0.7481611967086792,-0.2748885452747345,0.11964467912912369,-0.591925859451294,0.4621361792087555,-0.08633988350629807,0.019978148862719536,0,0.5027784705162048,0.04770352691411972,0.8505502343177795,0.7224518060684204,-0.3080340325832367,0.1629062443971634,-0.5971933007240295,1
0.47672757506370544,0.06809093058109283,0.8708516359329224,0.7456681728363037,-0.27848193049430847,0.12428661435842514,-0.5924353003501892,0.4621361792087555,-0.08633988350629807,0.019978148862719536,0,0.506040632724762,0.04524480178952217,0.8472602963447571,0.7196882367134094,-0.3115704655647278,0.16772010922431946,-0.5973629951477051,1
0.4806494414806366,0.06587185710668564,0.8685553073883057,0.7431450486183167,-0.2820725739002228,0.12895026803016663,-0.5929099321365356,0.4621361792087555,-0.08633988350629807,0.019978148862719536,0,0.509210467338562,0.04277053475379944,0.8438628911972046,0.7169073224067688,-0.3150864541530609,0.17253533005714417,-0.5974912047386169,1
0.48450663685798645,0.06362062692642212,0.8661440014839172,0.7405933141708374,-0.2856582701206207,0.13363294303417206,-0.5933490991592407,0.4621361792087555,-0.08633988350629807,0.019978148862719536,0,0.5122867226600647,0.04028230905532837,0.8403589129447937,0.7141097784042358,-0.31858178973197937,0.1773519068956375,-0.5975775718688965,1
0.48829570412635803,0.06133854761719704,0.8636180758476257,0.7380139827728271,-0.28923749923706055,0.1383333057165146,-0.5937514305114746,0.4621361792087555,-0.08633988350629807,0.019978148862719536,0,0.5152679681777954,0.0377810113132,0.8367495536804199,0.7112956047058105,-0.3220561742782593,0.18216954171657562,-0.5976223349571228,1
0.49201300740242004,0.05902749300003052,0.8609780669212341,0.7354080677032471,-0.29280856251716614,0.14304901659488678,-0.5941170454025269,0.4621361792087555,-0.08633988350629807,0.019978148862719536,0,0.5183306932449341,0.035110633820295334,0.8328000903129578,0.7082878947257996,-0.32572489976882935,0.1872895359992981,-0.5976237058639526,1
0.49566805362701416,0.05667858198285103,0.8582140207290649,0.7327648401260376,-0.2963862419128418,0.1477985829114914,-0.5944463014602661,0.4621361792087555,-0.08633988350629807,0.019978148862719536,0,0.5212836861610413,0.03242877125740051,0.8287341594696045,0.7052623629570007,-0.32936957478523254,0.19241000711917877,-0.5975775718688965,1
0.49926042556762695,0.054291099309921265,0.8553220629692078,0.7300822734832764,-0.29997143149375916,0.15258486568927765,-0.5947393178939819,0.4621361792087555,-0.08633988350629807,0.019978148862719536,0,0.5241259336471558,0.0297364704310894,0.8245528340339661,0.7022191286087036,-0.3329901695251465,0.19753113389015198,-0.5974839925765991,1
0.5027877688407898,0.0518663190305233,0.8523012399673462,0.7273615598678589,-0.3035620450973511,0.1574065238237381,-0.5949944257736206,0.4621361792087555,-0.08633988350629807,0.019978148862719536,0,0.5268554091453552,0.027035873383283615,0.8202582001686096,0.6991592049598694,-0.33658602833747864,0.20265254378318787,-0.5973425507545471,1
0.5062456727027893,0.049406860023736954,0.8491508364677429,0.724604606628418,-0.3071553111076355,0.16226093471050262,-0.595210075378418,0.4621361792087555,-0.08633988350629807,0.019978148862719536,0,0.5294711589813232,0.02432839944958687,0.8158512115478516,0.6960824728012085,-0.34015750885009766,0.20777367055416107,-0.5971533060073853,1
0.509630560874939,0.04691435396671295,0.8458712100982666,0.7218124270439148,-0.3107492923736572,0.16714586317539215,-0.5953854322433472,0.4621361792087555,-0.08633988350629807,0.019978148862719536,0,0.5319720506668091,0.021615561097860336,0.8113335371017456,0.6929895281791687,-0.34370389580726624,0.21289469301700592,-0.5969160795211792,1
0.5129373073577881,0.04439154639840126,0.8424633741378784,0.718987226486206,-0.31434106826782227,0.1720581352710724,-0.5955190658569336,0.4621361792087555,-0.08633988350629807,0.019978148862719536,0,0.534357488155365,0.018898921087384224,0.8067060112953186,0.689880907535553,-0.34722545742988586,0.21801519393920898,-0.5966306328773499,1
0.5161621570587158,0.04184082895517349,0.8389279842376709,0.7161303162574768,-0.3179287016391754,0.17699560523033142,-0.5956098437309265,0.4621361792087555,-0.08633988350629807,0.019978148862719536,0,0.5366251468658447,0.01618027314543724,0.8019711375236511,0.6867567896842957,-0.3507215976715088,0.22313465178012848,-0.5962970852851868,1
0.5192999243736267,0.03926466032862663,0.8352673053741455,0.7132436037063599,-0.32150915265083313,0.1819542497396469,-0.5956575274467468,0.4621361792087555,-0.08633988350629807,0.019978148862719536,0,0.5387749671936035,0.013460831716656685,0.7971296906471252,0.6836176514625549,-0.35419222712516785,0.22825324535369873,-0.5959154367446899,1
0.5223472714424133,0.036664824932813644,0.8314820528030396,0.7103280425071716,-0.3250810503959656,0.18693310022354126,-0.5956611633300781,0.4621361792087555,-0.08633988350629807,0.019978148862719536,0,0.540804922580719,0.010742845945060253,0.7921838760375977,0.6804639101028442,-0.3576369881629944,0.23337015509605408,-0.5954853892326355,1
0.5253003835678101,0.03404438495635986,0.8275740146636963,0.707385241985321,-0.3286423981189728,0.19192956387996674,-0.5956200361251831,0.4621361792087555,-0.08633988350629807,0.019978148862719536,0,0.5427149534225464,0.00802756380289793,0.7871342897415161,0.6772958636283875,-0.36105599999427795,0.23848587274551392,-0.5950068831443787,1
0.528156042098999,0.03140505403280258,0.8235446810722351,0.7044163346290588,-0.3321914076805115,0.19694121181964874,-0.5955338478088379,0.4621361792087555,-0.08633988350629807,0.019978148862719536,0,0.5445033311843872,0.005316861905157566,0.7819835543632507,0.6741143465042114,-0.3644484281539917,0.2435993254184723,-0.5944799184799194,1
0.5309109687805176,0.028749335557222366,0.8193957209587097,0.7014228105545044,-0.33572643995285034,0.20196649432182312,-0.5954017639160156,0.4621361792087555,-0.08633988350629807,0.019978148862719536,0,0.5461698174476624,0.002612398937344551,0.7767325043678284,0.6709191203117371,-0.3678150177001953,0.2487112581729889,-0.5939041972160339,1
0.5335620045661926,0.026079149916768074,0.8151291012763977,0.6984052062034607,-0.3392461836338043,0.2070036232471466,-0.5952240824699402,0.4621361792087555,-0.08633988350629807,0.019978148862719536,0,0.5477126836776733,-8.421018719673157e-05,0.77138352394104,0.6677111387252808,-0.3711545169353485,0.2538202702999115,-0.5932801961898804,1
0.5361068844795227,0.023397019132971764,0.8107461929321289,0.6953651309013367,-0.3427491784095764,0.21205100417137146,-0.5949996709823608,0.4621361792087555,-0.08633988350629807,0.019978148862719536,0,0.5491321086883545,-0.002771420404314995,0.7659375071525574,0.6644902229309082,-0.3744673430919647,0.25892719626426697,-0.5926073789596558,1
0.5385423898696899,0.020704874768853188,0.8062494993209839,0.6923035979270935,-0.3462342619895935,0.21710678935050964,-0.5947285890579224,0.4621361792087555,-0.08633988350629807,0.019978148862719536,0,0.550426185131073,-0.00544692762196064,0.7603970766067505,0.6612575650215149,-0.3777529001235962,0.2640305757522583,-0.5918858647346497,1
0.5408668518066406,0.018004799261689186,0.8016400337219238,0.6892211437225342,-0.3497006297111511,0.22217044234275818,-0.5944105386734009,0.4621361792087555,-0.08633988350629807,0.019978148862719536,0,0.5515300035476685,-0.007953055202960968,0.7550969123840332,0.6582043170928955,-0.38082075119018555,0.2688310146331787,-0.591161847114563,1
0.5430735349655151,0.015309980139136314,0.7969398498535156,0.6861318945884705,-0.35313254594802856,0.22722013294696808,-0.5940465331077576,0.4621361792087555,-0.08633988350629807,0.019978148862719536,0,0.5525214672088623,-0.010446248576045036,0.7497159838676453,0.6551408767700195,-0.3838639557361603,0.2736283242702484,-0.5903950929641724,1
0.5451590418815613,0.012624584138393402,0.7921542525291443,0.6830395460128784,-0.3565274178981781,0.2322513312101364,-0.5936365723609924,0.4621361792087555,-0.08633988350629807,0.019978148862719536,0,0.5534007549285889,-0.012924890033900738,0.7442551851272583,0.6520677804946899,-0.3868826627731323,0.2784222960472107,-0.5895848274230957,1
0.5471202731132507,0.009950797073543072,0.7872878313064575,0.6799449324607849,-0.3598845601081848,0.23726174235343933,-0.5931819677352905,0.4621361792087555,-0.08633988350629807,0.019978148862719536,0,0.5541673302650452,-0.015387406572699547,0.7387162446975708,0.6489855647087097,-0.38987669348716736,0.2832127511501312,-0.5887311100959778,1
0.5489581823348999,0.007289331406354904,0.7823412418365479,0.6768472790718079,-0.36320555210113525,0.24225279688835144,-0.5926828384399414,0.4621361792087555,-0.08633988350629807,0.019978148862719536,0,0.5548205375671387,-0.017832625657320023,0.7331005930900574,0.6458941698074341,-0.39284586906433105,0.28799962997436523,-0.5878340601921082,1
0.5506717562675476,0.004641267471015453,0.777317225933075,0.6737471222877502,-0.3664900064468384,0.24722445011138916,-0.5921400785446167,0.4621361792087555,-0.08633988350629807,0.019978148862719536,0,0.555359959602356,-0.020258717238903046,0.7274096608161926,0.6427944302558899,-0.395790159702301,0.29278215765953064,-0.5868935585021973,1
0.5522618293762207,0.0020071491599082947,0.7722163200378418,0.6706430912017822,-0.3697397708892822,0.2521785795688629,-0.5915540456771851,0.4621361792087555,-0.08633988350629807,0.019978148862719536,0,0.5557857155799866,-0.022664761170744896,0.7216446995735168,0.639685869216919,-0.39870941638946533,0.2975611686706543,-0.5859096050262451,1
0.5537293553352356,-0.0006116814911365509,0.76703941822052,0.6675356030464172,-0.37295523285865784,0.25711557269096375,-0.5909247994422913,0.4621361792087555,-0.08633988350629807,0.019978148862719536,0,0.5560964941978455,-0.025048859417438507,0.7158079147338867,0.6365694999694824,-0.4016030728816986,0.30233538150787354,-0.5848824381828308,1
0.5550742745399475,-0.0032149506732821465,0.761787474155426,0.6644237637519836,-0.37613746523857117,0.2620368003845215,-0.5902528166770935,0.4621361792087555,-0.08633988350629807,0.019978148862719536,0,0.5562922358512878,-0.027409061789512634,0.7099006175994873,0.6334457993507385,-0.4044713079929352,0.30710455775260925,-0.5838116407394409,1
0.5562978982925415,-0.005801399238407612,0.756461501121521,0.6613078117370605,-0.37928691506385803,0.26694315671920776,-0.5895377397537231,0.4621361792087555,-0.08633988350629807,0.019978148862719536,0,0.5563728213310242,-0.029744820669293404,0.7039244771003723,0.6303146481513977,-0.40731385350227356,0.3118688762187958,-0.5826975703239441,1
0.5574003458023071,-0.008370466530323029,0.7510619759559631,0.6581870913505554,-0.38240450620651245,0.2718357443809509,-0.5887798070907593,0.4621361792087555,-0.08633988350629807,0.019978148862719536,0,0.5563381910324097,-0.032054170966148376,0.6978804469108582,0.6271765828132629,-0.41013064980506897,0.31662842631340027,-0.5815399885177612,1
0.5583823323249817,-0.010920687578618526,0.7455898523330688,0.6550617218017578,-0.3854909837245941,0.27671512961387634,-0.5879790782928467,0.4621361792087555,-0.08633988350629807,0.019978148862719536,0,0.5561878681182861,-0.03433544561266899,0.691770613193512,0.6240318417549133,-0.41292163729667664,0.3213823437690735,-0.5803388953208923,1
0.55924391746521,-0.013451565988361835,0.7400460839271545,0.6519315242767334,-0.38854649662971497,0.2815821170806885,-0.5871357321739197,0.4621361792087555,-0.08633988350629807,0.019978148862719536,0,0.5559216737747192,-0.036587510257959366,0.685596764087677,0.6208810806274414,-0.4156862199306488,0.3261304497718811,-0.5790945887565613,1
0.5599852204322815,-0.01596173085272312,0.7344321608543396,0.6487963795661926,-0.39157140254974365,0.28643733263015747,-0.5862496495246887,0.4621361792087555,-0.08633988350629807,0.019978148862719536,0,0.5555399656295776,-0.03880865126848221,0.6793596744537354,0.6177245378494263,-0.41842490434646606,0.33087313175201416,-0.5778061151504517,1
0.5606072545051575,-0.01845020055770874,0.7287482619285583,0.6456562280654907,-0.3945665657520294,0.2912810742855072,-0.5853208899497986,0.4621361792087555,-0.08633988350629807,0.019978148862719536,0,0.5550421476364136,-0.04099762439727783,0.6730616688728333,0.6145622730255127,-0.42113685607910156,0.3356093168258667,-0.5764747858047485,1
0.5611093640327454,-0.0209158044308424,0.722996175289154,0.6425110697746277,-0.3975318372249603,0.2961139678955078,-0.5843495726585388,0.4621361792087555,-0.08633988350629807,0.019978148862719536,0,0.5544280409812927,-0.04315279424190521,0.6667042970657349,0.6113948822021484,-0.42382222414016724,0.34033939242362976,-0.5751000046730042,1
0.5614925622940063,-0.02335742861032486,0.7171764969825745,0.6393608450889587,-0.4004679322242737,0.30093657970428467,-0.5833353996276855,0.4621361792087555,-0.08633988350629807,0.019978148862719536,0,0.5536976456642151,-0.04527243971824646,0.6602894067764282,0.6082227826118469,-0.42648106813430786,0.3450627326965332,-0.5736815929412842,1
0.561756432056427,-0.025773975998163223,0.7112905979156494,0.6362057328224182,-0.4033747911453247,0.30574899911880493,-0.5822786688804626,0.4621361792087555,-0.08633988350629807,0.019978148862719536,0,0.5527945756912231,-0.0474846214056015,0.653411865234375,0.6048474907875061,-0.4292761981487274,0.35007381439208984,-0.5721272826194763,1
0.561896026134491,-0.028173871338367462,0.7053132057189941,0.6330320239067078,-0.4062649607658386,0.31057047843933105,-0.5811755657196045,0.4621361792087555,-0.08633988350629807,0.019978148862719536,0,0.5517604947090149,-0.049653396010398865,0.6464730501174927,0.6014676690101624,-0.4320410490036011,0.3550769090652466,-0.5705238580703735,1
0.5619134306907654,-0.03055761195719242,0.699240505695343,0.6298367381095886,-0.4091408848762512,0.31540653109550476,-0.580024242401123,0.4621361792087555,-0.08633988350629807,0.019978148862719536,0,0.5505954623222351,-0.05177722126245499,0.639474630355835,0.59808349609375,-0.43477529287338257,0.36007198691368103,-0.5688714385032654,1
0.561808168888092,-0.03292369097471237,0.6930739879608154,0.6266204118728638,-0.4120015799999237,0.3202570080757141,-0.5788238048553467,0.4621361792087555,-0.08633988350629807,0.019978148862719536,0,0.5493000149726868,-0.053854286670684814,0.632418692111969,0.5946956872940063,-0.43747857213020325,0.36505845189094543,-0.5671699643135071,1
0.5615805387496948,-0.035269588232040405,0.6868152022361755,0.623384416103363,-0.4148459732532501,0.32512059807777405,-0.5775735378265381,0.4621361792087555,-0.08633988350629807,0.019978148862719536,0,0.5478739142417908,-0.05588291585445404,0.6253075003623962,0.5913044810295105,-0.44015076756477356,0.3700360953807831,-0.5654197931289673,1
0.5612293481826782,-0.0375923216342926,0.680466890335083,0.6201303005218506,-0.41767287254333496,0.3299958407878876,-0.5762728452682495,0.4621361792087555,-0.08633988350629807,0.019978148862719536,0,0.546317458152771,-0.05786130577325821,0.6181431412696838,0.5879101753234863,-0.44279175996780396,0.37500447034835815,-0.563620924949646,1
0.560753583908081,-0.039889246225357056,0.67403244972229,0.6168594360351562,-0.4204809367656708,0.3348805606365204,-0.5749218463897705,0.4621361792087555,-0.08633988350629807,0.019978148862719536,0,0.5446310043334961,-0.05978788062930107,0.6109277606010437,0.5845134854316711,-0.44540104269981384,0.3799634873867035,-0.5617736577987671,1
0.5601518154144287,-0.042157746851444244,0.6675150990486145,0.6135733127593994,-0.423268586397171,0.339773029088974,-0.5735204815864563,0.4621361792087555,-0.08633988350629807,0.019978148862719536,0,0.542815089225769,-0.061660587787628174,0.6036629676818848,0.581114649772644,-0.4479791224002838,0.38491252064704895,-0.5598774552345276,1
0.55942302942276,-0.04439525306224823,0.660918116569519,0.6102731823921204,-0.4260346293449402,0.344670832157135,-0.5720691680908203,0.4621361792087555,-0.08633988350629807,0.019978148862719536,0,0.5408700108528137,-0.06347796320915222,0.5963507890701294,0.577714204788208,-0.45052534341812134,0.38985180854797363,-0.557932436466217,1
0.5585665702819824,-0.04659876972436905,0.6542448401451111,0.6069602966308594,-0.4287779629230499,0.3495728671550751,-0.5705676078796387,0.4621361792087555,-0.08633988350629807,0.019978148862719536,0,0.5387963652610779,-0.06523832678794861,0.5889935493469238,0.5743123888969421,-0.45303991436958313,0.3947806656360626,-0.5559391379356384,1
0.5575813055038452,-0.04876618832349777,0.6474984884262085,0.6036359071731567,-0.43149739503860474,0.3544773459434509,-0.5690160989761353,0.4621361792087555,-0.08633988350629807,0.019978148862719536,0,0.5365944504737854,-0.06693997979164124,0.5815930366516113,0.5709096193313599,-0.455522358417511,0.39969930052757263,-0.5538972020149231,1
0.5564669370651245,-0.05089493840932846,0.6406822800636292,0.6003010869026184,-0.4341919720172882,0.35938262939453125,-0.567415177822113,0.4621361792087555,-0.08633988350629807,0.019978148862719536,0,0.5342650413513184,-0.06858130544424057,0.5741518139839172,0.5675064921379089,-0.45797252655029297,0.40460678935050964,-0.5518068075180054,1
0.5552231669425964,-0.05298261344432831,0.6337986588478088,0.5969571471214294,-0.4368610680103302,0.36428752541542053,-0.5657641887664795,0.4621361792087555,-0.08633988350629807,0.019978148862719536,0,0.5318083763122559,-0.07016084343194962,0.56667160987854,0.5641031861305237,-0.4603903293609619,0.40950319170951843,-0.5496683716773987,1
0.5538493990898132,-0.05502696707844734,0.6268512606620789,0.5936048626899719,-0.43950355052948,0.3691904842853546,-0.5640640258789062,0.4621361792087555,-0.08633988350629807,0.019978148862719536,0,0.52922523021698,-0.07167655229568481,0.5591551661491394,0.5607004761695862,-0.4627755582332611,0.4143877625465393,-0.5474818348884583,1
0.5523459315299988,-0.057025790214538574,0.6198421716690063,0.5902448296546936,-0.44211921095848083,0.37409111857414246,-0.5623143911361694,0.4621361792087555,-0.08633988350629807,0.019978148862719536,0,0.5265163779258728,-0.07312676310539246,0.5516035556793213,0.5572986602783203,-0.4651283323764801,0.4192609488964081,-0.5452466607093811,1
0.5507120490074158,-0.05897701159119606,0.6127749681472778,0.5868784785270691,-0.44470661878585815,0.37898755073547363,-0.5605157613754272,0.4621361792087555,-0.08633988350629807,0.019978148862719536,0,0.5236827731132507,-0.07451041787862778,0.5440194606781006,0.5538977384567261,-0.4674481749534607,0.42412206530570984,-0.5429638624191284,1
0.5489482283592224,-0.060878243297338486,0.6056523323059082,0.5835065841674805,-0.4472658634185791,0.38387903571128845,-0.5586680769920349,0.4621361792087555,-0.08633988350629807,0.019978148862719536,0,0.5207249522209167,-0.07582565397024155,0.5364047884941101,0.5504986643791199,-0.46973511576652527,0.4289708137512207,-0.5406330823898315,1
0.5470548272132874,-0.0627276822924614,0.5984765291213989,0.5801297426223755,-0.44979608058929443,0.3887645900249481,-0.5567718744277954,0.4621361792087555,-0.08633988350629807,0.019978148862719536,0,0.5176437497138977,-0.07707081735134125,0.5287618637084961,0.5471014380455017,-0.47198906540870667,0.4338068664073944,-0.5382543802261353,1
0.5450312495231628,-0.0645228922367096,0.5912507772445679,0.5767491459846497,-0.4522967040538788,0.39364326000213623,-0.5548270344734192,0.4621361792087555,-0.08633988350629807,0.019978148862719536,0,0.5144401788711548,-0.07824452221393585,0.521092414855957,0.5437067747116089,-0.4742097556591034,0.43862998485565186,-0.5358279347419739,1
0.5428791046142578,-0.0662626326084137,0.5839769244194031,0.5733647346496582,-0.4547676742076874,0.39851465821266174,-0.5528337359428406,0.4621361792087555,-0.08633988350629807,0.019978148862719536,0,0.5111148953437805,-0.07934532314538956,0.5133992433547974,0.5403149724006653,-0.47639697790145874,0.44343969225883484,-0.5333544015884399,1
0.5405979156494141,-0.06794452667236328,0.5766578912734985,0.569977879524231,-0.4572082459926605,0.4033781588077545,-0.5507920980453491,0.4621361792087555,-0.08633988350629807,0.019978148862719536,0,0.5076690912246704,-0.0803714469075203,0.505683958530426,0.5369264483451843,-0.4785505533218384,0.44823598861694336,-0.5308329463005066,1
0.5381888747215271,-0.06956694275140762,0.56929612159729,0.566588819026947,-0.45961782336235046,0.40823283791542053,-0.5487024784088135,0.4621361792087555,-0.08633988350629807,0.019978148862719536,0,0.5041038990020752,-0.08132165670394897,0.49794864654541016,0.5335414409637451,-0.4806708097457886,0.4530184268951416,-0.5282643437385559,1
0.5356519222259521,-0.0711277648806572,0.5618939399719238,0.5631983876228333,-0.4619967043399811,0.41307783126831055,-0.5465648770332336,0.4621361792087555,-0.08633988350629807,0.019978148862719536,0,0.500420093536377,-0.08219444751739502,0.4901953935623169,0.5301606059074402,-0.4827571511268616,0.4577867388725281,-0.5256485342979431,1
0.5329880118370056,-0.07262547314167023,0.5544542670249939,0.559807300567627,-0.4643440842628479,0.4179128110408783,-0.5443795323371887,0.4621361792087555,-0.08633988350629807,0.019978148862719536,0,0.4966190457344055,-0.0829884335398674,0.4824266731739044,0.5267842411994934,-0.4848094582557678,0.4625406563282013,-0.5229858756065369,1
0.5301977396011353,-0.07405818998813629,0.5469790101051331,0.5564161539077759,-0.46665966510772705,0.4227372407913208,-0.5421466827392578,0.4621361792087555,-0.08633988350629807,0.019978148862719536,0,0.4927016496658325,-0.08370237052440643,0.47464418411254883,0.5234126448631287,-0.4868277311325073,0.4672800302505493,-0.5202760696411133,1
0.5272821187973022,-0.07542410492897034,0.5394711494445801,0.5530255436897278,-0.4689432680606842,0.4275500774383545,-0.5398665070533752,0.4621361792087555,-0.08633988350629807,0.019978148862719536,0,0.4886693060398102,-0.0843343436717987,0.46685051918029785,0.520046591758728,-0.48881199955940247,0.4720039665699005,-0.5175195932388306,1
0.5242420434951782,-0.07672196626663208,0.5319317579269409,0.5496355891227722,-0.4711947739124298,0.43235206604003906,-0.5375385880470276,0.4621361792087555,-0.08633988350629807,0.019978148862719536,0,0.4845231771469116,-0.08488361537456512,0.45904701948165894,0.516685962677002,-0.49076205492019653,0.4767128825187683,-0.5147164463996887,1
0.5210782289505005,-0.07794985175132751,0.5243642926216125,0.5462473034858704,-0.4734136462211609,0.4371415674686432,-0.5351641178131104,0.4621361792087555,-0.08633988350629807,0.019978148862719536,0,0.48026448488235474,-0.08534849435091019,0.451236754655838,0.5133315920829773,-0.49267756938934326,0.48140600323677063,-0.5118668079376221,1
0.5177916288375854,-0.07910583168268204,0.5167707800865173,0.5428611040115356,-0.475600004196167,0.441918283700943,-0.5327425003051758,0.4621361792087555,-0.08633988350629807,0.019978148862719536,0,0.4758947789669037,-0.08572786301374435,0.44342076778411865,0.509983479976654,-0.49455875158309937,0.486083447933197,-0.5089707970619202,1
0.5143831372261047,-0.08018890023231506,0.5091536641120911,0.5394775867462158,-0.4777531325817108,0.446681946516037,-0.530274510383606,0.4621361792087555,-0.08633988350629807,0.019978148862719536,0,0.47141531109809875,-0.08602035045623779,0.43560218811035156,0.5066425204277039,-0.4964052140712738,0.49074414372444153,-0.5060290694236755,1
0.5108544230461121,-0.08119714260101318,0.501514196395874,0.5360971093177795,-0.47987350821495056,0.4514324367046356,-0.527759313583374,0.4621361792087555,-0.08633988350629807,0.019978148862719536,0,0.4668273627758026,-0.08622468262910843,0.42778196930885315,0.5033086538314819,-0.4982171058654785,0.49538880586624146,-0.5030406713485718,1
0.5072057247161865,-0.08212920278310776,0.493856281042099,0.5327202677726746,-0.4819604456424713,0.4561685621738434,-0.5251984596252441,0.4621361792087555,-0.08633988350629807,0.019978148862719536,0,0.46213239431381226,-0.0863400548696518,0.41996389627456665,0.49998268485069275,-0.49999377131462097,0.5000162720680237,-0.5000072717666626,1
0.5034387707710266,-0.08298379927873611,0.48618069291114807,0.5293474197387695,-0.4840139150619507,0.4608907401561737,-0.5225911140441895,0.4621361792087555,-0.08633988350629807,0.019978148862719536,0,0.5034387707710266,-0.08298379927873611,0.48618069291114807,0.5293474197387695,-0.4840139150619507,0.4608907401561737,-0.5225911140441895,1
0.5007127523422241,-0.08310885727405548,0.47860291600227356,0.526723325252533,-0.48578405380249023,0.46652108430862427,-0.5185887813568115,0.4621361792087555,-0.08633988350629807,0.019978148862719536,0,0.5036953687667847,-0.08330334722995758,0.48360225558280945,0.5290489792823792,-0.48418694734573364,0.4612908661365509,-0.5223799347877502,1
0.49927201867103577,-0.08255493640899658,0.4711535573005676,0.5247554779052734,-0.4879501461982727,0.47169262170791626,-0.5138504505157471,0.4621361792087555,-0.08633988350629807,0.019978148862719536,0,0.5039373636245728,-0.08361706882715225,0.48102474212646484,0.528750479221344,-0.4843602180480957,0.4616908133029938,-0.5221681594848633,1
0.49883154034614563,-0.08219511806964874,0.46398231387138367,0.5230100154876709,-0.49003222584724426,0.47641536593437195,-0.5092713832855225,0.4621361792087555,-0.08633988350629807,0.019978148862719536,0,0.5041646957397461,-0.083925262093544,0.47844794392585754,0.5284520983695984,-0.4845331013202667,0.46209076046943665,-0.5219559073448181,1
0.49882185459136963,-0.0820808857679367,0.45757028460502625,0.5214495062828064,-0.49180546402931213,0.4805139899253845,-0.505295991897583,0.4621361792087555,-0.08633988350629807,0.019978148862719536,0,0.5043774247169495,-0.08422790467739105,0.47587230801582336,0.5281538367271423,-0.4847056269645691,0.4624907076358795,-0.5217434763908386,1
0.4989551305770874,-0.08209419250488281,0.4522058665752411,0.5201570987701416,-0.4932023584842682,0.4837975800037384,-0.502123236656189,0.4621361792087555,-0.08633988350629807,0.019978148862719536,0,0.5045755505561829,-0.08452491462230682,0.4732976257801056,0.5278555154800415,-0.48487818241119385,0.4628905653953552,-0.5215303897857666,1
0.4991764426231384,-0.08218313753604889,0.44797173142433167,0.5191792249679565,-0.49422261118888855,0.4862067997455597,-0.4997997283935547,0.4621361792087555,-0.08633988350629807,0.019978148862719536,0,0.504758894443512,-0.08481641113758087,0.47072461247444153,0.5275572538375854,-0.4850502014160156,0.46329009532928467,-0.5213174223899841,1
0.4994901418685913,-0.08233500272035599,0.44488832354545593,0.5185346007347107,-0.4948750436306,0.48773372173309326,-0.49833348393440247,0.4621361792087555,-0.08633988350629807,0.019978148862719536,0,0.5049276947975159,-0.08510217070579529,0.4681525230407715,0.5272591710090637,-0.4852220118045807,0.46368980407714844,-0.5211036205291748,1
0.4999122619628906,-0.0825500637292862,0.44295644760131836,0.5182289481163025,-0.4951687157154083,0.4883863925933838,-0.49772021174430847,0.4621361792087555,-0.08633988350629807,0.019978148862719536,0,0.5050818920135498,-0.08538220822811127,0.46558231115341187,0.5269609093666077,-0.4853936731815338,0.4640892446041107,-0.5208898186683655,1
0.5004572868347168,-0.0828307643532753,0.44217246770858765,0.5182628631591797,-0.4951096177101135,0.4881739914417267,-0.49795204401016235,0.4621361792087555,-0.08633988350629807,0.019978148862719536,0,0.5052215456962585,-0.08565661311149597,0.463013231754303,0.5266628861427307,-0.4855651259422302,0.4644886553287506,-0.5206753611564636,1
0.5011328458786011,-0.08317902684211731,0.4425318241119385,0.5186325907707214,-0.4947010576725006,0.4871053695678711,-0.4990183413028717,0.4621361792087555,-0.08633988350629807,0.019978148862719536,0,0.5053465962409973,-0.08592553436756134,0.4604463577270508,0.5263649821281433,-0.48573610186576843,0.46488773822784424,-0.5204610824584961,1
0.5017763376235962,-0.08354401588439941,0.4434990882873535,0.5191896557807922,-0.49407467246055603,0.4855293333530426,-0.5005930066108704,0.4621361792087555,-0.08633988350629807,0.019978148862719536,0,0.5054570436477661,-0.08618853241205215,0.4578808844089508,0.5260668396949768,-0.4859069585800171,0.46528691053390503,-0.5202462673187256,1
0.5022950768470764,-0.08387498557567596,0.4444172978401184,0.5197473764419556,-0.49342864751815796,0.4839155375957489,-0.5022115707397461,0.4621361792087555,-0.08633988350629807,0.019978148862719536,0,0.505553126335144,-0.08644580841064453,0.45531755685806274,0.525769054889679,-0.48607751727104187,0.46568581461906433,-0.5200309157371521,1
0.5027343034744263,-0.08417832851409912,0.4450932443141937,0.5202487707138062,-0.4928320348262787,0.4824191927909851,-0.5037156939506531,0.4621361792087555,-0.08633988350629807,0.019978148862719536,0,0.5056344270706177,-0.0866975337266922,0.4527561068534851,0.5254712104797363,-0.48624780774116516,0.466084748506546,-0.5198153257369995,1
0.5031232833862305,-0.08446665108203888,0.4454796314239502,0.520678699016571,-0.4923015832901001,0.4810838997364044,-0.5050655007362366,0.4621361792087555,-0.08633988350629807,0.019978148862719536,0,0.5057015419006348,-0.08694341778755188,0.4501965343952179,0.5251732468605042,-0.4864179193973541,0.46648380160331726,-0.5195993185043335,1
0.5034761428833008,-0.08474722504615784,0.44557833671569824,0.5210354924201965,-0.4918383061885834,0.479915589094162,-0.5062587857246399,0.4621361792087555,-0.08633988350629807,0.019978148862719536,0,0.5057542324066162,-0.08718356490135193,0.4476388990879059,0.5248755812644958,-0.48658785223960876,0.4668826460838318,-0.5193827748298645,1
0.5037999749183655,-0.08502329140901566,0.4454079568386078,0.5213239789009094,-0.49143853783607483,0.4789055287837982,-0.5073055624961853,0.4621361792087555,-0.08633988350629807,0.019978148862719536,0,0.5057924389839172,-0.08741795271635056,0.4450837969779968,0.5245777368545532,-0.4867575764656067,0.46728116273880005,-0.5191660523414612,1
0.5040982961654663,-0.08529633283615112,0.4449912905693054,0.5215495228767395,-0.491097092628479,0.47804200649261475,-0.508217990398407,0.4621361792087555,-0.08633988350629807,0.019978148862719536,0,0.5058162212371826,-0.08764658123254776,0.4425308406352997,0.5242800712585449,-0.48692694306373596,0.4676800072193146,-0.5189489126205444,1
0.5043731331825256,-0.08556663990020752,0.4443527162075043,0.5217188596725464,-0.49080848693847656,0.477310448884964,-0.509009838104248,0.4621361792087555,-0.08633988350629807,0.019978148862719536,0,0.5058255791664124,-0.08786960691213608,0.4399804472923279,0.5239824056625366,-0.4870958924293518,0.4680785834789276,-0.518731415271759,1
0.5046257972717285,-0.08583401143550873,0.4435144364833832,0.5218377113342285,-0.4905678629875183,0.47669824957847595,-0.5096932649612427,0.4621361792087555,-0.08633988350629807,0.019978148862719536,0,0.505820631980896,-0.08808673918247223,0.43743231892585754,0.5236848592758179,-0.4872649312019348,0.46847695112228394,-0.5185136198997498,1
0.5048569440841675,-0.08609820902347565,0.442497193813324,0.5219118595123291,-0.490369975566864,0.476192831993103,-0.5102798938751221,0.4621361792087555,-0.08633988350629807,0.019978148862719536,0,0.5058014392852783,-0.08829799294471741,0.43488720059394836,0.5233873724937439,-0.48743337392807007,0.4688751995563507,-0.5182955265045166,1
0.5050674080848694,-0.08635930716991425,0.44131940603256226,0.5219454169273376,-0.4902105927467346,0.4757837653160095,-0.5107799768447876,0.4621361792087555,-0.08633988350629807,0.019978148862719536,0,0.505767822265625,-0.08850346505641937,0.4323447644710541,0.5230900049209595,-0.48760172724723816,0.46927326917648315,-0.5180770754814148,1
0.5052575469017029,-0.0866163820028305,0.43999823927879333,0.5219435691833496,-0.49008601903915405,0.47546032071113586,-0.5112025737762451,0.4621361792087555,-0.08633988350629807,0.019978148862719536,0,0.5057199597358704,-0.08870329707860947,0.4298051595687866,0.5227925181388855,-0.4877699017524719,0.469671368598938,-0.5178583264350891,1
0.505427360534668,-0.0868694931268692,0.4385491609573364,0.521909773349762,-0.48999205231666565,0.4752136766910553,-0.5115562081336975,0.4621361792087555,-0.08633988350629807,0.019978148862719536,0,0.5056577324867249,-0.08889713883399963,0.427268385887146,0.5224952101707458,-0.48793768882751465,0.4700692892074585,-0.5176391005516052,1
0.5055773854255676,-0.08711818605661392,0.4369853138923645,0.5218474864959717,-0.4899260401725769,0.475035697221756,-0.5118482708930969,0.4621361792087555,-0.08633988350629807,0.019978148862719536,0,0.5055814981460571,-0.08908513188362122,0.4247347116470337,0.5221980214118958,-0.48810526728630066,0.4704672396183014,-0.5174195766448975,1
0.5057075619697571,-0.08736227452754974,0.4353196322917938,0.5217599868774414,-0.4898844361305237,0.47491922974586487,-0.5120853781700134,0.4621361792087555,-0.08633988350629807,0.019978148862719536,0,0.5054910182952881,-0.08926737308502197,0.4222038984298706,0.5219006538391113,-0.4882727265357971,0.4708651006221771,-0.5171995759010315,1
0.5058183073997498,-0.0876014232635498,0.43356242775917053,0.5216500759124756,-0.48986512422561646,0.4748574495315552,-0.5122731328010559,0.4621361792087555,-0.08633988350629807,0.019978148862719536,0,0.5053862929344177,-0.08944389969110489,0.41967660188674927,0.521603524684906,-0.4884397089481354,0.47126278281211853,-0.5169793963432312,1
0.5059095621109009,-0.08783522248268127,0.4317246079444885,0.5215200185775757,-0.48986533284187317,0.4748442769050598,-0.5124174952507019,0.4621361792087555,-0.08633988350629807,0.019978148862719536,0,0.5052675008773804,-0.08961433172225952,0.4171523153781891,0.5213063955307007,-0.4886065423488617,0.47166040539741516,-0.5167587399482727,1
0.5059819221496582,-0.08806365728378296,0.42981404066085815,0.5213720798492432,-0.4898833930492401,0.4748750627040863,-0.5125221610069275,0.4621361792087555,-0.08633988350629807,0.019978148862719536,0,0.505134642124176,-0.08977898955345154,0.4146316647529602,0.5210092663764954,-0.4887731969356537,0.4720577895641327,-0.5165378451347351,1
0.5060350894927979,-0.08828665316104889,0.4278393089771271,0.5212081074714661,-0.4899168610572815,0.47494497895240784,-0.5125921964645386,0.4621361792087555,-0.08633988350629807,0.019978148862719536,0,0.5049875378608704,-0.08993768692016602,0.41211432218551636,0.5207124352455139,-0.4889396131038666,0.47245514392852783,-0.5163165330886841,1
0.5060693621635437,-0.08850367367267609,0.42580705881118774,0.5210298895835876,-0.4899645447731018,0.4750497341156006,-0.5126306414604187,0.4621361792087555,-0.08633988350629807,0.019978148862719536,0,0.504826545715332,-0.0900907889008522,0.40960079431533813,0.5204153656959534,-0.4891054034233093,0.4728524088859558,-0.5160951614379883,1
0.5060850381851196,-0.08871494233608246,0.42372387647628784,0.5208387970924377,-0.49002498388290405,0.4751858413219452,-0.5126409530639648,0.4621361792087555,-0.08633988350629807,0.019978148862719536,0,0.5046514868736267,-0.09023776650428772,0.4070907533168793,0.5201184153556824,-0.4892714321613312,0.4732496738433838,-0.5158730149269104,1
0.50608229637146,-0.08892000466585159,0.42159581184387207,0.5206367373466492,-0.4900963008403778,0.47534939646720886,-0.5126264095306396,0.4621361792087555,-0.08633988350629807,0.019978148862719536,0,0.504462480545044,-0.09037891775369644,0.4045846462249756,0.5198217630386353,-0.4894370138645172,0.4736466109752655,-0.515650749206543,1
0.5060611367225647,-0.08911918848752975,0.4194278419017792,0.5204242467880249,-0.4901774525642395,0.4755381643772125,-0.5125895142555237,0.4621361792087555,-0.08633988350629807,0.019978148862719536,0,0.5042595267295837,-0.09051412343978882,0.4020821750164032,0.5195249319076538,-0.48960229754447937,0.4740437865257263,-0.5154278874397278,1
0.506022036075592,-0.0893120989203453,0.41722404956817627,0.5202028751373291,-0.49026763439178467,0.47574901580810547,-0.5125324130058289,0.4621361792087555,-0.08633988350629807,0.019978148862719536,0,0.5040426254272461,-0.09064339101314545,0.3995838761329651,0.5192282199859619,-0.48976749181747437,0.4744405150413513,-0.5152048468589783,1
0.505964994430542,-0.0894986167550087,0.4149895906448364,0.5199734568595886,-0.49036553502082825,0.4759792983531952,-0.5124576091766357,0.4621361792087555,-0.08633988350629807,0.019978148862719536,0,0.5038120150566101,-0.09076682478189468,0.39708927273750305,0.5189315676689148,-0.4899323582649231,0.4748373031616211,-0.5149813294410706,1
0.5058903098106384,-0.08967898786067963,0.4127274453639984,0.5197369456291199,-0.4904705584049225,0.47622743248939514,-0.5123666524887085,0.4621361792087555,-0.08633988350629807,0.019978148862719536,0,0.5035674571990967,-0.09088432043790817,0.3945990204811096,0.518635094165802,-0.49009695649147034,0.47523388266563416,-0.5147575736045837,1
0.5057980418205261,-0.08985309302806854,0.41044142842292786,0.519493818283081,-0.4905816316604614,0.4764910936355591,-0.5122616291046143,0.4621361792087555,-0.08633988350629807,0.019978148862719536,0,0.5033089518547058,-0.09099584817886353,0.39211297035217285,0.5183384418487549,-0.4902613162994385,0.4756305515766144,-0.5145334005355835,1
0.5056886076927185,-0.09002071619033813,0.40813446044921875,0.5192452669143677,-0.490697979927063,0.47676870226860046,-0.5121439099311829,0.4621361792087555,-0.08633988350629807,0.019978148862719536,0,0.5030367374420166,-0.09110167622566223,0.389631450176239,0.5180419087409973,-0.4904252290725708,0.47602686285972595,-0.5143091678619385,1
0.5055621862411499,-0.0901821181178093,0.40580883622169495,0.5189914703369141,-0.49081942439079285,0.47705885767936707,-0.5120145082473755,0.4621361792087555,-0.08633988350629807,0.019978148862719536,0,0.5027507543563843,-0.09120136499404907,0.3871542811393738,0.5177456140518188,-0.49058911204338074,0.4764232039451599,-0.5140842199325562,1
0.5054190754890442,-0.09033691883087158,0.4034673571586609,0.5187332630157471,-0.49094533920288086,0.4773600697517395,-0.5118746757507324,0.4621361792087555,-0.08633988350629807,0.019978148862719536,0,0.5024511814117432,-0.09129515290260315,0.3846815228462219,0.517449140548706,-0.4907526969909668,0.4768194854259491,-0.5138591527938843,1
0.505259096622467,-0.09048553556203842,0.40111222863197327,0.5184709429740906,-0.491074800491333,0.47767117619514465,-0.5117262005805969,0.4621361792087555,-0.08633988350629807,0.019978148862719536,0,0.5021378993988037,-0.09138302505016327,0.38221338391304016,0.5171529054641724,-0.49091607332229614,0.47721564769744873,-0.5136334896087646,1
0.5050827860832214,-0.09062753617763519,0.39874503016471863,0.5182052254676819,-0.49120786786079407,0.47799110412597656,-0.5115687847137451,0.4621361792087555,-0.08633988350629807,0.019978148862719536,0,0.5018109679222107,-0.09146513044834137,0.37975025177001953,0.5168566703796387,-0.49107906222343445,0.4776117205619812,-0.513407826423645,1
0.5048900842666626,-0.0907633900642395,0.39636802673339844,0.5179360508918762,-0.4913436770439148,0.4783188998699188,-0.5114046335220337,0.4621361792087555,-0.08633988350629807,0.019978148862719536,0,0.5014705061912537,-0.09154114872217178,0.37729138135910034,0.5165603756904602,-0.49124181270599365,0.4780079126358032,-0.5131815671920776,1
0.5046813488006592,-0.0908927395939827,0.3939824104309082,0.5176641941070557,-0.4914821982383728,0.4786536991596222,-0.5112333297729492,0.4621361792087555,-0.08633988350629807,0.019978148862719536,0,0.5011165738105774,-0.09161119163036346,0.374837726354599,0.5162642598152161,-0.4914044737815857,0.4784035384654999,-0.5129550099372864,1
0.5044568181037903,-0.0910155326128006,0.391589879989624,0.5173898339271545,-0.4916232228279114,0.47899457812309265,-0.5110563039779663,0.4621361792087555,-0.08633988350629807,0.019978148862719536,0,0.5007489919662476,-0.09167525172233582,0.3723888099193573,0.5159682631492615,-0.4915667772293091,0.47879934310913086,-0.5127279162406921,1
0.5042164325714111,-0.0911320298910141,0.38919150829315186,0.5171133279800415,-0.49176615476608276,0.47934097051620483,-0.5108737945556641,0.4621361792087555,-0.08633988350629807,0.019978148862719536,0,0.5003678202629089,-0.09173353016376495,0.36994534730911255,0.5156722068786621,-0.4917285442352295,0.4791949689388275,-0.5125009417533875,1
0.5039604902267456,-0.09124227613210678,0.38678890466690063,0.5168346762657166,-0.49191081523895264,0.47969236969947815,-0.5106866955757141,0.4621361792087555,-0.08633988350629807,0.019978148862719536,0,0.4999734163284302,-0.091785728931427,0.367506742477417,0.5153762102127075,-0.4918905794620514,0.479590505361557,-0.512273371219635,1
0.5036892890930176,-0.09134645760059357,0.3843822181224823,0.5165541768074036,-0.49205681681632996,0.4800482392311096,-0.5104953050613403,0.4621361792087555,-0.08633988350629807,0.019978148862719536,0,0.49956560134887695,-0.09183192998170853,0.3650735020637512,0.5150803923606873,-0.4920520782470703,0.4799858629703522,-0.5120452642440796,1
0.5034027695655823,-0.0914439707994461,0.3819734752178192,0.5162721276283264,-0.492204487323761,0.4804077744483948,-0.5103000998497009,0.4621361792087555,-0.08633988350629807,0.019978148862719536,0,0.4991443157196045,-0.0918722152709961,0.3626454472541809,0.5147843956947327,-0.4922133982181549,0.48038145899772644,-0.5118167996406555,1
0.5031010508537292,-0.09153538942337036,0.3795631527900696,0.5159889459609985,-0.49235302209854126,0.4807705283164978,-0.5101013779640198,0.4621361792087555,-0.08633988350629807,0.019978148862719536,0,0.4987098276615143,-0.09190669655799866,0.36022308468818665,0.5144886374473572,-0.4923745095729828,0.4807766377925873,-0.5115882754325867,1
0.5027846097946167,-0.09162044525146484,0.37715163826942444,0.515704333782196,-0.49250292778015137,0.48113638162612915,-0.5098996162414551,0.4621361792087555,-0.08633988350629807,0.019978148862719536,0,0.49826207756996155,-0.09193499386310577,0.35780593752861023,0.5141929984092712,-0.492535263299942,0.48117175698280334,-0.5113590955734253,1
0.5024533271789551,-0.09169942140579224,0.3747398555278778,0.515418529510498,-0.4926535189151764,0.4815051555633545,-0.5096949338912964,0.4621361792087555,-0.08633988350629807,0.019978148862719536,0,0.49780112504959106,-0.09195737540721893,0.35539475083351135,0.5138973593711853,-0.49269577860832214,0.48156681656837463,-0.5111297965049744,1
0.5021072030067444,-0.09177194535732269,0.3723287284374237,0.515131950378418,-0.4928048253059387,0.4818761944770813,-0.5094877481460571,0.4621361792087555,-0.08633988350629807,0.019978148862719536,0,0.49732691049575806,-0.09197375178337097,0.3529890477657318,0.5136018395423889,-0.49285614490509033,0.4819616675376892,-0.51090008020401,1
0.501746654510498,-0.09183835238218307,0.36991843581199646,0.5148445963859558,-0.49295681715011597,0.4822491407394409,-0.5092782974243164,0.4621361792087555,-0.08633988350629807,0.019978148862719536,0,0.49683964252471924,-0.09198443591594696,0.3505892753601074,0.5133062601089478,-0.4930160939693451,0.482356458902359,-0.5106701254844666,1
0.5013716816902161,-0.09189844131469727,0.36750948429107666,0.5145561099052429,-0.49310943484306335,0.4826243221759796,-0.5090665817260742,0.4621361792087555,-0.08633988350629807,0.019978148862719536,0,0.4963391423225403,-0.09198883175849915,0.348195344209671,0.5130109786987305,-0.49317580461502075,0.48275086283683777,-0.5104398727416992,1
0.5009823441505432,-0.0919523760676384,0.3651033341884613,0.5142675042152405,-0.49326229095458984,0.4830005168914795,-0.5088533759117126,0.4621361792087555,-0.08633988350629807,0.019978148862719536,0,0.49582570791244507,-0.09198738634586334,0.3458075225353241,0.5127154588699341,-0.49333539605140686,0.48314565420150757,-0.5102090835571289,1
0.5005788803100586,-0.09200023114681244,0.36269906163215637,0.5139778852462769,-0.4934154748916626,0.48337849974632263,-0.508638322353363,0.4621361792087555,-0.08633988350629807,0.019978148862719536,0,0.49529922008514404,-0.09197989106178284,0.3434254229068756,0.5124202370643616,-0.4934946894645691,0.4835400879383087,-0.5099778175354004,1
0.5001612305641174,-0.09204187989234924,0.3602977395057678,0.5136879086494446,-0.49356910586357117,0.483757883310318,-0.5084215402603149,0.4621361792087555,-0.08633988350629807,0.019978148862719536,0,0.49475976824760437,-0.0919666737318039,0.34104976058006287,0.5121248960494995,-0.49365368485450745,0.4839344918727875,-0.5097464323043823,1
0.4997296929359436,-0.09207727015018463,0.3578997254371643,0.5133976340293884,-0.4937228858470917,0.48413798213005066,-0.5082035064697266,0.4621361792087555,-0.08633988350629807,0.019978148862719536,0,0.49420738220214844,-0.09194726496934891,0.33868005871772766,0.5118295550346375,-0.4938124716281891,0.48432883620262146,-0.5095146894454956,1
0.49928420782089233,-0.09210661053657532,0.3555052876472473,0.5131067633628845,-0.49387699365615845,0.48451921343803406,-0.5079842805862427,0.4621361792087555,-0.08633988350629807,0.019978148862719536,0,0.4936422109603882,-0.09192195534706116,0.33631664514541626,0.5115343928337097,-0.493971049785614,0.48472315073013306,-0.5092822909355164,1
0.4988250136375427,-0.09212981164455414,0.353115051984787,0.5128157734870911,-0.49403104186058044,0.48490116000175476,-0.5077638626098633,0.4621361792087555,-0.08633988350629807,0.019978148862719536,0,0.49306419491767883,-0.09189066290855408,0.33396008610725403,0.5112395286560059,-0.4941292703151703,0.4851170480251312,-0.5090498924255371,1
0.4983520805835724,-0.09214688837528229,0.3507285714149475,0.512524425983429,-0.494185209274292,0.48528409004211426,-0.5075421333312988,0.4621361792087555,-0.08633988350629807,0.019978148862719536,0,0.49247339367866516,-0.09185350686311722,0.3316095471382141,0.5109443068504333,-0.49428731203079224,0.48551124334335327,-0.5088170170783997,1
0.49786558747291565,-0.09215793013572693,0.34834685921669006,0.5122327208518982,-0.49433937668800354,0.48566725850105286,-0.5073198080062866,0.4621361792087555,-0.08633988350629807,0.019978148862719536,0,0.4918699264526367,-0.09181036055088043,0.3292660713195801,0.5106494426727295,-0.49444499611854553,0.4859049618244171,-0.5085839033126831,1
0.4973655939102173,-0.09216290712356567,0.3459697365760803,0.5119409561157227,-0.4944935441017151,0.486051082611084,-0.507096529006958,0.4621361792087555,-0.08633988350629807,0.019978148862719536,0,0.4912536144256592,-0.09176112711429596,0.32692912220954895,0.5103545188903809,-0.4946025609970093,0.48629850149154663,-0.5083504319190979,1
0.49685201048851013,-0.09216169267892838,0.3435975909233093,0.5116490721702576,-0.4946478307247162,0.4864352345466614,-0.5068721771240234,0.4621361792087555,-0.08633988350629807,0.019978148862719536,0,0.49062490463256836,-0.09170602262020111,0.32459893822669983,0.5100597739219666,-0.494759738445282,0.4866921901702881,-0.508116602897644,1
0.49632522463798523,-0.09215458482503891,0.34123051166534424,0.5113568902015686,-0.4948018193244934,0.4868200719356537,-0.5066471695899963,0.4621361792087555,-0.08633988350629807,0.019978148862719536,0,0.48998337984085083,-0.09164507687091827,0.3222755491733551,0.509765088558197,-0.4949166178703308,0.48708561062812805,-0.5078824758529663,1
0.4957851469516754,-0.09214123338460922,0.3388688564300537,0.5110647082328796,-0.4949559271335602,0.4872049391269684,-0.5064215660095215,0.4621361792087555,-0.08633988350629807,0.019978148862719536,0,0.48932957649230957,-0.09157808125019073,0.3199588656425476,0.5094703435897827,-0.495073527097702,0.487479031085968,-0.5076478123664856,1
0.4952319860458374,-0.09212201088666916,0.33651262521743774,0.5107723474502563,-0.49510982632637024,0.48759016394615173,-0.5061951279640198,0.4621361792087555,-0.08633988350629807,0.019978148862719536,0,0.48866307735443115,-0.09150510281324387,0.31764939427375793,0.5091758370399475,-0.4952300190925598,0.4878724217414856,-0.5074126720428467,1
0.49466556310653687,-0.0920967310667038,0.3341626524925232,0.5104801058769226,-0.49526336789131165,0.4879753589630127,-0.505968451499939,0.4621361792087555,-0.08633988350629807,0.019978148862719536,0,0.4879843592643738,-0.09142625331878662,0.31534716486930847,0.5088812708854675,-0.49538618326187134,0.4882655739784241,-0.507177472114563,1
0.4940860867500305,-0.09206537902355194,0.3318180441856384,0.510187566280365,-0.4954170882701874,0.48836106061935425,-0.5057410597801208,0.4621361792087555,-0.08633988350629807,0.019978148862719536,0,0.4872931241989136,-0.09134156256914139,0.31305190920829773,0.5085866451263428,-0.49554213881492615,0.4886585474014282,-0.5069420337677002,1
0.49349379539489746,-0.09202800691127777,0.3294796943664551,0.5098952651023865,-0.4955705404281616,0.48874667286872864,-0.5055127739906311,0.4621361792087555,-0.08633988350629807,0.019978148862719536,0,0.48658955097198486,-0.09125079214572906,0.3107641935348511,0.5082923173904419,-0.4956979751586914,0.48905161023139954,-0.5067058801651001,1
0.4928886294364929,-0.09198464453220367,0.32714760303497314,0.5096027255058289,-0.4957239329814911,0.48913243412971497,-0.5052843689918518,0.4621361792087555,-0.08633988350629807,0.019978148862719536,0,0.48587384819984436,-0.09115412086248398,0.3084836006164551,0.507997989654541,-0.49585339426994324,0.4894446134567261,-0.5064694881439209,1
0.4922705888748169,-0.09193526208400726,0.3248217701911926,0.509310245513916,-0.4958771765232086,0.48951807618141174,-0.5050553679466248,0.4621361792087555,-0.08633988350629807,0.019978148862719536,0,0.4851459264755249,-0.09105154126882553,0.30621057748794556,0.5077036619186401,-0.49600863456726074,0.48983731865882874,-0.5062329173088074,1
0.49163973331451416,-0.09188003838062286,0.3225024342536926,0.5090177655220032,-0.496029794216156,0.4899037778377533,-0.5048261284828186,0.4621361792087555,-0.08633988350629807,0.019978148862719536,0,0.48440563678741455,-0.09094316512346268,0.3039451837539673,0.5074095129966736,-0.49616342782974243,0.4902297556400299,-0.5059961080551147,1
0.4909963011741638,-0.0918186828494072,0.3201899230480194,0.5087255239486694,-0.4961825907230377,0.49028924107551575,-0.5045964121818542,0.4621361792087555,-0.08633988350629807,0.019978148862719536,0,0.4836534261703491,-0.09082872420549393,0.30168724060058594,0.5071154236793518,-0.49631810188293457,0.4906223714351654,-0.5057587623596191,1
0.4903402328491211,-0.09175153076648712,0.31788361072540283,0.5084331631660461,-0.4963349997997284,0.4906752407550812,-0.5043659210205078,0.4621361792087555,-0.08633988350629807,0.019978148862719536,0,0.48288917541503906,-0.09070844203233719,0.299437016248703,0.5068212747573853,-0.49647268652915955,0.49101462960243225,-0.5055211186408997,1
0.4896714985370636,-0.09167838096618652,0.315584659576416,0.5081406831741333,-0.4964871108531952,0.4910608232021332,-0.5041356086730957,0.4621361792087555,-0.08633988350629807,0.019978148862719536,0,0.4821128249168396,-0.09058214724063873,0.2971944808959961,0.5065274238586426,-0.4966268837451935,0.49140694737434387,-0.505282998085022,1
0.4889904856681824,-0.09159910678863525,0.31329262256622314,0.5078485608100891,-0.4966392517089844,0.4914461076259613,-0.5039046406745911,0.4621361792087555,-0.08633988350629807,0.019978148862719536,0,0.48132452368736267,-0.0904502272605896,0.29495975375175476,0.5062333345413208,-0.4967805743217468,0.49179935455322266,-0.50504469871521,1
0.48829689621925354,-0.09151411056518555,0.3110077381134033,0.5075563788414001,-0.49679073691368103,0.49183186888694763,-0.5036734342575073,0.4621361792087555,-0.08633988350629807,0.019978148862719536,0,0.480524480342865,-0.09031225740909576,0.2927331328392029,0.5059394240379333,-0.4969344735145569,0.4921914339065552,-0.5048058032989502,1
0.4875911474227905,-0.09142317622900009,0.30872979760169983,0.507264256477356,-0.4969421923160553,0.4922170341014862,-0.5034418106079102,0.4621361792087555,-0.08633988350629807,0.019978148862719536,0,0.4797125458717346,-0.09016835689544678,0.29051440954208374,0.5056456923484802,-0.4970879554748535,0.4925835132598877,-0.5045664310455322,1
0.48687294125556946,-0.09132624417543411,0.3064594566822052,0.5069720149040222,-0.4970934987068176,0.49260246753692627,-0.5032099485397339,0.4621361792087555,-0.08633988350629807,0.019978148862719536,0,0.4788888692855835,-0.09001866728067398,0.288303941488266,0.5053521990776062,-0.4972410500049591,0.492975115776062,-0.5043272376060486,1
0.48614269495010376,-0.09122347831726074,0.3041961193084717,0.5066799521446228,-0.4972444772720337,0.4929875433444977,-0.5029776096343994,0.4621361792087555,-0.08633988350629807,0.019978148862719536,0,0.47805333137512207,-0.08986321091651917,0.2861015796661377,0.5050581693649292,-0.49739402532577515,0.49336719512939453,-0.5040874481201172,1
0.4854001998901367,-0.0911148190498352,0.30194082856178284,0.5063880085945129,-0.49739527702331543,0.49337247014045715,-0.5027450919151306,0.4621361792087555,-0.08633988350629807,0.019978148862719536,0,0.477206289768219,-0.08970178663730621,0.2839074432849884,0.5047646760940552,-0.49754664301872253,0.49375882744789124,-0.5038472414016724,1
0.4846455454826355,-0.09099999070167542,0.2996925711631775,0.5060963034629822,-0.49754568934440613,0.4937574565410614,-0.5025120973587036,0.4621361792087555,-0.08633988350629807,0.019978148862719536,0,0.4763474762439728,-0.08953447639942169,0.28172171115875244,0.5044713020324707,-0.49769899249076843,0.494150310754776,-0.5036067366600037,1
0.48387885093688965,-0.09087947010993958,0.29745256900787354,0.5058045387268066,-0.4976958632469177,0.494142085313797,-0.5022789835929871,0.4621361792087555,-0.08633988350629807,0.019978148862719536,0,0.4754772484302521,-0.08936130255460739,0.2795444130897522,0.5041778087615967,-0.4978512227535248,0.49454161524772644,-0.5033661127090454,1
0.4831002950668335,-0.09075318276882172,0.29522010684013367,0.5055128335952759,-0.49784576892852783,0.4945264458656311,-0.5020456910133362,0.4621361792087555,-0.08633988350629807,0.019978148862719536,0,0.47459548711776733,-0.08918251842260361,0.2773755192756653,0.5038843154907227,-0.4980030655860901,0.4949331283569336,-0.5031248331069946,1
0.4823097884654999,-0.09062084555625916,0.2929953932762146,0.5052211880683899,-0.4979954659938812,0.4949110150337219,-0.5018117427825928,0.4621361792087555,-0.08633988350629807,0.019978148862719536,0,0.4737023711204529,-0.0889977291226387,0.275215208530426,0.5035911798477173,-0.49815481901168823,0.4953243136405945,-0.50288325548172,1
0.48150739073753357,-0.09048281610012054,0.2907789349555969,0.5049296617507935,-0.49814483523368835,0.4952951669692993,-0.5015777945518494,0.4621361792087555,-0.08633988350629807,0.019978148862719536,0,0.47279787063598633,-0.08880715817213058,0.2730635404586792,0.5032978057861328,-0.49830615520477295,0.4957154393196106,-0.5026414394378662,1
0.48069316148757935,-0.09033899009227753,0.28857049345970154,0.5046380758285522,-0.498293936252594,0.49567946791648865,-0.5013436079025269,0.4621361792087555,-0.08633988350629807,0.019978148862719536,0,0.4718819260597229,-0.08861072361469269,0.270920991897583,0.5030048489570618,-0.49845725297927856,0.4961063265800476,-0.5023992657661438,1
0.47986748814582825,-0.09018930047750473,0.2863702178001404,0.5043467879295349,-0.498442679643631,0.49606314301490784,-0.5011091828346252,0.4621361792087555,-0.08633988350629807,0.019978148862719536,0,0.4709548056125641,-0.0884087011218071,0.2687869369983673,0.5027115941047668,-0.49860814213752747,0.4964974522590637,-0.5021564960479736,1
0.47902992367744446,-0.09003366529941559,0.28417813777923584,0.5040555596351624,-0.49859127402305603,0.4964469373226166,-0.5008742809295654,0.4621361792087555,-0.08633988350629807,0.019978148862719536,0,0.47001659870147705,-0.08820077031850815,0.26666194200515747,0.5024186372756958,-0.49875861406326294,0.49688830971717834,-0.5019137263298035,1
0.47818082571029663,-0.08987222611904144,0.2819942235946655,0.5037644505500793,-0.4987395107746124,0.49683043360710144,-0.5006393790245056,0.4621361792087555,-0.08633988350629807,0.019978148862719536,0,0.4690672755241394,-0.08798699080944061,0.26454564929008484,0.50212562084198,-0.4989091753959656,0.49727869033813477,-0.5016704201698303,1
0.47732019424438477,-0.08970503509044647,0.27981889247894287,0.5034734010696411,-0.4988875985145569,0.4972136914730072,-0.5004040002822876,0.4621361792087555,-0.08633988350629807,0.019978148862719536,0,0.4681069254875183,-0.08776753395795822,0.26243868470191956,0.501832902431488,-0.49905925989151,0.49766919016838074,-0.5014268755912781,1
0.4764481484889984,-0.08953199535608292,0.27765199542045593,0.5031825304031372,-0.4990352690219879,0.4975968301296234,-0.5001683831214905,0.4621361792087555,-0.08633988350629807,0.019978148862719536,0,0.4671352803707123,-0.08754240721464157,0.26034072041511536,0.5015400052070618,-0.4992089867591858,0.4980599284172058,-0.5011829733848572,1
0.4755646884441376,-0.08935318887233734,0.27549391984939575,0.5028917193412781,-0.49918267130851746,0.49797970056533813,-0.49993282556533813,0.4621361792087555,-0.08633988350629807,0.019978148862719536,0,0.4661530554294586,-0.08731149882078171,0.25825217366218567,0.5012473464012146,-0.49935853481292725,0.49844983220100403,-0.5009389519691467,1
0.47466975450515747,-0.08916851878166199,0.27334439754486084,0.5026012063026428,-0.49932965636253357,0.49836230278015137,-0.4996967315673828,0.4621361792087555,-0.08633988350629807,0.019978148862719536,0,0.46515965461730957,-0.08707472681999207,0.25617262721061707,0.5009546875953674,-0.49950793385505676,0.4988401234149933,-0.5006940960884094,1
0.4737636148929596,-0.0889783427119255,0.27120357751846313,0.502310574054718,-0.4994765520095825,0.49874481558799744,-0.4994605779647827,0.4621361792087555,-0.08633988350629807,0.019978148862719536,0,0.46415555477142334,-0.08683232218027115,0.254102498292923,0.500662088394165,-0.4996569752693176,0.49923035502433777,-0.5004491209983826,1
0.4728463292121887,-0.08878228068351746,0.26907169818878174,0.502020001411438,-0.49962303042411804,0.49912723898887634,-0.49922412633895874,0.4621361792087555,-0.08633988350629807,0.019978148862719536,0,0.46314069628715515,-0.08658435940742493,0.25204163789749146,0.5003694295883179,-0.49980592727661133,0.49962055683135986,-0.500203549861908,1
0.47191786766052246,-0.0885804295539856,0.26694878935813904,0.5017297267913818,-0.49976930022239685,0.49950915575027466,-0.49898743629455566,0.4621361792087555,-0.08633988350629807,0.019978148862719536,0,0.46211525797843933,-0.08633055537939072,0.24999067187309265,0.5000771284103394,-0.4999545216560364,0.5000101923942566,-0.4999580681324005,1
0.4709784984588623,-0.08837288618087769,0.2648347020149231,0.5014395713806152,-0.49991533160209656,0.4998909831047058,-0.4987504184246063,0.4621361792087555,-0.08633988350629807,0.019978148862719536,1,0.4709784984588623,-0.08837288618087769,0.2648347020149231,0.5014395713806152,-0.49991533160209656,0.4998909831047058,-0.4987504184246063,0
0.4704972505569458,-0.08820901066064835,0.263457715511322,0.5011205673217773,-0.5001834630966187,0.5006330013275146,-0.4980573356151581,0.4621361792087555,-0.08633988350629807,0.019978148862719536,1,0.4709784984588623,-0.08837288618087769,0.2648347020149231,0.5014395713806152,-0.49991533160209656,0.4998909831047058,-0.4987504184246063,0
0.4704619348049164,-0.08818750083446503,0.2628421187400818,0.5009140968322754,-0.5003930330276489,0.501171886920929,-0.49751242995262146,0.4621361792087555,-0.08633988350629807,0.019978148862719536,1,0.4709784984588623,-0.08837288618087769,0.2648347020149231,0.5014395713806152,-0.49991533160209656,0.4998909831047058,-0.4987504184246063,0
0.4704838991165161,-0.08819697797298431,0.26249682903289795,0.50079745054245,-0.500508189201355,0.5014771819114685,-0.49720609188079834,0.4621361792087555,-0.08633988350629807,0.019978148862719536,1,0.4709784984588623,-0.08837288618087769,0.2648347020149231,0.5014395713806152,-0.49991533160209656,0.4998909831047058,-0.4987504184246063,0
0.4705102741718292,-0.08820800483226776,0.26225242018699646,0.5007147192955017,-0.5005902647972107,0.5016940832138062,-0.49698808789253235,0.4621361792087555,-0.08633988350629807,0.019978148862719536,1,0.4709784984588623,-0.08837288618087769,0.2648347020149231,0.5014395713806152,-0.49991533160209656,0.4998909831047058,-0.4987504184246063,0
0.4705350697040558,-0.08821706473827362,0.2620553970336914,0.5006480813026428,-0.5006576180458069,0.5018691420555115,-0.49681055545806885,0.4621361792087555,-0.08633988350629807,0.019978148862719536,1,0.4709784984588623,-0.08837288618087769,0.2648347020149231,0.5014395713806152,-0.49991533160209656,0.4998909831047058,-0.4987504184246063,0
0.4705578088760376,-0.08822464942932129,0.26188650727272034,0.5005912780761719,-0.5007157921791077,0.502018928527832,-0.49665796756744385,0.4621361792087555,-0.08633988350629807,0.019978148862719536,1,0.4709784984588623,-0.08837288618087769,0.2648347020149231,0.5014395713806152,-0.49991533160209656,0.4998909831047058,-0.4987504184246063,0
0.470578670501709,-0.08822870254516602,0.26173895597457886,0.5005452632904053,-0.5007657408714294,0.502149760723114,-0.4965214133262634,0.46203064918518066,-0.08686001598834991,0.02022014558315277,1,0.4709784984588623,-0.08837288618087769,0.2648347020149231,0.5014395713806152,-0.49991533160209656,0.4998909831047058,-0.4987504184246063,0
0.4705972969532013,-0.08823364973068237,0.2616073489189148,0.500501811504364,-0.5008116960525513,0.5022661685943604,-0.49640125036239624,0.46197858452796936,-0.08725190162658691,0.020357832312583923,1,0.4705972969532013,-0.08823364973068237,0.2616073489189148,0.500501811504364,-0.5008116960525513,0.5022661685943604,-0.49640125036239624,0
0.47058382630348206,-0.08822275698184967,0.2613014578819275,0.5004140734672546,-0.5009024143218994,0.5024927258491516,-0.4961687922477722,0.4618171453475952,-0.08722443878650665,0.020077267661690712,1,0.47744154930114746,-0.08914685249328613,0.2686859369277954,0.5036504864692688,-0.4991309940814972,0.49787330627441406,-0.49932602047920227,0
0.4710829555988312,-0.08825299888849258,0.2613256871700287,0.5004873275756836,-0.50095534324646,0.5026116371154785,-0.49592113494873047,0.46214672923088074,-0.08724090456962585,0.02006692625582218,1,0.48416832089424133,-0.08994831144809723,0.2758542001247406,0.5068060159683228,-0.4974188208580017,0.4934646189212799,-0.5022098422050476,0
0.47216668725013733,-0.08835560083389282,0.2618914246559143,0.5008141398429871,-0.5008859038352966,0.5024121403694153,-0.4958633482456207,0.46322450041770935,-0.08736152946949005,0.02053072489798069,1,0.49077457189559937,-0.09063887596130371,0.28310832381248474,0.5099674463272095,-0.49567553400993347,0.4890410602092743,-0.5050522685050964,0
0.4738204777240753,-0.08853880316019058,0.26306408643722534,0.5014113783836365,-0.500666618347168,0.5018244981765747,-0.4960762560367584,0.4652375280857086,-0.08760108053684235,0.021460000425577164,1,0.4972572922706604,-0.09121949970722198,0.2904464304447174,0.5131345987319946,-0.49390077590942383,0.48460230231285095,-0.5078536868095398,0
0.47599977254867554,-0.0887969508767128,0.2648407816886902,0.5022686123847961,-0.5002942681312561,0.5008427500724792,-0.4965764880180359,0.468065083026886,-0.08796923607587814,0.022950785234570503,1,0.5036139488220215,-0.09169061481952667,0.29786503314971924,0.5163077712059021,-0.49209490418434143,0.4801486134529114,-0.5106135606765747,0
0.47865134477615356,-0.08911760151386261,0.2671886384487152,0.50336754322052,-0.4997752904891968,0.49948740005493164,-0.4973510801792145,0.47162264585494995,-0.08845232427120209,0.02499437890946865,1,0.5098415017127991,-0.09205380827188492,0.30536141991615295,0.5194855332374573,-0.4902576804161072,0.4756806492805481,-0.513332188129425,0
0.4817197024822235,-0.089485302567482,0.2700639069080353,0.5046866536140442,-0.49912020564079285,0.4977894127368927,-0.4983733296394348,0.4758334457874298,-0.08902803063392639,0.027557596564292908,1,0.5159375071525574,-0.09230908751487732,0.3129323124885559,0.5226685404777527,-0.488389790058136,0.4711984097957611,-0.5160086154937744,0
0.48515141010284424,-0.0898846685886383,0.273422509431839,0.5062041282653809,-0.49833956360816956,0.4957823157310486,-0.4996148347854614,0.4806221127510071,-0.08967389166355133,0.030604008585214615,1,0.5218991041183472,-0.09245787560939789,0.32057511806488037,0.5258560180664062,-0.48649120330810547,0.4667019844055176,-0.5186434388160706,0
0.48889675736427307,-0.09030081331729889,0.2772207260131836,0.5078997611999512,-0.497443825006485,0.493498295545578,-0.5010456442832947,0.48591697216033936,-0.09035889059305191,0.034098654985427856,1,0.5277238488197327,-0.09250162541866302,0.32828661799430847,0.5290473699569702,-0.48456159234046936,0.4621920883655548,-0.5212363004684448,0
0.4928976893424988,-0.09071438759565353,0.28140196204185486,0.5097493529319763,-0.4964485168457031,0.49098077416419983,-0.5026252865791321,0.49163082242012024,-0.09107055515050888,0.03798959031701088,1,0.5334091782569885,-0.0924409031867981,0.33606380224227905,0.5322427749633789,-0.4826013147830963,0.45766860246658325,-0.5237870812416077,0
0.4971119463443756,-0.09111227095127106,0.28592705726623535,0.5117353200912476,-0.4953632354736328,0.48826029896736145,-0.5043253898620605,0.49770042300224304,-0.09177982807159424,0.04224307835102081,1,0.5389524698257446,-0.09227734059095383,0.3439037799835205,0.5354414582252502,-0.4806104302406311,0.45313188433647156,-0.5262960195541382,0
0.5015037059783936,-0.09148387610912323,0.29076534509658813,0.5138426423072815,-0.4941954016685486,0.48535922169685364,-0.5061253905296326,0.5040745139122009,-0.09247089177370071,0.046834081411361694,1,0.5443514585494995,-0.09201164543628693,0.351803183555603,0.5386435985565186,-0.47858911752700806,0.4485819637775421,-0.5287623405456543,0
0.5060409307479858,-0.09181992709636688,0.2958924472332001,0.516059935092926,-0.492949903011322,0.4822952151298523,-0.5080096125602722,0.5107077360153198,-0.0931306853890419,0.05174143239855766,1,0.5496038198471069,-0.09164534509181976,0.3597584366798401,0.5418483018875122,-0.4765376150608063,0.4440196454524994,-0.5311861634254456,0
0.5106937885284424,-0.09211213886737823,0.30128610134124756,0.5183758735656738,-0.4916321337223053,0.4790841042995453,-0.50996333360672,0.5175591111183167,-0.09374774247407913,0.05694642663002014,1,0.5547071695327759,-0.09118002653121948,0.36776724457740784,0.5450553297996521,-0.4744557738304138,0.4394446313381195,-0.5335679054260254,0
0.5154349207878113,-0.09235286712646484,0.3069266676902771,0.5207808613777161,-0.49024587869644165,0.47574010491371155,-0.5119740962982178,0.5245756506919861,-0.09399574995040894,0.0624244287610054,1,0.5596596002578735,-0.09061654657125473,0.3758259117603302,0.5482648611068726,-0.472343772649765,0.43485742807388306,-0.5359066128730774,0
0.5202405452728271,-0.09253518283367157,0.3127952218055725,0.523266613483429,-0.48879528045654297,0.47227564454078674,-0.5140301585197449,0.531766951084137,-0.09455344825983047,0.06813916563987732,1,0.5644584894180298,-0.08995674550533295,0.38393133878707886,0.5514758229255676,-0.4702018201351166,0.4302583336830139,-0.5382028818130493,0
0.5250875949859619,-0.09265392273664474,0.3188752233982086,0.5258246064186096,-0.48728322982788086,0.4687020182609558,-0.5161219835281372,0.5390647053718567,-0.09506411850452423,0.07413356751203537,1,0.5691022872924805,-0.08920171856880188,0.3920798897743225,0.5546885132789612,-0.46803000569343567,0.4256475567817688,-0.5404559373855591,0
0.5299556851387024,-0.09270410239696503,0.3251524567604065,0.528448224067688,-0.4857129752635956,0.4650284945964813,-0.5182411670684814,0.5464968681335449,-0.09538697451353073,0.08033619821071625,1,0.5735886693000793,-0.08835337311029434,0.4002685248851776,0.5579017996788025,-0.4658287465572357,0.42102527618408203,-0.5426663160324097,0
0.5348263382911682,-0.09268105030059814,0.3316115736961365,0.5311313271522522,-0.48408666253089905,0.46126461029052734,-0.5203791260719299,0.5539451837539673,-0.09569115936756134,0.08679751306772232,1,0.5779159069061279,-0.08741314709186554,0.40849384665489197,0.5611160397529602,-0.4635975956916809,0.4163919687271118,-0.5448336005210876,0
0.5396825075149536,-0.0925816148519516,0.3382400572299957,0.5338674187660217,-0.4824075400829315,0.457418292760849,-0.5225294232368469,0.5614100098609924,-0.09592971950769424,0.09349027276039124,1,0.5820818543434143,-0.08638236671686172,0.41675296425819397,0.5643308758735657,-0.4613368809223175,0.41174760460853577,-0.546957790851593,0
0.5445088744163513,-0.092402383685112,0.3450254797935486,0.5366520285606384,-0.4806773066520691,0.4534967541694641,-0.524685263633728,0.5688959360122681,-0.09606136381626129,0.10038042068481445,1,0.5860850214958191,-0.08526325225830078,0.4250422716140747,0.5675455331802368,-0.459046870470047,0.40709227323532104,-0.5490390062332153,0
0.5492910146713257,-0.09214127063751221,0.35195618867874146,0.5394800305366516,-0.47889813780784607,0.44950661063194275,-0.5268412828445435,0.5763849020004272,-0.09608341753482819,0.10745549947023392,1,0.5899235010147095,-0.08405695110559464,0.43335816264152527,0.5707601308822632,-0.4567277133464813,0.4024266302585602,-0.5510765910148621,0
0.5540164113044739,-0.09179618954658508,0.35902243852615356,0.5423473715782166,-0.47707149386405945,0.4454529881477356,-0.5289929509162903,0.5838580131530762,-0.09599661827087402,0.11470635235309601,1,0.5935956835746765,-0.08276543021202087,0.441697895526886,0.5739736557006836,-0.4543793797492981,0.39775073528289795,-0.5530713796615601,0
0.5586732625961304,-0.09136535227298737,0.3662134110927582,0.5452499985694885,-0.47519975900650024,0.44134217500686646,-0.5311352014541626,0.5913099646568298,-0.09578929096460342,0.12211533635854721,1,0.5971000790596008,-0.08139073103666306,0.4500572681427002,0.5771862268447876,-0.4520021378993988,0.39306506514549255,-0.5550224781036377,0
0.5632510185241699,-0.09084821492433548,0.373520165681839,0.5481845140457153,-0.473283588886261,0.43717843294143677,-0.5332648158073425,0.5986993908882141,-0.09546558558940887,0.1297040730714798,1,0.6004353165626526,-0.07993423938751221,0.45843321084976196,0.5803974866867065,-0.44959598779678345,0.38836973905563354,-0.5569301247596741,0
0.567739725112915,-0.09024366736412048,0.38093313574790955,0.5511475801467896,-0.471325159072876,0.4329663813114166,-0.5353775024414062,0.6060246229171753,-0.09500041604042053,0.13746580481529236,1,0.6035998463630676,-0.07839815318584442,0.46682238578796387,0.5836068391799927,-0.44716107845306396,0.38366493582725525,-0.558794379234314,0
0.5721307396888733,-0.08955124020576477,0.38844531774520874,0.5541365146636963,-0.4693252444267273,0.4287089705467224,-0.5374709963798523,0.6132764220237732,-0.09448747336864471,0.14534065127372742,1,0.6065924167633057,-0.07678399980068207,0.47522175312042236,0.5868143439292908,-0.44469770789146423,0.3789503574371338,-0.5606151223182678,0
0.5764157176017761,-0.08877138793468475,0.3960477411746979,0.557148277759552,-0.46728503704071045,0.424410879611969,-0.5395421981811523,0.6204434633255005,-0.09387277811765671,0.15334340929985046,1,0.609411895275116,-0.07509392499923706,0.48362672328948975,0.5900193452835083,-0.44220590591430664,0.37422773241996765,-0.5623918175697327,0
0.5805874466896057,-0.08790383487939835,0.40373367071151733,0.5601807832717896,-0.4652054011821747,0.4200742542743683,-0.5415893197059631,0.6275168657302856,-0.0931403711438179,0.16147157549858093,1,0.6120569705963135,-0.07333000749349594,0.4920349419116974,0.5932215452194214,-0.4396858513355255,0.36949601769447327,-0.564125120639801,0
0.5846390724182129,-0.08694886416196823,0.4114950895309448,0.5632317662239075,-0.46308791637420654,0.41570258140563965,-0.5436091423034668,0.63447505235672,-0.09229990839958191,0.1697237193584442,1,0.6145267486572266,-0.07149414718151093,0.5004419088363647,0.5964205861091614,-0.43713781237602234,0.3647562265396118,-0.5658143162727356,0
0.588564395904541,-0.08590762317180634,0.4193264842033386,0.5662990808486938,-0.4609328508377075,0.4112977981567383,-0.5456008911132812,0.6413257122039795,-0.09134069830179214,0.17808493971824646,1,0.6168198585510254,-0.06958810240030289,0.5088458061218262,0.5996161699295044,-0.4345615804195404,0.36000752449035645,-0.5674603581428528,0
0.592357873916626,-0.08478061854839325,0.4272199869155884,0.5693808794021606,-0.4587414562702179,0.4068630635738373,-0.5475620031356812,0.6480416655540466,-0.09027770161628723,0.1865571141242981,1,0.618935763835907,-0.06761446595191956,0.5172418355941772,0.6028077602386475,-0.4319574534893036,0.3552512526512146,-0.5690624117851257,0
0.5960142612457275,-0.08356887102127075,0.43517056107521057,0.5724754333496094,-0.45651406049728394,0.40239977836608887,-0.5494917035102844,0.6546357870101929,-0.08909837156534195,0.1951252967119217,1,0.620873212814331,-0.06557479500770569,0.5256273746490479,0.6059954762458801,-0.42932558059692383,0.35048702359199524,-0.5706204771995544,0
0.5995289087295532,-0.08227365463972092,0.4431712329387665,0.5755810141563416,-0.4542517066001892,0.3979108929634094,-0.5513880848884583,0.6610860228538513,-0.08779826015233994,0.20379605889320374,1,0.6226320862770081,-0.06347174197435379,0.5339978337287903,0.6091783046722412,-0.4266662895679474,0.3457157611846924,-0.572134792804718,0
0.6028975248336792,-0.0808960571885109,0.45121729373931885,0.578696608543396,-0.4519546926021576,0.3933965563774109,-0.5532506704330444,0.667393684387207,-0.08640147000551224,0.2125505954027176,1,0.6242112517356873,-0.06130686402320862,0.5423507690429688,0.612356424331665,-0.4239795207977295,0.340937077999115,-0.5736051201820374,0
0.6061161756515503,-0.07943757623434067,0.45930224657058716,0.5818204879760742,-0.44962388277053833,0.38885968923568726,-0.5550777316093445,0.6735525131225586,-0.08490736037492752,0.22138355672359467,1,0.6256104707717896,-0.05908268317580223,0.5506823658943176,0.6155291795730591,-0.42126569151878357,0.3361513614654541,-0.575031578540802,0
0.60918128490448,-0.07789966464042664,0.4674212336540222,0.5849514603614807,-0.4472598135471344,0.3843012750148773,-0.5568689107894897,0.6795551776885986,-0.08330824226140976,0.23029281198978424,1,0.6268289685249329,-0.05680143088102341,0.5589885711669922,0.6186960935592651,-0.41852468252182007,0.33135926723480225,-0.5764140486717224,0
0.6120895147323608,-0.07628417015075684,0.4755689203739166,0.5880882143974304,-0.4448631703853607,0.3797228932380676,-0.5586227774620056,0.6853970885276794,-0.08160491287708282,0.23927266895771027,1,0.6278663873672485,-0.05446488782763481,0.5672671794891357,0.6218574047088623,-0.41575661301612854,0.326560378074646,-0.5777525901794434,0
0.6148375272750854,-0.07459229230880737,0.4837409555912018,0.5912302732467651,-0.4424338936805725,0.3751251995563507,-0.5603392720222473,0.6910740733146667,-0.0797990933060646,0.2483176589012146,1,0.6287224292755127,-0.05207572132349014,0.5755137801170349,0.6250121593475342,-0.4129617512226105,0.32175537943840027,-0.5790472030639648,0
0.6174231767654419,-0.07282654941082001,0.4919314384460449,0.5943758487701416,-0.43997272849082947,0.3705100119113922,-0.5620175004005432,0.6965822577476501,-0.07789254933595657,0.2574225068092346,1,0.6293971538543701,-0.049635834991931915,0.5837252736091614,0.6281603574752808,-0.4101406931877136,0.3169443905353546,-0.580297589302063,0
0.6198434829711914,-0.07098812609910965,0.5001366138458252,0.5975245833396912,-0.43748000264167786,0.3658774495124817,-0.5636569857597351,0.7019180059432983,-0.07588724792003632,0.26658204197883606,1,0.6298899054527283,-0.04714745283126831,0.5918982625007629,0.6313015222549438,-0.407292902469635,0.3121275305747986,-0.581504225730896,0
0.6220964789390564,-0.06907917559146881,0.5083511471748352,0.6006752252578735,-0.434956431388855,0.36122921109199524,-0.5652570128440857,0.7070778608322144,-0.07378501445055008,0.27579131722450256,1,0.6302011013031006,-0.04461352527141571,0.6000292897224426,0.6344351172447205,-0.4044187068939209,0.307305246591568,-0.5826671719551086,0
0.6241799592971802,-0.06710196286439896,0.5165709853172302,0.6038269996643066,-0.4324018657207489,0.35656607151031494,-0.5668174624443054,0.7120587229728699,-0.07158782333135605,0.2850453555583954,1,0.6303302049636841,-0.04203525185585022,0.608115017414093,0.6375613808631897,-0.4015185534954071,0.3024773597717285,-0.5837857127189636,0
0.6260923147201538,-0.06505805999040604,0.5247911214828491,0.6069793105125427,-0.4298170804977417,0.3518888056278229,-0.5683375597000122,0.7168567180633545,-0.06929106265306473,0.29433944821357727,1,0.6302778124809265,-0.039415739476680756,0.6161519289016724,0.640679121017456,-0.39859238266944885,0.2976447343826294,-0.5848605036735535,0
0.6278318166732788,-0.0629497841000557,0.5330074429512024,0.6101310849189758,-0.4272022247314453,0.3471982479095459,-0.569817066192627,0.7214710116386414,-0.06691063940525055,0.3036690950393677,1,0.6300439834594727,-0.036756932735443115,0.6241365075111389,0.6437886953353882,-0.39564049243927,0.29280751943588257,-0.5858911871910095,0
0.6293966174125671,-0.0607791543006897,0.5412161946296692,0.6132820248603821,-0.42455747723579407,0.3424946069717407,-0.5712559819221497,0.7258982062339783,-0.06444164365530014,0.31302934885025024,1,0.6296291947364807,-0.03406129777431488,0.6320654153823853,0.6468892693519592,-0.3926630914211273,0.28796544671058655,-0.5868779420852661,0
0.6307859420776367,-0.05854825675487518,0.5494129657745361,0.6164312362670898,-0.42188331484794617,0.3377786874771118,-0.5726539492607117,0.7301360368728638,-0.061885856091976166,0.3224157691001892,1,0.6290334463119507,-0.031331274658441544,0.6399357318878174,0.6499806642532349,-0.3896600008010864,0.28311920166015625,-0.5878210067749023,0
0.6319983601570129,-0.056259408593177795,0.5575932860374451,0.6195778846740723,-0.4191800355911255,0.3330513536930084,-0.5740103721618652,0.7341824173927307,-0.05924549698829651,0.33182379603385925,1,0.6282576322555542,-0.02856893092393875,0.6477435231208801,0.653062641620636,-0.38663172721862793,0.2782692015171051,-0.58871990442276,0
0.6330329179763794,-0.05391453206539154,0.5657534599304199,0.6227218508720398,-0.4164477288722992,0.32831284403800964,-0.5753253698348999,0.7380353808403015,-0.05652281641960144,0.3412490785121918,1,0.6273017525672913,-0.025776777416467667,0.6554859280586243,0.6561346650123596,-0.38357841968536377,0.2734150290489197,-0.5895752310752869,0
0.633888304233551,-0.05151631683111191,0.5738898515701294,0.6258618831634521,-0.4136868119239807,0.32356417179107666,-0.5765988826751709,0.7416932582855225,-0.05372003838419914,0.35068729519844055,1,0.626166820526123,-0.022956829518079758,0.6631596088409424,0.6591966152191162,-0.38050001859664917,0.26855725049972534,-0.5903866291046143,0
0.6345643997192383,-0.049066394567489624,0.5819981694221497,0.6289979815483093,-0.410897433757782,0.318805068731308,-0.57783043384552,0.7451543807983398,-0.05083952844142914,0.3601342439651489,1,0.6248533725738525,-0.02011154405772686,0.6707611680030823,0.6622480154037476,-0.3773970305919647,0.2636962831020355,-0.5911542177200317,0
0.6350604891777039,-0.04656760394573212,0.590074360370636,0.6321293711662292,-0.4080798625946045,0.31403666734695435,-0.5790199041366577,0.7484173774719238,-0.047883547842502594,0.36958566308021545,1,0.6232631802558899,-0.017063438892364502,0.6787554025650024,0.6654781699180603,-0.37407299876213074,0.2585277557373047,-0.591921865940094,0
0.6353846192359924,-0.04401291161775589,0.5981472730636597,0.635267436504364,-0.4052239954471588,0.30924472212791443,-0.5801692008972168,0.7514969706535339,-0.044836632907390594,0.3790731132030487,1,0.621473491191864,-0.01399217452853918,0.6866605877876282,0.6686956882476807,-0.3707214891910553,0.25335636734962463,-0.5926400423049927,0
0.6355302333831787,-0.041400156915187836,0.6062190532684326,0.638416051864624,-0.4023261070251465,0.30442124605178833,-0.5812798142433167,0.7543926239013672,-0.0417080819606781,0.3886035680770874,1,0.6194855570793152,-0.010900629684329033,0.694473147392273,0.6718997955322266,-0.3673425614833832,0.24818170070648193,-0.5933092832565308,0
0.635490894317627,-0.03873135894536972,0.6142865419387817,0.6415738463401794,-0.39938533306121826,0.29956507682800293,-0.5823530554771423,0.7570975422859192,-0.03849520906805992,0.39817294478416443,1,0.6173006296157837,-0.007791406940668821,0.7021891474723816,0.6750903725624084,-0.3639366626739502,0.24300438165664673,-0.5939292311668396,0
0.6352624893188477,-0.036008432507514954,0.6223429441452026,0.6447398662567139,-0.39640215039253235,0.29467707872390747,-0.5833877325057983,0.7596057653427124,-0.035199154168367386,0.4077748954296112,1,0.6149202585220337,-0.00466742180287838,0.7098045945167542,0.6782669425010681,-0.36050403118133545,0.2378247082233429,-0.5944998860359192,0
0.6348419785499573,-0.033234819769859314,0.6303814053535461,0.647911787033081,-0.39337751269340515,0.2897593080997467,-0.5843832492828369,0.7619121670722961,-0.031822655349969864,0.41740190982818604,1,0.6123455762863159,-0.001531383953988552,0.7173162698745728,0.6814292669296265,-0.3570445477962494,0.2326432764530182,-0.5950213074684143,0
0.6342273950576782,-0.03041321039199829,0.6383939385414124,0.6510881185531616,-0.3903124928474426,0.2848139703273773,-0.5853385925292969,0.7640124559402466,-0.02836892008781433,0.4270459711551666,1,0.6095783114433289,0.0016142241656780243,0.7247203588485718,0.6845767498016357,-0.353558748960495,0.22745965421199799,-0.5954937934875488,0
0.6334169507026672,-0.027547204867005348,0.646373450756073,0.6542667150497437,-0.38720816373825073,0.279843270778656,-0.5862529873847961,0.7659028768539429,-0.024841241538524628,0.4366990625858307,1,0.6066198348999023,0.004766272380948067,0.7320136427879333,0.6877089142799377,-0.35004645586013794,0.2222742885351181,-0.5959177613258362,0
0.6324096322059631,-0.024639561772346497,0.654312789440155,0.6574465036392212,-0.3840654492378235,0.27484890818595886,-0.5871250629425049,0.7675802111625671,-0.021243056282401085,0.44635331630706787,1,0.6034727692604065,0.00792222935706377,0.7391915321350098,0.690825343132019,-0.34650856256484985,0.2170877754688263,-0.5962925553321838,0
0.6312048435211182,-0.021693848073482513,0.6622045040130615,0.6606253385543823,-0.3808854818344116,0.26983344554901123,-0.5879543423652649,0.7690417170524597,-0.017577704042196274,0.4560011029243469,1,0.6001380681991577,0.011079511605203152,0.7462517023086548,0.6939259171485901,-0.3429444134235382,0.21189993619918823,-0.5966190099716187,0
0.6298016309738159,-0.018713433295488358,0.6700425744056702,0.6638017892837524,-0.3776688277721405,0.2647981643676758,-0.588740348815918,0.7702851891517639,-0.013848655857145786,0.4656350314617157,1,0.59661865234375,0.014235362410545349,0.7531894445419312,0.697009801864624,-0.3393552601337433,0.20671191811561584,-0.5968964695930481,0
0.6282004714012146,-0.015701431781053543,0.6778196692466736,0.6669748425483704,-0.3744170665740967,0.25974521040916443,-0.5894817113876343,0.7713086605072021,-0.010059394873678684,0.4752480089664459,1,0.5929158926010132,0.017387254163622856,0.760002076625824,0.7000769376754761,-0.33574068546295166,0.20152290165424347,-0.5971255898475647,0
0.6264013648033142,-0.01266118697822094,0.685530424118042,0.6701430082321167,-0.3711301386356354,0.25467580556869507,-0.5901787877082825,0.7721107602119446,-0.006213398650288582,0.4848332107067108,1,0.5890321731567383,0.020532812923192978,0.7666860818862915,0.7031267881393433,-0.3321011960506439,0.19633366167545319,-0.5973060727119446,0
0.6244045495986938,-0.009595556184649467,0.6931682229042053,0.6733046770095825,-0.36780983209609985,0.24959151446819305,-0.590830385684967,0.7726902365684509,-0.002314167097210884,0.4943840801715851,1,0.5849702954292297,0.023668751120567322,0.7732378840446472,0.7061588168144226,-0.32843664288520813,0.19114476442337036,-0.597438395023346,0
0.6222100853919983,-0.006508239544928074,0.7007283568382263,0.676459550857544,-0.36445555090904236,0.24449336528778076,-0.5914367437362671,0.7730463743209839,0.001634833519347012,0.5038943290710449,1,0.5807318687438965,0.026793185621500015,0.7796545028686523,0.7091729640960693,-0.32474756240844727,0.18595610558986664,-0.5975223779678345,0
0.6198195815086365,-0.003402077592909336,0.7082043886184692,0.6796058416366577,-0.3610691726207733,0.23938342928886414,-0.591996967792511,0.7731784582138062,0.0056302170269191265,0.5133577585220337,1,0.5763198733329773,0.029903274029493332,0.7859326601028442,0.7121685147285461,-0.32103410363197327,0.18076764047145844,-0.5975584983825684,0
0.617233395576477,-0.00028025824576616287,0.7155916094779968,0.6827428936958313,-0.3576507270336151,0.23426185548305511,-0.5925110578536987,0.7730863094329834,0.009668545797467232,0.5227685570716858,1,0.5720109939575195,0.032815225422382355,0.7917121648788452,0.714970588684082,-0.3175170421600342,0.17588546872138977,-0.5975484848022461,0
0.6144570112228394,0.002842940390110016,0.7228581309318542,0.6858581900596619,-0.35421276092529297,0.2291451096534729,-0.5929791927337646,0.7727662324905396,0.013731341809034348,0.5320889353752136,1,0.5675526857376099,0.035710036754608154,0.7973635196685791,0.7177553772926331,-0.3139787018299103,0.17100416123867035,-0.5974964499473572,0
0.6114996075630188,0.005961192771792412,0.7299950122833252,0.6889474987983704,-0.350760281085968,0.22404137253761292,-0.5934003591537476,0.7722230553627014,0.017810121178627014,0.5413045883178711,1,0.5629469156265259,0.03858622536063194,0.802884578704834,0.720522940158844,-0.310419499874115,0.16612370312213898,-0.5974020957946777,0
0.6083686947822571,0.009070721454918385,0.736997663974762,0.6920101642608643,-0.34729430079460144,0.21895354986190796,-0.5937742590904236,0.7714623808860779,0.021900970488786697,0.5504096746444702,1,0.5581969618797302,0.04144125431776047,0.808272123336792,0.7232726812362671,-0.30683955550193787,0.16124513745307922,-0.5972655415534973,0
0.6050691604614258,0.012169298715889454,0.7438638806343079,0.6950464248657227,-0.34381556510925293,0.2138822227716446,-0.5941007137298584,0.7704889178276062,0.026001326739788055,0.5594013929367065,1,0.5533043146133423,0.04427372291684151,0.8135243058204651,0.7260043025016785,-0.30323880910873413,0.15636759996414185,-0.5970871448516846,0
0.6016039848327637,0.015255456790328026,0.7505936622619629,0.6980568170547485,-0.3403232991695404,0.20882607996463776,-0.5943806171417236,0.7693066000938416,0.030109146609902382,0.5682783722877502,1,0.5482722520828247,0.04708142578601837,0.8186381459236145,0.728717565536499,-0.29961806535720825,0.15149225294589996,-0.5968666076660156,0
0.5979763865470886,0.01832757703959942,0.7571859955787659,0.7010422348976135,-0.33681729435920715,0.20378448069095612,-0.5946138501167297,0.7679187655448914,0.034222740679979324,0.5770399570465088,1,0.543103039264679,0.04986231029033661,0.8236115574836731,0.7314119338989258,-0.2959771454334259,0.14661920070648193,-0.5966043472290039,0
0.5941892266273499,0.021384311839938164,0.763640284538269,0.7040032148361206,-0.33329710364341736,0.19875632226467133,-0.5948011875152588,0.7663283348083496,0.03834046050906181,0.5856857299804688,1,0.5377992391586304,0.0526149645447731,0.828442394733429,0.734087347984314,-0.29231637716293335,0.1417483687400818,-0.596300482749939,0
0.590244472026825,0.02442389726638794,0.7699564695358276,0.7069399356842041,-0.3297617435455322,0.19374050199985504,-0.5949434041976929,0.7645381093025208,0.04246062785387039,0.5942152142524719,1,0.532362699508667,0.05533728003501892,0.833128809928894,0.7367433905601501,-0.28863537311553955,0.13687917590141296,-0.5959553122520447,0
0.5861440896987915,0.027445483952760696,0.776134192943573,0.70985347032547,-0.3262108862400055,0.18873532116413116,-0.5950406789779663,0.7625506520271301,0.04658154398202896,0.6026278734207153,1,0.5267977118492126,0.058027636259794235,0.8376678228378296,0.7393795847892761,-0.28493532538414,0.13201339542865753,-0.5955686569213867,0
0.581890344619751,0.030447054654359818,0.7821725010871887,0.712743878364563,-0.32264411449432373,0.1837405264377594,-0.5950935482978821,0.7603683471679688,0.05070160701870918,0.6109230518341064,1,0.5211061835289001,0.06068433076143265,0.842057466506958,0.7419959902763367,-0.281215637922287,0.12715014815330505,-0.5951406359672546,0
0.5774855613708496,0.03342727571725845,0.7880706787109375,0.715611457824707,-0.31906089186668396,0.17875492572784424,-0.5951024293899536,0.7579935789108276,0.05481899157166481,0.6190998554229736,1,0.5152913928031921,0.0633053109049797,0.8462958931922913,0.7445917129516602,-0.27747729420661926,0.12229029089212418,-0.5946717858314514,0
0.5729316473007202,0.036384742707014084,0.7938278913497925,0.7184566855430603,-0.3154606819152832,0.17377765476703644,-0.5950677990913391,0.7554287314414978,0.05893192067742348,0.6271573305130005,1,0.5093555450439453,0.0658893957734108,0.8503811359405518,0.7471668124198914,-0.2737196385860443,0.11743327230215073,-0.5941621661186218,0
0.568230390548706,0.03931816667318344,0.7994433641433716,0.7212799191474915,-0.3118433654308319,0.16880734264850616,-0.5949898958206177,0.7526760697364807,0.06303867697715759,0.6350942254066467,1,0.5033025741577148,0.06843452155590057,0.8543108701705933,0.7497209310531616,-0.26994338631629944,0.11258019506931305,-0.5936115384101868,0
0.5633849501609802,0.04222559928894043,0.8049152493476868,0.7240810394287109,-0.30820849537849426,0.163844496011734,-0.5948688983917236,0.7497377991676331,0.0671374723315239,0.6429092884063721,1,0.49713465571403503,0.0709395706653595,0.8580834865570068,0.7522536516189575,-0.2661486566066742,0.10773057490587234,-0.593020498752594,0
0.5583969354629517,0.045105867087841034,0.8102427124977112,0.7268601655960083,-0.3045559227466583,0.1588880717754364,-0.59470534324646,0.7466163635253906,0.07122639566659927,0.6506009697914124,1,0.49085545539855957,0.07340282946825027,0.8616971969604492,0.754764974117279,-0.26233580708503723,0.10288477689027786,-0.5923888087272644,0
0.553268551826477,0.04795718938112259,0.8154243230819702,0.7296174168586731,-0.30088528990745544,0.15393711626529694,-0.5944995880126953,0.7433139681816101,0.07530362159013748,0.6581677794456482,1,0.48446813225746155,0.0758226215839386,0.8651496767997742,0.7572538256645203,-0.25850480794906616,0.09804327040910721,-0.5917171835899353,0
0.5480029582977295,0.05077808350324631,0.8204582333564758,0.7323526740074158,-0.29719677567481995,0.14899219572544098,-0.5942515134811401,0.7398329973220825,0.07936732470989227,0.6656079292297363,1,0.47710198163986206,0.07851103693246841,0.868865966796875,0.7600480318069458,-0.2541414499282837,0.09256118535995483,-0.5909073948860168,0
0.5425681471824646,0.05358985438942909,0.825377881526947,0.7350888848304749,-0.29346150159835815,0.14402014017105103,-0.5939551591873169,0.736154317855835,0.08344948291778564,0.6729705333709717,1,0.46960607171058655,0.08114021271467209,0.8723708391189575,0.7628129124641418,-0.2497558742761612,0.08708561956882477,-0.5900460481643677,0
0.5369470715522766,0.05639650300145149,0.8301879167556763,0.737831711769104,-0.2896697223186493,0.1390051692724228,-0.593610405921936,0.7322656512260437,0.08755818009376526,0.6802690029144287,1,0.4619838297367096,0.08370798081159592,0.875662624835968,0.765548586845398,-0.24534758925437927,0.08161533623933792,-0.5891339778900146,0
0.5311330556869507,0.05919598415493965,0.8348846435546875,0.7405803799629211,-0.28582021594047546,0.13394416868686676,-0.5932168960571289,0.7281594276428223,0.09169121831655502,0.687502384185791,1,0.4542413353919983,0.08621255308389664,0.8787381052970886,0.7682539820671082,-0.24091751873493195,0.07615190744400024,-0.5881711840629578,0
0.525123655796051,0.06198401749134064,0.8394620418548584,0.7433328628540039,-0.2819128632545471,0.128837451338768,-0.5927749872207642,0.7238321304321289,0.09584348648786545,0.6946638226509094,1,0.4463827908039093,0.08865217864513397,0.8815959095954895,0.770929217338562,-0.23646557331085205,0.07069464027881622,-0.5871578454971313,0
0.5189213752746582,0.06475549191236496,0.8439110517501831,0.7460856437683105,-0.27794981002807617,0.12368813902139664,-0.5922847986221313,0.7192829251289368,0.10000897943973541,0.7017439603805542,1,0.43841347098350525,0.091025210916996,0.8842338919639587,0.7735734581947327,-0.23199234902858734,0.06524458527565002,-0.5860943794250488,0
0.5125295519828796,0.06750580668449402,0.8482232093811035,0.7488359808921814,-0.273933082818985,0.11849904805421829,-0.5917458534240723,0.7145128846168518,0.10418139398097992,0.7087321877479553,1,0.4303387701511383,0.09332995116710663,0.8866497278213501,0.776186466217041,-0.22749845683574677,0.059801988303661346,-0.5849809646606445,0
0.5059529542922974,0.07022973150014877,0.8523892760276794,0.7515810132026672,-0.2698650658130646,0.11327426880598068,-0.5911579132080078,0.7095240950584412,0.1083546131849289,0.7156175374984741,1,0.4221633970737457,0.09556495398283005,0.8888419270515442,0.7787676453590393,-0.2229836881160736,0.05436704307794571,-0.5838178396224976,0
0.499197393655777,0.07292255759239197,0.8564006686210632,0.7543176412582397,-0.2657484710216522,0.10801762342453003,-0.5905207991600037,0.7043196558952332,0.1125226691365242,0.7223893404006958,1,0.4138927459716797,0.09772893041372299,0.8908088803291321,0.7813167572021484,-0.21844856441020966,0.04893944412469864,-0.5826055407524109,0
0.4922690689563751,0.07557998597621918,0.8602489233016968,0.7570437788963318,-0.2615853250026703,0.10273285210132599,-0.5898337364196777,0.6989030838012695,0.11667986959218979,0.7290372252464294,1,0.405531644821167,0.09982025623321533,0.8925489187240601,0.7838332056999207,-0.21389326453208923,0.04352007433772087,-0.5813441276550293,0
0.4851742386817932,0.07819774001836777,0.8639267086982727,0.7597565650939941,-0.25737854838371277,0.09742390364408493,-0.5890964865684509,0.693278431892395,0.12082082033157349,0.7355515360832214,1,0.39708614349365234,0.1018378883600235,0.8940603137016296,0.7863166928291321,-0.20931865274906158,0.03810931742191315,-0.5800340175628662,0
0.477919340133667,0.080771803855896,0.8674265742301941,0.7624542117118835,-0.25312989950180054,0.0920935571193695,-0.5883089303970337,0.6874498724937439,0.12494044005870819,0.7419232130050659,1,0.38856062293052673,0.10378080606460571,0.8953420519828796,0.788766622543335,-0.20472437143325806,0.03270711749792099,-0.578675389289856,0
0.47051024436950684,0.08329848200082779,0.8707423210144043,0.7651345133781433,-0.2488415390253067,0.08674484491348267,-0.587471067905426,0.6814220547676086,0.1290339082479477,0.7481438517570496,1,0.3799613118171692,0.10564769059419632,0.8963927626609802,0.7911827564239502,-0.2001112699508667,0.02731376327574253,-0.577268660068512,0
0.46295398473739624,0.08577436953783035,0.8738678693771362,0.7677958607673645,-0.24451515078544617,0.08138042688369751,-0.5865825414657593,0.6751996874809265,0.13309670984745026,0.7542057037353516,1,0.3712925314903259,0.10743770748376846,0.8972115516662598,0.7935646176338196,-0.19547927379608154,0.021929576992988586,-0.5758143663406372,0
0.45525726675987244,0.08819621801376343,0.8767975568771362,0.7704363465309143,-0.24015283584594727,0.07600343227386475,-0.5856430530548096,0.6688616275787354,0.1368105411529541,0.7601580619812012,1,0.3625604212284088,0.1091499999165535,0.8977970480918884,0.7959117293357849,-0.1908288449048996,0.016554540023207664,-0.5743123888969421,0
