0.3625604212284088,0.1091499999165535,0.8977970480918884,0.7959117293357849,-0.1908288449048996,0.016554540023207664,-0.5743123888969421,0.7471297979354858,0.15229932963848114,0.019999999552965164,0,0.3625604212284088,0.1091499999165535,0.8977970480918884,0.7959117293357849,-0.1908288449048996,0.016554540023207664,-0.5743123888969421,1
0.3628040552139282,0.10916154831647873,0.8976776003837585,0.7959170937538147,-0.19090838730335236,0.016660241410136223,-0.5742754340171814,0.7471297979354858,0.15229932963848114,0.01981772482395172,0,0.3625604212284088,0.1091499999165535,0.8977970480918884,0.7959117293357849,-0.1908288449048996,0.016554540023207664,-0.5743123888969421,1
0.3632446825504303,0.10916890949010849,0.8974825739860535,0.7959179878234863,-0.1910729855298996,0.016885489225387573,-0.574212908744812,0.7471297979354858,0.15229932963848114,0.019884353503584862,0,0.3625604212284088,0.1091499999165535,0.8977970480918884,0.7959117293357849,-0.1908288449048996,0.016554540023207664,-0.5743123888969421,1
0.36376747488975525,0.10917111486196518,0.8972581028938293,0.7959133982658386,-0.1912766695022583,0.017166968435049057,-0.5741432309150696,0.7471297979354858,0.15229932963848114,0.019923372194170952,0,0.3625604212284088,0.1091499999165535,0.8977970480918884,0.7959117293357849,-0.1908288449048996,0.016554540023207664,-0.5743123888969421,1
0.3643089532852173,0.10917005687952042,0.8970283269882202,0.7959052920341492,-0.1914910078048706,0.01746424101293087,-0.5740739107131958,0.7471297979354858,0.15229932963848114,0.019946129992604256,0,0.3625604212284088,0.1091499999165535,0.8977970480918884,0.7959117293357849,-0.1908288449048996,0.016554540023207664,-0.5743123888969421,1
0.36483412981033325,0.10916749387979507,0.8968064785003662,0.7958957552909851,-0.19170089066028595,0.017755331471562386,-0.5740082263946533,0.7471297979354858,0.15229932963848114,0.019959425553679466,0,0.3625604212284088,0.1091499999165535,0.8977970480918884,0.7959117293357849,-0.1908288449048996,0.016554540023207664,-0.5743123888969421,1
0.3653259873390198,0.10916423052549362,0.8965990543365479,0.7958859801292419,-0.19189804792404175,0.01802937313914299,-0.5739471912384033,0.7471297979354858,0.15229932963848114,0.019967196509242058,0,0.3625604212284088,0.1091499999165535,0.8977970480918884,0.7959117293357849,-0.1908288449048996,0.016554540023207664,-0.5743123888969421,1
0.36577728390693665,0.10916095972061157,0.89640873670578,0.7958768010139465,-0.19207923114299774,0.01828133687376976,-0.5738914608955383,0.7471297979354858,0.15229932963848114,0.01997174322605133,0,0.3625604212284088,0.1091499999165535,0.8977970480918884,0.7959117293357849,-0.1908288449048996,0.016554540023207664,-0.5743123888969421,1
0.366186261177063,0.10915781557559967,0.8962359428405762,0.7958679795265198,-0.1922435611486435,0.018509861081838608,-0.5738412737846375,0.7471297979354858,0.15229932963848114,0.019974403083324432,0,0.3625604212284088,0.1091499999165535,0.8977970480918884,0.7959117293357849,-0.1908288449048996,0.016554540023207664,-0.5743123888969421,1
0.3665536642074585,0.1091550812125206,0.8960806727409363,0.7958602905273438,-0.19239117205142975,0.01871492713689804,-0.5737957954406738,0.7471297979354858,0.15229932963848114,0.01997595839202404,0,0.3625604212284088,0.1091499999165535,0.8977970480918884,0.7959117293357849,-0.1908288449048996,0.016554540023207664,-0.5743123888969421,1
0.36688217520713806,0.10915274918079376,0.895941436290741,0.7958534359931946,-0.1925230473279953,0.018898339942097664,-0.5737552642822266,0.7471297979354858,0.15229932963848114,0.019976869225502014,0,0.3625604212284088,0.1091499999165535,0.8977970480918884,0.7959117293357849,-0.1908288449048996,0.016554540023207664,-0.5743123888969421,1
0.3671749234199524,0.10915068536996841,0.8958170413970947,0.7958471775054932,-0.1926405429840088,0.019061513245105743,-0.5737189054489136,0.7471297979354858,0.15229932963848114,0.019977401942014694,0,0.3625604212284088,0.1091499999165535,0.8977970480918884,0.7959117293357849,-0.1908288449048996,0.016554540023207664,-0.5743123888969421,1
0.36743536591529846,0.10914917290210724,0.8957062363624573,0.7958419322967529,-0.19274485111236572,0.019206577911973,-0.5736864805221558,0.7471297979354858,0.15229932963848114,0.019977713003754616,0,0.3625604212284088,0.1091499999165535,0.8977970480918884,0.7959117293357849,-0.1908288449048996,0.016554540023207664,-0.5743123888969421,1
0.3676663637161255,0.10914792865514755,0.8956077694892883,0.7958371639251709,-0.19283725321292877,0.019334783777594566,-0.5736575722694397,0.7471297979354858,0.15229932963848114,0.01997789368033409,0,0.3625604212284088,0.1091499999165535,0.8977970480918884,0.7959117293357849,-0.1908288449048996,0.016554540023207664,-0.5743123888969421,1
0.3678717017173767,0.10914682596921921,0.8955199718475342,0.7958332300186157,-0.1929192990064621,0.019448645412921906,-0.573631763458252,0.7471297979354858,0.15229932963848114,0.019978001713752747,0,0.3625604212284088,0.1091499999165535,0.8977970480918884,0.7959117293357849,-0.1908288449048996,0.016554540023207664,-0.5743123888969421,1
0.3680533766746521,0.10914600640535355,0.8954421877861023,0.795829713344574,-0.19299162924289703,0.01954904943704605,-0.5736088156700134,0.7471297979354858,0.15229932963848114,0.01997806318104267,0,0.3625604212284088,0.1091499999165535,0.8977970480918884,0.7959117293357849,-0.1908288449048996,0.016554540023207664,-0.5743123888969421,1
0.3682141900062561,0.10914544761180878,0.8953732252120972,0.79582679271698,-0.19305557012557983,0.01963799074292183,-0.5735883712768555,0.7471297979354858,0.15229932963848114,0.019978100433945656,0,0.3625604212284088,0.1091499999165535,0.8977970480918884,0.7959117293357849,-0.1908288449048996,0.016554540023207664,-0.5743123888969421,1
0.3683570623397827,0.10914503037929535,0.8953116536140442,0.7958241105079651,-0.19311225414276123,0.019716612994670868,-0.5735701322555542,0.7471297979354858,0.15229932963848114,0.019978120923042297,0,0.3625604212284088,0.1091499999165535,0.8977970480918884,0.7959117293357849,-0.1908288449048996,0.016554540023207664,-0.5743123888969421,1
0.36848360300064087,0.10914475470781326,0.8952572345733643,0.7958218455314636,-0.1931624412536621,0.019786084070801735,-0.5735539793968201,0.7471297979354858,0.15229932963848114,0.019978133961558342,0,0.3625604212284088,0.1091499999165535,0.8977970480918884,0.7959117293357849,-0.1908288449048996,0.016554540023207664,-0.5743123888969421,1
0.36859551072120667,0.10914462059736252,0.8952088356018066,0.7958201169967651,-0.19320662319660187,0.019847365096211433,-0.5735394358634949,0.7471297979354858,0.15229932963848114,0.01997814141213894,0,0.3625604212284088,0.1091499999165535,0.8977970480918884,0.7959117293357849,-0.1908288449048996,0.016554540023207664,-0.5743123888969421,1
0.36869457364082336,0.10914447903633118,0.8951660394668579,0.7958184480667114,-0.1932457685470581,0.01990160159766674,-0.5735267996788025,0.7471297979354858,0.15229932963848114,0.019978145137429237,0,0.3625604212284088,0.1091499999165535,0.8977970480918884,0.7959117293357849,-0.1908288449048996,0.016554540023207664,-0.5743123888969421,1
0.3687824606895447,0.10914447903633118,0.8951278328895569,0.795816957950592,-0.19328033924102783,0.01994943805038929,-0.5735154151916504,0.7471297979354858,0.15229932963848114,0.019978148862719536,0,0.3625604212284088,0.1091499999165535,0.8977970480918884,0.7959117293357849,-0.1908288449048996,0.016554540023207664,-0.5743123888969421,1
0.36886000633239746,0.10914461314678192,0.895094096660614,0.7958159446716309,-0.19331079721450806,0.019991593435406685,-0.5735051035881042,0.7471297979354858,0.15229932963848114,0.019978148862719536,0,0.3625604212284088,0.1091499999165535,0.8977970480918884,0.7959117293357849,-0.1908288449048996,0.016554540023207664,-0.5743123888969421,1
0.36892861127853394,0.10914474725723267,0.8950642347335815,0.7958149909973145,-0.19333770871162415,0.02002882771193981,-0.5734960436820984,0.7471297979354858,0.15229932963848114,0.019978148862719536,0,0.3625604212284088,0.1091499999165535,0.8977970480918884,0.7959117293357849,-0.1908288449048996,0.016554540023207664,-0.5743123888969421,1
0.3689894676208496,0.10914488881826401,0.8950377106666565,0.7958140969276428,-0.1933615803718567,0.020061763003468513,-0.5734882354736328,0.7471297979354858,0.15229932963848114,0.019978148862719536,0,0.3625604212284088,0.1091499999165535,0.8977970480918884,0.7959117293357849,-0.1908288449048996,0.016554540023207664,-0.5743123888969421,1
0.3690434694290161,0.10914502292871475,0.8950141072273254,0.7958134412765503,-0.1933826208114624,0.020090937614440918,-0.5734809041023254,0.7471297979354858,0.15229932963848114,0.019978148862719536,0,0.3625604212284088,0.1091499999165535,0.8977970480918884,0.7959117293357849,-0.1908288449048996,0.016554540023207664,-0.5743123888969421,1
0.3690912425518036,0.10914530605077744,0.8949931859970093,0.7958129048347473,-0.1934012621641159,0.02011662721633911,-0.5734745860099792,0.7471297979354858,0.15229932963848114,0.019978148862719536,0,0.3625604212284088,0.1091499999165535,0.8977970480918884,0.7959117293357849,-0.1908288449048996,0.016554540023207664,-0.5743123888969421,1
0.3691335916519165,0.10914543271064758,0.8949745893478394,0.7958122491836548,-0.19341766834259033,0.02013932727277279,-0.5734689831733704,0.7471297979354858,0.15229932963848114,0.019978148862719536,0,0.3625604212284088,0.1091499999165535,0.8977970480918884,0.7959117293357849,-0.1908288449048996,0.016554540023207664,-0.5743123888969421,1
0.369171142578125,0.10914570838212967,0.894957959651947,0.7958120107650757,-0.19343216717243195,0.020159302279353142,-0.5734638571739197,0.7471297979354858,0.15229932963848114,0.019978148862719536,0,0.3625604212284088,0.1091499999165535,0.8977970480918884,0.7959117293357849,-0.1908288449048996,0.016554540023207664,-0.5743123888969421,1
0.36920416355133057,0.10914599150419235,0.8949434161186218,0.795811653137207,-0.19344498217105865,0.020176958292722702,-0.5734593868255615,0.7471297979354858,0.15229932963848114,0.019978148862719536,0,0.3625604212284088,0.1091499999165535,0.8977970480918884,0.7959117293357849,-0.1908288449048996,0.016554540023207664,-0.5743123888969421,1
0.36923354864120483,0.1091461256146431,0.8949304223060608,0.7958112955093384,-0.1934562772512436,0.020192500203847885,-0.5734555721282959,0.7471297979354858,0.15229932963848114,0.019978148862719536,0,0.36923354864120483,0.1091461256146431,0.8949304223060608,0.7958112955093384,-0.1934562772512436,0.020192500203847885,-0.5734555721282959,1
0.3694966435432434,0.10915748029947281,0.8948008418083191,0.7958157062530518,-0.1935444176197052,0.020310046151280403,-0.5734154582023621,0.7471297979354858,0.15229932963848114,0.019978148862719536,0,0.3756190836429596,0.10936188697814941,0.8935078978538513,0.7949725389480591,-0.1962839961051941,0.02638574317097664,-0.5734065175056458,1
0.37026146054267883,0.10918620228767395,0.8945779204368591,0.795749306678772,-0.19383475184440613,0.02093384601175785,-0.5733872056007385,0.7471297979354858,0.15229932963848114,0.019978148862719536,0,0.381984680891037,0.1095849797129631,0.8919979929924011,0.794083297252655,-0.1991201639175415,0.03256229683756828,-0.5733433365821838,1
0.37155506014823914,0.10923419147729874,0.8942474126815796,0.7956089973449707,-0.19436469674110413,0.02208961360156536,-0.5733590722084045,0.7471297979354858,0.15229932963848114,0.019978148862719536,0,0.3883292078971863,0.10981554538011551,0.8904008269309998,0.7931437492370605,-0.20196416974067688,0.03872205689549446,-0.5732660293579102,1
0.3733605742454529,0.10929934680461884,0.8938015699386597,0.7953982353210449,-0.1951279640197754,0.02374822273850441,-0.5733259320259094,0.7471297979354858,0.15229932963848114,0.019978148862719536,0,0.39465194940567017,0.11005321890115738,0.8887166380882263,0.7921539545059204,-0.2048167735338211,0.044864919036626816,-0.5731746554374695,1
0.37564343214035034,0.10937990248203278,0.8932391405105591,0.7951197624206543,-0.1961093693971634,0.025869788601994514,-0.5732855200767517,0.7471297979354858,0.15229932963848114,0.019978148862719536,0,0.4009513258934021,0.11029816418886185,0.8869459629058838,0.7911143898963928,-0.2076772153377533,0.05099033564329147,-0.5730690360069275,1
0.37836456298828125,0.10947426408529282,0.8925606608390808,0.7947755455970764,-0.1972922682762146,0.02841331996023655,-0.5732367038726807,0.7471297979354858,0.15229932963848114,0.019978148862719536,0,0.40722593665122986,0.1105504184961319,0.8850889801979065,0.790024995803833,-0.2105456292629242,0.05709732696413994,-0.5729492902755737,1
0.38148146867752075,0.1095818355679512,0.8917683959007263,0.7943671345710754,-0.19865889847278595,0.03133741393685341,-0.5731784105300903,0.7471297979354858,0.15229932963848114,0.019978148862719536,0,0.41347530484199524,0.11080969870090485,0.8831459879875183,0.7888859510421753,-0.2134219855070114,0.06318646669387817,-0.5728153586387634,1
0.3849529027938843,0.10970187187194824,0.8908646702766418,0.7938956618309021,-0.2001912146806717,0.03460284322500229,-0.5731105208396912,0.7471297979354858,0.15229932963848114,0.019978148862719536,0,0.41969773173332214,0.11107619851827621,0.8811174631118774,0.787697434425354,-0.2163061797618866,0.0692564845085144,-0.5726674199104309,1
0.3887397050857544,0.109833724796772,0.889851987361908,0.7933620810508728,-0.2018733024597168,0.03817345201969147,-0.5730326771736145,0.7471297979354858,0.15229932963848114,0.019978148862719536,0,0.42589226365089417,0.11134961247444153,0.879003643989563,0.7864595651626587,-0.21919798851013184,0.07530763000249863,-0.5725052952766418,1
0.39280635118484497,0.10997717082500458,0.8887320756912231,0.7927671670913696,-0.2036900371313095,0.04201587289571762,-0.5729442238807678,0.7471297979354858,0.15229932963848114,0.019978148862719536,0,0.43205752968788147,0.1116301566362381,0.8768048882484436,0.7851728200912476,-0.22209739685058594,0.08133888244628906,-0.5723288655281067,1
0.39711976051330566,0.11013209074735641,0.8875066041946411,0.7921112775802612,-0.20562812685966492,0.046099357306957245,-0.5728451013565063,0.7471297979354858,0.15229932963848114,0.019978148862719536,0,0.4381924569606781,0.11191746592521667,0.8745216727256775,0.7838370203971863,-0.22500409185886383,0.08735029399394989,-0.5721385478973389,1
0.40165039896965027,0.11029790341854095,0.8861771821975708,0.7913948893547058,-0.20767492055892944,0.05039726942777634,-0.5727348923683167,0.7471297979354858,0.15229932963848114,0.019978148862719536,0,0.44429588317871094,0.11221165210008621,0.8721545934677124,0.7824525237083435,-0.22791820764541626,0.09334100037813187,-0.5719342827796936,1
0.4063710868358612,0.11047467589378357,0.8847450017929077,0.7906184196472168,-0.20981982350349426,0.054884184151887894,-0.5726130604743958,0.7471297979354858,0.15229932963848114,0.019978148862719536,0,0.4503672122955322,0.11251282691955566,0.8697035312652588,0.7810195684432983,-0.2308397889137268,0.09931155294179916,-0.5717153549194336,1
0.41125738620758057,0.11066202819347382,0.8832112550735474,0.7897821664810181,-0.21205253899097443,0.0595380924642086,-0.5724796652793884,0.7471297979354858,0.15229932963848114,0.019978148862719536,0,0.4564042389392853,0.1128205731511116,0.8671694993972778,0.7795382738113403,-0.2337682992219925,0.1052602082490921,-0.5714829564094543,1
0.41628792881965637,0.11085998266935349,0.8815767765045166,0.7888864874839783,-0.21436470746994019,0.06433933973312378,-0.5723341703414917,0.7471297979354858,0.15229932963848114,0.019978148862719536,0,0.46240663528442383,0.11313515901565552,0.8645527958869934,0.7780088782310486,-0.23670411109924316,0.11118794232606888,-0.5712359547615051,1
0.42144256830215454,0.11106808483600616,0.8798426389694214,0.787931501865387,-0.2167481929063797,0.06926953792572021,-0.5721763372421265,0.7471297979354858,0.15229932963848114,0.019978148862719536,0,0.4683727025985718,0.11345619708299637,0.8618538975715637,0.7764315009117126,-0.2396468222141266,0.1170930489897728,-0.570975124835968,1
0.4267043471336365,0.11128610372543335,0.8780096173286438,0.7869178056716919,-0.21919628977775574,0.07431307435035706,-0.5720059871673584,0.7471297979354858,0.15229932963848114,0.019978148862719536,0,0.47430163621902466,0.11378373950719833,0.8590733408927917,0.7748064994812012,-0.24259604513645172,0.1229759007692337,-0.5707003474235535,1
0.4320565164089203,0.11151428520679474,0.876078724861145,0.7858458757400513,-0.22170236706733704,0.0794546902179718,-0.5718228220939636,0.7471297979354858,0.15229932963848114,0.019978148862719536,0,0.48019248247146606,0.11411793529987335,0.8562114238739014,0.7731339931488037,-0.24555249512195587,0.12883609533309937,-0.5704112648963928,1
0.43748530745506287,0.11175203323364258,0.8740507960319519,0.7847158312797546,-0.22426104545593262,0.08468212187290192,-0.571626603603363,0.7471297979354858,0.15229932963848114,0.019978148862719536,0,0.4860440194606781,0.11445832997560501,0.8532687425613403,0.7714141607284546,-0.2485152631998062,0.1346731185913086,-0.5701082348823547,1
0.4429781436920166,0.11199934780597687,0.8719262480735779,0.783528208732605,-0.22686748206615448,0.08998365700244904,-0.5714172124862671,0.7471297979354858,0.15229932963848114,0.019978148862719536,0,0.4918547570705414,0.1148051917552948,0.8502461314201355,0.7696471810340881,-0.25148487091064453,0.14048635959625244,-0.5697911381721497,1
0.448522686958313,0.11225590854883194,0.869706392288208,0.7822834849357605,-0.22951684892177582,0.09534869343042374,-0.5711945295333862,0.7471297979354858,0.15229932963848114,0.019978148862719536,0,0.4976242184638977,0.11515810340642929,0.8471436500549316,0.7678334712982178,-0.25446075201034546,0.14627590775489807,-0.5694600343704224,1
0.454109251499176,0.11252166330814362,0.8673920035362244,0.7809820771217346,-0.2322056144475937,0.10076791048049927,-0.5709582567214966,0.7471297979354858,0.15229932963848114,0.019978148862719536,0,0.5033507943153381,0.11551733314990997,0.8439622521400452,0.7659730315208435,-0.2574431002140045,0.15204070508480072,-0.5691149830818176,1
0.4597279727458954,0.11279638856649399,0.864983856678009,0.7796244025230408,-0.23493002355098724,0.10623292624950409,-0.5707084536552429,0.7471297979354858,0.15229932963848114,0.019978148862719536,0,0.5090336203575134,0.11588241159915924,0.8407025337219238,0.7640662789344788,-0.2604314982891083,0.15778104960918427,-0.5687558650970459,1
0.4653705954551697,0.11307983100414276,0.8624827265739441,0.7782111763954163,-0.23768700659275055,0.11173628270626068,-0.5704447031021118,0.7471297979354858,0.15229932963848114,0.019978148862719536,0,0.5146716833114624,0.11625344306230545,0.8373647928237915,0.7621132135391235,-0.26342615485191345,0.16349615156650543,-0.568382740020752,1
0.47102898359298706,0.11337204277515411,0.8598899245262146,0.7767429351806641,-0.2404734045267105,0.11727028340101242,-0.5701671838760376,0.7471297979354858,0.15229932963848114,0.019978148862719536,0,0.5202639698982239,0.11663055419921875,0.8339498043060303,0.760114312171936,-0.26642680168151855,0.16918593645095825,-0.5679956078529358,1
0.4766966700553894,0.11367256194353104,0.8572059869766235,0.7752197980880737,-0.24328704178333282,0.1228300929069519,-0.5698758363723755,0.7471297979354858,0.15229932963848114,0.019978148862719536,0,0.5258093476295471,0.11701321601867676,0.8304581046104431,0.7580695748329163,-0.26943352818489075,0.17484985291957855,-0.5675945281982422,1
0.4823668599128723,0.113981232047081,0.8544318675994873,0.7736425399780273,-0.2461252510547638,0.12840935587882996,-0.5695705413818359,0.7471297979354858,0.15229932963848114,0.019978148862719536,0,0.5313066840171814,0.11740174889564514,0.8268905282020569,0.7559794187545776,-0.27244582772254944,0.1804875135421753,-0.5671794414520264,1
0.48803403973579407,0.11429807543754578,0.8515687584877014,0.7720115780830383,-0.2489861398935318,0.13400337100028992,-0.5692511796951294,0.7471297979354858,0.15229932963848114,0.019978148862719536,0,0.536754846572876,0.11779564619064331,0.8232477307319641,0.7538440227508545,-0.27546387910842896,0.18609851598739624,-0.5667505264282227,1
0.4936928451061249,0.11462275683879852,0.8486173748970032,0.7703277468681335,-0.25186818838119507,0.13960760831832886,-0.5689176321029663,0.7471297979354858,0.15229932963848114,0.019978148862719536,0,0.5421534776687622,0.11819524317979813,0.8195298910140991,0.7516636848449707,-0.2784877121448517,0.19168297946453094,-0.5663073062896729,1
0.4993382394313812,0.11495526134967804,0.8455788493156433,0.7685912251472473,-0.25476911664009094,0.1452178657054901,-0.568570077419281,0.7471297979354858,0.15229932963848114,0.019978148862719536,0,0.5475006699562073,0.11859998106956482,0.8157384395599365,0.7494382858276367,-0.28151679039001465,0.197239950299263,-0.565850555896759,1
0.5049662590026855,0.11529518663883209,0.8424539566040039,0.7668027281761169,-0.25768786668777466,0.15083038806915283,-0.5682083368301392,0.7471297979354858,0.15229932963848114,0.019978148862719536,0,0.5527956485748291,0.11900998651981354,0.8118736743927002,0.7471686005592346,-0.28455111384391785,0.20276880264282227,-0.5653798580169678,1
0.5105726718902588,0.1156425029039383,0.8392437100410461,0.7649624943733215,-0.26062294840812683,0.15644238889217377,-0.5678324699401855,0.7471297979354858,0.15229932963848114,0.019978148862719536,0,0.5580378174781799,0.11942534893751144,0.8079361915588379,0.744854748249054,-0.287590891122818,0.2082701474428177,-0.56489497423172,1
0.5161538124084473,0.11599699407815933,0.8359492421150208,0.7630713582038879,-0.2635732591152191,0.1620505154132843,-0.5674423575401306,0.7471297979354858,0.15229932963848114,0.019978148862719536,0,0.5632257461547852,0.11984556913375854,0.8039270639419556,0.7424969673156738,-0.2906356155872345,0.2137427031993866,-0.5643962621688843,1
0.5217059850692749,0.11635842174291611,0.8325714468955994,0.7611296772956848,-0.26653745770454407,0.16765174269676208,-0.5670381188392639,0.7471297979354858,0.15229932963848114,0.019978148862719536,0,0.5683587193489075,0.12027091532945633,0.7998466491699219,0.740095317363739,-0.2936854958534241,0.21918678283691406,-0.5638837218284607,1
0.5272267460823059,0.11672675609588623,0.8291110396385193,0.759137749671936,-0.26951467990875244,0.17324426770210266,-0.5666198134422302,0.7471297979354858,0.15229932963848114,0.019978148862719536,0,0.5734356641769409,0.12070086598396301,0.7956960201263428,0.7376502156257629,-0.29674032330513,0.22460171580314636,-0.5633571743965149,1
0.5327127575874329,0.11710187792778015,0.8255690932273865,0.7570962309837341,-0.27250438928604126,0.17882560193538666,-0.5661871433258057,0.7471297979354858,0.15229932963848114,0.019978148862719536,0,0.5784556269645691,0.12113551795482635,0.7914758920669556,0.7351619005203247,-0.29979968070983887,0.22998709976673126,-0.5628170967102051,1
0.5381608009338379,0.11748356372117996,0.8219471573829651,0.7550057172775269,-0.275505006313324,0.18439334630966187,-0.5657405853271484,0.7471297979354858,0.15229932963848114,0.019978148862719536,0,0.5834176540374756,0.12157496809959412,0.7871866822242737,0.7326306700706482,-0.30286407470703125,0.23534277081489563,-0.5622627139091492,1
0.5435696244239807,0.11787152290344238,0.8182452321052551,0.7528666257858276,-0.27851635217666626,0.1899462789297104,-0.5652793645858765,0.7471297979354858,0.15229932963848114,0.019978148862719536,0,0.5883208513259888,0.12201868742704391,0.782829761505127,0.7300568222999573,-0.30593255162239075,0.24066822230815887,-0.5616947412490845,1
0.54893559217453,0.11826568841934204,0.8144651651382446,0.7506791949272156,-0.28153741359710693,0.19548185169696808,-0.5648045539855957,0.7471297979354858,0.15229932963848114,0.019978148862719536,0,0.5931642651557922,0.12246695160865784,0.7784053683280945,0.727440595626831,-0.3090057671070099,0.24596333503723145,-0.5611127614974976,1
0.5542577505111694,0.11866578459739685,0.8106070756912231,0.7484439611434937,-0.28456810116767883,0.20099952816963196,-0.5643152594566345,0.7471297979354858,0.15229932963848114,0.019978148862719536,0,0.5979472398757935,0.1229192242026329,0.773914635181427,0.7247819304466248,-0.3120834529399872,0.251228004693985,-0.5605171918869019,1
0.5595329403877258,0.11907189339399338,0.8066728115081787,0.746161699295044,-0.2876070737838745,0.2064969688653946,-0.5638118982315063,0.7471297979354858,0.15229932963848114,0.019978148862719536,0,0.6026683449745178,0.123375803232193,0.7693582773208618,0.7220817804336548,-0.31516504287719727,0.25646108388900757,-0.5599075555801392,1
0.5647600293159485,0.11948373168706894,0.8026627898216248,0.7438324689865112,-0.29065439105033875,0.2119733989238739,-0.5632942318916321,0.7471297979354858,0.15229932963848114,0.019978148862719536,0,0.6073269844055176,0.12383612245321274,0.7647374272346497,0.7193397283554077,-0.31825077533721924,0.26166290044784546,-0.559284508228302,1
0.5699368715286255,0.11990120261907578,0.7985780239105225,0.7414568066596985,-0.29370957612991333,0.2174275517463684,-0.5627625584602356,0.7471297979354858,0.15229932963848114,0.019978148862719536,0,0.6119223237037659,0.12430029362440109,0.7600525617599487,0.7165565490722656,-0.3213407099246979,0.2668329179286957,-0.5586475133895874,1
0.5750619769096375,0.12032398581504822,0.7944196462631226,0.7390351295471191,-0.2967718541622162,0.2228579968214035,-0.5622167587280273,0.7471297979354858,0.15229932963848114,0.019978148862719536,0,0.6164534091949463,0.12476839125156403,0.7553045749664307,0.7137324213981628,-0.32443416118621826,0.2719708979129791,-0.5579965710639954,1
0.5801330208778381,0.12075194716453552,0.7901889681816101,0.7365679740905762,-0.2998407185077667,0.2282637059688568,-0.5616571307182312,0.7471297979354858,0.15229932963848114,0.019978148862719536,0,0.6209195852279663,0.12523984909057617,0.7504943609237671,0.7108674049377441,-0.3275316059589386,0.27707645297050476,-0.5573320984840393,1
0.5851494669914246,0.12118526548147202,0.7858861088752747,0.7340556383132935,-0.30291634798049927,0.23364436626434326,-0.5610830783843994,0.7471297979354858,0.15229932963848114,0.019978148862719536,0,0.6253197193145752,0.125714972615242,0.745622992515564,0.7079622149467468,-0.33063238859176636,0.2821493148803711,-0.556653618812561,1
0.5901094675064087,0.12162332236766815,0.7815126776695251,0.7314984798431396,-0.30599814653396606,0.23899872601032257,-0.5604950785636902,0.7471297979354858,0.15229932963848114,0.019978148862719536,0,0.6296530961990356,0.12619315087795258,0.7406911849975586,0.7050167322158813,-0.3337370455265045,0.287189245223999,-0.5559614896774292,1
0.5950111150741577,0.12206623703241348,0.7770698666572571,0.7288970351219177,-0.30908533930778503,0.24432532489299774,-0.5598933100700378,0.7471297979354858,0.15229932963848114,0.019978148862719536,0,0.6339188814163208,0.12667474150657654,0.7357001304626465,0.7020314335823059,-0.3368449807167053,0.2921956479549408,-0.5552557706832886,1
0.5998541116714478,0.12251392006874084,0.77255779504776,0.7262515425682068,-0.3121783137321472,0.249624565243721,-0.5592771172523499,0.7471297979354858,0.15229932963848114,0.019978148862719536,0,0.6381161212921143,0.12715913355350494,0.7306506037712097,0.6990065574645996,-0.339956134557724,0.2971683144569397,-0.5545364022254944,1
0.6046364307403564,0.12296602129936218,0.7679781913757324,0.7235623598098755,-0.31527653336524963,0.2548949420452118,-0.5586471557617188,0.7471297979354858,0.15229932963848114,0.019978148862719536,0,0.642244279384613,0.12764640152454376,0.7255433797836304,0.6959425806999207,-0.3430701494216919,0.302107036113739,-0.5538032054901123,1
0.6093569993972778,0.12342239171266556,0.7633318901062012,0.7208300232887268,-0.3183794319629669,0.2601359188556671,-0.5580034255981445,0.7471297979354858,0.15229932963848114,0.019978148862719536,0,0.6463025212287903,0.12813664972782135,0.7203794121742249,0.6928396821022034,-0.346187561750412,0.30701154470443726,-0.5530562400817871,1
0.6140149235725403,0.12388312816619873,0.7586197853088379,0.7180550694465637,-0.32148703932762146,0.2653469145298004,-0.5573455095291138,0.7471297979354858,0.15229932963848114,0.019978148862719536,0,0.6502900123596191,0.12862926721572876,0.7151598334312439,0.6896979808807373,-0.3493075668811798,0.31188154220581055,-0.5522958040237427,1
0.618608832359314,0.12434767931699753,0.7538427114486694,0.7152373194694519,-0.32459917664527893,0.27052733302116394,-0.5566738247871399,0.7471297979354858,0.15229932963848114,0.019978148862719536,0,0.6542060375213623,0.12912459671497345,0.7098853588104248,0.6865181922912598,-0.35243064165115356,0.3167167007923126,-0.5515214204788208,1
0.623137891292572,0.12481611222028732,0.7490018606185913,0.7123776078224182,-0.32771560549736023,0.2756768763065338,-0.5559881925582886,0.7471297979354858,0.15229932963848114,0.019978148862719536,0,0.658050000667572,0.1296219676733017,0.7045572400093079,0.6833001971244812,-0.3555561602115631,0.3215169310569763,-0.5507335662841797,1
0.6276001930236816,0.12528853118419647,0.7440986633300781,0.7094762921333313,-0.3308357894420624,0.2807944715023041,-0.5552886724472046,0.7471297979354858,0.15229932963848114,0.019978148862719536,0,0.6618208885192871,0.13012178242206573,0.6991763114929199,0.6800447106361389,-0.3586842119693756,0.32628127932548523,-0.549932062625885,1
0.6319959163665771,0.12576435506343842,0.7391334176063538,0.7065337300300598,-0.3339596688747406,0.28587979078292847,-0.5545752644538879,0.7471297979354858,0.15229932963848114,0.019978148862719536,0,0.6655178666114807,0.13062337040901184,0.693743884563446,0.6767517328262329,-0.3618144690990448,0.33101022243499756,-0.5491170287132263,1
0.6363233327865601,0.12624365091323853,0.7341076135635376,0.7035499811172485,-0.33708739280700684,0.29093244671821594,-0.5538480877876282,0.7471297979354858,0.15229932963848114,0.019978148862719536,0,0.6691408753395081,0.13112682104110718,0.6882602572441101,0.6734215617179871,-0.3649473488330841,0.33570313453674316,-0.5482883453369141,1
0.6405819654464722,0.12672609090805054,0.7290220856666565,0.7005256414413452,-0.3402184545993805,0.2959519326686859,-0.5531072020530701,0.7471297979354858,0.15229932963848114,0.019978148862719536,0,0.6726886630058289,0.1316322237253189,0.6827269792556763,0.6700548529624939,-0.3680821359157562,0.3403598964214325,-0.5474459528923035,1
0.6447702646255493,0.12721170485019684,0.7238781452178955,0.6974612474441528,-0.34335243701934814,0.30093759298324585,-0.5523525476455688,0.7471297979354858,0.15229932963848114,0.019978148862719536,0,0.6761606335639954,0.1321389377117157,0.6771451830863953,0.6666515469551086,-0.37121888995170593,0.3449798822402954,-0.5465903282165527,1
0.6488879919052124,0.12770040333271027,0.7186762690544128,0.6943569183349609,-0.34648963809013367,0.30588966608047485,-0.5515838861465454,0.7471297979354858,0.15229932963848114,0.019978148862719536,0,0.6795562505722046,0.1326473355293274,0.6715155243873596,0.6632124185562134,-0.3743576407432556,0.3495628833770752,-0.5457208156585693,1
0.6529339551925659,0.1281917840242386,0.7134179472923279,0.6912131905555725,-0.349629670381546,0.3108069896697998,-0.5508015751838684,0.7471297979354858,0.15229932963848114,0.019978148862719536,0,0.6828749179840088,0.13315671682357788,0.6658391356468201,0.6597371697425842,-0.37749814987182617,0.35410916805267334,-0.544838011264801,1
0.656907320022583,0.12868569791316986,0.7081043720245361,0.6880302429199219,-0.3527720272541046,0.31568944454193115,-0.5500057935714722,0.7471297979354858,0.15229932963848114,0.019978148862719536,0,0.6861162185668945,0.1336672455072403,0.660116970539093,0.6562266945838928,-0.38064056634902954,0.3586181104183197,-0.5439414978027344,1
0.6608073711395264,0.12918248772621155,0.7027363181114197,0.6848084926605225,-0.3559172749519348,0.32053661346435547,-0.5491960644721985,0.7471297979354858,0.15229932963848114,0.019978148862719536,0,0.6892788410186768,0.13417895138263702,0.6543503403663635,0.6526809930801392,-0.3837842643260956,0.3630891740322113,-0.5430315136909485,1
0.6646333336830139,0.1296812742948532,0.6973147988319397,0.6815484166145325,-0.35906463861465454,0.32534849643707275,-0.5483726859092712,0.7471297979354858,0.15229932963848114,0.019978148862719536,0,0.6923629641532898,0.13469119369983673,0.6485402584075928,0.6491006016731262,-0.3869295120239258,0.36752253770828247,-0.5421080589294434,1
0.6683840751647949,0.1301824003458023,0.691841185092926,0.6782503724098206,-0.3622140884399414,0.3301241397857666,-0.5475356578826904,0.7471297979354858,0.15229932963848114,0.019978148862719536,0,0.6953672766685486,0.13520433008670807,0.6426877975463867,0.6454858183860779,-0.39007580280303955,0.3719174861907959,-0.5411711931228638,1
0.6720592975616455,0.1306854635477066,0.6863164305686951,0.6749144792556763,-0.3653654456138611,0.33486345410346985,-0.5466852784156799,0.7471297979354858,0.15229932963848114,0.019978148862719536,0,0.6982916593551636,0.13571768999099731,0.6367940306663513,0.6418367624282837,-0.3932234048843384,0.37627431750297546,-0.5402207374572754,1
0.6756584644317627,0.13119029998779297,0.6807413101196289,0.6715413331985474,-0.3685189485549927,0.3395662009716034,-0.5458211898803711,0.7471297979354858,0.15229932963848114,0.019978148862719536,0,0.7011354565620422,0.13623160123825073,0.6308601498603821,0.6381540894508362,-0.39637184143066406,0.380592405796051,-0.5392569899559021,1
0.6791800856590271,0.13169704377651215,0.6751172542572021,0.6681312322616577,-0.37167391180992126,0.34423205256462097,-0.5449433922767639,0.7471297979354858,0.15229932963848114,0.019978148862719536,0,0.7038982510566711,0.13674543797969818,0.6248868703842163,0.6344378590583801,-0.39952126145362854,0.3848717212677002,-0.5382797122001648,1
0.6826241612434387,0.13220521807670593,0.6694453954696655,0.6646843552589417,-0.37483054399490356,0.3488606810569763,-0.5440521836280823,0.7471297979354858,0.15229932963848114,0.019978148862719536,0,0.7065796256065369,0.13725927472114563,0.6188753247261047,0.6306884288787842,-0.4026714265346527,0.38911205530166626,-0.5372891426086426,1
0.6859898567199707,0.13271479308605194,0.6637264490127563,0.6612014174461365,-0.3779884874820709,0.3534517288208008,-0.5431473851203918,0.7471297979354858,0.15229932963848114,0.019978148862719536,0,0.7091783881187439,0.13777320086956024,0.6128272414207458,0.6269065737724304,-0.4058220088481903,0.3933127522468567,-0.5362849235534668,1
0.6892762780189514,0.1332254707813263,0.6579622626304626,0.6576825976371765,-0.38114771246910095,0.35800468921661377,-0.5422292947769165,0.7471297979354858,0.15229932963848114,0.019978148862719536,0,0.7116948366165161,0.1382865458726883,0.6067432761192322,0.6230922341346741,-0.4089732766151428,0.3974738121032715,-0.5352675318717957,1
0.6924830675125122,0.13373742997646332,0.6521531939506531,0.6541281938552856,-0.3843081593513489,0.36251944303512573,-0.5412976145744324,0.7471297979354858,0.15229932963848114,0.019978148862719536,0,0.7141280174255371,0.13879965245723724,0.6006245017051697,0.6192458271980286,-0.41212496161460876,0.4015952944755554,-0.5342365503311157,1
0.6956092715263367,0.1342502385377884,0.6463011503219604,0.6505389213562012,-0.3874690532684326,0.3669954538345337,-0.5403527021408081,0.7471297979354858,0.15229932963848114,0.019978148862719536,0,0.7164777517318726,0.13931186497211456,0.5944721698760986,0.6153674721717834,-0.41527700424194336,0.4056769609451294,-0.5331923961639404,1
0.6986549496650696,0.13476373255252838,0.6404061913490295,0.6469144225120544,-0.39063146710395813,0.3714331388473511,-0.5393941402435303,0.7471297979354858,0.15229932963848114,0.019978148862719536,0,0.7187433838844299,0.13982351124286652,0.5882874131202698,0.6114581227302551,-0.41842883825302124,0.4097178280353546,-0.5321347713470459,1
0.7016189694404602,0.13527777791023254,0.6344702839851379,0.6432557106018066,-0.39379432797431946,0.3758317530155182,-0.5384223461151123,0.7471297979354858,0.15229932963848114,0.019978148862719536,0,0.7209245562553406,0.14033393561840057,0.5820713043212891,0.607517421245575,-0.4215809106826782,0.41371867060661316,-0.531063973903656,1
0.7045007944107056,0.13579216599464417,0.6284945607185364,0.6395630240440369,-0.3969574570655823,0.38019073009490967,-0.5374373197555542,0.7471297979354858,0.15229932963848114,0.019978148862719536,0,0.7231065630912781,0.14086444675922394,0.5755641460418701,0.6033800840377808,-0.4248640537261963,0.4178426265716553,-0.5299343466758728,1
0.7073037624359131,0.136307954788208,0.6224673986434937,0.6358261108398438,-0.4001270532608032,0.38452115654945374,-0.5364390015602112,0.7471297979354858,0.15229932963848114,0.019978148862719536,0,0.725195586681366,0.141393780708313,0.5690258145332336,0.5992101430892944,-0.42814695835113525,0.42192208766937256,-0.5287902355194092,1
0.7100301384925842,0.13682596385478973,0.6163844466209412,0.6320434212684631,-0.40330663323402405,0.38882485032081604,-0.5354251861572266,0.7471297979354858,0.15229932963848114,0.019978148862719536,0,0.7271921634674072,0.1419212371110916,0.5624570846557617,0.5950074791908264,-0.4314291477203369,0.42595717310905457,-0.5276317596435547,1
0.7126799821853638,0.13734550774097443,0.6102447509765625,0.6282148361206055,-0.4064966142177582,0.39310187101364136,-0.5343945622444153,0.7471297979354858,0.15229932963848114,0.019978148862719536,0,0.7290949821472168,0.14244692027568817,0.5558600425720215,0.590772807598114,-0.4347110390663147,0.4299473166465759,-0.5264589190483093,1
0.7152528166770935,0.13786643743515015,0.6040489077568054,0.624340832233429,-0.4096970856189728,0.39735105633735657,-0.5333468914031982,0.7471297979354858,0.15229932963848114,0.019978148862719536,0,0.7309043407440186,0.14297090470790863,0.5492349863052368,0.5865064859390259,-0.4379924237728119,0.4338923990726471,-0.525271475315094,1
0.7177468538284302,0.13838860392570496,0.5977990627288818,0.6204226613044739,-0.41290730237960815,0.40157121419906616,-0.5322816967964172,0.7471297979354858,0.15229932963848114,0.019978148862719536,0,0.7326192855834961,0.1434924304485321,0.542584240436554,0.5822091102600098,-0.4412722587585449,0.4377919137477875,-0.5240700244903564,1
0.7201606631278992,0.13891148567199707,0.591497540473938,0.6164611577987671,-0.4161261022090912,0.4057604670524597,-0.5311996936798096,0.7471297979354858,0.15229932963848114,0.019978148862719536,0,0.7342396974563599,0.14401161670684814,0.5359086394309998,0.5778807401657104,-0.4445512890815735,0.4416463375091553,-0.5228540897369385,1
0.7224922180175781,0.13943494856357574,0.5851470828056335,0.6124576330184937,-0.4193527102470398,0.4099175035953522,-0.530100405216217,0.7471297979354858,0.15229932963848114,0.019978148862719536,0,0.7357653379440308,0.14452852308750153,0.5292096138000488,0.5735220909118652,-0.44782936573028564,0.4454546272754669,-0.5216238498687744,1
0.7247399687767029,0.1399582177400589,0.5787498354911804,0.6084128022193909,-0.4225861728191376,0.41404056549072266,-0.5289849638938904,0.7471297979354858,0.15229932963848114,0.019978148862719536,0,0.7371957302093506,0.14504244923591614,0.5224886536598206,0.5691335201263428,-0.45110583305358887,0.4492168724536896,-0.520379364490509,1
0.7269024848937988,0.1404816061258316,0.5723081827163696,0.6043279767036438,-0.42582571506500244,0.4181285500526428,-0.5278528332710266,0.7471297979354858,0.15229932963848114,0.019978148862719536,0,0.7385309338569641,0.14555376768112183,0.515746533870697,0.5647152662277222,-0.4543810784816742,0.45293331146240234,-0.5191203355789185,1
0.7289780974388123,0.14100438356399536,0.5658252239227295,0.6002042293548584,-0.42907023429870605,0.4221799075603485,-0.5267044901847839,0.7471297979354858,0.15229932963848114,0.019978148862719536,0,0.7397704720497131,0.14606131613254547,0.5089849233627319,0.560267448425293,-0.4576543867588043,0.4566034972667694,-0.5178474187850952,1
0.7309654355049133,0.14152631163597107,0.5593032836914062,0.5960425138473511,-0.43231895565986633,0.4261934161186218,-0.5255403518676758,0.7471297979354858,0.15229932963848114,0.019978148862719536,0,0.7409136891365051,0.1465659886598587,0.5022060871124268,0.5557915568351746,-0.46092578768730164,0.4602266550064087,-0.5165601968765259,1
0.7328634858131409,0.1420472264289856,0.5527448058128357,0.5918437242507935,-0.43557095527648926,0.4301680028438568,-0.5243608355522156,0.7471297979354858,0.15229932963848114,0.019978148862719536,0,0.7419606447219849,0.14706745743751526,0.49541011452674866,0.5512872338294983,-0.46419557929039,0.463803231716156,-0.5152584314346313,1
0.7346711158752441,0.14256691932678223,0.5461515188217163,0.5876087546348572,-0.4388262629508972,0.4341028332710266,-0.5231654047966003,0.7471297979354858,0.15229932963848114,0.019978148862719536,0,0.7429112792015076,0.14756499230861664,0.4885985851287842,0.5467548370361328,-0.46746325492858887,0.46733295917510986,-0.5139425992965698,1
0.7363872528076172,0.14308515191078186,0.5395261645317078,0.5833385586738586,-0.44208359718322754,0.43799662590026855,-0.5219550132751465,0.7471297979354858,0.15229932963848114,0.019978148862719536,0,0.7437654137611389,0.1480587124824524,0.48177337646484375,0.5421951413154602,-0.47072863578796387,0.47081539034843445,-0.5126127004623413,1
0.7380111813545227,0.14360149204730988,0.5328707098960876,0.5790339112281799,-0.44534265995025635,0.4418490529060364,-0.5207291841506958,0.7471297979354858,0.15229932963848114,0.019978148862719536,0,0.7445223927497864,0.1485486775636673,0.474935919046402,0.5376083254814148,-0.4739915728569031,0.47425058484077454,-0.5112686157226562,1
0.7395419478416443,0.14411599934101105,0.5261868238449097,0.5746957659721375,-0.44860294461250305,0.4456590712070465,-0.5194882750511169,0.7471297979354858,0.15229932963848114,0.019978148862719536,0,0.7451826333999634,0.14903420209884644,0.4680868685245514,0.5329949855804443,-0.47725197672843933,0.4776383340358734,-0.5099102258682251,1
0.7409789562225342,0.14462819695472717,0.5194768905639648,0.5703245401382446,-0.4518637955188751,0.44942614436149597,-0.5182327628135681,0.7471297979354858,0.15229932963848114,0.019978148862719536,0,0.7457456588745117,0.1495153158903122,0.4612281322479248,0.5283553600311279,-0.48050975799560547,0.4809783697128296,-0.5085378289222717,1
0.7423211932182312,0.14513815939426422,0.5127432346343994,0.5659216046333313,-0.45512479543685913,0.45314887166023254,-0.5169625282287598,0.7471297979354858,0.15229932963848114,0.019978148862719536,0,0.7462114095687866,0.1499921679496765,0.45436084270477295,0.5236901044845581,-0.4837647080421448,0.48427045345306396,-0.5071512460708618,1
0.7435689568519592,0.1456451714038849,0.5059865117073059,0.5614866018295288,-0.4583859145641327,0.4568280875682831,-0.5156773328781128,0.7471297979354858,0.15229932963848114,0.019978148862719536,0,0.7465798258781433,0.1504640132188797,0.44748663902282715,0.5189993977546692,-0.487016499042511,0.48751476407051086,-0.505750834941864,1
0.7447210550308228,0.14614886045455933,0.49920910596847534,0.5570208430290222,-0.4616461992263794,0.46046242117881775,-0.5143780708312988,0.7471297979354858,0.15229932963848114,0.019978148862719536,0,0.746850848197937,0.15093089640140533,0.4406065046787262,0.5142837762832642,-0.49026522040367126,0.490710973739624,-0.5043361186981201,1
0.7457769513130188,0.14665016531944275,0.4924137592315674,0.5525256395339966,-0.4649055600166321,0.4640510082244873,-0.5130640864372253,0.7471297979354858,0.15229932963848114,0.019978148862719536,0,0.7470241785049438,0.15139301121234894,0.43372246623039246,0.5095439553260803,-0.49351081252098083,0.49385854601860046,-0.5029072761535645,1
0.7467366456985474,0.14714789390563965,0.48560088872909546,0.5480004549026489,-0.46816378831863403,0.4675942361354828,-0.5117359161376953,0.7471297979354858,0.15229932963848114,0.019978148862719536,0,0.7471001148223877,0.15184955298900604,0.4268355667591095,0.5047799348831177,-0.4967527985572815,0.49695777893066406,-0.5014646053314209,1
0.7475997805595398,0.14764218032360077,0.47877252101898193,0.5434466600418091,-0.4714205265045166,0.4710911810398102,-0.5103933811187744,0.7471297979354858,0.15229932963848114,0.019978148862719536,0,0.7470784783363342,0.15230092406272888,0.41994673013687134,0.4999922811985016,-0.4999912679195404,0.5000085234642029,-0.5000079274177551,1
0.7483659982681274,0.1481325328350067,0.47193050384521484,0.5388643741607666,-0.47467538714408875,0.47454169392585754,-0.5090368390083313,0.7471297979354858,0.15229932963848114,0.019978148862719536,0,0.7483659982681274,0.1481325328350067,0.47193050384521484,0.5388643741607666,-0.47467538714408875,0.47454169392585754,-0.5090368390083313,1
0.7493506073951721,0.14839063584804535,0.46545711159706116,0.5356398224830627,-0.4782370626926422,0.4776764214038849,-0.5061664581298828,0.7471297979354858,0.15229932963848114,0.019978148862719536,0,0.7488435506820679,0.14820007979869843,0.4696749746799469,0.5384793877601624,-0.47493135929107666,0.4748157560825348,-0.5089499950408936,1
0.7503777742385864,0.14852000772953033,0.45984673500061035,0.533011257648468,-0.48105114698410034,0.4803266227245331,-0.5037608742713928,0.7471297979354858,0.15229932963848114,0.019978148862719536,0,0.7493110299110413,0.1482672095298767,0.4674181640148163,0.5380943417549133,-0.47518712282180786,0.4750891327857971,-0.5088633298873901,1
0.7513231635093689,0.14858704805374146,0.45530110597610474,0.5309945344924927,-0.48314419388771057,0.482333779335022,-0.5019665956497192,0.7471297979354858,0.15229932963848114,0.019978148862719536,0,0.7497686147689819,0.1483338326215744,0.46515995264053345,0.5377089977264404,-0.47544318437576294,0.4753624498844147,-0.5087761878967285,1
0.7521787881851196,0.14862924814224243,0.45186057686805725,0.5296114087104797,-0.4845360815525055,0.48368680477142334,-0.5007829070091248,0.7471297979354858,0.15229932963848114,0.019978148862719536,0,0.7502161264419556,0.1483999788761139,0.4629005789756775,0.537323534488678,-0.47569912672042847,0.475635290145874,-0.508689284324646,1
0.7529612183570862,0.14866358041763306,0.44952595233917236,0.5288674235343933,-0.48524412512779236,0.48439231514930725,-0.5002012848854065,0.7471297979354858,0.15229932963848114,0.019978148862719536,0,0.7506536245346069,0.14846569299697876,0.4606398940086365,0.5369377732276917,-0.47595518827438354,0.47590774297714233,-0.5086021423339844,1
0.7536590695381165,0.14869093894958496,0.4481866955757141,0.52869713306427,-0.4853437840938568,0.48452240228652954,-0.5001586675643921,0.7471297979354858,0.15229932963848114,0.019978148862719536,0,0.7510809302330017,0.14853088557720184,0.4583781361579895,0.5365519523620605,-0.47621116042137146,0.4761801064014435,-0.508514940738678,1
0.7541619539260864,0.14869125187397003,0.44727131724357605,0.5287306904792786,-0.4852111041545868,0.4844440221786499,-0.5003278851509094,0.7471297979354858,0.15229932963848114,0.019978148862719536,0,0.7514983415603638,0.1485956460237503,0.45611533522605896,0.5361658334732056,-0.4764670729637146,0.47645196318626404,-0.5084276795387268,1
0.7544705271720886,0.14867998659610748,0.44664397835731506,0.5288709402084351,-0.4849572777748108,0.48425227403640747,-0.5006111860275269,0.7471297979354858,0.15229932963848114,0.019978148862719536,0,0.7519055604934692,0.14865988492965698,0.453851580619812,0.5357797741889954,-0.47672298550605774,0.47672349214553833,-0.5083402991294861,1
0.75468909740448,0.14867937564849854,0.4461131691932678,0.5290639996528625,-0.484649658203125,0.48400163650512695,-0.5009473562240601,0.7471297979354858,0.15229932963848114,0.019978148862719536,0,0.7523027062416077,0.14872367680072784,0.45158663392066956,0.535393238067627,-0.4769790768623352,0.4769948124885559,-0.5082528591156006,1
0.7548732161521912,0.14869186282157898,0.44554516673088074,0.5292572379112244,-0.4843435287475586,0.4837450087070465,-0.5012871026992798,0.7471297979354858,0.15229932963848114,0.019978148862719536,0,0.7526896595954895,0.14878694713115692,0.4493212103843689,0.5350068211555481,-0.47723498940467834,0.4772656261920929,-0.508165180683136,1
0.7550517916679382,0.14871430397033691,0.44487375020980835,0.5294212102890015,-0.484067440032959,0.48351186513900757,-0.5016055703163147,0.7471297979354858,0.15229932963848114,0.019978148862719536,0,0.7530667185783386,0.14884978532791138,0.44705480337142944,0.5346201062202454,-0.47749078273773193,0.47753602266311646,-0.5080778002738953,1
0.7552377581596375,0.14874403178691864,0.4440728724002838,0.529542863368988,-0.48383286595344543,0.4833158254623413,-0.5018922686576843,0.7471297979354858,0.15229932963848114,0.019978148862719536,0,0.7534337639808655,0.14891208708286285,0.44478726387023926,0.5342332124710083,-0.47774675488471985,0.4778064489364624,-0.5079900622367859,1
0.7554374933242798,0.1487787663936615,0.44313517212867737,0.5296176671981812,-0.4836440980434418,0.48316171765327454,-0.5021435022354126,0.7471297979354858,0.15229932963848114,0.019978148862719536,0,0.7537906169891357,0.14897394180297852,0.44251930713653564,0.5338461399078369,-0.47800272703170776,0.47807610034942627,-0.5079023241996765,1
0.7556519508361816,0.14881770312786102,0.4420642852783203,0.5296465158462524,-0.4835003614425659,0.48304951190948486,-0.5023596286773682,0.7471297979354858,0.15229932963848114,0.019978148862719536,0,0.7541372776031494,0.1490352600812912,0.4402506351470947,0.533458948135376,-0.47825857996940613,0.4783456027507782,-0.5078145861625671,1
0.7558813691139221,0.1488591730594635,0.44086754322052,0.5296307802200317,-0.4833991527557373,0.48297756910324097,-0.5025426745414734,0.7471297979354858,0.15229932963848114,0.019978148862719536,0,0.7544740438461304,0.14909613132476807,0.43798109889030457,0.5330715775489807,-0.4785144031047821,0.478614866733551,-0.5077266097068787,1
0.7561233043670654,0.1489030122756958,0.4395557641983032,0.5295743346214294,-0.48333731293678284,0.48294275999069214,-0.5026949048042297,0.7471297979354858,0.15229932963848114,0.019978148862719536,0,0.7548004984855652,0.14915648102760315,0.4357111155986786,0.5326840877532959,-0.4787704050540924,0.4788835942745209,-0.5076386332511902,1
0.7563759684562683,0.1489482969045639,0.43814003467559814,0.5294809341430664,-0.4833108186721802,0.48294177651405334,-0.5028199553489685,0.7471297979354858,0.15229932963848114,0.019978148862719536,0,0.7551169991493225,0.14921633899211884,0.4334402084350586,0.5322962999343872,-0.47902628779411316,0.4791521728038788,-0.5075505375862122,1
0.7566370368003845,0.14899548888206482,0.43662962317466736,0.5293541550636292,-0.48331648111343384,0.48297107219696045,-0.5029197335243225,0.7471297979354858,0.15229932963848114,0.019978148862719536,0,0.7554234266281128,0.14927569031715393,0.4311692416667938,0.5319085121154785,-0.4792822003364563,0.47942015528678894,-0.5074623823165894,1
0.7569043636322021,0.14904358983039856,0.4350349009037018,0.529197633266449,-0.4833504557609558,0.48302754759788513,-0.502997636795044,0.7471297979354858,0.15229932963848114,0.019978148862719536,0,0.7557197213172913,0.14933456480503082,0.4288971424102783,0.5315203070640564,-0.4795381426811218,0.47968825697898865,-0.5073739886283875,1
0.7571761012077332,0.14909280836582184,0.4333648085594177,0.529014527797699,-0.48340991139411926,0.4831079840660095,-0.5030558109283447,0.7471297979354858,0.15229932963848114,0.019978148862719536,0,0.7560058832168579,0.14939293265342712,0.4266250729560852,0.5311319828033447,-0.4797939956188202,0.4799557328224182,-0.5072857737541199,1
0.7574500441551208,0.14914274215698242,0.43162739276885986,0.5288076400756836,-0.48349201679229736,0.48320990800857544,-0.5030964016914368,0.7471297979354858,0.15229932963848114,0.019978148862719536,0,0.7562820911407471,0.14945080876350403,0.4243524968624115,0.5307436585426331,-0.48005005717277527,0.48022282123565674,-0.507197380065918,1
0.7577250003814697,0.14919334650039673,0.4298297166824341,0.5285796523094177,-0.4835941791534424,0.4833308756351471,-0.5031216740608215,0.7471297979354858,0.15229932963848114,0.019978148862719536,0,0.7565480470657349,0.14950813353061676,0.42207974195480347,0.5303550362586975,-0.48030585050582886,0.48048967123031616,-0.5071088671684265,1
0.757999062538147,0.149244487285614,0.4279786944389343,0.5283329486846924,-0.48371410369873047,0.48346832394599915,-0.5031334161758423,0.7471297979354858,0.15229932963848114,0.019978148862719536,0,0.7568039298057556,0.14956499636173248,0.41980674862861633,0.5299662947654724,-0.48056164383888245,0.48075607419013977,-0.5070204138755798,1
0.7582712173461914,0.1492961198091507,0.4260800778865814,0.5280697345733643,-0.48384979367256165,0.48362085223197937,-0.5031327605247498,0.7471297979354858,0.15229932963848114,0.019978148862719536,0,0.7570496797561646,0.14962132275104523,0.41753360629081726,0.5295775532722473,-0.48081743717193604,0.4810221493244171,-0.506931722164154,1
0.7585400342941284,0.149348184466362,0.4241393208503723,0.5277918577194214,-0.4839993119239807,0.483786016702652,-0.5031216740608215,0.7471297979354858,0.15229932963848114,0.019978148862719536,0,0.7572853565216064,0.14967714250087738,0.4152601957321167,0.5291883945465088,-0.4810732901096344,0.48128798604011536,-0.5068430304527283,1
0.7588047981262207,0.14940036833286285,0.4221605956554413,0.5275007486343384,-0.4841613471508026,0.4839629530906677,-0.5031008124351501,0.7471297979354858,0.15229932963848114,0.019978148862719536,0,0.7575110197067261,0.14973220229148865,0.4129864573478699,0.5287990570068359,-0.4813292622566223,0.4815536141395569,-0.5067541599273682,1
0.7590646147727966,0.14945288002490997,0.4201485514640808,0.5271981358528137,-0.48433423042297363,0.4841499328613281,-0.5030717253684998,0.7471297979354858,0.15229932963848114,0.019978148862719536,0,0.7577265501022339,0.14978699386119843,0.4107128381729126,0.5284097194671631,-0.48158499598503113,0.4818185567855835,-0.5066654682159424,1
0.7593186497688293,0.14950567483901978,0.4181065261363983,0.5268853306770325,-0.48451676964759827,0.48434576392173767,-0.5030351281166077,0.7471297979354858,0.15229932963848114,0.019978148862719536,0,0.7579318284988403,0.1498412787914276,0.40843918919563293,0.5280200839042664,-0.4818407893180847,0.48208338022232056,-0.5065765380859375,1
0.7595661282539368,0.1495581716299057,0.4160381853580475,0.5265632271766663,-0.4847078323364258,0.48454946279525757,-0.5029923319816589,0.7471297979354858,0.15229932963848114,0.019978148862719536,0,0.7581272721290588,0.14989504218101501,0.4061654210090637,0.5276303887367249,-0.4820966124534607,0.4823477864265442,-0.5064873695373535,1
0.7598066926002502,0.14961086213588715,0.41394615173339844,0.5262329578399658,-0.48490655422210693,0.48476022481918335,-0.5029432773590088,0.7471297979354858,0.15229932963848114,0.019978148862719536,0,0.7583122253417969,0.14994831383228302,0.4038918614387512,0.5272404551506042,-0.4823524057865143,0.48261186480522156,-0.5063983201980591,1
0.7600396871566772,0.14966349303722382,0.4118332862854004,0.5258956551551819,-0.4851119816303253,0.4849766492843628,-0.5028893947601318,0.7471297979354858,0.15229932963848114,0.019978148862719536,0,0.7584874033927917,0.15000104904174805,0.4016183018684387,0.5268504023551941,-0.4826081395149231,0.48287564516067505,-0.5063091516494751,1
0.7602648138999939,0.14971572160720825,0.4097018837928772,0.5255515575408936,-0.4853231906890869,0.4851987361907959,-0.5028309226036072,0.7471297979354858,0.15229932963848114,0.019978148862719536,0,0.7586525082588196,0.1500532627105713,0.399344801902771,0.5264601111412048,-0.48286423087120056,0.48313918709754944,-0.506219744682312,1
0.7604817152023315,0.14976811408996582,0.40755391120910645,0.5252021551132202,-0.4855397641658783,0.4854252338409424,-0.502768337726593,0.7471297979354858,0.15229932963848114,0.019978148862719536,0,0.7588073015213013,0.15010493993759155,0.39707183837890625,0.5260697603225708,-0.48311981558799744,0.48340219259262085,-0.5061303973197937,1
0.7606897354125977,0.14982037246227264,0.4053914248943329,0.5248475670814514,-0.48576098680496216,0.4856557250022888,-0.5027023553848267,0.7471297979354858,0.15229932963848114,0.019978148862719536,0,0.7589520812034607,0.15015609562397003,0.3947991132736206,0.5256792306900024,-0.4833757281303406,0.4836648404598236,-0.5060409307479858,1
0.7608892917633057,0.14987216889858246,0.4032154679298401,0.5244881510734558,-0.4859864413738251,0.48589015007019043,-0.5026330351829529,0.7471297979354858,0.15229932963848114,0.019978148862719536,0,0.7590868473052979,0.15020674467086792,0.3925267159938812,0.5252885818481445,-0.483631432056427,0.48392733931541443,-0.5059514045715332,1
0.7610794901847839,0.14992380142211914,0.4010288119316101,0.5241252779960632,-0.48621511459350586,0.48612725734710693,-0.5025612711906433,0.7471297979354858,0.15229932963848114,0.019978148862719536,0,0.7592113018035889,0.15025685727596283,0.39025479555130005,0.5248976945877075,-0.4838871359825134,0.48418933153152466,-0.5058619976043701,1
0.7612603902816772,0.1499752402305603,0.39883139729499817,0.5237583518028259,-0.48644718527793884,0.48636725544929504,-0.5024868249893188,0.7471297979354858,0.15229932963848114,0.019978148862719536,0,0.7593259215354919,0.15030643343925476,0.38798320293426514,0.524506688117981,-0.4841429889202118,0.4844508171081543,-0.5057723522186279,1
0.761431872844696,0.15002644062042236,0.3966256380081177,0.5233888626098633,-0.4866819977760315,0.48660925030708313,-0.502410352230072,0.7471297979354858,0.15229932963848114,0.019978148862719536,0,0.7594305276870728,0.1503554880619049,0.38571158051490784,0.5241153240203857,-0.48439884185791016,0.48471251130104065,-0.5056824088096619,1
0.761593759059906,0.15007717907428741,0.3944116234779358,0.5230161547660828,-0.4869192838668823,0.4868535101413727,-0.5023319125175476,0.7471297979354858,0.15229932963848114,0.019978148862719536,0,0.7595248222351074,0.15040399134159088,0.3834408223628998,0.5237239003181458,-0.4846545457839966,0.4849734604358673,-0.5055926442146301,1
0.761745810508728,0.15012742578983307,0.3921911120414734,0.522641122341156,-0.4871586561203003,0.487099289894104,-0.502251923084259,0.7471297979354858,0.15229932963848114,0.019978148862719536,0,0.7596092224121094,0.15045197308063507,0.3811705708503723,0.523332417011261,-0.48491036891937256,0.48523417115211487,-0.5055025815963745,1
0.7618884444236755,0.15017744898796082,0.38996386528015137,0.5222635865211487,-0.48739996552467346,0.4873467981815338,-0.5021702647209167,0.7471297979354858,0.15229932963848114,0.019978148862719536,0,0.7596834897994995,0.15049941837787628,0.37890106439590454,0.5229406952857971,-0.485166072845459,0.4854944944381714,-0.5054126381874084,1
0.7620208859443665,0.15022696554660797,0.38773179054260254,0.5218842625617981,-0.4876430630683899,0.4875952899456024,-0.5020873546600342,0.7471297979354858,0.15229932963848114,0.019978148862719536,0,0.7597475647926331,0.1505463421344757,0.37663233280181885,0.5225489139556885,-0.4854218363761902,0.4857543408870697,-0.5053225755691528,1
0.7621434926986694,0.15027622878551483,0.38549506664276123,0.5215031504631042,-0.4878876507282257,0.48784494400024414,-0.5020033121109009,0.7471297979354858,0.15229932963848114,0.019978148862719536,0,0.7598016262054443,0.15059266984462738,0.3743641972541809,0.522156834602356,-0.4856775403022766,0.48601412773132324,-0.5052323937416077,1
0.7622559666633606,0.15032470226287842,0.3832544982433319,0.5211202502250671,-0.4881332814693451,0.48809558153152466,-0.5019184350967407,0.7471297979354858,0.15229932963848114,0.019978148862719536,0,0.7598457932472229,0.15063852071762085,0.37209683656692505,0.5217646360397339,-0.4859331548213959,0.4862733483314514,-0.505142331123352,1
0.7623583078384399,0.1503732055425644,0.38101041316986084,0.5207361578941345,-0.48838043212890625,0.4883469045162201,-0.5018321871757507,0.7471297979354858,0.15229932963848114,0.019978148862719536,0,0.7598798871040344,0.15068380534648895,0.36983004212379456,0.5213723182678223,-0.486189067363739,0.48653244972229004,-0.5050517320632935,1
0.7624508738517761,0.1504209041595459,0.37876302003860474,0.5203505754470825,-0.4886285662651062,0.48859885334968567,-0.5017454028129578,0.7471297979354858,0.15229932963848114,0.019978148862719536,0,0.7599037885665894,0.15072855353355408,0.36756449937820435,0.5209798216819763,-0.4864445626735687,0.4867909848690033,-0.5049615502357483,1
0.7625331282615662,0.15046833455562592,0.3765135109424591,0.5199640393257141,-0.4888772964477539,0.48885124921798706,-0.5016579627990723,0.7471297979354858,0.15229932963848114,0.019978148862719536,0,0.7599177956581116,0.15077273547649384,0.3652997612953186,0.5205872654914856,-0.48670026659965515,0.48704931139945984,-0.5048709511756897,1
0.7626053094863892,0.15051524341106415,0.3742617070674896,0.519576370716095,-0.4891270101070404,0.48910415172576904,-0.5015696883201599,0.7471297979354858,0.15229932963848114,0.019978148862719536,0,0.759921669960022,0.150816410779953,0.36303603649139404,0.5201943516731262,-0.48695600032806396,0.48730725049972534,-0.5047804117202759,1
0.7626672983169556,0.1505616009235382,0.37200823426246643,0.5191878080368042,-0.48937729001045227,0.4893571734428406,-0.5014811158180237,0.7471297979354858,0.15229932963848114,0.019978148862719536,0,0.7599154710769653,0.1508595198392868,0.36077335476875305,0.5198013782501221,-0.48721155524253845,0.4875648021697998,-0.5046899318695068,1
0.7627192139625549,0.15060746669769287,0.36975333094596863,0.5187984704971313,-0.4896281957626343,0.48961037397384644,-0.5013918876647949,0.7471297979354858,0.15229932963848114,0.019978148862719536,0,0.7598993182182312,0.15090206265449524,0.35851138830184937,0.519408106803894,-0.48746752738952637,0.4878222346305847,-0.5045989751815796,1
0.7627607583999634,0.15065298974514008,0.36749744415283203,0.5184084177017212,-0.48987966775894165,0.48986369371414185,-0.5013023018836975,0.7471297979354858,0.15229932963848114,0.019978148862719536,0,0.7598731517791748,0.1509440839290619,0.35625046491622925,0.5190145969390869,-0.4877232015132904,0.48807939887046814,-0.5045079588890076,1
0.7627924680709839,0.15069802105426788,0.3652404248714447,0.5180176496505737,-0.49013158679008484,0.49011731147766113,-0.5012122392654419,0.7471297979354858,0.15229932963848114,0.019978148862719536,0,0.7598369717597961,0.15098555386066437,0.3539908826351166,0.5186211466789246,-0.48797884583473206,0.48833587765693665,-0.5044172406196594,1
0.7628136277198792,0.15074248611927032,0.36298322677612305,0.5176262855529785,-0.4903838336467743,0.4903706908226013,-0.5011218786239624,0.7471297979354858,0.15229932963848114,0.019978148862719536,0,0.7597908973693848,0.1510264277458191,0.3517325520515442,0.5182275176048279,-0.48823460936546326,0.48859208822250366,-0.5043262839317322,1
0.7628248929977417,0.1507864147424698,0.3607254922389984,0.5172344446182251,-0.4906362295150757,0.49062415957450867,-0.5010313391685486,0.7471297979354858,0.15229932963848114,0.019978148862719536,0,0.7597347497940063,0.15106680989265442,0.349475622177124,0.5178338289260864,-0.4884900748729706,0.4888480007648468,-0.5042352080345154,1
0.7628259062767029,0.15082977712154388,0.3584679067134857,0.5168423056602478,-0.4908889830112457,0.4908773601055145,-0.5009403824806213,0.7471297979354858,0.15229932963848114,0.019978148862719536,0,0.7596684694290161,0.151106595993042,0.34721994400024414,0.5174398422241211,-0.488745778799057,0.4891034662723541,-0.5041440725326538,1
0.7628167867660522,0.150872603058815,0.35621005296707153,0.5164494514465332,-0.49114200472831726,0.49113091826438904,-0.500849187374115,0.7471297979354858,0.15229932963848114,0.019978148862719536,0,0.7595923542976379,0.1511455476284027,0.34496575593948364,0.5170457363128662,-0.48900115489959717,0.4893588721752167,-0.5040529370307922,1
0.762797474861145,0.15091486275196075,0.35395264625549316,0.5160562992095947,-0.49139517545700073,0.4913838803768158,-0.5007578730583191,0.7471297979354858,0.15229932963848114,0.019978148862719536,0,0.7595062851905823,0.15118423104286194,0.34271273016929626,0.5166513323783875,-0.4892568588256836,0.48961377143859863,-0.5039618015289307,1
0.7627681493759155,0.15095685422420502,0.35169535875320435,0.5156627893447876,-0.49164867401123047,0.491636723279953,-0.5006663203239441,0.7471297979354858,0.15229932963848114,0.019978148862719536,0,0.7594100832939148,0.1512223482131958,0.34046152234077454,0.5162569880485535,-0.4895124137401581,0.48986807465553284,-0.50387042760849,1
0.7627286314964294,0.15099801123142242,0.34943872690200806,0.5152686238288879,-0.491902232170105,0.4918898344039917,-0.5005744099617004,0.7471297979354858,0.15229932963848114,0.019978148862719536,0,0.7593041658401489,0.1512599140405655,0.3382113575935364,0.5158624053001404,-0.4897679388523102,0.4901224970817566,-0.5037789344787598,1
0.7626789212226868,0.15103860199451447,0.34718263149261475,0.514874279499054,-0.4921559989452362,0.49214234948158264,-0.5004825592041016,0.7471297979354858,0.15229932963848114,0.019978148862719536,0,0.7591880559921265,0.15129689872264862,0.33596256375312805,0.5154673457145691,-0.49002376198768616,0.4903765022754669,-0.50368732213974,1
0.762619137763977,0.1510789394378662,0.34492745995521545,0.5144796967506409,-0.4924097955226898,0.4923945367336273,-0.5003904700279236,0.7471297979354858,0.15229932963848114,0.019978148862719536,0,0.7590621709823608,0.15133333206176758,0.33371588587760925,0.5150726437568665,-0.49027928709983826,0.4906298518180847,-0.5035957098007202,1
0.7625492215156555,0.1511186957359314,0.34267348051071167,0.5140852332115173,-0.4926636219024658,0.49264633655548096,-0.5002984404563904,0.7471297979354858,0.15229932963848114,0.019978148862719536,0,0.7589263319969177,0.15136919915676117,0.3314707279205322,0.5146774649620056,-0.4905349314212799,0.4908831715583801,-0.5035040378570557,1
0.7624693512916565,0.15115761756896973,0.3404201865196228,0.5136902928352356,-0.4929172694683075,0.4928981065750122,-0.5002061724662781,0.7471297979354858,0.15229932963848114,0.019978148862719536,0,0.7587805986404419,0.15140452980995178,0.3292270600795746,0.5142822265625,-0.49079060554504395,0.4911360740661621,-0.5034120082855225,1
0.7623793482780457,0.15119625627994537,0.3381679356098175,0.5132948160171509,-0.493171364068985,0.4931495487689972,-0.500113844871521,0.7471297979354858,0.15229932963848114,0.019978148862719536,0,0.7586249113082886,0.15143926441669464,0.32698550820350647,0.5138869285583496,-0.4910459518432617,0.49138838052749634,-0.5033204555511475,1
0.7622793912887573,0.15123434364795685,0.33591705560684204,0.5128994584083557,-0.4934253394603729,0.49340060353279114,-0.5000213384628296,0.7471297979354858,0.15229932963848114,0.019978148862719536,0,0.7584593296051025,0.15147343277931213,0.32474520802497864,0.5134910941123962,-0.49130168557167053,0.4916406571865082,-0.5032284259796143,1
0.762169361114502,0.15127158164978027,0.3336676359176636,0.5125037431716919,-0.4936792254447937,0.49365130066871643,-0.49992892146110535,0.7471297979354858,0.15229932963848114,0.019978148862719536,0,0.7582836747169495,0.15150704979896545,0.32250720262527466,0.5130955576896667,-0.49155721068382263,0.4918925166130066,-0.5031362771987915,1
0.7620491981506348,0.15130853652954102,0.3314196467399597,0.5121080875396729,-0.4939329922199249,0.49390169978141785,-0.49983644485473633,0.7471297979354858,0.15229932963848114,0.019978148862719536,0,0.7580982446670532,0.15154007077217102,0.32027116417884827,0.5126997828483582,-0.49181264638900757,0.49214380979537964,-0.5030443668365479,1
0.7619190216064453,0.1513449251651764,0.3291729688644409,0.5117120146751404,-0.49418696761131287,0.49415189027786255,-0.4997437298297882,0.7471297979354858,0.15229932963848114,0.019978148862719536,0,0.757902979850769,0.15157254040241241,0.31803691387176514,0.5123037695884705,-0.49206802248954773,0.4923950135707855,-0.5029521584510803,1
0.7617789506912231,0.1513807624578476,0.32692793011665344,0.5113160610198975,-0.49444088339805603,0.49440160393714905,-0.49965089559555054,0.7471297979354858,0.15229932963848114,0.019978148862719536,0,0.7576979398727417,0.15160444378852844,0.31580469012260437,0.5119076371192932,-0.4923235774040222,0.49264565110206604,-0.5028600096702576,1
0.7616288065910339,0.15141598880290985,0.32468441128730774,0.5109196901321411,-0.49469491839408875,0.49465104937553406,-0.4995580315589905,0.7471297979354858,0.15229932963848114,0.019978148862719536,0,0.7574829459190369,0.15163573622703552,0.3135744035243988,0.5115112066268921,-0.4925791621208191,0.492896169424057,-0.5027676820755005,1
0.7614686489105225,0.15145067870616913,0.322442889213562,0.5105233192443848,-0.49494877457618713,0.49490004777908325,-0.49946534633636475,0.7471297979354858,0.15229932963848114,0.019978148862719536,0,0.7572581171989441,0.15166649222373962,0.31134629249572754,0.5111148357391357,-0.4928346276283264,0.4931461811065674,-0.5026752352714539,1
0.7612987160682678,0.15148480236530304,0.32020261883735657,0.5101264119148254,-0.49520283937454224,0.49514883756637573,-0.49937233328819275,0.7471297979354858,0.15229932963848114,0.019978148862719536,0,0.7570236325263977,0.15169666707515717,0.3091200590133667,0.5107181668281555,-0.49309006333351135,0.4933961033821106,-0.5025826096534729,1
0.7611187696456909,0.1515180766582489,0.3179646134376526,0.5097296833992004,-0.4954565167427063,0.4953972101211548,-0.49927958846092224,0.7471297979354858,0.15229932963848114,0.019978148862719536,0,0.756779134273529,0.15172626078128815,0.30689623951911926,0.5103211998939514,-0.49334561824798584,0.4936456084251404,-0.5024900436401367,1
0.7609289884567261,0.1515510529279709,0.3157283365726471,0.5093327760696411,-0.4957102835178375,0.4956449866294861,-0.4991866648197174,0.7471297979354858,0.15229932963848114,0.019978148862719536,0,0.7565248608589172,0.15175527334213257,0.3046746551990509,0.5099243521690369,-0.49360114336013794,0.4938945472240448,-0.5023974180221558,1
0.7607290744781494,0.1515834778547287,0.31349417567253113,0.5089359283447266,-0.49596402049064636,0.49589258432388306,-0.49909359216690063,0.7471297979354858,0.15229932963848114,0.019978148862719536,0,0.7562608122825623,0.15178373456001282,0.3024553060531616,0.5095274448394775,-0.49385663866996765,0.49414318799972534,-0.5023045539855957,1
0.7605194449424744,0.15161529183387756,0.3112620711326599,0.5085387825965881,-0.4962174594402313,0.49613985419273376,-0.499000608921051,0.7471297979354858,0.15229932963848114,0.019978148862719536,0,0.7559869885444641,0.15181158483028412,0.30023840069770813,0.5091302990913391,-0.4941120743751526,0.49439138174057007,-0.5022118091583252,1
0.7602999210357666,0.15164658427238464,0.3090320825576782,0.5081416964530945,-0.4964710772037506,0.4963866174221039,-0.49890756607055664,0.7471297979354858,0.15229932963848114,0.019978148862719536,0,0.7557032108306885,0.15183885395526886,0.29802390933036804,0.5087329149246216,-0.49436742067337036,0.49463951587677,-0.5021188855171204,1
0.7600705623626709,0.15167725086212158,0.30680420994758606,0.5077444314956665,-0.4967246353626251,0.49663296341896057,-0.4988144636154175,0.7471297979354858,0.15229932963848114,0.019978148862719536,0,0.7554099559783936,0.15186555683612823,0.29581141471862793,0.5083351731300354,-0.4946229159832001,0.4948873519897461,-0.502025842666626,1
0.7598313093185425,0.15170735120773315,0.3045785427093506,0.507347047328949,-0.49697816371917725,0.4968789517879486,-0.49872133135795593,0.7471297979354858,0.15229932963848114,0.019978148862719536,0,0.7551069855690002,0.15189167857170105,0.29360175132751465,0.5079375505447388,-0.4948783814907074,0.49513453245162964,-0.5019329190254211,1
0.7595821619033813,0.15173690021038055,0.3023552894592285,0.5069494247436523,-0.49723154306411743,0.49712467193603516,-0.4986282289028168,0.7471297979354858,0.15229932963848114,0.019978148862719536,0,0.7547941207885742,0.1519172042608261,0.2913947105407715,0.5075397491455078,-0.4951336085796356,0.49538153409957886,-0.5018397569656372,1
0.7593231797218323,0.1517658680677414,0.3001341223716736,0.5065518021583557,-0.49748495221138,0.4973698854446411,-0.4985349774360657,0.7471297979354858,0.15229932963848114,0.019978148862719536,0,0.7544715404510498,0.1519421637058258,0.2891899347305298,0.5071415901184082,-0.49538901448249817,0.4956282377243042,-0.5017465949058533,1
0.7590545415878296,0.15179425477981567,0.2979154586791992,0.5061541795730591,-0.49773818254470825,0.4976147711277008,-0.498441606760025,0.7471297979354858,0.15229932963848114,0.019978148862719536,0,0.7541393041610718,0.15196654200553894,0.2869880795478821,0.5067436099052429,-0.49564439058303833,0.4958745539188385,-0.5016531944274902,1
0.7587759494781494,0.1518220603466034,0.2956990599632263,0.5057561993598938,-0.49799153208732605,0.49785932898521423,-0.4983484447002411,0.7471297979354858,0.15229932963848114,0.019978148862719536,0,0.7537974119186401,0.15199030935764313,0.2847886085510254,0.5063451528549194,-0.4958997070789337,0.4961204528808594,-0.5015599131584167,1
0.7584875822067261,0.15184928476810455,0.2934854328632355,0.5053583383560181,-0.4982447326183319,0.4981032907962799,-0.4982551634311676,0.7471297979354858,0.15229932963848114,0.019978148862719536,0,0.7534457445144653,0.15201349556446075,0.2825923264026642,0.5059468746185303,-0.4961550533771515,0.496366024017334,-0.5014663934707642,1
0.7581895589828491,0.15187592804431915,0.29127413034439087,0.5049601793289185,-0.4984980523586273,0.4983469843864441,-0.4981616735458374,0.7471297979354858,0.15229932963848114,0.019978148862719536,0,0.753084659576416,0.1520361304283142,0.28039801120758057,0.5055481195449829,-0.4964105784893036,0.49661144614219666,-0.5013728737831116,1
0.7578817009925842,0.1519019901752472,0.28906553983688354,0.5045621991157532,-0.4987510144710541,0.4985903203487396,-0.49806833267211914,0.7471297979354858,0.15229932963848114,0.019978148862719536,0,0.7527137994766235,0.15205815434455872,0.2782069742679596,0.5051493048667908,-0.4966658353805542,0.49685633182525635,-0.501279354095459,1
0.7575643062591553,0.15192747116088867,0.28685957193374634,0.504163920879364,-0.4990038573741913,0.49883323907852173,-0.4979749917984009,0.7471297979354858,0.15229932963848114,0.019978148862719536,0,0.7523332834243774,0.15207929909229279,0.2760188579559326,0.5047503709793091,-0.4969210624694824,0.4971010088920593,-0.5011857151985168,1
0.7572370767593384,0.15195241570472717,0.2846561670303345,0.5037655830383301,-0.49925702810287476,0.49907562136650085,-0.4978817105293274,0.7471297979354858,0.15229932963848114,0.019978148862719536,0,0.751943051815033,0.15210014581680298,0.27383336424827576,0.5043511390686035,-0.4971764087677002,0.49734535813331604,-0.5010917782783508,1
0.7569001913070679,0.15197671949863434,0.28245583176612854,0.5033672451972961,-0.49950966238975525,0.4993177354335785,-0.4977884292602539,0.7471297979354858,0.15229932963848114,0.019978148862719536,0,0.7515433430671692,0.15212036669254303,0.27165111899375916,0.5039520263671875,-0.49743160605430603,0.4975892901420593,-0.5009980797767639,1
0.7565536499023438,0.15200047194957733,0.2802581191062927,0.5029689073562622,-0.4997623860836029,0.49955934286117554,-0.49769502878189087,0.7471297979354858,0.15229932963848114,0.019978148862719536,0,0.7511339783668518,0.1521400362253189,0.26947158575057983,0.5035525560379028,-0.49768710136413574,0.4978327751159668,-0.5009040236473083,1
0.7561973333358765,0.15202359855175018,0.27806317806243896,0.5025702118873596,-0.5000149607658386,0.4998007118701935,-0.49760156869888306,0.7471297979354858,0.15229932963848114,0.019978148862719536,0,0.7507152557373047,0.15215912461280823,0.2672951817512512,0.5031530261039734,-0.49794232845306396,0.49807608127593994,-0.5008100271224976,1
0.7558315992355347,0.15204615890979767,0.27587154507637024,0.5021718144416809,-0.5002674460411072,0.5000414252281189,-0.4975082278251648,0.7471297979354858,0.15229932963848114,0.019978148862719536,0,0.7502866983413696,0.1521775871515274,0.2651218771934509,0.5027534365653992,-0.4981975853443146,0.4983188211917877,-0.5007159113883972,1
0.7554559707641602,0.1520681381225586,0.27368247509002686,0.5017729997634888,-0.5005199313163757,0.5002820491790771,-0.4974147081375122,0.7471297979354858,0.15229932963848114,0.019978148862719536,0,0.7498487830162048,0.15219546854496002,0.2629518508911133,0.5023536086082458,-0.49845269322395325,0.4985613524913788,-0.5006217956542969,1
0.7550709247589111,0.15208956599235535,0.271496057510376,0.5013741254806519,-0.5007725954055786,0.5005221366882324,-0.49732112884521484,0.7471297979354858,0.15229932963848114,0.019978148862719536,0,0.749401330947876,0.15221275389194489,0.26078492403030396,0.501953661441803,-0.4987078905105591,0.4988035261631012,-0.500527560710907,1
0.7546762824058533,0.15211036801338196,0.26931315660476685,0.5009753108024597,-0.5010247826576233,0.5007619261741638,-0.49722766876220703,0.7471297979354858,0.15229932963848114,0.019978148862719536,0,0.7489442825317383,0.1522294580936432,0.2586213946342468,0.5015535354614258,-0.49896326661109924,0.4990452229976654,-0.5004332661628723,1
0.754271924495697,0.152130588889122,0.26713305711746216,0.5005761981010437,-0.5012773275375366,0.5010013580322266,-0.49713394045829773,0.7471297979354858,0.15229932963848114,0.019978148862719536,0,0.7484778761863708,0.15224555134773254,0.25646090507507324,0.5011534094810486,-0.49921831488609314,0.4992867708206177,-0.5003389716148376,1
0.7538579702377319,0.1521502286195755,0.26495638489723206,0.5001770257949829,-0.5015295147895813,0.5012401938438416,-0.4970405399799347,0.7471297979354858,0.15229932963848114,0.019978148862719536,0,0.7480019330978394,0.15226107835769653,0.25430387258529663,0.500752866268158,-0.49947354197502136,0.4995279312133789,-0.5002444982528687,1
0.7534346580505371,0.15216927230358124,0.2627827525138855,0.49977776408195496,-0.5017816424369812,0.5014787912368774,-0.49694696068763733,0.7471297979354858,0.15229932963848114,0.019978148862719536,0,0.7475165128707886,0.1522759646177292,0.2521500587463379,0.5003523230552673,-0.49972882866859436,0.49976876378059387,-0.5001497268676758,1
0.7530018091201782,0.15218773484230042,0.26061204075813293,0.4993784427642822,-0.5020339488983154,0.5017169713973999,-0.4968531131744385,0.7471297979354858,0.15229932963848114,0.019978148862719536,0,0.7470218539237976,0.15229029953479767,0.24999941885471344,0.49995166063308716,-0.49998390674591064,0.5000093579292297,-0.5000549554824829,1
0.7525594234466553,0.15220561623573303,0.258445143699646,0.49897921085357666,-0.5022857189178467,0.5019546747207642,-0.49675965309143066,0.7471297979354858,0.15229932963848114,0.019978148862719536,1,0.7525594234466553,0.15220561623573303,0.258445143699646,0.49897921085357666,-0.5022857189178467,0.5019546747207642,-0.49675965309143066,0
0.7525345683097839,0.15224923193454742,0.2566947340965271,0.4983599781990051,-0.5029261112213135,0.5024867057800293,-0.4961951673030853,0.7471297979354858,0.15229932963848114,0.019978148862719536,1,0.7525594234466553,0.15220561623573303,0.258445143699646,0.49897921085357666,-0.5022857189178467,0.5019546747207642,-0.49675965309143066,0
0.7526692748069763,0.15227316319942474,0.2554081976413727,0.4978196918964386,-0.5034701228141785,0.5029652118682861,-0.49570077657699585,0.7471297979354858,0.15229932963848114,0.019978148862719536,1,0.7525594234466553,0.15220561623573303,0.258445143699646,0.49897921085357666,-0.5022857189178467,0.5019546747207642,-0.49675965309143066,0
0.7527912855148315,0.1522763967514038,0.254363089799881,0.4973817765712738,-0.5038992166519165,0.5033531188964844,-0.4953104257583618,0.7471297979354858,0.15229932963848114,0.019978148862719536,1,0.7525594234466553,0.15220561623573303,0.258445143699646,0.49897921085357666,-0.5022857189178467,0.5019546747207642,-0.49675965309143066,0
0.7528968453407288,0.152273029088974,0.25348275899887085,0.4970126450061798,-0.5042563080787659,0.5036801099777222,-0.49498507380485535,0.7471297979354858,0.15229932963848114,0.019978148862719536,1,0.7525594234466553,0.15220561623573303,0.258445143699646,0.49897921085357666,-0.5022857189178467,0.5019546747207642,-0.49675965309143066,0
0.7529888153076172,0.15226857364177704,0.25272542238235474,0.49669525027275085,-0.5045618414878845,0.503960907459259,-0.49470654129981995,0.7471297979354858,0.15229932963848114,0.019978148862719536,1,0.7525594234466553,0.15220561623573303,0.258445143699646,0.49897921085357666,-0.5022857189178467,0.5019546747207642,-0.49675965309143066,0
0.7530694603919983,0.15226460993289948,0.25206494331359863,0.4964190125465393,-0.5048274397850037,0.5042049288749695,-0.4944639801979065,0.7471297979354858,0.15229932963848114,0.019978148862719536,1,0.7525594234466553,0.15220561623573303,0.258445143699646,0.49897921085357666,-0.5022857189178467,0.5019546747207642,-0.49675965309143066,0
0.7531404495239258,0.15226152539253235,0.2514846920967102,0.49617671966552734,-0.5050603747367859,0.5044188499450684,-0.49425116181373596,0.7471297979354858,0.15229932963848114,0.019978148862719536,1,0.7525594234466553,0.15220561623573303,0.258445143699646,0.49897921085357666,-0.5022857189178467,0.5019546747207642,-0.49675965309143066,0
0.7532042264938354,0.15225490927696228,0.25098150968551636,0.4959651827812195,-0.505261242389679,0.5046030879020691,-0.4940702021121979,0.7470818758010864,0.152434304356575,0.019905971363186836,1,0.7532042264938354,0.15225490927696228,0.25098150968551636,0.4959651827812195,-0.505261242389679,0.5046030879020691,-0.4940702021121979,0
0.753285825252533,0.15226353704929352,0.2502431869506836,0.4956805408000946,-0.5055422186851501,0.5048537850379944,-0.4938122630119324,0.7469783425331116,0.15240228176116943,0.019593017175793648,1,0.7553513646125793,0.15194235742092133,0.2589735984802246,0.5006584525108337,-0.5020942687988281,0.5016416311264038,-0.4955785870552063,0
0.7535848617553711,0.15227630734443665,0.24977189302444458,0.4956148564815521,-0.5057701468467712,0.5050145983695984,-0.4934801757335663,0.7470683455467224,0.15234778821468353,0.019453393295407295,1,0.7573692202568054,0.15162023901939392,0.26700612902641296,0.5053292512893677,-0.49892324209213257,0.4986341893672943,-0.49707329273223877,0
0.7540872097015381,0.1522637903690338,0.2498583048582077,0.4958965480327606,-0.5057864189147949,0.5049765706062317,-0.49321937561035156,0.7474303245544434,0.1523011028766632,0.019585009664297104,1,0.7592566013336182,0.15128862857818604,0.275077223777771,0.5099775195121765,-0.49574822187423706,0.4955808222293854,-0.49855417013168335,0
0.7547662258148193,0.1522161215543747,0.2506004273891449,0.4965585768222809,-0.5055381655693054,0.5046994686126709,-0.49309128522872925,0.7482295036315918,0.1522747129201889,0.020125115290284157,1,0.7610132098197937,0.1509474664926529,0.2831842005252838,0.5146021842956543,-0.4925697147846222,0.49248161911964417,-0.5000214576721191,0
0.7555961608886719,0.15213477611541748,0.2520208954811096,0.49760258197784424,-0.5050123333930969,0.5041719675064087,-0.4931173324584961,0.749525249004364,0.1522964984178543,0.021194061264395714,1,0.7626380920410156,0.15059755742549896,0.2913253903388977,0.5192034244537354,-0.48938751220703125,0.48933666944503784,-0.5014750957489014,0
0.7565505504608154,0.1520237922668457,0.2541002631187439,0.49900925159454346,-0.5042181611061096,0.5033996105194092,-0.4932975471019745,0.7512096762657166,0.15237101912498474,0.02289205975830555,1,0.7641310095787048,0.1502387523651123,0.2994980812072754,0.5237807035446167,-0.48620185256004333,0.48614636063575745,-0.5029146075248718,0
0.757606029510498,0.15188707411289215,0.2567976117134094,0.500750720500946,-0.5031741857528687,0.5023946762084961,-0.493623286485672,0.7532243132591248,0.1525009274482727,0.0252105463296175,1,0.7654910683631897,0.14987128973007202,0.307700514793396,0.5283336043357849,-0.4830130636692047,0.4829103946685791,-0.5043405890464783,0
0.7587404251098633,0.15172754228115082,0.2600633502006531,0.5027962923049927,-0.501902163028717,0.5011724233627319,-0.4940812289714813,0.7555277347564697,0.15266434848308563,0.028107546269893646,1,0.7667180299758911,0.14949533343315125,0.31592991948127747,0.532861590385437,-0.47982117533683777,0.47962942719459534,-0.5057526230812073,0
0.7599332332611084,0.15154758095741272,0.2638457417488098,0.505113959312439,-0.5004243850708008,0.4997495114803314,-0.49465706944465637,0.7580804824829102,0.15286138653755188,0.03153706714510918,1,0.767811119556427,0.14911112189292908,0.32418447732925415,0.5373644828796387,-0.4766261577606201,0.4763033390045166,-0.5071507692337036,0
0.76116544008255,0.1513480246067047,0.2680966854095459,0.5076741576194763,-0.498761385679245,0.49814140796661377,-0.4953373372554779,0.760844886302948,0.1530887931585312,0.03545544296503067,1,0.768770158290863,0.14871855080127716,0.33246156573295593,0.5418419241905212,-0.47342804074287415,0.47293218970298767,-0.5085354447364807,0
0.7624189257621765,0.15113060176372528,0.27277064323425293,0.5104489326477051,-0.49693283438682556,0.4963626265525818,-0.49610862135887146,0.7637860178947449,0.15334181487560272,0.03982190042734146,1,0.7695945501327515,0.14831838011741638,0.3407593071460724,0.5462933778762817,-0.47022733092308044,0.4695161283016205,-0.5099061131477356,0
0.7636777758598328,0.1508960872888565,0.27782586216926575,0.5134130716323853,-0.49495619535446167,0.4944259822368622,-0.49695897102355957,0.766871452331543,0.15361610054969788,0.044599052518606186,1,0.7702840566635132,0.14791058003902435,0.34907498955726624,0.550718367099762,-0.46702417731285095,0.4660557508468628,-0.5112627148628235,0
0.7649259567260742,0.15064528584480286,0.2832251489162445,0.5165436267852783,-0.4928473234176636,0.4923436641693115,-0.4978772699832916,0.770071268081665,0.15391506254673004,0.04975368455052376,1,0.7708384394645691,0.1474953442811966,0.3574061691761017,0.5551168918609619,-0.46381843090057373,0.4625508785247803,-0.5126055479049683,0
0.7661499381065369,0.15037909150123596,0.2889348864555359,0.5198200941085815,-0.4906204342842102,0.4901253879070282,-0.49885445833206177,0.7733586430549622,0.15422014892101288,0.05525389313697815,1,0.7712568044662476,0.14707334339618683,0.36575135588645935,0.5594882369041443,-0.4606104791164398,0.4590013921260834,-0.5139343738555908,0
0.7673370838165283,0.15009805560112,0.29492366313934326,0.523223340511322,-0.48828810453414917,0.4877815544605255,-0.4998810887336731,0.7767087817192078,0.15453574061393738,0.06107205152511597,1,0.7715398669242859,0.14664359390735626,0.3741070628166199,0.5638317465782166,-0.457400381565094,0.4554084539413452,-0.5152491927146912,0
0.7684756517410278,0.14980264008045197,0.30116507411003113,0.5267375111579895,-0.48586153984069824,0.4853195250034332,-0.5009502172470093,0.7800943851470947,0.1548871397972107,0.06721130013465881,1,0.7716866731643677,0.14620739221572876,0.38247230648994446,0.568147599697113,-0.4541880488395691,0.45177146792411804,-0.5165501832962036,0
0.7695553302764893,0.14949414134025574,0.3076342046260834,0.5303475260734558,-0.483350545167923,0.48274677991867065,-0.5020548701286316,0.7835038304328918,0.15521551668643951,0.07359872758388519,1,0.7716975212097168,0.14576461911201477,0.3908436596393585,0.5724350810050964,-0.4509739577770233,0.44809067249298096,-0.5178369879722595,0
0.7705667614936829,0.14917239546775818,0.31430837512016296,0.5340399146080017,-0.48076435923576355,0.4800702631473541,-0.5031893849372864,0.7869060635566711,0.15559543669223785,0.08028567582368851,1,0.7715719938278198,0.14531554281711578,0.39921924471855164,0.5766937136650085,-0.44775834679603577,0.4443664252758026,-0.5191099643707275,0
0.7715014815330505,0.14883846044540405,0.32116758823394775,0.5378029942512512,-0.4781107008457184,0.4772956073284149,-0.50434809923172,0.7903035283088684,0.1559138298034668,0.08714860677719116,1,0.771310031414032,0.1448603868484497,0.4075969159603119,0.5809235572814941,-0.44454073905944824,0.4405990242958069,-0.5203689336776733,0
0.772351861000061,0.14849238097667694,0.3281935453414917,0.5416256189346313,-0.4753969609737396,0.47442832589149475,-0.5055266618728638,0.7936684489250183,0.15622755885124207,0.09421302378177643,1,0.7709115743637085,0.14439907670021057,0.4159744679927826,0.5851238965988159,-0.44132161140441895,0.436788409948349,-0.5216139554977417,0
0.7731115221977234,0.14813509583473206,0.3353690803050995,0.5454986691474915,-0.47262924909591675,0.4714728593826294,-0.5067208409309387,0.7969920039176941,0.15655189752578735,0.10147501528263092,1,0.7703769207000732,0.14393244683742523,0.4243486225605011,0.5892943143844604,-0.43810150027275085,0.43293496966362,-0.522844672203064,0
0.7737742066383362,0.14776669442653656,0.3426794111728668,0.5494133830070496,-0.4698132276535034,0.46843427419662476,-0.5079269409179688,0.8002586364746094,0.15689650177955627,0.10894038528203964,1,0.7697058320045471,0.14346037805080414,0.4327183961868286,0.5934348106384277,-0.434879869222641,0.4290386140346527,-0.5240615606307983,0
0.7743348479270935,0.14738795161247253,0.3501102328300476,0.5533619523048401,-0.4669541120529175,0.46531596779823303,-0.5091419219970703,0.8034592866897583,0.1572418361902237,0.11658608168363571,1,0.7688983678817749,0.14298319816589355,0.4410805106163025,0.5975444912910461,-0.4316573739051819,0.42509984970092773,-0.5252642631530762,0
0.7747882604598999,0.14699946343898773,0.3576502799987793,0.5573379397392273,-0.4640558958053589,0.4621210992336273,-0.5103631019592285,0.8065881729125977,0.15754428505897522,0.12435287237167358,1,0.7679545879364014,0.1425010859966278,0.4494331181049347,0.6016232967376709,-0.42843398451805115,0.42111876606941223,-0.5264528393745422,0
0.7751308679580688,0.14660131931304932,0.3652861714363098,0.5613345503807068,-0.4611232578754425,0.4588533639907837,-0.5115880370140076,0.8096337914466858,0.1578448861837387,0.1322627067565918,1,0.7668748497962952,0.142014279961586,0.4577736258506775,0.6056709885597229,-0.42520958185195923,0.4170956313610077,-0.5276272296905518,0
0.7753589153289795,0.14619353413581848,0.37300848960876465,0.5653465986251831,-0.45815926790237427,0.4555155634880066,-0.5128146409988403,0.8125882744789124,0.1581447720527649,0.1403064876794815,1,0.7656592726707458,0.14152278006076813,0.46609997749328613,0.6096867918968201,-0.4219847619533539,0.41303080320358276,-0.5287876725196838,0
0.7754688262939453,0.14577741920948029,0.3808068335056305,0.5693690180778503,-0.455167680978775,0.45211026072502136,-0.5140404105186462,0.8154147267341614,0.15846452116966248,0.1484844833612442,1,0.7643082141876221,0.14102736115455627,0.47440922260284424,0.6136704683303833,-0.4187595844268799,0.4089243412017822,-0.529933750629425,0
0.7754584550857544,0.14535269141197205,0.38867223262786865,0.5733968019485474,-0.45215117931365967,0.4486399292945862,-0.5152645111083984,0.8181626200675964,0.15875548124313354,0.1567727029323578,1,0.7628215551376343,0.14052797853946686,0.4827001392841339,0.6176218390464783,-0.4155339002609253,0.40477633476257324,-0.5310657024383545,0
0.775324821472168,0.1449200063943863,0.39659667015075684,0.5774267315864563,-0.4491119980812073,0.44510650634765625,-0.5164850354194641,0.8208139538764954,0.15903429687023163,0.16516327857971191,1,0.7612000107765198,0.14002491533756256,0.49096953868865967,0.6215406060218811,-0.4123080372810364,0.4005873501300812,-0.5321833491325378,0
0.775066077709198,0.14447951316833496,0.4045723080635071,0.581454873085022,-0.44605275988578796,0.44151225686073303,-0.5177007913589478,0.8233492970466614,0.15930922329425812,0.17365047335624695,1,0.7594437599182129,0.1395183652639389,0.49921560287475586,0.6254259347915649,-0.40908196568489075,0.3963574767112732,-0.533286988735199,0
0.7746801972389221,0.14403188228607178,0.41259196400642395,0.5854777693748474,-0.44297534227371216,0.4378589391708374,-0.5189105272293091,0.8257610201835632,0.15958011150360107,0.18222609162330627,1,0.7575531005859375,0.1390083134174347,0.5074359774589539,0.6292778849601746,-0.4058558940887451,0.39208680391311646,-0.5343764424324036,0
0.7741660475730896,0.14357732236385345,0.4206487536430359,0.5894925594329834,-0.439881831407547,0.43414783477783203,-0.5201135873794556,0.8280446529388428,0.1598457247018814,0.19088301062583923,1,0.7555286288261414,0.1384955644607544,0.5156281590461731,0.6330960988998413,-0.40263015031814575,0.38777586817741394,-0.5354514122009277,0
0.7735218405723572,0.14311648905277252,0.42873692512512207,0.5934967398643494,-0.4367738664150238,0.43038076162338257,-0.5213085412979126,0.8302233219146729,0.16011226177215576,0.19965405762195587,1,0.7533708810806274,0.13798008859157562,0.5237900018692017,0.6368798613548279,-0.3994045853614807,0.3834247887134552,-0.5365122556686401,0
0.7727470397949219,0.14264905452728271,0.43684983253479004,0.5974874496459961,-0.4336528778076172,0.4265592396259308,-0.5224950909614563,0.8322506546974182,0.16036106646060944,0.20845749974250793,1,0.751080334186554,0.13746215403079987,0.5319190621376038,0.6406290531158447,-0.39617958664894104,0.3790336549282074,-0.5375587940216064,0
0.77183997631073,0.14217603206634521,0.44498321413993835,0.6014626026153564,-0.43052032589912415,0.4226841330528259,-0.5236725211143494,0.8341439366340637,0.16060246527194977,0.21732257306575775,1,0.7486572265625,0.13694196939468384,0.5400136709213257,0.6443437337875366,-0.3929550051689148,0.37460288405418396,-0.5385909080505371,0
0.7708004117012024,0.1416970193386078,0.45313140749931335,0.6054206490516663,-0.4273768961429596,0.418756902217865,-0.5248403549194336,0.8359035849571228,0.16083721816539764,0.2262469381093979,1,0.7461027503013611,0.13641954958438873,0.5480705499649048,0.6480225324630737,-0.38973143696784973,0.37013301253318787,-0.5396088361740112,0
0.7696275115013123,0.14121311902999878,0.46128910779953003,0.6093592047691345,-0.4242246747016907,0.41477876901626587,-0.5259974598884583,0.8375273942947388,0.16106513142585754,0.23522521555423737,1,0.743416965007782,0.13589562475681305,0.5560886859893799,0.651665985584259,-0.38650861382484436,0.3656237721443176,-0.5406123995780945,0
0.7683213353157043,0.1407242715358734,0.469451904296875,0.6132766604423523,-0.42106401920318604,0.4107506275177002,-0.5271438360214233,0.8390132784843445,0.16128607094287872,0.24425214529037476,1,0.7406007051467896,0.13537025451660156,0.5640650391578674,0.6552734971046448,-0.383286714553833,0.36107566952705383,-0.5416014790534973,0
0.7668808102607727,0.14023065567016602,0.4776163697242737,0.6171719431877136,-0.4178958535194397,0.4066728353500366,-0.5282793045043945,0.8403593301773071,0.1614999771118164,0.2533227205276489,1,0.7376546859741211,0.1348436325788498,0.5719977617263794,0.6588446497917175,-0.38006600737571716,0.3564888834953308,-0.5425764322280884,0
0.7653064131736755,0.13973277807235718,0.48577696084976196,0.6210431456565857,-0.41472092270851135,0.4025474786758423,-0.5294029116630554,0.8415639400482178,0.1617068648338318,0.262432336807251,1,0.7345800399780273,0.13431599736213684,0.5798841118812561,0.6623792052268982,-0.3768467307090759,0.3518640995025635,-0.5435366034507751,0
0.7635975480079651,0.1392308920621872,0.4939308762550354,0.6248893141746521,-0.4115401804447174,0.39837414026260376,-0.5305149555206299,0.8426257967948914,0.1619068682193756,0.2715764343738556,1,0.7313767671585083,0.133787602186203,0.587722659111023,0.665876567363739,-0.373628705739975,0.3472009003162384,-0.5444826483726501,0
0.76175457239151,0.13872520625591278,0.5020735263824463,0.6287088990211487,-0.4083542823791504,0.39415428042411804,-0.5316147208213806,0.8435437679290771,0.16210007667541504,0.2807507812976837,1,0.7280465960502625,0.13325847685337067,0.5955103039741516,0.6693363785743713,-0.37041252851486206,0.34250032901763916,-0.5454142689704895,0
0.7597773671150208,0.1382162868976593,0.5102020502090454,0.6325013041496277,-0.4051636755466461,0.3898882567882538,-0.5327022075653076,0.844316840171814,0.16228660941123962,0.28995126485824585,1,0.7245895266532898,0.13272933661937714,0.60324627161026,0.6727590560913086,-0.36719751358032227,0.337761789560318,-0.5463314652442932,0
0.7576659917831421,0.137703999876976,0.5183123350143433,0.6362649202346802,-0.40196898579597473,0.385576993227005,-0.5337771773338318,0.8449442982673645,0.16246671974658966,0.2991739511489868,1,0.7210071086883545,0.1322001814842224,0.610927164554596,0.6761434674263,-0.36398452520370483,0.3329862058162689,-0.5472343564033508,0
0.7554209232330322,0.13718897104263306,0.5264015793800354,0.6399995684623718,-0.39877068996429443,0.38122090697288513,-0.5348392128944397,0.8454253673553467,0.16264058649539948,0.308415025472641,1,0.7172998189926147,0.1316712647676468,0.6185514330863953,0.6794894933700562,-0.36077359318733215,0.32817378640174866,-0.5481225252151489,0
0.7530425190925598,0.13667136430740356,0.5344658493995667,0.6437036395072937,-0.3955695331096649,0.3768208920955658,-0.5358883142471313,0.8457595109939575,0.162808358669281,0.3176707625389099,1,0.7134690284729004,0.13114280998706818,0.6261166334152222,0.6827969551086426,-0.3575644791126251,0.32332491874694824,-0.5489962697029114,0
0.7505311369895935,0.1361514776945114,0.5425025224685669,0.6473764181137085,-0.39236581325531006,0.37237757444381714,-0.5369243025779724,0.8459463715553284,0.16297027468681335,0.32693758606910706,1,0.7095152139663696,0.130614772439003,0.6336212754249573,0.6860651969909668,-0.35435760021209717,0.3184394836425781,-0.5498558282852173,0
0.7478865385055542,0.13562949001789093,0.5505093336105347,0.6510177254676819,-0.38915932178497314,0.3678905963897705,-0.537947416305542,0.8459855318069458,0.16312655806541443,0.33621203899383545,1,0.7054400444030762,0.1300879865884781,0.6410624980926514,0.689294159412384,-0.35115325450897217,0.313518226146698,-0.5507006645202637,0
0.745110273361206,0.13510602712631226,0.5584818720817566,0.6546262502670288,-0.38595157861709595,0.3633614182472229,-0.5389567017555237,0.8458767533302307,0.16327747702598572,0.3454907536506653,1,0.7012441754341125,0.1295623928308487,0.6484388709068298,0.6924834847450256,-0.34795138239860535,0.3085612654685974,-0.5515308976173401,0
0.7422024011611938,0.13458095490932465,0.5664179921150208,0.6582015156745911,-0.3827420473098755,0.35879021883010864,-0.5399526953697205,0.8456199765205383,0.16342324018478394,0.3547704517841339,1,0.6969287395477295,0.1290382444858551,0.6557480692863464,0.6956331133842468,-0.3447518050670624,0.3035688102245331,-0.5523465275764465,0
0.7391635179519653,0.13405455648899078,0.5743151903152466,0.6617427468299866,-0.3795311152935028,0.35417717695236206,-0.5409353971481323,0.8452150821685791,0.16356408596038818,0.3640478849411011,1,0.6924952268600464,0.12851573526859283,0.6629877686500549,0.6987422704696655,-0.3415551781654358,0.2985413372516632,-0.5531476736068726,0
0.7359943985939026,0.13352736830711365,0.5821701288223267,0.6652495265007019,-0.3763194978237152,0.3495231568813324,-0.5419041514396667,0.8446621298789978,0.16370026767253876,0.37331992387771606,1,0.6879442930221558,0.1279948651790619,0.6701567769050598,0.7018107771873474,-0.3383612334728241,0.2934790253639221,-0.5539344549179077,0
0.732695460319519,0.13299936056137085,0.5899810194969177,0.668721079826355,-0.3731071352958679,0.3448283076286316,-0.5428595542907715,0.8439611792564392,0.16383203864097595,0.38258346915245056,1,0.6832776069641113,0.12747639417648315,0.6772524118423462,0.7048384547233582,-0.3351704180240631,0.2883824408054352,-0.5547062158584595,0
0.7292680144309998,0.13247103989124298,0.5977441668510437,0.6721570491790771,-0.3698943257331848,0.34009331464767456,-0.543800950050354,0.8431124687194824,0.16395962238311768,0.3918355405330658,1,0.6784963607788086,0.12696029245853424,0.6842728853225708,0.7078247666358948,-0.33198291063308716,0.2832516133785248,-0.5554637312889099,0
0.7257124185562134,0.13194268941879272,0.6054577231407166,0.6755566596984863,-0.36668163537979126,0.33531835675239563,-0.544728696346283,0.8421161770820618,0.1640833169221878,0.401073157787323,1,0.6736016273498535,0.12644675374031067,0.6912163496017456,0.7107697129249573,-0.32879844307899475,0.27808699011802673,-0.5562063455581665,0
0.7220296859741211,0.1314142346382141,0.6131193041801453,0.6789195537567139,-0.36346882581710815,0.33050400018692017,-0.5456423759460449,0.8409726023674011,0.16420336067676544,0.4102933406829834,1,0.6685945987701416,0.12593606114387512,0.6980812549591064,0.7136730551719666,-0.32561713457107544,0.27288857102394104,-0.5569344758987427,0
0.7182208895683289,0.13088619709014893,0.6207258701324463,0.6822450757026672,-0.36025646328926086,0.32565099000930786,-0.5465421080589294,0.8396821022033691,0.16432005167007446,0.41949331760406494,1,0.6634771823883057,0.12542837858200073,0.7048647403717041,0.7165337800979614,-0.3224397599697113,0.26765772700309753,-0.5576478838920593,0
0.7142865657806396,0.13035885989665985,0.6282755136489868,0.6855328679084778,-0.3570447564125061,0.32075902819633484,-0.547427773475647,0.8382450342178345,0.16443362832069397,0.4286702275276184,1,0.6582503914833069,0.12492372840642929,0.7115659117698669,0.7193522453308105,-0.319265753030777,0.2623935341835022,-0.5583468079566956,0
0.7102277874946594,0.1298324018716812,0.6357658505439758,0.6887826323509216,-0.35383370518684387,0.315828800201416,-0.5482994318008423,0.8366619348526001,0.16454434394836426,0.43782129883766174,1,0.6529157161712646,0.12442280352115631,0.718182384967804,0.7221280336380005,-0.3160957098007202,0.25709715485572815,-0.5590308308601379,0
0.7060458660125732,0.1293071210384369,0.6431941986083984,0.6919938325881958,-0.3506234288215637,0.31086093187332153,-0.5491567850112915,0.834933340549469,0.164652481675148,0.4469437897205353,1,0.647474467754364,0.12392556667327881,0.724712610244751,0.7248608469963074,-0.3129291832447052,0.2517684996128082,-0.5597004890441895,0
0.7017417550086975,0.1287829726934433,0.6505588889122009,0.695165753364563,-0.34741437435150146,0.30585527420043945,-0.5500001907348633,0.8330597281455994,0.1647583693265915,0.45603498816490173,1,0.6419282555580139,0.12343226373195648,0.7311546206474304,0.7275503277778625,-0.30976682901382446,0.24640797078609467,-0.5603553652763367,0
0.6973167061805725,0.1282607614994049,0.6578564643859863,0.6982982158660889,-0.34420689940452576,0.3008127510547638,-0.5508291125297546,0.8310418725013733,0.16486214101314545,0.4650922417640686,1,0.636278510093689,0.12294306606054306,0.7375068664550781,0.7301962971687317,-0.3066084384918213,0.2410159856081009,-0.5609953999519348,0
0.6927710771560669,0.12774038314819336,0.6650863885879517,0.7013910412788391,-0.34100064635276794,0.29573315382003784,-0.551643967628479,0.8288803696632385,0.16496410965919495,0.4741128981113434,1,0.6305271983146667,0.12245795875787735,0.7437670826911926,0.7327980399131775,-0.3034546673297882,0.23559340834617615,-0.5616207718849182,0
0.6881070733070374,0.12722186744213104,0.6722451448440552,0.7044431567192078,-0.3377961814403534,0.29061731696128845,-0.5524445176124573,0.8265759348869324,0.16506460309028625,0.48309439420700073,1,0.6246751546859741,0.12197762727737427,0.7499343752861023,0.735355794429779,-0.30030497908592224,0.23013964295387268,-0.5622316002845764,0
0.6833251714706421,0.12670569121837616,0.6793314814567566,0.7074547410011292,-0.3345935046672821,0.2854652404785156,-0.553230881690979,0.8241293430328369,0.1651637852191925,0.49203410744667053,1,0.6187245845794678,0.12150205671787262,0.7560063004493713,0.7378692030906677,-0.29715991020202637,0.22465552389621735,-0.5628275275230408,0
0.6784272193908691,0.1261923462152481,0.6863425374031067,0.7104253172874451,-0.3313930034637451,0.2802775800228119,-0.5540026426315308,0.8215414881706238,0.16526192426681519,0.5009295344352722,1,0.6126768589019775,0.12103142589330673,0.7619814872741699,0.7403378486633301,-0.29401952028274536,0.21914169192314148,-0.5634085536003113,0
0.6734142303466797,0.1256818175315857,0.6932763457298279,0.7133541703224182,-0.32819482684135437,0.27505478262901306,-0.5547599792480469,0.8188130855560303,0.16535936295986176,0.5097782015800476,1,0.6065336465835571,0.12056592106819153,0.7678582668304443,0.7427615523338318,-0.29088377952575684,0.21359798312187195,-0.563974916934967,0
0.6682873368263245,0.12517406046390533,0.7001311182975769,0.7162414193153381,-0.32499876618385315,0.26979711651802063,-0.5555029511451721,0.8159452080726624,0.16545628011226654,0.5185775756835938,1,0.6002963781356812,0.12010551989078522,0.7736355662345886,0.7451398968696594,-0.28775277733802795,0.20802482962608337,-0.5645267963409424,0
0.6630477905273438,0.12466982007026672,0.7069052457809448,0.7190864682197571,-0.32180503010749817,0.26450446248054504,-0.5562314391136169,0.8129387497901917,0.16555297374725342,0.5273252129554749,1,0.5939675569534302,0.11965087056159973,0.7793108224868774,0.7474728226661682,-0.2846270501613617,0.202423095703125,-0.5650633573532104,0
0.6576979160308838,0.12416881322860718,0.713595449924469,0.7218886613845825,-0.31861433386802673,0.2591782510280609,-0.5569453835487366,0.8097946643829346,0.16564972698688507,0.5360187888145447,1,0.5875480771064758,0.11920192092657089,0.7848832011222839,0.7497599720954895,-0.2815062999725342,0.19679269194602966,-0.5655852556228638,0
0.6522380113601685,0.123671755194664,0.7202010154724121,0.7246480584144592,-0.31542620062828064,0.2538177967071533,-0.5576449036598206,0.8065140247344971,0.16574665904045105,0.5446557402610779,1,0.5810405015945435,0.11875887215137482,0.7903507947921753,0.7520009875297546,-0.2783908545970917,0.19113413989543915,-0.5660925507545471,0
0.646669864654541,0.12317859381437302,0.7267197966575623,0.7273642420768738,-0.3122407793998718,0.24842366576194763,-0.5583300590515137,0.8030978441238403,0.1658441722393036,0.553233802318573,1,0.5744457244873047,0.11832190304994583,0.7957125306129456,0.7541958689689636,-0.275280624628067,0.18544776737689972,-0.5665846467018127,0
0.6409952640533447,0.12268958985805511,0.7331493496894836,0.7300369143486023,-0.30905869603157043,0.24299661815166473,-0.5590003132820129,0.7995473146438599,0.1659425050020218,0.5617506504058838,1,0.567766010761261,0.11789114773273468,0.8009668588638306,0.7563440203666687,-0.2721758782863617,0.1797337830066681,-0.567062258720398,0
0.6352159380912781,0.12220492959022522,0.7394878268241882,0.7326653003692627,-0.30587998032569885,0.2375372052192688,-0.5596560835838318,0.7958636283874512,0.16604185104370117,0.5702040195465088,1,0.5610032677650452,0.11746662110090256,0.8061121106147766,0.7584453821182251,-0.26907649636268616,0.17399291694164276,-0.5675251483917236,0
0.6293327212333679,0.12172482162714005,0.7457341551780701,0.7352496981620789,-0.302704393863678,0.23204487562179565,-0.5602971911430359,0.792047917842865,0.16614244878292084,0.5785914659500122,1,0.5541592240333557,0.11704889684915543,0.8111472129821777,0.7604998350143433,-0.2659829556941986,0.16822540760040283,-0.5679727792739868,0
0.6233481764793396,0.1212494969367981,0.7518853545188904,0.7377893328666687,-0.29953259229660034,0.22652143239974976,-0.5609233975410461,0.7881014347076416,0.16624456644058228,0.5869109034538269,1,0.5469459891319275,0.1166210025548935,0.8162729740142822,0.7625895738601685,-0.26276707649230957,0.16218975186347961,-0.5684232711791992,0
0.6172518730163574,0.12077774852514267,0.7579518556594849,0.7402907013893127,-0.2963598370552063,0.2209533303976059,-0.5615336894989014,0.7840182781219482,0.1663491129875183,0.5951749682426453,1,0.5396487712860107,0.11620041728019714,0.8212761282920837,0.7646276354789734,-0.25955730676651,0.15612603724002838,-0.5688578486442566,0
0.6110394597053528,0.12030929327011108,0.7639362812042236,0.7427542209625244,-0.29318222403526306,0.2153375893831253,-0.5621297955513,0.7797949910163879,0.16645577549934387,0.6033892035484314,1,0.5322695374488831,0.11578770726919174,0.8261553049087524,0.7666138410568237,-0.2563540041446686,0.15003450214862823,-0.5692761540412903,0
0.6047093272209167,0.11984456330537796,0.7698380947113037,0.7451794147491455,-0.28999876976013184,0.20967277884483337,-0.5627127885818481,0.7754300236701965,0.1665647327899933,0.6115536689758301,1,0.5248108506202698,0.11538265645503998,0.8309090733528137,0.7685478329658508,-0.2531574070453644,0.1439158022403717,-0.569678544998169,0
0.5982617139816284,0.1193838119506836,0.7756550908088684,0.7475651502609253,-0.28680887818336487,0.20395894348621368,-0.5632830262184143,0.7709232568740845,0.1666763871908188,0.6196659207344055,1,0.5172751545906067,0.11498581618070602,0.83553546667099,0.7704296708106995,-0.24996787309646606,0.1377706378698349,-0.5700644254684448,0
0.5916982293128967,0.1189277395606041,0.7813836336135864,0.7499103546142578,-0.2836134433746338,0.19819699227809906,-0.5638401508331299,0.7662733793258667,0.16679704189300537,0.6277222633361816,1,0.5096642374992371,0.11459697782993317,0.840034008026123,0.7722587585449219,-0.2467850148677826,0.13159887492656708,-0.5704343318939209,0
0.5850210785865784,0.11847686022520065,0.7870205044746399,0.7522139549255371,-0.2804129421710968,0.19238829612731934,-0.5643842220306396,0.761485755443573,0.16691458225250244,0.6357179880142212,1,0.5019809007644653,0.11421646177768707,0.8444027304649353,0.7740347385406494,-0.24360959231853485,0.12540139257907867,-0.5707879662513733,0
0.5782330632209778,0.11803120374679565,0.7925614714622498,0.7544742226600647,-0.27720871567726135,0.18653446435928345,-0.564914882183075,0.7565579414367676,0.16704155504703522,0.6436484456062317,1,0.49422720074653625,0.1138446256518364,0.848640501499176,0.7757578492164612,-0.24044136703014374,0.11917871981859207,-0.5711252689361572,0
0.5713376402854919,0.1175915002822876,0.7980023622512817,0.7566905617713928,-0.2740015685558319,0.1806372106075287,-0.5654314160346985,0.7514960169792175,0.16716600954532623,0.6515089273452759,1,0.48640528321266174,0.11348123103380203,0.8527463674545288,0.7774274349212646,-0.23728032410144806,0.112931028008461,-0.5714465379714966,0
0.564337432384491,0.1171579509973526,0.8033400774002075,0.7588615417480469,-0.27079254388809204,0.17469818890094757,-0.5659336447715759,0.7463001608848572,0.16729459166526794,0.6592946648597717,1,0.47851771116256714,0.11312681436538696,0.8567191362380981,0.7790434956550598,-0.23412670195102692,0.10665909945964813,-0.5717515349388123,0
0.5572351813316345,0.11673059314489365,0.8085712194442749,0.7609860897064209,-0.26758235692977905,0.1687188595533371,-0.5664218068122864,0.7409722805023193,0.16742777824401855,0.6670013070106506,1,0.470566987991333,0.1127810999751091,0.8605573773384094,0.7806055545806885,-0.23098081350326538,0.10036327689886093,-0.5720402002334595,0
0.5500348210334778,0.11631011217832565,0.8136919736862183,0.7630636692047119,-0.2643720209598541,0.16270038485527039,-0.5668948888778687,0.7355146408081055,0.1675657480955124,0.6746247410774231,1,0.4625551402568817,0.11244461685419083,0.8642603754997253,0.7821136116981506,-0.22784258425235748,0.09404384344816208,-0.5723126530647278,0
0.5427388548851013,0.11589669436216354,0.8186997771263123,0.7650929093360901,-0.26116234064102173,0.15664474666118622,-0.5673530697822571,0.729929506778717,0.16770872473716736,0.6821609735488892,1,0.4544846713542938,0.11211711168289185,0.8678269386291504,0.7835672497749329,-0.2247120887041092,0.08770108222961426,-0.5725688934326172,0
0.5353500843048096,0.1154903694987297,0.8235918283462524,0.7670732736587524,-0.2579537630081177,0.15055222809314728,-0.5677961111068726,0.7242191433906555,0.16785690188407898,0.6896063089370728,1,0.4463586211204529,0.11179906874895096,0.8712558746337891,0.7849664688110352,-0.22158978879451752,0.08133642375469208,-0.5728087425231934,0
0.5278722047805786,0.11509156227111816,0.828364908695221,0.7690039873123169,-0.2547471225261688,0.1444251388311386,-0.5682234764099121,0.7183857560157776,0.16801050305366516,0.6969572901725769,1,0.43817847967147827,0.11149024218320847,0.8745465278625488,0.7863108515739441,-0.21847520768642426,0.07494925707578659,-0.573032557964325,0
0.5203076601028442,0.11470023542642593,0.8330169916152954,0.7708842754364014,-0.25154316425323486,0.13826407492160797,-0.5686356425285339,0.7124317288398743,0.16816969215869904,0.7042105793952942,1,0.4299475848674774,0.11119108647108078,0.8776977062225342,0.7876004576683044,-0.21536898612976074,0.06854076683521271,-0.573239803314209,0
0.51265949010849,0.11431699246168137,0.8375455737113953,0.7727136611938477,-0.24834218621253967,0.13207009434700012,-0.5690317749977112,0.7063595056533813,0.16833460330963135,0.7113630175590515,1,0.42166799306869507,0.1109013482928276,0.8807086944580078,0.7888345718383789,-0.21227101981639862,0.062111105769872665,-0.5734310746192932,0
0.504930853843689,0.11394181847572327,0.8419482707977295,0.7744913697242737,-0.24514499306678772,0.12584435939788818,-0.5694120526313782,0.7001713514328003,0.1685054898262024,0.7184116244316101,1,0.41334185004234314,0.11062148958444595,0.883578896522522,0.7900134325027466,-0.20918160676956177,0.055660709738731384,-0.5736057758331299,0
0.4971241354942322,0.11357491463422775,0.8462235927581787,0.776216983795166,-0.24195177853107452,0.11958792060613632,-0.5697764158248901,0.6938697099685669,0.1686825007200241,0.7253535389900208,1,0.404972642660141,0.11035125702619553,0.8863070607185364,0.7911366820335388,-0.2061007022857666,0.04919048026204109,-0.5737643241882324,0
0.48924288153648376,0.11321641504764557,0.8503690958023071,0.7778899669647217,-0.23876307904720306,0.1133018210530281,-0.5701246857643127,0.6874569058418274,0.1688658446073532,0.7321861386299133,1,0.3965623676776886,0.11009103804826736,0.888892650604248,0.7922040820121765,-0.2030285745859146,0.042700693011283875,-0.5739064812660217,0
0.481289267539978,0.11286648362874985,0.8543832302093506,0.7795096635818481,-0.2355792075395584,0.10698652267456055,-0.570456862449646,0.6809353828430176,0.16905568540096283,0.7389069199562073,1,0.38811320066452026,0.10984062403440475,0.8913351893424988,0.7932153940200806,-0.19996508955955505,0.03619157895445824,-0.5740325450897217,0
0.4732665419578552,0.11252562701702118,0.8582642078399658,0.7810759544372559,-0.2324007898569107,0.10064339637756348,-0.5707724094390869,0.674307644367218,0.1692521721124649,0.745513379573822,1,0.3796283006668091,0.10960036516189575,0.8936337828636169,0.7941706776618958,-0.19691060483455658,0.029663894325494766,-0.5741420984268188,0
0.4651774764060974,0.1121935024857521,0.8620102405548096,0.7825880646705627,-0.22922788560390472,0.09427274018526077,-0.5710719227790833,0.6675760746002197,0.16945557296276093,0.7520033121109009,1,0.3711100220680237,0.10937003046274185,0.8957878351211548,0.7950695157051086,-0.19386523962020874,0.023118440061807632,-0.5742354393005371,0
0.45702478289604187,0.11187055706977844,0.8656203150749207,0.7840458750724792,-0.22606071829795837,0.08787541836500168,-0.5713549256324768,0.6607431769371033,0.16966599225997925,0.7583743929862976,1,0.3625604212284088,0.1091499999165535,0.8977970480918884,0.7959117293357849,-0.1908288449048996,0.016554540023207664,-0.5743123888969421,0
