0.3625604212284088,0.1091499999165535,0.8977970480918884,0.7959117293357849,-0.1908288449048996,0.016554540023207664,-0.5743123888969421,0.5686461329460144,-0.17728681862354279,0.019999999552965164,0,0.3625604212284088,0.1091499999165535,0.8977970480918884,0.7959117293357849,-0.1908288449048996,0.016554540023207664,-0.5743123888969421,1
0.3628040552139282,0.10916154831647873,0.8976776003837585,0.7959170937538147,-0.19090838730335236,0.016660241410136223,-0.5742754340171814,0.5686461329460144,-0.17728681862354279,0.01981772482395172,0,0.3625604212284088,0.1091499999165535,0.8977970480918884,0.7959117293357849,-0.1908288449048996,0.016554540023207664,-0.5743123888969421,1
0.3632446825504303,0.10916890949010849,0.8974825739860535,0.7959179878234863,-0.1910729855298996,0.016885489225387573,-0.574212908744812,0.5686461329460144,-0.17728681862354279,0.019884353503584862,0,0.3625604212284088,0.1091499999165535,0.8977970480918884,0.7959117293357849,-0.1908288449048996,0.016554540023207664,-0.5743123888969421,1
0.36376747488975525,0.10917111486196518,0.8972581028938293,0.7959133982658386,-0.1912766695022583,0.017166968435049057,-0.5741432309150696,0.5686461329460144,-0.17728681862354279,0.019923372194170952,0,0.3625604212284088,0.1091499999165535,0.8977970480918884,0.7959117293357849,-0.1908288449048996,0.016554540023207664,-0.5743123888969421,1
0.3643089532852173,0.10917005687952042,0.8970283269882202,0.7959052920341492,-0.1914910078048706,0.01746424101293087,-0.5740739107131958,0.5686461329460144,-0.17728681862354279,0.019946129992604256,0,0.3625604212284088,0.1091499999165535,0.8977970480918884,0.7959117293357849,-0.1908288449048996,0.016554540023207664,-0.5743123888969421,1
0.36483412981033325,0.10916749387979507,0.8968064785003662,0.7958957552909851,-0.19170089066028595,0.017755331471562386,-0.5740082263946533,0.5686461329460144,-0.17728681862354279,0.019959425553679466,0,0.3625604212284088,0.1091499999165535,0.8977970480918884,0.7959117293357849,-0.1908288449048996,0.016554540023207664,-0.5743123888969421,1
0.3653259873390198,0.10916423052549362,0.8965990543365479,0.7958859801292419,-0.19189804792404175,0.01802937313914299,-0.5739471912384033,0.5686461329460144,-0.17728681862354279,0.019967196509242058,0,0.3625604212284088,0.1091499999165535,0.8977970480918884,0.7959117293357849,-0.1908288449048996,0.016554540023207664,-0.5743123888969421,1
0.36577728390693665,0.10916095972061157,0.89640873670578,0.7958768010139465,-0.19207923114299774,0.01828133687376976,-0.5738914608955383,0.5686461329460144,-0.17728681862354279,0.01997174322605133,0,0.3625604212284088,0.1091499999165535,0.8977970480918884,0.7959117293357849,-0.1908288449048996,0.016554540023207664,-0.5743123888969421,1
0.366186261177063,0.10915781557559967,0.8962359428405762,0.7958679795265198,-0.1922435611486435,0.018509861081838608,-0.5738412737846375,0.5686461329460144,-0.17728681862354279,0.019974403083324432,0,0.3625604212284088,0.1091499999165535,0.8977970480918884,0.7959117293357849,-0.1908288449048996,0.016554540023207664,-0.5743123888969421,1
0.3665536642074585,0.1091550812125206,0.8960806727409363,0.7958602905273438,-0.19239117205142975,0.01871492713689804,-0.5737957954406738,0.5686461329460144,-0.17728681862354279,0.01997595839202404,0,0.3625604212284088,0.1091499999165535,0.8977970480918884,0.7959117293357849,-0.1908288449048996,0.016554540023207664,-0.5743123888969421,1
0.36688217520713806,0.10915274918079376,0.895941436290741,0.7958534359931946,-0.1925230473279953,0.018898339942097664,-0.5737552642822266,0.5686461329460144,-0.17728681862354279,0.019976869225502014,0,0.3625604212284088,0.1091499999165535,0.8977970480918884,0.7959117293357849,-0.1908288449048996,0.016554540023207664,-0.5743123888969421,1
0.3671749234199524,0.10915068536996841,0.8958170413970947,0.7958471775054932,-0.1926405429840088,0.019061513245105743,-0.5737189054489136,0.5686461329460144,-0.17728681862354279,0.019977401942014694,0,0.3625604212284088,0.1091499999165535,0.8977970480918884,0.7959117293357849,-0.1908288449048996,0.016554540023207664,-0.5743123888969421,1
0.36743536591529846,0.10914917290210724,0.8957062363624573,0.7958419322967529,-0.19274485111236572,0.019206577911973,-0.5736864805221558,0.5686461329460144,-0.17728681862354279,0.019977713003754616,0,0.3625604212284088,0.1091499999165535,0.8977970480918884,0.7959117293357849,-0.1908288449048996,0.016554540023207664,-0.5743123888969421,1
0.3676663637161255,0.10914792865514755,0.8956077694892883,0.7958371639251709,-0.19283725321292877,0.019334783777594566,-0.5736575722694397,0.5686461329460144,-0.17728681862354279,0.01997789368033409,0,0.3625604212284088,0.1091499999165535,0.8977970480918884,0.7959117293357849,-0.1908288449048996,0.016554540023207664,-0.5743123888969421,1
0.3678717017173767,0.10914682596921921,0.8955199718475342,0.7958332300186157,-0.1929192990064621,0.019448645412921906,-0.573631763458252,0.5686461329460144,-0.17728681862354279,0.019978001713752747,0,0.3625604212284088,0.1091499999165535,0.8977970480918884,0.7959117293357849,-0.1908288449048996,0.016554540023207664,-0.5743123888969421,1
0.3680533766746521,0.10914600640535355,0.8954421877861023,0.795829713344574,-0.19299162924289703,0.01954904943704605,-0.5736088156700134,0.5686461329460144,-0.17728681862354279,0.01997806318104267,0,0.3625604212284088,0.1091499999165535,0.8977970480918884,0.7959117293357849,-0.1908288449048996,0.016554540023207664,-0.5743123888969421,1
0.3682141900062561,0.10914544761180878,0.8953732252120972,0.79582679271698,-0.19305557012557983,0.01963799074292183,-0.5735883712768555,0.5686461329460144,-0.17728681862354279,0.019978100433945656,0,0.3625604212284088,0.1091499999165535,0.8977970480918884,0.7959117293357849,-0.1908288449048996,0.016554540023207664,-0.5743123888969421,1
0.3683570623397827,0.10914503037929535,0.8953116536140442,0.7958241105079651,-0.19311225414276123,0.019716612994670868,-0.5735701322555542,0.5686461329460144,-0.17728681862354279,0.019978120923042297,0,0.3625604212284088,0.1091499999165535,0.8977970480918884,0.7959117293357849,-0.1908288449048996,0.016554540023207664,-0.5743123888969421,1
0.36848360300064087,0.10914475470781326,0.8952572345733643,0.7958218455314636,-0.1931624412536621,0.019786084070801735,-0.5735539793968201,0.5686461329460144,-0.17728681862354279,0.019978133961558342,0,0.3625604212284088,0.1091499999165535,0.8977970480918884,0.7959117293357849,-0.1908288449048996,0.016554540023207664,-0.5743123888969421,1
0.36859551072120667,0.10914462059736252,0.8952088356018066,0.7958201169967651,-0.19320662319660187,0.019847365096211433,-0.5735394358634949,0.5686461329460144,-0.17728681862354279,0.01997814141213894,0,0.3625604212284088,0.1091499999165535,0.8977970480918884,0.7959117293357849,-0.1908288449048996,0.016554540023207664,-0.5743123888969421,1
0.36869457364082336,0.10914447903633118,0.8951660394668579,0.7958184480667114,-0.1932457685470581,0.01990160159766674,-0.5735267996788025,0.5686461329460144,-0.17728681862354279,0.019978145137429237,0,0.3625604212284088,0.1091499999165535,0.8977970480918884,0.7959117293357849,-0.1908288449048996,0.016554540023207664,-0.5743123888969421,1
0.3687824606895447,0.10914447903633118,0.8951278328895569,0.795816957950592,-0.19328033924102783,0.01994943805038929,-0.5735154151916504,0.5686461329460144,-0.17728681862354279,0.019978148862719536,0,0.3625604212284088,0.1091499999165535,0.8977970480918884,0.7959117293357849,-0.1908288449048996,0.016554540023207664,-0.5743123888969421,1
0.36886000633239746,0.10914461314678192,0.895094096660614,0.7958159446716309,-0.19331079721450806,0.019991593435406685,-0.5735051035881042,0.5686461329460144,-0.17728681862354279,0.019978148862719536,0,0.3625604212284088,0.1091499999165535,0.8977970480918884,0.7959117293357849,-0.1908288449048996,0.016554540023207664,-0.5743123888969421,1
0.36892861127853394,0.10914474725723267,0.8950642347335815,0.7958149909973145,-0.19333770871162415,0.02002882771193981,-0.5734960436820984,0.5686461329460144,-0.17728681862354279,0.019978148862719536,0,0.3625604212284088,0.1091499999165535,0.8977970480918884,0.7959117293357849,-0.1908288449048996,0.016554540023207664,-0.5743123888969421,1
0.3689894676208496,0.10914488881826401,0.8950377106666565,0.7958140969276428,-0.1933615803718567,0.020061763003468513,-0.5734882354736328,0.5686461329460144,-0.17728681862354279,0.019978148862719536,0,0.3625604212284088,0.1091499999165535,0.8977970480918884,0.7959117293357849,-0.1908288449048996,0.016554540023207664,-0.5743123888969421,1
0.3690434694290161,0.10914502292871475,0.8950141072273254,0.7958134412765503,-0.1933826208114624,0.020090937614440918,-0.5734809041023254,0.5686461329460144,-0.17728681862354279,0.019978148862719536,0,0.3625604212284088,0.1091499999165535,0.8977970480918884,0.7959117293357849,-0.1908288449048996,0.016554540023207664,-0.5743123888969421,1
0.3690912425518036,0.10914530605077744,0.8949931859970093,0.7958129048347473,-0.1934012621641159,0.02011662721633911,-0.5734745860099792,0.5686461329460144,-0.17728681862354279,0.019978148862719536,0,0.3625604212284088,0.1091499999165535,0.8977970480918884,0.7959117293357849,-0.1908288449048996,0.016554540023207664,-0.5743123888969421,1
0.3691335916519165,0.10914543271064758,0.8949745893478394,0.7958122491836548,-0.19341766834259033,0.02013932727277279,-0.5734689831733704,0.5686461329460144,-0.17728681862354279,0.019978148862719536,0,0.3625604212284088,0.1091499999165535,0.8977970480918884,0.7959117293357849,-0.1908288449048996,0.016554540023207664,-0.5743123888969421,1
0.369171142578125,0.10914570838212967,0.894957959651947,0.7958120107650757,-0.19343216717243195,0.020159302279353142,-0.5734638571739197,0.5686461329460144,-0.17728681862354279,0.019978148862719536,0,0.3625604212284088,0.1091499999165535,0.8977970480918884,0.7959117293357849,-0.1908288449048996,0.016554540023207664,-0.5743123888969421,1
0.36920416355133057,0.10914599150419235,0.8949434161186218,0.795811653137207,-0.19344498217105865,0.020176958292722702,-0.5734593868255615,0.5686461329460144,-0.17728681862354279,0.019978148862719536,0,0.3625604212284088,0.1091499999165535,0.8977970480918884,0.7959117293357849,-0.1908288449048996,0.016554540023207664,-0.5743123888969421,1
0.36923354864120483,0.1091461256146431,0.8949304223060608,0.7958112955093384,-0.1934562772512436,0.020192500203847885,-0.5734555721282959,0.5686461329460144,-0.17728681862354279,0.019978148862719536,0,0.36923354864120483,0.1091461256146431,0.8949304223060608,0.7958112955093384,-0.1934562772512436,0.020192500203847885,-0.5734555721282959,1
0.3694966435432434,0.10915748029947281,0.8948008418083191,0.7958157062530518,-0.1935444176197052,0.020310046151280403,-0.5734154582023621,0.5686461329460144,-0.17728681862354279,0.019978148862719536,0,0.3754710555076599,0.107356496155262,0.8944950103759766,0.7935264110565186,-0.19769176840782166,0.024671602994203568,-0.5749999284744263,1
0.37029874324798584,0.10904502123594284,0.8946456909179688,0.7956629991531372,-0.1939907670021057,0.020786946639418602,-0.5734596252441406,0.5686461329460144,-0.17728681862354279,0.019978148862719536,0,0.38167130947113037,0.10551000386476517,0.8939468860626221,0.7912172675132751,-0.2019106149673462,0.029161477461457253,-0.576504111289978,1
0.3716371953487396,0.10877591371536255,0.8944627046585083,0.7953093647956848,-0.19481100142002106,0.021659040823578835,-0.5736396312713623,0.5686461329460144,-0.17728681862354279,0.019978148862719536,0,0.3878331780433655,0.10360725224018097,0.8932861685752869,0.7888840436935425,-0.20611338317394257,0.033663392066955566,-0.5779670476913452,1
0.37347719073295593,0.10835351794958115,0.8942427635192871,0.794762134552002,-0.1959766447544098,0.02290131337940693,-0.5739526748657227,0.5686461329460144,-0.17728681862354279,0.019978148862719536,0,0.3939540684223175,0.10164890438318253,0.8925132751464844,0.7865273356437683,-0.2102992981672287,0.03817622363567352,-0.5793887376785278,1
0.3757772445678711,0.10778684169054031,0.8939778804779053,0.7940357327461243,-0.19745764136314392,0.024484537541866302,-0.5743850469589233,0.5686461329460144,-0.17728681862354279,0.019978148862719536,0,0.40003159642219543,0.09963517636060715,0.8916289806365967,0.7841475009918213,-0.2144678384065628,0.042699653655290604,-0.5807693004608154,1
0.37849241495132446,0.10708542913198471,0.8936622738838196,0.7931457757949829,-0.19922243058681488,0.02637777104973793,-0.5749212503433228,0.5686461329460144,-0.17728681862354279,0.019978148862719536,0,0.40606504678726196,0.09756673872470856,0.8906330466270447,0.7817445993423462,-0.21861951053142548,0.047234535217285156,-0.5821080207824707,1
0.3815791606903076,0.1062573492527008,0.8932904005050659,0.7921061515808105,-0.2012423425912857,0.028552018105983734,-0.5755468010902405,0.5686461329460144,-0.17728681862354279,0.019978148862719536,0,0.41205132007598877,0.09544438868761063,0.8895264863967896,0.7793192863464355,-0.22275331616401672,0.051779549568891525,-0.5834048986434937,1
0.38499635457992554,0.10530985891819,0.8928566575050354,0.7909297943115234,-0.20348986983299255,0.03097981959581375,-0.5762483477592468,0.5686461329460144,-0.17728681862354279,0.019978148862719536,0,0.4179888367652893,0.09326842427253723,0.8883095979690552,0.7768715620040894,-0.2268693745136261,0.056335270404815674,-0.5846599340438843,1
0.388705313205719,0.10424893349409103,0.8923565745353699,0.7896278500556946,-0.20594002306461334,0.03363635763525963,-0.5770139694213867,0.5686461329460144,-0.17728681862354279,0.019978148862719536,0,0.42387574911117554,0.09103976935148239,0.8869826197624207,0.7744020223617554,-0.230967178940773,0.06090105324983597,-0.5858726501464844,1
0.39267075061798096,0.10308024287223816,0.8917849063873291,0.7882108092308044,-0.20856991410255432,0.03649876266717911,-0.5778321623802185,0.5686461329460144,-0.17728681862354279,0.019978148862719536,0,0.42971041798591614,0.08875882625579834,0.8855462074279785,0.7719107270240784,-0.23504692316055298,0.0654774084687233,-0.5870428681373596,1
0.39685991406440735,0.1018083319067955,0.8911375999450684,0.786687433719635,-0.21135888993740082,0.039546482264995575,-0.5786935091018677,0.5686461329460144,-0.17728681862354279,0.019978148862719536,0,0.4354901909828186,0.08642671257257462,0.8840012550354004,0.7693983912467957,-0.23910774290561676,0.07006321102380753,-0.5881705284118652,1
0.40124332904815674,0.10043758153915405,0.8904104232788086,0.7850663065910339,-0.21428826451301575,0.04276072978973389,-0.5795884728431702,0.5686461329460144,-0.17728681862354279,0.019978148862719536,0,0.4412137567996979,0.08404400199651718,0.8823479413986206,0.7668654322624207,-0.2431497424840927,0.07465878874063492,-0.5892552137374878,1
0.40579506754875183,0.09897180646657944,0.8895993232727051,0.7833545804023743,-0.21734164655208588,0.046125542372465134,-0.5805088877677917,0.5686461329460144,-0.17728681862354279,0.019978148862719536,0,0.4468795955181122,0.08161132037639618,0.8805866837501526,0.7643115520477295,-0.24717281758785248,0.07926439493894577,-0.5902969837188721,1
0.410490483045578,0.0974145233631134,0.8887007832527161,0.7815589308738708,-0.22050370275974274,0.04962577298283577,-0.581447184085846,0.5686461329460144,-0.17728681862354279,0.019978148862719536,0,0.4524852931499481,0.0791296735405922,0.8787184953689575,0.7617377638816833,-0.2511764466762543,0.08387944847345352,-0.5912952423095703,1
0.4153077006340027,0.09576873481273651,0.8877115249633789,0.7796855568885803,-0.2237606644630432,0.05324815586209297,-0.5823969841003418,0.5686461329460144,-0.17728681862354279,0.019978148862719536,0,0.45802900195121765,0.076600082218647,0.876743733882904,0.7591441869735718,-0.25516024231910706,0.08850321173667908,-0.5922502279281616,1
0.42022672295570374,0.09403779357671738,0.8866291046142578,0.7777397632598877,-0.22710034251213074,0.056980617344379425,-0.5833517909049988,0.5686461329460144,-0.17728681862354279,0.019978148862719536,0,0.46350911259651184,0.0740230530500412,0.8746634125709534,0.7565310597419739,-0.2591242492198944,0.0931362435221672,-0.5931617617607117,1
0.42523014545440674,0.09222420305013657,0.8854506611824036,0.7757265567779541,-0.23051199316978455,0.060812827199697495,-0.5843066573143005,0.5686461329460144,-0.17728681862354279,0.019978148862719536,0,0.46892374753952026,0.07139965891838074,0.8724778294563293,0.7538989186286926,-0.2630681097507477,0.09777812659740448,-0.5940294861793518,1
0.4303009808063507,0.09033098816871643,0.8841743469238281,0.7736504673957825,-0.23398561775684357,0.06473477184772491,-0.5852564573287964,0.5686461329460144,-0.17728681862354279,0.019978148862719536,0,0.47427088022232056,0.06873101741075516,0.8701879978179932,0.7512481212615967,-0.2669913172721863,0.10242827236652374,-0.5948531627655029,1
0.4354253113269806,0.08836032450199127,0.8827980756759644,0.7715157270431519,-0.23751261830329895,0.06873837858438492,-0.5861963033676147,0.5686461329460144,-0.17728681862354279,0.019978148862719536,0,0.47954925894737244,0.06601770222187042,0.8677945137023926,0.748578667640686,-0.270893931388855,0.10708698630332947,-0.5956330895423889,1
0.44058939814567566,0.08631502091884613,0.8813205361366272,0.7693260908126831,-0.2410849928855896,0.07281594723463058,-0.5871228575706482,0.5686461329460144,-0.17728681862354279,0.019978148862719536,0,0.48475685715675354,0.06326089054346085,0.8652981519699097,0.7458912134170532,-0.27477529644966125,0.11175396293401718,-0.5963687896728516,1
0.4457809627056122,0.08419716358184814,0.8797404766082764,0.7670847177505493,-0.2446955144405365,0.07696026563644409,-0.5880324840545654,0.5686461329460144,-0.17728681862354279,0.019978148862719536,0,0.4898921251296997,0.06046184524893761,0.8626995086669922,0.7431862950325012,-0.27863579988479614,0.11642884463071823,-0.5970599055290222,1
0.4509890079498291,0.08200918883085251,0.8780568242073059,0.7647952437400818,-0.2483379989862442,0.08116519451141357,-0.5889216661453247,0.5686461329460144,-0.17728681862354279,0.019978148862719536,0,0.494952917098999,0.05762120336294174,0.8599998354911804,0.74046391248703,-0.2824745178222656,0.12111125886440277,-0.59770667552948,1
0.45620378851890564,0.07975312322378159,0.8762689232826233,0.7624602317810059,-0.25200656056404114,0.08542542159557343,-0.5897877812385559,0.5686461329460144,-0.17728681862354279,0.019978148862719536,0,0.49993839859962463,0.05474044382572174,0.857199490070343,0.7377246022224426,-0.28629180788993835,0.12580162286758423,-0.5983085632324219,1
0.461415559053421,0.07743131369352341,0.8743762969970703,0.7600824236869812,-0.2556958794593811,0.08973574638366699,-0.5906281471252441,0.5686461329460144,-0.17728681862354279,0.019978148862719536,0,0.504846453666687,0.051820311695337296,0.8542993664741516,0.7349687218666077,-0.29008686542510986,0.13049937784671783,-0.5988658666610718,1
0.466616153717041,0.07504565268754959,0.8723787069320679,0.7576643824577332,-0.25940167903900146,0.09409157931804657,-0.5914407968521118,0.5686461329460144,-0.17728681862354279,0.019978148862719536,0,0.5096752643585205,0.04886213690042496,0.8513005971908569,0.7321968674659729,-0.2938598394393921,0.13520433008670807,-0.5993778705596924,1
0.4717978239059448,0.07259838283061981,0.8702759742736816,0.7552083134651184,-0.2631194293498993,0.09848899394273758,-0.5922232866287231,0.5686461329460144,-0.17728681862354279,0.019978148862719536,0,0.5144239068031311,0.0458672009408474,0.848203718662262,0.729408860206604,-0.29761049151420593,0.1399160921573639,-0.5998451113700867,1
0.47695374488830566,0.07009131461381912,0.8680681586265564,0.7527161240577698,-0.26684558391571045,0.10292432457208633,-0.5929741263389587,0.5686461329460144,-0.17728681862354279,0.019978148862719536,0,0.5190902948379517,0.04283630847930908,0.8450099229812622,0.7266054749488831,-0.3013383150100708,0.14463484287261963,-0.6002669334411621,1
0.4820775091648102,0.06752637028694153,0.8657550811767578,0.7501899600028992,-0.2705767750740051,0.10739447921514511,-0.5936914086341858,0.5686461329460144,-0.17728681862354279,0.019978148862719536,0,0.5236731767654419,0.039770856499671936,0.841719925403595,0.7237868309020996,-0.3050432503223419,0.14936016499996185,-0.6006435751914978,1
0.48716291785240173,0.0649053230881691,0.8633375763893127,0.7476314306259155,-0.2743096947669983,0.11189606040716171,-0.5943740606307983,0.5686461329460144,-0.17728681862354279,0.019978148862719536,0,0.528170645236969,0.03667225316166878,0.8383349776268005,0.7209537029266357,-0.3087248206138611,0.1540917009115219,-0.6009745001792908,1
0.49220430850982666,0.062230467796325684,0.8608159422874451,0.7450423836708069,-0.2780417799949646,0.1164265051484108,-0.5950204730033875,0.5686461329460144,-0.17728681862354279,0.019978148862719536,0,0.5325815081596375,0.03354134038090706,0.834855854511261,0.7181060314178467,-0.31238284707069397,0.1588292270898819,-0.6012603044509888,1
0.49719706177711487,0.05950320512056351,0.8581905364990234,0.7424242496490479,-0.28177037835121155,0.1209835559129715,-0.5956296920776367,0.5686461329460144,-0.17728681862354279,0.019978148862719536,0,0.5369044542312622,0.030379753559827805,0.8312833309173584,0.7152444124221802,-0.3160172700881958,0.16357284784317017,-0.6015000939369202,1
0.5021367073059082,0.05672575533390045,0.8554617762565613,0.7397783994674683,-0.28549352288246155,0.12556499242782593,-0.5962002277374268,0.5686461329460144,-0.17728681862354279,0.019978148862719536,0,0.5411374568939209,0.027188783511519432,0.827619194984436,0.7123691439628601,-0.31962764263153076,0.16832181811332703,-0.6016942858695984,1
0.5070180296897888,0.0538996085524559,0.8526309728622437,0.737106204032898,-0.2892090380191803,0.13016840815544128,-0.5967316627502441,0.5686461329460144,-0.17728681862354279,0.019978148862719536,0,0.5452800393104553,0.02396942675113678,0.8238634467124939,0.7094805836677551,-0.32321396470069885,0.17307674884796143,-0.6018424034118652,1
0.5118381977081299,0.0510266050696373,0.8496983647346497,0.7344090342521667,-0.29291480779647827,0.13479280471801758,-0.5972228050231934,0.5686461329460144,-0.17728681862354279,0.019978148862719536,0,0.5493304133415222,0.02072330377995968,0.8200175762176514,0.7065792083740234,-0.32677575945854187,0.17783671617507935,-0.6019446849822998,1
0.5165929198265076,0.048108652234077454,0.8466647863388062,0.7316877841949463,-0.29660969972610474,0.13943599164485931,-0.5976731181144714,0.5686461329460144,-0.17728681862354279,0.019978148862719536,0,0.5532867908477783,0.017452068626880646,0.8160831332206726,0.7036654949188232,-0.3303127884864807,0.1826014220714569,-0.6020007133483887,1
0.5212785601615906,0.045147307217121124,0.8435313701629639,0.7289438843727112,-0.30029165744781494,0.1440965086221695,-0.5980818271636963,0.5686461329460144,-0.17728681862354279,0.019978148862719536,0,0.5571486949920654,0.014156490564346313,0.812060534954071,0.7007395029067993,-0.3338250517845154,0.18737129867076874,-0.6020106077194214,1
0.5258920788764954,0.04214450344443321,0.8402990698814392,0.7261782884597778,-0.30395957827568054,0.14877282083034515,-0.5984482765197754,0.5686461329460144,-0.17728681862354279,0.019978148862719536,0,0.5609143972396851,0.010838276706635952,0.807951033115387,0.697801947593689,-0.33731207251548767,0.192145437002182,-0.601974368095398,1
0.5304306149482727,0.03910152241587639,0.8369686007499695,0.7233914732933044,-0.30761218070983887,0.15346398949623108,-0.5987721681594849,0.5686461329460144,-0.17728681862354279,0.019978148862719536,0,0.5645831227302551,0.007498982362449169,0.8037558197975159,0.6948530673980713,-0.3407738208770752,0.19692425429821014,-0.601891279220581,1
0.5348910689353943,0.036020442843437195,0.833541214466095,0.7205851674079895,-0.31124821305274963,0.15816867351531982,-0.5990526676177979,0.5686461329460144,-0.17728681862354279,0.019978148862719536,0,0.5681527853012085,0.004139745607972145,0.7994762659072876,0.6918931007385254,-0.3442097306251526,0.20170679688453674,-0.6017622351646423,1
0.5392710566520691,0.03290284425020218,0.8300179243087769,0.7177597284317017,-0.3148665130138397,0.16288578510284424,-0.5992897152900696,0.5686461329460144,-0.17728681862354279,0.019978148862719536,0,0.5716229677200317,0.0007622931152582169,0.7951132655143738,0.6889225244522095,-0.34762004017829895,0.20649342238903046,-0.6015865206718445,1
0.5435680747032166,0.029750268906354904,0.826399564743042,0.714915931224823,-0.3184663653373718,0.16761471331119537,-0.5994826555252075,0.5686461329460144,-0.17728681862354279,0.019978148862719536,0,0.5749924182891846,-0.002632291056215763,0.7906680703163147,0.6859416961669922,-0.35100412368774414,0.21128365397453308,-0.6013645529747009,1
0.547779381275177,0.026564721018075943,0.8226879239082336,0.7120548486709595,-0.3220466077327728,0.17235371470451355,-0.5996314287185669,0.5686461329460144,-0.17728681862354279,0.019978148862719536,0,0.5782596468925476,-0.006042084656655788,0.7861419320106506,0.6829509735107422,-0.354361891746521,0.21607713401317596,-0.6010957360267639,1
0.5519033670425415,0.023347707465291023,0.8188833594322205,0.7091771960258484,-0.3256068229675293,0.17710299789905548,-0.5997352600097656,0.5686461329460144,-0.17728681862354279,0.019978148862719536,0,0.5814242362976074,-0.009465597569942474,0.7815359830856323,0.679951012134552,-0.3576931655406952,0.22087374329566956,-0.6007802486419678,1
0.5559374094009399,0.0201007891446352,0.8149875998497009,0.706283450126648,-0.3291456401348114,0.1818610429763794,-0.5997943878173828,0.5686461329460144,-0.17728681862354279,0.019978148862719536,0,0.5844844579696655,-0.012901602312922478,0.7768516540527344,0.6769417524337769,-0.36099761724472046,0.22567333281040192,-0.6004181504249573,1
0.559879720211029,0.016825929284095764,0.8110018372535706,0.7033746242523193,-0.3326627016067505,0.18662729859352112,-0.5998081564903259,0.5686461329460144,-0.17728681862354279,0.019978148862719536,0,0.5874394774436951,-0.016348272562026978,0.7720902562141418,0.673923909664154,-0.36427491903305054,0.2304752618074417,-0.6000094413757324,1
0.5637285709381104,0.013524618931114674,0.8069270849227905,0.700451135635376,-0.33615756034851074,0.1914011687040329,-0.5997763872146606,0.5686461329460144,-0.17728681862354279,0.019978148862719536,0,0.5902891755104065,-0.019804125651717186,0.7672522664070129,0.6708978414535522,-0.3675253689289093,0.2352801114320755,-0.5995534658432007,1
0.5674822330474854,0.010198534466326237,0.8027645945549011,0.6975136399269104,-0.3396294116973877,0.19618211686611176,-0.5996991395950317,0.5686461329460144,-0.17728681862354279,0.019978148862719536,0,0.5930315852165222,-0.0232677198946476,0.7623399496078491,0.6678639650344849,-0.37074804306030273,0.24008679389953613,-0.5990508794784546,1
0.5711387991905212,0.006849097087979317,0.7985157370567322,0.6945627331733704,-0.3430776298046112,0.20096972584724426,-0.5995759963989258,0.5686461329460144,-0.17728681862354279,0.019978148862719536,0,0.5956664085388184,-0.02673746645450592,0.7573539018630981,0.6648221611976624,-0.37394335865974426,0.24489565193653107,-0.5985013246536255,1
0.5746968984603882,0.0034783203154802322,0.7941817045211792,0.6915991306304932,-0.34650182723999023,0.20576278865337372,-0.599406898021698,0.5686461329460144,-0.17728681862354279,0.019978148862719536,0,0.5981921553611755,-0.030211402103304863,0.7522964477539062,0.661773681640625,-0.37711039185523987,0.24970559775829315,-0.5979049801826477,1
0.5781551003456116,8.769519627094269e-05,0.7897638082504272,0.6886232495307922,-0.3499012887477875,0.21056146919727325,-0.5991917848587036,0.5686461329460144,-0.17728681862354279,0.019978148862719536,0,0.6006089448928833,-0.03368857502937317,0.7471676468849182,0.6587181091308594,-0.3802495300769806,0.2545175552368164,-0.5972616076469421,1
0.5815116763114929,-0.0033212248235940933,0.7852635383605957,0.6856356859207153,-0.35327571630477905,0.21536476910114288,-0.5989305973052979,0.5686461329460144,-0.17728681862354279,0.019978148862719536,0,0.6029154062271118,-0.03716708719730377,0.7419695258140564,0.6556562185287476,-0.3833600878715515,0.25933077931404114,-0.5965713858604431,1
0.5847653150558472,-0.006746395956724882,0.7806820869445801,0.6826371550559998,-0.35662466287612915,0.22017237544059753,-0.5986229181289673,0.5686461329460144,-0.17728681862354279,0.019978148862719536,0,0.6052443385124207,-0.04086197167634964,0.7363719940185547,0.652396559715271,-0.3866341710090637,0.26444554328918457,-0.5957862138748169,1
0.5879220962524414,-0.010199432261288166,0.7760037779808044,0.67961585521698,-0.359961599111557,0.22500024735927582,-0.5982680916786194,0.5686461329460144,-0.17728681862354279,0.019978148862719536,0,0.6074474453926086,-0.0445549413561821,0.7306991815567017,0.6491304039955139,-0.38987571001052856,0.269561231136322,-0.5949482321739197,1
0.590984582901001,-0.013682903721928596,0.7712241411209106,0.676568865776062,-0.36328840255737305,0.22985494136810303,-0.597865104675293,0.5686461329460144,-0.17728681862354279,0.019978148862719536,0,0.6095232963562012,-0.048243194818496704,0.724953293800354,0.6458585858345032,-0.3930842876434326,0.27467694878578186,-0.5940571427345276,1
0.5939517617225647,-0.017195552587509155,0.7663426399230957,0.6734966039657593,-0.36660414934158325,0.23473624885082245,-0.5974131226539612,0.5686461329460144,-0.17728681862354279,0.019978148862719536,0,0.6114715337753296,-0.05192522704601288,0.7191354036331177,0.6425813436508179,-0.39626002311706543,0.27979305386543274,-0.5931128859519958,1
0.5968220829963684,-0.02073477767407894,0.761359453201294,0.6704004406929016,-0.3699074685573578,0.23964369297027588,-0.5969107747077942,0.5686461329460144,-0.17728681862354279,0.019978148862719536,0,0.6132916212081909,-0.0555989108979702,0.7132473587989807,0.639299213886261,-0.39940252900123596,0.28490889072418213,-0.5921157002449036,1
0.5995926260948181,-0.024297745898365974,0.7562767267227173,0.6672821044921875,-0.37319621443748474,0.24457524716854095,-0.5963572859764099,0.5686461329460144,-0.17728681862354279,0.019978148862719536,0,0.6149827837944031,-0.05926193296909332,0.7072910666465759,0.636012852191925,-0.40251150727272034,0.29002419114112854,-0.5910651683807373,1
0.6022601127624512,-0.027881672605872154,0.7510960698127747,0.6641426086425781,-0.3764689862728119,0.24952927231788635,-0.5957521796226501,0.5686461329460144,-0.17728681862354279,0.019978148862719536,0,0.6165444254875183,-0.06291284412145615,0.7012678980827332,0.6327223181724548,-0.40558671951293945,0.2951386272907257,-0.5899617671966553,1
0.6048210859298706,-0.03148316591978073,0.7458210587501526,0.6609843373298645,-0.3797234296798706,0.254502534866333,-0.5950952172279358,0.5686461329460144,-0.17728681862354279,0.019978148862719536,0,0.6179758310317993,-0.06654911488294601,0.6951800584793091,0.6294283270835876,-0.4086282551288605,0.30025187134742737,-0.5888052582740784,1
0.6072728037834167,-0.035099275410175323,0.7404532432556152,0.6578080654144287,-0.38295820355415344,0.25949427485466003,-0.59438556432724,0.5686461329460144,-0.17728681862354279,0.019978148862719536,0,0.619276762008667,-0.07016925513744354,0.6890289783477783,0.6261311769485474,-0.41163522005081177,0.30536362528800964,-0.5875959992408752,1
0.609611988067627,-0.03872695565223694,0.7349963188171387,0.654615581035614,-0.3861713707447052,0.26450181007385254,-0.5936233997344971,0.5686461329460144,-0.17728681862354279,0.019978148862719536,0,0.6204468607902527,-0.07377104461193085,0.6828164458274841,0.6228313446044922,-0.414607971906662,0.31047388911247253,-0.5863336324691772,1
0.6118360161781311,-0.04236268252134323,0.7294527292251587,0.6514087319374084,-0.3893616199493408,0.2695228159427643,-0.5928082466125488,0.5686461329460144,-0.17728681862354279,0.019978148862719536,0,0.6214856505393982,-0.07735205441713333,0.676544189453125,0.6195295453071594,-0.4175460934638977,0.31558191776275635,-0.5850182175636292,1
0.6139426827430725,-0.046003978699445724,0.7238247394561768,0.6481882333755493,-0.39252769947052,0.27455589175224304,-0.5919400453567505,0.5686461329460144,-0.17728681862354279,0.019978148862719536,0,0.6223923563957214,-0.08091074973344803,0.6702147722244263,0.6162259578704834,-0.42044907808303833,0.3206874132156372,-0.5836502313613892,1
0.615929365158081,-0.04964818060398102,0.7181159257888794,0.6449555158615112,-0.39566782116889954,0.27959907054901123,-0.5910190343856812,0.5686461329460144,-0.17728681862354279,0.019978148862719536,0,0.6231671571731567,-0.08444486558437347,0.6638291478157043,0.6129212975502014,-0.42331698536872864,0.3257902264595032,-0.5822292566299438,1
0.6177945733070374,-0.0532921627163887,0.7123277187347412,0.6417115926742554,-0.39878156781196594,0.28465181589126587,-0.5900447368621826,0.5686461329460144,-0.17728681862354279,0.019978148862719536,0,0.6238098740577698,-0.0879521295428276,0.6573892831802368,0.6096157431602478,-0.42614978551864624,0.33089005947113037,-0.5807552337646484,1
0.6195359826087952,-0.056933410465717316,0.7064638137817383,0.638457715511322,-0.4018672704696655,0.289711594581604,-0.589017391204834,0.5686461329460144,-0.17728681862354279,0.019978148862719536,0,0.6243197321891785,-0.09143086522817612,0.6508978009223938,0.6063100099563599,-0.42894670367240906,0.3359861969947815,-0.5792288184165955,1
0.6211519837379456,-0.06056900694966316,0.700526237487793,0.6351947784423828,-0.40492433309555054,0.294777512550354,-0.5879371166229248,0.5686461329460144,-0.17728681862354279,0.019978148862719536,0,0.6246973276138306,-0.09487875550985336,0.6443554759025574,0.6030043363571167,-0.43170806765556335,0.34107860922813416,-0.5776496529579163,1
0.622641384601593,-0.06419630348682404,0.6945177912712097,0.6319238543510437,-0.40795162320137024,0.2998482286930084,-0.5868037939071655,0.5686461329460144,-0.17728681862354279,0.019978148862719536,0,0.6249313950538635,-0.09809420257806778,0.6381540298461914,0.5998938083648682,-0.43427392840385437,0.3458678424358368,-0.5761153697967529,1
0.6240036487579346,-0.06780064851045609,0.6884629130363464,0.6286580562591553,-0.4109364449977875,0.30490657687187195,-0.5856212377548218,0.5686461329460144,-0.17728681862354279,0.019978148862719536,0,0.6250482201576233,-0.1012791320681572,0.6319106221199036,0.5967840552330017,-0.43680787086486816,0.35065338015556335,-0.5745344758033752,1
0.6252355575561523,-0.07137498259544373,0.6823698878288269,0.6254021525382996,-0.41387611627578735,0.30994486808776855,-0.5843910574913025,0.5686461329460144,-0.17728681862354279,0.019978148862719536,0,0.6250472664833069,-0.1044314056634903,0.6256279945373535,0.5936757922172546,-0.43930935859680176,0.35543426871299744,-0.5729073286056519,1
0.6263352036476135,-0.07491657882928848,0.6762435436248779,0.6221567988395691,-0.41677090525627136,0.3149603605270386,-0.583114743232727,0.5686461329460144,-0.17728681862354279,0.019978148862719536,0,0.6249288320541382,-0.10754992067813873,0.6193068027496338,0.5905690789222717,-0.44177839159965515,0.3602111339569092,-0.5712336301803589,1
0.6273028254508972,-0.0784243494272232,0.6700851917266846,0.6189220547676086,-0.41962113976478577,0.31995388865470886,-0.581792950630188,0.5686461329460144,-0.17728681862354279,0.019978148862719536,0,0.6246930956840515,-0.11063248664140701,0.6129491925239563,0.5874646306037903,-0.4442148804664612,0.3649829030036926,-0.569513738155365,1
0.6281387805938721,-0.08189724385738373,0.6638969779014587,0.6156973242759705,-0.4224276542663574,0.3249257504940033,-0.5804263949394226,0.5686461329460144,-0.17728681862354279,0.019978148862719536,0,0.6243402361869812,-0.11367761343717575,0.6065562963485718,0.5843625068664551,-0.4466186463832855,0.3697499930858612,-0.5677473545074463,1
0.6288443803787231,-0.08533480763435364,0.6576787829399109,0.6124818921089172,-0.42519158124923706,0.32987719774246216,-0.5790155529975891,0.5686461329460144,-0.17728681862354279,0.019978148862719536,0,0.6238701939582825,-0.11668384075164795,0.6001301407814026,0.5812634825706482,-0.4489891529083252,0.3745114505290985,-0.5659351348876953,1
0.6294205188751221,-0.08873622119426727,0.6514315009117126,0.6092755794525146,-0.4279133975505829,0.3348093032836914,-0.5775603652000427,0.5686461329460144,-0.17728681862354279,0.019978148862719536,0,0.6232832670211792,-0.11964933574199677,0.5936723351478577,0.5781673789024353,-0.45132678747177124,0.37926754355430603,-0.564076840877533,1
0.6298689842224121,-0.09210120886564255,0.6451548337936401,0.6060777306556702,-0.4305942952632904,0.33972328901290894,-0.5760610103607178,0.5686461329460144,-0.17728681862354279,0.019978148862719536,0,0.62257981300354,-0.12257226556539536,0.587183952331543,0.5750750303268433,-0.453631192445755,0.3840177059173584,-0.5621723532676697,1
0.630190372467041,-0.0954284742474556,0.6388494968414307,0.6028879880905151,-0.4332350790500641,0.3446204662322998,-0.5745171904563904,0.5686461329460144,-0.17728681862354279,0.019978148862719536,0,0.6217601895332336,-0.12545137107372284,0.5806670784950256,0.5719863772392273,-0.4559020698070526,0.38876184821128845,-0.5602222084999084,1
0.6303861737251282,-0.09871766716241837,0.6325159072875977,0.5997059941291809,-0.4358363747596741,0.34950119256973267,-0.5729294419288635,0.5686461329460144,-0.17728681862354279,0.019978148862719536,0,0.6208242177963257,-0.1282847374677658,0.5741238594055176,0.5689024329185486,-0.45813918113708496,0.3934991955757141,-0.5582265853881836,1
0.6304572224617004,-0.1019682064652443,0.6261540055274963,0.5965311527252197,-0.4383988380432129,0.35436734557151794,-0.5712974667549133,0.5686461329460144,-0.17728681862354279,0.019978148862719536,0,0.6197729706764221,-0.13107073307037354,0.567554771900177,0.565822958946228,-0.46034279465675354,0.39823007583618164,-0.5561849474906921,1
0.630404531955719,-0.1051788181066513,0.6197646856307983,0.5933634638786316,-0.44092267751693726,0.35921919345855713,-0.5696212649345398,0.5686461329460144,-0.17728681862354279,0.019978148862719536,0,0.618606448173523,-0.13380806148052216,0.5609622001647949,0.5627485513687134,-0.46251222491264343,0.40295374393463135,-0.5540981292724609,1
0.6302289366722107,-0.10834840685129166,0.6133484244346619,0.5902029871940613,-0.4434088170528412,0.36405739188194275,-0.5679006576538086,0.5686461329460144,-0.17728681862354279,0.019978148862719536,0,0.6173253059387207,-0.13649487495422363,0.5543473958969116,0.5596795678138733,-0.4646477997303009,0.40767034888267517,-0.5519656538963318,1
0.6299313306808472,-0.11147594451904297,0.6069061756134033,0.5870492458343506,-0.4458574652671814,0.3688827157020569,-0.5661358833312988,0.5686461329460144,-0.17728681862354279,0.019978148862719536,0,0.6159296631813049,-0.1391293853521347,0.5477126240730286,0.5566165447235107,-0.4667488932609558,0.4123789370059967,-0.5497881174087524,1
0.6295121908187866,-0.11456042528152466,0.6004389524459839,0.5839022994041443,-0.448268860578537,0.3736951947212219,-0.5643269419670105,0.5686461329460144,-0.17728681862354279,0.019978148862719536,0,0.6144205331802368,-0.1417105495929718,0.5410588979721069,0.5535596609115601,-0.4688156843185425,0.41708001494407654,-0.5475653409957886,1
0.628972589969635,-0.11760091781616211,0.5939471125602722,0.5807620286941528,-0.4506433606147766,0.37849584221839905,-0.5624738931655884,0.5686461329460144,-0.17728681862354279,0.019978148862719536,0,0.6127982139587402,-0.14423611760139465,0.5343881249427795,0.5505092740058899,-0.4708479940891266,0.4217725992202759,-0.5452976226806641,1
0.628312885761261,-0.1205957755446434,0.5874319076538086,0.5776287913322449,-0.45298105478286743,0.38328468799591064,-0.5605764389038086,0.5686461329460144,-0.17728681862354279,0.019978148862719536,0,0.6108236908912659,-0.14702993631362915,0.5268091559410095,0.5470606684684753,-0.47310930490493774,0.4270807206630707,-0.5426731109619141,1
0.6275138258934021,-0.12356553226709366,0.5808395147323608,0.5744760632514954,-0.45530322194099426,0.38809603452682495,-0.5586211085319519,0.5686461329460144,-0.17728681862354279,0.019978148862719536,0,0.6087055206298828,-0.1497485339641571,0.5192127227783203,0.5436215400695801,-0.4753257632255554,0.4323776066303253,-0.5399912595748901,1
0.626578152179718,-0.12651711702346802,0.5741564035415649,0.5712955594062805,-0.45761311054229736,0.3929464519023895,-0.5566010475158691,0.5686461329460144,-0.17728681862354279,0.019978148862719536,0,0.6064448952674866,-0.1523897349834442,0.5116016864776611,0.5401924252510071,-0.4774973690509796,0.437662273645401,-0.5372523069381714,1
0.6255080699920654,-0.1294485330581665,0.567381739616394,0.5680882930755615,-0.459909051656723,0.3978368639945984,-0.5545133352279663,0.5686461329460144,-0.17728681862354279,0.019978148862719536,0,0.6040424704551697,-0.15495115518569946,0.5039778351783752,0.5367737412452698,-0.47962382435798645,0.4429350793361664,-0.5344560742378235,1
0.6243035793304443,-0.13235551118850708,0.5605186223983765,0.5648565292358398,-0.46218886971473694,0.4027656614780426,-0.5523570775985718,0.5686461329460144,-0.17728681862354279,0.019978148862719536,0,0.6014997363090515,-0.15743111073970795,0.49634426832199097,0.5333659648895264,-0.4817047715187073,0.44819504022598267,-0.5316036343574524,1
0.6229636073112488,-0.13523295521736145,0.5535730719566345,0.5616031885147095,-0.4644494950771332,0.40772873163223267,-0.5501325130462646,0.5686461329460144,-0.17728681862354279,0.019978148862719536,0,0.5988178849220276,-0.1598273068666458,0.48870259523391724,0.5299696922302246,-0.48374029994010925,0.45344212651252747,-0.5286943316459656,1
0.6214872598648071,-0.13807517290115356,0.5465508103370667,0.5583315491676331,-0.4666886031627655,0.41272208094596863,-0.5478394627571106,0.5686461329460144,-0.17728681862354279,0.019978148862719536,0,0.5959981679916382,-0.16213726997375488,0.48105549812316895,0.5265856981277466,-0.48573023080825806,0.45867547392845154,-0.5257285237312317,1
0.6198728084564209,-0.14087635278701782,0.5394590497016907,0.5550448298454285,-0.46890321373939514,0.41774120926856995,-0.545478880405426,0.5686461329460144,-0.17728681862354279,0.019978148862719536,0,0.5930417776107788,-0.16435961425304413,0.47340577840805054,0.5232140421867371,-0.4876739978790283,0.46389490365982056,-0.5227069854736328,1
0.6181193590164185,-0.14363214373588562,0.5323045253753662,0.5517458319664001,-0.47109076380729675,0.4227820336818695,-0.5430518984794617,0.5686461329460144,-0.17728681862354279,0.019978148862719536,0,0.5899500846862793,-0.16649183630943298,0.4657551646232605,0.5198556780815125,-0.48957180976867676,0.4691002666950226,-0.519629180431366,1
0.616226315498352,-0.14633703231811523,0.5250933766365051,0.5484370589256287,-0.47324973344802856,0.42784032225608826,-0.5405589938163757,0.5686461329460144,-0.17728681862354279,0.019978148862719536,0,0.5867246389389038,-0.16853207349777222,0.45810675621032715,0.5165107250213623,-0.4914233088493347,0.47429031133651733,-0.5164961814880371,1
0.6141926050186157,-0.1489867866039276,0.5178323984146118,0.5451211929321289,-0.47537702322006226,0.43291276693344116,-0.5380017757415771,0.5686461329460144,-0.17728681862354279,0.019978148862719536,0,0.583366870880127,-0.17047804594039917,0.4504626393318176,0.513180136680603,-0.49322864413261414,0.4794650971889496,-0.5133078098297119,1
0.6120187640190125,-0.15157705545425415,0.5105258822441101,0.5418002605438232,-0.4774719774723053,0.4379964768886566,-0.5353802442550659,0.5686461329460144,-0.17728681862354279,0.019978148862719536,0,0.5798784494400024,-0.17232835292816162,0.442825049161911,0.5098639726638794,-0.49498721957206726,0.4846242368221283,-0.5100643634796143,1
0.6097040772438049,-0.1541033387184143,0.5031813383102417,0.5384768843650818,-0.4795322120189667,0.4430871903896332,-0.5326961278915405,0.5686461329460144,-0.17728681862354279,0.019978148862719536,0,0.5762607455253601,-0.17408102750778198,0.4351964592933655,0.5065628290176392,-0.49669912457466125,0.48976731300354004,-0.5067662000656128,1
0.6072493195533752,-0.15656235814094543,0.49580228328704834,0.5351522564888,-0.4815565049648285,0.44818365573883057,-0.5299497246742249,0.5686461329460144,-0.17728681862354279,0.019978148862719536,0,0.5725155472755432,-0.17573410272598267,0.42757946252822876,0.5032775402069092,-0.49836403131484985,0.4948935806751251,-0.5034136176109314,1
0.6046546697616577,-0.158950075507164,0.4883945882320404,0.531828761100769,-0.4835435450077057,0.4532826840877533,-0.5271418690681458,0.5686461329460144,-0.17728681862354279,0.019978148862719536,0,0.5686444640159607,-0.17728552222251892,0.41997677087783813,0.5000081062316895,-0.4999818801879883,0.5000025629997253,-0.5000073313713074,1
0.6019208431243896,-0.16126327216625214,0.4809625446796417,0.5285077691078186,-0.4854919910430908,0.4583820700645447,-0.524273693561554,0.5686461329460144,-0.17728681862354279,0.019978148862719536,0,0.6019208431243896,-0.16126327216625214,0.4809625446796417,0.5285077691078186,-0.4854919910430908,0.4583820700645447,-0.524273693561554,1
0.6002886891365051,-0.16288605332374573,0.47342005372047424,0.5258047580718994,-0.48673972487449646,0.4645847678184509,-0.5203602313995361,0.5686461329460144,-0.17728681862354279,0.019978148862719536,0,0.6021326184272766,-0.16169573366641998,0.47850432991981506,0.5282147526741028,-0.48565417528152466,0.4588066339492798,-0.5240472555160522,1
0.5999412536621094,-0.16355273127555847,0.46591484546661377,0.5238335728645325,-0.48833099007606506,0.47014540433883667,-0.5158435106277466,0.5686461329460144,-0.17728681862354279,0.019978148862719536,0,0.6023327708244324,-0.16212305426597595,0.47604644298553467,0.5279219150543213,-0.4858160614967346,0.4592309892177582,-0.5238205790519714,1
0.6001080870628357,-0.16359198093414307,0.4591760039329529,0.5224241614341736,-0.48993241786956787,0.47464147210121155,-0.511619508266449,0.5686461329460144,-0.17728681862354279,0.019978148862719536,0,0.6025208234786987,-0.1625451147556305,0.4735891819000244,0.5276291370391846,-0.4859776198863983,0.4596553146839142,-0.523593544960022,1
0.6003836393356323,-0.16352880001068115,0.45350271463394165,0.5213426351547241,-0.4912688136100769,0.4781847298145294,-0.508129894733429,0.5686461329460144,-0.17728681862354279,0.019978148862719536,0,0.6026973128318787,-0.16296204924583435,0.4711320400238037,0.5273364782333374,-0.48613882064819336,0.46007972955703735,-0.52336585521698,1
0.6006912589073181,-0.16349443793296814,0.4489721655845642,0.5205345749855042,-0.49228864908218384,0.4808095693588257,-0.5054875016212463,0.5686461329460144,-0.17728681862354279,0.019978148862719536,0,0.602861762046814,-0.16337373852729797,0.46867603063583374,0.527043879032135,-0.4862994849681854,0.46050381660461426,-0.5231383442878723,1
0.601034939289093,-0.16352105140686035,0.4456009566783905,0.519994854927063,-0.4929891526699066,0.4825338125228882,-0.5037142038345337,0.5686461329460144,-0.17728681862354279,0.019978148862719536,0,0.6030145883560181,-0.16377988457679749,0.46622034907341003,0.5267515778541565,-0.4864601790904999,0.46092769503593445,-0.5229099988937378,1
0.6014328002929688,-0.16361846029758453,0.4433881640434265,0.5197262167930603,-0.4933769106864929,0.48337140679359436,-0.5028080940246582,0.5686461329460144,-0.17728681862354279,0.019978148862719536,0,0.6031554937362671,-0.16418111324310303,0.46376514434814453,0.5264593362808228,-0.4866202771663666,0.46135157346725464,-0.522681474685669,1
0.601900041103363,-0.16379055380821228,0.4423304498195648,0.5197296142578125,-0.4934576153755188,0.48333314061164856,-0.502761960029602,0.5686461329460144,-0.17728681862354279,0.019978148862719536,0,0.6032847166061401,-0.16457697749137878,0.4613109529018402,0.5261671543121338,-0.4867801368236542,0.4617753326892853,-0.5224525332450867,1
0.6024425029754639,-0.16403701901435852,0.4424121081829071,0.5200018286705017,-0.4932369589805603,0.48243483901023865,-0.5035592913627625,0.5686461329460144,-0.17728681862354279,0.019978148862719536,0,0.6034021973609924,-0.16496744751930237,0.45885735750198364,0.5258749127388,-0.4869397282600403,0.46219924092292786,-0.5222231149673462,1
0.602872371673584,-0.16428744792938232,0.4429910182952881,0.5203856229782104,-0.49285998940467834,0.4811306893825531,-0.5047782063484192,0.5686461329460144,-0.17728681862354279,0.019978148862719536,0,0.6035078763961792,-0.16535267233848572,0.45640450716018677,0.525583028793335,-0.4870990812778473,0.4626230299472809,-0.5219931602478027,1
0.6031854748725891,-0.1645137369632721,0.4435545802116394,0.5207611322402954,-0.49246788024902344,0.4798019528388977,-0.5060368180274963,0.5686461329460144,-0.17728681862354279,0.019978148862719536,0,0.6036018133163452,-0.16573269665241241,0.4539526700973511,0.5252910256385803,-0.48725804686546326,0.4630467891693115,-0.5217627882957458,1
0.6034370064735413,-0.16472969949245453,0.4439379870891571,0.5210958123207092,-0.49210429191589355,0.47856441140174866,-0.5072165727615356,0.5686461329460144,-0.17728681862354279,0.019978148862719536,0,0.6036840677261353,-0.16610734164714813,0.4515020549297333,0.5249993205070496,-0.48741674423217773,0.4634704291820526,-0.5215321779251099,1
0.6036553382873535,-0.16494913399219513,0.44408485293388367,0.5213771462440491,-0.49178212881088257,0.477460116147995,-0.5082793831825256,0.5686461329460144,-0.17728681862354279,0.019978148862719536,0,0.6037546992301941,-0.16647650301456451,0.44905227422714233,0.5247076749801636,-0.48757514357566833,0.46389392018318176,-0.5213009119033813,1
0.6038533449172974,-0.16517847776412964,0.4439863860607147,0.521602988243103,-0.4915044903755188,0.4764978885650635,-0.5092182755470276,0.5686461329460144,-0.17728681862354279,0.019978148862719536,0,0.6038134694099426,-0.16684040427207947,0.44660404324531555,0.5244160890579224,-0.4877331852912903,0.464317262172699,-0.5210695266723633,1
0.6040374636650085,-0.165420264005661,0.4436519742012024,0.5217759609222412,-0.49126970767974854,0.4756743013858795,-0.5100370645523071,0.5686461329460144,-0.17728681862354279,0.019978148862719536,0,0.6038606762886047,-0.1671990007162094,0.4441567659378052,0.5241245627403259,-0.4878907799720764,0.46474066376686096,-0.5208379030227661,1
0.6042102575302124,-0.16567504405975342,0.44309869408607483,0.5218994617462158,-0.4910751283168793,0.47498032450675964,-0.5107442140579224,0.5686461329460144,-0.17728681862354279,0.019978148862719536,0,0.6038962006568909,-0.16755223274230957,0.4417109489440918,0.5238333344459534,-0.48804807662963867,0.46516382694244385,-0.520605742931366,1
0.6043727397918701,-0.16594159603118896,0.4423464238643646,0.5219781994819641,-0.4909173548221588,0.47440439462661743,-0.5113503932952881,0.5686461329460144,-0.17728681862354279,0.019978148862719536,0,0.6039201021194458,-0.16790004074573517,0.43926650285720825,0.523542046546936,-0.4882051646709442,0.46558696031570435,-0.5203730463981628,1
0.6045252680778503,-0.16621845960617065,0.44141459465026855,0.5220171809196472,-0.49079251289367676,0.47393542528152466,-0.5118650197982788,0.5686461329460144,-0.17728681862354279,0.019978148862719536,0,0.6039324998855591,-0.16824252903461456,0.4368232786655426,0.523250937461853,-0.48836183547973633,0.46601006388664246,-0.5201400518417358,1
0.6046673059463501,-0.16650432348251343,0.440321683883667,0.5220198631286621,-0.4906976819038391,0.4735623896121979,-0.5122982859611511,0.5686461329460144,-0.17728681862354279,0.019978148862719536,0,0.6039330959320068,-0.16857951879501343,0.43438202142715454,0.5229600071907043,-0.4885180592536926,0.46643295884132385,-0.5199069380760193,1
0.6047986149787903,-0.16679754853248596,0.4390847086906433,0.5219907760620117,-0.4906294047832489,0.47327515482902527,-0.5126587152481079,0.5686461329460144,-0.17728681862354279,0.019978148862719536,0,0.6039223074913025,-0.16891109943389893,0.43194159865379333,0.5226689577102661,-0.4886742830276489,0.46685609221458435,-0.5196728706359863,1
0.6049191355705261,-0.1670965552330017,0.4377184510231018,0.5219329595565796,-0.49058523774147034,0.47306492924690247,-0.5129537582397461,0.5686461329460144,-0.17728681862354279,0.019978148862719536,0,0.6038998961448669,-0.16923698782920837,0.42950335144996643,0.5223783850669861,-0.488830029964447,0.4672788381576538,-0.5194385051727295,1
0.605027973651886,-0.16740021109580994,0.43623751401901245,0.5218498706817627,-0.4905623197555542,0.4729229509830475,-0.5131910443305969,0.5686461329460144,-0.17728681862354279,0.019978148862719536,0,0.6038659811019897,-0.16955769062042236,0.4270666241645813,0.5220876932144165,-0.4889856278896332,0.4677017033100128,-0.5192038416862488,1
0.605124831199646,-0.16770701110363007,0.4346539378166199,0.5217442512512207,-0.4905587136745453,0.4728423058986664,-0.5133763551712036,0.5686461329460144,-0.17728681862354279,0.019978148862719536,0,0.6038204431533813,-0.16987289488315582,0.4246319532394409,0.5217971801757812,-0.48914065957069397,0.4681243300437927,-0.518968939781189,1
0.605209469795227,-0.16801640391349792,0.43297868967056274,0.5216183066368103,-0.4905717968940735,0.47281646728515625,-0.5135155916213989,0.5686461329460144,-0.17728681862354279,0.019978148862719536,0,0.6037634015083313,-0.17018263041973114,0.4221988320350647,0.5215066075325012,-0.48929542303085327,0.4685470759868622,-0.5187334418296814,1
0.6052817106246948,-0.16832689940929413,0.4312218427658081,0.5214744806289673,-0.4906002879142761,0.4728390574455261,-0.5136134624481201,0.5686461329460144,-0.17728681862354279,0.019978148862719536,0,0.6036948561668396,-0.17048683762550354,0.41976794600486755,0.5212162733078003,-0.4894498586654663,0.46896955370903015,-0.51849764585495,1
0.605340838432312,-0.16863778233528137,0.42939257621765137,0.521314799785614,-0.49064213037490845,0.47290506958961487,-0.5136749148368835,0.5686461329460144,-0.17728681862354279,0.019978148862719536,0,0.603614866733551,-0.17078562080860138,0.41733917593955994,0.5209261178970337,-0.48960399627685547,0.4693918526172638,-0.5182615518569946,1
0.6053873300552368,-0.16894836723804474,0.42749831080436707,0.5211407542228699,-0.4906960725784302,0.47300985455513,-0.5137034058570862,0.5686461329460144,-0.17728681862354279,0.019978148862719536,0,0.6035237312316895,-0.1710789054632187,0.41491198539733887,0.5206360220909119,-0.4897579550743103,0.4698142409324646,-0.5180248022079468,1
0.6054204702377319,-0.16925759613513947,0.4255470335483551,0.5209543704986572,-0.49076056480407715,0.473148912191391,-0.5137028098106384,0.5686461329460144,-0.17728681862354279,0.019978148862719536,0,0.6034208536148071,-0.1713663786649704,0.41248729825019836,0.5203461050987244,-0.48991161584854126,0.4702366590499878,-0.5177876353263855,1
0.6054402589797974,-0.16956539452075958,0.4235447943210602,0.5207567811012268,-0.49083444476127625,0.47331857681274414,-0.5136763453483582,0.5686461329460144,-0.17728681862354279,0.019978148862719536,0,0.6033065319061279,-0.1716485172510147,0.4100649058818817,0.5200562477111816,-0.4900646507740021,0.47065871953964233,-0.517550528049469,1
0.6054465770721436,-0.169870987534523,0.4214968681335449,0.5205488204956055,-0.4909168779850006,0.473516047000885,-0.5136263966560364,0.5686461329460144,-0.17728681862354279,0.019978148862719536,0,0.6031810641288757,-0.1719251424074173,0.40764477849006653,0.5197665691375732,-0.49021750688552856,0.471080482006073,-0.5173128843307495,1
0.6054395437240601,-0.17017363011837006,0.4194087088108063,0.5203321576118469,-0.4910068213939667,0.4737376570701599,-0.5135555267333984,0.5686461329460144,-0.17728681862354279,0.019978148862719536,0,0.6030440926551819,-0.17219629883766174,0.40522676706314087,0.5194769501686096,-0.49037009477615356,0.4715025722980499,-0.517074704170227,1
0.6054189801216125,-0.17047350108623505,0.41728535294532776,0.5201075673103333,-0.4911031424999237,0.47398072481155396,-0.5134665966033936,0.5686461329460144,-0.17728681862354279,0.019978148862719536,0,0.6028958559036255,-0.1724618673324585,0.4028109908103943,0.5191873908042908,-0.4905223548412323,0.4719245731830597,-0.5168359279632568,1
0.6053850650787354,-0.17076973617076874,0.4151299297809601,0.5198760032653809,-0.49120548367500305,0.47424349188804626,-0.5133606195449829,0.5686461329460144,-0.17728681862354279,0.019978148862719536,0,0.602736234664917,-0.17272178828716278,0.4003978967666626,0.5188978910446167,-0.49067437648773193,0.4723464846611023,-0.516596794128418,1
0.6053376793861389,-0.17106220126152039,0.4129469096660614,0.519638180732727,-0.49131298065185547,0.47452306747436523,-0.5132400989532471,0.5686461329460144,-0.17728681862354279,0.019978148862719536,0,0.602565348148346,-0.1729762852191925,0.3979874551296234,0.5186085104942322,-0.49082592129707336,0.47276848554611206,-0.5163575410842896,1
0.605276882648468,-0.17135080695152283,0.4107394516468048,0.5193946957588196,-0.4914248585700989,0.47481808066368103,-0.513106644153595,0.5686461329460144,-0.17728681862354279,0.019978148862719536,0,0.6023832559585571,-0.1732248067855835,0.3955797553062439,0.5183194875717163,-0.4909771978855133,0.4731898903846741,-0.5161176919937134,1
0.605202853679657,-0.17163480818271637,0.40851008892059326,0.5191465616226196,-0.49154090881347656,0.4751265347003937,-0.5129610896110535,0.5686461329460144,-0.17728681862354279,0.019978148862719536,0,0.6021897196769714,-0.1734679490327835,0.39317476749420166,0.5180304646492004,-0.49112823605537415,0.4736115038394928,-0.5158775448799133,1
0.6051153540611267,-0.17191466689109802,0.40626195073127747,0.5188937187194824,-0.49166032671928406,0.47544723749160767,-0.5128052234649658,0.5686461329460144,-0.17728681862354279,0.019978148862719536,0,0.6019852757453918,-0.17370566725730896,0.3907722234725952,0.5177415013313293,-0.49127891659736633,0.4740329086780548,-0.5156370401382446,1
0.6050147414207458,-0.17218942940235138,0.4039972722530365,0.5186372995376587,-0.49178314208984375,0.47577857971191406,-0.5126397013664246,0.5686461329460144,-0.17728681862354279,0.019978148862719536,0,0.6017695069313049,-0.1739376038312912,0.3883727788925171,0.5174527764320374,-0.4914291501045227,0.47445425391197205,-0.515395998954773,1
0.6049010157585144,-0.17245975136756897,0.4017177224159241,0.5183771252632141,-0.4919082522392273,0.4761196970939636,-0.5124659538269043,0.5686461329460144,-0.17728681862354279,0.019978148862719536,0,0.6015425324440002,-0.17416399717330933,0.38597604632377625,0.5171639323234558,-0.4915791451931,0.474875807762146,-0.5151547193527222,1
0.6047742366790771,-0.1727248728275299,0.39942583441734314,0.5181139707565308,-0.4920360743999481,0.4764690399169922,-0.5122845768928528,0.5686461329460144,-0.17728681862354279,0.019978148862719536,0,0.601304292678833,-0.1743846833705902,0.38358262181282043,0.5168753862380981,-0.4917287826538086,0.47529682517051697,-0.5149129629135132,1
0.6046345829963684,-0.17298489809036255,0.39712288975715637,0.5178482532501221,-0.4921659231185913,0.4768260419368744,-0.5120964646339417,0.5686461329460144,-0.17728681862354279,0.019978148862719536,0,0.6010551452636719,-0.1745997965335846,0.3811922073364258,0.5165870785713196,-0.49187809228897095,0.47571784257888794,-0.5146710276603699,1
0.6044820547103882,-0.17323975265026093,0.3948103189468384,0.5175800323486328,-0.4922977089881897,0.4771900177001953,-0.5119019150733948,0.5686461329460144,-0.17728681862354279,0.019978148862719536,0,0.6007948517799377,-0.1748090386390686,0.37880441546440125,0.5162987112998962,-0.49202728271484375,0.4761389493942261,-0.5144281387329102,1
0.6043168902397156,-0.17348946630954742,0.39249005913734436,0.5173094868659973,-0.492430716753006,0.47755977511405945,-0.5117024779319763,0.5686461329460144,-0.17728681862354279,0.019978148862719536,0,0.6005234122276306,-0.17501282691955566,0.3764200806617737,0.5160104632377625,-0.49217599630355835,0.47655996680259705,-0.5141851902008057,1
0.6041390895843506,-0.173733651638031,0.39016279578208923,0.5170372128486633,-0.4925655126571655,0.4779347777366638,-0.5114977955818176,0.5686461329460144,-0.17728681862354279,0.019978148862719536,0,0.6002410650253296,-0.17521101236343384,0.37403881549835205,0.5157222747802734,-0.4923244118690491,0.47698092460632324,-0.5139419436454773,1
0.6039487719535828,-0.173972487449646,0.3878300189971924,0.5167632102966309,-0.49270129203796387,0.4783143997192383,-0.5112889409065247,0.5686461329460144,-0.17728681862354279,0.019978148862719536,0,0.5999476909637451,-0.1754034459590912,0.3716612160205841,0.5154343843460083,-0.49247244000434875,0.4774016737937927,-0.5136982202529907,1
0.6037461161613464,-0.17420589923858643,0.3854922950267792,0.5164879560470581,-0.4928380846977234,0.47869834303855896,-0.5110760927200317,0.5686461329460144,-0.17728681862354279,0.019978148862719536,0,0.5996431708335876,-0.17559027671813965,0.36928683519363403,0.5151465535163879,-0.4926201105117798,0.4778224527835846,-0.5134540796279907,1
0.6035308837890625,-0.17443358898162842,0.3831512928009033,0.516211211681366,-0.49297574162483215,0.4790855646133423,-0.5108597874641418,0.5686461329460144,-0.17728681862354279,0.019978148862719536,0,0.5993277430534363,-0.17577141523361206,0.36691591143608093,0.5148587226867676,-0.4927675724029541,0.47824305295944214,-0.5132095217704773,1
0.6033036708831787,-0.1746560037136078,0.38080695271492004,0.5159333348274231,-0.4931142032146454,0.4794764518737793,-0.5106403231620789,0.5686461329460144,-0.17728681862354279,0.019978148862719536,0,0.5990015268325806,-0.17594686150550842,0.3645484149456024,0.5145710110664368,-0.4929146468639374,0.47866368293762207,-0.5129647254943848,1
0.6030641198158264,-0.1748727262020111,0.3784606158733368,0.5156545639038086,-0.4932529628276825,0.4798700213432312,-0.5104181170463562,0.5686461329460144,-0.17728681862354279,0.019978148862719536,0,0.598664402961731,-0.17611657083034515,0.36218467354774475,0.5142836570739746,-0.4930613934993744,0.4790840446949005,-0.512719452381134,1
0.6028127670288086,-0.1750836968421936,0.37611234188079834,0.515375018119812,-0.4933924376964569,0.4802660644054413,-0.5101929306983948,0.5686461329460144,-0.17728681862354279,0.019978148862719536,0,0.5983161926269531,-0.17628034949302673,0.35982468724250793,0.5139963626861572,-0.4932079613208771,0.47950422763824463,-0.5124737024307251,1
0.6025494337081909,-0.17528918385505676,0.37376296520233154,0.515094518661499,-0.4935322105884552,0.4806644916534424,-0.5099658966064453,0.5686461329460144,-0.17728681862354279,0.019978148862719536,0,0.5979573130607605,-0.17643873393535614,0.3574683666229248,0.5137091279029846,-0.49335405230522156,0.4799242615699768,-0.5122277736663818,1
0.6022741198539734,-0.17548887431621552,0.37141337990760803,0.5148133039474487,-0.49367251992225647,0.4810648262500763,-0.5097365379333496,0.5686461329460144,-0.17728681862354279,0.019978148862719536,0,0.597587525844574,-0.17659138143062592,0.35511574149131775,0.5134220719337463,-0.4934998154640198,0.48034435510635376,-0.5119813680648804,1
0.6019871830940247,-0.17568302154541016,0.36906367540359497,0.514531672000885,-0.4938129186630249,0.48146697878837585,-0.509505033493042,0.5686461329460144,-0.17728681862354279,0.019978148862719536,0,0.5972071290016174,-0.17673829197883606,0.35276660323143005,0.5131348967552185,-0.4936453402042389,0.4807646572589874,-0.5117343664169312,1
0.6016883850097656,-0.17587138712406158,0.3667142987251282,0.514249324798584,-0.4939536154270172,0.48187077045440674,-0.5092719793319702,0.5686461329460144,-0.17728681862354279,0.019978148862719536,0,0.5968156456947327,-0.17687945067882538,0.35042187571525574,0.5128480792045593,-0.49379050731658936,0.48118457198143005,-0.5114871859550476,1
0.6013781428337097,-0.17605385184288025,0.3643660545349121,0.5139669179916382,-0.4940943717956543,0.48227551579475403,-0.5090372562408447,0.5686461329460144,-0.17728681862354279,0.019978148862719536,0,0.5964136719703674,-0.17701496183872223,0.34808090329170227,0.5125612616539001,-0.49393534660339355,0.48160457611083984,-0.5112394690513611,1
0.6010563373565674,-0.17623087763786316,0.3620189428329468,0.5136838555335999,-0.49423518776893616,0.4826816916465759,-0.508801281452179,0.5686461329460144,-0.17728681862354279,0.019978148862719536,0,0.5960009694099426,-0.17714467644691467,0.34574395418167114,0.5122746229171753,-0.49407991766929626,0.4820243716239929,-0.5109913349151611,1
0.6007229685783386,-0.17640213668346405,0.35967332124710083,0.5134004950523376,-0.49437597393989563,0.48308899998664856,-0.5085639357566833,0.5686461329460144,-0.17728681862354279,0.019978148862719536,0,0.595577597618103,-0.17726846039295197,0.34341102838516235,0.5119882225990295,-0.49422428011894226,0.4824441373348236,-0.5107426643371582,1
0.6003783345222473,-0.17656750977039337,0.3573296070098877,0.5131171941757202,-0.4945167601108551,0.48349687457084656,-0.5083252787590027,0.5686461329460144,-0.17728681862354279,0.019978148862719536,0,0.5951435565948486,-0.17738671600818634,0.34108254313468933,0.5117016434669495,-0.4943680465221405,0.48286372423171997,-0.5104939341545105,1
0.6000224351882935,-0.17672723531723022,0.3549880385398865,0.5128334164619446,-0.4946574866771698,0.4839056134223938,-0.5080857872962952,0.5686461329460144,-0.17728681862354279,0.019978148862719536,0,0.5946989059448242,-0.17749923467636108,0.3387584686279297,0.5114154815673828,-0.49451157450675964,0.4832831621170044,-0.5102449059486389,1
0.5996552109718323,-0.17688137292861938,0.3526485860347748,0.5125493407249451,-0.4947982430458069,0.4843152165412903,-0.5078449845314026,0.5686461329460144,-0.17728681862354279,0.019978148862719536,0,0.5942438244819641,-0.17760606110095978,0.33643853664398193,0.5111293792724609,-0.49465474486351013,0.4837024509906769,-0.5099953413009644,1
0.5992767810821533,-0.1770295351743698,0.3503120541572571,0.5122653841972351,-0.49493855237960815,0.4847252666950226,-0.5076034665107727,0.5686461329460144,-0.17728681862354279,0.019978148862719536,0,0.5937779545783997,-0.17770709097385406,0.3341229259967804,0.5108433365821838,-0.4947976768016815,0.4841216802597046,-0.5097454786300659,1
0.5988872051239014,-0.17717206478118896,0.34797796607017517,0.5119810700416565,-0.4950791001319885,0.4851360321044922,-0.5073608756065369,0.5686461329460144,-0.17728681862354279,0.019978148862719536,0,0.5933018326759338,-0.17780232429504395,0.3318118751049042,0.5105574727058411,-0.4949403405189514,0.4845409095287323,-0.5094950795173645,1
0.598486602306366,-0.17730873823165894,0.3456474840641022,0.5116969347000122,-0.49521923065185547,0.4855467677116394,-0.5071176886558533,0.5686461329460144,-0.17728681862354279,0.019978148862719536,0,0.592815101146698,-0.17789185047149658,0.32950517535209656,0.5102717280387878,-0.49508246779441833,0.48496013879776,-0.5092443227767944,1
0.5980749726295471,-0.17743954062461853,0.34331992268562317,0.5114127397537231,-0.49535924196243286,0.48595815896987915,-0.506873607635498,0.5686461329460144,-0.17728681862354279,0.019978148862719536,0,0.5923179984092712,-0.17797549068927765,0.3272029459476471,0.509986162185669,-0.4952245354652405,0.4853791892528534,-0.5089929103851318,1
0.5976524353027344,-0.17756474018096924,0.34099555015563965,0.511128306388855,-0.4954991638660431,0.48636987805366516,-0.5066288113594055,0.5686461329460144,-0.17728681862354279,0.019978148862719536,0,0.5918105244636536,-0.17805346846580505,0.3249058127403259,0.5097006559371948,-0.49536609649658203,0.4857979118824005,-0.5087414979934692,1
0.5972190499305725,-0.17768408358097076,0.3386751115322113,0.5108440518379211,-0.4956386685371399,0.48678165674209595,-0.5063833594322205,0.5686461329460144,-0.17728681862354279,0.019978148862719536,0,0.5912926197052002,-0.17812573909759521,0.32261279225349426,0.5094152092933655,-0.49550744891166687,0.48621708154678345,-0.5084892511367798,1
0.5967747569084167,-0.17779792845249176,0.3363581895828247,0.5105596780776978,-0.49577796459198,0.48719364404678345,-0.5061376094818115,0.5686461329460144,-0.17728681862354279,0.019978148862719536,0,0.5907642841339111,-0.17819218337535858,0.3203248083591461,0.5091300010681152,-0.4956483840942383,0.4866357445716858,-0.5082370042800903,1
0.5963197946548462,-0.1779056042432785,0.33404529094696045,0.510275661945343,-0.4959172010421753,0.48760560154914856,-0.505890965461731,0.5686461329460144,-0.17728681862354279,0.019978148862719536,0,0.5902256369590759,-0.17825286090373993,0.3180418610572815,0.5088447332382202,-0.4957889914512634,0.4870544672012329,-0.5079843997955322,1
0.5958541035652161,-0.1780077964067459,0.33173614740371704,0.5099912881851196,-0.4960559606552124,0.4880179166793823,-0.5056440234184265,0.5686461329460144,-0.17728681862354279,0.019978148862719536,0,0.5896769165992737,-0.17830786108970642,0.31576359272003174,0.5085598230361938,-0.4959293007850647,0.4874729812145233,-0.5077312588691711,1
0.5953778028488159,-0.17810410261154175,0.3294311761856079,0.5097070932388306,-0.49619442224502563,0.48843005299568176,-0.5053965449333191,0.5686461329460144,-0.17728681862354279,0.019978148862719536,0,0.5891177654266357,-0.17835703492164612,0.3134908378124237,0.5082749724388123,-0.4960692524909973,0.48789113759994507,-0.5074779987335205,1
0.5948907136917114,-0.1781948357820511,0.32713037729263306,0.509423017501831,-0.4963327646255493,0.48884251713752747,-0.5051484704017639,0.5686461329460144,-0.17728681862354279,0.019978148862719536,0,0.5885485410690308,-0.1784004271030426,0.3112220764160156,0.5079901218414307,-0.4962089955806732,0.4883098602294922,-0.5072237849235535,1
0.5943930745124817,-0.1782795637845993,0.3248339593410492,0.5091389417648315,-0.49647077918052673,0.489254891872406,-0.5048999190330505,0.5686461329460144,-0.17728681862354279,0.019978148862719536,0,0.5879691243171692,-0.17843782901763916,0.3089592456817627,0.5077057480812073,-0.49634841084480286,0.4887278974056244,-0.5069696307182312,1
0.5938850045204163,-0.17835867404937744,0.3225418031215668,0.5088549256324768,-0.4966084957122803,0.48966744542121887,-0.5046507716178894,0.5686461329460144,-0.17728681862354279,0.019978148862719536,0,0.587379515171051,-0.178469717502594,0.3067014813423157,0.5074211955070496,-0.4964872896671295,0.48914605379104614,-0.5067151188850403,1
0.5933665037155151,-0.17843179404735565,0.3202543556690216,0.5085711479187012,-0.4967459440231323,0.49007973074913025,-0.5044013261795044,0.5686461329460144,-0.17728681862354279,0.019978148862719536,0,0.5867798924446106,-0.1784958839416504,0.3044484853744507,0.5071367621421814,-0.49662601947784424,0.48956435918807983,-0.5064598917961121,1
0.5928373336791992,-0.17849935591220856,0.3179716467857361,0.5082873702049255,-0.4968830645084381,0.49049195647239685,-0.5041515827178955,0.5686461329460144,-0.17728681862354279,0.019978148862719536,0,0.5861701369285583,-0.17851608991622925,0.30220121145248413,0.5068525075912476,-0.49676451086997986,0.4899821877479553,-0.5062044858932495,1
0.5922980308532715,-0.17856109142303467,0.3156934976577759,0.5080036520957947,-0.4970197081565857,0.4909042418003082,-0.5039013028144836,0.5686461329460144,-0.17728681862354279,0.019978148862719536,0,0.5855505466461182,-0.17853067815303802,0.29995882511138916,0.5065683722496033,-0.4969025254249573,0.4904002845287323,-0.5059484839439392,1
0.5917483568191528,-0.17861711978912354,0.31341996788978577,0.5077200531959534,-0.4971562922000885,0.4913165867328644,-0.503650426864624,0.5686461329460144,-0.17728681862354279,0.019978148862719536,0,0.5849207639694214,-0.1785394549369812,0.29772210121154785,0.5062844753265381,-0.4970402121543884,0.490818053483963,-0.5056922435760498,1
0.5911882519721985,-0.17866754531860352,0.31115180253982544,0.5074365735054016,-0.4972924590110779,0.4917287230491638,-0.5033996105194092,0.5686461329460144,-0.17728681862354279,0.019978148862719536,0,0.5842810273170471,-0.17854245007038116,0.2954908609390259,0.5060005187988281,-0.4971775710582733,0.4912358522415161,-0.5054356455802917,1
0.5906180739402771,-0.17871196568012238,0.30888813734054565,0.5071533918380737,-0.4974282383918762,0.4921407997608185,-0.5031481385231018,0.5686461329460144,-0.17728681862354279,0.019978148862719536,0,0.5836314558982849,-0.17853939533233643,0.2932654023170471,0.5057169795036316,-0.4973146617412567,0.4916532337665558,-0.505178689956665,1
0.59003746509552,-0.17875057458877563,0.30663007497787476,0.5068702101707458,-0.49756374955177307,0.4925525188446045,-0.5028964877128601,0.5686461329460144,-0.17728681862354279,0.019978148862719536,0,0.5829721689224243,-0.17853088676929474,0.2910453677177429,0.5054334402084351,-0.49745142459869385,0.49207058548927307,-0.5049213767051697,1
0.5894469022750854,-0.17878364026546478,0.304377019405365,0.506587028503418,-0.4976987838745117,0.49296441674232483,-0.5026444792747498,0.5686461329460144,-0.17728681862354279,0.019978148862719536,0,0.5823029279708862,-0.17851659655570984,0.28883081674575806,0.5051499605178833,-0.4975879192352295,0.4924880266189575,-0.5046635866165161,1
0.5888462066650391,-0.17881079018115997,0.3021293580532074,0.5063042640686035,-0.4978335201740265,0.4933757781982422,-0.5023922324180603,0.5686461329460144,-0.17728681862354279,0.019978148862719536,0,0.581623911857605,-0.17849650979042053,0.28662213683128357,0.5048664808273315,-0.49772387742996216,0.4929053783416748,-0.5044055581092834,1
0.5882353782653809,-0.17883211374282837,0.299886554479599,0.5060214996337891,-0.4979681968688965,0.49378731846809387,-0.5021393895149231,0.5686461329460144,-0.17728681862354279,0.019978148862719536,0,0.5809350609779358,-0.17847073078155518,0.2844192683696747,0.5045832991600037,-0.4978596568107605,0.49332255125045776,-0.5041469931602478,1
0.5876145362854004,-0.17884789407253265,0.2976491451263428,0.5057389140129089,-0.4981023371219635,0.4941987693309784,-0.5018861889839172,0.5686461329460144,-0.17728681862354279,0.019978148862719536,0,0.580236554145813,-0.17843906581401825,0.28222230076789856,0.5043003559112549,-0.4979950487613678,0.4937395453453064,-0.5038881301879883,1
0.5869836211204529,-0.17885789275169373,0.2954176664352417,0.505456268787384,-0.4982360899448395,0.49460989236831665,-0.5016331076622009,0.5686461329460144,-0.17728681862354279,0.019978148862719536,0,0.5795283317565918,-0.17840167880058289,0.2800309956073761,0.5040173530578613,-0.4981301724910736,0.49415671825408936,-0.5036286115646362,1
0.586342990398407,-0.17886199057102203,0.293191134929657,0.505173921585083,-0.4983697235584259,0.4950210452079773,-0.5013790726661682,0.5686461329460144,-0.17728681862354279,0.019978148862719536,0,0.578810453414917,-0.178358256816864,0.2778457999229431,0.5037347078323364,-0.4982651174068451,0.4945735037326813,-0.5033687353134155,1
0.5856923460960388,-0.17886051535606384,0.29097044467926025,0.5048916935920715,-0.49850285053253174,0.4954321086406708,-0.5011248588562012,0.5686461329460144,-0.17728681862354279,0.019978148862719536,0,0.5780831575393677,-0.1783093363046646,0.2756667137145996,0.503451943397522,-0.498399555683136,0.49499043822288513,-0.50310879945755,1
0.5850317478179932,-0.17885330319404602,0.28875553607940674,0.5046095848083496,-0.4986356496810913,0.4958427846431732,-0.5008706450462341,0.5686461329460144,-0.17728681862354279,0.019978148862719536,0,0.5773460865020752,-0.17825469374656677,0.2734934687614441,0.5031694173812866,-0.4985337257385254,0.4954072833061218,-0.5028481483459473,1
0.5843614339828491,-0.17884007096290588,0.2865464389324188,0.5043278932571411,-0.49876803159713745,0.49625322222709656,-0.5006161332130432,0.5686461329460144,-0.17728681862354279,0.019978148862719536,0,0.5765995383262634,-0.17819425463676453,0.27132657170295715,0.5028870105743408,-0.49866753816604614,0.4958239495754242,-0.5025871396064758,1
0.5836814045906067,-0.1788214147090912,0.2843427062034607,0.5040459632873535,-0.49890023469924927,0.49666380882263184,-0.5003609657287598,0.5686461329460144,-0.17728681862354279,0.019978148862719536,0,0.5758435726165771,-0.17812809348106384,0.26916566491127014,0.5026046633720398,-0.498801052570343,0.4962405264377594,-0.5023257732391357,1
0.5829915404319763,-0.1787969022989273,0.2821454703807831,0.5037645697593689,-0.4990318715572357,0.49707385897636414,-0.5001060366630554,0.5686461329460144,-0.17728681862354279,0.019978148862719536,0,0.5750782489776611,-0.17805622518062592,0.2670114040374756,0.5023226737976074,-0.49893414974212646,0.49665674567222595,-0.5020643472671509,1
0.5822919607162476,-0.17876672744750977,0.27995362877845764,0.50348299741745,-0.4991633892059326,0.49748411774635315,-0.4998503029346466,0.5686461329460144,-0.17728681862354279,0.019978148862719536,0,0.5743035078048706,-0.177978515625,0.26486316323280334,0.5020406246185303,-0.49906685948371887,0.4970731735229492,-0.501802384853363,1
0.5815829038619995,-0.17873060703277588,0.2777678668498993,0.5032017230987549,-0.49929454922676086,0.49789389967918396,-0.49959444999694824,0.5686461329460144,-0.17728681862354279,0.019978148862719536,0,0.5735194087028503,-0.17789489030838013,0.2627217173576355,0.501758873462677,-0.4991995096206665,0.4974891245365143,-0.5015400052070618,1
0.5808641910552979,-0.1786889135837555,0.27558815479278564,0.5029206275939941,-0.4994252026081085,0.4983036518096924,-0.4993382394313812,0.5686461329460144,-0.17728681862354279,0.019978148862719536,0,0.5727260708808899,-0.1778057962656021,0.2605864107608795,0.5014771819114685,-0.49933168292045593,0.4979051947593689,-0.5012772083282471,1
0.5801358222961426,-0.17864149808883667,0.27341485023498535,0.5026397109031677,-0.4995555877685547,0.49871304631233215,-0.4990818500518799,0.5686461329460144,-0.17728681862354279,0.019978148862719536,0,0.5719233155250549,-0.17771093547344208,0.25845763087272644,0.5011956095695496,-0.49946358799934387,0.49832114577293396,-0.5010141134262085,1
0.579397976398468,-0.17858833074569702,0.2712475657463074,0.5023587942123413,-0.4996856153011322,0.49912264943122864,-0.4988250732421875,0.5686461329460144,-0.17728681862354279,0.019978148862719536,0,0.571111261844635,-0.17761027812957764,0.2563355565071106,0.5009141564369202,-0.499595046043396,0.498737096786499,-0.5007504224777222,1
0.5786506533622742,-0.1785295307636261,0.2690865397453308,0.502078115940094,-0.49981534481048584,0.4995317757129669,-0.4985680878162384,0.5686461329460144,-0.17728681862354279,0.019978148862719536,0,0.5702903270721436,-0.17750394344329834,0.2542199492454529,0.5006328225135803,-0.49972617626190186,0.49915292859077454,-0.5004866123199463,1
0.5778939723968506,-0.17846478521823883,0.26693153381347656,0.501797616481781,-0.499944806098938,0.4999407231807709,-0.49831056594848633,0.5686461329460144,-0.17728681862354279,0.019978148862719536,0,0.5694599151611328,-0.17739185690879822,0.2521113157272339,0.5003516674041748,-0.4998570680618286,0.49956849217414856,-0.500222384929657,1
0.5771278738975525,-0.17839449644088745,0.26478317379951477,0.5015173554420471,-0.5000737905502319,0.5003496408462524,-0.49805280566215515,0.5686461329460144,-0.17728681862354279,0.019978148862719536,0,0.5686206817626953,-0.1772741973400116,0.25000885128974915,0.5000705122947693,-0.4999876320362091,0.4999842345714569,-0.49995747208595276,1
0.5763523578643799,-0.17831853032112122,0.2626413404941559,0.5012370944023132,-0.500202476978302,0.5007583498954773,-0.49779507517814636,0.5686461329460144,-0.17728681862354279,0.019978148862719536,1,0.5763523578643799,-0.17831853032112122,0.2626413404941559,0.5012370944023132,-0.500202476978302,0.5007583498954773,-0.49779507517814636,0
0.5760743021965027,-0.17826661467552185,0.26112237572669983,0.500933051109314,-0.500431478023529,0.5015917420387268,-0.49703121185302734,0.5686461329460144,-0.17728681862354279,0.019978148862719536,1,0.5763523578643799,-0.17831853032112122,0.2626413404941559,0.5012370944023132,-0.500202476978302,0.5007583498954773,-0.49779507517814636,0
0.576104998588562,-0.17829042673110962,0.26024454832077026,0.5007346272468567,-0.5006195306777954,0.5022178888320923,-0.4964090585708618,0.5686461329460144,-0.17728681862354279,0.019978148862719536,1,0.5763523578643799,-0.17831853032112122,0.2626413404941559,0.5012370944023132,-0.500202476978302,0.5007583498954773,-0.49779507517814636,0
0.5761560201644897,-0.1783178448677063,0.25963839888572693,0.5006043314933777,-0.5007458329200745,0.5026364326477051,-0.49598926305770874,0.5686461329460144,-0.17728681862354279,0.019978148862719536,1,0.5763523578643799,-0.17831853032112122,0.2626413404941559,0.5012370944023132,-0.500202476978302,0.5007583498954773,-0.49779507517814636,0
0.5762029886245728,-0.17833971977233887,0.2591667175292969,0.5005049705505371,-0.5008444786071777,0.502957820892334,-0.4956640303134918,0.5686461329460144,-0.17728681862354279,0.019978148862719536,1,0.5763523578643799,-0.17831853032112122,0.2626413404941559,0.5012370944023132,-0.500202476978302,0.5007583498954773,-0.49779507517814636,0
0.576245129108429,-0.17835646867752075,0.25877436995506287,0.5004234910011292,-0.5009273290634155,0.5032231211662292,-0.495393306016922,0.5686461329460144,-0.17728681862354279,0.019978148862719536,1,0.5763523578643799,-0.17831853032112122,0.2626413404941559,0.5012370944023132,-0.500202476978302,0.5007583498954773,-0.49779507517814636,0
0.5762830972671509,-0.17837031185626984,0.2584354877471924,0.5003539323806763,-0.5009991526603699,0.5034510493278503,-0.49515923857688904,0.5686461329460144,-0.17728681862354279,0.019978148862719536,1,0.5763523578643799,-0.17831853032112122,0.2626413404941559,0.5012370944023132,-0.500202476978302,0.5007583498954773,-0.49779507517814636,0
0.5763169527053833,-0.17838630080223083,0.2581433057785034,0.5002902746200562,-0.5010623335838318,0.5036466717720032,-0.49496081471443176,0.5685642957687378,-0.17668138444423676,0.02026713825762272,1,0.5763523578643799,-0.17831853032112122,0.2626413404941559,0.5012370944023132,-0.500202476978302,0.5007583498954773,-0.49779507517814636,0
0.5763472318649292,-0.17839837074279785,0.25788405537605286,0.500236451625824,-0.501116931438446,0.5038207173347473,-0.4947826564311981,0.5684975981712341,-0.1761767864227295,0.02033592201769352,1,0.5763472318649292,-0.17839837074279785,0.25788405537605286,0.500236451625824,-0.501116931438446,0.5038207173347473,-0.4947826564311981,0
0.576371431350708,-0.17840099334716797,0.25740471482276917,0.5001441240310669,-0.5012133121490479,0.5041174292564392,-0.49447616934776306,0.568338930606842,-0.1762184500694275,0.019895177334547043,1,0.5821059346199036,-0.1780189722776413,0.2654557228088379,0.5033230185508728,-0.4996008276939392,0.49898287653923035,-0.4980771839618683,0
0.5768558979034424,-0.17840147018432617,0.25724321603775024,0.5002016425132751,-0.5012460350990295,0.5043001174926758,-0.4941984713077545,0.5686198472976685,-0.17630204558372498,0.019826384261250496,1,0.5877335667610168,-0.17751406133174896,0.2731158137321472,0.5064235329627991,-0.4980422854423523,0.4941290318965912,-0.5013236403465271,0
0.5778342485427856,-0.17837361991405487,0.25764065980911255,0.500501275062561,-0.501167356967926,0.5041412115097046,-0.4941370487213135,0.5695443153381348,-0.17640401422977448,0.02021167241036892,1,0.5932269096374512,-0.17688459157943726,0.28086113929748535,0.5095375776290894,-0.49644166231155396,0.4892595112323761,-0.5045216679573059,0
0.579287052154541,-0.17831362783908844,0.25868141651153564,0.501063883304596,-0.500959038734436,0.5035623908042908,-0.49436819553375244,0.5712946057319641,-0.17650049924850464,0.021074622869491577,1,0.5985830426216125,-0.17613187432289124,0.2886880338191986,0.5126646161079407,-0.4947989583015442,0.4843749403953552,-0.5076708793640137,0
0.5811742544174194,-0.17821988463401794,0.26037460565567017,0.5018825531005859,-0.5006186962127686,0.5025521516799927,-0.4949100613594055,0.5738179683685303,-0.17661520838737488,0.022503457963466644,1,0.603799045085907,-0.1752573847770691,0.29659369587898254,0.5158044099807739,-0.49311426281929016,0.4794752895832062,-0.5107713937759399,0
0.5834487080574036,-0.17808888852596283,0.2626922130584717,0.5029392838478088,-0.5001510381698608,0.5011301040649414,-0.4957514703273773,0.5769977569580078,-0.17674893140792847,0.024534236639738083,1,0.6088718771934509,-0.17426221072673798,0.30457478761672974,0.5189564228057861,-0.49138784408569336,0.47456127405166626,-0.5138227343559265,0
0.5860631465911865,-0.1779143363237381,0.26559197902679443,0.5042147636413574,-0.4995623528957367,0.49932631850242615,-0.49686822295188904,0.5807617902755737,-0.17689329385757446,0.027137286961078644,1,0.6137985587120056,-0.17314785718917847,0.3126276731491089,0.5221201777458191,-0.4896199405193329,0.4696333408355713,-0.5168241262435913,0
0.5889707803726196,-0.1776890605688095,0.26902544498443604,0.5056885480880737,-0.49886035919189453,0.4971771836280823,-0.49822908639907837,0.5850420594215393,-0.17702873051166534,0.0302746519446373,1,0.6185765862464905,-0.17191584408283234,0.32074955105781555,0.5252957344055176,-0.4878106415271759,0.4646912217140198,-0.5197761058807373,0
0.592118501663208,-0.1774006187915802,0.2729300558567047,0.507337212562561,-0.4980567395687103,0.4947301745414734,-0.4997902810573578,0.5897557139396667,-0.1771451234817505,0.033890362828969955,1,0.6232028603553772,-0.1705683171749115,0.3289365768432617,0.5284819006919861,-0.4859597384929657,0.4597358703613281,-0.5226784944534302,0
0.5954650044441223,-0.1770409196615219,0.27725571393966675,0.5091416835784912,-0.4971599280834198,0.4920230209827423,-0.5015175938606262,0.5948383212089539,-0.17722013592720032,0.03794091194868088,1,0.6276747584342957,-0.16910651326179504,0.3371857702732086,0.5316786170005798,-0.4840677082538605,0.45476773381233215,-0.5255306959152222,0
0.5989754796028137,-0.17660388350486755,0.2819635272026062,0.5110867619514465,-0.49617594480514526,0.48908400535583496,-0.5033851265907288,0.6002369523048401,-0.17723925411701202,0.04239329695701599,1,0.6319898366928101,-0.16753222048282623,0.34549322724342346,0.5348855257034302,-0.4821346402168274,0.44978705048561096,-0.5283324718475342,0
0.602617621421814,-0.17608413100242615,0.28702059388160706,0.5131586790084839,-0.4951096177101135,0.48593708872795105,-0.5053707957267761,0.605904221534729,-0.17719127237796783,0.047219548374414444,1,0.6361454129219055,-0.16584743559360504,0.35385605692863464,0.5381019711494446,-0.4801606237888336,0.4447938799858093,-0.5310841798782349,0
0.6063623428344727,-0.17547714710235596,0.29239746928215027,0.5153456330299377,-0.493964821100235,0.4826035499572754,-0.5074557065963745,0.6117973327636719,-0.17706629633903503,0.0523950569331646,1,0.6401392817497253,-0.16405394673347473,0.3622700273990631,0.5413278341293335,-0.47814592719078064,0.43978920578956604,-0.5337845683097839,0
0.6101824045181274,-0.17477816343307495,0.2980685532093048,0.5176370143890381,-0.4927453100681305,0.4791015684604645,-0.5096230506896973,0.6178773045539856,-0.1768554151058197,0.05789773538708687,1,0.6439690589904785,-0.162153422832489,0.3707326054573059,0.544562578201294,-0.476090669631958,0.4347724914550781,-0.5364347100257874,0
0.6140532493591309,-0.17398381233215332,0.30401021242141724,0.5200230479240417,-0.4914536774158478,0.47544774413108826,-0.5118580460548401,0.6241084337234497,-0.1765507012605667,0.06370747834444046,1,0.6476323008537292,-0.16014838218688965,0.37923935055732727,0.5478053092956543,-0.4739949405193329,0.42974498867988586,-0.5390336513519287,0
0.6179523468017578,-0.17309041321277618,0.3102017939090729,0.5224955677986145,-0.4900932013988495,0.47165632247924805,-0.514147162437439,0.6304583549499512,-0.17614518105983734,0.06980577111244202,1,0.6511268019676208,-0.15804055333137512,0.38778752088546753,0.5510563850402832,-0.47185876965522766,0.42470651865005493,-0.5415813326835632,0
0.6218588352203369,-0.17209622263908386,0.31662389636039734,0.5250464677810669,-0.4886656403541565,0.46774086356163025,-0.516478955745697,0.6368974447250366,-0.1756327897310257,0.07617558538913727,1,0.654450535774231,-0.15583203732967377,0.3963724970817566,0.5543145537376404,-0.4696830213069916,0.41965794563293457,-0.5440776348114014,0
0.6257542371749878,-0.17099817097187042,0.3232577443122864,0.5276689529418945,-0.48717421293258667,0.4637128710746765,-0.5188421010971069,0.6433985829353333,-0.1750084012746811,0.08280102908611298,1,0.6576014161109924,-0.1535254418849945,0.404992014169693,0.5575799942016602,-0.4674670398235321,0.41459906101226807,-0.5465224385261536,0
0.6296210885047913,-0.16979572176933289,0.330087810754776,0.5303561687469482,-0.4856202006340027,0.459583044052124,-0.5212281942367554,0.6499339938163757,-0.17397181689739227,0.08965058624744415,1,0.660577654838562,-0.1511222869157791,0.41364163160324097,0.5608518719673157,-0.465211421251297,0.40953052043914795,-0.548915445804596,0
0.6334438920021057,-0.16848614811897278,0.3370986580848694,0.5331036448478699,-0.4840056002140045,0.455360472202301,-0.5236275792121887,0.6564914584159851,-0.17309387028217316,0.09670259803533554,1,0.6633774638175964,-0.1486251801252365,0.4223172664642334,0.5641298890113831,-0.4629165828227997,0.4044528603553772,-0.5512562990188599,0
0.6372082233428955,-0.1670701503753662,0.3442763686180115,0.5359049439430237,-0.48233237862586975,0.451054185628891,-0.5260336399078369,0.663041353225708,-0.17220035195350647,0.10400275886058807,1,0.665998637676239,-0.14603683352470398,0.43101686239242554,0.5674137473106384,-0.46058183908462524,0.39936596155166626,-0.5535456538200378,0
0.6409010291099548,-0.16554708778858185,0.35160768032073975,0.5387559533119202,-0.4806019365787506,0.4466712176799774,-0.5284397602081299,0.6695654392242432,-0.17116186022758484,0.11151457577943802,1,0.668440043926239,-0.14335942268371582,0.43973514437675476,0.5707024931907654,-0.45820826292037964,0.394270658493042,-0.5557827353477478,0
0.6445107460021973,-0.16391704976558685,0.35908040404319763,0.5416519045829773,-0.4788157343864441,0.44221892952919006,-0.5308398604393005,0.6760492324829102,-0.169967919588089,0.11921429634094238,1,0.6706994771957397,-0.14059531688690186,0.4484694004058838,0.5739960074424744,-0.45579585433006287,0.38916724920272827,-0.5579672455787659,0
0.6480259895324707,-0.16218025982379913,0.36668381094932556,0.5445895791053772,-0.4769750237464905,0.4377029538154602,-0.5332289338111877,0.6824743151664734,-0.16863086819648743,0.12709534168243408,1,0.6727759838104248,-0.13774706423282623,0.45721563696861267,0.5772940516471863,-0.4533444941043854,0.38405585289001465,-0.5600993633270264,0
0.6514371633529663,-0.16033774614334106,0.37440645694732666,0.5475648045539856,-0.47508135437965393,0.4331294000148773,-0.535601794719696,0.6888226270675659,-0.167138010263443,0.13515762984752655,1,0.6746681928634644,-0.13481709361076355,0.46597006916999817,0.5805957317352295,-0.45085468888282776,0.3789369463920593,-0.5621790885925293,0
0.6547353863716125,-0.15838995575904846,0.38223907351493835,0.5505750179290771,-0.4731355607509613,0.42850276827812195,-0.5379546284675598,0.6950878500938416,-0.16551734507083893,0.14337168633937836,1,0.6763744354248047,-0.13180775940418243,0.474729061126709,0.5839007496833801,-0.4483267366886139,0.37381115555763245,-0.5642058849334717,0
0.6579121947288513,-0.15633852779865265,0.3901717960834503,0.553616464138031,-0.4711390733718872,0.4238281548023224,-0.5402836203575134,0.7012573480606079,-0.16377680003643036,0.15173077583312988,1,0.6778936386108398,-0.12872208654880524,0.483489453792572,0.5872089862823486,-0.44576019048690796,0.36867818236351013,-0.5661799907684326,0
0.6609603762626648,-0.15418511629104614,0.39819544553756714,0.5566868782043457,-0.46909263730049133,0.41910937428474426,-0.542585551738739,0.7073175311088562,-0.16189764440059662,0.16023041307926178,1,0.6792244911193848,-0.12556269764900208,0.4922473132610321,0.5905193090438843,-0.4431559145450592,0.36353880167007446,-0.5681013464927673,0
0.663872480392456,-0.15193083882331848,0.4063027501106262,0.5597836971282959,-0.46699726581573486,0.41434985399246216,-0.5448575615882874,0.7132591009140015,-0.1598922163248062,0.16886240243911743,1,0.6803665161132812,-0.12233201414346695,0.5009984970092773,0.5938319563865662,-0.4405139684677124,0.3583934009075165,-0.5699694156646729,0
0.6666431427001953,-0.14957791566848755,0.4144842326641083,0.5629044771194458,-0.4648541212081909,0.4095536172389984,-0.5470967888832092,0.7190697193145752,-0.15772171318531036,0.17763637006282806,1,0.681318461894989,-0.11903288960456848,0.5097395777702332,0.5971459150314331,-0.43783465027809143,0.35324251651763916,-0.571784257888794,0
0.669265866279602,-0.14712829887866974,0.42273369431495667,0.5660473108291626,-0.4626635015010834,0.4047231674194336,-0.5493013858795166,0.7247424125671387,-0.1554262638092041,0.18653081357479095,1,0.6820794939994812,-0.1156681701540947,0.5184671878814697,0.6004610657691956,-0.4351176619529724,0.34808576107025146,-0.5735463500022888,0
0.6717358827590942,-0.14458417892456055,0.43104276061058044,0.5692100524902344,-0.4604265093803406,0.3998616933822632,-0.5514688491821289,0.7302705645561218,-0.15300801396369934,0.1955334097146988,1,0.6826489567756653,-0.11224063485860825,0.5271770358085632,0.6037766933441162,-0.43236371874809265,0.34292447566986084,-0.5752546191215515,0
0.6740482449531555,-0.14194756746292114,0.43940579891204834,0.5723910927772522,-0.45814383029937744,0.3949710726737976,-0.5535976886749268,0.7356889843940735,-0.15045183897018433,0.20459097623825073,1,0.6829937696456909,-0.10914309322834015,0.5349019765853882,0.6067242622375488,-0.4298849105834961,0.33833205699920654,-0.5767286419868469,0
0.6761701107025146,-0.13923591375350952,0.44775885343551636,0.5755678415298462,-0.4558323621749878,0.3900777995586395,-0.5556777119636536,0.7408616542816162,-0.1478581577539444,0.21370944380760193,1,0.6831861138343811,-0.10600034147500992,0.5426076650619507,0.6096715331077576,-0.4273768663406372,0.3337366282939911,-0.578160285949707,0
0.6781055927276611,-0.13646292686462402,0.4560776948928833,0.5787296295166016,-0.453498899936676,0.3852025270462036,-0.5577003359794617,0.7458071112632751,-0.145189106464386,0.2228442281484604,1,0.6832262277603149,-0.10281407833099365,0.5502912402153015,0.6126181483268738,-0.4248404800891876,0.32913801074028015,-0.5795495510101318,0
0.6798608303070068,-0.13363449275493622,0.46435287594795227,0.5818747878074646,-0.45114508271217346,0.38035133481025696,-0.5596628785133362,0.7505478858947754,-0.14242205023765564,0.23196908831596375,1,0.6831132173538208,-0.09958627074956894,0.5579508543014526,0.6155639886856079,-0.42227497696876526,0.32453620433807373,-0.5808966159820557,0
0.6814405918121338,-0.1307542473077774,0.4725821614265442,0.5850033760070801,-0.4487716555595398,0.37552452087402344,-0.5615659952163696,0.7550934553146362,-0.13955754041671753,0.24107666313648224,1,0.6828476190567017,-0.09631887078285217,0.5655830502510071,0.6185088157653809,-0.41968125104904175,0.3199317157268524,-0.5822011232376099,0
0.6828482151031494,-0.12782476842403412,0.48076480627059937,0.5881157517433167,-0.44637832045555115,0.3707214593887329,-0.5634106993675232,0.7594480514526367,-0.13660022616386414,0.2501659691333771,1,0.6824285387992859,-0.0930141732096672,0.5731863379478455,0.6214518547058105,-0.4170592129230499,0.3153246343135834,-0.5834634304046631,0
0.6840865612030029,-0.12484718859195709,0.4889023005962372,0.5912145376205444,-0.44396430253982544,0.3659394681453705,-0.565198540687561,0.763604998588562,-0.13356171548366547,0.2592427134513855,1,0.6818565130233765,-0.08967442810535431,0.5807570219039917,0.6243929862976074,-0.4144090414047241,0.31071561574935913,-0.5846831202507019,0
0.6851579546928406,-0.12182381004095078,0.4969949424266815,0.5942994356155396,-0.4415295124053955,0.36117732524871826,-0.5669309496879578,0.7675666809082031,-0.1304454803466797,0.268308162689209,1,0.6811311841011047,-0.08630123734474182,0.5882936716079712,0.6273319125175476,-0.4117307662963867,0.3061041235923767,-0.5858606696128845,0
0.6860641241073608,-0.11875586956739426,0.5050439834594727,0.5973723530769348,-0.43907320499420166,0.3564321994781494,-0.5686095952987671,0.7713361382484436,-0.12725399434566498,0.27736303210258484,1,0.6802527904510498,-0.08289669454097748,0.5957930088043213,0.6302685141563416,-0.4090246856212616,0.301490843296051,-0.5869953632354736,0
0.6868060827255249,-0.11564493179321289,0.5130512118339539,0.6004339456558228,-0.4365948438644409,0.35170209407806396,-0.5702363848686218,0.7749159932136536,-0.1239892989397049,0.2864079773426056,1,0.6790820360183716,-0.07903221249580383,0.6041821837425232,0.6335685849189758,-0.40594732761383057,0.2962992191314697,-0.5882213115692139,0
0.6874033808708191,-0.11247288435697556,0.5210718512535095,0.6035062074661255,-0.43407586216926575,0.34696176648139954,-0.5718181133270264,0.7783415913581848,-0.1206306591629982,0.2955041527748108,1,0.6777176856994629,-0.07513383775949478,0.6125181913375854,0.6368645429611206,-0.4028351306915283,0.2911056578159332,-0.5893936157226562,0
0.6878458857536316,-0.10922989249229431,0.5291242003440857,0.6065986752510071,-0.4315086603164673,0.3421907424926758,-0.5733618140220642,0.7816147208213806,-0.11716890335083008,0.3046739101409912,1,0.6761605143547058,-0.07120457291603088,0.6207967400550842,0.6401559710502625,-0.3996884822845459,0.2859112322330475,-0.590511679649353,0
0.6881248354911804,-0.10591448843479156,0.5372101068496704,0.6097124218940735,-0.42889225482940674,0.33738356828689575,-0.5748690366744995,0.7847284078598022,-0.11360221356153488,0.31392189860343933,1,0.6744109392166138,-0.06724737584590912,0.6290144324302673,0.6434423923492432,-0.39650747179985046,0.2807154357433319,-0.5915761590003967,0
0.6882334351539612,-0.1025274395942688,0.5453272461891174,0.6128469109535217,-0.4262259602546692,0.33253955841064453,-0.5763396620750427,0.7876754999160767,-0.10993188619613647,0.3232456147670746,1,0.6724696755409241,-0.06326527893543243,0.6371678113937378,0.6467233300209045,-0.3932928740978241,0.27551913261413574,-0.5925864577293396,0
0.6881668567657471,-0.09907177835702896,0.553469181060791,0.6159999370574951,-0.4235105514526367,0.32766038179397583,-0.5777729153633118,0.7904492020606995,-0.10616031289100647,0.33263933658599854,1,0.6703375577926636,-0.05926092714071274,0.6452534794807434,0.6499984860420227,-0.39004430174827576,0.2703224718570709,-0.5935428738594055,0
0.6879212856292725,-0.09555070102214813,0.5616291165351868,0.6191700100898743,-0.42074668407440186,0.32274746894836426,-0.5791673064231873,0.7930433750152588,-0.10229063034057617,0.3420957326889038,1,0.6680144667625427,-0.05523769557476044,0.6532684564590454,0.6532671451568604,-0.3867620825767517,0.2651253640651703,-0.5944455862045288,0
0.6874935626983643,-0.09196847677230835,0.5697993636131287,0.6223545074462891,-0.41793522238731384,0.31780439615249634,-0.5805215835571289,0.7954525351524353,-0.09832620620727539,0.35160696506500244,1,0.6655022501945496,-0.05119882524013519,0.6612085700035095,0.6565289497375488,-0.38344672322273254,0.25992876291275024,-0.5952942967414856,0
0.6868815422058105,-0.08832790702581406,0.5779723525047302,0.6255518198013306,-0.41507741808891296,0.312833309173584,-0.5818339586257935,0.7976718544960022,-0.09427065402269363,0.36116495728492737,1,0.66311115026474,-0.04759754240512848,0.6682007908821106,0.6594220399856567,-0.380472332239151,0.2553103566169739,-0.5960033535957336,0
0.6860755085945129,-0.08465567231178284,0.5860876441001892,0.6287392973899841,-0.4121939241886139,0.30786052346229553,-0.5830994248390198,0.7996745109558105,-0.09015437960624695,0.3707018196582794,1,0.6605715751647949,-0.043988119810819626,0.6751295328140259,0.6623088717460632,-0.3774716258049011,0.2506922781467438,-0.5966702699661255,0
0.6850878596305847,-0.0809665322303772,0.5941223502159119,0.6319065093994141,-0.4092927575111389,0.30290675163269043,-0.5843124389648438,0.8014604449272156,-0.08599346876144409,0.3801884055137634,1,0.6578850150108337,-0.040372442454099655,0.6819917559623718,0.6651894450187683,-0.37444552779197693,0.24607527256011963,-0.5972942113876343,0
0.683927059173584,-0.07726724445819855,0.6020678877830505,0.6350512504577637,-0.40637609362602234,0.2979782223701477,-0.5854718685150146,0.8030352592468262,-0.08179496973752975,0.3896128535270691,1,0.6550519466400146,-0.03675299137830734,0.6887853145599365,0.6680631041526794,-0.3713937997817993,0.24145956337451935,-0.5978757739067078,0
0.6825995445251465,-0.07356099784374237,0.6099205017089844,0.6381732821464539,-0.40344515442848206,0.293076753616333,-0.5865771174430847,0.8044041395187378,-0.07756246626377106,0.3989703357219696,1,0.652073323726654,-0.03313153609633446,0.6955080628395081,0.6709296107292175,-0.3683168888092041,0.23684485256671906,-0.5984150767326355,0
0.6811093688011169,-0.06985007226467133,0.6176801919937134,0.641273558139801,-0.4004993736743927,0.28820157051086426,-0.5876293182373047,0.8055716753005981,-0.07329811155796051,0.4082595407962799,1,0.6489501595497131,-0.029510218650102615,0.7021576762199402,0.6737884879112244,-0.3652147352695465,0.23223191499710083,-0.5989119410514832,0
0.6794599294662476,-0.06613525003194809,0.6253470778465271,0.6443532705307007,-0.39753851294517517,0.28335174918174744,-0.5886286497116089,0.8065416812896729,-0.06900351494550705,0.4174808859825134,1,0.6456834673881531,-0.025890696793794632,0.7087319493293762,0.6766399145126343,-0.3620876669883728,0.22762040793895721,-0.5993661284446716,0
0.6776533722877502,-0.062417544424533844,0.6329226493835449,0.6474135518074036,-0.39456188678741455,0.2785247266292572,-0.5895764827728271,0.8073174953460693,-0.06467998772859573,0.4266354441642761,1,0.6422751545906067,-0.022275730967521667,0.7152280211448669,0.6794828176498413,-0.35893622040748596,0.2230115383863449,-0.5997780561447144,0
0.6756912469863892,-0.0586976483464241,0.6404086351394653,0.65045565366745,-0.391568660736084,0.27371862530708313,-0.5904738903045654,0.8079019784927368,-0.060328733175992966,0.4357245862483978,1,0.6387252807617188,-0.018666792660951614,0.7216446995735168,0.6823175549507141,-0.355759859085083,0.21840424835681915,-0.6001476645469666,0
0.6735754013061523,-0.0549769401550293,0.6478062272071838,0.6534802317619324,-0.38855811953544617,0.26893165707588196,-0.5913220643997192,0.8082975149154663,-0.05595087260007858,0.44474953413009644,1,0.6345648765563965,-0.014616682194173336,0.7287648916244507,0.6854957938194275,-0.3521576523780823,0.21322442591190338,-0.6005128622055054,0
0.6713032722473145,-0.0512317419052124,0.6551650762557983,0.6565091013908386,-0.3855087161064148,0.2641381025314331,-0.5921231508255005,0.8085165619850159,-0.05151748284697533,0.4537687301635742,1,0.6302293539047241,-0.010579373687505722,0.7357782125473022,0.6886626482009888,-0.3485249876976013,0.20804770290851593,-0.6008245348930359,0
0.668860912322998,-0.04745273292064667,0.6624996662139893,0.6595509052276611,-0.3824118673801422,0.2593192160129547,-0.5928805470466614,0.8085539937019348,-0.04701688140630722,0.462803453207016,1,0.6257206797599792,-0.006558375433087349,0.7426814436912537,0.6918175220489502,-0.34486183524131775,0.2028745859861374,-0.6010829210281372,0
0.6662384271621704,-0.04363851621747017,0.6698132157325745,0.6626073718070984,-0.37926504015922546,0.25446847081184387,-0.5935952067375183,0.8084024786949158,-0.0424477681517601,0.4718584418296814,1,0.6210408806800842,-0.0025561489164829254,0.7494718432426453,0.6949596405029297,-0.3411690592765808,0.1977054923772812,-0.6012879014015198,0
0.6634319424629211,-0.039791401475667953,0.6771014928817749,0.665677011013031,-0.3760685324668884,0.24958546459674835,-0.5942671895027161,0.8080562353134155,-0.037812523543834686,0.4809316396713257,1,0.6161922216415405,0.0014245295897126198,0.7561464309692383,0.6980887651443481,-0.337446391582489,0.1925405114889145,-0.6014399528503418,0
0.6604375839233398,-0.03591512143611908,0.6843599677085876,0.6687583923339844,-0.3728223741054535,0.2446703016757965,-0.594896674156189,0.8075108528137207,-0.033115189522504807,0.4900173246860504,1,0.6111769676208496,0.005380955524742603,0.7627019286155701,0.7012045383453369,-0.3336944580078125,0.18738044798374176,-0.6015385985374451,0
0.6572550535202026,-0.032014068216085434,0.691580593585968,0.6718494892120361,-0.36952805519104004,0.23972612619400024,-0.595481812953949,0.8067630529403687,-0.0283603947609663,0.49910810589790344,1,0.6059973239898682,0.0093105249106884,0.7691357135772705,0.7043062448501587,-0.32991355657577515,0.18222521245479584,-0.601584255695343,0
0.6538835763931274,-0.028092684224247932,0.698756992816925,0.6749480962753296,-0.3661864995956421,0.2347548007965088,-0.596022367477417,0.805810272693634,-0.02355298213660717,0.5081957578659058,1,0.6006556153297424,0.013210620731115341,0.7754451632499695,0.7073937654495239,-0.3261036276817322,0.17707473039627075,-0.6015770435333252,0
0.6503238677978516,-0.024155741557478905,0.7058811783790588,0.6780520677566528,-0.362798810005188,0.22975929081439972,-0.5965173840522766,0.8046504855155945,-0.01869777962565422,0.5172719955444336,1,0.5957732200622559,0.01665073074400425,0.7809470891952515,0.7101258635520935,-0.3226931691169739,0.17250066995620728,-0.6015262603759766,0
0.6465907096862793,-0.02023223787546158,0.7129026651382446,0.6811392307281494,-0.35938939452171326,0.22476571798324585,-0.5969663858413696,0.8032835125923157,-0.013831987045705318,0.5262749791145325,1,0.5907671451568604,0.02006342262029648,0.7863462567329407,0.7128457427024841,-0.3192605972290039,0.16793188452720642,-0.6014336943626404,0
0.6427029371261597,-0.016336912289261818,0.7198019623756409,0.6841997504234314,-0.35596704483032227,0.2197938859462738,-0.5973681211471558,0.8017184734344482,-0.00897326972335577,0.5351775884628296,1,0.585638701915741,0.023447198793292046,0.7916410565376282,0.7155532836914062,-0.31580597162246704,0.16336742043495178,-0.6012994647026062,0
0.6386717557907104,-0.012475349009037018,0.7265713214874268,0.6872316598892212,-0.35253503918647766,0.21484993398189545,-0.597721517086029,0.7999643087387085,-0.004128430038690567,0.543968141078949,1,0.5803898572921753,0.026800056919455528,0.7968297600746155,0.7182480692863464,-0.31232935190200806,0.15880820155143738,-0.6011238098144531,0
0.6345053911209106,-0.00865012127906084,0.7332072854042053,0.6902347803115845,-0.3490944802761078,0.20993685722351074,-0.5980262756347656,0.7980278134346008,0.0006998357130214572,0.5526418089866638,1,0.5750220417976379,0.030120868235826492,0.8019108772277832,0.7209301590919495,-0.3088308870792389,0.15425319969654083,-0.6009068489074707,0
0.6302083134651184,-0.004862084053456783,0.739709734916687,0.693209707736969,-0.34564560651779175,0.20505434274673462,-0.5982826352119446,0.7959141135215759,0.00551027525216341,0.5611974596977234,1,0.5695381760597229,0.033407263457775116,0.8068821430206299,0.7235986590385437,-0.3053111135959625,0.1497040092945099,-0.6006486415863037,0
0.6257838010787964,-0.0011117393150925636,0.7460796236991882,0.6961578130722046,-0.3421875536441803,0.2002011388540268,-0.5984908938407898,0.7936272025108337,0.010302335023880005,0.5696358680725098,1,0.5639398694038391,0.036657802760601044,0.811741828918457,0.7262534499168396,-0.3017702102661133,0.14516013860702515,-0.6003491878509521,0
0.6212340593338013,0.002601093612611294,0.7523184418678284,0.6990804076194763,-0.3387198746204376,0.1953752189874649,-0.598651647567749,0.7911702990531921,0.01507564913481474,0.5779585838317871,1,0.5582290887832642,0.03987091779708862,0.8164886236190796,0.7288942337036133,-0.2982080578804016,0.14062194526195526,-0.6000087857246399,0
0.6165609359741211,0.006275897845625877,0.7584280371665955,0.7019785642623901,-0.33524125814437866,0.19057446718215942,-0.598766028881073,0.7885462045669556,0.019829947501420975,0.5861674547195435,1,0.5524082183837891,0.04304521530866623,0.8211206197738647,0.7315210103988647,-0.2946251630783081,0.13608931005001068,-0.5996270775794983,0
0.6117662787437439,0.00991275068372488,0.764409601688385,0.7048531174659729,-0.33175128698349,0.1857975274324417,-0.5988340377807617,0.785757303237915,0.024564839899539948,0.5942642688751221,1,0.5457305908203125,0.046567510813474655,0.8261925578117371,0.734458327293396,-0.2905697226524353,0.13099734485149384,-0.599149227142334,0
0.6068261861801147,0.013535536825656891,0.770301103591919,0.7077251672744751,-0.3282245397567749,0.1810181736946106,-0.5988538861274719,0.7827928066253662,0.029313242062926292,0.6022982597351074,1,0.5389199256896973,0.0500362254679203,0.8311145901679993,0.737376868724823,-0.28648877143859863,0.12591347098350525,-0.5986194014549255,0
0.6017241477966309,0.017153074964880943,0.7761135697364807,0.7106029987335205,-0.32465240359306335,0.17621853947639465,-0.5988248586654663,0.77964186668396,0.03408699482679367,0.6102887988090515,1,0.5319790840148926,0.05344928428530693,0.8358849883079529,0.7402759790420532,-0.28238245844841003,0.12083771079778671,-0.5980381965637207,0
0.5964514017105103,0.020765097811818123,0.7818491458892822,0.7134872674942017,-0.3210318982601166,0.17139315605163574,-0.5987476706504822,0.7762972116470337,0.038886524736881256,0.6182408928871155,1,0.5249113440513611,0.05680464953184128,0.8405013680458069,0.7431552410125732,-0.27825087308883667,0.11577031016349792,-0.5974059104919434,0
0.5910041928291321,0.024368800222873688,0.7875056266784668,0.7163770794868469,-0.31736239790916443,0.16653972864151,-0.5986230373382568,0.7727546691894531,0.043708428740501404,0.6261528730392456,1,0.5177198648452759,0.060100436210632324,0.8449620008468628,0.746014416217804,-0.27409419417381287,0.11071126163005829,-0.5967224836349487,0
0.5853825211524963,0.027960050851106644,0.7930774688720703,0.7192702293395996,-0.31364431977272034,0.16165952384471893,-0.5984510183334351,0.769012451171875,0.04854784533381462,0.6340195536613464,1,0.5104084014892578,0.06333431601524353,0.8492648005485535,0.7488527894020081,-0.2699131667613983,0.10566119104623795,-0.5959882736206055,0
0.5795872807502747,0.03153461590409279,0.7985594272613525,0.7221651673316956,-0.30987879633903503,0.156753808259964,-0.5982312560081482,0.7650701999664307,0.05339943245053291,0.6418340802192688,1,0.5029807686805725,0.06650454550981522,0.8534073829650879,0.7516698837280273,-0.26570793986320496,0.1006203144788742,-0.5952033996582031,0
0.5736222267150879,0.035087086260318756,0.803943932056427,0.7250590920448303,-0.3060677647590637,0.1518259346485138,-0.5979636907577515,0.7609285116195679,0.05825785547494888,0.6495887637138367,1,0.4954403340816498,0.06960928440093994,0.8573879599571228,0.7544655203819275,-0.2614790201187134,0.09558913111686707,-0.5943678021430969,0
0.5674899220466614,0.03861362487077713,0.8092250227928162,0.7279503345489502,-0.30221226811408997,0.14687810838222504,-0.5976476669311523,0.756588876247406,0.0631176084280014,0.6572757363319397,1,0.48864540457725525,0.07231269031763077,0.8607893586158752,0.7569319605827332,-0.2576999068260193,0.09112431108951569,-0.5935832858085632,0
0.5612277388572693,0.0420866459608078,0.8143678903579712,0.730817437171936,-0.2983393967151642,0.14193665981292725,-0.5972883105278015,0.7520762085914612,0.06794033199548721,0.6648465394973755,1,0.48176729679107666,0.07496174424886703,0.8640598654747009,0.7593806982040405,-0.2539025843143463,0.086667999625206,-0.5927587747573853,0
0.554858386516571,0.04549472779035568,0.8193584680557251,0.7336515188217163,-0.29445919394493103,0.13701973855495453,-0.596887469291687,0.7474076747894287,0.07270966470241547,0.67227703332901,1,0.4748079776763916,0.07755555957555771,0.8671987056732178,0.7618116736412048,-0.2500872015953064,0.08221931755542755,-0.5918947458267212,0
0.548396646976471,0.04883388429880142,0.8241893649101257,0.7364510893821716,-0.2905760109424591,0.1321345716714859,-0.596444308757782,0.7425951361656189,0.07742059975862503,0.6795566082000732,1,0.4677698314189911,0.08009263873100281,0.8702049851417542,0.7642241716384888,-0.24625352025032043,0.0777786523103714,-0.5909915566444397,0
0.541850209236145,0.05210355296730995,0.8288589715957642,0.7392160296440125,-0.2866905629634857,0.12728363275527954,-0.5959588885307312,0.7376465201377869,0.08207184821367264,0.6866812109947205,1,0.46065637469291687,0.0825720876455307,0.8730770945549011,0.7666179537773132,-0.242402583360672,0.0733465701341629,-0.5900492072105408,0
0.5352242588996887,0.05530402064323425,0.8333672285079956,0.7419478297233582,-0.28280335664749146,0.12246669828891754,-0.5954305529594421,0.7325671911239624,0.08666357398033142,0.6936501264572144,1,0.4534699320793152,0.0849928930401802,0.8758139610290527,0.7689930200576782,-0.23853376507759094,0.06892276555299759,-0.589067816734314,0
0.5285220146179199,0.058435287326574326,0.8377153277397156,0.7446470856666565,-0.2789139449596405,0.11768295615911484,-0.5948600172996521,0.7273609042167664,0.09119641035795212,0.70046466588974,1,0.4462130069732666,0.08735425025224686,0.8784149289131165,0.7713491916656494,-0.2346479296684265,0.06450749933719635,-0.5880472660064697,0
0.521744966506958,0.06149869039654732,0.8419055938720703,0.7473153471946716,-0.2750208079814911,0.11293016374111176,-0.5942473411560059,0.722030520439148,0.09567095339298248,0.7071268558502197,1,0.43888863921165466,0.0896545797586441,0.8808789849281311,0.7736852169036865,-0.23074491322040558,0.06010117009282112,-0.586988627910614,0
0.5148948431015015,0.06449452042579651,0.8459394574165344,0.7499539256095886,-0.27112358808517456,0.10820678621530533,-0.5935927629470825,0.7165783643722534,0.10008785128593445,0.7136390209197998,1,0.4314996302127838,0.09189357608556747,0.8832048177719116,0.7760019302368164,-0.22682523727416992,0.05570371448993683,-0.5858911275863647,0
0.5079726576805115,0.06742323935031891,0.8498191833496094,0.7525635361671448,-0.2672206163406372,0.10351088643074036,-0.5928969383239746,0.7110064029693604,0.10444758087396622,0.7200035452842712,1,0.42190900444984436,0.0946805477142334,0.885991096496582,0.7789507508277893,-0.22176118195056915,0.0500631183385849,-0.5844238996505737,0
0.5008856654167175,0.07033228129148483,0.8535867929458618,0.7551881074905396,-0.2632513642311096,0.09878750145435333,-0.5921406149864197,0.7052402496337891,0.1088234931230545,0.7262954711914062,1,0.4122219681739807,0.0973626971244812,0.8885461091995239,0.7818658351898193,-0.21667012572288513,0.04443804919719696,-0.5828937888145447,0
0.49358949065208435,0.07323480397462845,0.8572601079940796,0.757843017578125,-0.25919386744499207,0.09399931132793427,-0.5913177132606506,0.699242889881134,0.11323867738246918,0.7325519323348999,1,0.40244513750076294,0.09993825107812881,0.8908681273460388,0.7847461700439453,-0.21155281364917755,0.03882870450615883,-0.5813011527061462,0
0.4860645532608032,0.07612842321395874,0.8608415126800537,0.7605278491973877,-0.2550414502620697,0.08913467079401016,-0.5904287695884705,0.6929956078529358,0.11769139021635056,0.7387819290161133,1,0.3925842344760895,0.10240612924098969,0.8929555416107178,0.7875917553901672,-0.20640961825847626,0.03323536366224289,-0.5796462297439575,0
0.47830498218536377,0.07900603115558624,0.8643249273300171,0.7632388472557068,-0.2507931888103485,0.08419115841388702,-0.589475154876709,0.6864907741546631,0.12217260897159576,0.744981050491333,1,0.3826453685760498,0.10476481914520264,0.8948071002960205,0.7904015779495239,-0.2012406438589096,0.02765827067196369,-0.5779296159744263,0
0.4703142046928406,0.08185845613479614,0.8677000999450684,0.7659706473350525,-0.24645178020000458,0.07917264848947525,-0.5884573459625244,0.6797275543212891,0.1266711950302124,0.7511378526687622,1,0.37263572216033936,0.10701318085193634,0.8964210748672485,0.7931751608848572,-0.1960470974445343,0.022098105400800705,-0.5761513710021973,0
0.4620988368988037,0.08467709273099899,0.8709549307823181,0.768717885017395,-0.24202074110507965,0.07408392429351807,-0.5873756408691406,0.6727092266082764,0.13117562234401703,0.757237434387207,1,0.3625604212284088,0.1091499999165535,0.8977970480918884,0.7959117293357849,-0.1908288449048996,0.016554540023207664,-0.5743123888969421,0
