0.3625604212284088,0.1091499999165535,0.8977970480918884,0.7959117293357849,-0.1908288449048996,0.016554540023207664,-0.5743123888969421,0.5978228449821472,-0.033955708146095276,0.019999999552965164,0,0.3625604212284088,0.1091499999165535,0.8977970480918884,0.7959117293357849,-0.1908288449048996,0.016554540023207664,-0.5743123888969421,1
0.3628040552139282,0.10916154831647873,0.8976776003837585,0.7959170937538147,-0.19090838730335236,0.016660241410136223,-0.5742754340171814,0.5978228449821472,-0.033955708146095276,0.01981772482395172,0,0.3625604212284088,0.1091499999165535,0.8977970480918884,0.7959117293357849,-0.1908288449048996,0.016554540023207664,-0.5743123888969421,1
0.3632446825504303,0.10916890949010849,0.8974825739860535,0.7959179878234863,-0.1910729855298996,0.016885489225387573,-0.574212908744812,0.5978228449821472,-0.033955708146095276,0.019884353503584862,0,0.3625604212284088,0.1091499999165535,0.8977970480918884,0.7959117293357849,-0.1908288449048996,0.016554540023207664,-0.5743123888969421,1
0.36376747488975525,0.10917111486196518,0.8972581028938293,0.7959133982658386,-0.1912766695022583,0.017166968435049057,-0.5741432309150696,0.5978228449821472,-0.033955708146095276,0.019923372194170952,0,0.3625604212284088,0.1091499999165535,0.8977970480918884,0.7959117293357849,-0.1908288449048996,0.016554540023207664,-0.5743123888969421,1
0.3643089532852173,0.10917005687952042,0.8970283269882202,0.7959052920341492,-0.1914910078048706,0.01746424101293087,-0.5740739107131958,0.5978228449821472,-0.033955708146095276,0.019946129992604256,0,0.3625604212284088,0.1091499999165535,0.8977970480918884,0.7959117293357849,-0.1908288449048996,0.016554540023207664,-0.5743123888969421,1
0.36483412981033325,0.10916749387979507,0.8968064785003662,0.7958957552909851,-0.19170089066028595,0.017755331471562386,-0.5740082263946533,0.5978228449821472,-0.033955708146095276,0.019959425553679466,0,0.3625604212284088,0.1091499999165535,0.8977970480918884,0.7959117293357849,-0.1908288449048996,0.016554540023207664,-0.5743123888969421,1
0.3653259873390198,0.10916423052549362,0.8965990543365479,0.7958859801292419,-0.19189804792404175,0.01802937313914299,-0.5739471912384033,0.5978228449821472,-0.033955708146095276,0.019967196509242058,0,0.3625604212284088,0.1091499999165535,0.8977970480918884,0.7959117293357849,-0.1908288449048996,0.016554540023207664,-0.5743123888969421,1
0.36577728390693665,0.10916095972061157,0.89640873670578,0.7958768010139465,-0.19207923114299774,0.01828133687376976,-0.5738914608955383,0.5978228449821472,-0.033955708146095276,0.01997174322605133,0,0.3625604212284088,0.1091499999165535,0.8977970480918884,0.7959117293357849,-0.1908288449048996,0.016554540023207664,-0.5743123888969421,1
0.366186261177063,0.10915781557559967,0.8962359428405762,0.7958679795265198,-0.1922435611486435,0.018509861081838608,-0.5738412737846375,0.5978228449821472,-0.033955708146095276,0.019974403083324432,0,0.3625604212284088,0.1091499999165535,0.8977970480918884,0.7959117293357849,-0.1908288449048996,0.016554540023207664,-0.5743123888969421,1
0.3665536642074585,0.1091550812125206,0.8960806727409363,0.7958602905273438,-0.19239117205142975,0.01871492713689804,-0.5737957954406738,0.5978228449821472,-0.033955708146095276,0.01997595839202404,0,0.3625604212284088,0.1091499999165535,0.8977970480918884,0.7959117293357849,-0.1908288449048996,0.016554540023207664,-0.5743123888969421,1
0.36688217520713806,0.10915274918079376,0.895941436290741,0.7958534359931946,-0.1925230473279953,0.018898339942097664,-0.5737552642822266,0.5978228449821472,-0.033955708146095276,0.019976869225502014,0,0.3625604212284088,0.1091499999165535,0.8977970480918884,0.7959117293357849,-0.1908288449048996,0.016554540023207664,-0.5743123888969421,1
0.3671749234199524,0.10915068536996841,0.8958170413970947,0.7958471775054932,-0.1926405429840088,0.019061513245105743,-0.5737189054489136,0.5978228449821472,-0.033955708146095276,0.019977401942014694,0,0.3625604212284088,0.1091499999165535,0.8977970480918884,0.7959117293357849,-0.1908288449048996,0.016554540023207664,-0.5743123888969421,1
0.36743536591529846,0.10914917290210724,0.8957062363624573,0.7958419322967529,-0.19274485111236572,0.019206577911973,-0.5736864805221558,0.5978228449821472,-0.033955708146095276,0.019977713003754616,0,0.3625604212284088,0.1091499999165535,0.8977970480918884,0.7959117293357849,-0.1908288449048996,0.016554540023207664,-0.5743123888969421,1
0.3676663637161255,0.10914792865514755,0.8956077694892883,0.7958371639251709,-0.19283725321292877,0.019334783777594566,-0.5736575722694397,0.5978228449821472,-0.033955708146095276,0.01997789368033409,0,0.3625604212284088,0.1091499999165535,0.8977970480918884,0.7959117293357849,-0.1908288449048996,0.016554540023207664,-0.5743123888969421,1
0.3678717017173767,0.10914682596921921,0.8955199718475342,0.7958332300186157,-0.1929192990064621,0.019448645412921906,-0.573631763458252,0.5978228449821472,-0.033955708146095276,0.019978001713752747,0,0.3625604212284088,0.1091499999165535,0.8977970480918884,0.7959117293357849,-0.1908288449048996,0.016554540023207664,-0.5743123888969421,1
0.3680533766746521,0.10914600640535355,0.8954421877861023,0.795829713344574,-0.19299162924289703,0.01954904943704605,-0.5736088156700134,0.5978228449821472,-0.033955708146095276,0.01997806318104267,0,0.3625604212284088,0.1091499999165535,0.8977970480918884,0.7959117293357849,-0.1908288449048996,0.016554540023207664,-0.5743123888969421,1
0.3682141900062561,0.10914544761180878,0.8953732252120972,0.79582679271698,-0.19305557012557983,0.01963799074292183,-0.5735883712768555,0.5978228449821472,-0.033955708146095276,0.019978100433945656,0,0.3625604212284088,0.1091499999165535,0.8977970480918884,0.7959117293357849,-0.1908288449048996,0.016554540023207664,-0.5743123888969421,1
0.3683570623397827,0.10914503037929535,0.8953116536140442,0.7958241105079651,-0.19311225414276123,0.019716612994670868,-0.5735701322555542,0.5978228449821472,-0.033955708146095276,0.019978120923042297,0,0.3625604212284088,0.1091499999165535,0.8977970480918884,0.7959117293357849,-0.1908288449048996,0.016554540023207664,-0.5743123888969421,1
0.36848360300064087,0.10914475470781326,0.8952572345733643,0.7958218455314636,-0.1931624412536621,0.019786084070801735,-0.5735539793968201,0.5978228449821472,-0.033955708146095276,0.019978133961558342,0,0.3625604212284088,0.1091499999165535,0.8977970480918884,0.7959117293357849,-0.1908288449048996,0.016554540023207664,-0.5743123888969421,1
0.36859551072120667,0.10914462059736252,0.8952088356018066,0.7958201169967651,-0.19320662319660187,0.019847365096211433,-0.5735394358634949,0.5978228449821472,-0.033955708146095276,0.01997814141213894,0,0.3625604212284088,0.1091499999165535,0.8977970480918884,0.7959117293357849,-0.1908288449048996,0.016554540023207664,-0.5743123888969421,1
0.36869457364082336,0.10914447903633118,0.8951660394668579,0.7958184480667114,-0.1932457685470581,0.01990160159766674,-0.5735267996788025,0.5978228449821472,-0.033955708146095276,0.019978145137429237,0,0.3625604212284088,0.1091499999165535,0.8977970480918884,0.7959117293357849,-0.1908288449048996,0.016554540023207664,-0.5743123888969421,1
0.3687824606895447,0.10914447903633118,0.8951278328895569,0.795816957950592,-0.19328033924102783,0.01994943805038929,-0.5735154151916504,0.5978228449821472,-0.033955708146095276,0.019978148862719536,0,0.3625604212284088,0.1091499999165535,0.8977970480918884,0.7959117293357849,-0.1908288449048996,0.016554540023207664,-0.5743123888969421,1
0.36886000633239746,0.10914461314678192,0.895094096660614,0.7958159446716309,-0.19331079721450806,0.019991593435406685,-0.5735051035881042,0.5978228449821472,-0.033955708146095276,0.019978148862719536,0,0.3625604212284088,0.1091499999165535,0.8977970480918884,0.7959117293357849,-0.1908288449048996,0.016554540023207664,-0.5743123888969421,1
0.36892861127853394,0.10914474725723267,0.8950642347335815,0.7958149909973145,-0.19333770871162415,0.02002882771193981,-0.5734960436820984,0.5978228449821472,-0.033955708146095276,0.019978148862719536,0,0.3625604212284088,0.1091499999165535,0.8977970480918884,0.7959117293357849,-0.1908288449048996,0.016554540023207664,-0.5743123888969421,1
0.3689894676208496,0.10914488881826401,0.8950377106666565,0.7958140969276428,-0.1933615803718567,0.020061763003468513,-0.5734882354736328,0.5978228449821472,-0.033955708146095276,0.019978148862719536,0,0.3625604212284088,0.1091499999165535,0.8977970480918884,0.7959117293357849,-0.1908288449048996,0.016554540023207664,-0.5743123888969421,1
0.3690434694290161,0.10914502292871475,0.8950141072273254,0.7958134412765503,-0.1933826208114624,0.020090937614440918,-0.5734809041023254,0.5978228449821472,-0.033955708146095276,0.019978148862719536,0,0.3625604212284088,0.1091499999165535,0.8977970480918884,0.7959117293357849,-0.1908288449048996,0.016554540023207664,-0.5743123888969421,1
0.3690912425518036,0.10914530605077744,0.8949931859970093,0.7958129048347473,-0.1934012621641159,0.02011662721633911,-0.5734745860099792,0.5978228449821472,-0.033955708146095276,0.019978148862719536,0,0.3625604212284088,0.1091499999165535,0.8977970480918884,0.7959117293357849,-0.1908288449048996,0.016554540023207664,-0.5743123888969421,1
0.3691335916519165,0.10914543271064758,0.8949745893478394,0.7958122491836548,-0.19341766834259033,0.02013932727277279,-0.5734689831733704,0.5978228449821472,-0.033955708146095276,0.019978148862719536,0,0.3625604212284088,0.1091499999165535,0.8977970480918884,0.7959117293357849,-0.1908288449048996,0.016554540023207664,-0.5743123888969421,1
0.369171142578125,0.10914570838212967,0.894957959651947,0.7958120107650757,-0.19343216717243195,0.020159302279353142,-0.5734638571739197,0.5978228449821472,-0.033955708146095276,0.019978148862719536,0,0.3625604212284088,0.1091499999165535,0.8977970480918884,0.7959117293357849,-0.1908288449048996,0.016554540023207664,-0.5743123888969421,1
0.36920416355133057,0.10914599150419235,0.8949434161186218,0.795811653137207,-0.19344498217105865,0.020176958292722702,-0.5734593868255615,0.5978228449821472,-0.033955708146095276,0.019978148862719536,0,0.3625604212284088,0.1091499999165535,0.8977970480918884,0.7959117293357849,-0.1908288449048996,0.016554540023207664,-0.5743123888969421,1
0.36923354864120483,0.1091461256146431,0.8949304223060608,0.7958112955093384,-0.1934562772512436,0.020192500203847885,-0.5734555721282959,0.5978228449821472,-0.033955708146095276,0.019978148862719536,0,0.36923354864120483,0.1091461256146431,0.8949304223060608,0.7958112955093384,-0.1934562772512436,0.020192500203847885,-0.5734555721282959,1
0.3694966435432434,0.10915748029947281,0.8948008418083191,0.7958157062530518,-0.1935444176197052,0.020310046151280403,-0.5734154582023621,0.5978228449821472,-0.033955708146095276,0.019978148862719536,0,0.3752257227897644,0.1082642674446106,0.8944786190986633,0.7941920161247253,-0.19703209400177002,0.02539573237299919,-0.5742754936218262,1
0.37028855085372925,0.10910673439502716,0.894641101360321,0.7957009077072144,-0.19393104314804077,0.02086697332561016,-0.5734242796897888,0.5978228449821472,-0.033955708146095276,0.019978148862719536,0,0.3811877965927124,0.10735482722520828,0.8939145803451538,0.7925394177436829,-0.2006002962589264,0.030596166849136353,-0.5750690698623657,1
0.3716014325618744,0.10897800326347351,0.894449770450592,0.7954424619674683,-0.1946360319852829,0.02188708819448948,-0.5735059976577759,0.5978228449821472,-0.033955708146095276,0.019978148862719536,0,0.38711798191070557,0.10641832649707794,0.893238365650177,0.7908539772033691,-0.20416110754013062,0.035793427377939224,-0.5758358240127563,1
0.37339717149734497,0.10877303034067154,0.8942191004753113,0.7950466275215149,-0.19563521444797516,0.023334980010986328,-0.573657751083374,0.5978228449821472,-0.033955708146095276,0.019978148862719536,0,0.3930149972438812,0.10545466840267181,0.8924504518508911,0.7891356945037842,-0.20771446824073792,0.04098781943321228,-0.5765755772590637,1
0.3756338953971863,0.10849640518426895,0.8939429521560669,0.7945231795310974,-0.1969025433063507,0.025173109024763107,-0.5738714933395386,0.5978228449821472,-0.033955708146095276,0.019978148862719536,0,0.39887675642967224,0.10446442663669586,0.89155113697052,0.7873849868774414,-0.21125997602939606,0.046178605407476425,-0.5772882103919983,1
0.37826764583587646,0.10815288871526718,0.89361572265625,0.7938822507858276,-0.19841162860393524,0.027363944798707962,-0.5741382837295532,0.5978228449821472,-0.033955708146095276,0.019978148862719536,0,0.404701828956604,0.10344754904508591,0.8905410766601562,0.7856015563011169,-0.21479752659797668,0.05136603116989136,-0.5779737830162048,1
0.38125696778297424,0.10774627327919006,0.893231987953186,0.7931320071220398,-0.2001379430294037,0.02987266331911087,-0.5744510293006897,0.5978228449821472,-0.033955708146095276,0.019978148862719536,0,0.4104883670806885,0.10240460187196732,0.8894203901290894,0.7837860584259033,-0.21832731366157532,0.05654958263039589,-0.5786316990852356,1
0.38456252217292786,0.10728052258491516,0.8927868604660034,0.7922801971435547,-0.2020588368177414,0.03266650065779686,-0.5748019218444824,0.5978228449821472,-0.033955708146095276,0.019978148862719536,0,0.41623473167419434,0.10133572667837143,0.8881899118423462,0.7819385528564453,-0.22184884548187256,0.06172895058989525,-0.5792620778083801,1
0.3881474435329437,0.10675857216119766,0.8922756910324097,0.7913332581520081,-0.20415334403514862,0.035716310143470764,-0.5751845240592957,0.5978228449821472,-0.033955708146095276,0.019978148862719536,0,0.42193934321403503,0.10024107247591019,0.8868498206138611,0.7800593376159668,-0.22536207735538483,0.06690393388271332,-0.5798648595809937,1
0.39197805523872375,0.10618326812982559,0.8916935920715332,0.79029780626297,-0.20640213787555695,0.0389942042529583,-0.5755925178527832,0.5978228449821472,-0.033955708146095276,0.019978148862719536,0,0.42760106921195984,0.09912127256393433,0.8854004740715027,0.7781484127044678,-0.22886709868907928,0.07207482308149338,-0.5804394483566284,1
0.39602506160736084,0.10555712133646011,0.891035795211792,0.7891789674758911,-0.2087889015674591,0.04247710853815079,-0.5760201811790466,0.5978228449821472,-0.033955708146095276,0.019978148862719536,0,0.4332176148891449,0.09797631204128265,0.8838427662849426,0.7762060761451721,-0.2323637157678604,0.07724103331565857,-0.5809862017631531,1
0.4002598822116852,0.10488217324018478,0.89029860496521,0.7879811525344849,-0.2112976759672165,0.04614240303635597,-0.5764630436897278,0.5978228449821472,-0.033955708146095276,0.019978148862719536,0,0.438787043094635,0.09680692106485367,0.8821774125099182,0.7742326259613037,-0.2358514666557312,0.08240187913179398,-0.581504762172699,1
0.40465837717056274,0.10416057705879211,0.8894776105880737,0.7867090702056885,-0.2139148712158203,0.049970805644989014,-0.5769160389900208,0.5978228449821472,-0.033955708146095276,0.019978148862719536,0,0.4443087875843048,0.09561306238174438,0.8804045915603638,0.7722281813621521,-0.23933058977127075,0.08755797147750854,-0.5819948315620422,1
0.4091975688934326,0.10339386016130447,0.8885697722434998,0.7853662967681885,-0.2166280299425125,0.05394488945603371,-0.5773749947547913,0.5978228449821472,-0.033955708146095276,0.019978148862719536,0,0.44978073239326477,0.09439545124769211,0.878524899482727,0.7701929807662964,-0.24280090630054474,0.09270896762609482,-0.5824563503265381,1
0.41385722160339355,0.10258391499519348,0.8875714540481567,0.7839565277099609,-0.21942616999149323,0.05804823711514473,-0.577836275100708,0.5978228449821472,-0.033955708146095276,0.019978148862719536,0,0.45520105957984924,0.09315422177314758,0.8765393495559692,0.7681271433830261,-0.24626216292381287,0.09785404056310654,-0.5828893780708313,1
0.41861841082572937,0.10173209756612778,0.8864802122116089,0.7824828028678894,-0.2222987860441208,0.06226680800318718,-0.5782963037490845,0.5978228449821472,-0.033955708146095276,0.019978148862719536,0,0.46056854724884033,0.09189002960920334,0.8744484186172485,0.7660312652587891,-0.2497141808271408,0.10299313813447952,-0.5832934379577637,1
0.4234654903411865,0.10084003210067749,0.8852930665016174,0.7809481024742126,-0.22523774206638336,0.06658854335546494,-0.5787521004676819,0.5978228449821472,-0.033955708146095276,0.019978148862719536,0,0.46588122844696045,0.09060297161340714,0.8722527027130127,0.7639051079750061,-0.2531569004058838,0.10812649130821228,-0.5836687088012695,1
0.42838233709335327,0.09990879893302917,0.8840084075927734,0.7793549299240112,-0.22823427617549896,0.07100100815296173,-0.5792010426521301,0.5978228449821472,-0.033955708146095276,0.019978148862719536,0,0.4711381793022156,0.08929382264614105,0.8699528574943542,0.7617491483688354,-0.2565903961658478,0.11325353384017944,-0.5840146541595459,1
0.43335577845573425,0.09893988817930222,0.882624089717865,0.7777059078216553,-0.23128186166286469,0.07549476623535156,-0.5796401500701904,0.5978228449821472,-0.033955708146095276,0.019978148862719536,0,0.4763375520706177,0.08796269446611404,0.8675497770309448,0.7595636248588562,-0.2600144147872925,0.11837422102689743,-0.5843313932418823,1
0.43837353587150574,0.097934290766716,0.8811385035514832,0.7760031223297119,-0.23437368869781494,0.0800604373216629,-0.5800676941871643,0.5978228449821472,-0.033955708146095276,0.019978148862719536,0,0.4814775586128235,0.08661041408777237,0.8650442957878113,0.7573485374450684,-0.26342859864234924,0.12348780035972595,-0.584618866443634,1
0.4434235990047455,0.09689338505268097,0.8795508742332458,0.7742486596107483,-0.23750369250774384,0.08468934148550034,-0.5804812908172607,0.5978228449821472,-0.033955708146095276,0.019978148862719536,0,0.486556738615036,0.0852372944355011,0.8624370098114014,0.7551044225692749,-0.26683300733566284,0.12859462201595306,-0.5848768353462219,1
0.44849681854248047,0.09581824392080307,0.8778597712516785,0.7724446058273315,-0.24066737294197083,0.08937457203865051,-0.5808793306350708,0.5978228449821472,-0.033955708146095276,0.019978148862719536,0,0.4915741980075836,0.08384370803833008,0.8597286939620972,0.7528311610221863,-0.27022773027420044,0.13369448482990265,-0.5851050615310669,1
0.45358341932296753,0.09470973908901215,0.8760644793510437,0.7705922722816467,-0.24386003613471985,0.09410975128412247,-0.5812599062919617,0.5978228449821472,-0.033955708146095276,0.019978148862719536,0,0.4965279996395111,0.08243027329444885,0.8569201827049255,0.7505292296409607,-0.2736125588417053,0.13878698647022247,-0.5853033661842346,1
0.4586743712425232,0.09356909990310669,0.8741646409034729,0.7686939239501953,-0.24707703292369843,0.09888791292905807,-0.5816216468811035,0.5978228449821472,-0.033955708146095276,0.019978148862719536,0,0.5014165639877319,0.0809972956776619,0.8540124893188477,0.7481986880302429,-0.2769871950149536,0.14387190341949463,-0.585472047328949,1
0.46376222372055054,0.09239736944437027,0.8721601366996765,0.7667506337165833,-0.25031471252441406,0.10370400547981262,-0.581963300704956,0.5978228449821472,-0.033955708146095276,0.019978148862719536,0,0.506238579750061,0.07954566180706024,0.851006269454956,0.7458400726318359,-0.2803513705730438,0.14894898235797882,-0.5856106281280518,1
0.46884024143218994,0.09119540452957153,0.8700504899024963,0.7647639513015747,-0.2535701096057892,0.10855363309383392,-0.5822837948799133,0.5978228449821472,-0.033955708146095276,0.019978148862719536,0,0.5109929442405701,0.07807552069425583,0.8479024767875671,0.7434532046318054,-0.2837054431438446,0.15401820838451385,-0.5857190489768982,1
0.4739014506340027,0.08996410667896271,0.867836058139801,0.76273512840271,-0.2568397521972656,0.11343201249837875,-0.5825818777084351,0.5978228449821472,-0.033955708146095276,0.019978148862719536,0,0.5156775712966919,0.07658784836530685,0.8447021842002869,0.7410387396812439,-0.28704893589019775,0.15907885134220123,-0.5857970714569092,1
0.4789404571056366,0.08870463818311691,0.8655165433883667,0.7606652975082397,-0.26012152433395386,0.11833547055721283,-0.5828564763069153,0.5978228449821472,-0.033955708146095276,0.019978148862719536,0,0.5202920436859131,0.07508272677659988,0.8414059281349182,0.738596498966217,-0.29038214683532715,0.16413156688213348,-0.585844874382019,1
0.483950674533844,0.08741757273674011,0.863092839717865,0.7585558295249939,-0.2634122371673584,0.1232597604393959,-0.5831072330474854,0.5978228449821472,-0.033955708146095276,0.019978148862719536,0,0.5248342156410217,0.0735611841082573,0.8380148410797119,0.7361271977424622,-0.2937043011188507,0.16917558014392853,-0.5858618021011353,1
0.4889279901981354,0.0861041247844696,0.8605650067329407,0.7564075589179993,-0.2667103707790375,0.12820269167423248,-0.5833327174186707,0.5978228449821472,-0.033955708146095276,0.019978148862719536,0,0.5293028354644775,0.0720234140753746,0.8345300555229187,0.7336306571960449,-0.2970157563686371,0.17421051859855652,-0.5858484506607056,1
0.49386733770370483,0.08476541191339493,0.857933759689331,0.7542221546173096,-0.2700134217739105,0.1331603229045868,-0.5835323333740234,0.5978228449821472,-0.033955708146095276,0.019978148862719536,0,0.5336965918540955,0.07047039270401001,0.830952525138855,0.7311072945594788,-0.3003164231777191,0.17923632264137268,-0.5858041048049927,1
0.4987647831439972,0.0834014043211937,0.8551995754241943,0.7519994378089905,-0.27332010865211487,0.13813075423240662,-0.5837060809135437,0.5978228449821472,-0.033955708146095276,0.019978148862719536,0,0.5380142331123352,0.06890232115983963,0.8272830843925476,0.7285573482513428,-0.303605854511261,0.18425293266773224,-0.5857290029525757,1
0.5036160349845886,0.08201384544372559,0.8523629903793335,0.74974125623703,-0.27662837505340576,0.1431114822626114,-0.5838525295257568,0.5978228449821472,-0.033955708146095276,0.019978148862719536,0,0.5422545671463013,0.06732020527124405,0.8235228657722473,0.7259811162948608,-0.3068840205669403,0.1892600804567337,-0.5856228470802307,1
0.508417546749115,0.08060292154550552,0.8494250178337097,0.7474479079246521,-0.27993711829185486,0.14810022711753845,-0.5839717984199524,0.5978228449821472,-0.033955708146095276,0.019978148862719536,0,0.5464166402816772,0.06572424620389938,0.8196725249290466,0.723378598690033,-0.3101513683795929,0.19425785541534424,-0.5854854583740234,1
0.5131657719612122,0.07916997373104095,0.8463862538337708,0.7451203465461731,-0.28324493765830994,0.15309540927410126,-0.5840630531311035,0.5978228449821472,-0.033955708146095276,0.019978148862719536,0,0.5504980683326721,0.06411555409431458,0.8157340884208679,0.720750629901886,-0.31340691447257996,0.19924511015415192,-0.5853169560432434,1
0.5178571343421936,0.07771549373865128,0.843248188495636,0.7427594661712646,-0.2865503430366516,0.15809446573257446,-0.5841260552406311,0.5978228449821472,-0.033955708146095276,0.019978148862719536,0,0.5544983148574829,0.062494345009326935,0.8117079734802246,0.7180967926979065,-0.3166508674621582,0.20422250032424927,-0.5851172804832458,1
0.5224892497062683,0.07624049484729767,0.8400110602378845,0.7403656244277954,-0.28985273838043213,0.1630963236093521,-0.5841605067253113,0.5978228449821472,-0.033955708146095276,0.019978148862719536,0,0.5584162473678589,0.06086164340376854,0.8075952529907227,0.7154178619384766,-0.3198833465576172,0.20918938517570496,-0.5848859548568726,1
0.5270594358444214,0.07474565505981445,0.8366760611534119,0.737939715385437,-0.2931511104106903,0.16809991002082825,-0.5841657519340515,0.5978228449821472,-0.033955708146095276,0.019978148862719536,0,0.5622508525848389,0.05921792611479759,0.8033970594406128,0.7127136588096619,-0.3231043815612793,0.21414606273174286,-0.5846230983734131,1
0.5315642952919006,0.07323190569877625,0.833244264125824,0.7354825139045715,-0.296444296836853,0.17310340702533722,-0.5841414928436279,0.5978228449821472,-0.033955708146095276,0.019978148862719536,0,0.5660005807876587,0.057563669979572296,0.7991146445274353,0.7099846601486206,-0.32631343603134155,0.21909190714359283,-0.5843287110328674,1
0.5360018610954285,0.07170001417398453,0.8297167420387268,0.7329943776130676,-0.2997317612171173,0.178105428814888,-0.5840877890586853,0.5978228449821472,-0.033955708146095276,0.019978148862719536,0,0.5696644186973572,0.0558999665081501,0.7947493195533752,0.7072311043739319,-0.32951024174690247,0.22402654588222504,-0.5840027332305908,1
0.5403698086738586,0.07015049457550049,0.8260945081710815,0.7304758429527283,-0.30301252007484436,0.18310515582561493,-0.5840041041374207,0.5978228449821472,-0.033955708146095276,0.019978148862719536,0,0.573241114616394,0.05422709882259369,0.7903019189834595,0.7044530510902405,-0.332695335149765,0.2289503961801529,-0.5836448073387146,1
0.5446653366088867,0.06858440488576889,0.8223791122436523,0.7279276847839355,-0.30628591775894165,0.1881013661623001,-0.583890438079834,0.5978228449821472,-0.033955708146095276,0.019978148862719536,0,0.5767293572425842,0.05254632234573364,0.7857741117477417,0.7016512751579285,-0.33586809039115906,0.23386234045028687,-0.5832549333572388,1
0.548887312412262,0.06700244545936584,0.8185709118843079,0.7253502011299133,-0.30955156683921814,0.1930934488773346,-0.5837461948394775,0.5978228449821472,-0.033955708146095276,0.019978148862719536,0,0.58012855052948,0.050857678055763245,0.781166672706604,0.698825478553772,-0.3390287160873413,0.23876307904720306,-0.5828332304954529,1
0.5530327558517456,0.0654057189822197,0.81467205286026,0.7227442264556885,-0.3128089904785156,0.19808036088943481,-0.5835712552070618,0.5978228449821472,-0.033955708146095276,0.019978148862719536,0,0.5834373235702515,0.049162473529577255,0.7764810919761658,0.695976197719574,-0.3421768844127655,0.24365198612213135,-0.5823794007301331,1
0.5571005940437317,0.06379439681768417,0.8106829524040222,0.7201098799705505,-0.3160574734210968,0.20306120812892914,-0.5833655595779419,0.5978228449821472,-0.033955708146095276,0.019978148862719536,0,0.5866544246673584,0.04746101424098015,0.7717187404632568,0.6931036114692688,-0.34531232714653015,0.24852833151817322,-0.5818936824798584,1
0.5610880851745605,0.06216980516910553,0.8066055774688721,0.717447817325592,-0.319296270608902,0.20803503692150116,-0.5831292867660522,0.5978228449821472,-0.033955708146095276,0.019978148862719536,0,0.5897799134254456,0.04575437307357788,0.7668799161911011,0.6902080178260803,-0.34843572974205017,0.25339317321777344,-0.5813751816749573,1
0.5649944543838501,0.060532346367836,0.8024405241012573,0.714758574962616,-0.32252538204193115,0.2130017727613449,-0.5828616619110107,0.5978228449821472,-0.033955708146095276,0.019978148862719536,0,0.5928111672401428,0.04404301196336746,0.7619674801826477,0.687289834022522,-0.3515459895133972,0.25824519991874695,-0.5808247327804565,1
0.568818211555481,0.058883074671030045,0.7981888055801392,0.7120422720909119,-0.3257448077201843,0.21796086430549622,-0.5825624465942383,0.5978228449821472,-0.033955708146095276,0.019978148862719536,0,0.5957481265068054,0.04232802614569664,0.7569817900657654,0.6843491196632385,-0.3546435534954071,0.26308467984199524,-0.580241858959198,1
0.5725569128990173,0.05722253397107124,0.7938525080680847,0.709299623966217,-0.3289533853530884,0.22291100025177002,-0.5822321772575378,0.5978228449821472,-0.033955708146095276,0.019978148862719536,0,0.5985900163650513,0.04060967266559601,0.7519240379333496,0.6813862323760986,-0.3577280640602112,0.2679111957550049,-0.5796265006065369,1
0.5762096643447876,0.05555180460214615,0.7894327044487,0.7065311670303345,-0.33215102553367615,0.2278517484664917,-0.5818701982498169,0.5978228449821472,-0.033955708146095276,0.019978148862719536,0,0.6013356447219849,0.03888925537467003,0.7467957735061646,0.678401529788971,-0.3607998788356781,0.2727249264717102,-0.5789783000946045,1
0.5797746181488037,0.053871408104896545,0.7849305272102356,0.7037367224693298,-0.33533748984336853,0.23278313875198364,-0.5814768671989441,0.5978228449821472,-0.033955708146095276,0.019978148862719536,0,0.6039837598800659,0.037167083472013474,0.7415985465049744,0.6753950119018555,-0.3638583719730377,0.27752527594566345,-0.5782976746559143,1
0.5832505822181702,0.052182357758283615,0.7803475260734558,0.7009173035621643,-0.33851251006126404,0.23770415782928467,-0.5810515284538269,0.5978228449821472,-0.033955708146095276,0.019978148862719536,0,0.6066904067993164,0.035336725413799286,0.7360019087791443,0.6721773147583008,-0.3670937418937683,0.28261104226112366,-0.5775385499000549,1
0.586645245552063,0.050478409975767136,0.7756673097610474,0.6980605721473694,-0.3416879177093506,0.2426336407661438,-0.5805941224098206,0.5978228449821472,-0.033955708146095276,0.019978148862719536,0,0.6092851161956787,0.03350621461868286,0.7303307056427002,0.6689357161521912,-0.3703138530254364,0.2876814901828766,-0.5767424702644348,1
0.5899600386619568,0.0487590916454792,0.7708864212036133,0.6951646208763123,-0.34486645460128784,0.24757522344589233,-0.5801032185554504,0.5978228449821472,-0.033955708146095276,0.019978148862719536,0,0.611767053604126,0.03167670592665672,0.7245862483978271,0.66567063331604,-0.37351882457733154,0.29273614287376404,-0.5759094953536987,1
0.593195915222168,0.04702472686767578,0.7660031318664551,0.6922293305397034,-0.3480483293533325,0.2525295615196228,-0.5795770287513733,0.5978228449821472,-0.033955708146095276,0.019978148862719536,0,0.6141355633735657,0.029849134385585785,0.7187702059745789,0.6623824238777161,-0.3767085075378418,0.2977750301361084,-0.5750392079353333,1
0.5963500142097473,0.04527623951435089,0.7610186338424683,0.6892557740211487,-0.3512322008609772,0.25749486684799194,-0.5790152549743652,0.5978228449821472,-0.033955708146095276,0.019978148862719536,0,0.6163895130157471,0.028024474158883095,0.7128843069076538,0.6590714454650879,-0.37988293170928955,0.3027975857257843,-0.5741317272186279,1
0.599419355392456,0.04351530224084854,0.7559350728988647,0.6862452626228333,-0.35441645979881287,0.2624691426753998,-0.5784169435501099,0.5978228449821472,-0.033955708146095276,0.019978148862719536,0,0.6185276508331299,0.02620391920208931,0.7069303393363953,0.655738115310669,-0.38304176926612854,0.3078039288520813,-0.5731869339942932,1
0.6024013161659241,0.04174318164587021,0.7507538199424744,0.6831985712051392,-0.35760045051574707,0.2674502432346344,-0.5777819156646729,0.5978228449821472,-0.033955708146095276,0.019978148862719536,0,0.620549738407135,0.02438797429203987,0.7009099721908569,0.6523825526237488,-0.3861848711967468,0.31279370188713074,-0.5722048282623291,1
0.6052919626235962,0.03996122628450394,0.7454782128334045,0.6801172494888306,-0.360781729221344,0.27243572473526,-0.577109694480896,0.5978228449821472,-0.033955708146095276,0.019978148862719536,0,0.6224542856216431,0.022577892988920212,0.6948254704475403,0.649005115032196,-0.3893120288848877,0.3177662193775177,-0.5711856484413147,1
0.608087956905365,0.03817136213183403,0.7401108145713806,0.6770023107528687,-0.3639594614505768,0.27742353081703186,-0.5764005184173584,0.5978228449821472,-0.033955708146095276,0.019978148862719536,0,0.6242413520812988,0.020774535834789276,0.6886774301528931,0.645606279373169,-0.3924236595630646,0.3227221369743347,-0.5701285004615784,1
0.610787034034729,0.03637487813830376,0.7346539497375488,0.6738551259040833,-0.36713218688964844,0.282411128282547,-0.5756535530090332,0.5978228449821472,-0.033955708146095276,0.019978148862719536,0,0.6259096264839172,0.018978923559188843,0.6824684143066406,0.642186164855957,-0.3955191373825073,0.3276606500148773,-0.569034218788147,1
0.6133853793144226,0.03457285836338997,0.7291110754013062,0.670676589012146,-0.3702983558177948,0.2873971164226532,-0.5748694539070129,0.5978228449821472,-0.033955708146095276,0.019978148862719536,0,0.6274586915969849,0.01719248667359352,0.6762000322341919,0.6387454867362976,-0.3985987901687622,0.3325817584991455,-0.5679018497467041,1
0.6158812046051025,0.03276714310050011,0.7234840393066406,0.6674678921699524,-0.3734571039676666,0.2923797070980072,-0.5740474462509155,0.5978228449821472,-0.033955708146095276,0.019978148862719536,0,0.6288874745368958,0.01541537418961525,0.669874370098114,0.6352842450141907,-0.40166187286376953,0.33748501539230347,-0.5667322278022766,1
0.6182717084884644,0.030958985909819603,0.7177761793136597,0.6642298102378845,-0.3766072988510132,0.2973567545413971,-0.573188066482544,0.5978228449821472,-0.033955708146095276,0.019978148862719536,0,0.630195677280426,0.013649036176502705,0.6634929180145264,0.6318027377128601,-0.4047088623046875,0.34237033128738403,-0.5655249953269958,1
0.6205549240112305,0.029149595648050308,0.7119894623756409,0.660963237285614,-0.3797481954097748,0.3023272752761841,-0.5722909569740295,0.5978228449821472,-0.033955708146095276,0.019978148862719536,0,0.6313824653625488,0.01189444400370121,0.6570575833320618,0.628301739692688,-0.40773940086364746,0.34723740816116333,-0.5642797350883484,1
0.6227280497550964,0.027340557426214218,0.7061273455619812,0.6576693654060364,-0.38287851214408875,0.30728939175605774,-0.571356475353241,0.5978228449821472,-0.033955708146095276,0.019978148862719536,0,0.632447361946106,0.010152637958526611,0.6505701541900635,0.6247811913490295,-0.4107533395290375,0.3520861268043518,-0.5629968047142029,1
0.6247900128364563,0.025532744824886322,0.7001916766166687,0.6543487310409546,-0.3859977126121521,0.31224220991134644,-0.5703842043876648,0.5978228449821472,-0.033955708146095276,0.019978148862719536,0,0.6333897113800049,0.008424824103713036,0.6440327763557434,0.6212416887283325,-0.41375070810317993,0.3569159209728241,-0.5616761445999146,1
0.626738965511322,0.0237279050052166,0.6941847801208496,0.6510021686553955,-0.38910526037216187,0.31718456745147705,-0.5693744421005249,0.5978228449821472,-0.033955708146095276,0.019978148862719536,0,0.6342090964317322,0.0067115286365151405,0.6374471187591553,0.617683470249176,-0.4167311489582062,0.3617269992828369,-0.5603176355361938,1
0.6285728216171265,0.02192692644894123,0.6881100535392761,0.6476305723190308,-0.3921999931335449,0.3221150040626526,-0.568327009677887,0.5978228449821472,-0.033955708146095276,0.019978148862719536,0,0.634905219078064,0.005013917572796345,0.6308149695396423,0.6141067743301392,-0.41969478130340576,0.3665189743041992,-0.558921217918396,1
0.6302908062934875,0.020131219178438187,0.6819688677787781,0.6442345380783081,-0.39528197050094604,0.32703322172164917,-0.5672418475151062,0.5978228449821472,-0.033955708146095276,0.019978148862719536,0,0.6354770660400391,0.0033331308513879776,0.6241387128829956,0.6105121970176697,-0.42264142632484436,0.37129124999046326,-0.5574870109558105,1
0.6318912506103516,0.018341805785894394,0.6757639646530151,0.6408145427703857,-0.39835023880004883,0.3319379389286041,-0.5661191940307617,0.5978228449821472,-0.033955708146095276,0.019978148862719536,0,0.6359250545501709,0.0016699908301234245,0.6174192428588867,0.6068999171257019,-0.4255710244178772,0.37604448199272156,-0.5560147166252136,1
0.633373498916626,0.016560140997171402,0.6694973111152649,0.6373717188835144,-0.401404470205307,0.33682847023010254,-0.5649586319923401,0.5978228449821472,-0.033955708146095276,0.019978148862719536,0,0.6362481713294983,2.564210444688797e-05,0.6106593012809753,0.6032702922821045,-0.4284832775592804,0.3807774782180786,-0.5545045733451843,1
0.6347360610961914,0.014787290245294571,0.6631713509559631,0.6339061260223389,-0.4044443964958191,0.3417043089866638,-0.5637603998184204,0.5978228449821472,-0.033955708146095276,0.019978148862719536,0,0.6364461779594421,-0.0015987437218427658,0.6038607954978943,0.5996239185333252,-0.4313783049583435,0.3854905962944031,-0.5529564023017883,1
0.6359777450561523,0.01302439533174038,0.65678870677948,0.6304188966751099,-0.407469242811203,0.34656423330307007,-0.5625246167182922,0.5978228449821472,-0.033955708146095276,0.019978148862719536,0,0.6365194320678711,-0.0032027103006839752,0.5970249772071838,0.5959608554840088,-0.4342562258243561,0.39018377661705017,-0.5513699650764465,1
0.6370981931686401,0.011272401548922062,0.6503509879112244,0.6269100308418274,-0.4104790687561035,0.35140833258628845,-0.5612510442733765,0.5978228449821472,-0.033955708146095276,0.019978148862719536,0,0.6364668607711792,-0.004784953780472279,0.5901544690132141,0.5922812223434448,-0.4371165335178375,0.3948563039302826,-0.5497459173202515,1
0.6380961537361145,0.009532811120152473,0.6438610553741455,0.623380720615387,-0.41347309947013855,0.35623523592948914,-0.559939980506897,0.5978228449821472,-0.033955708146095276,0.019978148862719536,0,0.6362888216972351,-0.006344495341181755,0.5832505226135254,0.5885859131813049,-0.4399591386318207,0.39950841665267944,-0.548083484172821,1
0.6389711499214172,0.0078063830733299255,0.6373202204704285,0.6198309063911438,-0.4164515435695648,0.3610452711582184,-0.5585910677909851,0.5978228449821472,-0.033955708146095276,0.019978148862719536,0,0.6359845995903015,-0.007880338467657566,0.5763159394264221,0.5848749279975891,-0.44278407096862793,0.4041394591331482,-0.5463833212852478,1
0.6397220492362976,0.006094526499509811,0.6307320594787598,0.6162618398666382,-0.41941341757774353,0.3658367395401001,-0.5572047233581543,0.5978228449821472,-0.033955708146095276,0.019978148862719536,0,0.6355542540550232,-0.00939126592129469,0.5693523287773132,0.5811490416526794,-0.44559118151664734,0.4087493419647217,-0.5446450114250183,1
0.6403491497039795,0.004398250952363014,0.6240971088409424,0.6126733422279358,-0.4223591983318329,0.3706103563308716,-0.5557804703712463,0.5978228449821472,-0.033955708146095276,0.019978148862719536,0,0.6349979639053345,-0.010876815766096115,0.5623613595962524,0.5774081349372864,-0.4483805298805237,0.4133380949497223,-0.5428686141967773,1
0.640850841999054,0.0027185464277863503,0.6174188256263733,0.6090663075447083,-0.42528799176216125,0.37536489963531494,-0.5543188452720642,0.5978228449821472,-0.033955708146095276,0.019978148862719536,0,0.6343151330947876,-0.0123357018455863,0.5553454756736755,0.5736526846885681,-0.4511517286300659,0.41790512204170227,-0.5410544872283936,1
0.641227126121521,0.0010566124692559242,0.6106988787651062,0.6054410338401794,-0.4281999468803406,0.3801003694534302,-0.5528197288513184,0.5978228449821472,-0.033955708146095276,0.019978148862719536,0,0.6335063576698303,-0.013767048716545105,0.548305869102478,0.5698829889297485,-0.45390504598617554,0.422450989484787,-0.5392019152641296,1
0.6414780616760254,-0.0005866531282663345,0.6039386987686157,0.6017980575561523,-0.4310947358608246,0.38481637835502625,-0.5512827038764954,0.5978228449821472,-0.033955708146095276,0.019978148862719536,0,0.6325711607933044,-0.015169695019721985,0.5412456393241882,0.5660998821258545,-0.45663967728614807,0.4269742965698242,-0.5373116731643677,1
0.641602635383606,-0.0022098831832408905,0.5971415042877197,0.5981379747390747,-0.43397238850593567,0.38951200246810913,-0.549708366394043,0.5978228449821472,-0.033955708146095276,0.019978148862719536,0,0.6315098404884338,-0.016542714089155197,0.534165620803833,0.562303364276886,-0.45935654640197754,0.43147552013397217,-0.5353832244873047,1
0.6416007876396179,-0.0038123857229948044,0.5903087854385376,0.5944610834121704,-0.43683236837387085,0.3941876292228699,-0.5480963587760925,0.5978228449821472,-0.033955708146095276,0.019978148862719536,0,0.630322277545929,-0.017885398119688034,0.5270686149597168,0.5584937334060669,-0.4620547890663147,0.43595457077026367,-0.5334169268608093,1
0.6414726376533508,-0.005393136292695999,0.5834424495697021,0.5907676815986633,-0.43967464566230774,0.3988425135612488,-0.5464469790458679,0.5978228449821472,-0.033955708146095276,0.019978148862719536,0,0.6290088295936584,-0.01919669285416603,0.5199558138847351,0.5546711683273315,-0.464734822511673,0.4404115080833435,-0.5314124226570129,1
0.6412172317504883,-0.006950829178094864,0.576545000076294,0.5870583057403564,-0.44249919056892395,0.4034765362739563,-0.5447600483894348,0.5978228449821472,-0.033955708146095276,0.019978148862719536,0,0.6275694966316223,-0.0204756036400795,0.5128298997879028,0.5508363842964172,-0.4673961400985718,0.4448452889919281,-0.5293701887130737,1
0.6408349275588989,-0.008484375663101673,0.5696181654930115,0.5833336710929871,-0.44530585408210754,0.4080893397331238,-0.5430354475975037,0.5978228449821472,-0.033955708146095276,0.019978148862719536,0,0.6260044574737549,-0.021721158176660538,0.5056928396224976,0.5469897985458374,-0.47003865242004395,0.44925612211227417,-0.5272899866104126,1
0.6403253674507141,-0.009993169456720352,0.5626645684242249,0.5795939564704895,-0.4480942487716675,0.41268032789230347,-0.541273832321167,0.5978228449821472,-0.033955708146095276,0.019978148862719536,0,0.6243135929107666,-0.02293216809630394,0.4985463619232178,0.5431316494941711,-0.47266271710395813,0.4536436200141907,-0.52517169713974,1
0.6396888494491577,-0.011476021260023117,0.5556856393814087,0.5758393406867981,-0.45086437463760376,0.4172498881816864,-0.539474606513977,0.5978228449821472,-0.033955708146095276,0.019978148862719536,0,0.6224977970123291,-0.02410830557346344,0.4913923144340515,0.5392622351646423,-0.47526779770851135,0.45800817012786865,-0.523015558719635,1
0.6389246582984924,-0.012931705452501774,0.5486839413642883,0.5720709562301636,-0.45361602306365967,0.4217967689037323,-0.5376380681991577,0.5978228449821472,-0.033955708146095276,0.019978148862719536,0,0.6205567717552185,-0.025248302146792412,0.48423320055007935,0.5353818535804749,-0.4778538942337036,0.46234896779060364,-0.520821750164032,1
0.6380334496498108,-0.014359492808580399,0.541661262512207,0.5682883858680725,-0.45634928345680237,0.4263216555118561,-0.5357642769813538,0.5978228449821472,-0.033955708146095276,0.019978148862719536,0,0.6184912323951721,-0.026351355016231537,0.47707051038742065,0.5314911603927612,-0.4804210960865021,0.46666595339775085,-0.5185899138450623,1
0.637015163898468,-0.015758061781525612,0.5346197485923767,0.56449294090271,-0.4590637683868408,0.43082359433174133,-0.5338531732559204,0.5978228449821472,-0.033955708146095276,0.019978148862719536,0,0.6163017749786377,-0.027416566386818886,0.46990615129470825,0.527590274810791,-0.4829692542552948,0.47095921635627747,-0.5163202881813049,1
0.6358697414398193,-0.017126934602856636,0.5275614261627197,0.5606843829154968,-0.46175941824913025,0.4353025555610657,-0.5319049954414368,0.5978228449821472,-0.033955708146095276,0.019978148862719536,0,0.6139882802963257,-0.028442980721592903,0.46274247765541077,0.5236793160438538,-0.4854982793331146,0.47522830963134766,-0.5140129327774048,1
0.6345975399017334,-0.01846504583954811,0.5204879641532898,0.5568628311157227,-0.4644363522529602,0.4397587478160858,-0.5299196839332581,0.5978228449821472,-0.033955708146095276,0.019978148862719536,0,0.6115512847900391,-0.02942953258752823,0.455581396818161,0.5197592973709106,-0.48800790309906006,0.4794730842113495,-0.5116679668426514,1
0.6331985592842102,-0.01977091282606125,0.5134017467498779,0.5530295968055725,-0.46709439158439636,0.4441913068294525,-0.5278969407081604,0.5978228449821472,-0.033955708146095276,0.019978148862719536,0,0.6089914441108704,-0.030375871807336807,0.44842466711997986,0.5158300399780273,-0.4904981553554535,0.4836934804916382,-0.5092853903770447,1
0.6316732168197632,-0.021044135093688965,0.5063045620918274,0.5491845607757568,-0.4697331190109253,0.44860053062438965,-0.5258371233940125,0.5978228449821472,-0.033955708146095276,0.019978148862719536,0,0.6063092947006226,-0.03128085285425186,0.44127437472343445,0.5118919610977173,-0.49296900629997253,0.48788899183273315,-0.5068652033805847,1
0.6300216913223267,-0.022283785045146942,0.49919870495796204,0.5453279614448547,-0.4723527133464813,0.452985942363739,-0.5237404704093933,0.5978228449821472,-0.033955708146095276,0.019978148862719536,0,0.6035052537918091,-0.03214363753795624,0.43413254618644714,0.5079457759857178,-0.4954204559326172,0.4920596778392792,-0.5044073462486267,1
0.6282440423965454,-0.02348848432302475,0.4920862913131714,0.5414606332778931,-0.47495290637016296,0.45734700560569763,-0.5216068029403687,0.5978228449821472,-0.033955708146095276,0.019978148862719536,0,0.6005798578262329,-0.03296344727277756,0.4270012378692627,0.5039916038513184,-0.4978521764278412,0.49620530009269714,-0.5019122362136841,1
0.6263409852981567,-0.024657774716615677,0.48496901988983154,0.537582516670227,-0.4775339663028717,0.46168410778045654,-0.5194361805915833,0.5978228449821472,-0.033955708146095276,0.019978148862719536,0,0.597533643245697,-0.03373919799923897,0.4198821783065796,0.5000296235084534,-0.5002644658088684,0.500325620174408,-0.49937960505485535,1
0.6243126392364502,-0.025790497660636902,0.4778488278388977,0.533694326877594,-0.48009565472602844,0.46599680185317993,-0.5172286629676819,0.5978228449821472,-0.033955708146095276,0.019978148862719536,0,0.6243126392364502,-0.025790497660636902,0.4778488278388977,0.533694326877594,-0.48009565472602844,0.46599680185317993,-0.5172286629676819,1
0.6232136487960815,-0.026118079200387,0.4706189036369324,0.5307067632675171,-0.4828777015209198,0.4708186388015747,-0.5133315324783325,0.5978228449821472,-0.033955708146095276,0.019978148862719536,0,0.6246179342269897,-0.0260053388774395,0.47542595863342285,0.5333567261695862,-0.4803028106689453,0.4663483202457428,-0.517067551612854,1
0.6230430603027344,-0.0260692797601223,0.4635142683982849,0.5281405448913574,-0.4856453537940979,0.47530680894851685,-0.5092146992683411,0.5978228449821472,-0.033955708146095276,0.019978148862719536,0,0.6249109506607056,-0.026217564940452576,0.47300344705581665,0.5330192446708679,-0.4805099368095398,0.4666999578475952,-0.5169060230255127,1
0.6231874823570251,-0.026037877425551414,0.4572020173072815,0.5259631276130676,-0.4879949390888214,0.47908857464790344,-0.5056657791137695,0.5978228449821472,-0.033955708146095276,0.019978148862719536,0,0.6251916885375977,-0.026427268981933594,0.470581591129303,0.5326815843582153,-0.480716735124588,0.46705108880996704,-0.5167446136474609,1
0.623435378074646,-0.02605876326560974,0.4519387483596802,0.5242063999176025,-0.4898451864719391,0.48208120465278625,-0.5028489232063293,0.5978228449821472,-0.033955708146095276,0.019978148862719536,0,0.6254604458808899,-0.026634441688656807,0.46816015243530273,0.5323437452316284,-0.4809236228466034,0.4674021005630493,-0.516582727432251,1
0.623742401599884,-0.02612074837088585,0.4478059411048889,0.522898256778717,-0.49118757247924805,0.4842614531517029,-0.5008023381233215,0.5978228449821472,-0.033955708146095276,0.019978148862719536,0,0.6257169842720032,-0.026839053258299828,0.46573907136917114,0.5320060849189758,-0.4811302721500397,0.4677530527114868,-0.5164204835891724,1
0.6241121888160706,-0.0262164194136858,0.44482630491256714,0.5220518708229065,-0.4920295774936676,0.4856294095516205,-0.4995325803756714,0.5978228449821472,-0.033955708146095276,0.019978148862719536,0,0.6259613037109375,-0.027041107416152954,0.46331894397735596,0.5316682457923889,-0.4813368022441864,0.46810382604599,-0.5162582397460938,1
0.624558687210083,-0.02634400874376297,0.44300344586372375,0.5216715335845947,-0.4923798143863678,0.486192911863327,-0.4990362823009491,0.5978228449821472,-0.033955708146095276,0.019978148862719536,0,0.6261934638023376,-0.027240822091698647,0.460899293422699,0.531330406665802,-0.48154303431510925,0.468454509973526,-0.5160955786705017,1
0.6250938773155212,-0.02650323510169983,0.4423346519470215,0.521756649017334,-0.4922453463077545,0.48596081137657166,-0.4993061423301697,0.5978228449821472,-0.033955708146095276,0.019978148862719536,0,0.6264136433601379,-0.02743774838745594,0.4584803879261017,0.5309924483299255,-0.48174935579299927,0.46880486607551575,-0.515932559967041,1
0.6256443858146667,-0.026686033234000206,0.4425871968269348,0.5222153067588806,-0.49171173572540283,0.48508360981941223,-0.5002044439315796,0.5978228449821472,-0.033955708146095276,0.019978148862719536,0,0.6266217231750488,-0.02763212099671364,0.4560618996620178,0.5306541919708252,-0.4819556772708893,0.4691554605960846,-0.5157693028450012,1
0.6260523200035095,-0.026860088109970093,0.44302618503570557,0.5227589011192322,-0.4910692572593689,0.4840420186519623,-0.5012757778167725,0.5978228449821472,-0.033955708146095276,0.019978148862719536,0,0.6268175840377808,-0.027823857963085175,0.45364463329315186,0.5303162932395935,-0.48216161131858826,0.46950557827949524,-0.5156057476997375,1
0.6263749599456787,-0.02701752632856369,0.443367600440979,0.5232800841331482,-0.49044349789619446,0.48302358388900757,-0.5023258328437805,0.5978228449821472,-0.033955708146095276,0.019978148862719536,0,0.6270012855529785,-0.028012994676828384,0.45122867822647095,0.5299781560897827,-0.48236751556396484,0.4698551893234253,-0.5154421329498291,1
0.6266544461250305,-0.02716570720076561,0.4435117244720459,0.5237424373626709,-0.4898739159107208,0.48209235072135925,-0.5032933354377747,0.5978228449821472,-0.033955708146095276,0.019978148862719536,0,0.6271729469299316,-0.028199555352330208,0.4488130211830139,0.5296400785446167,-0.4825734794139862,0.47020524740219116,-0.5152778029441833,1
0.626911997795105,-0.02731171064078808,0.4434281289577484,0.52413409948349,-0.4893723130226135,0.48127105832099915,-0.5041589736938477,0.5978228449821472,-0.033955708146095276,0.019978148862719536,0,0.6273326277732849,-0.028383741155266762,0.4463987946510315,0.5293017625808716,-0.4827791452407837,0.4705549478530884,-0.5151135921478271,1
0.6271570920944214,-0.027458813041448593,0.4431173801422119,0.5244538187980652,-0.48893940448760986,0.4805622398853302,-0.5049221515655518,0.5978228449821472,-0.033955708146095276,0.019978148862719536,0,0.627480149269104,-0.028565101325511932,0.44398558139801025,0.5289633274078369,-0.48298460245132446,0.4709044098854065,-0.5149490833282471,1
0.6273934245109558,-0.02760929986834526,0.44259265065193176,0.5247052907943726,-0.48857107758522034,0.4799611568450928,-0.5055885314941406,0.5978228449821472,-0.033955708146095276,0.019978148862719536,0,0.6276155114173889,-0.028743837028741837,0.4415738880634308,0.5286250710487366,-0.48319002985954285,0.47125372290611267,-0.5147842168807983,1
0.6276230216026306,-0.027762839570641518,0.44187071919441223,0.5248936414718628,-0.48826339840888977,0.47945985198020935,-0.5061655640602112,0.5978228449821472,-0.033955708146095276,0.019978148862719536,0,0.6277389526367188,-0.02891990728676319,0.4391634464263916,0.5282867550849915,-0.4833952486515045,0.4716026782989502,-0.5146192312240601,1
0.6278457045555115,-0.027919922024011612,0.4409703314304352,0.5250252485275269,-0.4880097210407257,0.47904932498931885,-0.5066622495651245,0.5978228449821472,-0.033955708146095276,0.019978148862719536,0,0.627850353717804,-0.029093343764543533,0.4367539882659912,0.5279481410980225,-0.4836004972457886,0.47195178270339966,-0.5144538879394531,1
0.6280611157417297,-0.02807954140007496,0.439909964799881,0.5251057744026184,-0.48780521750450134,0.4787203371524811,-0.5070865750312805,0.5978228449821472,-0.033955708146095276,0.019978148862719536,0,0.6279497146606445,-0.029264181852340698,0.4343463182449341,0.5276097655296326,-0.48380544781684875,0.47230038046836853,-0.5142882466316223,1
0.6282686591148376,-0.028241723775863647,0.43870553374290466,0.5251403450965881,-0.48764440417289734,0.47846463322639465,-0.5074465870857239,0.5978228449821472,-0.033955708146095276,0.019978148862719536,0,0.6280368566513062,-0.029432576149702072,0.43194007873535156,0.5272712707519531,-0.4840102195739746,0.47264915704727173,-0.5141223669052124,1
0.6284675598144531,-0.028405165299773216,0.4373725354671478,0.5251343250274658,-0.48752325773239136,0.47827452421188354,-0.5077483057975769,0.5978228449821472,-0.033955708146095276,0.019978148862719536,0,0.628112256526947,-0.029598113149404526,0.4295350909233093,0.526932418346405,-0.4842150807380676,0.472997784614563,-0.5139562487602234,1
0.6286571025848389,-0.02857016772031784,0.4359245300292969,0.5250920057296753,-0.4874371886253357,0.47814270853996277,-0.5079987645149231,0.5978228449821472,-0.033955708146095276,0.019978148862719536,0,0.6281755566596985,-0.029760949313640594,0.4271318316459656,0.5265937447547913,-0.48441970348358154,0.47334590554237366,-0.5137898921966553,1
0.6288366317749023,-0.028735678642988205,0.43437421321868896,0.5250172019004822,-0.4873825013637543,0.4780631363391876,-0.508203387260437,0.5978228449821472,-0.033955708146095276,0.019978148862719536,0,0.6282269358634949,-0.029921146109700203,0.4247303605079651,0.5262549519538879,-0.4846244156360626,0.4736941158771515,-0.513623058795929,1
0.6290056705474854,-0.028901252895593643,0.4327322244644165,0.5249135494232178,-0.4873557388782501,0.47803014516830444,-0.508367121219635,0.5978228449821472,-0.033955708146095276,0.019978148862719536,0,0.6282662153244019,-0.03007867932319641,0.42233067750930786,0.5259162187576294,-0.4848286807537079,0.4740421772003174,-0.5134562253952026,1
0.6291635036468506,-0.0290667787194252,0.43100881576538086,0.5247842073440552,-0.48735401034355164,0.4780386686325073,-0.5084943771362305,0.5978228449821472,-0.033955708146095276,0.019978148862719536,0,0.6282937526702881,-0.030233528465032578,0.41993260383605957,0.5255773663520813,-0.4850331246852875,0.47439002990722656,-0.5132887959480286,1
0.6293097138404846,-0.029231928288936615,0.429212749004364,0.5246316194534302,-0.4873746335506439,0.47808414697647095,-0.5085892677307129,0.5978228449821472,-0.033955708146095276,0.019978148862719536,0,0.6283091902732849,-0.030385935679078102,0.4175364077091217,0.5252382755279541,-0.4852373003959656,0.47473806142807007,-0.5131211280822754,1
0.6294437646865845,-0.029396094381809235,0.42735224962234497,0.5244590044021606,-0.4874149560928345,0.4781624972820282,-0.5086551308631897,0.5978228449821472,-0.033955708146095276,0.019978148862719536,0,0.6283125877380371,-0.030535418540239334,0.41514262557029724,0.5248992443084717,-0.4854412376880646,0.4750853478908539,-0.5129536390304565,1
0.6295656561851501,-0.02955923229455948,0.42543402314186096,0.524267852306366,-0.4874732494354248,0.478270024061203,-0.508695125579834,0.5978228449821472,-0.033955708146095276,0.019978148862719536,0,0.6283041834831238,-0.03068220242857933,0.41275039315223694,0.5245603322982788,-0.4856451451778412,0.47543278336524963,-0.5127853751182556,1
0.6296748518943787,-0.029720798134803772,0.42346465587615967,0.5240607261657715,-0.48754703998565674,0.4784037470817566,-0.5087120532989502,0.5978228449821472,-0.033955708146095276,0.019978148862719536,0,0.6282840967178345,-0.03082628920674324,0.4103604555130005,0.5242212414741516,-0.4858488440513611,0.47577986121177673,-0.5126172304153442,1
0.6297711133956909,-0.029880931600928307,0.4214499294757843,0.5238389372825623,-0.4876349866390228,0.47856077551841736,-0.5087085366249084,0.5978228449821472,-0.033955708146095276,0.019978148862719536,0,0.6282520294189453,-0.030967721715569496,0.40797263383865356,0.5238820910453796,-0.48605260252952576,0.4761268198490143,-0.5124486684799194,1
0.6298545002937317,-0.030039388686418533,0.41939494013786316,0.5236043930053711,-0.48773524165153503,0.47873830795288086,-0.5086867809295654,0.5978228449821472,-0.033955708146095276,0.019978148862719536,0,0.6282079815864563,-0.03110640123486519,0.40558695793151855,0.5235430598258972,-0.4862560033798218,0.4764736294746399,-0.512279748916626,1
0.6299244165420532,-0.030195875093340874,0.41730445623397827,0.5233583450317383,-0.4878467619419098,0.47893422842025757,-0.5086486339569092,0.5978228449821472,-0.033955708146095276,0.019978148862719536,0,0.628152072429657,-0.031242605298757553,0.4032037854194641,0.5232037305831909,-0.48645922541618347,0.4768202602863312,-0.5121109485626221,1
0.6299813985824585,-0.030350126326084137,0.41518211364746094,0.5231021642684937,-0.4879682660102844,0.47914642095565796,-0.5085958242416382,0.5978228449821472,-0.033955708146095276,0.019978148862719536,0,0.6280843615531921,-0.03137584030628204,0.4008226692676544,0.5228644609451294,-0.48666253685951233,0.4771668016910553,-0.5119414329528809,1
0.6300249695777893,-0.03050234168767929,0.4130316376686096,0.5228366255760193,-0.4880985915660858,0.47937339544296265,-0.5085300207138062,0.5978228449821472,-0.033955708146095276,0.019978148862719536,0,0.6280049085617065,-0.03150639683008194,0.39844387769699097,0.5225250720977783,-0.4868658781051636,0.47751322388648987,-0.5117716789245605,1
0.6300551891326904,-0.030652310699224472,0.41085684299468994,0.522563099861145,-0.4882363975048065,0.4796130359172821,-0.508452832698822,0.5978228449821472,-0.033955708146095276,0.019978148862719536,0,0.6279136538505554,-0.03163420036435127,0.39606767892837524,0.5221855640411377,-0.48706892132759094,0.4778594672679901,-0.5116017460823059,1
0.6300719976425171,-0.030800003558397293,0.40865981578826904,0.5222823023796082,-0.4883812367916107,0.4798643887042999,-0.5083649754524231,0.5978228449821472,-0.033955708146095276,0.019978148862719536,0,0.6278104782104492,-0.03175927698612213,0.39369434118270874,0.5218460559844971,-0.4872719645500183,0.47820544242858887,-0.5114315748214722,1
0.6300754547119141,-0.03094509430229664,0.40644440054893494,0.5219951272010803,-0.48853227496147156,0.4801255762577057,-0.5082682967185974,0.5978228449821472,-0.033955708146095276,0.019978148862719536,0,0.6276957392692566,-0.03188160061836243,0.391323447227478,0.5215067267417908,-0.48747462034225464,0.47855111956596375,-0.5112611651420593,1
0.6300655007362366,-0.031087692826986313,0.40421199798583984,0.521702229976654,-0.48868873715400696,0.4803958237171173,-0.5081632137298584,0.5978228449821472,-0.033955708146095276,0.019978148862719536,0,0.627569317817688,-0.032001204788684845,0.38895493745803833,0.5211670994758606,-0.48767727613449097,0.4788971245288849,-0.5110901594161987,1
0.6300424337387085,-0.03122774139046669,0.40196481347084045,0.5214040875434875,-0.48885005712509155,0.48067396879196167,-0.5080510973930359,0.5978228449821472,-0.033955708146095276,0.019978148862719536,0,0.6274310946464539,-0.03211834281682968,0.3865894675254822,0.5208275318145752,-0.4878796637058258,0.4792425334453583,-0.510919451713562,1
0.6300060153007507,-0.03136526048183441,0.39970463514328003,0.5211012363433838,-0.48901572823524475,0.4809596836566925,-0.5079317688941956,0.5978228449821472,-0.033955708146095276,0.019978148862719536,0,0.6272810697555542,-0.03223244845867157,0.3842267394065857,0.5204877257347107,-0.48808223009109497,0.4795879125595093,-0.5107480883598328,1
0.6299564242362976,-0.031500015407800674,0.39743366837501526,0.520794689655304,-0.4891851544380188,0.4812512993812561,-0.5078069567680359,0.5978228449821472,-0.033955708146095276,0.019978148862719536,0,0.6271193027496338,-0.03234377130866051,0.3818671405315399,0.5201481580734253,-0.4882843494415283,0.4799330532550812,-0.5105767250061035,1
0.6298936605453491,-0.031631965190172195,0.39515307545661926,0.520484447479248,-0.48935800790786743,0.481548547744751,-0.5076766014099121,0.5978228449821472,-0.033955708146095276,0.019978148862719536,0,0.6269460916519165,-0.032452378422021866,0.3795103430747986,0.5198084115982056,-0.48848652839660645,0.4802778661251068,-0.5104050040245056,1
0.6298177242279053,-0.031761378049850464,0.3928644061088562,0.5201706886291504,-0.489533931016922,0.48185086250305176,-0.5075417160987854,0.5978228449821472,-0.033955708146095276,0.019978148862719536,0,0.6267611384391785,-0.03255821764469147,0.3771560788154602,0.5194684267044067,-0.4886886477470398,0.48062294721603394,-0.5102328062057495,1
0.6297290921211243,-0.031888097524642944,0.3905682861804962,0.5198540687561035,-0.48971256613731384,0.48215776681900024,-0.5074024796485901,0.5978228449821472,-0.033955708146095276,0.019978148862719536,0,0.6265643835067749,-0.03266126662492752,0.3748055100440979,0.5191287398338318,-0.4888903796672821,0.4809674620628357,-0.5100604891777039,1
0.6296272873878479,-0.03201201930642128,0.3882668614387512,0.5195348858833313,-0.4898931682109833,0.4824683368206024,-0.5072596073150635,0.5978228449821472,-0.033955708146095276,0.019978148862719536,0,0.626356303691864,-0.03276178613305092,0.37245774269104004,0.5187886357307434,-0.48909232020378113,0.4813120663166046,-0.5098879337310791,1
0.6295126080513,-0.03213295340538025,0.3859606683254242,0.5192137360572815,-0.4900760054588318,0.4827820062637329,-0.5071133375167847,0.5978228449821472,-0.033955708146095276,0.019978148862719536,0,0.6261365413665771,-0.03285934776067734,0.37011319398880005,0.5184487104415894,-0.48929381370544434,0.4816564619541168,-0.5097151398658752,1
0.6293852925300598,-0.032251402735710144,0.3836500942707062,0.5188902020454407,-0.49026069045066833,0.4830993115901947,-0.5069639086723328,0.5978228449821472,-0.033955708146095276,0.019978148862719536,0,0.6259050965309143,-0.03295407444238663,0.36777210235595703,0.5181086659431458,-0.4894953966140747,0.48200052976608276,-0.5095419883728027,1
0.6292452812194824,-0.032366931438446045,0.3813368082046509,0.5185649394989014,-0.49044686555862427,0.48341861367225647,-0.5068120956420898,0.5978228449821472,-0.033955708146095276,0.019978148862719536,0,0.6256622672080994,-0.03304605558514595,0.3654341995716095,0.5177686214447021,-0.4896968603134155,0.48234444856643677,-0.5093685984611511,1
0.6290926933288574,-0.03247973322868347,0.3790208101272583,0.5182380080223083,-0.4906345307826996,0.4837406575679779,-0.506657600402832,0.5978228449821472,-0.033955708146095276,0.019978148862719536,0,0.625407874584198,-0.03313523530960083,0.36309975385665894,0.5174285173416138,-0.48989805579185486,0.4826885163784027,-0.5091948509216309,1
0.6289275288581848,-0.03258956968784332,0.37670326232910156,0.5179098844528198,-0.4908233880996704,0.48406437039375305,-0.5065011382102966,0.5978228449821472,-0.033955708146095276,0.019978148862719536,0,0.6251420378684998,-0.033221688121557236,0.36076879501342773,0.5170883536338806,-0.4900991916656494,0.4830320179462433,-0.509020984172821,1
0.6287498474121094,-0.032696682959795,0.3743842542171478,0.5175801515579224,-0.4910133481025696,0.4843902587890625,-0.506342351436615,0.5978228449821472,-0.033955708146095276,0.019978148862719536,0,0.6248647570610046,-0.03330552205443382,0.3584411144256592,0.5167481899261475,-0.49030011892318726,0.483375608921051,-0.5088467597961426,1
0.6285600662231445,-0.032800931483507156,0.3720646798610687,0.5172495245933533,-0.49120405316352844,0.48471763730049133,-0.506182074546814,0.5978228449821472,-0.033955708146095276,0.019978148862719536,0,0.6245759129524231,-0.033386342227458954,0.3561175465583801,0.5164079070091248,-0.49050092697143555,0.4837189316749573,-0.5086725354194641,1
0.6283575296401978,-0.03290240839123726,0.36974507570266724,0.5169178247451782,-0.4913956820964813,0.48504626750946045,-0.5060200691223145,0.5978228449821472,-0.033955708146095276,0.019978148862719536,0,0.6242756247520447,-0.033464353531599045,0.35379719734191895,0.5160675644874573,-0.49070173501968384,0.4840618968009949,-0.5084977746009827,1
0.6281430721282959,-0.03300103545188904,0.3674253225326538,0.5165849924087524,-0.4915880858898163,0.4853762984275818,-0.5058565139770508,0.5978228449821472,-0.033955708146095276,0.019978148862719536,0,0.6239640712738037,-0.03353961184620857,0.3514804244041443,0.5157271027565002,-0.4909023344516754,0.4844050705432892,-0.5083227157592773,1
0.6279162764549255,-0.033096715807914734,0.36510658264160156,0.5162517428398132,-0.491781085729599,0.4857071340084076,-0.5056917071342468,0.5978228449821472,-0.033955708146095276,0.019978148862719536,0,0.6236412525177002,-0.03361206874251366,0.3491676151752472,0.5153868198394775,-0.49110284447669983,0.48474782705307007,-0.5081475377082825,1
0.6276774406433105,-0.033189523965120316,0.3627886474132538,0.5159173607826233,-0.49197474122047424,0.48603904247283936,-0.5055256485939026,0.5978228449821472,-0.033955708146095276,0.019978148862719536,0,0.6233068108558655,-0.033681660890579224,0.3468586206436157,0.5150463581085205,-0.491303414106369,0.4850906431674957,-0.5079717040061951,1
0.6274265050888062,-0.033279623836278915,0.36047226190567017,0.5155825018882751,-0.4921685755252838,0.48637160658836365,-0.5053585767745972,0.5978228449821472,-0.033955708146095276,0.019978148862719536,0,0.622961163520813,-0.03374871984124184,0.3445538878440857,0.5147058367729187,-0.49150335788726807,0.48543307185173035,-0.5077962875366211,1
0.6271637082099915,-0.03336687013506889,0.35815751552581787,0.5152470469474792,-0.4923628866672516,0.4867047667503357,-0.5051906704902649,0.5978228449821472,-0.033955708146095276,0.019978148862719536,0,0.6226040720939636,-0.03381270542740822,0.3422526717185974,0.5143650770187378,-0.49170374870300293,0.48577553033828735,-0.5076199769973755,1
0.6268888711929321,-0.033451516181230545,0.35584455728530884,0.5149110555648804,-0.49255749583244324,0.48703861236572266,-0.5050217509269714,0.5978228449821472,-0.033955708146095276,0.019978148862719536,0,0.6222359538078308,-0.03387390449643135,0.339955598115921,0.5140246152877808,-0.49190378189086914,0.4861176609992981,-0.5074436068534851,1
0.626602292060852,-0.0335330069065094,0.3535338342189789,0.5145747065544128,-0.49275246262550354,0.4873729348182678,-0.5048518776893616,0.5978228449821472,-0.033955708146095276,0.019978148862719536,0,0.6218565702438354,-0.033932290971279144,0.3376626968383789,0.5136838555335999,-0.49210360646247864,0.4864597022533417,-0.5072669982910156,1
0.6263039708137512,-0.03361186385154724,0.35122546553611755,0.5142378807067871,-0.49294742941856384,0.4877074360847473,-0.5046816468238831,0.5978228449821472,-0.033955708146095276,0.019978148862719536,0,0.621465802192688,-0.03398789465427399,0.33537405729293823,0.513343334197998,-0.4923033118247986,0.48680123686790466,-0.5070903897285461,1
0.6259938478469849,-0.03368758782744408,0.3489198684692383,0.513900876045227,-0.49314266443252563,0.4880421757698059,-0.5045105218887329,0.5978228449821472,-0.033955708146095276,0.019978148862719536,0,0.6210639476776123,-0.03404064476490021,0.33308953046798706,0.5130026340484619,-0.4925028681755066,0.4871428310871124,-0.5069131255149841,1
0.6256717443466187,-0.03376065194606781,0.34661710262298584,0.5135633945465088,-0.49333810806274414,0.4883774220943451,-0.5043388605117798,0.5978228449821472,-0.033955708146095276,0.019978148862719536,0,0.6206509470939636,-0.0340907946228981,0.3308091163635254,0.5126617550849915,-0.4927022457122803,0.4874844551086426,-0.5067359209060669,1
0.6253383159637451,-0.0338309109210968,0.3443170487880707,0.5132255554199219,-0.4935336709022522,0.4887128174304962,-0.5041663646697998,0.5978228449821472,-0.033955708146095276,0.019978148862719536,0,0.6202268004417419,-0.03413794934749603,0.32853320240974426,0.5123209953308105,-0.49290165305137634,0.48782578110694885,-0.5065581798553467,1
0.6249932050704956,-0.033898547291755676,0.34202030301094055,0.5128873586654663,-0.4937290549278259,0.48904862999916077,-0.503993570804596,0.5978228449821472,-0.033955708146095276,0.019978148862719536,0,0.6197914481163025,-0.03418222814798355,0.3262617588043213,0.5119801163673401,-0.49310097098350525,0.48816683888435364,-0.5063802599906921,1
0.6246366500854492,-0.03396309167146683,0.33972713351249695,0.5125492215156555,-0.4939245879650116,0.48938411474227905,-0.5038204193115234,0.5978228449821472,-0.033955708146095276,0.019978148862719536,0,0.6193451285362244,-0.03422372788190842,0.3239946663379669,0.5116389989852905,-0.49330008029937744,0.48850786685943604,-0.506201982498169,1
0.6242685914039612,-0.034024737775325775,0.33743709325790405,0.5122108459472656,-0.4941202402114868,0.4897199273109436,-0.5036463141441345,0.5978228449821472,-0.033955708146095276,0.019978148862719536,0,0.6188876628875732,-0.034262366592884064,0.32173216342926025,0.5112980604171753,-0.49349918961524963,0.48884883522987366,-0.5060233473777771,1
0.6238889694213867,-0.03408380225300789,0.33515089750289917,0.5118720531463623,-0.49431583285331726,0.4900556206703186,-0.5034722089767456,0.5978228449821472,-0.033955708146095276,0.019978148862719536,0,0.6184192895889282,-0.03429819643497467,0.31947410106658936,0.5109570026397705,-0.4936981797218323,0.48918941617012024,-0.5058445930480957,1
0.6234980821609497,-0.034139782190322876,0.33286839723587036,0.511533260345459,-0.4945114850997925,0.49039116501808167,-0.5032975673675537,0.5978228449821472,-0.033955708146095276,0.019978148862719536,0,0.6179397702217102,-0.034331370145082474,0.3172209858894348,0.510615885257721,-0.4938966631889343,0.48952996730804443,-0.5056657195091248,1
0.623095691204071,-0.03419310599565506,0.3305897116661072,0.5111942887306213,-0.49470704793930054,0.4907269775867462,-0.5031224489212036,0.5978228449821472,-0.033955708146095276,0.019978148862719536,0,0.6174495220184326,-0.0343615785241127,0.314972460269928,0.5102748274803162,-0.49409523606300354,0.4898701310157776,-0.5054864287376404,1
0.6226823329925537,-0.03424343839287758,0.32831501960754395,0.5108551979064941,-0.49490249156951904,0.49106258153915405,-0.502947211265564,0.5978228449821472,-0.033955708146095276,0.019978148862719536,0,0.616948127746582,-0.03438890352845192,0.31272855401039124,0.5099335312843323,-0.49429377913475037,0.4902104437351227,-0.5053068995475769,1
0.62225741147995,-0.03429108113050461,0.3260444402694702,0.5105161070823669,-0.495097815990448,0.4913981854915619,-0.5027713775634766,0.5978228449821472,-0.033955708146095276,0.019978148862719536,0,0.6164359450340271,-0.0344134122133255,0.31048980355262756,0.5095925331115723,-0.4944920539855957,0.49055016040802,-0.5051271915435791,1
0.6218212246894836,-0.034335874021053314,0.32377830147743225,0.510176956653595,-0.49529314041137695,0.4917336106300354,-0.5025955438613892,0.5978228449821472,-0.033955708146095276,0.019978148862719536,0,0.6159128546714783,-0.03443509712815285,0.30825597047805786,0.5092512965202332,-0.49469032883644104,0.49088993668556213,-0.5049471259117126,1
0.6213740110397339,-0.034377895295619965,0.3215162754058838,0.5098376870155334,-0.4954882860183716,0.4920687973499298,-0.5024192929267883,0.5978228449821472,-0.033955708146095276,0.019978148862719536,0,0.6153789758682251,-0.03445392847061157,0.30602675676345825,0.5089100003242493,-0.49488842487335205,0.4912296235561371,-0.5047667622566223,1
0.6209157705307007,-0.0344168059527874,0.3192583918571472,0.5094981789588928,-0.49568355083465576,0.49240410327911377,-0.5022426247596741,0.5978228449821472,-0.033955708146095276,0.019978148862719536,0,0.6148340106010437,-0.03447014093399048,0.303803026676178,0.5085686445236206,-0.4950862526893616,0.4915688633918762,-0.5045864582061768,1
0.6204461455345154,-0.03445311263203621,0.31700533628463745,0.509158730506897,-0.4958784878253937,0.49273911118507385,-0.5020656585693359,0.5978228449821472,-0.033955708146095276,0.019978148862719536,0,0.6142784357070923,-0.034483328461647034,0.30158400535583496,0.5082272887229919,-0.49528416991233826,0.4919082224369049,-0.5044054388999939,1
0.6199657917022705,-0.03448660671710968,0.31475672125816345,0.5088191628456116,-0.49607351422309875,0.4930739402770996,-0.501888632774353,0.5978228449821472,-0.033955708146095276,0.019978148862719536,0,0.6137121915817261,-0.034493669867515564,0.29937034845352173,0.5078859329223633,-0.49548181891441345,0.4922473132610321,-0.504224419593811,1
0.6194739937782288,-0.034517183899879456,0.3125128149986267,0.5084794759750366,-0.49626824259757996,0.4934089481830597,-0.5017110705375671,0.5978228449821472,-0.033955708146095276,0.019978148862719536,0,0.6131352186203003,-0.03450113162398338,0.29716137051582336,0.507544219493866,-0.4956796169281006,0.4925864040851593,-0.5040426850318909,1
0.6189714670181274,-0.03454498201608658,0.31027382612228394,0.5081399083137512,-0.4964628517627716,0.4937434196472168,-0.501533567905426,0.5978228449821472,-0.033955708146095276,0.019978148862719536,0,0.6125476360321045,-0.034505825489759445,0.2949579358100891,0.507202684879303,-0.495877206325531,0.49292516708374023,-0.5038608908653259,1
0.6184579730033875,-0.03456996753811836,0.30803948640823364,0.5078003406524658,-0.49665725231170654,0.4940776526927948,-0.501355767250061,0.5978228449821472,-0.033955708146095276,0.019978148862719536,0,0.6119492053985596,-0.0345076322555542,0.29276031255722046,0.5068613290786743,-0.49607428908348083,0.49326375126838684,-0.5036791563034058,1
0.6179335713386536,-0.03459206968545914,0.30580997467041016,0.5074606537818909,-0.4968516528606415,0.494411826133728,-0.5011774897575378,0.5978228449821472,-0.033955708146095276,0.019978148862719536,0,0.6113401055335999,-0.034506626427173615,0.2905675768852234,0.506519615650177,-0.49627164006233215,0.4936021566390991,-0.5034968256950378,1
0.6173983812332153,-0.034611381590366364,0.3035857379436493,0.5071211457252502,-0.4970456659793854,0.4947456419467926,-0.5009995102882385,0.5978228449821472,-0.033955708146095276,0.019978148862719536,0,0.6107206344604492,-0.034503012895584106,0.2883804738521576,0.5061780214309692,-0.4964684844017029,0.4939405024051666,-0.5033145546913147,1
0.616852343082428,-0.03462788462638855,0.30136626958847046,0.5067813396453857,-0.49723976850509644,0.4950794577598572,-0.5008208751678467,0.5978228449821472,-0.033955708146095276,0.019978148862719536,0,0.6100905537605286,-0.03449635952711105,0.2861987054347992,0.5058363676071167,-0.4966655671596527,0.49427855014801025,-0.5031318068504333,1
0.6162953972816467,-0.03464148938655853,0.29915207624435425,0.5064415335655212,-0.49743378162384033,0.4954128861427307,-0.5006422400474548,0.5978228449821472,-0.033955708146095276,0.019978148862719536,0,0.6094500422477722,-0.03448687121272087,0.2840227484703064,0.5054946541786194,-0.49686238169670105,0.49461624026298523,-0.5029488801956177,1
0.615727961063385,-0.034652333706617355,0.2969427704811096,0.5061017274856567,-0.49762746691703796,0.49574628472328186,-0.5004632472991943,0.5978228449821472,-0.033955708146095276,0.019978148862719536,0,0.6087989211082458,-0.03447451815009117,0.2818524241447449,0.5051530599594116,-0.4970588982105255,0.4949539601802826,-0.5027657747268677,1
0.6151495575904846,-0.03466027230024338,0.2947390079498291,0.5057620406150818,-0.4978210926055908,0.49607932567596436,-0.5002840161323547,0.5978228449821472,-0.033955708146095276,0.019978148862719536,0,0.6081373691558838,-0.03445934131741524,0.2796874940395355,0.5048111081123352,-0.4972556531429291,0.49529150128364563,-0.5025820732116699,1
0.6145607233047485,-0.034665487706661224,0.2925403118133545,0.5054222941398621,-0.49801456928253174,0.4964122474193573,-0.500104546546936,0.5978228449821472,-0.033955708146095276,0.019978148862719536,0,0.607465386390686,-0.03444135934114456,0.2775285542011261,0.5044694542884827,-0.497452050447464,0.49562883377075195,-0.5023982524871826,1
0.6139610409736633,-0.034667760133743286,0.29034727811813354,0.5050824880599976,-0.49820780754089355,0.4967450201511383,-0.4999249279499054,0.5978228449821472,-0.033955708146095276,0.019978148862719536,0,0.6067829728126526,-0.03442072123289108,0.27537500858306885,0.5041272640228271,-0.49764832854270935,0.495966374874115,-0.5022141337394714,1
0.6133508682250977,-0.03466728702187538,0.28815963864326477,0.5047428011894226,-0.4984009265899658,0.4970773458480835,-0.4997451901435852,0.5978228449821472,-0.033955708146095276,0.019978148862719536,0,0.606090247631073,-0.034397028386592865,0.27322784066200256,0.5037854313850403,-0.49784451723098755,0.4963032305240631,-0.5020299553871155,1
0.6127300262451172,-0.034663937985897064,0.28597772121429443,0.5044031143188477,-0.49859383702278137,0.497409462928772,-0.4995653033256531,0.5978228449821472,-0.033955708146095276,0.019978148862719536,0,0.6053873300552368,-0.0343705378472805,0.27108633518218994,0.5034435391426086,-0.49804064631462097,0.4966401755809784,-0.5018451809883118,1
0.6120988130569458,-0.03465782850980759,0.28380087018013,0.5040631294250488,-0.4987867474555969,0.4977415204048157,-0.4993850886821747,0.5978228449821472,-0.033955708146095276,0.019978148862719536,0,0.6046739220619202,-0.03434118628501892,0.26895076036453247,0.5031013488769531,-0.49823665618896484,0.4969770312309265,-0.5016603469848633,1
0.6114569902420044,-0.03464888781309128,0.2816299796104431,0.5037233829498291,-0.498979389667511,0.4980732202529907,-0.4992046654224396,0.5978228449821472,-0.033955708146095276,0.019978148862719536,0,0.6039505004882812,-0.03430905193090439,0.2668212056159973,0.5027593970298767,-0.4984323978424072,0.497313529253006,-0.5014750957489014,1
0.6108049154281616,-0.03463711589574814,0.2794649004936218,0.5033837556838989,-0.49917173385620117,0.4984045922756195,-0.4990241229534149,0.5978228449821472,-0.033955708146095276,0.019978148862719536,0,0.6032167673110962,-0.034274034202098846,0.2646980583667755,0.5024175047874451,-0.49862802028656006,0.497649610042572,-0.5012898445129395,1
0.6101423501968384,-0.034622758626937866,0.2773053050041199,0.5030438303947449,-0.4993640184402466,0.4987362325191498,-0.49884337186813354,0.5978228449821472,-0.033955708146095276,0.019978148862719536,0,0.6024729013442993,-0.03423645719885826,0.26258063316345215,0.5020751357078552,-0.4988235831260681,0.4979860484600067,-0.5011042952537537,1
0.6094693541526794,-0.03460538387298584,0.27515164017677307,0.5027040839195251,-0.4995560348033905,0.49906718730926514,-0.49866247177124023,0.5978228449821472,-0.033955708146095276,0.019978148862719536,0,0.6017189621925354,-0.03419584408402443,0.2604697346687317,0.501733124256134,-0.49901890754699707,0.49832192063331604,-0.5009183883666992,1
0.6087860465049744,-0.03458515182137489,0.2730041444301605,0.5023645758628845,-0.4997479021549225,0.4993976652622223,-0.49848154187202454,0.5978228449821472,-0.033955708146095276,0.019978148862719536,0,0.6009548902511597,-0.03415239229798317,0.2583646774291992,0.5013907551765442,-0.49921420216560364,0.498657763004303,-0.5007322430610657,1
0.6080923080444336,-0.03456208109855652,0.27086225152015686,0.5020246505737305,-0.49993979930877686,0.49972814321517944,-0.49830034375190735,0.5978228449821472,-0.033955708146095276,0.019978148862719536,0,0.6001808047294617,-0.034106068313121796,0.25626665353775024,0.501048743724823,-0.49940934777259827,0.4989930987358093,-0.5005460381507874,1
0.6073885560035706,-0.03453623130917549,0.2687264382839203,0.5016849637031555,-0.500131368637085,0.5000584125518799,-0.4981188178062439,0.5978228449821472,-0.033955708146095276,0.019978148862719536,0,0.5993967056274414,-0.03405700996518135,0.2541745603084564,0.5007064938545227,-0.49960434436798096,0.49932870268821716,-0.500359058380127,1
0.6066744327545166,-0.03450755029916763,0.26659706234931946,0.5013453364372253,-0.5003227591514587,0.5003883838653564,-0.49793708324432373,0.5978228449821472,-0.033955708146095276,0.019978148862719536,0,0.5986025333404541,-0.034005068242549896,0.25208860635757446,0.5003640055656433,-0.49979937076568604,0.49966418743133545,-0.5001721382141113,1
0.605950117111206,-0.034476328641176224,0.2644733190536499,0.5010053515434265,-0.5005139708518982,0.5007184147834778,-0.4977552890777588,0.5978228449821472,-0.033955708146095276,0.019978148862719536,0,0.5977984666824341,-0.033950578421354294,0.2500094771385193,0.5000216960906982,-0.49999403953552246,0.49999943375587463,-0.4999848008155823,1
0.6052157282829285,-0.03444201871752739,0.26235586404800415,0.5006658434867859,-0.5007050633430481,0.5010480284690857,-0.4975731372833252,0.5978228449821472,-0.033955708146095276,0.019978148862719536,1,0.6052157282829285,-0.03444201871752739,0.26235586404800415,0.5006658434867859,-0.5007050633430481,0.5010480284690857,-0.4975731372833252,0
0.6049566864967346,-0.0344136506319046,0.2608664035797119,0.5002129077911377,-0.501124382019043,0.5017518401145935,-0.496896892786026,0.5978228449821472,-0.033955708146095276,0.019978148862719536,1,0.6052157282829285,-0.03444201871752739,0.26235586404800415,0.5006658434867859,-0.5007050633430481,0.5010480284690857,-0.4975731372833252,0
0.6049942970275879,-0.03442371264100075,0.2599955201148987,0.499877005815506,-0.5014548897743225,0.5023013949394226,-0.49634575843811035,0.5978228449821472,-0.033955708146095276,0.019978148862719536,1,0.6052157282829285,-0.03444201871752739,0.26235586404800415,0.5006658434867859,-0.5007050633430481,0.5010480284690857,-0.4975731372833252,0
0.605049192905426,-0.034440722316503525,0.25938498973846436,0.4996468424797058,-0.5016784071922302,0.5026782751083374,-0.4959699213504791,0.5978228449821472,-0.033955708146095276,0.019978148862719536,1,0.6052157282829285,-0.03444201871752739,0.26235586404800415,0.5006658434867859,-0.5007050633430481,0.5010480284690857,-0.4975731372833252,0
0.6050986647605896,-0.03445476293563843,0.2589053511619568,0.49946799874305725,-0.5018528699874878,0.5029711723327637,-0.4956766664981842,0.5978228449821472,-0.033955708146095276,0.019978148862719536,1,0.6052157282829285,-0.03444201871752739,0.26235586404800415,0.5006658434867859,-0.5007050633430481,0.5010480284690857,-0.4975731372833252,0
0.6051425933837891,-0.03446541354060173,0.25850382447242737,0.49931925535202026,-0.5019989013671875,0.5032148957252502,-0.4954312741756439,0.5978228449821472,-0.033955708146095276,0.019978148862719536,1,0.6052157282829285,-0.03444201871752739,0.26235586404800415,0.5006658434867859,-0.5007050633430481,0.5010480284690857,-0.4975731372833252,0
0.6051815748214722,-0.0344739630818367,0.25815629959106445,0.49919113516807556,-0.5021253824234009,0.5034249424934387,-0.49521857500076294,0.5978228449821472,-0.033955708146095276,0.019978148862719536,1,0.6052157282829285,-0.03444201871752739,0.26235586404800415,0.5006658434867859,-0.5007050633430481,0.5010480284690857,-0.4975731372833252,0
0.6052168011665344,-0.03448524326086044,0.25785568356513977,0.4990762174129486,-0.5022361278533936,0.5036056637763977,-0.4950384497642517,0.5977529883384705,-0.033355168998241425,0.020269295200705528,1,0.6052157282829285,-0.03444201871752739,0.26235586404800415,0.5006658434867859,-0.5007050633430481,0.5010480284690857,-0.4975731372833252,0
0.6052480936050415,-0.03449307382106781,0.25758814811706543,0.4989772439002991,-0.5023327469825745,0.5037673115730286,-0.49487563967704773,0.5976559519767761,-0.033002376556396484,0.02033165842294693,1,0.6052480936050415,-0.03449307382106781,0.25758814811706543,0.4989772439002991,-0.5023327469825745,0.5037673115730286,-0.49487563967704773,0
0.6052730083465576,-0.03449106588959694,0.25710225105285645,0.498812735080719,-0.5024999380111694,0.504035472869873,-0.49459853768348694,0.5974763631820679,-0.03304903581738472,0.01988276280462742,1,0.6103026270866394,-0.034275393933057785,0.2647203207015991,0.5027480721473694,-0.5000424981117249,0.4998469650745392,-0.4973478615283966,0
0.6057195663452148,-0.03447681665420532,0.25693279504776,0.498832106590271,-0.5026039481163025,0.5041919350624084,-0.49431395530700684,0.5977093577384949,-0.03312060981988907,0.01979862153530121,1,0.6152223348617554,-0.034002020955085754,0.2719298303127289,0.5065115094184875,-0.497734397649765,0.4959039092063904,-0.499785840511322,0
0.6066009998321533,-0.03444811329245567,0.2572977840900421,0.4991438388824463,-0.5025409460067749,0.5040689706802368,-0.49418869614601135,0.5985232591629028,-0.03318379074335098,0.020131947472691536,1,0.62000572681427,-0.03367306664586067,0.2792147397994995,0.5102676153182983,-0.49540847539901733,0.49193787574768066,-0.5021898150444031,0
0.6078974604606628,-0.03440447151660919,0.25827351212501526,0.4997769296169281,-0.5022762417793274,0.503605306148529,-0.4942907392978668,0.6000720858573914,-0.03320753946900368,0.020941751077771187,1,0.6246510744094849,-0.033289700746536255,0.2865723967552185,0.5140161514282227,-0.4930642247200012,0.4879486858844757,-0.5045602917671204,0
0.6095739603042603,-0.03434477746486664,0.2598646581172943,0.5007262825965881,-0.5018051266670227,0.5027914643287659,-0.4946366250514984,0.6023499965667725,-0.033196572214365005,0.022261155769228935,1,0.6291566491127014,-0.03285207226872444,0.2939996123313904,0.5177565813064575,-0.49070248007774353,0.48393699526786804,-0.5068964958190918,0
0.6115881204605103,-0.03426738828420639,0.2620443105697632,0.5019717216491699,-0.501136302947998,0.5016422867774963,-0.4952189326286316,0.6052324771881104,-0.03315999358892441,0.024145934730768204,1,0.6335206627845764,-0.03236124664545059,0.3014943301677704,0.5214886665344238,-0.4883226454257965,0.4799030125141144,-0.5091990232467651,0
0.6138968467712402,-0.03416922315955162,0.2647714614868164,0.5034875273704529,-0.5002840161323547,0.5001822113990784,-0.49601805210113525,0.6086505055427551,-0.03309834375977516,0.026569360867142677,1,0.6377414464950562,-0.03181755542755127,0.3090534806251526,0.5252123475074768,-0.48592519760131836,0.47584646940231323,-0.5114672780036926,0
0.6164452433586121,-0.034044161438941956,0.26798126101493835,0.5052381157875061,-0.4992730915546417,0.4984529912471771,-0.4969964027404785,0.6125166416168213,-0.03300479054450989,0.029475869610905647,1,0.6418178081512451,-0.031222179532051086,0.31667470932006836,0.5289271473884583,-0.4835098087787628,0.47176745533943176,-0.5137019157409668,0
0.6191949844360352,-0.03388894349336624,0.2716245949268341,0.5071961283683777,-0.498121052980423,0.4964844584465027,-0.4981270432472229,0.6167680621147156,-0.03287463262677193,0.032823432236909866,1,0.6457479596138,-0.030575543642044067,0.32435449957847595,0.5326323509216309,-0.48107704520225525,0.4676669239997864,-0.5159023404121399,0
0.6221116781234741,-0.03370042145252228,0.2756626009941101,0.509338915348053,-0.49684178829193115,0.4943011701107025,-0.49938809871673584,0.6213508248329163,-0.03270438313484192,0.03657791018486023,1,0.649530291557312,-0.02987821400165558,0.3320907652378082,0.5363283157348633,-0.4786267578601837,0.46354421973228455,-0.5180686712265015,0
0.6251639723777771,-0.03347636014223099,0.2800593972206116,0.5116453170776367,-0.49544769525527954,0.4919242858886719,-0.500760555267334,0.6262162327766418,-0.03248424828052521,0.0407104417681694,1,0.6531639099121094,-0.029131490737199783,0.33988022804260254,0.5400143265724182,-0.4761589765548706,0.4593998193740845,-0.5202007293701172,0
0.6283227205276489,-0.033214472234249115,0.2847849130630493,0.5140975117683411,-0.4939488172531128,0.48937177658081055,-0.5022284984588623,0.6313203573226929,-0.032224420458078384,0.04519479721784592,1,0.6566472053527832,-0.028335675597190857,0.34772008657455444,0.5436905026435852,-0.47367385029792786,0.4552338421344757,-0.5222985148429871,0
0.6315616965293884,-0.03291292488574982,0.28981173038482666,0.5166791677474976,-0.4923543930053711,0.4866604208946228,-0.5037771463394165,0.636622965335846,-0.03191031888127327,0.050008028745651245,1,0.6599787473678589,-0.027492105960845947,0.35560745000839233,0.5473558902740479,-0.4711715579032898,0.45104673504829407,-0.5243620276451111,0
0.6348565220832825,-0.03256959468126297,0.29511532187461853,0.5193759799003601,-0.49067258834838867,0.4838041663169861,-0.505393385887146,0.6420875787734985,-0.03154636174440384,0.05512888357043266,1,0.6631576418876648,-0.02660115249454975,0.36353927850723267,0.5510104894638062,-0.46865203976631165,0.44683828949928284,-0.5263915657997131,0
0.6381852030754089,-0.0321829617023468,0.30067357420921326,0.522174596786499,-0.4889107346534729,0.4808160960674286,-0.5070658922195435,0.6476812362670898,-0.03113785944879055,0.06053740531206131,1,0.6661825180053711,-0.025664176791906357,0.3715132474899292,0.5546541810035706,-0.4661153554916382,0.44260889291763306,-0.5283867120742798,0
0.6415278315544128,-0.031751878559589386,0.3064661920070648,0.5250635147094727,-0.4870753586292267,0.4777073562145233,-0.5087842345237732,0.653373658657074,-0.030675005167722702,0.06621625274419785,1,0.6690521836280823,-0.024681825190782547,0.37952569127082825,0.5582863092422485,-0.46356168389320374,0.43835872411727905,-0.530347466468811,0
0.6448662877082825,-0.031275391578674316,0.31247517466545105,0.5280323028564453,-0.48517170548439026,0.4744883179664612,-0.5105398893356323,0.6591399908065796,-0.030116738751530647,0.07216553390026093,1,0.6717658638954163,-0.023654788732528687,0.387574166059494,0.5619071125984192,-0.4609909653663635,0.4340876042842865,-0.532274067401886,0
0.6481838822364807,-0.030751897022128105,0.3186827600002289,0.5310715436935425,-0.4832058548927307,0.4711681604385376,-0.5123237371444702,0.6649494767189026,-0.029550349339842796,0.07833941280841827,1,0.6743223667144775,-0.022584669291973114,0.3956553041934967,0.5655153393745422,-0.4584035575389862,0.42979636788368225,-0.5341662764549255,0
0.6514657735824585,-0.030181556940078735,0.3250746726989746,0.5341724753379822,-0.4811817705631256,0.46775490045547485,-0.5141295194625854,0.6707830429077148,-0.02892625704407692,0.0847376212477684,1,0.6767209768295288,-0.021471619606018066,0.4037667214870453,0.5691116452217102,-0.4557989835739136,0.425484836101532,-0.5360239744186401,0
0.6546986103057861,-0.0295635424554348,0.33163607120513916,0.5373277068138123,-0.47910383343696594,0.464256227016449,-0.5159501433372498,0.6766216158866882,-0.02823631465435028,0.09134438633918762,1,0.6789607405662537,-0.020317288115620613,0.4119044244289398,0.5726951360702515,-0.4531780481338501,0.4211532771587372,-0.5378472805023193,0
0.6578699946403503,-0.02889765426516533,0.33835360407829285,0.5405303239822388,-0.47697582840919495,0.46067866683006287,-0.5177800059318542,0.6824438571929932,-0.027480773627758026,0.09815362840890884,1,0.6810406446456909,-0.0191221684217453,0.4200665354728699,0.5762658715248108,-0.4505404531955719,0.41680142283439636,-0.5396364331245422,0
0.6609691381454468,-0.028183985501527786,0.3452158272266388,0.5437743663787842,-0.4748007357120514,0.45702770352363586,-0.5196144580841064,0.6882360577583313,-0.026668155565857887,0.10514843463897705,1,0.6829602718353271,-0.017887795343995094,0.42824941873550415,0.5798232555389404,-0.44788607954978943,0.4124300181865692,-0.5413911938667297,0
0.6639857292175293,-0.027422389015555382,0.352211058139801,0.5470539331436157,-0.472582072019577,0.45330920815467834,-0.5214489102363586,0.6940123438835144,-0.02570744790136814,0.11228691041469574,1,0.684718668460846,-0.016614651307463646,0.4364500641822815,0.5833669900894165,-0.44521546363830566,0.4080391824245453,-0.5431115627288818,0
0.6669113636016846,-0.026612846180796623,0.35932889580726624,0.5503644943237305,-0.47032180428504944,0.4495275020599365,-0.5232791900634766,0.6996818780899048,-0.024798493832349777,0.1196419820189476,1,0.6863152980804443,-0.015304284170269966,0.4446656107902527,0.5868968963623047,-0.4425283968448639,0.40362879633903503,-0.5447975993156433,0
0.6697371602058411,-0.025756096467375755,0.36655980348587036,0.5537011623382568,-0.46802327036857605,0.44568684697151184,-0.5251022577285767,0.7052789926528931,-0.023831000551581383,0.12715588510036469,1,0.6877495050430298,-0.013957563787698746,0.45289281010627747,0.5904124975204468,-0.43982505798339844,0.39919933676719666,-0.5464491844177246,0
0.6724565625190735,-0.024852700531482697,0.3738938271999359,0.557059645652771,-0.46568813920021057,0.44179198145866394,-0.5269144773483276,0.7107961773872375,-0.0227960292249918,0.13481391966342926,1,0.6890212297439575,-0.012575267814099789,0.4611288607120514,0.5939139723777771,-0.43710553646087646,0.39475083351135254,-0.5480661988258362,0
0.6750624775886536,-0.02390294522047043,0.3813236355781555,0.5604366660118103,-0.4633183181285858,0.437845379114151,-0.5287138223648071,0.7162218689918518,-0.02168869413435459,0.14260879158973694,1,0.6901293992996216,-0.01115900743752718,0.46937045454978943,0.5974003076553345,-0.4343700706958771,0.3902836740016937,-0.5496490597724915,0
0.6775495409965515,-0.022907746955752373,0.38883960247039795,0.5638283491134644,-0.46091601252555847,0.433851033449173,-0.5304971933364868,0.7215497493743896,-0.02052183449268341,0.1505303680896759,1,0.6910739541053772,-0.009709294885396957,0.4776151478290558,0.600871741771698,-0.431618332862854,0.38579756021499634,-0.5511976480484009,0
0.6799118518829346,-0.021867433562874794,0.3964359760284424,0.5672325491905212,-0.4584822654724121,0.4298109710216522,-0.5322627425193787,0.7267791628837585,-0.019248725846409798,0.1585683524608612,1,0.6918548941612244,-0.008227875456213951,0.4858585596084595,0.6043276786804199,-0.4288508892059326,0.3812934458255768,-0.5527117252349854,0
0.6821449398994446,-0.020783131942152977,0.4041041433811188,0.570645809173584,-0.4560190439224243,0.42572861909866333,-0.5340085029602051,0.7318724393844604,-0.017963584512472153,0.16673332452774048,1,0.6924712657928467,-0.0067152585834264755,0.49409905076026917,0.6077680587768555,-0.4260675311088562,0.3767707943916321,-0.5541914701461792,0
0.6842445135116577,-0.019655577838420868,0.4118376672267914,0.5740658640861511,-0.45352742075920105,0.42160579562187195,-0.5357328653335571,0.7368355989456177,-0.016635723412036896,0.17500990629196167,1,0.6929234266281128,-0.005173162557184696,0.5023330450057983,0.6111923456192017,-0.4232683777809143,0.3722299635410309,-0.5556370615959167,0
0.6862068772315979,-0.018485860899090767,0.4196307063102722,0.5774906873703003,-0.4510083496570587,0.41744446754455566,-0.5374346375465393,0.7416762113571167,-0.015233514830470085,0.18338358402252197,1,0.6932110786437988,-0.003602168522775173,0.5105574727058411,0.6146005988121033,-0.42045336961746216,0.367671400308609,-0.5570482611656189,0
0.6880280375480652,-0.017274795100092888,0.4274764358997345,0.5809178352355957,-0.4484633505344391,0.4132470488548279,-0.5391122102737427,0.7464144229888916,-0.013715405017137527,0.19183318316936493,1,0.6933339834213257,-0.002003931440412998,0.5187692046165466,0.6179920434951782,-0.4176230728626251,0.3630952537059784,-0.5584250688552856,0
0.6897053122520447,-0.016023309901356697,0.435369610786438,0.5843456983566284,-0.445892870426178,0.40901485085487366,-0.540764570236206,0.7509540915489197,-0.012227890081703663,0.20040223002433777,1,0.6932924389839172,-0.0003794245421886444,0.5269650220870972,0.6213666200637817,-0.4147772192955017,0.3585015833377838,-0.5597677826881409,0
0.6912359595298767,-0.014732819981873035,0.4433038830757141,0.5877723097801208,-0.44329848885536194,0.4047498106956482,-0.542390763759613,0.755346953868866,-0.010687130503356457,0.2090558409690857,1,0.6930680274963379,0.0013743182644248009,0.535652756690979,0.6249333620071411,-0.4117365777492523,0.3536015450954437,-0.5611568689346313,0
0.6926301121711731,-0.013399474322795868,0.45130446553230286,0.5912094116210938,-0.44067254662513733,0.40044015645980835,-0.5439915060997009,0.7596188187599182,-0.00907642487436533,0.21781523525714874,1,0.6926581859588623,0.0031550219282507896,0.5443152785301208,0.6284803748130798,-0.40867894887924194,0.34868261218070984,-0.5625072121620178,0
0.6938803195953369,-0.012021983042359352,0.45937615633010864,0.5946599841117859,-0.43801039457321167,0.396078884601593,-0.5455712080001831,0.7637672424316406,-0.007395375985652208,0.22668679058551788,1,0.6920629143714905,0.0049612512812018394,0.5529496669769287,0.6320072412490845,-0.4056040346622467,0.34374433755874634,-0.5638191103935242,0
0.6949799060821533,-0.010600708425045013,0.46751490235328674,0.5981226563453674,-0.43531176447868347,0.3916655480861664,-0.5471296310424805,0.7677749991416931,-0.005652179941534996,0.23567168414592743,1,0.6912827491760254,0.006791597232222557,0.5615516304969788,0.6355134844779968,-0.40251222252845764,0.33878782391548157,-0.5650922060012817,0
0.6959229111671448,-0.009136959910392761,0.4757143259048462,0.6015949845314026,-0.43257784843444824,0.3872019648551941,-0.5486660599708557,0.7716335654258728,-0.0038487918209284544,0.24476408958435059,1,0.6903181672096252,0.008644088171422482,0.5701178312301636,0.6389990448951721,-0.39940330386161804,0.33381253480911255,-0.5663270950317383,0
0.696705162525177,-0.0076316166669130325,0.48396697640419006,0.6050743460655212,-0.4298098385334015,0.38268980383872986,-0.5501789450645447,0.775335967540741,-0.001986637944355607,0.2539563477039337,1,0.68916916847229,0.010518263094127178,0.5786445140838623,0.6424633860588074,-0.3962778151035309,0.3288189172744751,-0.5675232410430908,0
0.6973224878311157,-0.006086395122110844,0.49226516485214233,0.6085580587387085,-0.4270089268684387,0.37813177704811096,-0.5516671538352966,0.7788759469985962,-6.718140502925962e-05,0.26324033737182617,1,0.687836766242981,0.012412173673510551,0.5871288776397705,0.6459062695503235,-0.39313560724258423,0.3238067626953125,-0.5686814785003662,0
0.6977717876434326,-0.0045025041326880455,0.5006009936332703,0.6120436191558838,-0.4241766929626465,0.37353038787841797,-0.5531289577484131,0.7822478413581848,0.0019080706406384706,0.2726079523563385,1,0.6863213777542114,0.014324354007840157,0.5955661535263062,0.6493272185325623,-0.38997694849967957,0.31877708435058594,-0.5698010325431824,0
0.6980502009391785,-0.0028814487159252167,0.5089672803878784,0.6155292987823486,-0.42131420969963074,0.368887335062027,-0.5545629262924194,0.7854465246200562,0.003937611822038889,0.2820512652397156,1,0.6846237778663635,0.01625310815870762,0.6039537191390991,0.6527260541915894,-0.3868015706539154,0.3137296438217163,-0.5708825588226318,0
0.6981555223464966,-0.001225191168487072,0.517356276512146,0.6190119981765747,-0.4184229373931885,0.3642055094242096,-0.5559682846069336,0.7884674668312073,0.00601990008726716,0.291562557220459,1,0.6827449202537537,0.018197432160377502,0.6122871041297913,0.6561020612716675,-0.38361042737960815,0.30866527557373047,-0.5719255805015564,0
0.6980857253074646,0.0004646042361855507,0.525761604309082,0.6224903464317322,-0.4155036211013794,0.3594861328601837,-0.5573437809944153,0.7913066744804382,0.008153251372277737,0.3011344373226166,1,0.6806854605674744,0.020155705511569977,0.6205637454986572,0.6594552993774414,-0.38040274381637573,0.3035834729671478,-0.5729305148124695,0
0.6978391408920288,0.002186838537454605,0.5341756939888,0.6259623169898987,-0.4125576913356781,0.35473185777664185,-0.5586881041526794,0.7939605116844177,0.010336021892726421,0.31075984239578247,1,0.6784466505050659,0.022126395255327225,0.6287791728973389,0.6627851128578186,-0.3771793842315674,0.29848504066467285,-0.5738973617553711,0
0.6974145770072937,0.003939412534236908,0.5425929427146912,0.6294264793395996,-0.40958598256111145,0.34994375705718994,-0.5600008368492126,0.7964257597923279,0.012566527351737022,0.3204318583011627,1,0.6760290861129761,0.024108100682497025,0.6369307041168213,0.6660914421081543,-0.37393978238105774,0.2933700382709503,-0.5748262405395508,0
0.6968107223510742,0.005720648914575577,0.5510067343711853,0.6328809857368469,-0.40658921003341675,0.3451237380504608,-0.5612810254096985,0.7986997961997986,0.01484307274222374,0.33014386892318726,1,0.6734340190887451,0.026099082082509995,0.645014762878418,0.6693736910820007,-0.3706842362880707,0.2882383167743683,-0.5757173895835876,0
0.6960271000862122,0.007528835907578468,0.559411346912384,0.6363242268562317,-0.40356841683387756,0.3402729332447052,-0.5625283718109131,0.8007800579071045,0.0171639584004879,0.3398895859718323,1,0.6706629991531372,0.028098393231630325,0.653027355670929,0.6726318001747131,-0.3674134612083435,0.283090740442276,-0.5765703916549683,0
0.6950627565383911,0.009362636134028435,0.5678010582923889,0.6397556066513062,-0.40052396059036255,0.33539268374443054,-0.56374192237854,0.8026645183563232,0.019527379423379898,0.34966278076171875,1,0.6677168011665344,0.030104389414191246,0.6609658598899841,0.6758654713630676,-0.3641267716884613,0.2779271900653839,-0.577385425567627,0
0.6939173340797424,0.011220334097743034,0.576170802116394,0.643173336982727,-0.3974568247795105,0.33048415184020996,-0.5649215579032898,0.8043513298034668,0.021931735798716545,0.3594575822353363,1,0.6647854447364807,0.03199699893593788,0.6683659553527832,0.6788857579231262,-0.3610196113586426,0.2730533480644226,-0.5781182050704956,0
0.6925883889198303,0.013094115070998669,0.5844865441322327,0.6465643644332886,-0.39437630772590637,0.32556208968162537,-0.5660662651062012,0.8058292269706726,0.024366110563278198,0.36923617124557495,1,0.6617013812065125,0.033893268555402756,0.6756947040557861,0.6818839311599731,-0.3578987717628479,0.26816555857658386,-0.5788176655769348,0
0.6910834312438965,0.014979643747210503,0.5927352905273438,0.6499240398406982,-0.39128804206848145,0.32063591480255127,-0.5671727657318115,0.807099461555481,0.026825949549674988,0.3789815306663513,1,0.6584662199020386,0.03579149395227432,0.6829483509063721,0.6848592162132263,-0.35476455092430115,0.26326486468315125,-0.5794837474822998,0
0.6894082427024841,0.01687454804778099,0.6009107232093811,0.6532513499259949,-0.3881939947605133,0.3157084286212921,-0.5682394504547119,0.8081656694412231,0.02930888906121254,0.38868603110313416,1,0.6550807356834412,0.03769101947546005,0.6901251673698425,0.6878118515014648,-0.35161688923835754,0.2583504021167755,-0.5801166892051697,0
0.6875662803649902,0.018777761608362198,0.6090099811553955,0.6565464735031128,-0.38509437441825867,0.31078019738197327,-0.569266676902771,0.8090311884880066,0.031813330948352814,0.39834561944007874,1,0.6515465378761292,0.039590150117874146,0.6972218155860901,0.6907410025596619,-0.34845617413520813,0.2534232437610626,-0.5807164907455444,0
0.6855602264404297,0.02068755030632019,0.617031455039978,0.659809947013855,-0.381988525390625,0.3058508336544037,-0.5702549815177917,0.8096987009048462,0.03433806821703911,0.4079582095146179,1,0.6478650569915771,0.04148823395371437,0.7042359113693237,0.6936469078063965,-0.34528231620788574,0.24848312139511108,-0.5812832713127136,0
0.6833921670913696,0.022603217512369156,0.6249743700027466,0.6630426049232483,-0.3788765072822571,0.30091971158981323,-0.5712041854858398,0.8101707100868225,0.036881979554891586,0.4175224304199219,1,0.6440379023551941,0.043383583426475525,0.7111645936965942,0.6965286731719971,-0.34209561347961426,0.2435307800769806,-0.5818169713020325,0
0.6810635924339294,0.02452404424548149,0.6328383684158325,0.6662452816963196,-0.3757571876049042,0.295985609292984,-0.5721156001091003,0.8104493618011475,0.039444129914045334,0.42703741788864136,1,0.6400662660598755,0.04527531936764717,0.7180052995681763,0.6993865966796875,-0.338895708322525,0.23856599628925323,-0.5823180079460144,0
0.6785762906074524,0.026448670774698257,0.6406219601631165,0.669418215751648,-0.3726305067539215,0.29104775190353394,-0.572989284992218,0.8105365037918091,0.042023591697216034,0.4365023076534271,1,0.6359517574310303,0.047162413597106934,0.7247557044029236,0.7022201418876648,-0.3356831669807434,0.23358869552612305,-0.5827862024307251,0
0.6759312748908997,0.028376705944538116,0.6483253836631775,0.6725624203681946,-0.36949530243873596,0.28610485792160034,-0.5738264918327332,0.8104339838027954,0.044619351625442505,0.44591614603996277,1,0.6316964030265808,0.0490434505045414,0.7314128279685974,0.7050290703773499,-0.33245816826820374,0.2285999357700348,-0.5832216739654541,0
0.6731300950050354,0.03030683845281601,0.6559470891952515,0.6756780743598938,-0.3663516640663147,0.2811567485332489,-0.574627161026001,0.8101433515548706,0.04723050817847252,0.4552778899669647,1,0.6273016333580017,0.050917647778987885,0.7379743456840515,0.7078133821487427,-0.32922035455703735,0.22359900176525116,-0.5836244821548462,0
0.6701738834381104,0.03223865479230881,0.6634863615036011,0.6787660121917725,-0.363198459148407,0.2762017846107483,-0.5753920674324036,0.8096662163734436,0.04985600337386131,0.4645863175392151,1,0.6227693557739258,0.05278341472148895,0.7444375157356262,0.7105724215507507,-0.3259701132774353,0.21858708560466766,-0.5839948654174805,0
0.6670636534690857,0.03417075052857399,0.6709423065185547,0.6818263530731201,-0.3600354492664337,0.27123960852622986,-0.5761217474937439,0.809004008769989,0.052494898438453674,0.4738400876522064,1,0.6181012392044067,0.05464015528559685,0.7507999539375305,0.7133060097694397,-0.32270780205726624,0.2135636955499649,-0.5843327045440674,0
0.6638010740280151,0.03610238805413246,0.678313136100769,0.6848593950271606,-0.35686230659484863,0.26626962423324585,-0.5768165588378906,0.8081581592559814,0.05514620617032051,0.48303771018981934,1,0.6132991909980774,0.056486260145902634,0.7570594549179077,0.7160139083862305,-0.3194333016872406,0.2085294872522354,-0.584638237953186,0
0.6603871583938599,0.03803291171789169,0.6855975985527039,0.6878656148910522,-0.35367876291275024,0.2612910568714142,-0.5774765014648438,0.807129979133606,0.05780882388353348,0.4921775460243225,1,0.6083651781082153,0.05832115560770035,0.7632133364677429,0.7186959385871887,-0.3161467909812927,0.20348428189754486,-0.5849114656448364,0
0.6568233370780945,0.03996092826128006,0.692794144153595,0.6908447742462158,-0.3504842519760132,0.2563038170337677,-0.5781024694442749,0.8059208989143372,0.060481756925582886,0.5012577772140503,1,0.6033011078834534,0.06014334037899971,0.7692593932151794,0.7213516235351562,-0.31284821033477783,0.19842886924743652,-0.585152804851532,0
0.6531111598014832,0.041885729879140854,0.6999009251594543,0.6937975883483887,-0.34727880358695984,0.2513072192668915,-0.5786941647529602,0.8045321702957153,0.0631638839840889,0.5102764964103699,1,0.5981088280677795,0.061951976269483566,0.775195300579071,0.7239809036254883,-0.3095378279685974,0.1933627724647522,-0.5853619575500488,0
0.6492517590522766,0.04380618780851364,0.7069162726402283,0.6967236399650574,-0.3440619111061096,0.2463013231754303,-0.5792522430419922,0.8029652237892151,0.06585410237312317,0.5192316770553589,1,0.5924537181854248,0.06385782361030579,0.7813794016838074,0.7267455458641052,-0.306007444858551,0.18796852231025696,-0.5855494737625122,0
0.6452377438545227,0.04572782665491104,0.7138617634773254,0.6996338367462158,-0.3408239483833313,0.24127037823200226,-0.5797758102416992,0.8012192249298096,0.06856165081262589,0.5281498432159424,1,0.5866590738296509,0.06574597954750061,0.7874335646629333,0.7294796705245972,-0.3024640381336212,0.18256336450576782,-0.5857007503509521,0
0.6410616040229797,0.04765220731496811,0.7207416892051697,0.7025315761566162,-0.33755940198898315,0.2362067848443985,-0.5802665948867798,0.7992900609970093,0.07128842175006866,0.5370391011238098,1,0.5807271599769592,0.06761527806520462,0.793355405330658,0.7321829199790955,-0.2989080548286438,0.17714758217334747,-0.5858162641525269,0
0.6367195248603821,0.04957842826843262,0.7275546789169312,0.7054163813591003,-0.3342668116092682,0.2311079353094101,-0.5807257294654846,0.7971743941307068,0.07403372973203659,0.5458992123603821,1,0.5746608972549438,0.06946452707052231,0.7991424798965454,0.7348552346229553,-0.29533904790878296,0.17172087728977203,-0.585896372795105,0
0.6322108507156372,0.051505111157894135,0.734296977519989,0.7082871794700623,-0.3309463858604431,0.22597433626651764,-0.5811533331871033,0.7948703169822693,0.07679582387208939,0.5547264814376831,1,0.5684627294540405,0.07129238545894623,0.8047922849655151,0.7374960780143738,-0.2917572855949402,0.16628368198871613,-0.585940957069397,0
0.6275357007980347,0.05343073606491089,0.7409635186195374,0.7111425995826721,-0.32759881019592285,0.22080670297145844,-0.5815492868423462,0.7923771739006042,0.07957261800765991,0.5635154247283936,1,0.5621355175971985,0.07309811562299728,0.8103023171424866,0.7401052713394165,-0.28816330432891846,0.16083668172359467,-0.5859500765800476,0
0.6226951479911804,0.05535338819026947,0.7475488185882568,0.7139813303947449,-0.324224591255188,0.21560628712177277,-0.5819132328033447,0.7896949052810669,0.08236190676689148,0.5722597241401672,1,0.5556824803352356,0.07488039880990982,0.8156696557998657,0.742682695388794,-0.28455668687820435,0.15537983179092407,-0.5859238505363464,0
0.6176919937133789,0.057270683348178864,0.7540467977523804,0.7168014645576477,-0.32082492113113403,0.21037530899047852,-0.5822449326515198,0.7868239283561707,0.0851614773273468,0.5809528231620789,1,0.5491055846214294,0.07663819938898087,0.8208927512168884,0.7452278733253479,-0.28093793988227844,0.14991313219070435,-0.5858628749847412,0
0.6125278472900391,0.05918117240071297,0.7604519724845886,0.7196019291877747,-0.317400723695755,0.2051151692867279,-0.5825439095497131,0.7837651371955872,0.08796898275613785,0.5895881056785583,1,0.5424083471298218,0.07837045192718506,0.825968861579895,0.7477404475212097,-0.2773072421550751,0.1444372683763504,-0.5857667922973633,0
0.6072056293487549,0.06108293682336807,0.7667586803436279,0.7223815321922302,-0.31395307183265686,0.19982759654521942,-0.5828098058700562,0.7805197238922119,0.0907822772860527,0.5981591939926147,1,0.5355937480926514,0.08007588982582092,0.8308959007263184,0.7502199411392212,-0.2736646831035614,0.13895238935947418,-0.5856361389160156,0
0.6017279624938965,0.06297390162944794,0.7729618549346924,0.7251386046409607,-0.3104827105998993,0.19451388716697693,-0.583042562007904,0.7770891785621643,0.09359917789697647,0.6066598296165466,1,0.528664767742157,0.08175395429134369,0.8356714248657227,0.7526666522026062,-0.2700103521347046,0.1334587186574936,-0.5854707360267639,0
0.5960982441902161,0.06485255807638168,0.7790558338165283,0.7278721928596497,-0.3069913387298584,0.18917633593082428,-0.5832414627075195,0.7734749913215637,0.09641754627227783,0.6150841116905212,1,0.5216245651245117,0.08340343832969666,0.840293288230896,0.7550798654556274,-0.26634445786476135,0.1279565542936325,-0.585270881652832,0
0.590318500995636,0.06671697646379471,0.7850366830825806,0.7305812239646912,-0.3034788966178894,0.18381592631340027,-0.5834066271781921,0.7696791291236877,0.09923533350229263,0.6234263777732849,1,0.51447594165802,0.08502312749624252,0.8447599411010742,0.7574593424797058,-0.26266688108444214,0.1224459558725357,-0.585037112236023,0
0.5843923687934875,0.0685659646987915,0.7908992171287537,0.733264684677124,-0.2999466061592102,0.17843395471572876,-0.5835376381874084,0.7657034397125244,0.10205055773258209,0.6316813230514526,1,0.5072223544120789,0.08661242574453354,0.849068820476532,0.7598049640655518,-0.25897812843322754,0.11692768335342407,-0.5847688317298889,0
0.5783225893974304,0.07039735466241837,0.796639621257782,0.7359216213226318,-0.29639506340026855,0.17303155362606049,-0.583634614944458,0.7615499496459961,0.10486138612031937,0.639843761920929,1,0.49986693263053894,0.08817055821418762,0.8532184362411499,0.7621163129806519,-0.2552781403064728,0.11140166968107224,-0.584466814994812,0
0.5721125602722168,0.07221005111932755,0.8022534251213074,0.7385509014129639,-0.29282522201538086,0.1676100492477417,-0.5836974382400513,0.757220983505249,0.10766592621803284,0.6479087471961975,1,0.49241310358047485,0.08969645947217941,0.8572064638137817,0.7643930912017822,-0.2515673041343689,0.10586827248334885,-0.5841308832168579,0
0.5657652616500854,0.07400237768888474,0.8077370524406433,0.7411521077156067,-0.2892371714115143,0.16217036545276642,-0.5837260484695435,0.7527188062667847,0.11046238243579865,0.6558716893196106,1,0.484863817691803,0.09118930995464325,0.8610314726829529,0.7666350603103638,-0.24784554541110992,0.10032755881547928,-0.58376145362854,0
0.5592846870422363,0.07577306777238846,0.8130860328674316,0.7437244057655334,-0.2856322228908539,0.15671402215957642,-0.583719789981842,0.748045802116394,0.11324900388717651,0.6637281179428101,1,0.47722285985946655,0.09264831990003586,0.8646913766860962,0.7688421010971069,-0.24411331117153168,0.09478025883436203,-0.5833585858345032,0
0.5526725649833679,0.07752081006765366,0.8182982206344604,0.7462670207023621,-0.2820103168487549,0.1512407511472702,-0.5836795568466187,0.7432045340538025,0.11602409929037094,0.6714738011360168,1,0.4694935083389282,0.09407252073287964,0.8681846857070923,0.771013617515564,-0.24037037789821625,0.0892263725399971,-0.5829225182533264,0
0.5459332466125488,0.07924436777830124,0.8233693242073059,0.7487792372703552,-0.27837252616882324,0.14575259387493134,-0.5836047530174255,0.7381975650787354,0.1187860369682312,0.6791046261787415,1,0.46167922019958496,0.09546154737472534,0.8715097308158875,0.7731496691703796,-0.23661726713180542,0.08366626501083374,-0.582453191280365,0
0.5390700101852417,0.08094201236963272,0.8282963037490845,0.7512605786323547,-0.27471858263015747,0.14024963974952698,-0.5834957361221313,0.7330275177955627,0.12153331190347672,0.6866167783737183,1,0.4537830352783203,0.09681453555822372,0.8746650218963623,0.7752498388290405,-0.2328537106513977,0.07809985429048538,-0.5819511413574219,0
0.5320858955383301,0.08261309564113617,0.8330763578414917,0.7537103295326233,-0.2710496485233307,0.13473311066627502,-0.583352267742157,0.7276972532272339,0.12426429986953735,0.6940064430236816,1,0.4458087086677551,0.09813080728054047,0.8776492476463318,0.7773139476776123,-0.2290801703929901,0.07252775877714157,-0.5814164280891418,0
0.5249844193458557,0.08425604552030563,0.8377065062522888,0.7561278343200684,-0.267365425825119,0.1292029470205307,-0.5831748843193054,0.722209632396698,0.12697750329971313,0.7012701034545898,1,0.4377601146697998,0.0994095429778099,0.8804605603218079,0.7793413996696472,-0.2252970188856125,0.06695059686899185,-0.5808492302894592,0
0.517768919467926,0.0858701765537262,0.8421841859817505,0.7585130929946899,-0.2636668384075165,0.1236603856086731,-0.5829629898071289,0.7165675163269043,0.12967146933078766,0.7084043025970459,1,0.4296402335166931,0.10065049678087234,0.8830981254577637,0.7813324332237244,-0.22150371968746185,0.06136823073029518,-0.580249547958374,0
0.5104430913925171,0.08745419979095459,0.8465065360069275,0.7608649134635925,-0.2599540054798126,0.11810583621263504,-0.5827171802520752,0.7107738256454468,0.13234491646289825,0.7154057025909424,1,0.42145276069641113,0.1018529161810875,0.8855603337287903,0.7832866907119751,-0.21770095825195312,0.0557805597782135,-0.5796176791191101,0
0.5030099749565125,0.08900699019432068,0.8506711721420288,0.7631832361221313,-0.2562274634838104,0.11253980547189713,-0.5824375152587891,0.704831600189209,0.1349964737892151,0.7222711443901062,1,0.41320177912712097,0.10301625728607178,0.887846052646637,0.785203754901886,-0.213889017701149,0.050188519060611725,-0.5789539813995361,0
0.4954739809036255,0.09052760154008865,0.8546755313873291,0.7654675245285034,-0.25248751044273376,0.10696325451135635,-0.5821239948272705,0.6987439393997192,0.13762475550174713,0.7289975881576538,1,0.4048907458782196,0.1041400283575058,0.8899542093276978,0.7870833873748779,-0.2100677639245987,0.04459206387400627,-0.5782584547996521,0
0.4878373146057129,0.09201538562774658,0.8585178256034851,0.7677174806594849,-0.24873410165309906,0.10137606412172318,-0.5817767381668091,0.6925141215324402,0.14022845029830933,0.7355820536613464,1,0.3965228199958801,0.10522361099720001,0.8918836712837219,0.7889251112937927,-0.20623746514320374,0.03899161517620087,-0.577531635761261,0
0.480104923248291,0.09346908330917358,0.8621953725814819,0.7699324488639832,-0.24496810138225555,0.0957791805267334,-0.5813957452774048,0.6861451864242554,0.14280645549297333,0.7420216798782349,1,0.38810214400291443,0.10626689344644547,0.8936336636543274,0.7907292246818542,-0.20239821076393127,0.0333872064948082,-0.5767733454704285,0
0.47227972745895386,0.09488789737224579,0.8657064437866211,0.7721121907234192,-0.2411891371011734,0.09017301350831985,-0.5809813737869263,0.6796404719352722,0.14535751938819885,0.7483137249946594,1,0.3796323537826538,0.10726930946111679,0.8952030539512634,0.7924951910972595,-0.19855031371116638,0.027779465541243553,-0.5759838819503784,0
0.4643656015396118,0.09627123177051544,0.8690487146377563,0.7742561101913452,-0.23739811778068542,0.08455798029899597,-0.5805336833000183,0.6730032563209534,0.14788049459457397,0.75445556640625,1,0.37111741304397583,0.10823049396276474,0.8965910077095032,0.7942227721214294,-0.19469402730464935,0.02216878905892372,-0.5751634240150452,0
0.45636603236198425,0.09761817008256912,0.8722208142280579,0.776364266872406,-0.233595073223114,0.0789344310760498,-0.5800527930259705,0.666236937046051,0.15037429332733154,0.7604446411132812,1,0.3625604212284088,0.1091499999165535,0.8977970480918884,0.7959117293357849,-0.1908288449048996,0.016554540023207664,-0.5743123888969421,0
