0.3625604212284088,0.1091499999165535,0.8977970480918884,0.7959117293357849,-0.1908288449048996,0.016554540023207664,-0.5743123888969421,0.6432285904884338,0.05242101848125458,0.019999999552965164,0,0.3625604212284088,0.1091499999165535,0.8977970480918884,0.7959117293357849,-0.1908288449048996,0.016554540023207664,-0.5743123888969421,1
0.3628040552139282,0.10916154831647873,0.8976776003837585,0.7959170937538147,-0.19090838730335236,0.016660241410136223,-0.5742754340171814,0.6432285904884338,0.05242101848125458,0.01981772482395172,0,0.3625604212284088,0.1091499999165535,0.8977970480918884,0.7959117293357849,-0.1908288449048996,0.016554540023207664,-0.5743123888969421,1
0.3632446825504303,0.10916890949010849,0.8974825739860535,0.7959179878234863,-0.1910729855298996,0.016885489225387573,-0.574212908744812,0.6432285904884338,0.05242101848125458,0.019884353503584862,0,0.3625604212284088,0.1091499999165535,0.8977970480918884,0.7959117293357849,-0.1908288449048996,0.016554540023207664,-0.5743123888969421,1
0.36376747488975525,0.10917111486196518,0.8972581028938293,0.7959133982658386,-0.1912766695022583,0.017166968435049057,-0.5741432309150696,0.6432285904884338,0.05242101848125458,0.019923372194170952,0,0.3625604212284088,0.1091499999165535,0.8977970480918884,0.7959117293357849,-0.1908288449048996,0.016554540023207664,-0.5743123888969421,1
0.3643089532852173,0.10917005687952042,0.8970283269882202,0.7959052920341492,-0.1914910078048706,0.01746424101293087,-0.5740739107131958,0.6432285904884338,0.05242101848125458,0.019946129992604256,0,0.3625604212284088,0.1091499999165535,0.8977970480918884,0.7959117293357849,-0.1908288449048996,0.016554540023207664,-0.5743123888969421,1
0.36483412981033325,0.10916749387979507,0.8968064785003662,0.7958957552909851,-0.19170089066028595,0.017755331471562386,-0.5740082263946533,0.6432285904884338,0.05242101848125458,0.019959425553679466,0,0.3625604212284088,0.1091499999165535,0.8977970480918884,0.7959117293357849,-0.1908288449048996,0.016554540023207664,-0.5743123888969421,1
0.3653259873390198,0.10916423052549362,0.8965990543365479,0.7958859801292419,-0.19189804792404175,0.01802937313914299,-0.5739471912384033,0.6432285904884338,0.05242101848125458,0.019967196509242058,0,0.3625604212284088,0.1091499999165535,0.8977970480918884,0.7959117293357849,-0.1908288449048996,0.016554540023207664,-0.5743123888969421,1
0.36577728390693665,0.10916095972061157,0.89640873670578,0.7958768010139465,-0.19207923114299774,0.01828133687376976,-0.5738914608955383,0.6432285904884338,0.05242101848125458,0.01997174322605133,0,0.3625604212284088,0.1091499999165535,0.8977970480918884,0.7959117293357849,-0.1908288449048996,0.016554540023207664,-0.5743123888969421,1
0.366186261177063,0.10915781557559967,0.8962359428405762,0.7958679795265198,-0.1922435611486435,0.018509861081838608,-0.5738412737846375,0.6432285904884338,0.05242101848125458,0.019974403083324432,0,0.3625604212284088,0.1091499999165535,0.8977970480918884,0.7959117293357849,-0.1908288449048996,0.016554540023207664,-0.5743123888969421,1
0.3665536642074585,0.1091550812125206,0.8960806727409363,0.7958602905273438,-0.19239117205142975,0.01871492713689804,-0.5737957954406738,0.6432285904884338,0.05242101848125458,0.01997595839202404,0,0.3625604212284088,0.1091499999165535,0.8977970480918884,0.7959117293357849,-0.1908288449048996,0.016554540023207664,-0.5743123888969421,1
0.36688217520713806,0.10915274918079376,0.895941436290741,0.7958534359931946,-0.1925230473279953,0.018898339942097664,-0.5737552642822266,0.6432285904884338,0.05242101848125458,0.019976869225502014,0,0.3625604212284088,0.1091499999165535,0.8977970480918884,0.7959117293357849,-0.1908288449048996,0.016554540023207664,-0.5743123888969421,1
0.3671749234199524,0.10915068536996841,0.8958170413970947,0.7958471775054932,-0.1926405429840088,0.019061513245105743,-0.5737189054489136,0.6432285904884338,0.05242101848125458,0.019977401942014694,0,0.3625604212284088,0.1091499999165535,0.8977970480918884,0.7959117293357849,-0.1908288449048996,0.016554540023207664,-0.5743123888969421,1
0.36743536591529846,0.10914917290210724,0.8957062363624573,0.7958419322967529,-0.19274485111236572,0.019206577911973,-0.5736864805221558,0.6432285904884338,0.05242101848125458,0.019977713003754616,0,0.3625604212284088,0.1091499999165535,0.8977970480918884,0.7959117293357849,-0.1908288449048996,0.016554540023207664,-0.5743123888969421,1
0.3676663637161255,0.10914792865514755,0.8956077694892883,0.7958371639251709,-0.19283725321292877,0.019334783777594566,-0.5736575722694397,0.6432285904884338,0.05242101848125458,0.01997789368033409,0,0.3625604212284088,0.1091499999165535,0.8977970480918884,0.7959117293357849,-0.1908288449048996,0.016554540023207664,-0.5743123888969421,1
0.3678717017173767,0.10914682596921921,0.8955199718475342,0.7958332300186157,-0.1929192990064621,0.019448645412921906,-0.573631763458252,0.6432285904884338,0.05242101848125458,0.019978001713752747,0,0.3625604212284088,0.1091499999165535,0.8977970480918884,0.7959117293357849,-0.1908288449048996,0.016554540023207664,-0.5743123888969421,1
0.3680533766746521,0.10914600640535355,0.8954421877861023,0.795829713344574,-0.19299162924289703,0.01954904943704605,-0.5736088156700134,0.6432285904884338,0.05242101848125458,0.01997806318104267,0,0.3625604212284088,0.1091499999165535,0.8977970480918884,0.7959117293357849,-0.1908288449048996,0.016554540023207664,-0.5743123888969421,1
0.3682141900062561,0.10914544761180878,0.8953732252120972,0.79582679271698,-0.19305557012557983,0.01963799074292183,-0.5735883712768555,0.6432285904884338,0.05242101848125458,0.019978100433945656,0,0.3625604212284088,0.1091499999165535,0.8977970480918884,0.7959117293357849,-0.1908288449048996,0.016554540023207664,-0.5743123888969421,1
0.3683570623397827,0.10914503037929535,0.8953116536140442,0.7958241105079651,-0.19311225414276123,0.019716612994670868,-0.5735701322555542,0.6432285904884338,0.05242101848125458,0.019978120923042297,0,0.3625604212284088,0.1091499999165535,0.8977970480918884,0.7959117293357849,-0.1908288449048996,0.016554540023207664,-0.5743123888969421,1
0.36848360300064087,0.10914475470781326,0.8952572345733643,0.7958218455314636,-0.1931624412536621,0.019786084070801735,-0.5735539793968201,0.6432285904884338,0.05242101848125458,0.019978133961558342,0,0.3625604212284088,0.1091499999165535,0.8977970480918884,0.7959117293357849,-0.1908288449048996,0.016554540023207664,-0.5743123888969421,1
0.36859551072120667,0.10914462059736252,0.8952088356018066,0.7958201169967651,-0.19320662319660187,0.019847365096211433,-0.5735394358634949,0.6432285904884338,0.05242101848125458,0.01997814141213894,0,0.3625604212284088,0.1091499999165535,0.8977970480918884,0.7959117293357849,-0.1908288449048996,0.016554540023207664,-0.5743123888969421,1
0.36869457364082336,0.10914447903633118,0.8951660394668579,0.7958184480667114,-0.1932457685470581,0.01990160159766674,-0.5735267996788025,0.6432285904884338,0.05242101848125458,0.019978145137429237,0,0.3625604212284088,0.1091499999165535,0.8977970480918884,0.7959117293357849,-0.1908288449048996,0.016554540023207664,-0.5743123888969421,1
0.3687824606895447,0.10914447903633118,0.8951278328895569,0.795816957950592,-0.19328033924102783,0.01994943805038929,-0.5735154151916504,0.6432285904884338,0.05242101848125458,0.019978148862719536,0,0.3625604212284088,0.1091499999165535,0.8977970480918884,0.7959117293357849,-0.1908288449048996,0.016554540023207664,-0.5743123888969421,1
0.36886000633239746,0.10914461314678192,0.895094096660614,0.7958159446716309,-0.19331079721450806,0.019991593435406685,-0.5735051035881042,0.6432285904884338,0.05242101848125458,0.019978148862719536,0,0.3625604212284088,0.1091499999165535,0.8977970480918884,0.7959117293357849,-0.1908288449048996,0.016554540023207664,-0.5743123888969421,1
0.36892861127853394,0.10914474725723267,0.8950642347335815,0.7958149909973145,-0.19333770871162415,0.02002882771193981,-0.5734960436820984,0.6432285904884338,0.05242101848125458,0.019978148862719536,0,0.3625604212284088,0.1091499999165535,0.8977970480918884,0.7959117293357849,-0.1908288449048996,0.016554540023207664,-0.5743123888969421,1
0.3689894676208496,0.10914488881826401,0.8950377106666565,0.7958140969276428,-0.1933615803718567,0.020061763003468513,-0.5734882354736328,0.6432285904884338,0.05242101848125458,0.019978148862719536,0,0.3625604212284088,0.1091499999165535,0.8977970480918884,0.7959117293357849,-0.1908288449048996,0.016554540023207664,-0.5743123888969421,1
0.3690434694290161,0.10914502292871475,0.8950141072273254,0.7958134412765503,-0.1933826208114624,0.020090937614440918,-0.5734809041023254,0.6432285904884338,0.05242101848125458,0.019978148862719536,0,0.3625604212284088,0.1091499999165535,0.8977970480918884,0.7959117293357849,-0.1908288449048996,0.016554540023207664,-0.5743123888969421,1
0.3690912425518036,0.10914530605077744,0.8949931859970093,0.7958129048347473,-0.1934012621641159,0.02011662721633911,-0.5734745860099792,0.6432285904884338,0.05242101848125458,0.019978148862719536,0,0.3625604212284088,0.1091499999165535,0.8977970480918884,0.7959117293357849,-0.1908288449048996,0.016554540023207664,-0.5743123888969421,1
0.3691335916519165,0.10914543271064758,0.8949745893478394,0.7958122491836548,-0.19341766834259033,0.02013932727277279,-0.5734689831733704,0.6432285904884338,0.05242101848125458,0.019978148862719536,0,0.3625604212284088,0.1091499999165535,0.8977970480918884,0.7959117293357849,-0.1908288449048996,0.016554540023207664,-0.5743123888969421,1
0.369171142578125,0.10914570838212967,0.894957959651947,0.7958120107650757,-0.19343216717243195,0.020159302279353142,-0.5734638571739197,0.6432285904884338,0.05242101848125458,0.019978148862719536,0,0.3625604212284088,0.1091499999165535,0.8977970480918884,0.7959117293357849,-0.1908288449048996,0.016554540023207664,-0.5743123888969421,1
0.36920416355133057,0.10914599150419235,0.8949434161186218,0.795811653137207,-0.19344498217105865,0.020176958292722702,-0.5734593868255615,0.6432285904884338,0.05242101848125458,0.019978148862719536,0,0.3625604212284088,0.1091499999165535,0.8977970480918884,0.7959117293357849,-0.1908288449048996,0.016554540023207664,-0.5743123888969421,1
0.36923354864120483,0.1091461256146431,0.8949304223060608,0.7958112955093384,-0.1934562772512436,0.020192500203847885,-0.5734555721282959,0.6432285904884338,0.05242101848125458,0.019978148862719536,0,0.36923354864120483,0.1091461256146431,0.8949304223060608,0.7958112955093384,-0.1934562772512436,0.020192500203847885,-0.5734555721282959,1
0.3694966435432434,0.10915748029947281,0.8948008418083191,0.7958157062530518,-0.1935444176197052,0.020310046151280403,-0.5734154582023621,0.6432285904884338,0.05242101848125458,0.019978148862719536,0,0.37540215253829956,0.10881344974040985,0.8942031264305115,0.7945728302001953,-0.19668395817279816,0.02594848722219467,-0.5738433003425598,1
0.370286762714386,0.10914542526006699,0.8946239948272705,0.7957233786582947,-0.19388939440250397,0.020911911502480507,-0.5734055042266846,0.6432285904884338,0.05242101848125458,0.019978148862719536,0,0.38154491782188416,0.10846999287605286,0.8933659195899963,0.7932923436164856,-0.199911430478096,0.03169440105557442,-0.5742108821868896,1
0.37160584330558777,0.10910366475582123,0.8943939208984375,0.7955207824707031,-0.19451859593391418,0.02202051319181919,-0.5734319686889648,0.6432285904884338,0.05242101848125458,0.019978148862719536,0,0.3876591622829437,0.1081157997250557,0.892419695854187,0.7919701337814331,-0.2031385749578476,0.03742913156747818,-0.5745581388473511,1
0.3734211027622223,0.1090325266122818,0.894102931022644,0.7952135801315308,-0.1954139620065689,0.023599790409207344,-0.5734907984733582,0.6432285904884338,0.05242101848125458,0.019978148862719536,0,0.39374443888664246,0.1077507957816124,0.8913642764091492,0.7906061410903931,-0.20636552572250366,0.04315337911248207,-0.5748851895332336,1
0.3756924271583557,0.10893332958221436,0.893745481967926,0.7948080897331238,-0.19655416905879974,0.02560906670987606,-0.5735771656036377,0.6432285904884338,0.05242101848125458,0.019978148862719536,0,0.39979803562164307,0.10737539827823639,0.8902007341384888,0.7892007827758789,-0.209591805934906,0.04886607080698013,-0.5751917362213135,1
0.3783769905567169,0.10880780965089798,0.893317699432373,0.7943102121353149,-0.19791649281978607,0.02800784260034561,-0.5736861824989319,0.6432285904884338,0.05242101848125458,0.019978148862719536,0,0.40581944584846497,0.10698952525854111,0.8889286518096924,0.7877541780471802,-0.21281760931015015,0.054567717015743256,-0.5754776000976562,1
0.38143205642700195,0.10865752398967743,0.8928163647651672,0.7937253713607788,-0.19947916269302368,0.030757321044802666,-0.5738136768341064,0.6432285904884338,0.05242101848125458,0.019978148862719536,0,0.41180652379989624,0.10659327358007431,0.887549102306366,0.7862662672996521,-0.21604295074939728,0.06025733798742294,-0.575742781162262,1
0.3848181664943695,0.10848373919725418,0.8922379016876221,0.7930577397346497,-0.20122238993644714,0.03382134810090065,-0.5739556550979614,0.6432285904884338,0.05242101848125458,0.019978148862719536,0,0.41775742173194885,0.10618659108877182,0.886062502861023,0.7847374677658081,-0.2192673534154892,0.06593475490808487,-0.5759873390197754,1
0.38849741220474243,0.10828789323568344,0.8915793299674988,0.7923112511634827,-0.20312710106372833,0.03716643899679184,-0.5741086602210999,0.6432285904884338,0.05242101848125458,0.019978148862719536,0,0.4236713945865631,0.10576989501714706,0.8844688534736633,0.7831680178642273,-0.22249098122119904,0.07160009443759918,-0.5762108564376831,1
0.3924349546432495,0.10807103663682938,0.8908376693725586,0.7914892435073853,-0.2051762193441391,0.040762390941381454,-0.574269711971283,0.6432285904884338,0.05242101848125458,0.019978148862719536,0,0.42954564094543457,0.10534316301345825,0.8827694058418274,0.7815580368041992,-0.22571352124214172,0.07725208252668381,-0.5764134526252747,1
0.3966003954410553,0.10783398896455765,0.8900097608566284,0.7905948162078857,-0.2073546051979065,0.04458208382129669,-0.5744355916976929,0.6432285904884338,0.05242101848125458,0.019978148862719536,0,0.4353798031806946,0.10490648448467255,0.8809641599655151,0.779907763004303,-0.22893521189689636,0.08289138227701187,-0.5765948295593262,1
0.40096497535705566,0.10757796466350555,0.8890926241874695,0.7896305322647095,-0.20964841544628143,0.04860071465373039,-0.5746034383773804,0.6432285904884338,0.05242101848125458,0.019978148862719536,0,0.44117167592048645,0.10445982217788696,0.8790540099143982,0.778217077255249,-0.2321556955575943,0.08851736038923264,-0.576755166053772,1
0.4055026173591614,0.10730347782373428,0.8880840539932251,0.7885985374450684,-0.21204489469528198,0.052795786410570145,-0.5747711062431335,0.6432285904884338,0.05242101848125458,0.019978148862719536,0,0.44691967964172363,0.1040036529302597,0.8770394921302795,0.7764865159988403,-0.23537476360797882,0.09412967413663864,-0.5768941640853882,1
0.4101904034614563,0.10701148957014084,0.8869813680648804,0.7875010371208191,-0.21453362703323364,0.057147663086652756,-0.5749359726905823,0.6432285904884338,0.05242101848125458,0.019978148862719536,0,0.45262300968170166,0.10353792458772659,0.8749209046363831,0.7747160792350769,-0.23859286308288574,0.09972820430994034,-0.5770118236541748,1
0.41500771045684814,0.10670249164104462,0.8857822418212891,0.7863401174545288,-0.21710418164730072,0.06163855642080307,-0.575096070766449,0.6432285904884338,0.05242101848125458,0.019978148862719536,0,0.4582795798778534,0.10306280106306076,0.8726991415023804,0.7729061245918274,-0.2418094277381897,0.10531242191791534,-0.577107846736908,1
0.41993534564971924,0.10637710243463516,0.8844848275184631,0.7851172089576721,-0.219747856259346,0.06625207513570786,-0.5752497911453247,0.6432285904884338,0.05242101848125458,0.019978148862719536,0,0.4638872742652893,0.10257822275161743,0.8703751564025879,0.7710566520690918,-0.24502407014369965,0.1108819767832756,-0.5771826505661011,1
0.42495545744895935,0.10603588074445724,0.8830879330635071,0.7838342785835266,-0.22245632112026215,0.07097340375185013,-0.5753953456878662,0.6432285904884338,0.05242101848125458,0.019978148862719536,0,0.4694456160068512,0.10208471864461899,0.8679490685462952,0.7691680788993835,-0.24823743104934692,0.11643671989440918,-0.5772356390953064,1
0.43005385994911194,0.10567940026521683,0.8815892934799194,0.7824925184249878,-0.2252228558063507,0.07579033076763153,-0.5755308866500854,0.6432285904884338,0.05242101848125458,0.019978148862719536,0,0.4749528765678406,0.10158224403858185,0.8654218912124634,0.7672406435012817,-0.25144895911216736,0.1219763457775116,-0.5772668123245239,1
0.4352157413959503,0.10530813783407211,0.8799885511398315,0.7810935974121094,-0.228040874004364,0.08069070428609848,-0.5756552815437317,0.6432285904884338,0.05242101848125458,0.019978148862719536,0,0.4804072082042694,0.10107097774744034,0.8627944588661194,0.7652742266654968,-0.25465860962867737,0.12750044465065002,-0.5772761702537537,1
0.440428763628006,0.10492270439863205,0.878284215927124,0.7796388268470764,-0.23090484738349915,0.08566419035196304,-0.5757672786712646,0.6432285904884338,0.05242101848125458,0.019978148862719536,0,0.4858078360557556,0.10055087506771088,0.8600669503211975,0.7632691264152527,-0.25786638259887695,0.13300931453704834,-0.5772637724876404,1
0.4456811249256134,0.10452321916818619,0.8764760494232178,0.7781291007995605,-0.23380957543849945,0.09070149809122086,-0.5758656859397888,0.6432285904884338,0.05242101848125458,0.019978148862719536,0,0.49115225672721863,0.10002251714468002,0.8572410345077515,0.7612257599830627,-0.2610720992088318,0.13850164413452148,-0.5772294998168945,1
0.45096251368522644,0.10411032289266586,0.8745633363723755,0.776566207408905,-0.23675015568733215,0.09579387307167053,-0.575949490070343,0.6432285904884338,0.05242101848125458,0.019978148862719536,0,0.496440052986145,0.099485844373703,0.854316771030426,0.7591442465782166,-0.26427581906318665,0.14397792518138885,-0.5771728754043579,1
0.45626384019851685,0.10368441790342331,0.8725455403327942,0.7749506235122681,-0.23972323536872864,0.1009342148900032,-0.5760178565979004,0.6432285904884338,0.05242101848125458,0.019978148862719536,0,0.5016689300537109,0.09894108027219772,0.8512955904006958,0.757024884223938,-0.2674770653247833,0.1494373232126236,-0.5770942568778992,1
0.4615758955478668,0.10324593633413315,0.8704230189323425,0.7732838988304138,-0.24272450804710388,0.10611536353826523,-0.5760696530342102,0.6432285904884338,0.05242101848125458,0.019978148862719536,0,0.5068382620811462,0.0983881875872612,0.8481777310371399,0.7548674941062927,-0.27067604660987854,0.1548803150653839,-0.5769935846328735,1
0.4668910801410675,0.10279498249292374,0.8681955337524414,0.77156662940979,-0.24575062096118927,0.1113312616944313,-0.5761048197746277,0.6432285904884338,0.05242101848125458,0.019978148862719536,0,0.5119458436965942,0.09782776236534119,0.8449645638465881,0.7526726722717285,-0.2738727033138275,0.16030584275722504,-0.5768704414367676,1
0.47220200300216675,0.10233225673437119,0.8658632636070251,0.769800066947937,-0.24879911541938782,0.11657640337944031,-0.5761222243309021,0.6432285904884338,0.05242101848125458,0.019978148862719536,0,0.5169910192489624,0.09725978225469589,0.8416565656661987,0.750440776348114,-0.2770668864250183,0.16571377217769623,-0.5767248272895813,1
0.4775022268295288,0.10185808688402176,0.8634266257286072,0.7679851651191711,-0.2518668472766876,0.12184538692235947,-0.5761211514472961,0.6432285904884338,0.05242101848125458,0.019978148862719536,0,0.5219715237617493,0.09668447077274323,0.8382553458213806,0.7481715679168701,-0.2802581191062927,0.17110398411750793,-0.5765571594238281,1
0.48278555274009705,0.10137252509593964,0.8608861565589905,0.7661224603652954,-0.2549517750740051,0.1271343231201172,-0.5761013627052307,0.6432285904884338,0.05242101848125458,0.019978148862719536,0,0.5268872380256653,0.0961017981171608,0.8347607851028442,0.7458654642105103,-0.2834470272064209,0.17647665739059448,-0.5763666033744812,1
0.4880465865135193,0.1008763238787651,0.8582422137260437,0.7642130255699158,-0.25805163383483887,0.13243889808654785,-0.5760622620582581,0.6432285904884338,0.05242101848125458,0.019978148862719536,0,0.5317355990409851,0.09551241993904114,0.8311747312545776,0.7435229420661926,-0.2866328954696655,0.18183058500289917,-0.5761533975601196,1
0.49328041076660156,0.10036937892436981,0.855495274066925,0.7622575163841248,-0.2611643075942993,0.13775545358657837,-0.5760034918785095,0.6432285904884338,0.05242101848125458,0.019978148862719536,0,0.5365161299705505,0.09491631388664246,0.8274974226951599,0.7411440014839172,-0.2898160219192505,0.18716613948345184,-0.5759175419807434,1
0.49848225712776184,0.09985234588384628,0.8526461124420166,0.7602568864822388,-0.2642882466316223,0.14308059215545654,-0.5759246349334717,0.6432285904884338,0.05242101848125458,0.019978148862719536,0,0.5412274599075317,0.09431347250938416,0.8237302899360657,0.7387286424636841,-0.29299601912498474,0.19248299300670624,-0.5756591558456421,1
0.50364750623703,0.09932533651590347,0.8496958017349243,0.7582114934921265,-0.2674219608306885,0.1484116017818451,-0.5758252739906311,0.6432285904884338,0.05242101848125458,0.019978148862719536,0,0.5458675622940063,0.09370457381010056,0.8198745250701904,0.73627769947052,-0.29617297649383545,0.19778038561344147,-0.5753778219223022,1
0.5087720155715942,0.09878881275653839,0.8466449975967407,0.756122350692749,-0.2705637514591217,0.15374518930912018,-0.5757054090499878,0.6432285904884338,0.05242101848125458,0.019978148862719536,0,0.5504360198974609,0.09308959543704987,0.8159306645393372,0.733790934085846,-0.2993468940258026,0.20305871963500977,-0.5750733017921448,1
0.5138526558876038,0.09824313223361969,0.8434945940971375,0.753990113735199,-0.2737126648426056,0.1590794175863266,-0.5755640268325806,0.6432285904884338,0.05242101848125458,0.019978148862719536,0,0.5549308657646179,0.09246879070997238,0.8119000792503357,0.7312687635421753,-0.3025173246860504,0.20831729471683502,-0.5747461318969727,1
0.5188857913017273,0.09768842160701752,0.8402453064918518,0.751815140247345,-0.2768676280975342,0.16441233456134796,-0.5754014849662781,0.6432285904884338,0.05242101848125458,0.019978148862719536,0,0.5593515038490295,0.0918421819806099,0.8077835440635681,0.7287113070487976,-0.30568447709083557,0.21355591714382172,-0.5743957757949829,1
0.5238679051399231,0.09712487459182739,0.8368984460830688,0.7495982646942139,-0.2800270915031433,0.16974103450775146,-0.5752174854278564,0.6432285904884338,0.05242101848125458,0.019978148862719536,0,0.5636962056159973,0.09121040999889374,0.8035826086997986,0.7261190414428711,-0.30884820222854614,0.21877431869506836,-0.5740222334861755,1
0.5287961363792419,0.09655322879552841,0.8334548473358154,0.7473399043083191,-0.2831907272338867,0.1750645935535431,-0.5750116109848022,0.6432285904884338,0.05242101848125458,0.019978148862719536,0,0.5679640173912048,0.0905735194683075,0.7992977499961853,0.7234920859336853,-0.31200850009918213,0.22397245466709137,-0.5736254453659058,1
0.533667802810669,0.09597325325012207,0.8299157619476318,0.745040774345398,-0.28635719418525696,0.18038079142570496,-0.5747838616371155,0.6432285904884338,0.05242101848125458,0.019978148862719536,0,0.5721533894538879,0.08993174135684967,0.7949310541152954,0.720830500125885,-0.3151649534702301,0.2291497141122818,-0.5732057094573975,1
0.5384798645973206,0.09538557380437851,0.8262822031974792,0.7427013516426086,-0.2895257771015167,0.1856880784034729,-0.5745340585708618,0.6432285904884338,0.05242101848125458,0.019978148862719536,0,0.5762633085250854,0.08928511291742325,0.7904828190803528,0.7181347608566284,-0.31831762194633484,0.2343059778213501,-0.5727626085281372,1
0.5432303547859192,0.09479056298732758,0.8225551843643188,0.7403221726417542,-0.29269617795944214,0.19098545610904694,-0.5742617249488831,0.6432285904884338,0.05242101848125458,0.019978148862719536,0,0.5802929401397705,0.08863432705402374,0.7859544157981873,0.7154050469398499,-0.3214666247367859,0.23944103717803955,-0.5722960233688354,1
0.5479164123535156,0.09418820589780807,0.8187360763549805,0.7379036545753479,-0.29586729407310486,0.19627118110656738,-0.5739672183990479,0.6432285904884338,0.05242101848125458,0.019978148862719536,0,0.584240734577179,0.08797941356897354,0.7813471555709839,0.7126415371894836,-0.3246115744113922,0.24455468356609344,-0.5718061327934265,1
0.5525360703468323,0.09357878565788269,0.8148261308670044,0.7354462742805481,-0.29903867840766907,0.20154434442520142,-0.5736501812934875,0.6432285904884338,0.05242101848125458,0.019978148862719536,0,0.5881057977676392,0.08732062578201294,0.7766618728637695,0.709844708442688,-0.3277526795864105,0.2496466189622879,-0.5712925791740417,1
0.5570874214172363,0.0929630696773529,0.8108260631561279,0.7329508066177368,-0.30220991373062134,0.20680364966392517,-0.5733100771903992,0.6432285904884338,0.05242101848125458,0.019978148862719536,0,0.591886579990387,0.08665801584720612,0.7719005942344666,0.7070146203041077,-0.33088940382003784,0.25471624732017517,-0.5707557201385498,1
0.5615684390068054,0.09234067797660828,0.8067374229431152,0.7304171919822693,-0.30538061261177063,0.2120485156774521,-0.5729473829269409,0.6432285904884338,0.05242101848125458,0.019978148862719536,0,0.5955827832221985,0.08599226921796799,0.7670634984970093,0.7041513919830322,-0.3340222239494324,0.25976377725601196,-0.5701952576637268,1
0.5659767985343933,0.09171247482299805,0.8025615215301514,0.7278463840484619,-0.30855005979537964,0.21727778017520905,-0.5725616216659546,0.6432285904884338,0.05242101848125458,0.019978148862719536,0,0.5991925001144409,0.08532345294952393,0.7621528506278992,0.701255738735199,-0.3371504545211792,0.2647888958454132,-0.5696110129356384,1
0.5703111886978149,0.09107828885316849,0.7982993125915527,0.7252384424209595,-0.3117178976535797,0.22249048948287964,-0.5721530318260193,0.6432285904884338,0.05242101848125458,0.019978148862719536,0,0.6027154922485352,0.08465184271335602,0.7571691274642944,0.6983277797698975,-0.34027430415153503,0.2697910666465759,-0.5690029263496399,1
0.574569582939148,0.09043877571821213,0.7939525842666626,0.7225937843322754,-0.31488388776779175,0.22768622636795044,-0.5717212557792664,0.6432285904884338,0.05242101848125458,0.019978148862719536,0,0.6061497926712036,0.08397746086120605,0.7521141171455383,0.6953674554824829,-0.34339356422424316,0.27477020025253296,-0.5683714747428894,1
0.5787505507469177,0.08979394286870956,0.789522111415863,0.719913125038147,-0.3180476129055023,0.23286379873752594,-0.571266233921051,0.6432285904884338,0.05242101848125458,0.019978148862719536,0,0.6094954013824463,0.08330103009939194,0.7469885945320129,0.692375123500824,-0.34650853276252747,0.27972647547721863,-0.5677160024642944,1
0.5828521251678467,0.08914431929588318,0.785009503364563,0.7171967029571533,-0.3212086260318756,0.2380227893590927,-0.5707880258560181,0.6432285904884338,0.05242101848125458,0.019978148862719536,0,0.6127505302429199,0.08262263983488083,0.7417944073677063,0.689351499080658,-0.34961870312690735,0.28465887904167175,-0.5670366883277893,1
0.5868732929229736,0.08849010616540909,0.7804158329963684,0.7144446969032288,-0.32436710596084595,0.24316278100013733,-0.5702864527702332,0.6432285904884338,0.05242101848125458,0.019978148862719536,0,0.6159147620201111,0.08194254338741302,0.73653244972229,0.6862963438034058,-0.35272419452667236,0.2895675301551819,-0.5663332939147949,1
0.5908122658729553,0.08783136308193207,0.7757428288459778,0.711657702922821,-0.3275221884250641,0.24828268587589264,-0.5697613954544067,0.6432285904884338,0.05242101848125458,0.019978148862719536,0,0.6189869046211243,0.0812608152627945,0.7312045097351074,0.6832101345062256,-0.355824738740921,0.29445239901542664,-0.5656061172485352,1
0.5946677327156067,0.08716858178377151,0.7709916234016418,0.7088361978530884,-0.33067384362220764,0.25338214635849,-0.5692130923271179,0.6432285904884338,0.05242101848125458,0.019978148862719536,0,0.6219658255577087,0.08057818561792374,0.7258116006851196,0.6800931096076965,-0.35892027616500854,0.2993130385875702,-0.5648550391197205,1
0.5984386801719666,0.08650220930576324,0.7661632895469666,0.7059802412986755,-0.3338220417499542,0.2584611475467682,-0.568640947341919,0.6432285904884338,0.05242101848125458,0.019978148862719536,0,0.6248511672019958,0.07989472150802612,0.7203550338745117,0.6769456267356873,-0.3620109558105469,0.30414918065071106,-0.5640797019004822,1
0.6021227836608887,0.08583236485719681,0.7612599730491638,0.7030904293060303,-0.3369661867618561,0.2635181248188019,-0.5680454969406128,0.6432285904884338,0.05242101848125458,0.019978148862719536,0,0.6276414394378662,0.07921070605516434,0.7148365378379822,0.6737680435180664,-0.3650963604450226,0.30896052718162537,-0.5632801651954651,1
0.605720043182373,0.08515927195549011,0.7562821507453918,0.7001670002937317,-0.34010639786720276,0.2685535252094269,-0.5674264430999756,0.6432285904884338,0.05242101848125458,0.019978148862719536,0,0.6303362250328064,0.07852619886398315,0.7092572450637817,0.6705601215362549,-0.36817651987075806,0.3137471377849579,-0.5624569058418274,1
0.6092284917831421,0.08448321372270584,0.7512319684028625,0.6972104907035828,-0.3432420790195465,0.27356669306755066,-0.5667835474014282,0.6432285904884338,0.05242101848125458,0.019978148862719536,0,0.6329345107078552,0.07784231007099152,0.7036184668540955,0.6673229336738586,-0.3712517023086548,0.31850865483283997,-0.5616087913513184,1
0.6126470565795898,0.08380472660064697,0.7461105585098267,0.6942211389541626,-0.3463733494281769,0.278556764125824,-0.5661171078681946,0.6432285904884338,0.05242101848125458,0.019978148862719536,0,0.6354354023933411,0.07715840637683868,0.6979219913482666,0.6640560626983643,-0.3743213415145874,0.323244571685791,-0.560736894607544,1
0.6159749031066895,0.0831238180398941,0.7409191131591797,0.6911991238594055,-0.3494999408721924,0.28352412581443787,-0.5654268264770508,0.6432285904884338,0.05242101848125458,0.019978148862719536,0,0.6378380656242371,0.07647518813610077,0.6921692490577698,0.6607602834701538,-0.37738537788391113,0.32795482873916626,-0.559840738773346,1
0.619210958480835,0.08244101703166962,0.7356591820716858,0.688145101070404,-0.3526219129562378,0.28846776485443115,-0.5647127032279968,0.6432285904884338,0.05242101848125458,0.019978148862719536,0,0.6401422619819641,0.07579264789819717,0.6863611340522766,0.6574353575706482,-0.38044384121894836,0.3326397240161896,-0.5589202642440796,1
0.622353732585907,0.08175664395093918,0.7303324341773987,0.6850593686103821,-0.35573872923851013,0.29338762164115906,-0.5639744997024536,0.6432285904884338,0.05242101848125458,0.019978148862719536,0,0.6423463225364685,0.07511159032583237,0.6804998517036438,0.6540822386741638,-0.3834966719150543,0.3372981548309326,-0.5579755306243896,1
0.6254025101661682,0.08107073605060577,0.7249401211738586,0.6819421052932739,-0.358850359916687,0.29828304052352905,-0.5632126927375793,0.6432285904884338,0.05242101848125458,0.019978148862719536,0,0.6444503664970398,0.07443208247423172,0.6745862364768982,0.650700569152832,-0.38654401898384094,0.3419305086135864,-0.5570062398910522,1
0.6283559799194336,0.08038357645273209,0.7194841504096985,0.6787936687469482,-0.36195653676986694,0.3031540513038635,-0.5624270439147949,0.6432285904884338,0.05242101848125458,0.019978148862719536,0,0.6464533805847168,0.0737544447183609,0.6686221957206726,0.6472911238670349,-0.3895852565765381,0.346536248922348,-0.5560125708580017,1
0.6312139630317688,0.079695925116539,0.7139651775360107,0.6756144762039185,-0.36505764722824097,0.3080000579357147,-0.5616171360015869,0.6432285904884338,0.05242101848125458,0.019978148862719536,0,0.6483545303344727,0.0730786919593811,0.6626091003417969,0.6438539028167725,-0.39262041449546814,0.3511154353618622,-0.5549948811531067,1
0.6339747905731201,0.07900764048099518,0.7083851099014282,0.6724048852920532,-0.368152916431427,0.31282109022140503,-0.5607834458351135,0.6432285904884338,0.05242101848125458,0.019978148862719536,0,0.650153398513794,0.07240565866231918,0.656548023223877,0.6403893232345581,-0.3956499397754669,0.3556678891181946,-0.553952157497406,1
0.6366378664970398,0.07831922918558121,0.7027458548545837,0.6691650152206421,-0.371242493391037,0.31761640310287476,-0.5599257946014404,0.6432285904884338,0.05242101848125458,0.019978148862719536,0,0.6518489718437195,0.07173541933298111,0.650441586971283,0.636897623538971,-0.3986731469631195,0.36019256711006165,-0.5528854131698608,1
0.6392025351524353,0.07763133943080902,0.6970479488372803,0.6658955216407776,-0.3743266463279724,0.32238611578941345,-0.5590436458587646,0.6432285904884338,0.05242101848125458,0.019978148862719536,0,0.6534413695335388,0.07106824964284897,0.644290030002594,0.6333791613578796,-0.40169021487236023,0.36469051241874695,-0.5517939925193787,1
0.6416674852371216,0.07694337517023087,0.6912938356399536,0.6625963449478149,-0.3774046301841736,0.32712966203689575,-0.5581379532814026,0.6432285904884338,0.05242101848125458,0.019978148862719536,0,0.6549292206764221,0.07040419429540634,0.6380955576896667,0.6298341751098633,-0.4047009348869324,0.36916083097457886,-0.550678014755249,1
0.6440322995185852,0.07625620812177658,0.6854848265647888,0.6592682003974915,-0.3804764449596405,0.33184677362442017,-0.5572079420089722,0.6432285904884338,0.05242101848125458,0.019978148862719536,0,0.6563125848770142,0.06974413990974426,0.631859540939331,0.6262630224227905,-0.4077054560184479,0.37360334396362305,-0.5495373010635376,1
0.6462961435317993,0.07557036727666855,0.6796219348907471,0.6559112071990967,-0.38354235887527466,0.33653753995895386,-0.5562536716461182,0.6432285904884338,0.05242101848125458,0.019978148862719536,0,0.6575905084609985,0.06908807158470154,0.6255837082862854,0.6226659417152405,-0.4107036292552948,0.37801799178123474,-0.5483721494674683,1
0.6484580636024475,0.07488570362329483,0.6737074851989746,0.6525256633758545,-0.38660165667533875,0.34120115637779236,-0.5552756786346436,0.6432285904884338,0.05242101848125458,0.019978148862719536,0,0.6587629318237305,0.06843631714582443,0.6192692518234253,0.6190432906150818,-0.4136948883533478,0.382404625415802,-0.5471822619438171,1
0.6505177021026611,0.07420273870229721,0.6677422523498535,0.6491119861602783,-0.38965484499931335,0.3458380103111267,-0.5542731881141663,0.6432285904884338,0.05242101848125458,0.019978148862719536,0,0.6598287224769592,0.06778896600008011,0.612918496131897,0.615395188331604,-0.41667985916137695,0.38676270842552185,-0.5459681153297424,1
0.6524739265441895,0.07352185249328613,0.6617286205291748,0.645670473575592,-0.3927012085914612,0.35044699907302856,-0.5532469749450684,0.6432285904884338,0.05242101848125458,0.019978148862719536,0,0.6607879996299744,0.06714681535959244,0.6065318584442139,0.6117222905158997,-0.4196581244468689,0.3910924792289734,-0.5447288751602173,1
0.6543264985084534,0.07284325361251831,0.6556676030158997,0.6422014832496643,-0.39574119448661804,0.3550286293029785,-0.5521963238716125,0.6432285904884338,0.05242101848125458,0.019978148862719536,0,0.6616397500038147,0.0665099248290062,0.6001121997833252,0.6080248355865479,-0.4226294159889221,0.39539334177970886,-0.5434650778770447,1
0.6560746431350708,0.07216709107160568,0.6495607495307922,0.6387051939964294,-0.3987743854522705,0.3595823645591736,-0.5511215925216675,0.6432285904884338,0.05242101848125458,0.019978148862719536,0,0.6623842716217041,0.06587857753038406,0.5936601161956787,0.6043027639389038,-0.4255940616130829,0.3996654450893402,-0.5421765446662903,1
0.6577179431915283,0.07149409502744675,0.6434096097946167,0.63518226146698,-0.40180087089538574,0.36410805583000183,-0.550022542476654,0.6432285904884338,0.05242101848125458,0.019978148862719536,0,0.6630205512046814,0.065252885222435,0.5871776938438416,0.600556492805481,-0.42855170369148254,0.40390852093696594,-0.5408633947372437,1
0.6592555046081543,0.07082440704107285,0.6372159719467163,0.6316326856613159,-0.4048205018043518,0.3686055541038513,-0.548899233341217,0.6432285904884338,0.05242101848125458,0.019978148862719536,0,0.6635680198669434,0.064608134329319,0.5803947448730469,0.5966293215751648,-0.43162477016448975,0.4082968831062317,-0.5394691824913025,1
0.6606866717338562,0.07015632092952728,0.6309660077095032,0.6280466914176941,-0.4078395962715149,0.37308573722839355,-0.5477509498596191,0.6432285904884338,0.05242101848125458,0.019978148862719536,0,0.6639977097511292,0.06397021561861038,0.5735821723937988,0.5926764607429504,-0.4346904158592224,0.4126533269882202,-0.538048267364502,1
0.6620129346847534,0.06949006766080856,0.6246564984321594,0.624422550201416,-0.4108615517616272,0.377551406621933,-0.5465749502182007,0.6432285904884338,0.05242101848125458,0.019978148862719536,0,0.6643090844154358,0.06333968043327332,0.5667420625686646,0.5886986255645752,-0.4377479553222656,0.4169776141643524,-0.5366005897521973,1
0.6632347106933594,0.06882588565349579,0.6182875037193298,0.6207600831985474,-0.4138861298561096,0.38200244307518005,-0.5453706383705139,0.6432285904884338,0.05242101848125458,0.019978148862719536,0,0.6645016074180603,0.06271696090698242,0.5598759055137634,0.5846959948539734,-0.4407978653907776,0.4212695062160492,-0.5351259112358093,1
0.6643507480621338,0.06816434115171432,0.6118614077568054,0.617060661315918,-0.4169132113456726,0.3864378333091736,-0.5441370606422424,0.6432285904884338,0.05242101848125458,0.019978148862719536,0,0.6645755171775818,0.06210234388709068,0.5529857873916626,0.580669105052948,-0.4438396394252777,0.42552876472473145,-0.5336242914199829,1
0.665359616279602,0.06750582158565521,0.6053805351257324,0.6133248209953308,-0.41994163393974304,0.39085620641708374,-0.542874813079834,0.6432285904884338,0.05242101848125458,0.019978148862719536,0,0.6645302176475525,0.061496201902627945,0.5460735559463501,0.5766181349754333,-0.44687318801879883,0.4297553598880768,-0.5320959091186523,1
0.6662600040435791,0.0668507069349289,0.5988478660583496,0.609553873538971,-0.4229707419872284,0.3952559232711792,-0.5415834188461304,0.6432285904884338,0.05242101848125458,0.019978148862719536,0,0.6643654704093933,0.06089913472533226,0.5391409397125244,0.5725435614585876,-0.44989892840385437,0.43394890427589417,-0.5305404663085938,1
0.6670501232147217,0.06619982421398163,0.5922667980194092,0.6057487726211548,-0.4259995222091675,0.3996352255344391,-0.5402634143829346,0.6432285904884338,0.05242101848125458,0.019978148862719536,0,0.6640810370445251,0.060310978442430496,0.5321898460388184,0.56844562292099,-0.4529159367084503,0.4381093680858612,-0.5289583206176758,1
0.667728841304779,0.06555336713790894,0.585640013217926,0.601910412311554,-0.4290270209312439,0.40399327874183655,-0.538914680480957,0.6432285904884338,0.05242101848125458,0.019978148862719536,0,0.6636770963668823,0.05973232164978981,0.5252220034599304,0.5643246173858643,-0.455924928188324,0.4422362446784973,-0.5273492336273193,1
0.6682946681976318,0.06491222977638245,0.5789711475372314,0.5980402231216431,-0.4320524334907532,0.40832793712615967,-0.537537693977356,0.6432285904884338,0.05242101848125458,0.019978148862719536,0,0.6631531715393066,0.05916353315114975,0.5182393789291382,0.560181200504303,-0.45892512798309326,0.44632989168167114,-0.5257131457328796,1
0.6687465906143188,0.06427650898694992,0.5722624659538269,0.5941388607025146,-0.43507513403892517,0.41263851523399353,-0.5361325144767761,0.6432285904884338,0.05242101848125458,0.019978148862719536,0,0.6625090837478638,0.05860495939850807,0.511243999004364,0.5560154914855957,-0.461916983127594,0.4503895342350006,-0.524050235748291,1
0.6690833568572998,0.06364711374044418,0.5655175447463989,0.5902073979377747,-0.43809422850608826,0.4169237017631531,-0.5346992611885071,0.6432285904884338,0.05242101848125458,0.019978148862719536,0,0.6617447733879089,0.05805690959095955,0.504237711429596,0.5518279075622559,-0.46490001678466797,0.45441538095474243,-0.5223605632781982,1
0.669303834438324,0.06302414834499359,0.5587393641471863,0.5862470269203186,-0.4411088228225708,0.42118212580680847,-0.5332382321357727,0.6432285904884338,0.05242101848125458,0.019978148862719536,0,0.6608604788780212,0.05751974135637283,0.4972221255302429,0.5476189851760864,-0.46787434816360474,0.45840704441070557,-0.5206438899040222,1
0.6694077253341675,0.062408506870269775,0.5519295930862427,0.5822579264640808,-0.4441191256046295,0.42541345953941345,-0.5317492485046387,0.6432285904884338,0.05242101848125458,0.019978148862719536,0,0.6598559617996216,0.05699402838945389,0.4901992976665497,0.5433890223503113,-0.47083961963653564,0.4623643755912781,-0.5189002752304077,1
0.6693939566612244,0.061800312250852585,0.5450922250747681,0.5782414078712463,-0.44712385535240173,0.42961597442626953,-0.5302331447601318,0.6432285904884338,0.05242101848125458,0.019978148862719536,0,0.6587311029434204,0.056479599326848984,0.48317092657089233,0.53913813829422,-0.47379615902900696,0.4662872850894928,-0.5171299576759338,1
0.6692619323730469,0.061199940741062164,0.5382291674613953,0.5741981267929077,-0.45012253522872925,0.43378952145576477,-0.5286896228790283,0.6432285904884338,0.05242101848125458,0.019978148862719536,0,0.6574862003326416,0.05597704276442528,0.4761391282081604,0.5348671078681946,-0.4767434895038605,0.470175564289093,-0.5153326392173767,1
0.6690111756324768,0.06060796603560448,0.5313427448272705,0.5701286792755127,-0.45311540365219116,0.43793347477912903,-0.5271185636520386,0.6432285904884338,0.05242101848125458,0.019978148862719536,0,0.6561211943626404,0.055486708879470825,0.4691055715084076,0.530575692653656,-0.47968167066574097,0.4740290939807892,-0.513508677482605,1
0.6686415076255798,0.06002502888441086,0.5244355201721191,0.5660338401794434,-0.45610153675079346,0.44204673171043396,-0.5255202651023865,0.6432285904884338,0.05242101848125458,0.019978148862719536,0,0.6546364426612854,0.055008891969919205,0.46207195520401,0.526265025138855,-0.4826106131076813,0.4778476059436798,-0.51165771484375,1
0.6681520938873291,0.059451259672641754,0.5175102949142456,0.561914324760437,-0.4590807259082794,0.44612881541252136,-0.523895263671875,0.6432285904884338,0.05242101848125458,0.019978148862719536,0,0.6530317664146423,0.05454392731189728,0.45504045486450195,0.5219346284866333,-0.48553037643432617,0.4816310703754425,-0.5097801685333252,1
0.6675429940223694,0.05888694152235985,0.5105686783790588,0.5577704310417175,-0.4620525538921356,0.4501795768737793,-0.5222431421279907,0.6432285904884338,0.05242101848125458,0.019978148862719536,0,0.6513072848320007,0.0540924109518528,0.4480128884315491,0.5175858736038208,-0.48844075202941895,0.48537909984588623,-0.5078755021095276,1
0.6668139696121216,0.058332718908786774,0.5036138892173767,0.5536032915115356,-0.46501657366752625,0.4541979432106018,-0.5205641984939575,0.6432285904884338,0.05242101848125458,0.019978148862719536,0,0.649463415145874,0.05365409329533577,0.4409911632537842,0.5132182240486145,-0.49134138226509094,0.48909175395965576,-0.5059444308280945,1
0.6659646034240723,0.057788945734500885,0.49664732813835144,0.5494131445884705,-0.46797284483909607,0.4581838548183441,-0.5188583731651306,0.6432285904884338,0.05242101848125458,0.019978148862719536,0,0.6475002765655518,0.05322960019111633,0.43397653102874756,0.5088324546813965,-0.49423277378082275,0.4927690029144287,-0.5039862394332886,1
0.6649949550628662,0.057255957275629044,0.4896717965602875,0.5452007055282593,-0.4709209203720093,0.4621365964412689,-0.5171260833740234,0.6432285904884338,0.05242101848125458,0.019978148862719536,0,0.6454180479049683,0.05281922221183777,0.426971435546875,0.5044288039207458,-0.49711427092552185,0.4964105188846588,-0.5020014643669128,1
0.663905143737793,0.05673407018184662,0.48268887400627136,0.5409663319587708,-0.47386059165000916,0.4660559892654419,-0.5153670907020569,0.6432285904884338,0.05242101848125458,0.019978148862719536,0,0.6432172656059265,0.05242323875427246,0.41997814178466797,0.5000079274177551,-0.4999859631061554,0.5000157952308655,-0.4999901056289673,1
0.6626947522163391,0.05622364953160286,0.47570133209228516,0.5367109179496765,-0.4767916202545166,0.46994152665138245,-0.5135816335678101,0.6432285904884338,0.05242101848125458,0.019978148862719536,0,0.6626947522163391,0.05622364953160286,0.47570133209228516,0.5367109179496765,-0.4767916202545166,0.46994152665138245,-0.5135816335678101,1
0.6622713208198547,0.05610940232872963,0.46858343482017517,0.533406138420105,-0.48022139072418213,0.4740910530090332,-0.5100027918815613,0.6432285904884338,0.05242101848125458,0.019978148862719536,0,0.6630447506904602,0.05613979324698448,0.4733286499977112,0.5363460779190063,-0.47702881693840027,0.4702572822570801,-0.513453483581543,1
0.6624535322189331,0.056134629994630814,0.4618246555328369,0.5304879546165466,-0.48334869742393494,0.47791317105293274,-0.5065131187438965,0.6432285904884338,0.05242101848125458,0.019978148862719536,0,0.6633832454681396,0.05605652555823326,0.47095632553100586,0.5359812378883362,-0.4772655665874481,0.4705727994441986,-0.5133251547813416,1
0.6628140211105347,0.05614183098077774,0.45596766471862793,0.5280563235282898,-0.4859112501144409,0.4810565710067749,-0.5036180019378662,0.6432285904884338,0.05242101848125458,0.019978148862719536,0,0.663710355758667,0.055974122136831284,0.4685836136341095,0.5356160998344421,-0.47750261425971985,0.4708881676197052,-0.5131968259811401,1
0.6632260680198669,0.056120745837688446,0.4511946737766266,0.5261573195457458,-0.48786547780036926,0.48346927762031555,-0.5014011263847351,0.6432285904884338,0.05242101848125458,0.019978148862719536,0,0.6640259027481079,0.05589263513684273,0.46621134877204895,0.5352507829666138,-0.4777393639087677,0.47120338678359985,-0.5130682587623596,1
0.6636654138565063,0.05608116835355759,0.44756555557250977,0.5248150825500488,-0.4892103672027588,0.48514026403427124,-0.4998812675476074,0.6432285904884338,0.05242101848125458,0.019978148862719536,0,0.6643299460411072,0.05581223964691162,0.4638391137123108,0.5348854660987854,-0.4779762923717499,0.4715181291103363,-0.5129393339157104,1
0.664138674736023,0.05602998286485672,0.4450966417789459,0.5240389704704285,-0.48995456099510193,0.4860735237598419,-0.4990592300891876,0.6432285904884338,0.05242101848125458,0.019978148862719536,0,0.6646226644515991,0.055732447654008865,0.46146681904792786,0.5345200300216675,-0.47821298241615295,0.4718327224254608,-0.5128102898597717,1
0.664657473564148,0.05596969276666641,0.44379085302352905,0.5238304734230042,-0.49010637402534485,0.4862765967845917,-0.498931348323822,0.6432285904884338,0.05242101848125458,0.019978148862719536,0,0.6649037599563599,0.055653564631938934,0.4590952694416046,0.5341543555259705,-0.4784497916698456,0.4721470773220062,-0.512681245803833,1
0.6652020215988159,0.05589960142970085,0.4435638189315796,0.5241484045982361,-0.48970818519592285,0.4858039915561676,-0.49944835901260376,0.6432285904884338,0.05242101848125458,0.019978148862719536,0,0.6651734113693237,0.05557555705308914,0.4567236304283142,0.5337883830070496,-0.478686660528183,0.47246140241622925,-0.5125517845153809,1
0.6656063199043274,0.055820222944021225,0.44372838735580444,0.524663507938385,-0.4890862703323364,0.48506960272789,-0.5002301931381226,0.6432285904884338,0.05242101848125458,0.019978148862719536,0,0.6654316186904907,0.05549868941307068,0.45435279607772827,0.5334227085113525,-0.4789232015609741,0.47277501225471497,-0.5124221444129944,1
0.6659084558486938,0.05574928969144821,0.4438983201980591,0.5251955986022949,-0.4884401559829712,0.4843027889728546,-0.5010454058647156,0.6432285904884338,0.05242101848125458,0.019978148862719536,0,0.6656785011291504,0.05542244389653206,0.4519821107387543,0.5330565571784973,-0.4791598916053772,0.47308871150016785,-0.5122924447059631,1
0.666162371635437,0.055687904357910156,0.4439297318458557,0.52568519115448,-0.48783597350120544,0.48358154296875,-0.5018166303634644,0.6432285904884338,0.05242101848125458,0.019978148862719536,0,0.6659140586853027,0.05534706637263298,0.44961196184158325,0.5326903462409973,-0.47939637303352356,0.4734019339084625,-0.5121626257896423,1
0.6663954257965088,0.05563139542937279,0.44376957416534424,0.5261085629463196,-0.4872971177101135,0.4829367995262146,-0.5025169849395752,0.6432285904884338,0.05242101848125458,0.019978148862719536,0,0.6661378145217896,0.05527261644601822,0.4472426474094391,0.5323240756988525,-0.47963282465934753,0.47371524572372437,-0.5120324492454529,1
0.6666209697723389,0.05557648092508316,0.4434044361114502,0.5264590382575989,-0.48682981729507446,0.48237842321395874,-0.5031388401985168,0.6432285904884338,0.05242101848125458,0.019978148862719536,0,0.666350245475769,0.055199068039655685,0.4448738396167755,0.5319576263427734,-0.4798692762851715,0.474028080701828,-0.5119021534919739,1
0.666844367980957,0.055520955473184586,0.44283971190452576,0.5267372727394104,-0.4864324629306793,0.4819062352180481,-0.5036839842796326,0.6432285904884338,0.05242101848125458,0.019978148862719536,0,0.6665512919425964,0.05512664467096329,0.44250595569610596,0.5315912365913391,-0.4801056385040283,0.47434064745903015,-0.5117716193199158,1
0.6670675277709961,0.05546417832374573,0.44208890199661255,0.5269479751586914,-0.4861012101173401,0.48151513934135437,-0.5041573643684387,0.6432285904884338,0.05242101848125458,0.019978148862719536,0,0.6667410731315613,0.05505485460162163,0.4401383101940155,0.5312244892120361,-0.4803420603275299,0.4746530055999756,-0.5116410255432129,1
0.6672906875610352,0.055405642837285995,0.4411675035953522,0.5270967483520508,-0.48583000898361206,0.48119863867759705,-0.5045651197433472,0.6432285904884338,0.05242101848125458,0.019978148862719536,0,0.6669192314147949,0.05498398467898369,0.4377720355987549,0.5308578014373779,-0.48057812452316284,0.47496503591537476,-0.5115101933479309,1
0.6675129532814026,0.05534538999199867,0.44009196758270264,0.5271890163421631,-0.485613614320755,0.48095032572746277,-0.5049138069152832,0.6432285904884338,0.05242101848125458,0.019978148862719536,0,0.6670859456062317,0.054914023727178574,0.435406357049942,0.5304908156394958,-0.4808143973350525,0.47527697682380676,-0.5113793015480042,1
0.6677330732345581,0.05528382211923599,0.43887799978256226,0.5272312164306641,-0.4854462146759033,0.4807626008987427,-0.50520920753479,0.6432285904884338,0.05242101848125458,0.019978148862719536,0,0.6672414541244507,0.054845213890075684,0.433041512966156,0.530123770236969,-0.4810505211353302,0.47558867931365967,-0.5112478733062744,1
0.6679502129554749,0.055220965296030045,0.43754011392593384,0.5272284150123596,-0.4853228032588959,0.48062950372695923,-0.5054574012756348,0.6432285904884338,0.05242101848125458,0.019978148862719536,0,0.667385458946228,0.05477706715464592,0.430677592754364,0.5297563672065735,-0.4812868535518646,0.47590023279190063,-0.5111164450645447,1
0.6681630611419678,0.05515693873167038,0.43609121441841125,0.5271853804588318,-0.4852384328842163,0.4805451035499573,-0.5056633949279785,0.6432285904884338,0.05242101848125458,0.019978148862719536,0,0.6675180196762085,0.05470981448888779,0.42831510305404663,0.5293890237808228,-0.48152288794517517,0.4762113094329834,-0.5109849572181702,1
0.6683698892593384,0.05509237200021744,0.4345436990261078,0.527106523513794,-0.4851892292499542,0.4805041253566742,-0.505831778049469,0.6432285904884338,0.05242101848125458,0.019978148862719536,0,0.667639434337616,0.05464347079396248,0.42595335841178894,0.5290215015411377,-0.48175889253616333,0.47652238607406616,-0.5108530521392822,1
0.6685705184936523,0.05502703785896301,0.4329078197479248,0.5269957780838013,-0.48517125844955444,0.4805017113685608,-0.5059667229652405,0.6432285904884338,0.05242101848125458,0.019978148862719536,0,0.6677491664886475,0.05457831919193268,0.4235929846763611,0.5286539793014526,-0.48199495673179626,0.47683292627334595,-0.5107211470603943,1
0.6687636971473694,0.05496155098080635,0.4311935305595398,0.5268567204475403,-0.48518106341362,0.4805337190628052,-0.5060717463493347,0.6432285904884338,0.05242101848125458,0.019978148862719536,0,0.6678476929664612,0.054513804614543915,0.4212339222431183,0.5282862186431885,-0.48223093152046204,0.4771433174610138,-0.510589063167572,1
0.6689486503601074,0.054895687848329544,0.4294084310531616,0.5266919732093811,-0.4852157235145569,0.48059675097465515,-0.5061500072479248,0.6432285904884338,0.05242101848125458,0.019978148862719536,0,0.6679350137710571,0.054450228810310364,0.41887587308883667,0.5279183387756348,-0.48246681690216064,0.4774535894393921,-0.5104566812515259,1
0.6691246032714844,0.054830051958560944,0.42756152153015137,0.5265049338340759,-0.48527270555496216,0.48068660497665405,-0.5062048435211182,0.6432285904884338,0.05242101848125458,0.019978148862719536,0,0.6680108308792114,0.05438757687807083,0.41651979088783264,0.5275503993034363,-0.4827025532722473,0.47776344418525696,-0.5103242993354797,1
0.6692910194396973,0.05476442724466324,0.4256593585014343,0.5262979865074158,-0.48534876108169556,0.4808005094528198,-0.5062388181686401,0.6432285904884338,0.05242101848125458,0.019978148862719536,0,0.6680752635002136,0.05432584136724472,0.41416463255882263,0.527182400226593,-0.48293811082839966,0.4780730605125427,-0.5101916193962097,1
0.6694475412368774,0.05469907820224762,0.4237074851989746,0.5260729789733887,-0.48544275760650635,0.4809362292289734,-0.506253719329834,0.6432285904884338,0.05242101848125458,0.019978148862719536,0,0.6681284308433533,0.054265279322862625,0.4118112623691559,0.5268142819404602,-0.48317399621009827,0.4783823490142822,-0.5100587606430054,1
0.6695934534072876,0.054634083062410355,0.4217117428779602,0.5258318781852722,-0.48555219173431396,0.48109105229377747,-0.5062521696090698,0.6432285904884338,0.05242101848125458,0.019978148862719536,0,0.6681703329086304,0.05420539528131485,0.40945905447006226,0.5264459252357483,-0.4834095239639282,0.47869136929512024,-0.509925901889801,1
0.6697285175323486,0.05456969514489174,0.41967737674713135,0.5255768895149231,-0.4856756627559662,0.4812624752521515,-0.506235659122467,0.6432285904884338,0.05242101848125458,0.019978148862719536,0,0.6682007908821106,0.05414644628763199,0.4071086645126343,0.5260774493217468,-0.4836450517177582,0.47900035977363586,-0.5097925662994385,1
0.6698523759841919,0.054505690932273865,0.4176085889339447,0.5253090858459473,-0.4858112037181854,0.481449156999588,-0.5062059760093689,0.6432285904884338,0.05242101848125458,0.019978148862719536,0,0.668220043182373,0.05408842861652374,0.4047597050666809,0.5257086157798767,-0.48388078808784485,0.4793091416358948,-0.5096591711044312,1
0.6699650287628174,0.05444236844778061,0.415508896112442,0.5250299572944641,-0.48595771193504333,0.48164916038513184,-0.50616455078125,0.6432285904884338,0.05242101848125458,0.019978148862719536,0,0.6682279706001282,0.054031599313020706,0.4024128019809723,0.5253401398658752,-0.48411622643470764,0.4796174466609955,-0.5095254778862,1
0.6700659990310669,0.05437947064638138,0.41338202357292175,0.5247408151626587,-0.4861139953136444,0.48186102509498596,-0.5061126947402954,0.6432285904884338,0.05242101848125458,0.019978148862719536,0,0.668224573135376,0.05397545173764229,0.400067538022995,0.5249711275100708,-0.48435157537460327,0.47992584109306335,-0.509391725063324,1
0.6701553463935852,0.05431753396987915,0.4112315773963928,0.5244430899620056,-0.48627883195877075,0.48208317160606384,-0.5060515403747559,0.6432285904884338,0.05242101848125458,0.019978148862719536,0,0.6682100892066956,0.053920213133096695,0.3977239727973938,0.5246021747589111,-0.4845869243144989,0.4802337884902954,-0.5092577338218689,1
0.6702325940132141,0.05425606667995453,0.4090602993965149,0.5241371393203735,-0.48645126819610596,0.4823145270347595,-0.5059822797775269,0.6432285904884338,0.05242101848125458,0.019978148862719536,0,0.6681841015815735,0.05386596918106079,0.3953825533390045,0.5242330431938171,-0.48482221364974976,0.4805413484573364,-0.509123682975769,1
0.6702979803085327,0.05419554561376572,0.4068697392940521,0.5238239765167236,-0.48663076758384705,0.4825543761253357,-0.505905270576477,0.6432285904884338,0.05242101848125458,0.019978148862719536,0,0.6681471467018127,0.05381288379430771,0.39304298162460327,0.5238640308380127,-0.4850574731826782,0.4808488190174103,-0.5089892148971558,1
0.6703513860702515,0.05413604900240898,0.40466317534446716,0.5235047340393066,-0.4868161976337433,0.48280131816864014,-0.5058216452598572,0.6432285904884338,0.05242101848125458,0.019978148862719536,0,0.6680989265441895,0.05376047641038895,0.3907051086425781,0.5234944820404053,-0.485292911529541,0.4811561107635498,-0.5088546872138977,1
0.6703927516937256,0.054077014327049255,0.40244218707084656,0.5231796503067017,-0.4870070219039917,0.48305460810661316,-0.505732536315918,0.6432285904884338,0.05242101848125458,0.019978148862719536,0,0.6680393218994141,0.05370904505252838,0.38836967945098877,0.5231250524520874,-0.485527902841568,0.48146286606788635,-0.5087201595306396,1
0.6704218983650208,0.05401923879981041,0.400208443403244,0.5228497385978699,-0.48720255494117737,0.48331382870674133,-0.5056377649307251,0.6432285904884338,0.05242101848125458,0.019978148862719536,0,0.6679686307907104,0.05365854874253273,0.3860366642475128,0.52275550365448,-0.48576292395591736,0.48176950216293335,-0.5085853934288025,1
0.6704390645027161,0.05396196246147156,0.39796391129493713,0.5225149989128113,-0.4874023497104645,0.4835779368877411,-0.5055386424064636,0.6432285904884338,0.05242101848125458,0.019978148862719536,0,0.6678867340087891,0.05360925942659378,0.38370540738105774,0.5223857760429382,-0.48599815368652344,0.48207587003707886,-0.5084502100944519,1
0.6704439520835876,0.053905922919511795,0.3957100510597229,0.5221766233444214,-0.48760583996772766,0.4838463068008423,-0.5054352283477783,0.6432285904884338,0.05242101848125458,0.019978148862719536,0,0.6677938103675842,0.05356064438819885,0.38137659430503845,0.5220160484313965,-0.4862329959869385,0.4823818504810333,-0.5083152055740356,1
0.6704369187355042,0.05385064333677292,0.3934476971626282,0.5218344926834106,-0.48781269788742065,0.48411887884140015,-0.5053279995918274,0.6432285904884338,0.05242101848125458,0.019978148862719536,0,0.6676893830299377,0.053513024002313614,0.379050076007843,0.5216460824012756,-0.4864678978919983,0.4826878011226654,-0.508179783821106,1
0.670417845249176,0.05379635468125343,0.3911781311035156,0.5214889645576477,-0.4880227744579315,0.4843948781490326,-0.5052173137664795,0.6432285904884338,0.05242101848125458,0.019978148862719536,0,0.6675741672515869,0.0534663125872612,0.3767257630825043,0.5212759375572205,-0.4867027699947357,0.4829934537410736,-0.5080443024635315,1
0.6703866720199585,0.05374284088611603,0.3889027237892151,0.5211408138275146,-0.488235205411911,0.48467379808425903,-0.5051037669181824,0.6432285904884338,0.05242101848125458,0.019978148862719536,0,0.6674477458000183,0.053420573472976685,0.37440362572669983,0.5209057331085205,-0.48693767189979553,0.48329904675483704,-0.5079083442687988,1
0.6703434586524963,0.05369032919406891,0.38662266731262207,0.520790159702301,-0.4884498417377472,0.48495522141456604,-0.5049879550933838,0.6432285904884338,0.05242101848125458,0.019978148862719536,0,0.6673100590705872,0.05337604880332947,0.37208420038223267,0.520535409450531,-0.48717260360717773,0.4836041331291199,-0.5077722668647766,1
0.6702883243560791,0.05363880842924118,0.3843381404876709,0.5204371809959412,-0.48866650462150574,0.48523905873298645,-0.5048693418502808,0.6432285904884338,0.05242101848125458,0.019978148862719536,0,0.667161226272583,0.05333222821354866,0.36976784467697144,0.5201651453971863,-0.48740702867507935,0.48390889167785645,-0.5076363682746887,1
0.6702212691307068,0.053588297218084335,0.38204994797706604,0.5200822353363037,-0.48888519406318665,0.48552486300468445,-0.5047487020492554,0.6432285904884338,0.05242101848125458,0.019978148862719536,0,0.6670016050338745,0.05328937619924545,0.36745336651802063,0.519794225692749,-0.487641841173172,0.48421385884284973,-0.5074999928474426,1
0.6701424717903137,0.053538788110017776,0.3797591030597687,0.5197254419326782,-0.4891054630279541,0.48581230640411377,-0.5046262145042419,0.6432285904884338,0.05242101848125458,0.019978148862719536,0,0.6668307185173035,0.053247470408678055,0.3651420772075653,0.5194237232208252,-0.48787620663642883,0.4845182001590729,-0.507363498210907,1
0.670051634311676,0.053490050137043,0.3774663209915161,0.5193670392036438,-0.4893268048763275,0.4861014783382416,-0.5045021772384644,0.6432285904884338,0.05242101848125458,0.019978148862719536,0,0.666648805141449,0.05320677161216736,0.3628331422805786,0.5190529823303223,-0.48811084032058716,0.48482227325439453,-0.507226824760437,1
0.6699490547180176,0.053442563861608505,0.37517184019088745,0.5190073251724243,-0.4895496368408203,0.4863918125629425,-0.5043764710426331,0.6432285904884338,0.05242101848125458,0.019978148862719536,0,0.666455864906311,0.05316681042313576,0.3605274558067322,0.5186820030212402,-0.4883454144001007,0.4851260483264923,-0.5070902109146118,1
0.6698348522186279,0.053395792841911316,0.37287580966949463,0.5186459422111511,-0.48977360129356384,0.48668327927589417,-0.5042493939399719,0.6432285904884338,0.05242101848125458,0.019978148862719536,0,0.6662520170211792,0.053127795457839966,0.3582240343093872,0.5183109641075134,-0.48857980966567993,0.4854298532009125,-0.5069530606269836,1
0.6697089672088623,0.053350042551755905,0.37057939171791077,0.5182836055755615,-0.48999837040901184,0.4869760274887085,-0.504120945930481,0.6432285904884338,0.05242101848125458,0.019978148862719536,0,0.6660370826721191,0.05308976769447327,0.35592368245124817,0.5179398059844971,-0.4888141453266144,0.4857330918312073,-0.5068159103393555,1
0.6695713996887207,0.05330529808998108,0.3682829737663269,0.517920196056366,-0.49022403359413147,0.48726922273635864,-0.5039917230606079,0.6432285904884338,0.05242101848125458,0.019978148862719536,0,0.6658112406730652,0.053052932024002075,0.35362622141838074,0.5175684690475464,-0.48904862999916077,0.48603618144989014,-0.5066784620285034,1
0.6694220900535583,0.053261563181877136,0.3659866452217102,0.5175559520721436,-0.49045026302337646,0.4875633120536804,-0.5038613677024841,0.6432285904884338,0.05242101848125458,0.019978148862719536,0,0.6655742526054382,0.053016819059848785,0.351331889629364,0.5171970725059509,-0.48928287625312805,0.4863392114639282,-0.5065406560897827,1
0.6692615151405334,0.0532187782227993,0.36369046568870544,0.5171907544136047,-0.4906774163246155,0.48785802721977234,-0.5037298798561096,0.6432285904884338,0.05242101848125458,0.019978148862719536,0,0.6653264164924622,0.052981700748205185,0.3490404486656189,0.5168254971504211,-0.4895171523094177,0.48664188385009766,-0.5064029693603516,1
0.6690893769264221,0.053177010267972946,0.36139506101608276,0.5168248414993286,-0.4909050464630127,0.4881531298160553,-0.5035978555679321,0.6432285904884338,0.05242101848125458,0.019978148862719536,0,0.665067732334137,0.05294753611087799,0.3467522859573364,0.5164538621902466,-0.48975127935409546,0.4869442582130432,-0.5062650442123413,1
0.6689058542251587,0.05313625931739807,0.35910093784332275,0.5164583325386047,-0.49113303422927856,0.4884485900402069,-0.5034651160240173,0.6432285904884338,0.05242101848125458,0.019978148862719536,0,0.6647980809211731,0.05291459709405899,0.34446728229522705,0.5160821080207825,-0.48998549580574036,0.4872463643550873,-0.5061267614364624,1
0.6687106490135193,0.05309648439288139,0.35680830478668213,0.5160911083221436,-0.4913614094257355,0.48874443769454956,-0.5033316612243652,0.6432285904884338,0.05242101848125458,0.019978148862719536,0,0.6645175218582153,0.05288240313529968,0.3421853184700012,0.5157101154327393,-0.4902196228504181,0.487548291683197,-0.5059884190559387,1
0.668504536151886,0.05305744707584381,0.3545166254043579,0.5157231688499451,-0.4915902614593506,0.4890405833721161,-0.5031975507736206,0.6432285904884338,0.05242101848125458,0.019978148862719536,0,0.6642261147499084,0.05285117030143738,0.33990681171417236,0.5153381824493408,-0.4904536008834839,0.48785004019737244,-0.5058499574661255,1
0.6682866811752319,0.05301967263221741,0.35222747921943665,0.5153552293777466,-0.4918191730976105,0.48933666944503784,-0.5030631422996521,0.6432285904884338,0.05242101848125458,0.019978148862719536,0,0.6639238595962524,0.05282090604305267,0.3376320004463196,0.5149661302566528,-0.49068745970726013,0.4881512522697449,-0.5057114958763123,1
0.6680577397346497,0.05298285931348801,0.34993988275527954,0.514986515045166,-0.4920484125614166,0.48963305354118347,-0.5029279589653015,0.6432285904884338,0.05242101848125458,0.019978148862719536,0,0.6636108160018921,0.052791617810726166,0.3353601396083832,0.5145937204360962,-0.4909211993217468,0.48845261335372925,-0.5055726170539856,1
0.6678176522254944,0.0529467910528183,0.3476540744304657,0.5146173238754272,-0.49227800965309143,0.4899296164512634,-0.5027924180030823,0.6432285904884338,0.05242101848125458,0.019978148862719536,0,0.6632869839668274,0.05276356264948845,0.3330915868282318,0.5142213106155396,-0.491155207157135,0.48875337839126587,-0.5054334402084351,1
0.6675661206245422,0.05291197821497917,0.34537097811698914,0.5142478942871094,-0.49250781536102295,0.49022606015205383,-0.5026564598083496,0.6432285904884338,0.05242101848125458,0.019978148862719536,0,0.6629523038864136,0.05273623391985893,0.330826997756958,0.5138490200042725,-0.491388738155365,0.4890538454055786,-0.5052944421768188,1
0.667303740978241,0.05287788435816765,0.3430904150009155,0.5138781070709229,-0.49273762106895447,0.4905224144458771,-0.5025201439857483,0.6432285904884338,0.05242101848125458,0.019978148862719536,0,0.6626068353652954,0.05270989611744881,0.32856595516204834,0.5134764313697815,-0.4916224479675293,0.4893542528152466,-0.505155086517334,1
0.6670302152633667,0.0528450571000576,0.34081214666366577,0.513508141040802,-0.4929676949977875,0.49081891775131226,-0.5023833513259888,0.6432285904884338,0.05242101848125458,0.019978148862719536,0,0.662250816822052,0.05268450826406479,0.32630813121795654,0.5131035447120667,-0.49185624718666077,0.4896544814109802,-0.50501549243927,1
0.6667453050613403,0.052813224494457245,0.3385371267795563,0.5131379961967468,-0.4931977689266205,0.491115003824234,-0.5022463202476501,0.6432285904884338,0.05242101848125458,0.019978148862719536,0,0.6618838906288147,0.05266038328409195,0.3240542709827423,0.5127308368682861,-0.4920899271965027,0.4899543225765228,-0.5048755407333374,1
0.6664496660232544,0.052782099694013596,0.3362644910812378,0.5127670168876648,-0.49342799186706543,0.4914115071296692,-0.5021090507507324,0.6432285904884338,0.05242101848125458,0.019978148862719536,0,0.6615062355995178,0.05263699218630791,0.32180434465408325,0.5123578310012817,-0.4923233985900879,0.49025389552116394,-0.5047356486320496,1
0.666143000125885,0.05275196209549904,0.33399492502212524,0.5123961567878723,-0.4936581552028656,0.4917076826095581,-0.5019713640213013,0.6432285904884338,0.05242101848125458,0.019978148862719536,0,0.6611180305480957,0.052614592015743256,0.31955769658088684,0.5119847655296326,-0.49255692958831787,0.49055343866348267,-0.5045953989028931,1
0.665825366973877,0.052723079919815063,0.331728458404541,0.5120251774787903,-0.49388837814331055,0.49200356006622314,-0.5018336176872253,0.6432285904884338,0.05242101848125458,0.019978148862719536,0,0.6607189774513245,0.05259314924478531,0.31731507182121277,0.5116114020347595,-0.492790549993515,0.4908526837825775,-0.504455029964447,1
0.6654967069625854,0.05269494652748108,0.32946547865867615,0.5116540193557739,-0.4941185712814331,0.49229931831359863,-0.5016955137252808,0.6432285904884338,0.05242101848125458,0.019978148862719536,0,0.6603094935417175,0.05257295444607735,0.31507664918899536,0.5112380981445312,-0.49302396178245544,0.4911513328552246,-0.5043145418167114,1
0.6651572585105896,0.0526680164039135,0.32720571756362915,0.511282742023468,-0.4943486154079437,0.49259471893310547,-0.5015572905540466,0.6432285904884338,0.05242101848125458,0.019978148862719536,0,0.6598893404006958,0.05255351588129997,0.31284189224243164,0.510864794254303,-0.4932572841644287,0.49145007133483887,-0.5041738152503967,1
0.6648070216178894,0.052641838788986206,0.32494914531707764,0.5109111070632935,-0.49457892775535583,0.49289026856422424,-0.5014185905456543,0.6432285904884338,0.05242101848125458,0.019978148862719536,0,0.6594586372375488,0.0525350384414196,0.31061145663261414,0.5104912519454956,-0.49349045753479004,0.49174821376800537,-0.5040332078933716,1
0.6644458174705505,0.052616655826568604,0.3226965069770813,0.5105394721031189,-0.4948088824748993,0.49318525195121765,-0.5012801289558411,0.6432285904884338,0.05242101848125458,0.019978148862719536,0,0.6590173244476318,0.052517570555210114,0.3083847761154175,0.5101175904273987,-0.4937237501144409,0.4920465350151062,-0.5038920044898987,1
0.6640738248825073,0.05259270220994949,0.32044699788093567,0.5101675391197205,-0.495039165019989,0.49348029494285583,-0.5011411309242249,0.6432285904884338,0.05242101848125458,0.019978148862719536,0,0.6585654616355896,0.05250132456421852,0.30616265535354614,0.509743869304657,-0.49395668506622314,0.49234411120414734,-0.5037509799003601,1
0.6636911630630493,0.052569467574357986,0.3182011842727661,0.5097953081130981,-0.4952692985534668,0.4937750995159149,-0.5010020136833191,0.6432285904884338,0.05242101848125458,0.019978148862719536,0,0.6581031680107117,0.05248581990599632,0.3039441704750061,0.5093700289726257,-0.4941898286342621,0.4926418960094452,-0.5036095380783081,1
0.6632977724075317,0.05254748463630676,0.3159591853618622,0.5094234347343445,-0.49549946188926697,0.4940694272518158,-0.500862717628479,0.6432285904884338,0.05242101848125458,0.019978148862719536,0,0.6576300859451294,0.05247131735086441,0.30173027515411377,0.508995771408081,-0.4944230318069458,0.4929393529891968,-0.503467857837677,1
0.662893533706665,0.05252627283334732,0.31372106075286865,0.5090511441230774,-0.49572935700416565,0.4943638741970062,-0.500723123550415,0.6432285904884338,0.05242101848125458,0.019978148862719536,0,0.6571468114852905,0.052457794547080994,0.29952073097229004,0.5086219310760498,-0.4946557879447937,0.49323639273643494,-0.5033261775970459,1
0.6624786853790283,0.05250602215528488,0.3114868998527527,0.5086787343025208,-0.49595925211906433,0.49465787410736084,-0.5005835890769958,0.6432285904884338,0.05242101848125458,0.019978148862719536,0,0.656653106212616,0.05244525894522667,0.29731541872024536,0.5082474946975708,-0.4948888123035431,0.49353325366973877,-0.5031842589378357,1
0.6620532274246216,0.052487000823020935,0.3092571198940277,0.5083063840866089,-0.4961891174316406,0.4949512779712677,-0.5004440546035767,0.6432285904884338,0.05242101848125458,0.019978148862719536,0,0.6561489105224609,0.05243396386504173,0.2951143682003021,0.5078731775283813,-0.49512186646461487,0.4938296973705292,-0.5030420422554016,1
0.6616171598434448,0.05246873199939728,0.30703094601631165,0.5079337358474731,-0.496418833732605,0.49524471163749695,-0.500304102897644,0.6432285904884338,0.05242101848125458,0.019978148862719536,0,0.6556342840194702,0.05242341756820679,0.2929179072380066,0.5074986815452576,-0.49535462260246277,0.49412620067596436,-0.5028995871543884,1
0.6611705422401428,0.05245146527886391,0.30480900406837463,0.507561206817627,-0.4966484308242798,0.49553772807121277,-0.5001642107963562,0.6432285904884338,0.05242101848125458,0.019978148862719536,0,0.6551093459129333,0.05241386219859123,0.29072609543800354,0.507124125957489,-0.49558740854263306,0.4944222569465637,-0.5027571320533752,1
0.6607133150100708,0.05243540555238724,0.3025909662246704,0.5071886777877808,-0.49687790870666504,0.49583062529563904,-0.5000238418579102,0.6432285904884338,0.05242101848125458,0.019978148862719536,0,0.6545742154121399,0.05240531265735626,0.28853848576545715,0.5067492723464966,-0.4958202540874481,0.4947180151939392,-0.5026145577430725,1
0.6602455973625183,0.052420083433389664,0.30037742853164673,0.5068157315254211,-0.4971076548099518,0.4961231052875519,-0.49988359212875366,0.6432285904884338,0.05242101848125458,0.019978148862719536,0,0.6540285348892212,0.05239798501133919,0.2863557040691376,0.5063746571540833,-0.4960528314113617,0.4950135350227356,-0.5024716258049011,1
0.6597675085067749,0.052405763417482376,0.2981681823730469,0.5064429044723511,-0.4973370134830475,0.496415376663208,-0.49974313378334045,0.6432285904884338,0.05242101848125458,0.019978148862719536,0,0.6534726619720459,0.052391406148672104,0.28417783975601196,0.505999743938446,-0.4962855279445648,0.49530887603759766,-0.502328634262085,1
0.6592787504196167,0.05239245295524597,0.2959633469581604,0.5060699582099915,-0.49756625294685364,0.49670732021331787,-0.49960261583328247,0.6432285904884338,0.05242101848125458,0.019978148862719536,0,0.6529066562652588,0.052385807037353516,0.28200435638427734,0.5056247115135193,-0.49651792645454407,0.4956039488315582,-0.5021853446960449,1
0.6587795615196228,0.05238035321235657,0.29376283288002014,0.5056969523429871,-0.49779555201530457,0.49699893593788147,-0.4994617998600006,0.6432285904884338,0.05242101848125458,0.019978148862719536,0,0.6523302793502808,0.052381232380867004,0.2798360586166382,0.5052496194839478,-0.4967503547668457,0.49589860439300537,-0.5020421147346497,1
0.6582702398300171,0.05236898362636566,0.29156696796417236,0.5053240060806274,-0.498024582862854,0.49729016423225403,-0.4993211030960083,0.6432285904884338,0.05242101848125458,0.019978148862719536,0,0.6517437100410461,0.05237787961959839,0.27767205238342285,0.5048742890357971,-0.496983140707016,0.4961932599544525,-0.5018983483314514,1
0.6577503085136414,0.05235862731933594,0.2893757224082947,0.5049508213996887,-0.4982534945011139,0.4975811839103699,-0.49918025732040405,0.6432285904884338,0.05242101848125458,0.019978148862719536,0,0.6511468887329102,0.05237527936697006,0.2755131125450134,0.5044988393783569,-0.4972153604030609,0.4964877665042877,-0.501754641532898,1
0.6572201251983643,0.05234949290752411,0.28718894720077515,0.5045776963233948,-0.4984825551509857,0.497871994972229,-0.49903902411460876,0.6432285904884338,0.05242101848125458,0.019978148862719536,0,0.6505399346351624,0.05237369239330292,0.27335941791534424,0.504123330116272,-0.4974476397037506,0.49678170680999756,-0.5016107559204102,1
0.656679630279541,0.05234111100435257,0.2850066125392914,0.5042042136192322,-0.4987114667892456,0.49816250801086426,-0.49889788031578064,0.6432285904884338,0.05242101848125458,0.019978148862719536,0,0.6499229669570923,0.052373066544532776,0.27121052145957947,0.5037477016448975,-0.4976799190044403,0.4970756769180298,-0.5014665126800537,1
0.6561288833618164,0.05233372002840042,0.2828293442726135,0.5038308501243591,-0.498940110206604,0.4984525442123413,-0.49875661730766296,0.6432285904884338,0.05242101848125458,0.019978148862719536,0,0.6492960453033447,0.052373453974723816,0.2690666615962982,0.503372073173523,-0.49791207909584045,0.49736905097961426,-0.5013223886489868,1
0.6555678844451904,0.05232754722237587,0.28065699338912964,0.5034576058387756,-0.4991687536239624,0.4987421929836273,-0.4986152648925781,0.6432285904884338,0.05242101848125458,0.019978148862719536,0,0.6486586928367615,0.05237507447600365,0.2669277489185333,0.5029962062835693,-0.4981444180011749,0.4976625442504883,-0.5011775493621826,1
0.6549967527389526,0.05232211947441101,0.27848905324935913,0.503084123134613,-0.49939724802970886,0.49903178215026855,-0.4984737038612366,0.6432285904884338,0.05242101848125458,0.019978148862719536,0,0.6480115652084351,0.05237743631005287,0.2647945284843445,0.5026203393936157,-0.49837639927864075,0.4979553818702698,-0.5010330677032471,1
0.6544154286384583,0.052317678928375244,0.27632635831832886,0.5027105212211609,-0.49962565302848816,0.4993210732936859,-0.4983319938182831,0.6432285904884338,0.05242101848125458,0.019978148862719536,0,0.6473543047904968,0.05238081514835358,0.2626660466194153,0.502244234085083,-0.4986084997653961,0.4982481896877289,-0.5008882284164429,1
0.6538236737251282,0.052314236760139465,0.2741689383983612,0.5023370981216431,-0.4998537600040436,0.4996096193790436,-0.49819058179855347,0.6432285904884338,0.05242101848125458,0.019978148862719536,0,0.6466872692108154,0.05238516628742218,0.2605428397655487,0.5018680095672607,-0.49884045124053955,0.49854084849357605,-0.5007430911064148,1
0.6532220840454102,0.052312031388282776,0.272015780210495,0.5019635558128357,-0.5000819563865662,0.49989834427833557,-0.4980483949184418,0.6432285904884338,0.05242101848125458,0.019978148862719536,0,0.646010160446167,0.05239076539874077,0.2584252655506134,0.501491904258728,-0.499072402715683,0.49883291125297546,-0.5005979537963867,1
0.6526103615760803,0.052310556173324585,0.2698679566383362,0.5015897750854492,-0.5003100037574768,0.5001864433288574,-0.49790656566619873,0.6432285904884338,0.05242101848125458,0.019978148862719536,0,0.6453230977058411,0.05239710956811905,0.25631269812583923,0.501115620136261,-0.4993041455745697,0.4991248846054077,-0.5004525184631348,1
0.6519884467124939,0.05231008678674698,0.26772546768188477,0.5012160539627075,-0.5005378127098083,0.5004743933677673,-0.4977646768093109,0.6432285904884338,0.05242101848125458,0.019978148862719536,0,0.644626259803772,0.05240445211529732,0.2542058527469635,0.5007390975952148,-0.4995359778404236,0.49941661953926086,-0.500307023525238,1
0.6513566970825195,0.05231083184480667,0.26558810472488403,0.5008424520492554,-0.5007655620574951,0.5007618069648743,-0.4976224899291992,0.6432285904884338,0.05242101848125458,0.019978148862719536,0,0.6439194083213806,0.052412789314985275,0.25210434198379517,0.5003623962402344,-0.4997677803039551,0.49970802664756775,-0.500161349773407,1
0.6507147550582886,0.05231234058737755,0.26345598697662354,0.5004686713218689,-0.5009933114051819,0.5010491609573364,-0.49748021364212036,0.6432285904884338,0.05242101848125458,0.019978148862719536,0,0.6432029604911804,0.05242235213518143,0.25000840425491333,0.49998602271080017,-0.49999934434890747,0.49999943375587463,-0.5000151991844177,1
0.6500629186630249,0.052314817905426025,0.2613290250301361,0.5000948309898376,-0.5012207627296448,0.5013360381126404,-0.4973379075527191,0.6432285904884338,0.05242101848125458,0.019978148862719536,1,0.6500629186630249,0.052314817905426025,0.2613290250301361,0.5000948309898376,-0.5012207627296448,0.5013360381126404,-0.4973379075527191,0
0.649878978729248,0.05232810974121094,0.2597808241844177,0.49955517053604126,-0.501751720905304,0.5019572377204895,-0.4967178404331207,0.6432285904884338,0.05242101848125458,0.019978148862719536,1,0.6500629186630249,0.052314817905426025,0.2613290250301361,0.5000948309898376,-0.5012207627296448,0.5013360381126404,-0.4973379075527191,0
0.6499447226524353,0.052324749529361725,0.258803129196167,0.4991280436515808,-0.5021758675575256,0.5024653673171997,-0.496204674243927,0.6432285904884338,0.05242101848125458,0.019978148862719536,1,0.6500629186630249,0.052314817905426025,0.2613290250301361,0.5000948309898376,-0.5012207627296448,0.5013360381126404,-0.4973379075527191,0
0.6500158905982971,0.05231316760182381,0.25808024406433105,0.4988171458244324,-0.5024785399436951,0.5028353333473206,-0.4958360493183136,0.6432285904884338,0.05242101848125458,0.019978148862719536,1,0.6500629186630249,0.052314817905426025,0.2613290250301361,0.5000948309898376,-0.5012207627296448,0.5013360381126404,-0.4973379075527191,0
0.6500783562660217,0.05230211094021797,0.2574978172779083,0.49856796860694885,-0.5027197599411011,0.5031312108039856,-0.4955418109893799,0.6432285904884338,0.05242101848125458,0.019978148862719536,1,0.6500629186630249,0.052314817905426025,0.2613290250301361,0.5000948309898376,-0.5012207627296448,0.5013360381126404,-0.4973379075527191,0
0.6501328349113464,0.052293673157691956,0.25700584053993225,0.49835848808288574,-0.5029230117797852,0.5033798813819885,-0.49529364705085754,0.6432285904884338,0.05242101848125458,0.019978148862719536,1,0.6500629186630249,0.052314817905426025,0.2613290250301361,0.5000948309898376,-0.5012207627296448,0.5013360381126404,-0.4973379075527191,0
0.6501808762550354,0.0522872731089592,0.25657904148101807,0.49817731976509094,-0.5030994415283203,0.5035947561264038,-0.49507832527160645,0.6432285904884338,0.05242101848125458,0.019978148862719536,1,0.6500629186630249,0.052314817905426025,0.2613290250301361,0.5000948309898376,-0.5012207627296448,0.5013360381126404,-0.4973379075527191,0
0.6502243280410767,0.05227763205766678,0.2562083899974823,0.49801650643348694,-0.503253161907196,0.5037797689437866,-0.4948955774307251,0.643174409866333,0.05300600826740265,0.020284855738282204,1,0.6500629186630249,0.052314817905426025,0.2613290250301361,0.5000948309898376,-0.5012207627296448,0.5013360381126404,-0.4973379075527191,0
0.650262713432312,0.05227112025022507,0.2558795213699341,0.49787670373916626,-0.503387987613678,0.5039451718330383,-0.49473077058792114,0.6430740356445312,0.05331450700759888,0.02030956745147705,1,0.650262713432312,0.05227112025022507,0.2558795213699341,0.49787670373916626,-0.503387987613678,0.5039451718330383,-0.49473077058792114,0
0.6503021121025085,0.052275143563747406,0.2553180754184723,0.49765679240226746,-0.5036093592643738,0.5042045712471008,-0.49446243047714233,0.6428902745246887,0.053236573934555054,0.019790183752775192,1,0.6545007228851318,0.05245772749185562,0.26315900683403015,0.5021001100540161,-0.5006496906280518,0.5005113482475281,-0.496722936630249,0
0.6507148742675781,0.05229998752474785,0.2550707459449768,0.49764519929885864,-0.5037628412246704,0.5043556094169617,-0.49416348338127136,0.6430802941322327,0.05316581949591637,0.019687799736857414,1,0.658601701259613,0.05266350880265236,0.2705078423023224,0.5063075423240662,-0.497901976108551,0.4970451593399048,-0.49869054555892944,0
0.6514965891838074,0.05233512818813324,0.2553655505180359,0.4979569613933563,-0.5037193894386292,0.504263699054718,-0.493987500667572,0.6437650918960571,0.05311955511569977,0.019983725622296333,1,0.6625648736953735,0.05288822576403618,0.27792277932167053,0.5104987025260925,-0.4951452612876892,0.4935464560985565,-0.5006337761878967,0
0.6526243090629578,0.05237946659326553,0.25628045201301575,0.49862560629844666,-0.5034350156784058,0.5038782954216003,-0.493996262550354,0.6451156735420227,0.053142618387937546,0.02072959393262863,1,0.6663885116577148,0.05313160642981529,0.2854023575782776,0.5146734714508057,-0.4923790693283081,0.4900151193141937,-0.5025527477264404,0
0.6540671586990356,0.05243474617600441,0.2578236758708954,0.4996480643749237,-0.5029029846191406,0.5031890869140625,-0.4942074120044708,0.6471274495124817,0.05323467031121254,0.02199738286435604,1,0.6700714230537415,0.0533934123814106,0.29294320940971375,0.5188312530517578,-0.4896042048931122,0.48645132780075073,-0.5044471621513367,0
0.6557875871658325,0.052502237260341644,0.25997239351272583,0.5010047554969788,-0.5021331310272217,0.5022050738334656,-0.4946174919605255,0.6496817469596863,0.05338523909449577,0.023847268894314766,1,0.6736125946044922,0.05367337912321091,0.30054333806037903,0.5229719281196594,-0.48682013154029846,0.48285552859306335,-0.5063170790672302,0
0.657738447189331,0.052583247423172,0.26266857981681824,0.5026586651802063,-0.5011512041091919,0.5009562969207764,-0.4952014684677124,0.6526972651481628,0.05358944088220596,0.026237301528453827,1,0.6770108938217163,0.05397120863199234,0.3081992566585541,0.5270949006080627,-0.48402729630470276,0.47922784090042114,-0.5081624388694763,0
0.6598823666572571,0.05267903953790665,0.2658598721027374,0.5045764446258545,-0.4999804198741913,0.49946874380111694,-0.4959365129470825,0.6561115384101868,0.05384312570095062,0.029123282060027122,1,0.6802650094032288,0.05428662151098251,0.31590932607650757,0.5312004685401917,-0.48122552037239075,0.47556793689727783,-0.509983479976654,0
0.6621865034103394,0.05279078334569931,0.2695000469684601,0.5067287087440491,-0.4986409842967987,0.49776509404182434,-0.4968028664588928,0.6598707437515259,0.054143182933330536,0.032465554773807526,1,0.6833740472793579,0.05461934953927994,0.32367098331451416,0.5352879762649536,-0.47841471433639526,0.4718761146068573,-0.5117802619934082,0
0.6646208167076111,0.05291832238435745,0.27354878187179565,0.5090896487236023,-0.49714937806129456,0.49586471915245056,-0.4977835416793823,0.66392582654953,0.054487086832523346,0.03622908517718315,1,0.6863367557525635,0.054969098418951035,0.33148056268692017,0.5393566489219666,-0.4755955934524536,0.46815282106399536,-0.5135524272918701,0
0.6671574115753174,0.0530625581741333,0.2779686450958252,0.5116349458694458,-0.4955216944217682,0.49378567934036255,-0.49886226654052734,0.6682317852973938,0.05488007515668869,0.04038344696164131,1,0.6891524791717529,0.05533548444509506,0.33933600783348083,0.5434068441390991,-0.47276780009269714,0.4643980860710144,-0.515299916267395,0
0.6697706580162048,0.05322377756237984,0.2827271819114685,0.5143436789512634,-0.49377161264419556,0.4915429949760437,-0.5000256299972534,0.672747790813446,0.055304154753685,0.04489936679601669,1,0.6918202042579651,0.05571804195642471,0.3472342789173126,0.5474376678466797,-0.469931423664093,0.4606122672557831,-0.5170229077339172,0
0.6724371910095215,0.053401850163936615,0.28779539465904236,0.5171962976455688,-0.4919111728668213,0.4891510009765625,-0.5012610554695129,0.6774364709854126,0.055765606462955475,0.04975185915827751,1,0.6943390965461731,0.05611690878868103,0.3551732897758484,0.551449179649353,-0.4670867323875427,0.45679497718811035,-0.5187215805053711,0
0.675135612487793,0.053597595542669296,0.2931463122367859,0.5201759338378906,-0.4899511933326721,0.4866214990615845,-0.5025576949119568,0.6822636127471924,0.05627048388123512,0.054918840527534485,1,0.6967082619667053,0.05653152987360954,0.36314988136291504,0.5554413199424744,-0.4642335772514343,0.4529465436935425,-0.5203955769538879,0
0.6778462529182434,0.053810860961675644,0.2987568974494934,0.5232670903205872,-0.4879013001918793,0.48396560549736023,-0.503905713558197,0.6871986985206604,0.0568021759390831,0.0603782944381237,1,0.6989270448684692,0.0569615475833416,0.37116101384162903,0.5594131946563721,-0.46137216687202454,0.4490674138069153,-0.5220450758934021,0
0.6805516481399536,0.05404180288314819,0.30460432171821594,0.5264559984207153,-0.4857703149318695,0.48119327425956726,-0.5052961707115173,0.6922135949134827,0.05736705660820007,0.06611141562461853,1,0.7009948492050171,0.05740663781762123,0.3792044520378113,0.5633649230003357,-0.4585023522377014,0.4451574981212616,-0.5236698985099792,0
0.6832355856895447,0.05429081246256828,0.31066998839378357,0.5297303795814514,-0.48356562852859497,0.4783128499984741,-0.5067216753959656,0.6972829699516296,0.057964250445365906,0.0721006840467453,1,0.7029107213020325,0.05786643177270889,0.3872770667076111,0.5672957301139832,-0.4556247889995575,0.4412170946598053,-0.525270402431488,0
0.685883641242981,0.05455766245722771,0.31693562865257263,0.5330787301063538,-0.48129430413246155,0.4753322899341583,-0.5081750750541687,0.7023739218711853,0.05863819271326065,0.07834155112504959,1,0.704674243927002,0.05834063142538071,0.3953765630722046,0.5712058544158936,-0.45273923873901367,0.4372462034225464,-0.5268461108207703,0
0.6884827613830566,0.05484265461564064,0.3233845829963684,0.5364916324615479,-0.4789625406265259,0.47225844860076904,-0.5096503496170044,0.7074834704399109,0.05928453058004379,0.08480087667703629,1,0.7062849998474121,0.05882881209254265,0.4034994840621948,0.5750946402549744,-0.449845552444458,0.4332452118396759,-0.5283973217010498,0
0.6910209655761719,0.05514547973871231,0.3300025463104248,0.5399600267410278,-0.4765753448009491,0.4690975546836853,-0.511142373085022,0.712585985660553,0.059959739446640015,0.09147019684314728,1,0.7077422142028809,0.05933067575097084,0.4116430878639221,0.5789615511894226,-0.4469442665576935,0.4292142987251282,-0.5299238562583923,0
0.6934877634048462,0.055466119199991226,0.33677464723587036,0.5434752106666565,-0.47413843870162964,0.46585574746131897,-0.5126458406448364,0.7176635265350342,0.06066714599728584,0.09833604842424393,1,0.7090456485748291,0.05984582006931305,0.4198054373264313,0.5828070640563965,-0.4440349340438843,0.42515307664871216,-0.5314260125160217,0
0.6958737373352051,0.05580422282218933,0.3436889052391052,0.5470306873321533,-0.4716554582118988,0.4625375270843506,-0.5141570568084717,0.7227007746696472,0.06140504404902458,0.10538666695356369,1,0.7101949453353882,0.06037386134266853,0.4279824197292328,0.5866301655769348,-0.44111815094947815,0.42106249928474426,-0.5329034328460693,0
0.6981702446937561,0.056160084903240204,0.35073360800743103,0.5506199598312378,-0.4691305458545685,0.4591471254825592,-0.5156723260879517,0.7276837229728699,0.06220505014061928,0.11262431740760803,1,0.7111895680427551,0.06091420724987984,0.43617260456085205,0.5904308557510376,-0.4381933808326721,0.41694214940071106,-0.5343566536903381,0
0.7003693580627441,0.0565330870449543,0.35789746046066284,0.5542369484901428,-0.46656742691993713,0.4556894600391388,-0.5171878933906555,0.7325993180274963,0.06299088150262833,0.12001412361860275,1,0.7120293378829956,0.06146695464849472,0.4443719685077667,0.5942087769508362,-0.4352615177631378,0.4127925634384155,-0.5357850790023804,0
0.7024644017219543,0.05692307651042938,0.36517035961151123,0.5578763484954834,-0.46396902203559875,0.452167809009552,-0.5187011957168579,0.737437903881073,0.06383570283651352,0.1275673657655716,1,0.7127142548561096,0.062031447887420654,0.4525781273841858,0.597963273525238,-0.43232229351997375,0.40861383080482483,-0.5371890664100647,0
0.7044491767883301,0.057329803705215454,0.3725435435771942,0.5615339279174805,-0.4613379240036011,0.4485853910446167,-0.520209550857544,0.7421864867210388,0.06466661393642426,0.1352566033601761,1,0.713243842124939,0.06260734051465988,0.46078839898109436,0.6016945838928223,-0.429375559091568,0.4044058918952942,-0.5385684967041016,0
0.706318199634552,0.05775287002325058,0.3800073564052582,0.5652047395706177,-0.4586772620677948,0.44494539499282837,-0.5217108726501465,0.746852457523346,0.06559648364782333,0.14305688440799713,1,0.7136180996894836,0.06319420784711838,0.46899956464767456,0.6054022312164307,-0.42642173171043396,0.4001692533493042,-0.5399232506752014,0
0.7080665826797485,0.05819191783666611,0.3875542879104614,0.568885326385498,-0.45598915219306946,0.4412503242492676,-0.5232030153274536,0.7513875961303711,0.06646299362182617,0.1510167121887207,1,0.7138369083404541,0.06379169225692749,0.47720927000045776,0.6090857982635498,-0.4234605133533478,0.3959040343761444,-0.5412536859512329,0
0.7096898555755615,0.05864698067307472,0.3951759934425354,0.5725721716880798,-0.4532754421234131,0.43750324845314026,-0.524683952331543,0.7558113932609558,0.06735321879386902,0.15909676253795624,1,0.7139003276824951,0.0643993392586708,0.4854140877723694,0.6127449870109558,-0.4204923212528229,0.3916102349758148,-0.5425597429275513,0
0.711184024810791,0.05911701172590256,0.40286558866500854,0.5762621164321899,-0.4505380690097809,0.43370601534843445,-0.5261524319648743,0.7601187229156494,0.06827311217784882,0.16728581488132477,1,0.7138082981109619,0.06501675397157669,0.4936116933822632,0.6163797378540039,-0.4175170958042145,0.38728824257850647,-0.5438412427902222,0
0.7125456929206848,0.059602197259664536,0.41061627864837646,0.579952597618103,-0.44777852296829224,0.42986056208610535,-0.5276070833206177,0.7643027901649475,0.06922028958797455,0.1755773276090622,1,0.713560938835144,0.0656435564160347,0.5017989873886108,0.6199895739555359,-0.4145350456237793,0.38293805718421936,-0.5450981259346008,0
0.7137718200683594,0.060101911425590515,0.41842129826545715,0.5836406946182251,-0.4449985921382904,0.42596885561943054,-0.5290464758872986,0.7683618664741516,0.07019798457622528,0.18396173417568207,1,0.7131585478782654,0.06627931445837021,0.5099732279777527,0.6235741376876831,-0.41154608130455017,0.3785601556301117,-0.5463306307792664,0
0.7148598432540894,0.06061525270342827,0.42627498507499695,0.5873240232467651,-0.4421992897987366,0.42203235626220703,-0.5304704904556274,0.7722440361976624,0.07147900015115738,0.1924533247947693,1,0.7126012444496155,0.0669236108660698,0.5181314945220947,0.6271330714225769,-0.4085504412651062,0.37415453791618347,-0.5475389361381531,0
0.7158072590827942,0.06114308536052704,0.4341707229614258,0.5910011529922485,-0.4393821656703949,0.41805315017700195,-0.5318763852119446,0.7760342359542847,0.0725177600979805,0.2009764015674591,1,0.7118891477584839,0.06757578253746033,0.526270866394043,0.6306663751602173,-0.40554824471473694,0.36972156167030334,-0.5487226247787476,0
0.7166116237640381,0.06168389320373535,0.4421043395996094,0.5946696400642395,-0.43654781579971313,0.4140319526195526,-0.5332649350166321,0.7796894907951355,0.07347255200147629,0.2095993310213089,1,0.7110229134559631,0.06823591142892838,0.534388542175293,0.6341735124588013,-0.40253934264183044,0.3652613162994385,-0.5498818755149841,0
0.7172712087631226,0.0622374452650547,0.45006969571113586,0.5983276963233948,-0.4336977005004883,0.4099702835083008,-0.5346349477767944,0.7831919193267822,0.07446403801441193,0.21830901503562927,1,0.7100024223327637,0.0689033567905426,0.5424816608428955,0.6376541256904602,-0.3995242118835449,0.36077404022216797,-0.5510168671607971,0
0.7177849411964417,0.06280345469713211,0.4580613970756531,0.6019737720489502,-0.43083274364471436,0.40586984157562256,-0.5359854698181152,0.7865396738052368,0.07549536228179932,0.22709286212921143,1,0.708828330039978,0.06957767903804779,0.5505481958389282,0.6411085724830627,-0.3965022563934326,0.3562593460083008,-0.5521276593208313,0
0.7181509733200073,0.06338142603635788,0.46607542037963867,0.6056066751480103,-0.4279530942440033,0.4017309844493866,-0.5373163223266602,0.7897312641143799,0.07655960321426392,0.23594294488430023,1,0.7075013518333435,0.07025843858718872,0.5585838556289673,0.6445356607437134,-0.39347440004348755,0.3517187237739563,-0.5532138347625732,0
0.7183680534362793,0.06397077441215515,0.47410687804222107,0.6092246770858765,-0.4250600039958954,0.397554874420166,-0.5386271476745605,0.7927651405334473,0.07765103876590729,0.2448529303073883,1,0.7060215473175049,0.07094521820545197,0.5665871500968933,0.647935688495636,-0.39044010639190674,0.3471512794494629,-0.5542758703231812,0
0.7184353470802307,0.06457120180130005,0.4821510910987854,0.612826943397522,-0.422154039144516,0.3933427333831787,-0.5399172306060791,0.7956398129463196,0.0787656381726265,0.2538171410560608,1,0.7043895721435547,0.07163761556148529,0.5745548605918884,0.6513082385063171,-0.387399822473526,0.3425573706626892,-0.555313766002655,0
0.7183517813682556,0.06518234312534332,0.4902040362358093,0.616412341594696,-0.4192356765270233,0.3890949487686157,-0.5411860942840576,0.7983536720275879,0.07990062236785889,0.2628304064273834,1,0.7026066184043884,0.0723351538181305,0.5824834704399109,0.6546525359153748,-0.3843538165092468,0.33793801069259644,-0.556327223777771,0
0.7181171178817749,0.06580360233783722,0.49826109409332275,0.6199793815612793,-0.416305810213089,0.38481277227401733,-0.5424335598945618,0.8009052872657776,0.08105409145355225,0.271887868642807,1,0.7006726264953613,0.07303747534751892,0.5903715491294861,0.6579691171646118,-0.3813014328479767,0.33329248428344727,-0.5573166608810425,0
0.7177301645278931,0.06643437594175339,0.5063193440437317,0.6235277056694031,-0.4133642315864563,0.38049620389938354,-0.5436596274375916,0.8032933473587036,0.08222455531358719,0.28098487854003906,1,0.6985889077186584,0.07374408096075058,0.5982151031494141,0.6612572073936462,-0.37824341654777527,0.32862162590026855,-0.5582817792892456,0
0.717191219329834,0.06707456707954407,0.514373242855072,0.6270558834075928,-0.41041213274002075,0.3761466145515442,-0.5448636412620544,0.8055165410041809,0.08341098576784134,0.290117084980011,1,0.6963557600975037,0.07445461302995682,0.6060122847557068,0.6645167469978333,-0.3751797378063202,0.32392507791519165,-0.5592228770256042,0
0.716499388217926,0.06772350519895554,0.5224202871322632,0.6305636167526245,-0.40744951367378235,0.3717641532421112,-0.5460456013679504,0.8075737953186035,0.08461245149374008,0.29928016662597656,1,0.6939740180969238,0.07516861706972122,0.6137604713439941,0.6677473187446594,-0.3721100389957428,0.3192031979560852,-0.5601400136947632,0
0.7156552076339722,0.06838054955005646,0.5304555892944336,0.6340495347976685,-0.40447691082954407,0.3673500418663025,-0.5472052097320557,0.809464156627655,0.08582822978496552,0.3084700107574463,1,0.6914453506469727,0.07588500529527664,0.6214556097984314,0.670948326587677,-0.36903494596481323,0.314456969499588,-0.5610332489013672,0
0.7146577835083008,0.06904557347297668,0.5384766459465027,0.637513279914856,-0.40149468183517456,0.3629041314125061,-0.5483422875404358,0.8111868500709534,0.08705762028694153,0.31768253445625305,1,0.6887694597244263,0.07660465687513351,0.629097044467926,0.6741203665733337,-0.36595427989959717,0.3096853494644165,-0.5619021654129028,0
0.7135074138641357,0.06971797347068787,0.5464798808097839,0.6409544944763184,-0.3985025882720947,0.3584269881248474,-0.5494570732116699,0.8127411007881165,0.08830007910728455,0.32691386342048645,1,0.6859486103057861,0.07732648402452469,0.6366801261901855,0.6772623062133789,-0.36286860704421997,0.30488985776901245,-0.562747061252594,0
0.7122042775154114,0.0703972801566124,0.5544610619544983,0.6443719267845154,-0.3955017924308777,0.3539194166660309,-0.5505489706993103,0.8141263127326965,0.08955502510070801,0.33616018295288086,1,0.682982861995697,0.07805008441209793,0.6442035436630249,0.6803743839263916,-0.3597773313522339,0.30006977915763855,-0.563568115234375,0
0.7107487320899963,0.07108308374881744,0.5624173283576965,0.6477652788162231,-0.3924919664859772,0.34938177466392517,-0.5516181588172913,0.8153420090675354,0.09082192927598953,0.34541770815849304,1,0.6798738837242126,0.07877500355243683,0.6516638994216919,0.6834562420845032,-0.35668104887008667,0.2952258288860321,-0.5643649101257324,0
0.7091408967971802,0.07177502661943436,0.5703452229499817,0.6511338949203491,-0.38947373628616333,0.34481438994407654,-0.5526642799377441,0.8163878321647644,0.09210023283958435,0.35468271374702454,1,0.6766225099563599,0.07950085401535034,0.6590588688850403,0.686507523059845,-0.35357943177223206,0.2903579771518707,-0.5651381611824036,0
0.707381010055542,0.07247240096330643,0.5782415866851807,0.6544774770736694,-0.38644683361053467,0.3402174115180969,-0.5536876916885376,0.8172635436058044,0.09338946640491486,0.36395153403282166,1,0.6730133295059204,0.08027266710996628,0.6668418645858765,0.6897157430648804,-0.35027849674224854,0.28516021370887756,-0.5659335255622864,0
0.705469012260437,0.07317744940519333,0.5861300230026245,0.6578080058097839,-0.3834039568901062,0.33557718992233276,-0.5546872615814209,0.817975640296936,0.09469497948884964,0.3732512593269348,1,0.6692463159561157,0.08104429394006729,0.6745447516441345,0.6928886771202087,-0.3469720482826233,0.27993613481521606,-0.5667020678520203,0
0.7033978700637817,0.07389035075902939,0.5940155982971191,0.6611282229423523,-0.38033920526504517,0.3308866322040558,-0.5556667447090149,0.8185211420059204,0.09601696580648422,0.3825901448726654,1,0.6653228402137756,0.08181574940681458,0.6821650862693787,0.6960263252258301,-0.34366005659103394,0.27468571066856384,-0.5674440860748291,0
0.7011626958847046,0.07461071014404297,0.6018977165222168,0.6644372940063477,-0.37725135684013367,0.32614412903785706,-0.5566277503967285,0.8188958764076233,0.09735490381717682,0.39196744561195374,1,0.6612447500228882,0.08258628100156784,0.6896992921829224,0.6991280913352966,-0.3403429090976715,0.26940977573394775,-0.5681591629981995,0
0.6987613439559937,0.0753377228975296,0.6097710728645325,0.6677337884902954,-0.37414050102233887,0.32135042548179626,-0.5575699210166931,0.8190964460372925,0.09870808571577072,0.4013787508010864,1,0.6570137739181519,0.08335541933774948,0.6971446871757507,0.7021938562393188,-0.337020605802536,0.26410868763923645,-0.5688474178314209,0
0.696192741394043,0.07607179135084152,0.6176298260688782,0.6710159182548523,-0.37100809812545776,0.31650620698928833,-0.55849289894104,0.8191200494766235,0.10007577389478683,0.41081783175468445,1,0.652631402015686,0.08412240445613861,0.7044984102249146,0.7052232623100281,-0.3336929380893707,0.258782297372818,-0.5695092678070068,0
0.69345623254776,0.0768120288848877,0.6254678964614868,0.6742819547653198,-0.3678545653820038,0.3116132616996765,-0.5593960881233215,0.8189645409584045,0.10145719349384308,0.4202776849269867,1,0.6480995416641235,0.08488726615905762,0.7117574214935303,0.7082160711288452,-0.33036020398139954,0.2534307837486267,-0.570144534111023,0
0.6905522346496582,0.07755722105503082,0.6332781314849854,0.6775292754173279,-0.3646816611289978,0.30667397379875183,-0.5602788329124451,0.8186282515525818,0.10285148024559021,0.42975109815597534,1,0.6434198021888733,0.0856492817401886,0.7189189195632935,0.7111720442771912,-0.32702261209487915,0.24805450439453125,-0.5707533359527588,0
0.6874814629554749,0.07830734550952911,0.6410537362098694,0.6807563900947571,-0.3614906370639801,0.30168965458869934,-0.5611402988433838,0.8181099891662598,0.10425768792629242,0.43923088908195496,1,0.6385945677757263,0.08640772104263306,0.7259798049926758,0.7140904664993286,-0.3236803412437439,0.2426544427871704,-0.5713358521461487,0
0.6842443943023682,0.07906115055084229,0.6487891674041748,0.6839615702629089,-0.3582824766635895,0.2966618835926056,-0.5619801878929138,0.8174088001251221,0.10567495971918106,0.4487100839614868,1,0.633625328540802,0.08716262131929398,0.7329376339912415,0.7169713377952576,-0.3203333020210266,0.23723018169403076,-0.5718919038772583,0
0.6808420419692993,0.07981786131858826,0.656478226184845,0.6871432065963745,-0.3550579845905304,0.2915928363800049,-0.562798023223877,0.816524088382721,0.10710238665342331,0.4581819176673889,1,0.6285144686698914,0.08791326731443405,0.7397892475128174,0.7198144793510437,-0.31698185205459595,0.23178242146968842,-0.5724216103553772,0
0.6772757172584534,0.08057745546102524,0.6641144752502441,0.6902997493743896,-0.3518190383911133,0.2864838242530823,-0.5635926723480225,0.8154555559158325,0.10853903740644455,0.4676399230957031,1,0.6232636570930481,0.08865920454263687,0.7465323209762573,0.722619354724884,-0.3136257827281952,0.22631116211414337,-0.5729251503944397,0
0.6735466122627258,0.08133844286203384,0.6716931462287903,0.6934295892715454,-0.3485659062862396,0.2813362181186676,-0.5643641948699951,0.814203143119812,0.10998406261205673,0.4770779013633728,1,0.6178756356239319,0.08939974009990692,0.7531635761260986,0.7253855466842651,-0.3102656304836273,0.2208171933889389,-0.5734026432037354,0
0.66965651512146,0.0821007564663887,0.6792082786560059,0.6965315937995911,-0.34529995918273926,0.2761515974998474,-0.5651121735572815,0.812766969203949,0.11143667250871658,0.4864899516105652,1,0.612351655960083,0.09013491123914719,0.7596811652183533,0.7281133532524109,-0.3069010376930237,0.21530014276504517,-0.5738540887832642,0
0.6656066179275513,0.08286365866661072,0.6866551637649536,0.6996048092842102,-0.34202179312705994,0.27093127369880676,-0.5658360123634338,0.8111473917961121,0.11289602518081665,0.4958703815937042,1,0.606694757938385,0.09086404740810394,0.7660819888114929,0.730802059173584,-0.30353230237960815,0.2097606509923935,-0.5742794275283813,0
0.6613984704017639,0.08362613618373871,0.6940292119979858,0.7026479244232178,-0.33873170614242554,0.2656760513782501,-0.5665358304977417,0.8093448877334595,0.11436136811971664,0.5052137970924377,1,0.6009069681167603,0.09158649295568466,0.7723634839057922,0.7334510684013367,-0.3001597821712494,0.20419923961162567,-0.5746791958808899,0
0.6570338606834412,0.08438815921545029,0.7013257741928101,0.7056604027748108,-0.3354306221008301,0.2603869140148163,-0.5672110319137573,0.8073601722717285,0.11583193391561508,0.5145148634910583,1,0.5953420996665955,0.09226030856370926,0.7781643867492676,0.7359084486961365,-0.29698196053504944,0.19894498586654663,-0.575031578540802,0
0.652524471282959,0.08514595031738281,0.708518385887146,0.7086296081542969,-0.332127183675766,0.25508108735084534,-0.5678637027740479,0.8051975965499878,0.11730105429887772,0.5237411260604858,1,0.5896654725074768,0.09292765706777573,0.7838553190231323,0.7383304238319397,-0.29380103945732117,0.1936718225479126,-0.575360894203186,0
0.6478815078735352,0.08589919656515121,0.7155953645706177,0.7115529179573059,-0.3288283944129944,0.24976681172847748,-0.5684898495674133,0.8028637766838074,0.11876704543828964,0.5328769683837891,1,0.5838784575462341,0.09358822554349899,0.789434552192688,0.7407169938087463,-0.29061654210090637,0.18837963044643402,-0.5756677389144897,0
0.643112301826477,0.08664640784263611,0.7225518822669983,0.7144296765327454,-0.32553577423095703,0.24444706737995148,-0.5690889358520508,0.8003643155097961,0.12022924423217773,0.5419153571128845,1,0.577984094619751,0.0942416563630104,0.794899582862854,0.7430675625801086,-0.28742921352386475,0.18306928873062134,-0.575951874256134,0
0.6382213234901428,0.0873873233795166,0.7293856739997864,0.7172601222991943,-0.3222498297691345,0.23912271857261658,-0.5696606040000916,0.7977034449577332,0.12168709933757782,0.55085289478302,1,0.5719839334487915,0.0948876291513443,0.8002488613128662,0.7453823089599609,-0.2842387855052948,0.1777404546737671,-0.5762133002281189,0
0.6332111954689026,0.08812161535024643,0.7360962629318237,0.7200450897216797,-0.31897053122520447,0.2337932139635086,-0.5702048540115356,0.7948845028877258,0.12314033508300781,0.5596882700920105,1,0.5658800601959229,0.09552580863237381,0.8054806590080261,0.7476608157157898,-0.28104522824287415,0.17239367961883545,-0.5764523148536682,0
0.6280843615531921,0.08884888887405396,0.7426830530166626,0.7227850556373596,-0.3156970739364624,0.22845792770385742,-0.5707222819328308,0.7919101715087891,0.12458881735801697,0.5684211254119873,1,0.5596744418144226,0.09615589678287506,0.810592770576477,0.7499028444290161,-0.2778488099575043,0.16702915728092194,-0.5766688585281372,0
0.6228426098823547,0.08956906944513321,0.749146580696106,0.7254812121391296,-0.3124285936355591,0.2231159806251526,-0.5712131261825562,0.7887827754020691,0.12603236734867096,0.5770514607429504,1,0.5533701181411743,0.0967775359749794,0.8155832290649414,0.7521082162857056,-0.2746497392654419,0.1616474986076355,-0.5768628716468811,0
0.6174871325492859,0.09028186649084091,0.7554869055747986,0.7281342148780823,-0.30916446447372437,0.2177661657333374,-0.5716779828071594,0.7855044007301331,0.1274709701538086,0.5855793952941895,1,0.5469688177108765,0.09739048033952713,0.820450484752655,0.754276692867279,-0.27144813537597656,0.15624886751174927,-0.5770345330238342,0
0.612019956111908,0.0909872055053711,0.7617038488388062,0.730744481086731,-0.30590423941612244,0.21240797638893127,-0.5721169710159302,0.782076895236969,0.1289045214653015,0.5940050482749939,1,0.540472686290741,0.09799439460039139,0.8251929879188538,0.7564080357551575,-0.2682439088821411,0.15083329379558563,-0.5771839618682861,0
0.6064414381980896,0.09168499708175659,0.7677983641624451,0.7333129644393921,-0.30264657735824585,0.20703957974910736,-0.5725308656692505,0.7785022258758545,0.13033287227153778,0.602328360080719,1,0.5338842272758484,0.09858902543783188,0.8298086524009705,0.7585021257400513,-0.26503732800483704,0.14540110528469086,-0.5773111581802368,0
0.6007542014122009,0.09237495809793472,0.7737689018249512,0.7358399629592896,-0.29939132928848267,0.20166102051734924,-0.5729197859764099,0.7747820615768433,0.1317559778690338,0.6105491518974304,1,0.5272052884101868,0.09917385876178741,0.8342964053153992,0.7605584859848022,-0.2618281841278076,0.13995257019996643,-0.5774166584014893,0
0.594959020614624,0.09305698424577713,0.7796159386634827,0.7383260726928711,-0.29613757133483887,0.19627124071121216,-0.5732840299606323,0.7709181904792786,0.13317365944385529,0.61866694688797,1,0.5204389095306396,0.09974902868270874,0.8386540412902832,0.7625772953033447,-0.2586166262626648,0.13448792695999146,-0.5774998664855957,0
0.5890564918518066,0.09373084455728531,0.7853394150733948,0.7407717108726501,-0.29288461804389954,0.19086873531341553,-0.5736243724822998,0.7669123411178589,0.13458578288555145,0.6266812086105347,1,0.5135874152183533,0.10031407326459885,0.8428800702095032,0.7645582556724548,-0.2554031014442444,0.12900781631469727,-0.5775611996650696,0
0.5830500721931458,0.0943961888551712,0.7909374833106995,0.7431766986846924,-0.28963273763656616,0.18545441329479218,-0.5739405751228333,0.7627662420272827,0.13599219918251038,0.6345912218093872,1,0.5066525936126709,0.10086874663829803,0.8469734191894531,0.7665008902549744,-0.25218749046325684,0.12351196259260178,-0.5776005983352661,0
0.576939582824707,0.09505295753479004,0.7964106202125549,0.7455419898033142,-0.2863803207874298,0.18002639710903168,-0.5742332339286804,0.7584817409515381,0.13739262521266937,0.6423959732055664,1,0.49963808059692383,0.10141276568174362,0.8509317636489868,0.7684053182601929,-0.2489701509475708,0.11800161749124527,-0.5776181221008301,0
0.5707278847694397,0.09570088237524033,0.8017569780349731,0.7478671669960022,-0.2831282317638397,0.17458510398864746,-0.5745024681091309,0.7540605664253235,0.13878688216209412,0.6500945091247559,1,0.49254485964775085,0.1019459143280983,0.8547548651695251,0.7702711820602417,-0.24575038254261017,0.1124756932258606,-0.5776141881942749,0
0.564416229724884,0.0963398814201355,0.8069761395454407,0.7501527667045593,-0.2798753082752228,0.1691300868988037,-0.5747482776641846,0.749504566192627,0.1401747167110443,0.6576856374740601,1,0.48441505432128906,0.10253672301769257,0.8589214086532593,0.7723391056060791,-0.24209947884082794,0.10619565099477768,-0.577583372592926,0
0.5579676032066345,0.09697385132312775,0.81209796667099,0.7524175047874451,-0.276604026556015,0.16362351179122925,-0.5749655365943909,0.7447874546051025,0.14156800508499146,0.6652135252952576,1,0.4761924147605896,0.10311274975538254,0.8629096746444702,0.7743565440177917,-0.23844657838344574,0.09989771991968155,-0.57752525806427,0
0.5513618588447571,0.09760377556085587,0.8171320557594299,0.7546647787094116,-0.27330148220062256,0.15804964303970337,-0.5751586556434631,0.7398945689201355,0.1429685354232788,0.6726968288421631,1,0.46788012981414795,0.10367404669523239,0.8667177557945251,0.7763240933418274,-0.234791561961174,0.09358152747154236,-0.5774394273757935,0
0.5445916652679443,0.09822944551706314,0.8220783472061157,0.756893515586853,-0.2699647545814514,0.15240459144115448,-0.5753294825553894,0.7348183393478394,0.14437609910964966,0.6801385283470154,1,0.45948177576065063,0.10422011464834213,0.8703441023826599,0.7782410383224487,-0.23113451898097992,0.08724767714738846,-0.5773261785507202,0
0.5376543998718262,0.09885074198246002,0.8269327878952026,0.7591018080711365,-0.26659244298934937,0.14668726921081543,-0.5754787921905518,0.7295560836791992,0.14578965306282043,0.6875343322753906,1,0.4510018825531006,0.10475048422813416,0.8737867474555969,0.780106782913208,-0.22747601568698883,0.0808974951505661,-0.577185869216919,0
0.5305526256561279,0.09946679323911667,0.8316880464553833,0.7612866163253784,-0.26318615674972534,0.14090050756931305,-0.5756062865257263,0.7241078615188599,0.14720797538757324,0.6948763728141785,1,0.4424443244934082,0.10526525974273682,0.8770439624786377,0.7819217443466187,-0.22381606698036194,0.07453064620494843,-0.5770180821418762,0
0.5232909321784973,0.10007651150226593,0.8363355994224548,0.7634454369544983,-0.25974830985069275,0.1350478231906891,-0.575711727142334,0.7184756994247437,0.1486295610666275,0.7021550536155701,1,0.43381187319755554,0.1057639941573143,0.8801146745681763,0.7836850881576538,-0.2201543152332306,0.06814733892679214,-0.5768236517906189,0
0.5158750414848328,0.10067921876907349,0.840867280960083,0.7655752897262573,-0.25628089904785156,0.1291329711675644,-0.5757943391799927,0.7126627564430237,0.15005278587341309,0.7093601226806641,1,0.4251094460487366,0.10624643415212631,0.8829971551895142,0.7853969931602478,-0.2164914757013321,0.06174831837415695,-0.5766021609306335,0
0.5083103179931641,0.10127387940883636,0.8452754616737366,0.7676740288734436,-0.2527865469455719,0.12315960973501205,-0.5758534073829651,0.7066728472709656,0.15147611498832703,0.7164814472198486,1,0.41634100675582886,0.106712207198143,0.8856896162033081,0.7870568633079529,-0.21282760798931122,0.055334579199552536,-0.5763540267944336,0
0.500603973865509,0.1018594279885292,0.8495517373085022,0.7697388529777527,-0.24926750361919403,0.11713231354951859,-0.5758886337280273,0.7005100846290588,0.1528981328010559,0.7235093712806702,1,0.40750980377197266,0.10716142505407333,0.8881915807723999,0.788664698600769,-0.209162637591362,0.04890546202659607,-0.576079249382019,0
0.4927618205547333,0.10243511945009232,0.8536894917488098,0.7717679142951965,-0.24572578072547913,0.11105383187532425,-0.5758993029594421,0.6941789984703064,0.15431731939315796,0.7304345369338989,1,0.3986206352710724,0.10759371519088745,0.890501081943512,0.7902198433876038,-0.2054969221353531,0.042462244629859924,-0.5757782459259033,0
0.48479095101356506,0.10299978405237198,0.8576816320419312,0.7737587690353394,-0.2421642690896988,0.10492844879627228,-0.5758851170539856,0.6876841187477112,0.1557323932647705,0.7372482419013977,1,0.3896767497062683,0.10800875723361969,0.8926175236701965,0.7917223572731018,-0.2018304467201233,0.03600494563579559,-0.5754508376121521,0
0.4766976833343506,0.10355290025472641,0.8615221381187439,0.7757099866867065,-0.23858442902565002,0.09875939041376114,-0.57584547996521,0.6810302138328552,0.1571420282125473,0.7439426183700562,1,0.3806830644607544,0.1084066852927208,0.8945394158363342,0.7931721210479736,-0.19816353917121887,0.02953462488949299,-0.5750973224639893,0
0.468487948179245,0.1040937751531601,0.8652055263519287,0.7776197195053101,-0.23498813807964325,0.09254945069551468,-0.5757800936698914,0.6742219924926758,0.15854507684707642,0.7505102157592773,1,0.37164306640625,0.10878719389438629,0.8962662220001221,0.7945685386657715,-0.1944965273141861,0.023051152005791664,-0.57471764087677,0
0.46016785502433777,0.1046217679977417,0.8687267899513245,0.7794865369796753,-0.23137710988521576,0.08630132675170898,-0.5756886601448059,0.6672641038894653,0.15994052588939667,0.7569442987442017,1,0.3625604212284088,0.1091499999165535,0.8977970480918884,0.7959117293357849,-0.1908288449048996,0.016554540023207664,-0.5743123888969421,0
