0.3625604212284088,0.1091499999165535,0.8977970480918884,0.7959117293357849,-0.1908288449048996,0.016554540023207664,-0.5743123888969421,0.6098385453224182,0.12243108451366425,0.019999999552965164,0,0.3625604212284088,0.1091499999165535,0.8977970480918884,0.7959117293357849,-0.1908288449048996,0.016554540023207664,-0.5743123888969421,1
0.3628040552139282,0.10916154831647873,0.8976776003837585,0.7959170937538147,-0.19090838730335236,0.016660241410136223,-0.5742754340171814,0.6098385453224182,0.12243108451366425,0.01981772482395172,0,0.3625604212284088,0.1091499999165535,0.8977970480918884,0.7959117293357849,-0.1908288449048996,0.016554540023207664,-0.5743123888969421,1
0.3632446825504303,0.10916890949010849,0.8974825739860535,0.7959179878234863,-0.1910729855298996,0.016885489225387573,-0.574212908744812,0.6098385453224182,0.12243108451366425,0.019884353503584862,0,0.3625604212284088,0.1091499999165535,0.8977970480918884,0.7959117293357849,-0.1908288449048996,0.016554540023207664,-0.5743123888969421,1
0.36376747488975525,0.10917111486196518,0.8972581028938293,0.7959133982658386,-0.1912766695022583,0.017166968435049057,-0.5741432309150696,0.6098385453224182,0.12243108451366425,0.019923372194170952,0,0.3625604212284088,0.1091499999165535,0.8977970480918884,0.7959117293357849,-0.1908288449048996,0.016554540023207664,-0.5743123888969421,1
0.3643089532852173,0.10917005687952042,0.8970283269882202,0.7959052920341492,-0.1914910078048706,0.01746424101293087,-0.5740739107131958,0.6098385453224182,0.12243108451366425,0.019946129992604256,0,0.3625604212284088,0.1091499999165535,0.8977970480918884,0.7959117293357849,-0.1908288449048996,0.016554540023207664,-0.5743123888969421,1
0.36483412981033325,0.10916749387979507,0.8968064785003662,0.7958957552909851,-0.19170089066028595,0.017755331471562386,-0.5740082263946533,0.6098385453224182,0.12243108451366425,0.019959425553679466,0,0.3625604212284088,0.1091499999165535,0.8977970480918884,0.7959117293357849,-0.1908288449048996,0.016554540023207664,-0.5743123888969421,1
0.3653259873390198,0.10916423052549362,0.8965990543365479,0.7958859801292419,-0.19189804792404175,0.01802937313914299,-0.5739471912384033,0.6098385453224182,0.12243108451366425,0.019967196509242058,0,0.3625604212284088,0.1091499999165535,0.8977970480918884,0.7959117293357849,-0.1908288449048996,0.016554540023207664,-0.5743123888969421,1
0.36577728390693665,0.10916095972061157,0.89640873670578,0.7958768010139465,-0.19207923114299774,0.01828133687376976,-0.5738914608955383,0.6098385453224182,0.12243108451366425,0.01997174322605133,0,0.3625604212284088,0.1091499999165535,0.8977970480918884,0.7959117293357849,-0.1908288449048996,0.016554540023207664,-0.5743123888969421,1
0.366186261177063,0.10915781557559967,0.8962359428405762,0.7958679795265198,-0.1922435611486435,0.018509861081838608,-0.5738412737846375,0.6098385453224182,0.12243108451366425,0.019974403083324432,0,0.3625604212284088,0.1091499999165535,0.8977970480918884,0.7959117293357849,-0.1908288449048996,0.016554540023207664,-0.5743123888969421,1
0.3665536642074585,0.1091550812125206,0.8960806727409363,0.7958602905273438,-0.19239117205142975,0.01871492713689804,-0.5737957954406738,0.6098385453224182,0.12243108451366425,0.01997595839202404,0,0.3625604212284088,0.1091499999165535,0.8977970480918884,0.7959117293357849,-0.1908288449048996,0.016554540023207664,-0.5743123888969421,1
0.36688217520713806,0.10915274918079376,0.895941436290741,0.7958534359931946,-0.1925230473279953,0.018898339942097664,-0.5737552642822266,0.6098385453224182,0.12243108451366425,0.019976869225502014,0,0.3625604212284088,0.1091499999165535,0.8977970480918884,0.7959117293357849,-0.1908288449048996,0.016554540023207664,-0.5743123888969421,1
0.3671749234199524,0.10915068536996841,0.8958170413970947,0.7958471775054932,-0.1926405429840088,0.019061513245105743,-0.5737189054489136,0.6098385453224182,0.12243108451366425,0.019977401942014694,0,0.3625604212284088,0.1091499999165535,0.8977970480918884,0.7959117293357849,-0.1908288449048996,0.016554540023207664,-0.5743123888969421,1
0.36743536591529846,0.10914917290210724,0.8957062363624573,0.7958419322967529,-0.19274485111236572,0.019206577911973,-0.5736864805221558,0.6098385453224182,0.12243108451366425,0.019977713003754616,0,0.3625604212284088,0.1091499999165535,0.8977970480918884,0.7959117293357849,-0.1908288449048996,0.016554540023207664,-0.5743123888969421,1
0.3676663637161255,0.10914792865514755,0.8956077694892883,0.7958371639251709,-0.19283725321292877,0.019334783777594566,-0.5736575722694397,0.6098385453224182,0.12243108451366425,0.01997789368033409,0,0.3625604212284088,0.1091499999165535,0.8977970480918884,0.7959117293357849,-0.1908288449048996,0.016554540023207664,-0.5743123888969421,1
0.3678717017173767,0.10914682596921921,0.8955199718475342,0.7958332300186157,-0.1929192990064621,0.019448645412921906,-0.573631763458252,0.6098385453224182,0.12243108451366425,0.019978001713752747,0,0.3625604212284088,0.1091499999165535,0.8977970480918884,0.7959117293357849,-0.1908288449048996,0.016554540023207664,-0.5743123888969421,1
0.3680533766746521,0.10914600640535355,0.8954421877861023,0.795829713344574,-0.19299162924289703,0.01954904943704605,-0.5736088156700134,0.6098385453224182,0.12243108451366425,0.01997806318104267,0,0.3625604212284088,0.1091499999165535,0.8977970480918884,0.7959117293357849,-0.1908288449048996,0.016554540023207664,-0.5743123888969421,1
0.3682141900062561,0.10914544761180878,0.8953732252120972,0.79582679271698,-0.19305557012557983,0.01963799074292183,-0.5735883712768555,0.6098385453224182,0.12243108451366425,0.019978100433945656,0,0.3625604212284088,0.1091499999165535,0.8977970480918884,0.7959117293357849,-0.1908288449048996,0.016554540023207664,-0.5743123888969421,1
0.3683570623397827,0.10914503037929535,0.8953116536140442,0.7958241105079651,-0.19311225414276123,0.019716612994670868,-0.5735701322555542,0.6098385453224182,0.12243108451366425,0.019978120923042297,0,0.3625604212284088,0.1091499999165535,0.8977970480918884,0.7959117293357849,-0.1908288449048996,0.016554540023207664,-0.5743123888969421,1
0.36848360300064087,0.10914475470781326,0.8952572345733643,0.7958218455314636,-0.1931624412536621,0.019786084070801735,-0.5735539793968201,0.6098385453224182,0.12243108451366425,0.019978133961558342,0,0.3625604212284088,0.1091499999165535,0.8977970480918884,0.7959117293357849,-0.1908288449048996,0.016554540023207664,-0.5743123888969421,1
0.36859551072120667,0.10914462059736252,0.8952088356018066,0.7958201169967651,-0.19320662319660187,0.019847365096211433,-0.5735394358634949,0.6098385453224182,0.12243108451366425,0.01997814141213894,0,0.3625604212284088,0.1091499999165535,0.8977970480918884,0.7959117293357849,-0.1908288449048996,0.016554540023207664,-0.5743123888969421,1
0.36869457364082336,0.10914447903633118,0.8951660394668579,0.7958184480667114,-0.1932457685470581,0.01990160159766674,-0.5735267996788025,0.6098385453224182,0.12243108451366425,0.019978145137429237,0,0.3625604212284088,0.1091499999165535,0.8977970480918884,0.7959117293357849,-0.1908288449048996,0.016554540023207664,-0.5743123888969421,1
0.3687824606895447,0.10914447903633118,0.8951278328895569,0.795816957950592,-0.19328033924102783,0.01994943805038929,-0.5735154151916504,0.6098385453224182,0.12243108451366425,0.019978148862719536,0,0.3625604212284088,0.1091499999165535,0.8977970480918884,0.7959117293357849,-0.1908288449048996,0.016554540023207664,-0.5743123888969421,1
0.36886000633239746,0.10914461314678192,0.895094096660614,0.7958159446716309,-0.19331079721450806,0.019991593435406685,-0.5735051035881042,0.6098385453224182,0.12243108451366425,0.019978148862719536,0,0.3625604212284088,0.1091499999165535,0.8977970480918884,0.7959117293357849,-0.1908288449048996,0.016554540023207664,-0.5743123888969421,1
0.36892861127853394,0.10914474725723267,0.8950642347335815,0.7958149909973145,-0.19333770871162415,0.02002882771193981,-0.5734960436820984,0.6098385453224182,0.12243108451366425,0.019978148862719536,0,0.3625604212284088,0.1091499999165535,0.8977970480918884,0.7959117293357849,-0.1908288449048996,0.016554540023207664,-0.5743123888969421,1
0.3689894676208496,0.10914488881826401,0.8950377106666565,0.7958140969276428,-0.1933615803718567,0.020061763003468513,-0.5734882354736328,0.6098385453224182,0.12243108451366425,0.019978148862719536,0,0.3625604212284088,0.1091499999165535,0.8977970480918884,0.7959117293357849,-0.1908288449048996,0.016554540023207664,-0.5743123888969421,1
0.3690434694290161,0.10914502292871475,0.8950141072273254,0.7958134412765503,-0.1933826208114624,0.020090937614440918,-0.5734809041023254,0.6098385453224182,0.12243108451366425,0.019978148862719536,0,0.3625604212284088,0.1091499999165535,0.8977970480918884,0.7959117293357849,-0.1908288449048996,0.016554540023207664,-0.5743123888969421,1
0.3690912425518036,0.10914530605077744,0.8949931859970093,0.7958129048347473,-0.1934012621641159,0.02011662721633911,-0.5734745860099792,0.6098385453224182,0.12243108451366425,0.019978148862719536,0,0.3625604212284088,0.1091499999165535,0.8977970480918884,0.7959117293357849,-0.1908288449048996,0.016554540023207664,-0.5743123888969421,1
0.3691335916519165,0.10914543271064758,0.8949745893478394,0.7958122491836548,-0.19341766834259033,0.02013932727277279,-0.5734689831733704,0.6098385453224182,0.12243108451366425,0.019978148862719536,0,0.3625604212284088,0.1091499999165535,0.8977970480918884,0.7959117293357849,-0.1908288449048996,0.016554540023207664,-0.5743123888969421,1
0.369171142578125,0.10914570838212967,0.894957959651947,0.7958120107650757,-0.19343216717243195,0.020159302279353142,-0.5734638571739197,0.6098385453224182,0.12243108451366425,0.019978148862719536,0,0.3625604212284088,0.1091499999165535,0.8977970480918884,0.7959117293357849,-0.1908288449048996,0.016554540023207664,-0.5743123888969421,1
0.36920416355133057,0.10914599150419235,0.8949434161186218,0.795811653137207,-0.19344498217105865,0.020176958292722702,-0.5734593868255615,0.6098385453224182,0.12243108451366425,0.019978148862719536,0,0.3625604212284088,0.1091499999165535,0.8977970480918884,0.7959117293357849,-0.1908288449048996,0.016554540023207664,-0.5743123888969421,1
0.36923354864120483,0.1091461256146431,0.8949304223060608,0.7958112955093384,-0.1934562772512436,0.020192500203847885,-0.5734555721282959,0.6098385453224182,0.12243108451366425,0.019978148862719536,0,0.36923354864120483,0.1091461256146431,0.8949304223060608,0.7958112955093384,-0.1934562772512436,0.020192500203847885,-0.5734555721282959,1
0.3694966435432434,0.10915748029947281,0.8948008418083191,0.7958157062530518,-0.1935444176197052,0.020310046151280403,-0.5734154582023621,0.6098385453224182,0.12243108451366425,0.019978148862719536,0,0.37506142258644104,0.10922599583864212,0.89434814453125,0.7948967218399048,-0.19632631540298462,0.026161469519138336,-0.5735074281692505,1
0.3702775239944458,0.10917246341705322,0.8946294188499451,0.7957414984703064,-0.19386358559131622,0.02094706892967224,-0.5733878016471863,0.6098385453224182,0.12243108451366425,0.019978148862719536,0,0.3808627128601074,0.10930847376585007,0.893656849861145,0.7939357161521912,-0.19920217990875244,0.03211579844355583,-0.5735442638397217,1
0.3715662956237793,0.10919342190027237,0.8944141268730164,0.7955845594406128,-0.19443948566913605,0.022114945575594902,-0.5733665823936462,0.6098385453224182,0.12243108451366425,0.019978148862719536,0,0.38663607835769653,0.10939344018697739,0.8928568363189697,0.7929285764694214,-0.20208385586738586,0.03805563971400261,-0.5735661387443542,1
0.3733254671096802,0.10922005027532578,0.8941487669944763,0.7953506112098694,-0.1952541023492813,0.02377145364880562,-0.5733482241630554,0.6098385453224182,0.12243108451366425,0.019978148862719536,0,0.3923802375793457,0.1094808429479599,0.8919482827186584,0.7918751835823059,-0.20497140288352966,0.04398038238286972,-0.5735730528831482,1
0.3755137622356415,0.10925155878067017,0.8938280940055847,0.7950429320335388,-0.196287602186203,0.025871509686112404,-0.5733309388160706,0.6098385453224182,0.12243108451366425,0.019978148862719536,0,0.39809298515319824,0.10957065224647522,0.890932023525238,0.7907759547233582,-0.2078644037246704,0.04988974705338478,-0.5735649466514587,1
0.37808820605278015,0.10928764194250107,0.8934481739997864,0.794665515422821,-0.19751912355422974,0.028371142223477364,-0.5733131170272827,0.6098385453224182,0.12243108451366425,0.019978148862719536,0,0.4037730097770691,0.10966289043426514,0.8898083567619324,0.7896308302879333,-0.21076293289661407,0.05578332021832466,-0.5735418200492859,1
0.3810076415538788,0.1093282401561737,0.8930053114891052,0.794220507144928,-0.19892939925193787,0.031229190528392792,-0.5732935070991516,0.6098385453224182,0.12243108451366425,0.019978148862719536,0,0.4094189703464508,0.10975748300552368,0.8885772824287415,0.7884401082992554,-0.2136668562889099,0.06166079640388489,-0.5735036730766296,1
0.38423505425453186,0.10937277972698212,0.8924949169158936,0.7937102317810059,-0.20050087571144104,0.034408826380968094,-0.5732707381248474,0.6098385453224182,0.12243108451366425,0.019978148862719536,0,0.4150294065475464,0.10985445231199265,0.8872396945953369,0.7872040867805481,-0.21657615900039673,0.06752174347639084,-0.5734504461288452,1
0.38773417472839355,0.10942129790782928,0.8919137120246887,0.793135941028595,-0.20221710205078125,0.037875231355428696,-0.5732442140579224,0.6098385453224182,0.12243108451366425,0.019978148862719536,0,0.42060256004333496,0.10995372384786606,0.8857957720756531,0.7859224081039429,-0.21949084103107452,0.07336592674255371,-0.5733821988105774,1
0.39147311449050903,0.10947377234697342,0.8912572264671326,0.7924993634223938,-0.2040635645389557,0.04159703105688095,-0.5732123851776123,0.6098385453224182,0.12243108451366425,0.019978148862719536,0,0.42613685131073,0.11005531996488571,0.8842464089393616,0.7845958471298218,-0.22241047024726868,0.07919273525476456,-0.5732986927032471,1
0.3954228460788727,0.10953006148338318,0.8905220627784729,0.7918012738227844,-0.20602701604366302,0.04554634913802147,-0.5731744766235352,0.6098385453224182,0.12243108451366425,0.019978148862719536,0,0.43163102865219116,0.11015918850898743,0.8825919032096863,0.7832241654396057,-0.22533529996871948,0.08500216901302338,-0.5732001066207886,1
0.3995564877986908,0.10959015041589737,0.8897046446800232,0.7910429835319519,-0.2080955058336258,0.0496976412832737,-0.5731295347213745,0.6098385453224182,0.12243108451366425,0.019978148862719536,0,0.43708357214927673,0.11026528477668762,0.8808326125144958,0.7818077802658081,-0.22826528549194336,0.09079356491565704,-0.5730863213539124,1
0.4038504958152771,0.10965389758348465,0.8888015151023865,0.7902250289916992,-0.21025869250297546,0.05402807891368866,-0.5730765461921692,0.6098385453224182,0.12243108451366425,0.019978148862719536,0,0.4424927234649658,0.1103736013174057,0.8789694905281067,0.7803468108177185,-0.2311999797821045,0.09656675159931183,-0.572957456111908,1
0.4082828760147095,0.10972137749195099,0.8878099918365479,0.7893481850624084,-0.21250669658184052,0.05851704999804497,-0.5730149149894714,0.6098385453224182,0.12243108451366425,0.019978148862719536,0,0.4478575587272644,0.11048413068056107,0.8770027756690979,0.7788413166999817,-0.2341396063566208,0.10232159495353699,-0.5728131532669067,1
0.4128343164920807,0.10979240387678146,0.8867268562316895,0.7884131669998169,-0.21483148634433746,0.06314631551504135,-0.5729437470436096,0.6098385453224182,0.12243108451366425,0.019978148862719536,0,0.45317602157592773,0.11059678345918655,0.8749332427978516,0.7772917747497559,-0.23708385229110718,0.10805735737085342,-0.5726538300514221,1
0.41748684644699097,0.1098669096827507,0.8855502009391785,0.787420928478241,-0.21722498536109924,0.06789866834878922,-0.572862446308136,0.6098385453224182,0.12243108451366425,0.019978148862719536,0,0.4584468603134155,0.11071153730154037,0.8727616667747498,0.7756978869438171,-0.2400328814983368,0.11377394199371338,-0.572479248046875,1
0.4222244918346405,0.10994482040405273,0.8842779397964478,0.786371648311615,-0.2196805775165558,0.07275944203138351,-0.5727704763412476,0.6098385453224182,0.12243108451366425,0.019978148862719536,0,0.46366867423057556,0.11082836985588074,0.8704884648323059,0.7740603089332581,-0.24298609793186188,0.11947063356637955,-0.5722893476486206,1
0.4270328879356384,0.11002618074417114,0.8829079866409302,0.7852665185928345,-0.22219218313694,0.07771553099155426,-0.5726669430732727,0.6098385453224182,0.12243108451366425,0.019978148862719536,0,0.4688398540019989,0.11094725877046585,0.8681145310401917,0.7723791003227234,-0.2459440529346466,0.12514732778072357,-0.5720841288566589,1
0.4318990707397461,0.11011092364788055,0.8814389109611511,0.7841055989265442,-0.22475461661815643,0.08275449275970459,-0.5725516676902771,0.6098385453224182,0.12243108451366425,0.019978148862719536,0,0.473959356546402,0.11106815189123154,0.8656403422355652,0.7706542611122131,-0.24890626966953278,0.1308039426803589,-0.5718636512756348,1
0.4368112087249756,0.11019879579544067,0.8798694610595703,0.7828896641731262,-0.2273627072572708,0.08786606788635254,-0.572424054145813,0.6098385453224182,0.12243108451366425,0.019978148862719536,0,0.47902536392211914,0.11119099706411362,0.8630669713020325,0.7688860297203064,-0.2518727481365204,0.13643981516361237,-0.5716278553009033,1
0.44175809621810913,0.11028996855020523,0.8781988620758057,0.781619668006897,-0.2300119698047638,0.09303954243659973,-0.5722838044166565,0.6098385453224182,0.12243108451366425,0.019978148862719536,0,0.484036386013031,0.1113157793879509,0.8603950142860413,0.7670748829841614,-0.2548432946205139,0.14205420017242432,-0.5713768601417542,1
0.446729838848114,0.11038415133953094,0.8764263987541199,0.7802958488464355,-0.23269884288311005,0.09826675057411194,-0.5721304416656494,0.6098385453224182,0.12243108451366425,0.019978148862719536,0,0.48899123072624207,0.1114424392580986,0.8576251268386841,0.7652207612991333,-0.25781795382499695,0.14764757454395294,-0.5711104869842529,1
0.45171838998794556,0.11048156023025513,0.8745511174201965,0.7789190411567688,-0.23541955649852753,0.10353996604681015,-0.5719634294509888,0.6098385453224182,0.12243108451366425,0.019978148862719536,0,0.4938884973526001,0.11157092452049255,0.8547583818435669,0.7633240818977356,-0.2607963979244232,0.1532190591096878,-0.5708286762237549,1
0.4567148685455322,0.11058169603347778,0.8725731372833252,0.7774896025657654,-0.2381710261106491,0.10885157436132431,-0.5717830061912537,0.6098385453224182,0.12243108451366425,0.019978148862719536,0,0.4987267851829529,0.11170121282339096,0.8517952561378479,0.7613848447799683,-0.26377880573272705,0.15876851975917816,-0.5705316662788391,1
0.46171167492866516,0.11068493127822876,0.8704920411109924,0.7760083079338074,-0.24095012247562408,0.11419513821601868,-0.5715885162353516,0.6098385453224182,0.12243108451366425,0.019978148862719536,0,0.5035048127174377,0.11183325201272964,0.8487367630004883,0.7594032287597656,-0.26676511764526367,0.16429570317268372,-0.5702192783355713,1
0.46670258045196533,0.11079091578722,0.8683079481124878,0.7744757533073425,-0.24375464022159576,0.11956524103879929,-0.571380078792572,0.6098385453224182,0.12243108451366425,0.019978148862719536,0,0.5082212686538696,0.11196698248386383,0.8455836176872253,0.7573795318603516,-0.269755095243454,0.16980025172233582,-0.5698913931846619,1
0.4716812074184418,0.1108994409441948,0.8660208582878113,0.7728922963142395,-0.24658232927322388,0.12495644390583038,-0.5711572170257568,0.6098385453224182,0.12243108451366425,0.019978148862719536,0,0.5128746032714844,0.11210238188505173,0.8423370718955994,0.7553141117095947,-0.27274855971336365,0.17528162896633148,-0.5695481300354004,1
0.47664162516593933,0.11101093888282776,0.8636312484741211,0.7712587118148804,-0.2494310885667801,0.13036419451236725,-0.5709196329116821,0.6098385453224182,0.12243108451366425,0.019978148862719536,0,0.517463743686676,0.11223939806222916,0.8389975428581238,0.7532069087028503,-0.27574557065963745,0.18073977530002594,-0.5691895484924316,1
0.481579065322876,0.11112478375434875,0.8611392378807068,0.7695754766464233,-0.2522988021373749,0.13578420877456665,-0.5706676244735718,0.6098385453224182,0.12243108451366425,0.019978148862719536,0,0.52198725938797,0.11237796396017075,0.8355662226676941,0.7510585188865662,-0.2787461578845978,0.18617413938045502,-0.5688153505325317,1
0.48648756742477417,0.11124138534069061,0.8585460782051086,0.7678434252738953,-0.25518378615379333,0.1412120908498764,-0.5704005360603333,0.6098385453224182,0.12243108451366425,0.019978148862719536,0,0.5264440178871155,0.11251803487539291,0.8320439457893372,0.7488687634468079,-0.2817498743534088,0.1915847659111023,-0.5684256553649902,1
0.49136412143707275,0.1113603413105011,0.8558512330055237,0.7660627961158752,-0.2580847442150116,0.14664508402347565,-0.5701186060905457,0.6098385453224182,0.12243108451366425,0.019978148862719536,0,0.5308325290679932,0.11265956610441208,0.8284317255020142,0.7466381192207336,-0.28475674986839294,0.1969710886478424,-0.5680205225944519,1
0.4962037205696106,0.11148161441087723,0.8530561327934265,0.764234185218811,-0.2610001862049103,0.15207967162132263,-0.5698217153549194,0.6098385453224182,0.12243108451366425,0.019978148862719536,0,0.5351516604423523,0.11280249804258347,0.824730396270752,0.7443667054176331,-0.28776681423187256,0.20233289897441864,-0.5675999522209167,1
0.5010027885437012,0.1116052195429802,0.8501613140106201,0.7623580694198608,-0.26392900943756104,0.15751290321350098,-0.5695096850395203,0.6098385453224182,0.12243108451366425,0.019978148862719536,0,0.5393998026847839,0.1129467785358429,0.8209414482116699,0.74205482006073,-0.2907797396183014,0.20766939222812653,-0.5671641230583191,1
0.5057578682899475,0.1117308959364891,0.8471675515174866,0.7604349851608276,-0.26687002182006836,0.16294288635253906,-0.5691824555397034,0.6098385453224182,0.12243108451366425,0.019978148862719536,0,0.5435763001441956,0.11309238523244858,0.8170653581619263,0.7397027015686035,-0.29379549622535706,0.21298077702522278,-0.5667125582695007,1
0.5104654431343079,0.111859031021595,0.8440757393836975,0.7584655284881592,-0.26982221007347107,0.16836628317832947,-0.5688398480415344,0.6098385453224182,0.12243108451366425,0.019978148862719536,0,0.5476795434951782,0.11323920637369156,0.8131033182144165,0.737310528755188,-0.29681429266929626,0.21826690435409546,-0.5662454962730408,1
0.5151222348213196,0.11198899149894714,0.8408868312835693,0.7564499974250793,-0.2727845311164856,0.1737813800573349,-0.5684822201728821,0.6098385453224182,0.12243108451366425,0.019978148862719536,0,0.5517084002494812,0.11338721960783005,0.8090565204620361,0.7348785996437073,-0.29983556270599365,0.22352689504623413,-0.565762996673584,1
0.5197259783744812,0.11212094128131866,0.8376016020774841,0.7543890476226807,-0.2757563292980194,0.17918647825717926,-0.5681090354919434,0.6098385453224182,0.12243108451366425,0.019978148862719536,0,0.5556615591049194,0.11353635787963867,0.8049259781837463,0.7324070930480957,-0.30285951495170593,0.2287604808807373,-0.5652649998664856,1
0.5242734551429749,0.1122550442814827,0.8342212438583374,0.7522830367088318,-0.2787367105484009,0.1845792829990387,-0.567720353603363,0.6098385453224182,0.12243108451366425,0.019978148862719536,0,0.5595381259918213,0.11368657648563385,0.8007128238677979,0.7298963069915771,-0.305885910987854,0.23396778106689453,-0.564751386642456,1
0.5287625789642334,0.11239087581634521,0.8307467699050903,0.7501325011253357,-0.2817252576351166,0.18995878100395203,-0.5673162341117859,0.6098385453224182,0.12243108451366425,0.019978148862719536,0,0.5633372068405151,0.1138378158211708,0.7964175939559937,0.7273464202880859,-0.3089149594306946,0.23914872109889984,-0.5642220973968506,1
0.5331909656524658,0.11252836883068085,0.827178955078125,0.7479378581047058,-0.2847209572792053,0.19532321393489838,-0.5668966174125671,0.6098385453224182,0.12243108451366425,0.019978148862719536,0,0.5670565366744995,0.11398998647928238,0.79204261302948,0.7247578501701355,-0.3119458556175232,0.2443019449710846,-0.5636774897575378,1
0.5375557541847229,0.11266768723726273,0.8235192894935608,0.745699405670166,-0.28772321343421936,0.20067079365253448,-0.5664616823196411,0.6098385453224182,0.12243108451366425,0.019978148862719536,0,0.5706961154937744,0.11414306610822678,0.7875880002975464,0.7221304774284363,-0.31497922539711,0.24942810833454132,-0.5631174445152283,1
0.5418550968170166,0.11280858516693115,0.8197689056396484,0.7434177994728088,-0.2907317578792572,0.20600071549415588,-0.5660111308097839,0.6098385453224182,0.12243108451366425,0.019978148862719536,0,0.5742546319961548,0.11429697275161743,0.7830551862716675,0.719464898109436,-0.3180147409439087,0.2545267641544342,-0.5625415444374084,1
0.5460869073867798,0.11295121163129807,0.8159286975860596,0.7410933971405029,-0.2937460243701935,0.21131178736686707,-0.5655450224876404,0.6098385453224182,0.12243108451366425,0.019978148862719536,0,0.5777307152748108,0.11445164680480957,0.7784454226493835,0.7167612314224243,-0.32105207443237305,0.2595973610877991,-0.561950147151947,1
0.5502499938011169,0.11309512704610825,0.8119996190071106,0.7387263774871826,-0.29676568508148193,0.21660292148590088,-0.5650632977485657,0.6098385453224182,0.12243108451366425,0.019978148862719536,0,0.5811235904693604,0.11460705101490021,0.7737598419189453,0.7140197157859802,-0.32409149408340454,0.2646397650241852,-0.561343252658844,1
0.5543417930603027,0.11324066668748856,0.8079832196235657,0.73631751537323,-0.29979023337364197,0.22187313437461853,-0.5645658373832703,0.6098385453224182,0.12243108451366425,0.019978148862719536,0,0.5844321250915527,0.11476306617259979,0.7689996957778931,0.7112405896186829,-0.32713282108306885,0.26965364813804626,-0.560720682144165,1
0.5583605766296387,0.11338737607002258,0.8038809299468994,0.7338667511940002,-0.30281907320022583,0.22712162137031555,-0.5640529990196228,0.6098385453224182,0.12243108451366425,0.019978148862719536,0,0.587655246257782,0.11491968482732773,0.7641661167144775,0.7084243297576904,-0.330175518989563,0.27463871240615845,-0.5600826144218445,1
0.5623045563697815,0.11353560537099838,0.7996937036514282,0.7313750386238098,-0.3058520257472992,0.23234696686267853,-0.5635245442390442,0.6098385453224182,0.12243108451366425,0.019978148862719536,0,0.5907918214797974,0.11507681012153625,0.7592605352401733,0.7055710554122925,-0.33321985602378845,0.2795948088169098,-0.559428870677948,1
0.5661725997924805,0.11368488520383835,0.7954226732254028,0.7288421988487244,-0.30888882279396057,0.2375490665435791,-0.5629804730415344,0.6098385453224182,0.12243108451366425,0.019978148862719536,0,0.5938411355018616,0.1152343824505806,0.7542839050292969,0.7026810050010681,-0.33626577258110046,0.2845216989517212,-0.5587595105171204,1
0.5699633955955505,0.1138351708650589,0.7910689115524292,0.7262688279151917,-0.31192925572395325,0.24272723495960236,-0.5624207258224487,0.6098385453224182,0.12243108451366425,0.019978148862719536,0,0.5968019366264343,0.11539235711097717,0.7492378354072571,0.6997543573379517,-0.33931320905685425,0.28941890597343445,-0.5580743551254272,1
0.5736743211746216,0.11398681253194809,0.7866344451904297,0.7236554622650146,-0.31497275829315186,0.2478799670934677,-0.5618454813957214,0.6098385453224182,0.12243108451366425,0.019978148862719536,0,0.5996734499931335,0.11555062234401703,0.7441233992576599,0.6967913508415222,-0.34236177802085876,0.2942861318588257,-0.5573739409446716,1
0.5773050785064697,0.11413933336734772,0.7821200489997864,0.7210023403167725,-0.3180190622806549,0.2530074119567871,-0.5612545609474182,0.6098385453224182,0.12243108451366425,0.019978148862719536,0,0.6024544835090637,0.11570916324853897,0.7389423847198486,0.6937927603721619,-0.3454112708568573,0.29912298917770386,-0.5566578507423401,1
0.580854058265686,0.11429266631603241,0.7775267958641052,0.7183095216751099,-0.32106825709342957,0.2581086754798889,-0.5606481432914734,0.6098385453224182,0.12243108451366425,0.019978148862719536,0,0.6053097248077393,0.11587788164615631,0.7333651781082153,0.6905674934387207,-0.34865301847457886,0.3042289912700653,-0.5558797717094421,1
0.5843284130096436,0.11444725841283798,0.7728395462036133,0.7155652046203613,-0.32412970066070557,0.26320403814315796,-0.5600267648696899,0.6098385453224182,0.12243108451366425,0.019978148862719536,0,0.6080610752105713,0.1160464882850647,0.7277154326438904,0.6873022317886353,-0.3518955111503601,0.3093004822731018,-0.5550839900970459,1
0.5877314805984497,0.11460354924201965,0.7680535316467285,0.7127676606178284,-0.327208012342453,0.2682965397834778,-0.5593873262405396,0.6098385453224182,0.12243108451366425,0.019978148862719536,0,0.6107069849967957,0.11621536314487457,0.7219950556755066,0.6839974522590637,-0.3551390469074249,0.3143366873264313,-0.5542707443237305,1
0.5910626649856567,0.11476171761751175,0.7631676197052002,0.7099167704582214,-0.3303036689758301,0.2733853757381439,-0.5587288737297058,0.6098385453224182,0.12243108451366425,0.019978148862719536,0,0.6132470369338989,0.11638421565294266,0.7162051796913147,0.68065345287323,-0.35838353633880615,0.3193379044532776,-0.5534394979476929,1
0.5943202376365662,0.11492128670215607,0.7581827044487,0.7070134878158569,-0.33341601490974426,0.27846887707710266,-0.5580507516860962,0.6098385453224182,0.12243108451366425,0.019978148862719536,0,0.6156796813011169,0.1165526807308197,0.7103480696678162,0.6772706508636475,-0.3616284728050232,0.32430312037467957,-0.5525909066200256,1
0.5975010991096497,0.11508218944072723,0.7531005144119263,0.7040586471557617,-0.3365437984466553,0.2835445702075958,-0.5573527216911316,0.6098385453224182,0.12243108451366425,0.019978148862719536,0,0.6180047988891602,0.11672118306159973,0.7044246196746826,0.6738489270210266,-0.36487436294555664,0.329232782125473,-0.5517244935035706,1
0.6006014347076416,0.11524409800767899,0.7479238510131836,0.7010530829429626,-0.33968573808670044,0.2886088788509369,-0.556635320186615,0.6098385453224182,0.12243108451366425,0.019978148862719536,0,0.6202210783958435,0.11688940227031708,0.6984366178512573,0.6703891158103943,-0.36812058091163635,0.33412614464759827,-0.5508405566215515,1
0.6036190390586853,0.11540695279836655,0.7426542639732361,0.6979976296424866,-0.34284108877182007,0.2936605215072632,-0.555898129940033,0.6098385453224182,0.12243108451366425,0.019978148862719536,0,0.6223273873329163,0.11705699563026428,0.6923862099647522,0.66689133644104,-0.3713671565055847,0.3389832675457001,-0.5499387979507446,1
0.6065495014190674,0.11557068675756454,0.7372956275939941,0.6948937773704529,-0.34600767493247986,0.29869580268859863,-0.5551414489746094,0.6098385453224182,0.12243108451366425,0.019978148862719536,0,0.6243229508399963,0.11722434312105179,0.6862747669219971,0.6633560061454773,-0.37461405992507935,0.3438033163547516,-0.5490193367004395,1
0.6093907356262207,0.11573520302772522,0.731849730014801,0.6917420029640198,-0.3491847515106201,0.303713321685791,-0.5543654561042786,0.6098385453224182,0.12243108451366425,0.019978148862719536,0,0.6262069940567017,0.11739090830087662,0.6801044344902039,0.6597835421562195,-0.3778606653213501,0.3485862612724304,-0.5480825304985046,1
0.6121392846107483,0.1158999428153038,0.7263197302818298,0.6885433793067932,-0.3523712158203125,0.308710515499115,-0.5535704493522644,0.6098385453224182,0.12243108451366425,0.019978148862719536,0,0.6279788017272949,0.11755707859992981,0.6738762259483337,0.6561741828918457,-0.3811075687408447,0.3533320128917694,-0.547127902507782,1
0.6147927641868591,0.11606553196907043,0.7207081317901611,0.6852991580963135,-0.35556596517562866,0.3136853575706482,-0.5527560710906982,0.6098385453224182,0.12243108451366425,0.019978148862719536,0,0.6296370625495911,0.1177225112915039,0.6675927639007568,0.6525282859802246,-0.3843541741371155,0.35804009437561035,-0.5461556315422058,1
0.6173484921455383,0.11623120307922363,0.7150177955627441,0.6820098757743835,-0.358767569065094,0.3186361789703369,-0.5519231557846069,0.6098385453224182,0.12243108451366425,0.019978148862719536,0,0.6311816573143005,0.11788688600063324,0.6612551808357239,0.6488462090492249,-0.38760051131248474,0.3627100884914398,-0.5451657176017761,1
0.6198043823242188,0.11639704555273056,0.709250807762146,0.6786766052246094,-0.36197569966316223,0.32356134057044983,-0.5510713458061218,0.6098385453224182,0.12243108451366425,0.019978148862719536,0,0.6326114535331726,0.11805059760808945,0.6548655033111572,0.645128607749939,-0.3908463716506958,0.3673419654369354,-0.5441581010818481,1
0.6221584677696228,0.11656324565410614,0.7034100890159607,0.6752998232841492,-0.36518943309783936,0.32845935225486755,-0.5502009987831116,0.6098385453224182,0.12243108451366425,0.019978148862719536,0,0.6339259147644043,0.11821332573890686,0.6484254598617554,0.6413754224777222,-0.3940916657447815,0.37193527817726135,-0.5431329607963562,1
0.6244089007377625,0.1167292594909668,0.6974976062774658,0.6718806028366089,-0.3684081435203552,0.3333289921283722,-0.5493119955062866,0.6098385453224182,0.12243108451366425,0.019978148862719536,0,0.6351243257522583,0.11837472766637802,0.6419366002082825,0.6375871300697327,-0.397336483001709,0.37649011611938477,-0.5420899987220764,1
0.6265531182289124,0.1168954074382782,0.6915167570114136,0.668419599533081,-0.3716305196285248,0.33816832304000854,-0.5484049916267395,0.6098385453224182,0.12243108451366425,0.019978148862719536,0,0.636205792427063,0.11853519082069397,0.6354015469551086,0.6337642669677734,-0.4005802869796753,0.38100549578666687,-0.541029691696167,1
0.62859046459198,0.11706121265888214,0.6854687333106995,0.664917528629303,-0.3748565912246704,0.34297695755958557,-0.5474795699119568,0.6098385453224182,0.12243108451366425,0.019978148862719536,0,0.637170135974884,0.11869415640830994,0.6288209557533264,0.6299068927764893,-0.4038233160972595,0.3854822814464569,-0.5399513840675354,1
0.6305186748504639,0.11722675710916519,0.6793567538261414,0.661375105381012,-0.37808555364608765,0.34775352478027344,-0.5465359687805176,0.6098385453224182,0.12243108451366425,0.019978148862719536,0,0.6380167007446289,0.11885203421115875,0.6221973896026611,0.6260156035423279,-0.40706536173820496,0.3899191617965698,-0.5388555526733398,1
0.6323370337486267,0.11739172786474228,0.673182487487793,0.6577928066253662,-0.3813169300556183,0.35249724984169006,-0.5455746650695801,0.6098385453224182,0.12243108451366425,0.019978148862719536,0,0.6387446522712708,0.11900845170021057,0.6155327558517456,0.6220911145210266,-0.4103059768676758,0.39431607723236084,-0.5377419590950012,1
0.6340436339378357,0.11755654215812683,0.666948676109314,0.6541717648506165,-0.38455018401145935,0.3572068214416504,-0.5445950031280518,0.6098385453224182,0.12243108451366425,0.019978148862719536,0,0.6393536925315857,0.11916312575340271,0.6088282465934753,0.6181328892707825,-0.41354554891586304,0.39867347478866577,-0.5366107821464539,1
0.6356378793716431,0.1177205815911293,0.6606569886207581,0.6505117416381836,-0.3877851068973541,0.3618822693824768,-0.5435974597930908,0.6098385453224182,0.12243108451366425,0.019978148862719536,0,0.6398431062698364,0.11931642144918442,0.60208660364151,0.6141422390937805,-0.4167834520339966,0.4029903709888458,-0.5354620814323425,1
0.6371181011199951,0.11788380891084671,0.6543104648590088,0.646814227104187,-0.39102086424827576,0.3665219247341156,-0.5425823926925659,0.6098385453224182,0.12243108451366425,0.019978148862719536,0,0.64021235704422,0.11946799606084824,0.5953092575073242,0.610119104385376,-0.4200197160243988,0.4072664976119995,-0.5342958569526672,1
0.6384833455085754,0.11804632842540741,0.6479107141494751,0.6430793404579163,-0.3942573368549347,0.37112557888031006,-0.5415494441986084,0.6098385453224182,0.12243108451366425,0.019978148862719536,0,0.6404613256454468,0.11961756646633148,0.5884977579116821,0.6060638427734375,-0.4232544004917145,0.4115021824836731,-0.5331118702888489,1
0.639733076095581,0.11820808053016663,0.6414596438407898,0.6393076181411743,-0.3974943459033966,0.37569257616996765,-0.5404989719390869,0.6098385453224182,0.12243108451366425,0.019978148862719536,0,0.6405895352363586,0.11976547539234161,0.5816545486450195,0.601976752281189,-0.4264873266220093,0.4156968295574188,-0.5319103002548218,1
0.6408660411834717,0.1183687299489975,0.6349597573280334,0.6354996562004089,-0.40073132514953613,0.38022226095199585,-0.5394306182861328,0.6098385453224182,0.12243108451366425,0.019978148862719536,0,0.6405965089797974,0.11991119384765625,0.5747811794281006,0.5978584885597229,-0.4297179877758026,0.41985031962394714,-0.5306913256645203,1
0.6418812274932861,0.11852818727493286,0.628413736820221,0.6316564083099365,-0.40396779775619507,0.38471367955207825,-0.5383450984954834,0.6098385453224182,0.12243108451366425,0.019978148862719536,0,0.6404818296432495,0.12005508691072464,0.5678796768188477,0.5937092304229736,-0.43294715881347656,0.423962265253067,-0.5294545292854309,1
0.6427785754203796,0.11868657916784286,0.6218223571777344,0.6277777552604675,-0.4072043299674988,0.38916733860969543,-0.5372415781021118,0.6098385453224182,0.12243108451366425,0.019978148862719536,0,0.6402454376220703,0.12019682675600052,0.5609517097473145,0.5895295143127441,-0.43617385625839233,0.4280327260494232,-0.5282000303268433,1
0.6435565948486328,0.11884360760450363,0.6151890158653259,0.6238648891448975,-0.4104391932487488,0.3935816287994385,-0.5361210107803345,0.6098385453224182,0.12243108451366425,0.019978148862719536,0,0.6398866772651672,0.12033610045909882,0.5539996027946472,0.5853195190429688,-0.43939805030822754,0.43206125497817993,-0.5269283652305603,1
0.6442151069641113,0.11899938434362411,0.6085150837898254,0.6199178695678711,-0.4136733114719391,0.3979567885398865,-0.5349826216697693,0.6098385453224182,0.12243108451366425,0.019978148862719536,0,0.639405369758606,0.12047330290079117,0.5470252633094788,0.5810799598693848,-0.4426196813583374,0.4360474646091461,-0.5256389379501343,1
0.6447535753250122,0.11915364116430283,0.6018025279045105,0.6159372925758362,-0.4169062376022339,0.40229207277297974,-0.5338271856307983,0.6098385453224182,0.12243108451366425,0.019978148862719536,0,0.638801634311676,0.12060809135437012,0.5400300025939941,0.5768109560012817,-0.44583895802497864,0.43999168276786804,-0.5243318676948547,1
0.6451712846755981,0.11930622905492783,0.5950539112091064,0.6119234561920166,-0.4201374053955078,0.4065874218940735,-0.5326545238494873,0.6098385453224182,0.12243108451366425,0.019978148862719536,0,0.6380749940872192,0.1207401305437088,0.5330166816711426,0.572513222694397,-0.4490552842617035,0.4438931345939636,-0.5230075120925903,1
0.6454678773880005,0.11945705860853195,0.5882707834243774,0.607877254486084,-0.42336687445640564,0.41084223985671997,-0.5314643979072571,0.6098385453224182,0.12243108451366425,0.019978148862719536,0,0.6372254490852356,0.12086983770132065,0.5259856581687927,0.5681864619255066,-0.45226913690567017,0.4477519690990448,-0.5216653943061829,1
0.6456430554389954,0.11960633844137192,0.5814550518989563,0.6037987470626831,-0.42659446597099304,0.4150563180446625,-0.530256986618042,0.6098385453224182,0.12243108451366425,0.019978148862719536,0,0.636252760887146,0.1209966391324997,0.5189406871795654,0.5638318657875061,-0.45547962188720703,0.4515679180622101,-0.5203059315681458,1
0.6456958651542664,0.11975368857383728,0.5746093988418579,0.5996886491775513,-0.42981985211372375,0.41922885179519653,-0.5290325284004211,0.6098385453224182,0.12243108451366425,0.019978148862719536,0,0.6351566910743713,0.12112092971801758,0.5118826627731323,0.5594494938850403,-0.45868706703186035,0.45534056425094604,-0.5189289450645447,1
0.6456262469291687,0.11989903450012207,0.5677355527877808,0.5955473780632019,-0.43304282426834106,0.4233601689338684,-0.5277908444404602,0.6098385453224182,0.12243108451366425,0.019978148862719536,0,0.6339372396469116,0.12124237418174744,0.504813551902771,0.5550399422645569,-0.46189141273498535,0.45907002687454224,-0.5175342559814453,1
0.6454339623451233,0.12004228681325912,0.5608357191085815,0.5913755893707275,-0.4362630546092987,0.4274495840072632,-0.5265323519706726,0.6098385453224182,0.12243108451366425,0.019978148862719536,0,0.6325945854187012,0.1213606670498848,0.49773555994033813,0.5506030917167664,-0.46509218215942383,0.4627559781074524,-0.5161223411560059,1
0.6451187133789062,0.12018360942602158,0.5539109706878662,0.5871732831001282,-0.43948113918304443,0.43149691820144653,-0.5252562165260315,0.6098385453224182,0.12243108451366425,0.019978148862719536,0,0.6311285495758057,0.1214761883020401,0.4906502366065979,0.546139657497406,-0.46828967332839966,0.46639853715896606,-0.5146927237510681,1
0.6446799039840698,0.12032239884138107,0.5469648838043213,0.5829413533210754,-0.4426957368850708,0.4355018734931946,-0.5239635705947876,0.6098385453224182,0.12243108451366425,0.019978148862719536,0,0.6295391917228699,0.12158859521150589,0.4835602045059204,0.5416502356529236,-0.4714832901954651,0.46999678015708923,-0.5132459402084351,1
0.6441177725791931,0.12045908719301224,0.5399982929229736,0.5786802172660828,-0.44590747356414795,0.4394640624523163,-0.5226537585258484,0.6098385453224182,0.12243108451366425,0.019978148862719536,0,0.6278265714645386,0.12169761210680008,0.47646674513816833,0.5371351838111877,-0.47467318177223206,0.47355136275291443,-0.5117814540863037,1
0.6434319019317627,0.12059333175420761,0.5330135226249695,0.5743902325630188,-0.449116051197052,0.4433833360671997,-0.521327018737793,0.6098385453224182,0.12243108451366425,0.019978148862719536,0,0.625990629196167,0.12180361151695251,0.4693719744682312,0.5325943827629089,-0.4778594374656677,0.4770616888999939,-0.5102996230125427,1
0.642622172832489,0.12072503566741943,0.5260129570960999,0.5700719952583313,-0.4523206651210785,0.4472595155239105,-0.5199833512306213,0.6098385453224182,0.12243108451366425,0.019978148862719536,0,0.624031662940979,0.12190602719783783,0.4622780978679657,0.5280290842056274,-0.4810411036014557,0.48052743077278137,-0.5088005065917969,1
0.6416889429092407,0.12085440009832382,0.5189974308013916,0.5657256245613098,-0.4555225074291229,0.451092392206192,-0.5186225771903992,0.6098385453224182,0.12243108451366425,0.019978148862719536,0,0.6219495534896851,0.12200526148080826,0.4551863968372345,0.5234386920928955,-0.4842192530632019,0.4839489758014679,-0.5072838068008423,1
0.640631377696991,0.12098078429698944,0.5119702816009521,0.5613517165184021,-0.45872023701667786,0.4548814594745636,-0.5172452926635742,0.6098385453224182,0.12243108451366425,0.019978148862719536,0,0.6197448968887329,0.12210098654031754,0.44809970259666443,0.5188248157501221,-0.48739275336265564,0.4873254895210266,-0.5057498216629028,1
0.6394500732421875,0.12110461294651031,0.5049323439598083,0.5569508671760559,-0.4619142711162567,0.45862704515457153,-0.515850841999054,0.6098385453224182,0.12243108451366425,0.019978148862719536,0,0.6174179315567017,0.12219291925430298,0.4410189688205719,0.5141867399215698,-0.49056190252304077,0.49065735936164856,-0.5041985511779785,1
0.6381447315216064,0.12122536450624466,0.49788618087768555,0.552523136138916,-0.465104341506958,0.46232861280441284,-0.5144397020339966,0.6098385453224182,0.12243108451366425,0.019978148862719536,0,0.6149684190750122,0.12228142470121384,0.43394678831100464,0.5095255970954895,-0.493726521730423,0.4939440190792084,-0.5026301145553589,1
0.6367154717445374,0.12134337425231934,0.49083390831947327,0.5480697154998779,-0.46829015016555786,0.4659857749938965,-0.5130116939544678,0.6098385453224182,0.12243108451366425,0.019978148862719536,0,0.6123969554901123,0.12236620485782623,0.4268842339515686,0.5048413276672363,-0.4968867301940918,0.4971858561038971,-0.5010438561439514,1
0.6351622343063354,0.12145835906267166,0.48377716541290283,0.5435901880264282,-0.47147178649902344,0.4695987105369568,-0.5115672945976257,0.6098385453224182,0.12243108451366425,0.019978148862719536,0,0.6097037196159363,0.1224469318985939,0.4198343753814697,0.5001348853111267,-0.5000417828559875,0.5003822445869446,-0.4994405210018158,1
0.6334854364395142,0.12157022953033447,0.47671788930892944,0.5390856266021729,-0.47464901208877563,0.47316688299179077,-0.5101060271263123,0.6098385453224182,0.12243108451366425,0.019978148862719536,0,0.6334854364395142,0.12157022953033447,0.47671788930892944,0.5390856266021729,-0.47464901208877563,0.47316688299179077,-0.5101060271263123,1
0.6326571702957153,0.12168481945991516,0.46955806016921997,0.5354911684989929,-0.4785788953304291,0.4769130349159241,-0.506720244884491,0.6098385453224182,0.12243108451366425,0.019978148862719536,0,0.6338128447532654,0.12159045040607452,0.4743207097053528,0.5386983156204224,-0.4749056100845337,0.4734540283679962,-0.5100097060203552,1
0.6326170563697815,0.12179462611675262,0.46262407302856445,0.532132625579834,-0.482200026512146,0.4805190861225128,-0.5034078359603882,0.6098385453224182,0.12243108451366425,0.019978148862719536,0,0.6341283917427063,0.12161046266555786,0.47192370891571045,0.5383108854293823,-0.47516241669654846,0.47374075651168823,-0.509913444519043,1
0.6328529715538025,0.12184286117553711,0.4565221071243286,0.5292611718177795,-0.4851996898651123,0.48355427384376526,-0.5006387233734131,0.6098385453224182,0.12243108451366425,0.019978148862719536,0,0.6344320774078369,0.12163048982620239,0.4695265293121338,0.537923276424408,-0.475419282913208,0.4740274250507355,-0.5098166465759277,1
0.6331834197044373,0.12185376137495041,0.4514780640602112,0.5269705057144165,-0.48752477765083313,0.4859340190887451,-0.4984874725341797,0.6098385453224182,0.12243108451366425,0.019978148862719536,0,0.6347237229347229,0.12165006250143051,0.46713000535964966,0.5375354290008545,-0.475676029920578,0.47431355714797974,-0.5097201466560364,1
0.6335649490356445,0.12184996902942657,0.447567880153656,0.525301456451416,-0.4891710877418518,0.4876364469528198,-0.4969714879989624,0.6098385453224182,0.12243108451366425,0.019978148862719536,0,0.6350036263465881,0.12166940420866013,0.46473369002342224,0.5371472239494324,-0.4759328365325928,0.4745993912220001,-0.5096234083175659,1
0.6339985132217407,0.1218438595533371,0.4448135793209076,0.5242688059806824,-0.49014776945114136,0.4886614680290222,-0.4960920810699463,0.6098385453224182,0.12243108451366425,0.019978148862719536,0,0.6352713704109192,0.12168877571821213,0.4623382091522217,0.5367593169212341,-0.47618964314460754,0.4748848080635071,-0.5095263123512268,1
0.6344959139823914,0.1218402087688446,0.4432196021080017,0.5238755345344543,-0.4904641807079315,0.4890148341655731,-0.49584639072418213,0.6098385453224182,0.12243108451366425,0.019978148862719536,0,0.6355273723602295,0.12170767039060593,0.45994266867637634,0.5363710522651672,-0.4764463007450104,0.4751698970794678,-0.5094295144081116,1
0.6350667476654053,0.12184085696935654,0.4427832365036011,0.5241183042526245,-0.4901283383369446,0.48870453238487244,-0.49622786045074463,0.6098385453224182,0.12243108451366425,0.019978148862719536,0,0.6357713937759399,0.12172634899616241,0.45754802227020264,0.5359825491905212,-0.4767029881477356,0.4754549562931061,-0.5093322992324829,1
0.6355617642402649,0.12182588875293732,0.4430101811885834,0.5247361063957214,-0.48939135670661926,0.4879993498325348,-0.4969955384731293,0.6098385453224182,0.12243108451366425,0.019978148862719536,0,0.6360034942626953,0.1217447891831398,0.4551539719104767,0.5355939269065857,-0.47695961594581604,0.4757393002510071,-0.5092353820800781,1
0.6359285712242126,0.12180690467357635,0.4433242380619049,0.5254205465316772,-0.48857608437538147,0.48721635341644287,-0.497842013835907,0.6098385453224182,0.12243108451366425,0.019978148862719536,0,0.6362238526344299,0.12176325917243958,0.4527605175971985,0.5352053046226501,-0.4772162139415741,0.47602346539497375,-0.5091379880905151,1
0.6362248063087463,0.12179653346538544,0.44351935386657715,0.526068389415741,-0.48779726028442383,0.4864632785320282,-0.4986574947834015,0.6098385453224182,0.12243108451366425,0.019978148862719536,0,0.6364321112632751,0.12178125977516174,0.45036810636520386,0.5348165035247803,-0.4774729311466217,0.4763071835041046,-0.5090406537055969,1
0.6364871263504028,0.12179384380578995,0.44351905584335327,0.5266415476799011,-0.4870932698249817,0.48578086495399475,-0.4994053840637207,0.6098385453224182,0.12243108451366425,0.019978148862719536,0,0.6366286873817444,0.1217990294098854,0.44797587394714355,0.5344271063804626,-0.4777296185493469,0.4765908122062683,-0.5089430809020996,1
0.6367325782775879,0.12179678678512573,0.4433022141456604,0.5271283984184265,-0.4864758253097534,0.48518234491348267,-0.5000749826431274,0.6098385453224182,0.12243108451366425,0.019978148862719536,0,0.6368133425712585,0.12181657552719116,0.44558489322662354,0.5340380072593689,-0.47798606753349304,0.4768739938735962,-0.5088455677032471,1
0.636970043182373,0.1218026876449585,0.4428713023662567,0.5275282859802246,-0.48594436049461365,0.4846695065498352,-0.5006669163703918,0.6098385453224182,0.12243108451366425,0.019978148862719536,0,0.6369859576225281,0.12183412909507751,0.4431946575641632,0.5336484313011169,-0.4782429337501526,0.4771569073200226,-0.5087476968765259,1
0.6372024416923523,0.12181040644645691,0.44223982095718384,0.5278460383415222,-0.4854939579963684,0.48423802852630615,-0.5011863112449646,0.6098385453224182,0.12243108451366425,0.019978148862719536,0,0.6371468901634216,0.12185122817754745,0.44080546498298645,0.5332587957382202,-0.47849947214126587,0.4774395823478699,-0.5086497664451599,1
0.6374310255050659,0.12181951105594635,0.4414241909980774,0.5280882716178894,-0.48511824011802673,0.4838816523551941,-0.5016388893127441,0.6098385453224182,0.12243108451366425,0.019978148862719536,0,0.6372959017753601,0.1218680813908577,0.43841707706451416,0.5328688621520996,-0.478756308555603,0.4777219593524933,-0.5085515975952148,1
0.6376550793647766,0.12182945013046265,0.44044169783592224,0.5282620787620544,-0.4848102629184723,0.48359376192092896,-0.502031147480011,0.6098385453224182,0.12243108451366425,0.019978148862719536,0,0.6374329924583435,0.12188471108675003,0.4360302686691284,0.532478928565979,-0.4790128469467163,0.47800394892692566,-0.5084535479545593,1
0.6378743052482605,0.12184005230665207,0.43930938839912415,0.5283746123313904,-0.4845629930496216,0.483366996049881,-0.5023697018623352,0.6098385453224182,0.12243108451366425,0.019978148862719536,0,0.6375582218170166,0.12190135568380356,0.4336446225643158,0.5320888161659241,-0.47926950454711914,0.47828543186187744,-0.5083553194999695,1
0.6380876898765564,0.12185125052928925,0.4380428194999695,0.5284320116043091,-0.48437032103538513,0.48319560289382935,-0.5026598572731018,0.6098385453224182,0.12243108451366425,0.019978148862719536,0,0.6376717686653137,0.12191752344369888,0.4312600791454315,0.5316985249519348,-0.47952595353126526,0.47856658697128296,-0.5082572102546692,1
0.638294517993927,0.12186277657747269,0.43665611743927,0.5284403562545776,-0.48422643542289734,0.4830733835697174,-0.5029070377349854,0.6098385453224182,0.12243108451366425,0.019978148862719536,0,0.6377735137939453,0.1219334602355957,0.42887693643569946,0.531308114528656,-0.47978243231773376,0.4788476526737213,-0.508158802986145,1
0.6384937167167664,0.12187466025352478,0.4351617395877838,0.5284048318862915,-0.4841262102127075,0.4829952120780945,-0.5031160712242126,0.6098385453224182,0.12243108451366425,0.019978148862719536,0,0.6378633975982666,0.12194915860891342,0.42649489641189575,0.5309174060821533,-0.48003900051116943,0.47912824153900146,-0.5080603361129761,1
0.638684093952179,0.12188686430454254,0.43357187509536743,0.5283301472663879,-0.48406484723091125,0.4829561412334442,-0.5032909512519836,0.6098385453224182,0.12243108451366425,0.019978148862719536,0,0.637941300868988,0.12196487188339233,0.4241148829460144,0.5305269360542297,-0.48029547929763794,0.479408323764801,-0.5079615712165833,1
0.6388652920722961,0.12189935892820358,0.43189698457717896,0.5282208919525146,-0.48403799533843994,0.48295193910598755,-0.5034354329109192,0.6098385453224182,0.12243108451366425,0.019978148862719536,0,0.6380077004432678,0.12198013067245483,0.4217357039451599,0.5301359295845032,-0.48055198788642883,0.4796883463859558,-0.5078628659248352,1
0.6390366554260254,0.1219121515750885,0.43014559149742126,0.5280805230140686,-0.48404234647750854,0.482978880405426,-0.5035526752471924,0.6098385453224182,0.12243108451366425,0.019978148862719536,0,0.638062059879303,0.12199512869119644,0.41935867071151733,0.5297449827194214,-0.480808287858963,0.47996795177459717,-0.5077641010284424,1
0.6391974687576294,0.12192495167255402,0.42832672595977783,0.5279124975204468,-0.4840741455554962,0.48303326964378357,-0.5036461353302002,0.6098385453224182,0.12243108451366425,0.019978148862719536,0,0.6381049752235413,0.12200991809368134,0.4169825613498688,0.5293533802032471,-0.48106494545936584,0.480247437953949,-0.5076650381088257,1
0.63934725522995,0.12193802744150162,0.42644792795181274,0.5277200937271118,-0.4841303527355194,0.48311200737953186,-0.5037182569503784,0.6098385453224182,0.12243108451366425,0.019978148862719536,0,0.6381357908248901,0.12202467024326324,0.41460883617401123,0.5289621353149414,-0.48132139444351196,0.4805261790752411,-0.5075661540031433,1
0.6394854784011841,0.1219511330127716,0.4245153069496155,0.52750563621521,-0.4842085540294647,0.4832126796245575,-0.5037710666656494,0.6098385453224182,0.12243108451366425,0.019978148862719536,0,0.6381549835205078,0.12203897535800934,0.41223666071891785,0.5285706520080566,-0.4815777838230133,0.4808047413825989,-0.5074667930603027,1
0.6396121978759766,0.1219644844532013,0.42253509163856506,0.527271568775177,-0.4843061566352844,0.48333266377449036,-0.5038071870803833,0.6098385453224182,0.12243108451366425,0.019978148862719536,0,0.6381624937057495,0.12205304205417633,0.40986597537994385,0.5281786918640137,-0.4818343222141266,0.4810832440853119,-0.5073674321174622,1
0.6397266983985901,0.12197759747505188,0.4205125570297241,0.5270201563835144,-0.48442113399505615,0.48346999287605286,-0.5038279891014099,0.6098385453224182,0.12243108451366425,0.019978148862719536,0,0.6381582617759705,0.12206688523292542,0.40749743580818176,0.5277868509292603,-0.48209065198898315,0.4813613295555115,-0.507267951965332,1
0.6398289203643799,0.12199096381664276,0.41845226287841797,0.5267530679702759,-0.4845515489578247,0.4836227595806122,-0.5038352608680725,0.6098385453224182,0.12243108451366425,0.019978148862719536,0,0.6381422281265259,0.12208070605993271,0.40513116121292114,0.5273947715759277,-0.4823471009731293,0.4816388189792633,-0.5071684718132019,1
0.6399185061454773,0.12200430035591125,0.41635918617248535,0.5264723300933838,-0.4846957325935364,0.48378849029541016,-0.5038308501243591,0.6098385453224182,0.12243108451366425,0.019978148862719536,0,0.6381145119667053,0.1220940575003624,0.4027666449546814,0.5270028710365295,-0.4826032817363739,0.48191606998443604,-0.5070688724517822,1
0.6399957537651062,0.12201738357543945,0.4142361581325531,0.5261788368225098,-0.4848521947860718,0.4839668571949005,-0.5038157105445862,0.6098385453224182,0.12243108451366425,0.019978148862719536,0,0.6380752921104431,0.12210717052221298,0.4004037380218506,0.5266101956367493,-0.4828598201274872,0.4821932017803192,-0.5069690942764282,1
0.6400600075721741,0.12203071266412735,0.41208726167678833,0.5258747935295105,-0.48501959443092346,0.48415544629096985,-0.5037908554077148,0.6098385453224182,0.12243108451366425,0.019978148862719536,0,0.6380241513252258,0.12212006002664566,0.39804375171661377,0.5262178778648376,-0.4831160306930542,0.482469767332077,-0.5068691968917847,1
0.6401116251945496,0.12204401195049286,0.40991532802581787,0.525560736656189,-0.48519670963287354,0.4843536615371704,-0.5037574768066406,0.6098385453224182,0.12243108451366425,0.019978148862719536,0,0.6379616260528564,0.12213294208049774,0.3956851363182068,0.5258252024650574,-0.4833725392818451,0.4827461540699005,-0.5067691802978516,1
0.6401503086090088,0.12205707281827927,0.40772324800491333,0.5252378582954407,-0.4853822886943817,0.48456013202667236,-0.5037168264389038,0.6098385453224182,0.12243108451366425,0.019978148862719536,0,0.637887179851532,0.12214533239603043,0.3933295011520386,0.525432288646698,-0.4836288094520569,0.4830220341682434,-0.5066693425178528,1
0.6401761770248413,0.12207009643316269,0.4055131673812866,0.5249072313308716,-0.48557570576667786,0.4847741723060608,-0.5036692023277283,0.6098385453224182,0.12243108451366425,0.019978148862719536,0,0.6378011703491211,0.1221574917435646,0.39097583293914795,0.5250393152236938,-0.4838849604129791,0.48329782485961914,-0.5065691471099854,1
0.6401891112327576,0.12208288162946701,0.4032875597476959,0.524569571018219,-0.4857757091522217,0.48499464988708496,-0.5036158561706543,0.6098385453224182,0.12243108451366425,0.019978148862719536,0,0.6377036571502686,0.12216942012310028,0.38862407207489014,0.5246458053588867,-0.4841414988040924,0.48357337713241577,-0.5064687132835388,1
0.640188992023468,0.12209564447402954,0.40104836225509644,0.5242255926132202,-0.4859819710254669,0.48522087931632996,-0.5035571455955505,0.6098385453224182,0.12243108451366425,0.019978148862719536,0,0.6375945806503296,0.12218133360147476,0.3862755298614502,0.5242528319358826,-0.48439767956733704,0.4838482141494751,-0.5063682198524475,1
0.6401763558387756,0.12210837006568909,0.39879700541496277,0.5238761305809021,-0.4861936867237091,0.4854520857334137,-0.5034933686256409,0.6098385453224182,0.12243108451366425,0.019978148862719536,0,0.6374737620353699,0.12219277024269104,0.38392919301986694,0.5238592028617859,-0.4846539795398712,0.48412302136421204,-0.5062676668167114,1
0.6401506662368774,0.12212086468935013,0.39653560519218445,0.5235217809677124,-0.4864100515842438,0.4856877326965332,-0.5034257173538208,0.6098385453224182,0.12243108451366425,0.019978148862719536,0,0.6373413801193237,0.12220396101474762,0.3815852999687195,0.5234654545783997,-0.4849102199077606,0.4843975007534027,-0.5061669945716858,1
0.6401122212409973,0.12213307619094849,0.39426523447036743,0.5231630802154541,-0.4866306781768799,0.4859274625778198,-0.5033541321754456,0.6098385453224182,0.12243108451366425,0.019978148862719536,0,0.6371974945068359,0.1222151517868042,0.37924399971961975,0.5230715274810791,-0.4851665794849396,0.48467153310775757,-0.5060661435127258,1
0.6400609612464905,0.12214527279138565,0.39198750257492065,0.5228005051612854,-0.4868549406528473,0.4861704409122467,-0.5032793879508972,0.6098385453224182,0.12243108451366425,0.019978148862719536,0,0.6370421051979065,0.12222587317228317,0.37690579891204834,0.5226776599884033,-0.4854225516319275,0.4849451780319214,-0.5059654116630554,1
0.6399970650672913,0.12215720862150192,0.3897027373313904,0.5224339365959167,-0.4870828092098236,0.48641684651374817,-0.5032014846801758,0.6098385453224182,0.12243108451366425,0.019978148862719536,0,0.6368752121925354,0.12223634123802185,0.3745701014995575,0.522283673286438,-0.4856787919998169,0.48521852493286133,-0.5058643817901611,1
0.639920711517334,0.1221688911318779,0.3874126672744751,0.5220644474029541,-0.48731353878974915,0.48666563630104065,-0.5031209588050842,0.6098385453224182,0.12243108451366425,0.019978148862719536,0,0.6366968154907227,0.12224655598402023,0.3722371757030487,0.5218892693519592,-0.4859349727630615,0.4854915142059326,-0.5057635307312012,1
0.63983154296875,0.12218055129051208,0.3851179778575897,0.521692156791687,-0.48754680156707764,0.48691684007644653,-0.5030379891395569,0.6098385453224182,0.12243108451366425,0.019978148862719536,0,0.6365066766738892,0.12225677818059921,0.3699074387550354,0.5214949250221252,-0.48619112372398376,0.4857642948627472,-0.5056621432304382,1
0.6397300362586975,0.12219195067882538,0.3828195333480835,0.5213173627853394,-0.4877825975418091,0.48717015981674194,-0.5029528737068176,0.6098385453224182,0.12243108451366425,0.019978148862719536,0,0.6363054513931274,0.12226651608943939,0.367580384016037,0.5211002826690674,-0.4864472448825836,0.48603665828704834,-0.5055609941482544,1
0.6396158337593079,0.12220333516597748,0.3805181086063385,0.5209401249885559,-0.48802056908607483,0.48742493987083435,-0.5028657913208008,0.6098385453224182,0.12243108451366425,0.019978148862719536,0,0.6360925436019897,0.12227600067853928,0.3652563691139221,0.52070552110672,-0.48670318722724915,0.4863087832927704,-0.5054596066474915,1
0.6394894123077393,0.12221422791481018,0.37821483612060547,0.5205612182617188,-0.48826003074645996,0.4876812994480133,-0.5027774572372437,0.6098385453224182,0.12243108451366425,0.019978148862719536,0,0.6358682513237,0.12228525429964066,0.36293530464172363,0.5203104615211487,-0.48695939779281616,0.4865805506706238,-0.5053580403327942,1
0.6393505334854126,0.12222509831190109,0.37590932846069336,0.5201801657676697,-0.48850125074386597,0.48793908953666687,-0.5026872158050537,0.6098385453224182,0.12243108451366425,0.019978148862719536,0,0.6356325745582581,0.12229448556900024,0.3606174886226654,0.519915759563446,-0.48721542954444885,0.4868517816066742,-0.5052562952041626,1
0.6391996741294861,0.1222357228398323,0.37360256910324097,0.5197976231575012,-0.48874396085739136,0.48819801211357117,-0.5025955438613892,0.6098385453224182,0.12243108451366425,0.019978148862719536,0,0.6353855133056641,0.12230325490236282,0.3583025634288788,0.5195202827453613,-0.48747169971466064,0.4871230125427246,-0.505154550075531,1
0.6390364766120911,0.12224607914686203,0.37129542231559753,0.5194135904312134,-0.4889879524707794,0.48845773935317993,-0.5025030374526978,0.6098385453224182,0.12243108451366425,0.019978148862719536,0,0.6351271271705627,0.12231176346540451,0.3559911847114563,0.5191249847412109,-0.4877276122570038,0.487393856048584,-0.5050526857376099,1
0.6388612389564514,0.12225617468357086,0.3689882755279541,0.51902836561203,-0.4892328679561615,0.4887181520462036,-0.5024094581604004,0.6098385453224182,0.12243108451366425,0.019978148862719536,0,0.6348574161529541,0.1223200336098671,0.3536827266216278,0.5187292098999023,-0.48798370361328125,0.4876643121242523,-0.504950761795044,1
0.6386738419532776,0.12226603180170059,0.3666808307170868,0.5186416506767273,-0.4894789755344391,0.4889795482158661,-0.5023146271705627,0.6098385453224182,0.12243108451366425,0.019978148862719536,0,0.634576141834259,0.12232828885316849,0.35137811303138733,0.5183336138725281,-0.48823973536491394,0.48793429136276245,-0.5048487186431885,1
0.63847416639328,0.12227585911750793,0.36437469720840454,0.5182545185089111,-0.48972561955451965,0.4892410933971405,-0.5022192001342773,0.6098385453224182,0.12243108451366425,0.019978148862719536,0,0.6342836618423462,0.12233605235815048,0.3490769565105438,0.5179380178451538,-0.4884955585002899,0.48820388317108154,-0.5047465562820435,1
0.6382629871368408,0.12228520959615707,0.36206865310668945,0.5178657174110413,-0.48997339606285095,0.4895033836364746,-0.5021229982376099,0.6098385453224182,0.12243108451366425,0.019978148862719536,0,0.6339800953865051,0.12234358489513397,0.34677886962890625,0.5175418853759766,-0.4887516498565674,0.48847341537475586,-0.5046443343162537,1
0.638039767742157,0.12229452282190323,0.359764039516449,0.5174765586853027,-0.49022170901298523,0.48976582288742065,-0.5020259618759155,0.6098385453224182,0.12243108451366425,0.019978148862719536,0,0.6336649656295776,0.12235083431005478,0.3444848656654358,0.5171458721160889,-0.4890073537826538,0.4887424111366272,-0.5045420527458191,1
0.6378046274185181,0.12230336666107178,0.35746127367019653,0.5170864462852478,-0.49047043919563293,0.4900285303592682,-0.5019285082817078,0.6098385453224182,0.12243108451366425,0.019978148862719536,0,0.6333388090133667,0.12235810607671738,0.34219369292259216,0.5167493224143982,-0.489263653755188,0.489011287689209,-0.5044393539428711,1
0.6375576257705688,0.12231217324733734,0.3551597595214844,0.5166954398155212,-0.4907199740409851,0.4902917444705963,-0.5018302202224731,0.6098385453224182,0.12243108451366425,0.019978148862719536,0,0.6330012679100037,0.12236488610506058,0.33990681171417236,0.5163530707359314,-0.4895193874835968,0.4892798364162445,-0.5043366551399231,1
0.6372989416122437,0.1223207488656044,0.3528604507446289,0.5163043141365051,-0.4909697473049164,0.49055492877960205,-0.5017314553260803,0.6098385453224182,0.12243108451366425,0.019978148862719536,0,0.6326526999473572,0.12237143516540527,0.33762311935424805,0.5159562826156616,-0.4897753596305847,0.489547997713089,-0.5042340159416199,1
0.6370286345481873,0.12232904881238937,0.35056304931640625,0.5159121155738831,-0.49122005701065063,0.4908181130886078,-0.5016322731971741,0.6098385453224182,0.12243108451366425,0.019978148862719536,0,0.6322928667068481,0.12237770855426788,0.335343599319458,0.5155594944953918,-0.4900314211845398,0.48981568217277527,-0.5041311383247375,1
0.6367464661598206,0.12233711034059525,0.3482682704925537,0.5155196189880371,-0.49147072434425354,0.49108126759529114,-0.5015329122543335,0.6098385453224182,0.12243108451366425,0.019978148862719536,0,0.6319217681884766,0.12238398939371109,0.3330678343772888,0.5151625871658325,-0.49028730392456055,0.4900831878185272,-0.5040280222892761,1
0.6364529728889465,0.12234492599964142,0.3459758758544922,0.5151267051696777,-0.4917214512825012,0.49134454131126404,-0.5014328956604004,0.6098385453224182,0.12243108451366425,0.019978148862719536,0,0.6315395832061768,0.12238975614309311,0.33079615235328674,0.5147655010223389,-0.49054309725761414,0.49035021662712097,-0.5039250254631042,1
0.6361479163169861,0.1223524883389473,0.3436865210533142,0.5147334337234497,-0.49197232723236084,0.49160751700401306,-0.5013329982757568,0.6098385453224182,0.12243108451366425,0.019978148862719536,0,0.6311463117599487,0.12239529192447662,0.3285282254219055,0.5143682956695557,-0.49079883098602295,0.4906170666217804,-0.5038219690322876,1
0.6358311772346497,0.12235979735851288,0.3414000868797302,0.5143396258354187,-0.49222368001937866,0.4918704628944397,-0.5012325048446655,0.6098385453224182,0.12243108451366425,0.019978148862719536,0,0.6307421326637268,0.12240058183670044,0.32626405358314514,0.5139707326889038,-0.4910547435283661,0.49088361859321594,-0.5037186145782471,1
0.6355031132698059,0.12236685305833817,0.33911633491516113,0.513945460319519,-0.49247512221336365,0.4921334385871887,-0.5011317729949951,0.6098385453224182,0.12243108451366425,0.019978148862719536,0,0.6303266286849976,0.12240585684776306,0.3240047097206116,0.5135737061500549,-0.4913104176521301,0.4911494255065918,-0.5036153197288513,1
0.6351634860038757,0.12237365543842316,0.336836040019989,0.5135509371757507,-0.4927266836166382,0.4923960268497467,-0.5010308623313904,0.6098385453224182,0.12243108451366425,0.019978148862719536,0,0.629900336265564,0.12241064757108688,0.32174867391586304,0.5131758451461792,-0.4915662407875061,0.4914153218269348,-0.5035117268562317,1
0.6348124742507935,0.12238021194934845,0.3345591425895691,0.5131562948226929,-0.49297839403152466,0.492658406496048,-0.5009297132492065,0.6098385453224182,0.12243108451366425,0.019978148862719536,0,0.6294628977775574,0.12241518497467041,0.31949737668037415,0.512778103351593,-0.49182191491127014,0.491680771112442,-0.5034081935882568,1
0.6344502568244934,0.12238674610853195,0.3322852551937103,0.5127613544464111,-0.4932301640510559,0.4929206371307373,-0.5008281469345093,0.6098385453224182,0.12243108451366425,0.019978148862719536,0,0.6290143728256226,0.12241946905851364,0.3172498941421509,0.5123799443244934,-0.49207770824432373,0.4919460713863373,-0.5033043622970581,1
0.634076714515686,0.12239278107881546,0.33001527190208435,0.5123659372329712,-0.49348220229148865,0.4931826591491699,-0.5007266402244568,0.6098385453224182,0.12243108451366425,0.019978148862719536,0,0.6285550594329834,0.12242373079061508,0.3150072395801544,0.511981725692749,-0.49233362078666687,0.4922108054161072,-0.5032005906105042,1
0.6336919665336609,0.12239858508110046,0.3277484178543091,0.5119702816009521,-0.49373432993888855,0.49344462156295776,-0.5006248354911804,0.6098385453224182,0.12243108451366425,0.019978148862719536,0,0.6280847191810608,0.12242752313613892,0.3127683997154236,0.5115834474563599,-0.4925892949104309,0.49247539043426514,-0.5030965209007263,1
0.6332959532737732,0.12240413576364517,0.3254856765270233,0.5115745663642883,-0.4939860701560974,0.49370619654655457,-0.500523030757904,0.6098385453224182,0.12243108451366425,0.019978148862719536,0,0.6276033520698547,0.12243104726076126,0.31053426861763,0.5111849308013916,-0.4928450882434845,0.49273940920829773,-0.5029925107955933,1
0.6328887343406677,0.12240942567586899,0.3232266306877136,0.5111784338951111,-0.4942382872104645,0.49396762251853943,-0.500420868396759,0.6098385453224182,0.12243108451366425,0.019978148862719536,0,0.6271111965179443,0.1224345788359642,0.30830469727516174,0.5107864737510681,-0.4931007921695709,0.4930032789707184,-0.5028880834579468,1
0.6324701905250549,0.1224147155880928,0.32097166776657104,0.5107823610305786,-0.49449050426483154,0.4942284822463989,-0.5003185868263245,0.6098385453224182,0.12243108451366425,0.019978148862719536,0,0.6266083121299744,0.12243760377168655,0.30607932806015015,0.5103874802589417,-0.4933566749095917,0.4932670295238495,-0.5027837157249451,1
0.6320408582687378,0.12241950631141663,0.3187207281589508,0.5103859901428223,-0.49474239349365234,0.49448904395103455,-0.5002164840698242,0.6098385453224182,0.12243108451366425,0.019978148862719536,0,0.6260945200920105,0.1224403902888298,0.30385902523994446,0.5099887251853943,-0.49361205101013184,0.4935300350189209,-0.5026794672012329,1
0.6316003203392029,0.12242405116558075,0.3164738416671753,0.5099896788597107,-0.49499431252479553,0.49474936723709106,-0.5001140832901001,0.6098385453224182,0.12243108451366425,0.019978148862719536,0,0.6255698204040527,0.12244290858507156,0.3016431927680969,0.5095896124839783,-0.49386775493621826,0.49379289150238037,-0.5025750398635864,1
0.6311486959457397,0.12242833524942398,0.31423115730285645,0.5095928907394409,-0.4952465295791626,0.49500951170921326,-0.5000113844871521,0.6098385453224182,0.12243108451366425,0.019978148862719536,0,0.6250342130661011,0.12244541943073273,0.2994321584701538,0.5091906785964966,-0.4941233694553375,0.4940550923347473,-0.5024704337120056,1
0.6306858658790588,0.12243261188268661,0.3119933605194092,0.5091964602470398,-0.49549826979637146,0.4952688217163086,-0.4999091625213623,0.6098385453224182,0.12243108451366425,0.019978148862719536,0,0.6244882345199585,0.12244745343923569,0.29722559452056885,0.5087912082672119,-0.49437907338142395,0.49431753158569336,-0.5023654699325562,1
0.6302124261856079,0.12243640422821045,0.30975937843322754,0.5087995529174805,-0.49575021862983704,0.49552810192108154,-0.49980640411376953,0.6098385453224182,0.12243108451366425,0.019978148862719536,0,0.6239315271377563,0.12244921922683716,0.2950243353843689,0.508391797542572,-0.4946344196796417,0.4945790767669678,-0.5022609233856201,1
0.6297279000282288,0.12243994325399399,0.3075295090675354,0.5084023475646973,-0.4960022270679474,0.49578726291656494,-0.49970364570617676,0.6098385453224182,0.12243108451366425,0.019978148862719536,0,0.6233638525009155,0.12245074659585953,0.2928277254104614,0.5079920887947083,-0.4948899447917938,0.49484071135520935,-0.5021559000015259,1
0.6292324066162109,0.12244322896003723,0.30530476570129395,0.5080053210258484,-0.49625396728515625,0.4960457682609558,-0.4996008574962616,0.6098385453224182,0.12243108451366425,0.019978148862719536,0,0.6227855682373047,0.1224522516131401,0.29063600301742554,0.5075923800468445,-0.4951455295085907,0.49510177969932556,-0.5020508170127869,1
0.628726065158844,0.12244649231433868,0.3030843138694763,0.5076080560684204,-0.4965059459209442,0.49630409479141235,-0.4994979798793793,0.6098385453224182,0.12243108451366425,0.019978148862719536,0,0.6221965551376343,0.12245326489210129,0.2884494662284851,0.5071924328804016,-0.49540114402770996,0.4953627288341522,-0.501945436000824,1
0.6282089352607727,0.12244927883148193,0.3008682429790497,0.507210373878479,-0.4967578649520874,0.49656224250793457,-0.49939483404159546,0.6098385453224182,0.12243108451366425,0.019978148862719536,0,0.6215972900390625,0.12245403230190277,0.2862676978111267,0.5067923665046692,-0.4956565797328949,0.4956231415271759,-0.501840353012085,1
0.6276810169219971,0.12245181202888489,0.2986574172973633,0.5068130493164062,-0.4970094561576843,0.49681955575942993,-0.4992918372154236,0.6098385453224182,0.12243108451366425,0.019978148862719536,0,0.6209872961044312,0.12245454639196396,0.2840912938117981,0.5063920617103577,-0.49591201543807983,0.4958832263946533,-0.5017350316047668,1
0.6271423101425171,0.12245433032512665,0.29645103216171265,0.5064154267311096,-0.4972611665725708,0.49707674980163574,-0.499188631772995,0.6098385453224182,0.12243108451366425,0.019978148862719536,0,0.6203665733337402,0.12245503813028336,0.2819196879863739,0.505991518497467,-0.49616771936416626,0.49614328145980835,-0.5016291737556458,1
0.6265929341316223,0.1224563792347908,0.2942492961883545,0.5060176849365234,-0.4975128769874573,0.4973335564136505,-0.49908536672592163,0.6098385453224182,0.12243108451366425,0.019978148862719536,0,0.6197354197502136,0.12245504558086395,0.2797538936138153,0.5055910348892212,-0.4964230954647064,0.49640271067619324,-0.5015237331390381,1
0.6260327100753784,0.12245815247297287,0.29205286502838135,0.5056199431419373,-0.4977642893791199,0.497590035200119,-0.4989822506904602,0.6098385453224182,0.12243108451366425,0.019978148862719536,0,0.6190938949584961,0.12245479226112366,0.2775929570198059,0.505190372467041,-0.4966784119606018,0.4966619908809662,-0.5014179348945618,1
0.6254619359970093,0.12245991826057434,0.2898615002632141,0.5052221417427063,-0.49801579117774963,0.4978460371494293,-0.49887895584106445,0.6098385453224182,0.12243108451366425,0.019978148862719536,0,0.6184418201446533,0.12245430797338486,0.27543747425079346,0.5047896504402161,-0.49693387746810913,0.4969206750392914,-0.5013121366500854,1
0.6248805522918701,0.12246119230985641,0.2876746952533722,0.5048241019248962,-0.49826711416244507,0.4981016516685486,-0.4987756907939911,0.6098385453224182,0.12243108451366425,0.019978148862719536,0,0.6177794337272644,0.12245380133390427,0.273287296295166,0.504388689994812,-0.49718937277793884,0.4971792995929718,-0.5012060403823853,1
0.6242884397506714,0.12246222048997879,0.2854936122894287,0.5044261813163757,-0.4985181987285614,0.49835678935050964,-0.49867236614227295,0.6098385453224182,0.12243108451366425,0.019978148862719536,0,0.617106556892395,0.12245280295610428,0.27114298939704895,0.5039876699447632,-0.4974445104598999,0.4974372386932373,-0.5011002421379089,1
0.6236858367919922,0.12246322631835938,0.28331708908081055,0.5040279030799866,-0.49876976013183594,0.498611718416214,-0.4985688626766205,0.6098385453224182,0.12243108451366425,0.019978148862719536,0,0.6164234280586243,0.1224515363574028,0.26900383830070496,0.5035863518714905,-0.4976998269557953,0.49769511818885803,-0.5009941458702087,1
0.623072624206543,0.12246375530958176,0.2811461091041565,0.5036295652389526,-0.49902087450027466,0.49886640906333923,-0.49846532940864563,0.6098385453224182,0.12243108451366425,0.019978148862719536,0,0.6157297492027283,0.12245002388954163,0.2668704092502594,0.5031850337982178,-0.4979550838470459,0.49795272946357727,-0.5008878707885742,1
0.6224489808082581,0.12246402353048325,0.27898043394088745,0.5032312870025635,-0.4992719888687134,0.49912041425704956,-0.49836182594299316,0.6098385453224182,0.12243108451366425,0.019978148862719536,0,0.6150259971618652,0.12244850397109985,0.2647424340248108,0.5027835965156555,-0.49821048974990845,0.4982096254825592,-0.5007813572883606,1
0.6218148469924927,0.12246429920196533,0.2768199145793915,0.5028328895568848,-0.4995230734348297,0.4993742108345032,-0.4982580542564392,0.6098385453224182,0.12243108451366425,0.019978148862719536,0,0.6143118143081665,0.12244649231433868,0.26262006163597107,0.5023816823959351,-0.49846595525741577,0.49846670031547546,-0.5006746649742126,1
0.6211702227592468,0.12246406823396683,0.2746649980545044,0.5024343729019165,-0.49977394938468933,0.49962761998176575,-0.4981544613838196,0.6098385453224182,0.12243108451366425,0.019978148862719536,0,0.6135874390602112,0.12244421988725662,0.26050353050231934,0.5019799470901489,-0.49872109293937683,0.49872317910194397,-0.5005682706832886,1
0.6205152869224548,0.12246359884738922,0.27251535654067993,0.5020355582237244,-0.5000248551368713,0.4998805522918701,-0.49805089831352234,0.6098385453224182,0.12243108451366425,0.019978148862719536,0,0.6128529906272888,0.12244171649217606,0.2583926320075989,0.5015779137611389,-0.49897632002830505,0.49897944927215576,-0.5004615187644958,1
0.6198499202728271,0.12246309965848923,0.2703712284564972,0.5016372203826904,-0.5002756118774414,0.5001329779624939,-0.49794715642929077,0.6098385453224182,0.12243108451366425,0.019978148862719536,0,0.6121082305908203,0.12243916839361191,0.25628790259361267,0.5011757016181946,-0.49923163652420044,0.4992353022098541,-0.500354528427124,1
0.6191743016242981,0.12246211618185043,0.2682327330112457,0.5012385249137878,-0.5005262494087219,0.5003852248191833,-0.4978434443473816,0.6098385453224182,0.12243108451366425,0.019978148862719536,0,0.6113534569740295,0.12243615835905075,0.2541886568069458,0.5007733106613159,-0.4994869828224182,0.4994908571243286,-0.5002476572990417,1
0.6184884309768677,0.12246087938547134,0.26609960198402405,0.5008396506309509,-0.5007767677307129,0.5006370544433594,-0.49773967266082764,0.6098385453224182,0.12243108451366425,0.019978148862719536,0,0.6105886101722717,0.1224328950047493,0.2520957589149475,0.5003712177276611,-0.4997420012950897,0.4997458755970001,-0.5001406073570251,1
0.6177921891212463,0.12245962768793106,0.26397275924682617,0.5004410147666931,-0.5010270476341248,0.5008882284164429,-0.4976359009742737,0.6098385453224182,0.12243108451366425,0.019978148862719536,0,0.6098136305809021,0.12242937833070755,0.250008761882782,0.49996867775917053,-0.49999701976776123,0.5000008344650269,-0.5000333786010742,1
0.6170856952667236,0.12245791405439377,0.2618511915206909,0.5000419616699219,-0.5012775659561157,0.501139223575592,-0.4975321292877197,0.6098385453224182,0.12243108451366425,0.019978148862719536,1,0.6170856952667236,0.12245791405439377,0.2618511915206909,0.5000419616699219,-0.5012775659561157,0.501139223575592,-0.4975321292877197,0
0.6168549656867981,0.12247267365455627,0.2603350579738617,0.4994488060474396,-0.5018804669380188,0.5016888976097107,-0.49696579575538635,0.6098385453224182,0.12243108451366425,0.019978148862719536,1,0.6170856952667236,0.12245791405439377,0.2618511915206909,0.5000419616699219,-0.5012775659561157,0.501139223575592,-0.4975321292877197,0
0.6169052720069885,0.12248046696186066,0.2594132423400879,0.4989786744117737,-0.5023514032363892,0.502138078212738,-0.49650838971138,0.6098385453224182,0.12243108451366425,0.019978148862719536,1,0.6170856952667236,0.12245791405439377,0.2618511915206909,0.5000419616699219,-0.5012775659561157,0.501139223575592,-0.4975321292877197,0
0.6169702410697937,0.12247560918331146,0.2587485909461975,0.4986439645290375,-0.502677321434021,0.5024580955505371,-0.49619096517562866,0.6098385453224182,0.12243108451366425,0.019978148862719536,1,0.6170856952667236,0.12245791405439377,0.2618511915206909,0.5000419616699219,-0.5012775659561157,0.501139223575592,-0.4975321292877197,0
0.6170282959938049,0.12246944010257721,0.2582191526889801,0.49837854504585266,-0.5029335021972656,0.5027117729187012,-0.49594101309776306,0.6098385453224182,0.12243108451366425,0.019978148862719536,1,0.6170856952667236,0.12245791405439377,0.2618511915206909,0.5000419616699219,-0.5012775659561157,0.501139223575592,-0.4975321292877197,0
0.6170791387557983,0.12246494740247726,0.25777366757392883,0.4981561303138733,-0.5031484365463257,0.5029243230819702,-0.49573102593421936,0.6098385453224182,0.12243108451366425,0.019978148862719536,1,0.6170856952667236,0.12245791405439377,0.2618511915206909,0.5000419616699219,-0.5012775659561157,0.501139223575592,-0.4975321292877197,0
0.6171241402626038,0.12246198952198029,0.25738751888275146,0.4979640543460846,-0.5033345222473145,0.5031076669692993,-0.4955489933490753,0.6098385453224182,0.12243108451366425,0.019978148862719536,1,0.6170856952667236,0.12245791405439377,0.2618511915206909,0.5000419616699219,-0.5012775659561157,0.501139223575592,-0.4975321292877197,0
0.6171649694442749,0.1224556714296341,0.25705114006996155,0.4977933168411255,-0.5034971237182617,0.5032661557197571,-0.4953942596912384,0.609778881072998,0.12298908829689026,0.020269308239221573,1,0.6170856952667236,0.12245791405439377,0.2618511915206909,0.5000419616699219,-0.5012775659561157,0.501139223575592,-0.4975321292877197,0
0.6172010898590088,0.1224524974822998,0.2567528188228607,0.49764493107795715,-0.5036400556564331,0.5034076571464539,-0.4952543079853058,0.6096658110618591,0.12308858335018158,0.020309260115027428,1,0.6172010898590088,0.1224524974822998,0.2567528188228607,0.49764493107795715,-0.5036400556564331,0.5034076571464539,-0.4952543079853058,0
0.6172325015068054,0.12245967984199524,0.25622910261154175,0.4974059760570526,-0.5038802623748779,0.5036336183547974,-0.4950203001499176,0.609478771686554,0.12296296656131744,0.019826900213956833,1,0.6219414472579956,0.12242278456687927,0.26395151019096375,0.5021417737007141,-0.5006260871887207,0.5003697276115417,-0.49684733152389526,0
0.6176646947860718,0.12248872965574265,0.256026029586792,0.4973890781402588,-0.5040600299835205,0.5037577152252197,-0.4947279691696167,0.6096852421760559,0.1228896826505661,0.01973618008196354,1,0.6265425682067871,0.12238814681768417,0.27122411131858826,0.5066181421279907,-0.4976072311401367,0.49729081988334656,-0.49842438101768494,0
0.6185056567192078,0.12251196056604385,0.2563610076904297,0.49771541357040405,-0.504025399684906,0.5036675333976746,-0.494526743888855,0.6104353070259094,0.1228523775935173,0.02004651166498661,1,0.6310032606124878,0.12234863638877869,0.2785680890083313,0.5110739469528198,-0.49458378553390503,0.49417078495025635,-0.4999854564666748,0
0.6197357177734375,0.12252522259950638,0.25731050968170166,0.4984225630760193,-0.5037229657173157,0.5033178329467773,-0.49447861313819885,0.6118860840797424,0.1228923574090004,0.02082759328186512,1,0.6353219747543335,0.12230432033538818,0.2859806418418884,0.5155085921287537,-0.49155566096305847,0.49101004004478455,-0.5015305876731873,0
0.6213218569755554,0.12252946943044662,0.2588806450366974,0.49950823187828064,-0.5031445026397705,0.5026990175247192,-0.49460169672966003,0.6140320301055908,0.12300752103328705,0.022126857191324234,1,0.6394973993301392,0.12225525826215744,0.29345938563346863,0.5199217796325684,-0.4885231554508209,0.4878084063529968,-0.5030599236488342,0
0.6232231259346008,0.12252651154994965,0.26104673743247986,0.5009509921073914,-0.5023007392883301,0.501818835735321,-0.4948936402797699,0.6167547702789307,0.12318737804889679,0.023998351767659187,1,0.6435283422470093,0.12220151722431183,0.30100148916244507,0.5243135094642639,-0.48548611998558044,0.4845663011074066,-0.5045729279518127,0
0.6253933310508728,0.12251724302768707,0.26375994086265564,0.5027156472206116,-0.501217246055603,0.5006980895996094,-0.49533775448799133,0.6199795007705688,0.12342378497123718,0.02640809305012226,1,0.6474136114120483,0.12214314937591553,0.30860403180122375,0.5286826491355896,-0.4824450612068176,0.4812840223312378,-0.5060701370239258,0
0.6277846097946167,0.1225019246339798,0.2669607996940613,0.504761278629303,-0.49992483854293823,0.4993639588356018,-0.4959099590778351,0.6236291527748108,0.12370865046977997,0.02930539846420288,1,0.6511520147323608,0.1220802515745163,0.31626442074775696,0.5330293774604797,-0.4794001579284668,0.4779614508152008,-0.5075510144233704,0
0.6303607821464539,0.12248170375823975,0.27060163021087646,0.5070547461509705,-0.4984477460384369,0.4978366792201996,-0.496592253446579,0.6276451945304871,0.12403640151023865,0.032649774104356766,1,0.6547422409057617,0.12201287597417831,0.3239805996417999,0.5373534560203552,-0.4763508439064026,0.47459858655929565,-0.5090160369873047,0
0.6330885887145996,0.12245622277259827,0.2746428847312927,0.5095676183700562,-0.49680572748184204,0.4961327910423279,-0.49737024307250977,0.6319755911827087,0.12440188229084015,0.03640687093138695,1,0.6581830978393555,0.12194108217954636,0.33174917101860046,0.541654109954834,-0.4732978343963623,0.47119584679603577,-0.5104649662971497,0
0.6359379887580872,0.1224260926246643,0.27904847264289856,0.5122741460800171,-0.4950167238712311,0.4942668676376343,-0.4982306659221649,0.6365733742713928,0.12480010837316513,0.040546633303165436,1,0.6614742875099182,0.12186473608016968,0.33956724405288696,0.5459312796592712,-0.47024089097976685,0.46775320172309875,-0.5118978023529053,0
0.6388811469078064,0.12239132821559906,0.28378716111183167,0.5151517987251282,-0.4930960237979889,0.49225175380706787,-0.4991624653339386,0.6413955688476562,0.12522673606872559,0.045042283833026886,1,0.664614200592041,0.12178436666727066,0.3474324941635132,0.5501845479011536,-0.46718043088912964,0.4642709493637085,-0.5133146047592163,0
0.6418922543525696,0.12235179543495178,0.2888312339782715,0.5181798934936523,-0.49105730652809143,0.4900987446308136,-0.5001555681228638,0.6464031934738159,0.1256779432296753,0.049869779497385025,1,0.6676017045974731,0.12169983237981796,0.35534191131591797,0.5544136166572571,-0.4641164541244507,0.460749089717865,-0.5147151350975037,0
0.6449483633041382,0.12230760604143143,0.2941543757915497,0.5213395953178406,-0.4889129102230072,0.48781818151474,-0.5012009739875793,0.6515607237815857,0.1261575073003769,0.05500808730721474,1,0.6704366207122803,0.12161120027303696,0.3632926344871521,0.5586181879043579,-0.4610488712787628,0.45718786120414734,-0.5160996317863464,0
0.6480282545089722,0.12225876748561859,0.29973340034484863,0.5246149897575378,-0.48667433857917786,0.4854187071323395,-0.5022904872894287,0.656836211681366,0.12664705514907837,0.060436103492975235,1,0.6731175780296326,0.121518574655056,0.37128159403800964,0.5627974271774292,-0.45797833800315857,0.4535878002643585,-0.517467737197876,0
0.6511128544807434,0.12220552563667297,0.3055489659309387,0.5279915928840637,-0.48435041308403015,0.48290783166885376,-0.5034179091453552,0.6622002720832825,0.12715138494968414,0.06613585352897644,1,0.6756441593170166,0.12142200767993927,0.3793066442012787,0.5669518113136292,-0.4549044668674469,0.44994834065437317,-0.5188198089599609,0
0.6541845798492432,0.12214750051498413,0.3115806579589844,0.5314553380012512,-0.4819503128528595,0.4802934229373932,-0.5045763850212097,0.6676241159439087,0.12766604125499725,0.07214822620153427,1,0.6780154705047607,0.12132159620523453,0.38736462593078613,0.5710805058479309,-0.4518272578716278,0.4462701082229614,-0.5201557874679565,0
0.6572278141975403,0.1220853254199028,0.31781232357025146,0.5349951982498169,-0.4794817864894867,0.47758108377456665,-0.5057605504989624,0.6730893850326538,0.12820622324943542,0.07833217084407806,1,0.680230975151062,0.12121742963790894,0.3954518437385559,0.575183093547821,-0.44874757528305054,0.4425531327724457,-0.5214754939079285,0
0.6602282524108887,0.1220187246799469,0.3242274522781372,0.538599967956543,-0.47695159912109375,0.47477689385414124,-0.5069655776023865,0.6785708069801331,0.12874673306941986,0.0847393199801445,1,0.6822898387908936,0.12110960483551025,0.40356677770614624,0.5792595744132996,-0.4456644356250763,0.4387975335121155,-0.5227791666984558,0
0.6631733179092407,0.12194767594337463,0.3308117389678955,0.5422604084014893,-0.4743657112121582,0.47188588976860046,-0.5081874132156372,0.6840482354164124,0.12928913533687592,0.09136392921209335,1,0.6841917037963867,0.12099817395210266,0.4117054343223572,0.5833092331886292,-0.4425790011882782,0.43500393629074097,-0.5240664482116699,0
0.6660515069961548,0.12187223136425018,0.33755192160606384,0.5459679365158081,-0.4717296361923218,0.4689124822616577,-0.5094223022460938,0.6895042657852173,0.1298319399356842,0.09819350391626358,1,0.6859361529350281,0.1208832785487175,0.4198654592037201,0.5873320698738098,-0.43949094414711,0.4311719238758087,-0.5253374576568604,0
0.6688521504402161,0.12179291993379593,0.344435453414917,0.5497148036956787,-0.4690488278865814,0.46586093306541443,-0.5106664299964905,0.6949242949485779,0.13038353621959686,0.10520778596401215,1,0.6875228881835938,0.12076500058174133,0.4280432164669037,0.5913272500038147,-0.43640026450157166,0.42730242013931274,-0.5265922546386719,0
0.6715661883354187,0.12170913070440292,0.35145026445388794,0.5534936189651489,-0.46632763743400574,0.46273547410964966,-0.5119171738624573,0.7002984285354614,0.13097898662090302,0.11240711063146591,1,0.6889508962631226,0.12064339965581894,0.436237096786499,0.5952951908111572,-0.4333072900772095,0.4233945906162262,-0.5278308987617493,0
0.6741851568222046,0.12162148207426071,0.3585865795612335,0.5572987794876099,-0.463569700717926,0.459538996219635,-0.5131715536117554,0.7055970430374146,0.13152098655700684,0.11977206915616989,1,0.6902204155921936,0.12051860988140106,0.4444429576396942,0.5992349982261658,-0.4302119016647339,0.4194493889808655,-0.529053270816803,0
0.676701545715332,0.12152990698814392,0.3658337891101837,0.5611241459846497,-0.46077895164489746,0.45627492666244507,-0.5144274830818176,0.7108205556869507,0.1320638656616211,0.12729214131832123,1,0.6913309693336487,0.12039069831371307,0.45265841484069824,0.6031463742256165,-0.4271143674850464,0.4154667854309082,-0.5302594304084778,0
0.6791089177131653,0.1214343011379242,0.3731834292411804,0.5649650692939758,-0.4579581022262573,0.4529454708099365,-0.515683114528656,0.7159588932991028,0.13261111080646515,0.1349574476480484,1,0.6922825574874878,0.12025950103998184,0.4608802795410156,0.6070290207862854,-0.4240148663520813,0.41144701838493347,-0.5314493775367737,0
0.6814007759094238,0.12133491039276123,0.3806259036064148,0.5688170790672302,-0.4551101326942444,0.4495539665222168,-0.5169363021850586,0.7210055589675903,0.13316798210144043,0.14275501668453217,1,0.6930748224258423,0.1201256811618805,0.46910572052001953,0.6108828186988831,-0.4209132790565491,0.4073902368545532,-0.5326230525970459,0
0.6835721731185913,0.12123166769742966,0.3881533145904541,0.572675347328186,-0.4522380828857422,0.446102112531662,-0.5181857347488403,0.7259454727172852,0.13372154533863068,0.15068484842777252,1,0.6937075853347778,0.11998902261257172,0.4773319959640503,0.614707350730896,-0.41781002283096313,0.4032966196537018,-0.5337803363800049,0
0.6856181025505066,0.12112484872341156,0.39575889706611633,0.5765371322631836,-0.4493434727191925,0.44259217381477356,-0.5194298624992371,0.7308065891265869,0.13435235619544983,0.15871265530586243,1,0.6941811442375183,0.11984965950250626,0.48555538058280945,0.618502140045166,-0.4147050082683563,0.39916667342185974,-0.5349212884902954,0
0.6875342130661011,0.12101467698812485,0.4034341275691986,0.5803984999656677,-0.4464291036128998,0.43902647495269775,-0.5206671953201294,0.7354962825775146,0.13488121330738068,0.16689041256904602,1,0.6944950819015503,0.11970766633749008,0.4937739968299866,0.622266948223114,-0.4115982949733734,0.39500024914741516,-0.5360461473464966,0
0.6893170475959778,0.12090064585208893,0.41117292642593384,0.5842564702033997,-0.443496435880661,0.435406357049942,-0.5218970775604248,0.7400614619255066,0.1354062706232071,0.1751764714717865,1,0.6946496963500977,0.11956316977739334,0.5019840598106384,0.6260014772415161,-0.40849030017852783,0.39079755544662476,-0.537154495716095,0
0.6909628510475159,0.12078332901000977,0.41896897554397583,0.5881083607673645,-0.44054681062698364,0.4317336678504944,-0.5231184363365173,0.7445003390312195,0.13593553006649017,0.18356019258499146,1,0.6946450471878052,0.1194162666797638,0.5101829767227173,0.629705548286438,-0.4053806960582733,0.38655903935432434,-0.5382466316223145,0
0.6924687027931213,0.12066274136304855,0.42681610584259033,0.5919517874717712,-0.4375825822353363,0.42800942063331604,-0.5243304371833801,0.7488332390785217,0.13652285933494568,0.19202114641666412,1,0.6944815516471863,0.1192670613527298,0.5183676481246948,0.6333786249160767,-0.40227004885673523,0.3822847902774811,-0.5393224358558655,0
0.6938320398330688,0.12053918838500977,0.43470776081085205,0.595784604549408,-0.43460455536842346,0.42423543334007263,-0.5255318284034729,0.7529994249343872,0.13706040382385254,0.20058205723762512,1,0.6941590905189514,0.11911565065383911,0.5265349745750427,0.6370202898979187,-0.39915820956230164,0.3779752254486084,-0.5403817892074585,0
0.6950504183769226,0.1204121932387352,0.4426393210887909,0.5996044278144836,-0.4316139817237854,0.4204128086566925,-0.5267226696014404,0.7570117115974426,0.13757483661174774,0.20923079550266266,1,0.6936780214309692,0.1189621239900589,0.5346829295158386,0.6406307816505432,-0.39604493975639343,0.37362995743751526,-0.5414252281188965,0
0.6961219906806946,0.12028234452009201,0.4506049156188965,0.6034096479415894,-0.42861196398735046,0.41654276847839355,-0.5279020667076111,0.7608792185783386,0.13809064030647278,0.21795468032360077,1,0.6930387616157532,0.1188066154718399,0.5428074598312378,0.6442091464996338,-0.3929312527179718,0.3692499101161957,-0.5424519777297974,0
0.6970447301864624,0.12014946341514587,0.45859959721565247,0.6071984171867371,-0.425599604845047,0.4126262962818146,-0.5290694236755371,0.764606773853302,0.13861486315727234,0.2267448753118515,1,0.6922420263290405,0.11864922940731049,0.5509057641029358,0.6477550864219666,-0.3898167312145233,0.364835262298584,-0.5434623956680298,0
0.6978170871734619,0.12001384049654007,0.46661895513534546,0.6109694838523865,-0.4225776195526123,0.40866392850875854,-0.530224621295929,0.7681813836097717,0.13913889229297638,0.2355998158454895,1,0.691287636756897,0.11849004775285721,0.5589754581451416,0.6512688994407654,-0.386701375246048,0.3603857755661011,-0.5444564819335938,0
0.6984378695487976,0.11987533420324326,0.47465780377388,0.6147211194038391,-0.4195467233657837,0.4046573042869568,-0.5313670039176941,0.7715979814529419,0.13966020941734314,0.24451550841331482,1,0.6901766061782837,0.11832918971776962,0.5670135021209717,0.6547498106956482,-0.3835853934288025,0.3559020161628723,-0.5454343557357788,0
0.6989055275917053,0.11973448842763901,0.4827117323875427,0.6184521317481995,-0.4165080487728119,0.4006067216396332,-0.5324962139129639,0.7748541235923767,0.14017833769321442,0.2534869909286499,1,0.6889094114303589,0.11816678196191788,0.5750163197517395,0.6581975221633911,-0.3804691731929779,0.3513842523097992,-0.5463957190513611,0
0.6992197036743164,0.11959091573953629,0.4907761216163635,0.6221612691879272,-0.4134620726108551,0.39651334285736084,-0.5336118936538696,0.7779479026794434,0.14069315791130066,0.26250940561294556,1,0.6874864101409912,0.11800289899110794,0.5829819440841675,0.6616118550300598,-0.37735235691070557,0.34683260321617126,-0.5473409295082092,0
0.6993793845176697,0.11944466829299927,0.49884647130966187,0.6258472204208374,-0.4104093015193939,0.3923778831958771,-0.5347139239311218,0.7808775305747986,0.1412045955657959,0.2715780436992645,1,0.6859084367752075,0.11783739924430847,0.5909073948860168,0.6649923324584961,-0.37423497438430786,0.34224727749824524,-0.5482699871063232,0
0.6993834376335144,0.11929637938737869,0.5069198608398438,0.6295096278190613,-0.40735024213790894,0.3882002532482147,-0.5358020663261414,0.7836415767669678,0.14171253144741058,0.28068825602531433,1,0.6841762661933899,0.11767091602087021,0.5987890958786011,0.6683387756347656,-0.37111806869506836,0.33762869238853455,-0.5491824150085449,0
0.6992319226264954,0.11914587020874023,0.5149911046028137,0.6331468820571899,-0.4042856693267822,0.38398200273513794,-0.5368760228157043,0.7862386107444763,0.14221715927124023,0.28983572125434875,1,0.6822906732559204,0.11750329285860062,0.6066249012947083,0.6716510057449341,-0.3680008053779602,0.3329770267009735,-0.5500785708427429,0
0.69892418384552,0.11899322271347046,0.5230568051338196,0.6367583870887756,-0.40121588110923767,0.37972337007522583,-0.5379354357719421,0.7886673808097839,0.14271841943264008,0.2990160286426544,1,0.6802524328231812,0.11733462661504745,0.6144112944602966,0.6749285459518433,-0.3648838400840759,0.32829251885414124,-0.5509583950042725,0
0.6984601616859436,0.11883855611085892,0.5311128497123718,0.6403433680534363,-0.3981415033340454,0.3754248321056366,-0.5389803647994995,0.7909268140792847,0.14321638643741608,0.30822503566741943,1,0.678062379360199,0.11716505140066147,0.6221462488174438,0.6781712770462036,-0.3617668151855469,0.32357528805732727,-0.5518219470977783,0
0.6978397369384766,0.11868169903755188,0.5391556024551392,0.6439007520675659,-0.39506253600120544,0.37108713388442993,-0.5400107502937317,0.7930160164833069,0.14371107518672943,0.31745854020118713,1,0.6757216453552246,0.11699466407299042,0.629826545715332,0.6813787817955017,-0.3586498498916626,0.31882551312446594,-0.5526692867279053,0
0.6970622539520264,0.1185232549905777,0.5471819639205933,0.6474300622940063,-0.3919795751571655,0.3667106330394745,-0.5410263538360596,0.7949342131614685,0.14420250058174133,0.3267125189304352,1,0.6732314229011536,0.11682353913784027,0.637448787689209,0.6845506429672241,-0.3555338978767395,0.31404414772987366,-0.5534999966621399,0
0.6961284875869751,0.11836306750774384,0.5551876425743103,0.6509307622909546,-0.38889285922050476,0.36229559779167175,-0.5420270562171936,0.796680748462677,0.14469076693058014,0.335983008146286,1,0.6705919504165649,0.11665181070566177,0.6450115442276001,0.6876868009567261,-0.3524180054664612,0.3092305660247803,-0.5543146729469299,0
0.695038378238678,0.11820127815008163,0.563169538974762,0.654401957988739,-0.3858027458190918,0.35784274339675903,-0.5430126786231995,0.7982550859451294,0.1451759934425354,0.3452661335468292,1,0.6678051948547363,0.11647959053516388,0.6525107026100159,0.6907868385314941,-0.3493032157421112,0.30438587069511414,-0.5551126003265381,0
0.6937920451164246,0.11803793907165527,0.5711239576339722,0.6578430533409119,-0.38270947337150574,0.35335248708724976,-0.5439832806587219,0.7996568083763123,0.1456582397222519,0.3545580506324768,1,0.6648720502853394,0.11630697548389435,0.6599444150924683,0.6938505172729492,-0.34618881344795227,0.2995096445083618,-0.5558944344520569,0
0.6923898458480835,0.117873415350914,0.5790478587150574,0.6612535119056702,-0.37961363792419434,0.348825067281723,-0.5449387431144714,0.8008856773376465,0.14613758027553558,0.3638550043106079,1,0.6615961790084839,0.11612329632043839,0.6677677035331726,0.6970654726028442,-0.34288087487220764,0.2942948341369629,-0.5567071437835693,0
0.6908328533172607,0.11770733445882797,0.5869652032852173,0.6646461486816406,-0.37650787830352783,0.34424594044685364,-0.5458773374557495,0.8019493818283081,0.14661762118339539,0.37318477034568787,1,0.6581579446792603,0.1159391775727272,0.6755106449127197,0.7002387642860413,-0.33957383036613464,0.2890452444553375,-0.5575016140937805,0
0.6891143321990967,0.1175391748547554,0.5948817133903503,0.6680234670639038,-0.3733852505683899,0.33960840106010437,-0.5468035340309143,0.8028455376625061,0.1470973640680313,0.3825553357601166,1,0.6545588374137878,0.11575523018836975,0.6831697225570679,0.7033699750900269,-0.3362680673599243,0.28376156091690063,-0.558277428150177,0
0.6872293949127197,0.11736820638179779,0.6027951240539551,0.671384334564209,-0.3702448606491089,0.3349112570285797,-0.5477190613746643,0.8035697937011719,0.1475764513015747,0.3919655382633209,1,0.650800347328186,0.11557132005691528,0.6907423138618469,0.7064586877822876,-0.3329637944698334,0.27844366431236267,-0.5590351223945618,0
0.6851756572723389,0.11719532310962677,0.6107007265090942,0.674727201461792,-0.3670870363712311,0.33015504479408264,-0.5486236214637756,0.8041185736656189,0.14805470407009125,0.4014104902744293,1,0.646884560585022,0.11538758873939514,0.698224663734436,0.7095049023628235,-0.3296610414981842,0.27309221029281616,-0.5597740411758423,0
0.6829520463943481,0.11702059954404831,0.618591845035553,0.6780499219894409,-0.3639129400253296,0.3253410756587982,-0.5495168566703796,0.8044889569282532,0.1485322266817093,0.41088372468948364,1,0.6428128480911255,0.11520389467477798,0.7056141495704651,0.7125079035758972,-0.32635968923568726,0.26770761609077454,-0.5604947209358215,0
0.680557906627655,0.11684413999319077,0.6264619827270508,0.68135005235672,-0.36072400212287903,0.3204710781574249,-0.5503985285758972,0.8046786785125732,0.14900903403759003,0.42037808895111084,1,0.6385870575904846,0.11502088606357574,0.712907612323761,0.7154675126075745,-0.32306021451950073,0.26229000091552734,-0.56119704246521,0
0.67799311876297,0.11666634678840637,0.6343046426773071,0.6846261024475098,-0.3575212061405182,0.31554660201072693,-0.5512676239013672,0.8046858310699463,0.14948506653308868,0.4298861622810364,1,0.634209394454956,0.11483840644359589,0.7201018333435059,0.7183834910392761,-0.319762647151947,0.25683993101119995,-0.5618809461593628,0
0.675258219242096,0.11648759245872498,0.642112672328949,0.6878758072853088,-0.3543063998222351,0.3105694353580475,-0.5521235466003418,0.8045091032981873,0.14996038377285004,0.43940067291259766,1,0.6296813488006592,0.11465657502412796,0.7271941900253296,0.7212555408477783,-0.3164668679237366,0.25135743618011475,-0.5625464916229248,0
0.6723538637161255,0.11630771309137344,0.6498801112174988,0.6910973787307739,-0.35108041763305664,0.3055413067340851,-0.5529659986495972,0.8041474223136902,0.1504349559545517,0.44891446828842163,1,0.6250051856040955,0.1144752949476242,0.7341815829277039,0.7240830659866333,-0.3131733238697052,0.24584339559078217,-0.5631936192512512,0
0.6692807078361511,0.1161273792386055,0.6576005816459656,0.6942893266677856,-0.34784477949142456,0.3004636764526367,-0.5537940263748169,0.8036001324653625,0.15090875327587128,0.45842069387435913,1,0.6201831698417664,0.1142951175570488,0.7410609126091003,0.7268660664558411,-0.30988216400146484,0.24029773473739624,-0.5638224482536316,0
0.6660402417182922,0.1159461960196495,0.6652681231498718,0.6974496245384216,-0.34460049867630005,0.2953382730484009,-0.554607629776001,0.8028667569160461,0.15138186514377594,0.46791279315948486,1,0.6152170300483704,0.11411595344543457,0.7478294968605042,0.7296040654182434,-0.30659323930740356,0.2347208708524704,-0.5644329190254211,0
0.6626334190368652,0.1157647967338562,0.6728770136833191,0.7005772590637207,-0.34134867787361145,0.290166437625885,-0.5554060935974121,0.8019471764564514,0.15185417234897614,0.47738441824913025,1,0.6101089119911194,0.11393792182207108,0.7544848322868347,0.7322969436645508,-0.30330684781074524,0.22911328077316284,-0.5650248527526855,0
0.6590611934661865,0.11558277904987335,0.6804224252700806,0.7036706805229187,-0.33809003233909607,0.28494930267333984,-0.5561892986297607,0.8008415102958679,0.15232573449611664,0.486829549074173,1,0.6048616766929626,0.11376087367534637,0.7610235810279846,0.7349441051483154,-0.30002328753471375,0.22347526252269745,-0.5655986666679382,0
0.6553258299827576,0.11540106683969498,0.6878983974456787,0.7067289352416992,-0.3348257541656494,0.27968844771385193,-0.5569562911987305,0.79954993724823,0.15279662609100342,0.49624237418174744,1,0.5994770526885986,0.11358541995286942,0.7674432992935181,0.7375454902648926,-0.29674243927001953,0.21780727803707123,-0.5661540627479553,0
0.65142822265625,0.11521925032138824,0.6953004002571106,0.7097505331039429,-0.3315562903881073,0.27438491582870483,-0.5577073097229004,0.7980729937553406,0.15326689183712006,0.5056173205375671,1,0.5939570665359497,0.11341139674186707,0.773741602897644,0.7401008605957031,-0.29346412420272827,0.2121092677116394,-0.5666912794113159,0
0.6473702192306519,0.1150374710559845,0.7026240825653076,0.7127346396446228,-0.32828250527381897,0.2690395414829254,-0.5584421753883362,0.7964113354682922,0.15373654663562775,0.5149490833282471,1,0.5883051753044128,0.11323871463537216,0.7799151539802551,0.7426095604896545,-0.29018914699554443,0.20638252794742584,-0.5672101974487305,0
0.6431537866592407,0.11485609412193298,0.7098643183708191,0.7156803011894226,-0.3250049650669098,0.26365363597869873,-0.5591602921485901,0.7945656776428223,0.15420566499233246,0.5242324471473694,1,0.5825230479240417,0.11306791752576828,0.7859620451927185,0.7450715899467468,-0.2869173586368561,0.20062683522701263,-0.5677106380462646,0
0.6387807130813599,0.11467522382736206,0.7170170545578003,0.7185866236686707,-0.3217242956161499,0.2582279145717621,-0.5598615407943726,0.7925370931625366,0.15467429161071777,0.5334624648094177,1,0.5766130685806274,0.11289890855550766,0.791879415512085,0.7474868297576904,-0.28364863991737366,0.1948423981666565,-0.5681929588317871,0
0.6342524886131287,0.11449478566646576,0.7240782380104065,0.7214527726173401,-0.3184410333633423,0.25276312232017517,-0.5605461001396179,0.7903265357017517,0.15514248609542847,0.5426343679428101,1,0.5705779790878296,0.11273173987865448,0.7976650595664978,0.7498546242713928,-0.28038331866264343,0.18902991712093353,-0.5686570405960083,0
0.6295717358589172,0.11431511491537094,0.7310436367988586,0.7242778539657593,-0.3151557147502899,0.24726082384586334,-0.5612133741378784,0.7879353165626526,0.1556103229522705,0.5517435669898987,1,0.5644209980964661,0.11256632953882217,0.8033158183097839,0.7521747350692749,-0.27712175250053406,0.18319012224674225,-0.5691028237342834,0
0.6247396469116211,0.11413653939962387,0.7379099130630493,0.7270615100860596,-0.3118686378002167,0.24172057211399078,-0.5618634223937988,0.7853647470474243,0.15607789158821106,0.5607855319976807,1,0.5581437945365906,0.11240320652723312,0.8088303804397583,0.7544471025466919,-0.27386367321014404,0.17732247710227966,-0.5695304274559021,0
0.6197591423988342,0.11395874619483948,0.744672417640686,0.729802668094635,-0.30858057737350464,0.23614443838596344,-0.5624959468841553,0.7826162576675415,0.15654532611370087,0.5697559118270874,1,0.5517498850822449,0.11224225163459778,0.8142055869102478,0.7566713690757751,-0.2706093490123749,0.17142829298973083,-0.5699396133422852,0
0.6146323680877686,0.11378183215856552,0.7513282299041748,0.7325007915496826,-0.30529165267944336,0.23053234815597534,-0.563111424446106,0.7796913981437683,0.1570126712322235,0.5786504745483398,1,0.5452414751052856,0.1120835393667221,0.8194395303726196,0.7588472962379456,-0.2673589587211609,0.16550758481025696,-0.5703307390213013,0
0.6093612909317017,0.11360640078783035,0.7578734159469604,0.7351553440093994,-0.3020022213459015,0.2248852401971817,-0.5637089610099792,0.7765918374061584,0.15747995674610138,0.5874651670455933,1,0.5386213064193726,0.11192698776721954,0.8245301246643066,0.7609744071960449,-0.2641124725341797,0.15956073999404907,-0.5707038640975952,0
0.6039479374885559,0.11343228816986084,0.7643051743507385,0.737765908241272,-0.29871252179145813,0.2192036509513855,-0.5642889738082886,0.7733193039894104,0.1579473465681076,0.5961959958076477,1,0.5318929553031921,0.1117730587720871,0.8294746279716492,0.7630525231361389,-0.26087042689323425,0.15358847379684448,-0.5710585713386536,0
0.5983957052230835,0.11325965076684952,0.7706193327903748,0.7403317093849182,-0.29542338848114014,0.2134886085987091,-0.564850926399231,0.7698755264282227,0.15841494500637054,0.6048390865325928,1,0.5250585079193115,0.1116216629743576,0.8342714905738831,0.7650817036628723,-0.25763240456581116,0.147590771317482,-0.5713950395584106,0
0.5927062034606934,0.11308857798576355,0.7768133878707886,0.7428522706031799,-0.29213452339172363,0.20774027705192566,-0.5653952360153198,0.7662625908851624,0.15888279676437378,0.6133905649185181,1,0.5181208848953247,0.11147286742925644,0.8389186263084412,0.7670614719390869,-0.25439882278442383,0.14156807959079742,-0.5717136263847351,0
0.5868822932243347,0.11291918903589249,0.7828838229179382,0.7453271746635437,-0.28884652256965637,0.201959490776062,-0.5659216642379761,0.7624824047088623,0.15935105085372925,0.6218469142913818,1,0.5110834240913391,0.11132656037807465,0.8434139490127563,0.7689912915229797,-0.2511695921421051,0.135520800948143,-0.5720142126083374,0
0.5809260606765747,0.11275134235620499,0.7888283133506775,0.7477559447288513,-0.28555938601493835,0.19614648818969727,-0.5664303302764893,0.7585371136665344,0.15981978178024292,0.630204439163208,1,0.5039492845535278,0.11118324100971222,0.8477553725242615,0.7708714008331299,-0.24794523417949677,0.12944981455802917,-0.5722964406013489,0
0.5748410820960999,0.11258560419082642,0.7946429252624512,0.750137984752655,-0.28227388858795166,0.19030267000198364,-0.5669208765029907,0.7544265985488892,0.16029517352581024,0.6384598016738892,1,0.49672067165374756,0.11104274541139603,0.8519414663314819,0.7727011442184448,-0.2447255253791809,0.12335467338562012,-0.572560727596283,0
0.5686290264129639,0.11242186278104782,0.8003256320953369,0.7524731159210205,-0.27898967266082764,0.18442754447460175,-0.5673934817314148,0.750157356262207,0.16076445579528809,0.6466095447540283,1,0.48940178751945496,0.11090516299009323,0.8559697866439819,0.7744804620742798,-0.24151071906089783,0.11723705381155014,-0.5728070139884949,0
0.5622933506965637,0.11226020008325577,0.8058730959892273,0.7547606825828552,-0.2757074236869812,0.17852254211902618,-0.5678480863571167,0.7457298040390015,0.1612343192100525,0.6546501517295837,1,0.4819944500923157,0.11077040433883667,0.8598393797874451,0.7762091755867004,-0.23830069601535797,0.11109627038240433,-0.5730353593826294,0
0.5558359026908875,0.11210092157125473,0.8112834692001343,0.7570005655288696,-0.2724270224571228,0.1725875735282898,-0.5682844519615173,0.7411462068557739,0.1617051362991333,0.6625784039497375,1,0.4745030403137207,0.11063886433839798,0.8635478615760803,0.7778870463371277,-0.2350960224866867,0.10493338853120804,-0.5732455253601074,0
0.5492609739303589,0.11194371432065964,0.816552996635437,0.7591918706893921,-0.2691490948200226,0.16662390530109406,-0.568702757358551,0.7364088296890259,0.16217708587646484,0.6703911423683167,1,0.46692991256713867,0.1105104610323906,0.8670939207077026,0.7795138955116272,-0.23189635574817657,0.09874841570854187,-0.5734378099441528,0
0.5425699353218079,0.11178887635469437,0.8216801881790161,0.7613345980644226,-0.2658732533454895,0.1606312394142151,-0.5691032409667969,0.7315203547477722,0.16265013813972473,0.6780852675437927,1,0.45927882194519043,0.11038524657487869,0.8704758882522583,0.7810892462730408,-0.22870226204395294,0.09254234284162521,-0.5736120343208313,0
0.5357666611671448,0.11163650453090668,0.826662003993988,0.7634285688400269,-0.262600302696228,0.15461046993732452,-0.5694853067398071,0.726483166217804,0.16312439739704132,0.685657799243927,1,0.45155200362205505,0.11026310920715332,0.8736928105354309,0.7826130390167236,-0.22551314532756805,0.08631469309329987,-0.573768675327301,0
0.5288535356521606,0.11148685961961746,0.8314963579177856,0.7654730677604675,-0.25933003425598145,0.14856216311454773,-0.5698493123054504,0.7213000059127808,0.1635999232530594,0.6931057572364807,1,0.44375407695770264,0.11014445871114731,0.8767425417900085,0.7840850353240967,-0.2223300188779831,0.08006705343723297,-0.5739070177078247,0
0.5218338370323181,0.11133985966444016,0.8361809849739075,0.7674677968025208,-0.256062775850296,0.14248639345169067,-0.5701953172683716,0.715973436832428,0.16407687962055206,0.7004262804985046,1,0.43588727712631226,0.11002915352582932,0.87962406873703,0.7855049967765808,-0.2191523313522339,0.07379894703626633,-0.5740275979042053,0
0.5147107839584351,0.11119537800550461,0.8407133221626282,0.7694124579429626,-0.25279876589775085,0.13638432323932648,-0.5705230236053467,0.7105062007904053,0.16455532610416412,0.7076166272163391,1,0.4279554486274719,0.10991726070642471,0.8823360800743103,0.7868729829788208,-0.2159806340932846,0.06751111149787903,-0.5741302371025085,0
0.5074872374534607,0.11105388402938843,0.8450915813446045,0.7713068723678589,-0.2495380938053131,0.13025598227977753,-0.5708324909210205,0.7049011588096619,0.16503527760505676,0.7146739363670349,1,0.41996192932128906,0.10980869084596634,0.8848773837089539,0.7881882786750793,-0.21281474828720093,0.06120431050658226,-0.5742151141166687,0
0.5001662969589233,0.11091525852680206,0.849313497543335,0.7731507420539856,-0.24628078937530518,0.12410219013690948,-0.5711237788200378,0.6991610527038574,0.16551688313484192,0.7215956449508667,1,0.4119097888469696,0.10970377922058105,0.8872466683387756,0.7894511222839355,-0.20965492725372314,0.05487857758998871,-0.5742822885513306,0
0.49275121092796326,0.11077958345413208,0.8533770442008972,0.7749433517456055,-0.24302735924720764,0.11792345345020294,-0.5713969469070435,0.6932888031005859,0.16600023210048676,0.7283790111541748,1,0.40380266308784485,0.10960239917039871,0.889443039894104,0.7906610369682312,-0.20650121569633484,0.04853448271751404,-0.5743315815925598,0
0.48524510860443115,0.11064692586660385,0.8572806119918823,0.7766848206520081,-0.23977777361869812,0.11171973496675491,-0.5716519355773926,0.6872873306274414,0.16648538410663605,0.7350215911865234,1,0.39564377069473267,0.10950463265180588,0.8914654850959778,0.7918179631233215,-0.2033536583185196,0.042172450572252274,-0.5743629932403564,0
0.47765153646469116,0.11051753908395767,0.8610217571258545,0.7783747911453247,-0.23653224110603333,0.10549217462539673,-0.5718884468078613,0.6811595559120178,0.16697239875793457,0.741520881652832,1,0.3874366879463196,0.1094103455543518,0.8933128714561462,0.7929216027259827,-0.20021268725395203,0.035793084651231766,-0.5743770599365234,0
0.4699733853340149,0.11039111018180847,0.8645992875099182,0.7800127267837524,-0.2332906424999237,0.09924090653657913,-0.5721072554588318,0.6749085187911987,0.16746138036251068,0.7478744983673096,1,0.37918469309806824,0.10931985825300217,0.8949844837188721,0.7939720153808594,-0.19707806408405304,0.02939663641154766,-0.5743731260299683,0
0.4622143507003784,0.11026807874441147,0.8680108785629272,0.7815988659858704,-0.2300535887479782,0.09296637028455734,-0.5723074674606323,0.6685373187065125,0.16795237362384796,0.7540801167488098,1,0.37089189887046814,0.1092330738902092,0.8964792490005493,0.7949687242507935,-0.19395019114017487,0.022984037175774574,-0.57435142993927,0
0.45437729358673096,0.11014833301305771,0.8712555170059204,0.7831323742866516,-0.22682085633277893,0.08666959404945374,-0.5724895000457764,0.6620491147041321,0.16844548285007477,0.7601355314254761,1,0.3625604212284088,0.1091499999165535,0.8977970480918884,0.7959117293357849,-0.1908288449048996,0.016554540023207664,-0.5743123888969421,0
