0.3625604212284088,0.1091499999165535,0.8977970480918884,0.7959117293357849,-0.1908288449048996,0.016554540023207664,-0.5743123888969421,0.5575981736183167,-0.03983156383037567,0.019999999552965164,0,0.3625604212284088,0.1091499999165535,0.8977970480918884,0.7959117293357849,-0.1908288449048996,0.016554540023207664,-0.5743123888969421,1
0.3628040552139282,0.10916154831647873,0.8976776003837585,0.7959170937538147,-0.19090838730335236,0.016660241410136223,-0.5742754340171814,0.5575981736183167,-0.03983156383037567,0.01981772482395172,0,0.3625604212284088,0.1091499999165535,0.8977970480918884,0.7959117293357849,-0.1908288449048996,0.016554540023207664,-0.5743123888969421,1
0.3632446825504303,0.10916890949010849,0.8974825739860535,0.7959179878234863,-0.1910729855298996,0.016885489225387573,-0.574212908744812,0.5575981736183167,-0.03983156383037567,0.019884353503584862,0,0.3625604212284088,0.1091499999165535,0.8977970480918884,0.7959117293357849,-0.1908288449048996,0.016554540023207664,-0.5743123888969421,1
0.36376747488975525,0.10917111486196518,0.8972581028938293,0.7959133982658386,-0.1912766695022583,0.017166968435049057,-0.5741432309150696,0.5575981736183167,-0.03983156383037567,0.019923372194170952,0,0.3625604212284088,0.1091499999165535,0.8977970480918884,0.7959117293357849,-0.1908288449048996,0.016554540023207664,-0.5743123888969421,1
0.3643089532852173,0.10917005687952042,0.8970283269882202,0.7959052920341492,-0.1914910078048706,0.01746424101293087,-0.5740739107131958,0.5575981736183167,-0.03983156383037567,0.019946129992604256,0,0.3625604212284088,0.1091499999165535,0.8977970480918884,0.7959117293357849,-0.1908288449048996,0.016554540023207664,-0.5743123888969421,1
0.36483412981033325,0.10916749387979507,0.8968064785003662,0.7958957552909851,-0.19170089066028595,0.017755331471562386,-0.5740082263946533,0.5575981736183167,-0.03983156383037567,0.019959425553679466,0,0.3625604212284088,0.1091499999165535,0.8977970480918884,0.7959117293357849,-0.1908288449048996,0.016554540023207664,-0.5743123888969421,1
0.3653259873390198,0.10916423052549362,0.8965990543365479,0.7958859801292419,-0.19189804792404175,0.01802937313914299,-0.5739471912384033,0.5575981736183167,-0.03983156383037567,0.019967196509242058,0,0.3625604212284088,0.1091499999165535,0.8977970480918884,0.7959117293357849,-0.1908288449048996,0.016554540023207664,-0.5743123888969421,1
0.36577728390693665,0.10916095972061157,0.89640873670578,0.7958768010139465,-0.19207923114299774,0.01828133687376976,-0.5738914608955383,0.5575981736183167,-0.03983156383037567,0.01997174322605133,0,0.3625604212284088,0.1091499999165535,0.8977970480918884,0.7959117293357849,-0.1908288449048996,0.016554540023207664,-0.5743123888969421,1
0.366186261177063,0.10915781557559967,0.8962359428405762,0.7958679795265198,-0.1922435611486435,0.018509861081838608,-0.5738412737846375,0.5575981736183167,-0.03983156383037567,0.019974403083324432,0,0.3625604212284088,0.1091499999165535,0.8977970480918884,0.7959117293357849,-0.1908288449048996,0.016554540023207664,-0.5743123888969421,1
0.3665536642074585,0.1091550812125206,0.8960806727409363,0.7958602905273438,-0.19239117205142975,0.01871492713689804,-0.5737957954406738,0.5575981736183167,-0.03983156383037567,0.01997595839202404,0,0.3625604212284088,0.1091499999165535,0.8977970480918884,0.7959117293357849,-0.1908288449048996,0.016554540023207664,-0.5743123888969421,1
0.36688217520713806,0.10915274918079376,0.895941436290741,0.7958534359931946,-0.1925230473279953,0.018898339942097664,-0.5737552642822266,0.5575981736183167,-0.03983156383037567,0.019976869225502014,0,0.3625604212284088,0.1091499999165535,0.8977970480918884,0.7959117293357849,-0.1908288449048996,0.016554540023207664,-0.5743123888969421,1
0.3671749234199524,0.10915068536996841,0.8958170413970947,0.7958471775054932,-0.1926405429840088,0.019061513245105743,-0.5737189054489136,0.5575981736183167,-0.03983156383037567,0.019977401942014694,0,0.3625604212284088,0.1091499999165535,0.8977970480918884,0.7959117293357849,-0.1908288449048996,0.016554540023207664,-0.5743123888969421,1
0.36743536591529846,0.10914917290210724,0.8957062363624573,0.7958419322967529,-0.19274485111236572,0.019206577911973,-0.5736864805221558,0.5575981736183167,-0.03983156383037567,0.019977713003754616,0,0.3625604212284088,0.1091499999165535,0.8977970480918884,0.7959117293357849,-0.1908288449048996,0.016554540023207664,-0.5743123888969421,1
0.3676663637161255,0.10914792865514755,0.8956077694892883,0.7958371639251709,-0.19283725321292877,0.019334783777594566,-0.5736575722694397,0.5575981736183167,-0.03983156383037567,0.01997789368033409,0,0.3625604212284088,0.1091499999165535,0.8977970480918884,0.7959117293357849,-0.1908288449048996,0.016554540023207664,-0.5743123888969421,1
0.3678717017173767,0.10914682596921921,0.8955199718475342,0.7958332300186157,-0.1929192990064621,0.019448645412921906,-0.573631763458252,0.5575981736183167,-0.03983156383037567,0.019978001713752747,0,0.3625604212284088,0.1091499999165535,0.8977970480918884,0.7959117293357849,-0.1908288449048996,0.016554540023207664,-0.5743123888969421,1
0.3680533766746521,0.10914600640535355,0.8954421877861023,0.795829713344574,-0.19299162924289703,0.01954904943704605,-0.5736088156700134,0.5575981736183167,-0.03983156383037567,0.01997806318104267,0,0.3625604212284088,0.1091499999165535,0.8977970480918884,0.7959117293357849,-0.1908288449048996,0.016554540023207664,-0.5743123888969421,1
0.3682141900062561,0.10914544761180878,0.8953732252120972,0.79582679271698,-0.19305557012557983,0.01963799074292183,-0.5735883712768555,0.5575981736183167,-0.03983156383037567,0.019978100433945656,0,0.3625604212284088,0.1091499999165535,0.8977970480918884,0.7959117293357849,-0.1908288449048996,0.016554540023207664,-0.5743123888969421,1
0.3683570623397827,0.10914503037929535,0.8953116536140442,0.7958241105079651,-0.19311225414276123,0.019716612994670868,-0.5735701322555542,0.5575981736183167,-0.03983156383037567,0.019978120923042297,0,0.3625604212284088,0.1091499999165535,0.8977970480918884,0.7959117293357849,-0.1908288449048996,0.016554540023207664,-0.5743123888969421,1
0.36848360300064087,0.10914475470781326,0.8952572345733643,0.7958218455314636,-0.1931624412536621,0.019786084070801735,-0.5735539793968201,0.5575981736183167,-0.03983156383037567,0.019978133961558342,0,0.3625604212284088,0.1091499999165535,0.8977970480918884,0.7959117293357849,-0.1908288449048996,0.016554540023207664,-0.5743123888969421,1
0.36859551072120667,0.10914462059736252,0.8952088356018066,0.7958201169967651,-0.19320662319660187,0.019847365096211433,-0.5735394358634949,0.5575981736183167,-0.03983156383037567,0.01997814141213894,0,0.3625604212284088,0.1091499999165535,0.8977970480918884,0.7959117293357849,-0.1908288449048996,0.016554540023207664,-0.5743123888969421,1
0.36869457364082336,0.10914447903633118,0.8951660394668579,0.7958184480667114,-0.1932457685470581,0.01990160159766674,-0.5735267996788025,0.5575981736183167,-0.03983156383037567,0.019978145137429237,0,0.3625604212284088,0.1091499999165535,0.8977970480918884,0.7959117293357849,-0.1908288449048996,0.016554540023207664,-0.5743123888969421,1
0.3687824606895447,0.10914447903633118,0.8951278328895569,0.795816957950592,-0.19328033924102783,0.01994943805038929,-0.5735154151916504,0.5575981736183167,-0.03983156383037567,0.019978148862719536,0,0.3625604212284088,0.1091499999165535,0.8977970480918884,0.7959117293357849,-0.1908288449048996,0.016554540023207664,-0.5743123888969421,1
0.36886000633239746,0.10914461314678192,0.895094096660614,0.7958159446716309,-0.19331079721450806,0.019991593435406685,-0.5735051035881042,0.5575981736183167,-0.03983156383037567,0.019978148862719536,0,0.3625604212284088,0.1091499999165535,0.8977970480918884,0.7959117293357849,-0.1908288449048996,0.016554540023207664,-0.5743123888969421,1
0.36892861127853394,0.10914474725723267,0.8950642347335815,0.7958149909973145,-0.19333770871162415,0.02002882771193981,-0.5734960436820984,0.5575981736183167,-0.03983156383037567,0.019978148862719536,0,0.3625604212284088,0.1091499999165535,0.8977970480918884,0.7959117293357849,-0.1908288449048996,0.016554540023207664,-0.5743123888969421,1
0.3689894676208496,0.10914488881826401,0.8950377106666565,0.7958140969276428,-0.1933615803718567,0.020061763003468513,-0.5734882354736328,0.5575981736183167,-0.03983156383037567,0.019978148862719536,0,0.3625604212284088,0.1091499999165535,0.8977970480918884,0.7959117293357849,-0.1908288449048996,0.016554540023207664,-0.5743123888969421,1
0.3690434694290161,0.10914502292871475,0.8950141072273254,0.7958134412765503,-0.1933826208114624,0.020090937614440918,-0.5734809041023254,0.5575981736183167,-0.03983156383037567,0.019978148862719536,0,0.3625604212284088,0.1091499999165535,0.8977970480918884,0.7959117293357849,-0.1908288449048996,0.016554540023207664,-0.5743123888969421,1
0.3690912425518036,0.10914530605077744,0.8949931859970093,0.7958129048347473,-0.1934012621641159,0.02011662721633911,-0.5734745860099792,0.5575981736183167,-0.03983156383037567,0.019978148862719536,0,0.3625604212284088,0.1091499999165535,0.8977970480918884,0.7959117293357849,-0.1908288449048996,0.016554540023207664,-0.5743123888969421,1
0.3691335916519165,0.10914543271064758,0.8949745893478394,0.7958122491836548,-0.19341766834259033,0.02013932727277279,-0.5734689831733704,0.5575981736183167,-0.03983156383037567,0.019978148862719536,0,0.3625604212284088,0.1091499999165535,0.8977970480918884,0.7959117293357849,-0.1908288449048996,0.016554540023207664,-0.5743123888969421,1
0.369171142578125,0.10914570838212967,0.894957959651947,0.7958120107650757,-0.19343216717243195,0.020159302279353142,-0.5734638571739197,0.5575981736183167,-0.03983156383037567,0.019978148862719536,0,0.3625604212284088,0.1091499999165535,0.8977970480918884,0.7959117293357849,-0.1908288449048996,0.016554540023207664,-0.5743123888969421,1
0.36920416355133057,0.10914599150419235,0.8949434161186218,0.795811653137207,-0.19344498217105865,0.020176958292722702,-0.5734593868255615,0.5575981736183167,-0.03983156383037567,0.019978148862719536,0,0.3625604212284088,0.1091499999165535,0.8977970480918884,0.7959117293357849,-0.1908288449048996,0.016554540023207664,-0.5743123888969421,1
0.36923354864120483,0.1091461256146431,0.8949304223060608,0.7958112955093384,-0.1934562772512436,0.020192500203847885,-0.5734555721282959,0.5575981736183167,-0.03983156383037567,0.019978148862719536,0,0.36923354864120483,0.1091461256146431,0.8949304223060608,0.7958112955093384,-0.1934562772512436,0.020192500203847885,-0.5734555721282959,1
0.3694966435432434,0.10915748029947281,0.8948008418083191,0.7958157062530518,-0.1935444176197052,0.020310046151280403,-0.5734154582023621,0.5575981736183167,-0.03983156383037567,0.019978148862719536,0,0.3750358521938324,0.10816197097301483,0.894703209400177,0.7941159009933472,-0.19710208475589752,0.025310775265097618,-0.5743604898452759,1
0.37029001116752625,0.10909855365753174,0.894654393196106,0.795695424079895,-0.19394488632678986,0.0208686925470829,-0.5734270811080933,0.5575981736183167,-0.03983156383037567,0.019978148862719536,0,0.38080519437789917,0.10714813321828842,0.8943581581115723,0.7923886775970459,-0.2007392942905426,0.03042769618332386,-0.5752373337745667,1
0.37159499526023865,0.10895225405693054,0.8944932222366333,0.7954241633415222,-0.19467350840568542,0.02188774012029171,-0.5735183954238892,0.5575981736183167,-0.03983156383037567,0.019978148862719536,0,0.3865392506122589,0.1061050295829773,0.89389568567276,0.7906293272972107,-0.20436789095401764,0.03554334491491318,-0.5760864019393921,1
0.3733692169189453,0.108721062541008,0.8943101763725281,0.7950092554092407,-0.19570288062095642,0.023329252377152443,-0.5736866593360901,0.5575981736183167,-0.03983156383037567,0.019978148862719536,0,0.3922367990016937,0.1050330325961113,0.8933160901069641,0.7888387441635132,-0.20798775553703308,0.040657173842191696,-0.576906681060791,1
0.3755677342414856,0.10841020941734314,0.8940980434417725,0.7944610714912415,-0.19700391590595245,0.0251537524163723,-0.573923647403717,0.5575981736183167,-0.03983156383037567,0.019978148862719536,0,0.3978956639766693,0.1039322093129158,0.8926199078559875,0.7870166897773743,-0.21159867942333221,0.045769039541482925,-0.5776987075805664,1
0.3781467080116272,0.10802500694990158,0.8938502073287964,0.793789803981781,-0.19854985177516937,0.02732372283935547,-0.5742202997207642,0.5575981736183167,-0.03983156383037567,0.019978148862719536,0,0.40351441502571106,0.10280299931764603,0.8918074369430542,0.7851634621620178,-0.21520055830478668,0.050878800451755524,-0.5784620046615601,1
0.3810649514198303,0.10756993293762207,0.8935596346855164,0.7930048704147339,-0.2003149390220642,0.029804067686200142,-0.5745683908462524,0.5575981736183167,-0.03983156383037567,0.019978148862719536,0,0.4090908169746399,0.10164584964513779,0.8908794522285461,0.7832794189453125,-0.21879319846630096,0.05598612129688263,-0.5791963338851929,1
0.38428395986557007,0.10704950243234634,0.8932197690010071,0.7921147346496582,-0.20227612555027008,0.03256355598568916,-0.5749592185020447,0.5575981736183167,-0.03983156383037567,0.019978148862719536,0,0.4146237075328827,0.10046085715293884,0.8898360729217529,0.7813644409179688,-0.22237633168697357,0.061091016978025436,-0.5799019932746887,1
0.3877682387828827,0.10646706074476242,0.892824113368988,0.7911266088485718,-0.20441195368766785,0.03557270020246506,-0.5753859281539917,0.5575981736183167,-0.03983156383037567,0.019978148862719536,0,0.4201112985610962,0.0992484763264656,0.8886777758598328,0.7794189453125,-0.22595013678073883,0.06619307398796082,-0.5805782079696655,1
0.3914858102798462,0.10582565516233444,0.8923662304878235,0.7900466918945312,-0.20670364797115326,0.038805942982435226,-0.5758419036865234,0.5575981736183167,-0.03983156383037567,0.019978148862719536,0,0.4255521297454834,0.0980091318488121,0.8874050974845886,0.7774432301521301,-0.22951453924179077,0.07129248976707458,-0.5812249779701233,1
0.3954068422317505,0.10512834042310715,0.8918403387069702,0.7888810634613037,-0.2091335952281952,0.042238831520080566,-0.5763207077980042,0.5575981736183167,-0.03983156383037567,0.019978148862719536,0,0.4309437572956085,0.09674336016178131,0.8860187530517578,0.7754374146461487,-0.23306889832019806,0.07638829201459885,-0.5818422436714172,1
0.39950522780418396,0.1043773740530014,0.8912409543991089,0.7876347303390503,-0.2116864174604416,0.045850981026887894,-0.5768170356750488,0.5575981736183167,-0.03983156383037567,0.019978148862719536,0,0.4362853765487671,0.09545128047466278,0.884519100189209,0.7734017372131348,-0.23661355674266815,0.08148098737001419,-0.582429826259613,1
0.40375664830207825,0.10357510298490524,0.8905629515647888,0.7863125801086426,-0.21434815227985382,0.04962325468659401,-0.5773256421089172,0.5575981736183167,-0.03983156383037567,0.019978148862719536,0,0.4415748715400696,0.09413342922925949,0.8829070329666138,0.7713363766670227,-0.24014824628829956,0.08657041937112808,-0.5829876065254211,1
0.40813958644866943,0.10272353142499924,0.8898014426231384,0.7849183082580566,-0.21710637211799622,0.05353855341672897,-0.577842116355896,0.5575981736183167,-0.03983156383037567,0.019978148862719536,0,0.4468105733394623,0.09279047697782516,0.881182849407196,0.7692417502403259,-0.24367275834083557,0.09165564179420471,-0.5835152268409729,1
0.41263383626937866,0.10182469338178635,0.8889526724815369,0.7834561467170715,-0.21994957327842712,0.05758107453584671,-0.5783624649047852,0.5575981736183167,-0.03983156383037567,0.019978148862719536,0,0.45199084281921387,0.09142252802848816,0.8793475031852722,0.7671177387237549,-0.2471868246793747,0.09673681855201721,-0.5840128064155579,1
0.4172220230102539,0.10088013857603073,0.8880126476287842,0.7819293141365051,-0.2228679358959198,0.06173761934041977,-0.5788824558258057,0.5575981736183167,-0.03983156383037567,0.019978148862719536,0,0.45711416006088257,0.0900302305817604,0.8774015307426453,0.7649648785591125,-0.2506905198097229,0.10181376338005066,-0.5844800472259521,1
0.42188772559165955,0.09989163279533386,0.8869780898094177,0.780340850353241,-0.22585222125053406,0.0659959688782692,-0.5793991684913635,0.5575981736183167,-0.03983156383037567,0.019978148862719536,0,0.4621787369251251,0.08861424773931503,0.8753457069396973,0.7627832293510437,-0.2541835904121399,0.10688640177249908,-0.5849168300628662,1
0.4266166388988495,0.0988604947924614,0.8858463168144226,0.778693675994873,-0.22889462113380432,0.07034473866224289,-0.5799095630645752,0.5575981736183167,-0.03983156383037567,0.019978148862719536,0,0.46718353033065796,0.08717474341392517,0.8731804490089417,0.7605730891227722,-0.25766611099243164,0.11195413768291473,-0.5853228569030762,1
0.4313950836658478,0.09778852015733719,0.8846146464347839,0.7769906520843506,-0.23198743164539337,0.07477407157421112,-0.5804103016853333,0.5575981736183167,-0.03983156383037567,0.019978148862719536,0,0.4721260964870453,0.08571268618106842,0.8709070086479187,0.7583348751068115,-0.2611376643180847,0.11701690405607224,-0.585698127746582,1
0.4362111985683441,0.09667685627937317,0.8832809925079346,0.7752337455749512,-0.23512442409992218,0.07927506417036057,-0.5808996558189392,0.5575981736183167,-0.03983156383037567,0.019978148862719536,0,0.47700589895248413,0.0842282697558403,0.8685255646705627,0.7560684680938721,-0.26459839940071106,0.12207484990358353,-0.5860424041748047,1
0.4410538375377655,0.09552687406539917,0.8818438053131104,0.7734255790710449,-0.23829981684684753,0.08383968472480774,-0.5813749432563782,0.5575981736183167,-0.03983156383037567,0.019978148862719536,0,0.4818202555179596,0.08272203803062439,0.8660376667976379,0.7537743449211121,-0.2680478096008301,0.12712721526622772,-0.5863559246063232,1
0.4459133744239807,0.09433994442224503,0.8803014159202576,0.7715679407119751,-0.24150831997394562,0.08846092969179153,-0.5818343162536621,0.5575981736183167,-0.03983156383037567,0.019978148862719536,0,0.4865688383579254,0.08119465410709381,0.8634431958198547,0.7514523863792419,-0.27148622274398804,0.13217467069625854,-0.5866380929946899,1
0.4507802426815033,0.09311732649803162,0.8786529302597046,0.7696627974510193,-0.24474500119686127,0.09313204884529114,-0.5822759866714478,0.5575981736183167,-0.03983156383037567,0.019978148862719536,0,0.4912492334842682,0.07964693754911423,0.8607437610626221,0.7491033673286438,-0.2749132215976715,0.1372157633304596,-0.5868889093399048,1
0.4556463360786438,0.09186006337404251,0.876897394657135,0.7677119970321655,-0.24800579249858856,0.09784716367721558,-0.5826983451843262,0.5575981736183167,-0.03983156383037567,0.019978148862719536,0,0.49586039781570435,0.07807911187410355,0.8579398393630981,0.7467272281646729,-0.27832871675491333,0.1422511637210846,-0.587108314037323,1
0.46050339937210083,0.09056930243968964,0.8750344514846802,0.7657169103622437,-0.2512865960597992,0.10260100662708282,-0.5831000208854675,0.5575981736183167,-0.03983156383037567,0.019978148862719536,0,0.5004004240036011,0.07649199664592743,0.8550326228141785,0.7443241477012634,-0.2817327082157135,0.14728045463562012,-0.5872960090637207,1
0.4653452932834625,0.08924636244773865,0.873063325881958,0.7636793255805969,-0.2545844614505768,0.10738899558782578,-0.5834794640541077,0.5575981736183167,-0.03983156383037567,0.019978148862719536,0,0.5048685073852539,0.07488635927438736,0.852022647857666,0.7418946027755737,-0.2851250171661377,0.15230333805084229,-0.5874519348144531,1
0.4701656103134155,0.08789222687482834,0.870983898639679,0.7616002559661865,-0.2578962445259094,0.11220692098140717,-0.5838356614112854,0.5575981736183167,-0.03983156383037567,0.019978148862719536,0,0.5092622637748718,0.07326254993677139,0.8489112854003906,0.7394386529922485,-0.2885052263736725,0.15731941163539886,-0.587576150894165,1
0.4749576151371002,0.08650796860456467,0.8687964677810669,0.7594814300537109,-0.2612186074256897,0.11705072969198227,-0.5841676592826843,0.5575981736183167,-0.03983156383037567,0.019978148862719536,0,0.5135812759399414,0.07162129133939743,0.8456991314888,0.7369565367698669,-0.29187342524528503,0.16232894361019135,-0.5876684188842773,1
0.47971630096435547,0.08509491384029388,0.8665007948875427,0.7573239207267761,-0.26454946398735046,0.12191679328680038,-0.5844743251800537,0.5575981736183167,-0.03983156383037567,0.019978148862719536,0,0.5178235173225403,0.06996353715658188,0.8423873782157898,0.7344487905502319,-0.2952297627925873,0.16733157634735107,-0.5877282023429871,1
0.4844370484352112,0.08365357667207718,0.8640972375869751,0.7551286220550537,-0.2678866684436798,0.12680236995220184,-0.5847550630569458,0.5575981736183167,-0.03983156383037567,0.019978148862719536,0,0.5219876170158386,0.06828957051038742,0.8389769792556763,0.7319153547286987,-0.2985735535621643,0.17232652008533478,-0.5877560377120972,1
0.4891154170036316,0.08218526840209961,0.8615859150886536,0.7528966069221497,-0.2712284028530121,0.13170494139194489,-0.585008978843689,0.5575981736183167,-0.03983156383037567,0.019978148862719536,0,0.5260729193687439,0.0666002407670021,0.835468590259552,0.7293564677238464,-0.3019053041934967,0.1773146241903305,-0.5877513885498047,1
0.4937460422515869,0.08069095760583878,0.8589680194854736,0.750629186630249,-0.2745722234249115,0.1366209238767624,-0.5852354168891907,0.5575981736183167,-0.03983156383037567,0.019978148862719536,0,0.5300775766372681,0.06489644944667816,0.831863522529602,0.7267726063728333,-0.30522459745407104,0.18229523301124573,-0.5877141356468201,1
0.49832582473754883,0.07917173951864243,0.8562434911727905,0.7483272552490234,-0.2779167592525482,0.14154863357543945,-0.5854336023330688,0.5575981736183167,-0.03983156383037567,0.019978148862719536,0,0.5339997410774231,0.06317858397960663,0.8281633257865906,0.7241638898849487,-0.30853089690208435,0.18726742267608643,-0.5876445174217224,1
0.5028513073921204,0.077628493309021,0.8534131646156311,0.7459914684295654,-0.2812609076499939,0.14648596942424774,-0.5856029391288757,0.5575981736183167,-0.03983156383037567,0.019978148862719536,0,0.5378392934799194,0.06144750863313675,0.8243681192398071,0.7215304970741272,-0.31182485818862915,0.19223207235336304,-0.5875420570373535,1
0.5073181390762329,0.07606209814548492,0.8504780530929565,0.7436227202415466,-0.2846026122570038,0.1514308750629425,-0.5857433080673218,0.5575981736183167,-0.03983156383037567,0.019978148862719536,0,0.5415935516357422,0.05970403552055359,0.8204800486564636,0.7188729643821716,-0.3151056468486786,0.19718798995018005,-0.5874069333076477,1
0.5117239356040955,0.07447361201047897,0.8474388718605042,0.7412217259407043,-0.28794121742248535,0.15638169646263123,-0.5858539342880249,0.5575981736183167,-0.03983156383037567,0.019978148862719536,0,0.5452622771263123,0.057949043810367584,0.8164995908737183,0.7161913514137268,-0.3183736503124237,0.20213569700717926,-0.5872387290000916,1
0.5160650610923767,0.07286384701728821,0.8442964553833008,0.7387893199920654,-0.2912754416465759,0.1613367646932602,-0.5859345197677612,0.5575981736183167,-0.03983156383037567,0.019978148862719536,0,0.5488440990447998,0.056182947009801865,0.8124278783798218,0.7134857773780823,-0.32162851095199585,0.2070750743150711,-0.5870374441146851,1
0.52033931016922,0.07123393565416336,0.8410518169403076,0.7363260984420776,-0.2946045398712158,0.1662949025630951,-0.5859845876693726,0.5575981736183167,-0.03983156383037567,0.019978148862719536,0,0.5523374080657959,0.054406799376010895,0.8082664608955383,0.7107567191123962,-0.3248700499534607,0.2120051383972168,-0.586803138256073,1
0.5245434641838074,0.0695846825838089,0.8377059698104858,0.7338331341743469,-0.29792699217796326,0.17125412821769714,-0.5860037803649902,0.5575981736183167,-0.03983156383037567,0.019978148862719536,0,0.555741548538208,0.052621420472860336,0.80401611328125,0.7080045938491821,-0.3280984163284302,0.2169262319803238,-0.5865354537963867,1
0.5286756753921509,0.06791713088750839,0.8342598080635071,0.7313106060028076,-0.30124229192733765,0.17621387541294098,-0.5859918594360352,0.5575981736183167,-0.03983156383037567,0.019978148862719536,0,0.5590550303459167,0.050827328115701675,0.7996783256530762,0.7052293419837952,-0.33131319284439087,0.22183792293071747,-0.5862345695495605,1
0.5327330231666565,0.06623194366693497,0.8307147026062012,0.7287591099739075,-0.30454984307289124,0.18117281794548035,-0.585948646068573,0.5575981736183167,-0.03983156383037567,0.019978148862719536,0,0.5622766613960266,0.04902556166052818,0.7952542304992676,0.7024312615394592,-0.3345145285129547,0.22674037516117096,-0.5859001874923706,1
0.5367140769958496,0.06452997773885727,0.8270713090896606,0.7261791825294495,-0.3078491687774658,0.1861306130886078,-0.5858736038208008,0.5575981736183167,-0.03983156383037567,0.019978148862719536,0,0.5654053688049316,0.04721710458397865,0.7907452583312988,0.6996108889579773,-0.3377019762992859,0.23163288831710815,-0.5855323672294617,1
0.5406157970428467,0.06281257420778275,0.8233314752578735,0.72357177734375,-0.31113892793655396,0.1910848319530487,-0.5857670307159424,0.5575981736183167,-0.03983156383037567,0.019978148862719536,0,0.5684405565261841,0.04540231078863144,0.7861519455909729,0.6967681050300598,-0.34087592363357544,0.23651576042175293,-0.5851308107376099,1
0.5444368124008179,0.0610804483294487,0.8194957375526428,0.7209370732307434,-0.3144190013408661,0.19603604078292847,-0.585628092288971,0.5575981736183167,-0.03983156383037567,0.019978148862719536,0,0.5713804364204407,0.043582335114479065,0.7814764380455017,0.6939035654067993,-0.3440357744693756,0.24138851463794708,-0.5846953988075256,1
0.5481752157211304,0.05933430790901184,0.8155655860900879,0.7182756066322327,-0.3176889419555664,0.20098277926445007,-0.5854568481445312,0.5575981736183167,-0.03983156383037567,0.019978148862719536,0,0.574224591255188,0.041758134961128235,0.7767194509506226,0.6910173296928406,-0.3471817374229431,0.24625076353549957,-0.5842262506484985,1
0.5518290996551514,0.05757514387369156,0.8115423321723938,0.7155877947807312,-0.3209482729434967,0.2059248834848404,-0.585253119468689,0.5575981736183167,-0.03983156383037567,0.019978148862719536,0,0.5769712328910828,0.039930250495672226,0.7718827724456787,0.6881097555160522,-0.35031336545944214,0.2511025369167328,-0.5837233066558838,1
0.5553966760635376,0.05580413341522217,0.8074272274971008,0.7128742933273315,-0.32419630885124207,0.2108609676361084,-0.5850167274475098,0.5575981736183167,-0.03983156383037567,0.019978148862719536,0,0.5796201825141907,0.03809965029358864,0.7669674158096313,0.6851809620857239,-0.35343077778816223,0.2559437155723572,-0.5831865072250366,1
0.558876097202301,0.05402195453643799,0.8032216429710388,0.7101355791091919,-0.32743263244628906,0.2157907485961914,-0.5847473740577698,0.5575981736183167,-0.03983156383037567,0.019978148862719536,0,0.5821698904037476,0.036267492920160294,0.761975109577179,0.6822314262390137,-0.35653388500213623,0.26077377796173096,-0.5826154947280884,1
0.5622662305831909,0.05222945660352707,0.7989267706871033,0.7073720097541809,-0.33065682649612427,0.22071366012096405,-0.5844453573226929,0.5575981736183167,-0.03983156383037567,0.019978148862719536,0,0.5846198797225952,0.034434158354997635,0.7569065093994141,0.6792615056037903,-0.3596223294734955,0.2655928134918213,-0.5820103287696838,1
0.5655658841133118,0.05042791739106178,0.7945438027381897,0.7045838832855225,-0.3338690400123596,0.2256290465593338,-0.584109902381897,0.5575981736183167,-0.03983156383037567,0.019978148862719536,0,0.5869688391685486,0.032600779086351395,0.7517635822296143,0.6762709617614746,-0.36269646883010864,0.2704007923603058,-0.5813709497451782,1
0.5687722563743591,0.04861784353852272,0.7900747060775757,0.7017718553543091,-0.3370683789253235,0.23053613305091858,-0.5837416052818298,0.5575981736183167,-0.03983156383037567,0.019978148862719536,0,0.5892163515090942,0.030768470838665962,0.7465474605560303,0.6732606887817383,-0.3657557964324951,0.27519690990448,-0.580697238445282,1
0.5718856453895569,0.046800170093774796,0.785520076751709,0.6989361047744751,-0.3402547240257263,0.23543496429920197,-0.5833397507667542,0.5575981736183167,-0.03983156383037567,0.019978148862719536,0,0.5914919376373291,0.028823308646678925,0.7409268021583557,0.670040488243103,-0.36899006366729736,0.28028014302253723,-0.5799439549446106,1
0.5749108791351318,0.044968802481889725,0.7808636426925659,0.696064829826355,-0.34344038367271423,0.24034391343593597,-0.582904040813446,0.5575981736183167,-0.03983156383037567,0.019978148862719536,0,0.5936508178710938,0.026881197467446327,0.7352266311645508,0.6667982935905457,-0.3722076714038849,0.2853502333164215,-0.5791515707969666,1
0.5778508186340332,0.04312269389629364,0.7761012315750122,0.6931552886962891,-0.34662818908691406,0.2452673465013504,-0.5824331641197205,0.5575981736183167,-0.03983156383037567,0.019978148862719536,0,0.5956916809082031,0.024943247437477112,0.729449450969696,0.6635347008705139,-0.3754080533981323,0.290406197309494,-0.5783205628395081,1
0.5807048678398132,0.0412621945142746,0.7712323069572449,0.6902081966400146,-0.34981769323349,0.25020551681518555,-0.581925630569458,0.5575981736183167,-0.03983156383037567,0.019978148862719536,0,0.5976138114929199,0.02301051840186119,0.723596453666687,0.6602498888969421,-0.3785911798477173,0.29544806480407715,-0.5774506330490112,1
0.583470344543457,0.03938925638794899,0.7662584185600281,0.687224268913269,-0.35300761461257935,0.2551559507846832,-0.5813809037208557,0.5575981736183167,-0.03983156383037567,0.019978148862719536,0,0.5994164943695068,0.02108457311987877,0.7176696062088013,0.6569443345069885,-0.38175714015960693,0.3004756271839142,-0.5765413641929626,1
0.5861448049545288,0.03750539571046829,0.7611806988716125,0.6842052340507507,-0.35619670152664185,0.26011720299720764,-0.5807976722717285,0.5575981736183167,-0.03983156383037567,0.019978148862719536,0,0.6010991334915161,0.019165631383657455,0.7116700410842896,0.6536179184913635,-0.3849060535430908,0.30548954010009766,-0.5755928158760071,1
0.5887250304222107,0.035611845552921295,0.7560018301010132,0.6811517477035522,-0.35938331484794617,0.26508691906929016,-0.5801765322685242,0.5575981736183167,-0.03983156383037567,0.019978148862719536,0,0.6026602387428284,0.017255324870347977,0.7056005597114563,0.650271475315094,-0.3880370259284973,0.31048819422721863,-0.574605405330658,1
0.5912070274353027,0.03371083363890648,0.7507248520851135,0.6780654788017273,-0.36256563663482666,0.27006226778030396,-0.5795166492462158,0.5575981736183167,-0.03983156383037567,0.019978148862719536,0,0.6040995717048645,0.015354725532233715,0.6994621157646179,0.6469050049781799,-0.39115068316459656,0.31547221541404724,-0.5735784769058228,1
0.5935888290405273,0.031803570687770844,0.7453516721725464,0.6749475598335266,-0.36574235558509827,0.2750418484210968,-0.5788179039955139,0.5575981736183167,-0.03983156383037567,0.019978148862719536,0,0.6054159998893738,0.013464996591210365,0.6932573914527893,0.6435191631317139,-0.394246369600296,0.3204408586025238,-0.5725124478340149,1
0.5958667993545532,0.029892150312662125,0.7398856282234192,0.6717990040779114,-0.36891236901283264,0.2800230085849762,-0.5780801773071289,0.5575981736183167,-0.03983156383037567,0.019978148862719536,0,0.6066092252731323,0.011587492190301418,0.6869873404502869,0.6401141285896301,-0.3973245322704315,0.3253942131996155,-0.5714067220687866,1
0.5980386734008789,0.027977827936410904,0.7343288660049438,0.6686211228370667,-0.37207406759262085,0.2850043475627899,-0.5773033499717712,0.5575981736183167,-0.03983156383037567,0.019978148862719536,0,0.6076786518096924,0.009722789749503136,0.6806542277336121,0.6366901993751526,-0.40038448572158813,0.33033210039138794,-0.5702617168426514,1
0.6001017689704895,0.026062458753585815,0.7286844849586487,0.6654146909713745,-0.3752266764640808,0.2899838387966156,-0.5764872431755066,0.5575981736183167,-0.03983156383037567,0.019978148862719536,0,0.6086230874061584,0.007872366346418858,0.6742600798606873,0.6332479119300842,-0.4034264087677002,0.33525413274765015,-0.56907719373703,1
0.6020539999008179,0.024147409945726395,0.7229549288749695,0.6621809005737305,-0.3783688545227051,0.29495975375175476,-0.575631856918335,0.5575981736183167,-0.03983156383037567,0.019978148862719536,0,0.609442412853241,0.006037307903170586,0.6678066253662109,0.6297870874404907,-0.4064503610134125,0.3401600420475006,-0.5678532719612122,1
0.6038926839828491,0.022234361618757248,0.7171433568000793,0.6589207649230957,-0.3814995586872101,0.2999305725097656,-0.5747373104095459,0.5575981736183167,-0.03983156383037567,0.019978148862719536,0,0.6101358532905579,0.004219016991555691,0.6612959504127502,0.6263090968132019,-0.4094555974006653,0.3450496196746826,-0.5665894150733948,1
0.6056164503097534,0.020325079560279846,0.7112517356872559,0.6556351780891418,-0.38461819291114807,0.3048950433731079,-0.5738032460212708,0.5575981736183167,-0.03983156383037567,0.019978148862719536,0,0.6107029914855957,0.0024181343615055084,0.6547296643257141,0.6228134036064148,-0.4124424159526825,0.3499224781990051,-0.5652864575386047,1
0.6072232127189636,0.018420390784740448,0.705282986164093,0.6523246765136719,-0.3877241015434265,0.30985227227211,-0.5728297829627991,0.5575981736183167,-0.03983156383037567,0.019978148862719536,0,0.6111432909965515,0.0006360374391078949,0.648110032081604,0.6193006634712219,-0.41541075706481934,0.3547786772251129,-0.5639438033103943,1
0.6087114214897156,0.016522105783224106,0.6992396712303162,0.6489903330802917,-0.39081600308418274,0.3148004114627838,-0.5718173384666443,0.5575981736183167,-0.03983156383037567,0.019978148862719536,0,0.6114566326141357,-0.0011261655017733574,0.6414383053779602,0.6157711148262024,-0.41836050152778625,0.35961824655532837,-0.5625610947608948,1
0.6100799441337585,0.014631611295044422,0.6931235790252686,0.6456327438354492,-0.3938937783241272,0.3197391927242279,-0.5707650780677795,0.5575981736183167,-0.03983156383037567,0.019978148862719536,0,0.6116423606872559,-0.0028672870248556137,0.6347175240516663,0.612225353717804,-0.4212912321090698,0.3644402027130127,-0.5611389875411987,1
0.6113271117210388,0.012750362046062946,0.6869381666183472,0.6422527432441711,-0.3969564437866211,0.32466718554496765,-0.5696737170219421,0.5575981736183167,-0.03983156383037567,0.019978148862719536,0,0.611700177192688,-0.00458602886646986,0.6279484629631042,0.6086635589599609,-0.42420336604118347,0.36924514174461365,-0.5596767663955688,1
0.6124520301818848,0.01087948027998209,0.6806846857070923,0.6388508677482605,-0.40000399947166443,0.329584002494812,-0.5685425996780396,0.5575981736183167,-0.03983156383037567,0.019978148862719536,0,0.6116297841072083,-0.006281638517975807,0.6211338043212891,0.6050860285758972,-0.42709627747535706,0.3740321695804596,-0.5581752061843872,1
0.613453209400177,0.00902090035378933,0.6743665337562561,0.6354280114173889,-0.4030357003211975,0.33448803424835205,-0.5673720836639404,0.5575981736183167,-0.03983156383037567,0.019978148862719536,0,0.6114307045936584,-0.007952740415930748,0.6142755746841431,0.6014932990074158,-0.4299699664115906,0.37880128622055054,-0.556633710861206,1
0.6143302321434021,0.007175217382609844,0.667985200881958,0.6319846510887146,-0.4060507118701935,0.33937934041023254,-0.5661622881889343,0.5575981736183167,-0.03983156383037567,0.019978148862719536,0,0.6111029982566833,-0.009598281234502792,0.6073755621910095,0.5978856086730957,-0.4328245520591736,0.3835524320602417,-0.5550523996353149,1
0.6150819063186646,0.0053441524505615234,0.6615431904792786,0.6285212635993958,-0.40904930233955383,0.34425702691078186,-0.5649129152297974,0.5575981736183167,-0.03983156383037567,0.019978148862719536,0,0.6106462478637695,-0.011216916143894196,0.6004360914230347,0.5942633748054504,-0.43565964698791504,0.3882850110530853,-0.553431510925293,1
0.6157071590423584,0.003528864122927189,0.6550436019897461,0.6250388026237488,-0.41203051805496216,0.3491201400756836,-0.563624382019043,0.5575981736183167,-0.03983156383037567,0.019978148862719536,0,0.6100602746009827,-0.012807557359337807,0.5934585332870483,0.5906270146369934,-0.4384754002094269,0.3929990530014038,-0.5517705678939819,1
0.6162055730819702,0.0017307903617620468,0.6484878063201904,0.6215375661849976,-0.41499435901641846,0.3539683222770691,-0.5622963309288025,0.5575981736183167,-0.03983156383037567,0.019978148862719536,0,0.6093456149101257,-0.014369446784257889,0.586445152759552,0.5869767665863037,-0.4412713944911957,0.39769455790519714,-0.5500697493553162,1
0.6165762543678284,-4.8723071813583374e-05,0.6418787837028503,0.6180183291435242,-0.4179401397705078,0.3588007390499115,-0.5609289407730103,0.5575981736183167,-0.03983156383037567,0.019978148862719536,0,0.6085011959075928,-0.015901170670986176,0.5793980360031128,0.5833127498626709,-0.44404807686805725,0.4023711085319519,-0.5483292937278748,1
0.6168193817138672,-0.0018088016659021378,0.6352173686027527,0.6144811511039734,-0.42086827754974365,0.36361783742904663,-0.5595218539237976,0.5575981736183167,-0.03983156383037567,0.019978148862719536,0,0.6075276136398315,-0.01740160956978798,0.5723194479942322,0.5796359777450562,-0.4468047022819519,0.4070279598236084,-0.5465489625930786,1
0.6169335842132568,-0.003547944128513336,0.6285074353218079,0.6109270453453064,-0.42377781867980957,0.3684178292751312,-0.5580758452415466,0.5575981736183167,-0.03983156383037567,0.019978148862719536,0,0.6064246296882629,-0.018869441002607346,0.565211296081543,0.5759465098381042,-0.44954150915145874,0.4116654694080353,-0.5447289347648621,1
0.6169189810752869,-0.005265078507363796,0.6217498779296875,0.6073562502861023,-0.42666882276535034,0.3732015788555145,-0.55659019947052,0.5575981736183167,-0.03983156383037567,0.019978148862719536,0,0.6051924824714661,-0.02030407264828682,0.5580751895904541,0.5722442269325256,-0.4522584080696106,0.41628357768058777,-0.5428689122200012,1
0.6167749762535095,-0.0069587938487529755,0.6149479150772095,0.6037692427635193,-0.4295409619808197,0.3779675364494324,-0.5550655126571655,0.5575981736183167,-0.03983156383037567,0.019978148862719536,0,0.6038312911987305,-0.02170414850115776,0.5509133338928223,0.5685300827026367,-0.4549552798271179,0.42088189721107483,-0.5409691333770752,1
0.6165014505386353,-0.008627894334495068,0.6081027388572693,0.6001666784286499,-0.4323943257331848,0.38271626830101013,-0.5535010099411011,0.5575981736183167,-0.03983156383037567,0.019978148862719536,0,0.6023407578468323,-0.023068539798259735,0.5437283515930176,0.5648044347763062,-0.45763158798217773,0.42545995116233826,-0.5390297174453735,1
0.6160981059074402,-0.010271336883306503,0.6012172102928162,0.5965489149093628,-0.43522804975509644,0.3874467611312866,-0.5518974661827087,0.5575981736183167,-0.03983156383037567,0.019978148862719536,0,0.6007214784622192,-0.024396207183599472,0.5365213751792908,0.5610672235488892,-0.4602878987789154,0.43001776933670044,-0.5370504260063171,1
0.6155645847320557,-0.011887786909937859,0.5942935347557068,0.5929163694381714,-0.438042551279068,0.39215877652168274,-0.550254762172699,0.5575981736183167,-0.03983156383037567,0.019978148862719536,0,0.5989733338356018,-0.025685811415314674,0.5292955636978149,0.5573194026947021,-0.46292367577552795,0.434554785490036,-0.5350314974784851,1
0.6149008274078369,-0.013476047664880753,0.5873335003852844,0.5892695188522339,-0.440837562084198,0.3968520164489746,-0.5485727190971375,0.5575981736183167,-0.03983156383037567,0.019978148862719536,0,0.5970966815948486,-0.02693677507340908,0.5220522880554199,0.5535607933998108,-0.4655390977859497,0.4390712082386017,-0.532973051071167,1
0.6141065955162048,-0.015034917742013931,0.5803398489952087,0.5856091380119324,-0.4436125159263611,0.40152573585510254,-0.5468517541885376,0.5575981736183167,-0.03983156383037567,0.019978148862719536,0,0.5950918197631836,-0.028147822245955467,0.514793336391449,0.5497918128967285,-0.4681338965892792,0.4435668885707855,-0.5308746099472046,1
0.613182008266449,-0.01656348817050457,0.5733140110969543,0.5819352269172668,-0.4463675022125244,0.40618041157722473,-0.5450916290283203,0.5575981736183167,-0.03983156383037567,0.019978148862719536,0,0.5929593443870544,-0.02931790240108967,0.5075211524963379,0.5460132956504822,-0.47070786356925964,0.4480413496494293,-0.5287366509437561,1
0.6121272444725037,-0.018060490489006042,0.566258430480957,0.5782483816146851,-0.44910258054733276,0.4108152687549591,-0.543292224407196,0.5575981736183167,-0.03983156383037567,0.019978148862719536,0,0.5906992554664612,-0.030445966869592667,0.5002375841140747,0.5422249436378479,-0.4732613265514374,0.45249471068382263,-0.5265588760375977,1
0.6109420657157898,-0.0195244662463665,0.5591750144958496,0.5745489597320557,-0.45181745290756226,0.41543009877204895,-0.5414537787437439,0.5575981736183167,-0.03983156383037567,0.019978148862719536,0,0.5883122086524963,-0.03153084218502045,0.49294513463974,0.5384278297424316,-0.4757937788963318,0.45692604780197144,-0.5243417024612427,1
0.6096268892288208,-0.020954910665750504,0.5520662665367126,0.5708374381065369,-0.454511821269989,0.42002466320991516,-0.5395764708518982,0.5575981736183167,-0.03983156383037567,0.019978148862719536,0,0.5857983827590942,-0.03257184848189354,0.4856449365615845,0.5346215963363647,-0.4783053696155548,0.46133604645729065,-0.5220848917961121,1
0.6081815361976624,-0.022350123152136803,0.5449340343475342,0.5671141743659973,-0.4571860432624817,0.42459872364997864,-0.5376600623130798,0.5575981736183167,-0.03983156383037567,0.019978148862719536,0,0.5831581354141235,-0.033567432314157486,0.4783402979373932,0.5308074355125427,-0.48079580068588257,0.46572357416152954,-0.5197888016700745,1
0.6066064238548279,-0.023709358647465706,0.5377807021141052,0.5633798837661743,-0.45983922481536865,0.4291518032550812,-0.5357047915458679,0.5575981736183167,-0.03983156383037567,0.019978148862719536,0,0.5803923606872559,-0.034517236053943634,0.4710323214530945,0.5269848108291626,-0.4832651913166046,0.4700893461704254,-0.5174530744552612,1
0.6049017310142517,-0.025031309574842453,0.5306078195571899,0.5596346259117126,-0.46247193217277527,0.4336839020252228,-0.5337105393409729,0.5575981736183167,-0.03983156383037567,0.019978148862719536,0,0.5775015354156494,-0.03541978448629379,0.4637235403060913,0.5231547951698303,-0.48571333289146423,0.47443240880966187,-0.515078067779541,1
0.6030677556991577,-0.026315132156014442,0.5234177708625793,0.5558786988258362,-0.46508392691612244,0.43819481134414673,-0.5316774845123291,0.5575981736183167,-0.03983156383037567,0.019978148862719536,0,0.5744860768318176,-0.036274418234825134,0.4564155638217926,0.5193175673484802,-0.4881400167942047,0.47875314950942993,-0.5126636028289795,1
0.6011046767234802,-0.027559500187635422,0.5162131786346436,0.5521129965782166,-0.4676746428012848,0.4426840841770172,-0.5296058058738708,0.5575981736183167,-0.03983156383037567,0.019978148862719536,0,0.571346640586853,-0.0370800755918026,0.44911083579063416,0.5154732465744019,-0.490545392036438,0.4830509126186371,-0.5102099776268005,1
0.5990129709243774,-0.028763383626937866,0.5089952349662781,0.5483377575874329,-0.4702446162700653,0.44715163111686707,-0.5274951457977295,0.5575981736183167,-0.03983156383037567,0.019978148862719536,0,0.5680838823318481,-0.0378357395529747,0.4418115019798279,0.5116223692893982,-0.4929293990135193,0.4873257875442505,-0.5077171921730042,1
0.5967929363250732,-0.02992602065205574,0.5017668008804321,0.5445531010627747,-0.47279322147369385,0.4515968859195709,-0.5253461599349976,0.5575981736183167,-0.03983156383037567,0.019978148862719536,0,0.5646986961364746,-0.03854053467512131,0.43451881408691406,0.5077652931213379,-0.4952918589115143,0.4915775656700134,-0.5051850080490112,1
0.5944452881813049,-0.031045909970998764,0.494529128074646,0.5407595634460449,-0.47532087564468384,0.45602020621299744,-0.5231583118438721,0.5575981736183167,-0.03983156383037567,0.019978148862719536,0,0.5611917972564697,-0.03919339179992676,0.4272357225418091,0.5039025545120239,-0.4976326525211334,0.4958055913448334,-0.50261390209198,1
0.5919704437255859,-0.03212255239486694,0.48728489875793457,0.5369577407836914,-0.47782692313194275,0.4604209363460541,-0.5209320187568665,0.5575981736183167,-0.03983156383037567,0.019978148862719536,0,0.5575637817382812,-0.039793699979782104,0.41996335983276367,0.5000340938568115,-0.4999518394470215,0.50001060962677,-0.500003457069397,1
0.5893688201904297,-0.03315488249063492,0.4800355136394501,0.5331474542617798,-0.4803118109703064,0.4647994637489319,-0.5186673998832703,0.5575981736183167,-0.03983156383037567,0.019978148862719536,0,0.5893688201904297,-0.03315488249063492,0.4800355136394501,0.5331474542617798,-0.4803118109703064,0.4647994637489319,-0.5186673998832703,1
0.5877267122268677,-0.03336503356695175,0.47273576259613037,0.5302187204360962,-0.4829820692539215,0.46976137161254883,-0.5147042870521545,0.5575981736183167,-0.03983156383037567,0.019978148862719536,0,0.5896533727645874,-0.033380135893821716,0.4775669574737549,0.5328149199485779,-0.4805176556110382,0.46516263484954834,-0.518492579460144,1
0.5871877670288086,-0.033188723027706146,0.4654673933982849,0.5276931524276733,-0.4857505261898041,0.4744608700275421,-0.5103656053543091,0.5575981736183167,-0.03983156383037567,0.019978148862719536,0,0.5899252891540527,-0.03360243886709213,0.47509849071502686,0.5324822664260864,-0.48072344064712524,0.46552589535713196,-0.5183175206184387,1
0.5871573686599731,-0.033091768622398376,0.45882701873779297,0.5254860520362854,-0.48816946148872375,0.4785408675670624,-0.5065112113952637,0.5575981736183167,-0.03983156383037567,0.019978148862719536,0,0.5901840329170227,-0.03382160887122154,0.4726311266422272,0.5321497917175293,-0.48092901706695557,0.4658886194229126,-0.5181424021720886,1
0.5872920155525208,-0.03308456018567085,0.4531855583190918,0.5236538052558899,-0.49011436104774475,0.48185452818870544,-0.503379225730896,0.5575981736183167,-0.03983156383037567,0.019978148862719536,0,0.590429961681366,-0.03403778001666069,0.470164030790329,0.5318169593811035,-0.4811345636844635,0.4662517011165619,-0.517966628074646,1
0.5875117778778076,-0.03313475847244263,0.44865739345550537,0.5222411155700684,-0.49156954884529114,0.484351247549057,-0.5010262727737427,0.5575981736183167,-0.03983156383037567,0.019978148862719536,0,0.5906628966331482,-0.034250855445861816,0.46769818663597107,0.5314843654632568,-0.48133984208106995,0.46661412715911865,-0.5177909135818481,1
0.5878109931945801,-0.03322747349739075,0.4452764391899109,0.5212687849998474,-0.49254095554351807,0.48602256178855896,-0.4994639754295349,0.5575981736183167,-0.03983156383037567,0.019978148862719536,0,0.5908828973770142,-0.0344608873128891,0.4652330279350281,0.5311515927314758,-0.48154500126838684,0.46697667241096497,-0.5176147818565369,1
0.5882036685943604,-0.03335893526673317,0.4430488646030426,0.5207445025444031,-0.4930381774902344,0.48687395453453064,-0.49869054555892944,0.5575981736183167,-0.03983156383037567,0.019978148862719536,0,0.5910899043083191,-0.03466778248548508,0.4627690315246582,0.53081876039505,-0.4817500114440918,0.46733909845352173,-0.5174384117126465,1
0.5887033939361572,-0.03352932631969452,0.44197309017181396,0.5206688046455383,-0.49306830763816833,0.486914724111557,-0.4986998736858368,0.5575981736183167,-0.03983156383037567,0.019978148862719536,0,0.5912842154502869,-0.03487163782119751,0.4603058099746704,0.5304858088493347,-0.48195505142211914,0.4677012860774994,-0.5172615051269531,1
0.5893188118934631,-0.033739253878593445,0.442044734954834,0.5210383534431458,-0.4926367700099945,0.48615291714668274,-0.4994831085205078,0.5575981736183167,-0.03983156383037567,0.019978148862719536,0,0.591465413570404,-0.03507237881422043,0.4578436613082886,0.5301529169082642,-0.48215970396995544,0.46806350350379944,-0.5170844197273254,1
0.5898500084877014,-0.03395797312259674,0.4426434636116028,0.5216238498687744,-0.49195748567581177,0.48498356342315674,-0.5006767511367798,0.5575981736183167,-0.03983156383037567,0.019978148862719536,0,0.5916339755058289,-0.03527001291513443,0.4553828239440918,0.5298200249671936,-0.4823644459247589,0.46842527389526367,-0.5169071555137634,1
0.5902606248855591,-0.03415589779615402,0.4432208836078644,0.5222172141075134,-0.49125784635543823,0.4837801158428192,-0.5019078850746155,0.5575981736183167,-0.03983156383037567,0.019978148862719536,0,0.5917893052101135,-0.035464487969875336,0.4529232978820801,0.5294868350028992,-0.4825688898563385,0.46878716349601746,-0.516729474067688,1
0.5906047821044922,-0.034337181597948074,0.44360822439193726,0.5227574706077576,-0.4906085133552551,0.4826577603816986,-0.5030599236488342,0.5575981736183167,-0.03983156383037567,0.019978148862719536,0,0.5919322371482849,-0.03565593808889389,0.45046496391296387,0.5291538834571838,-0.4827732443809509,0.4691486954689026,-0.5165515542030334,1
0.5909116268157959,-0.034510672092437744,0.44375374913215637,0.5232243537902832,-0.49002987146377563,0.48165467381477356,-0.5040989518165588,0.5575981736183167,-0.03983156383037567,0.019978148862719536,0,0.5920619368553162,-0.03584388270974159,0.448008269071579,0.5288208723068237,-0.4829775094985962,0.4695099890232086,-0.5163733959197998,1
0.591195821762085,-0.0346820093691349,0.44365015625953674,0.5236139893531799,-0.4895251393318176,0.48077961802482605,-0.5050191879272461,0.5575981736183167,-0.03983156383037567,0.019978148862719536,0,0.5921789407730103,-0.036029063165187836,0.44555312395095825,0.5284878611564636,-0.48318150639533997,0.4698711931705475,-0.5161948204040527,1
0.5914632081985474,-0.03485375642776489,0.44331008195877075,0.5239292979240417,-0.4890917241573334,0.4800283908843994,-0.5058259963989258,0.5575981736183167,-0.03983156383037567,0.019978148862719536,0,0.5922831296920776,-0.036211058497428894,0.4430992007255554,0.5281546711921692,-0.4833853542804718,0.47023239731788635,-0.5160161852836609,1
0.5917171239852905,-0.035026997327804565,0.44275128841400146,0.5241758823394775,-0.4887242615222931,0.479392945766449,-0.5065280199050903,0.5575981736183167,-0.03983156383037567,0.019978148862719536,0,0.5923745632171631,-0.03638988360762596,0.4406471252441406,0.52782142162323,-0.48358920216560364,0.47059333324432373,-0.5158370733261108,1
0.5919585824012756,-0.03520172834396362,0.44199371337890625,0.5243600010871887,-0.4884168207645416,0.47886282205581665,-0.5071350336074829,0.5575981736183167,-0.03983156383037567,0.019978148862719536,0,0.5924530625343323,-0.03656552731990814,0.4381970763206482,0.5274882316589355,-0.48379263281822205,0.4709540903568268,-0.515657901763916,1
0.5921878814697266,-0.035377759486436844,0.4410577118396759,0.5244884490966797,-0.4881632924079895,0.47842738032341003,-0.5076569318771362,0.5575981736183167,-0.03983156383037567,0.019978148862719536,0,0.5925189852714539,-0.03673810511827469,0.43574821949005127,0.5271549820899963,-0.4839962124824524,0.47131478786468506,-0.5154781341552734,1
0.5924050211906433,-0.03555469214916229,0.4399610459804535,0.5245664715766907,-0.4879586100578308,0.4780776798725128,-0.508102536201477,0.5575981736183167,-0.03983156383037567,0.019978148862719536,0,0.5925719738006592,-0.03690745681524277,0.43330150842666626,0.526821494102478,-0.48419952392578125,0.47167545557022095,-0.5152981877326965,1
0.5926092267036438,-0.035732168704271317,0.43872150778770447,0.5245999097824097,-0.4877973794937134,0.47780388593673706,-0.5084801912307739,0.5575981736183167,-0.03983156383037567,0.019978148862719536,0,0.5926122665405273,-0.037073612213134766,0.4308565557003021,0.5264880657196045,-0.48440274596214294,0.47203585505485535,-0.5151178240776062,1
0.5928006172180176,-0.035909611731767654,0.4373535215854645,0.5245934724807739,-0.48767513036727905,0.4775986075401306,-0.5087968707084656,0.5575981736183167,-0.03983156383037567,0.019978148862719536,0,0.5926398038864136,-0.03723660111427307,0.42841416597366333,0.5261546969413757,-0.4846055507659912,0.4723958671092987,-0.5149375796318054,1
0.5929789543151855,-0.036086294800043106,0.4358707666397095,0.524551510810852,-0.48758774995803833,0.47745418548583984,-0.5090592503547668,0.5575981736183167,-0.03983156383037567,0.019978148862719536,0,0.5926547646522522,-0.03739641606807709,0.42597323656082153,0.5258210897445679,-0.48480868339538574,0.47275614738464355,-0.5147563815116882,1
0.5931433439254761,-0.036262400448322296,0.43428629636764526,0.5244778394699097,-0.48753151297569275,0.47736412286758423,-0.5092734098434448,0.5575981736183167,-0.03983156383037567,0.019978148862719536,0,0.5926568508148193,-0.037553004920482635,0.42353498935699463,0.5254876613616943,-0.4850112795829773,0.4731159806251526,-0.5145756006240845,1
0.5932937860488892,-0.03643732890486717,0.43261072039604187,0.5243759751319885,-0.4875030219554901,0.47732263803482056,-0.5094444751739502,0.5575981736183167,-0.03983156383037567,0.019978148862719536,0,0.5926463603973389,-0.03770644962787628,0.4210985004901886,0.5251540541648865,-0.485213965177536,0.4734756648540497,-0.5143941640853882,1
0.5934301614761353,-0.03661104291677475,0.4308539032936096,0.5242488384246826,-0.4874991476535797,0.477324515581131,-0.509577214717865,0.5575981736183167,-0.03983156383037567,0.019978148862719536,0,0.5926231145858765,-0.037856608629226685,0.418664813041687,0.5248205065727234,-0.4854162633419037,0.4738351106643677,-0.5142127871513367,1
0.5935521721839905,-0.03678280860185623,0.42902424931526184,0.5240991711616516,-0.4875175952911377,0.4773652255535126,-0.5096752643585205,0.5575981736183167,-0.03983156383037567,0.019978148862719536,0,0.592587411403656,-0.03800361976027489,0.4162330627441406,0.524486780166626,-0.4856185019016266,0.4741947054862976,-0.5140307545661926,1
0.5936594605445862,-0.03695250675082207,0.42713069915771484,0.5239297151565552,-0.4875558316707611,0.4774402379989624,-0.509742796421051,0.5575981736183167,-0.03983156383037567,0.019978148862719536,0,0.5925389528274536,-0.03814758360385895,0.4138040840625763,0.5241530537605286,-0.4858205020427704,0.4745539128780365,-0.5138486623764038,1
0.5937520861625671,-0.03712018206715584,0.42517951130867004,0.5237421989440918,-0.48761165142059326,0.47754615545272827,-0.5097829103469849,0.5575981736183167,-0.03983156383037567,0.019978148862719536,0,0.5924779176712036,-0.03828812390565872,0.4113776981830597,0.5238193273544312,-0.486022412776947,0.474913090467453,-0.5136662125587463,1
0.5938297510147095,-0.03728526085615158,0.42317771911621094,0.5235388278961182,-0.487682968378067,0.47767922282218933,-0.5097987651824951,0.5575981736183167,-0.03983156383037567,0.019978148862719536,0,0.5924041867256165,-0.038425419479608536,0.4089536666870117,0.523485541343689,-0.48622435331344604,0.4752720594406128,-0.5134832262992859,1
0.5938927531242371,-0.03744778409600258,0.42113038897514343,0.5233213305473328,-0.4877684414386749,0.4778367578983307,-0.509792685508728,0.5575981736183167,-0.03983156383037567,0.019978148862719536,0,0.592318058013916,-0.038559503853321075,0.40653228759765625,0.5231516361236572,-0.48642611503601074,0.4756310284137726,-0.5133000612258911,1
0.5939404964447021,-0.03760768473148346,0.4190436005592346,0.5230912566184998,-0.4878661036491394,0.4780157804489136,-0.5097676515579224,0.5575981736183167,-0.03983156383037567,0.019978148862719536,0,0.5922192931175232,-0.03869033604860306,0.40411388874053955,0.5228179097175598,-0.48662763833999634,0.4759894907474518,-0.5131168365478516,1
0.5939735770225525,-0.037764742970466614,0.4169207811355591,0.5228497385978699,-0.48797497153282166,0.47821423411369324,-0.5097249746322632,0.5575981736183167,-0.03983156383037567,0.019978148862719536,0,0.5921080112457275,-0.03881791979074478,0.4016979932785034,0.5224838256835938,-0.48682913184165955,0.47634825110435486,-0.5129329562187195,1
0.5939915776252747,-0.03791876882314682,0.4147668182849884,0.5225982666015625,-0.488093763589859,0.4784298539161682,-0.5096667408943176,0.5575981736183167,-0.03983156383037567,0.019978148862719536,0,0.5919841527938843,-0.03894221782684326,0.3992854654788971,0.5221500396728516,-0.48703035712242126,0.47670647501945496,-0.5127490162849426,1
0.5939947962760925,-0.03806965425610542,0.4125852584838867,0.5223380327224731,-0.4882213771343231,0.47866055369377136,-0.509594738483429,0.5575981736183167,-0.03983156383037567,0.019978148862719536,0,0.5918479561805725,-0.03906334564089775,0.39687564969062805,0.521816074848175,-0.48723140358924866,0.4770645797252655,-0.512565016746521,1
0.5939830541610718,-0.038217730820178986,0.4103791117668152,0.5220696330070496,-0.4883565306663513,0.4789050817489624,-0.5095105767250061,0.5575981736183167,-0.03983156383037567,0.019978148862719536,0,0.5916991233825684,-0.03918112814426422,0.39446917176246643,0.5214822292327881,-0.4874322712421417,0.4774223864078522,-0.5123805403709412,1
0.5939566493034363,-0.03836226463317871,0.4081515669822693,0.5217940807342529,-0.4884987771511078,0.47916179895401,-0.5094151496887207,0.5575981736183167,-0.03983156383037567,0.019978148862719536,0,0.59153813123703,-0.039295732975006104,0.392065167427063,0.5211480259895325,-0.48763322830200195,0.47778061032295227,-0.5121955871582031,1
0.5939154624938965,-0.0385039746761322,0.40590500831604004,0.5215121507644653,-0.48864713311195374,0.47942930459976196,-0.5093099474906921,0.5575981736183167,-0.03983156383037567,0.019978148862719536,0,0.5913645029067993,-0.03940698876976967,0.38966506719589233,0.520814061164856,-0.48783379793167114,0.4781380891799927,-0.5120105743408203,1
0.593859851360321,-0.03864220529794693,0.4036419987678528,0.5212244987487793,-0.4888010025024414,0.47970640659332275,-0.5091957449913025,0.5575981736183167,-0.03983156383037567,0.019978148862719536,0,0.5911785960197449,-0.039514996111392975,0.3872678875923157,0.5204799175262451,-0.48803427815437317,0.47849562764167786,-0.5118252038955688,1
0.5937896966934204,-0.03877713903784752,0.40136459469795227,0.5209318399429321,-0.4889599084854126,0.4799917936325073,-0.5090736150741577,0.5575981736183167,-0.03983156383037567,0.019978148862719536,0,0.5909802317619324,-0.039619725197553635,0.3848744034767151,0.520145833492279,-0.48823463916778564,0.4788529574871063,-0.5116395950317383,1
0.5937051177024841,-0.03890889137983322,0.3990752100944519,0.5206347107887268,-0.48912280797958374,0.48028478026390076,-0.5089448094367981,0.5575981736183167,-0.03983156383037567,0.019978148862719536,0,0.5907695889472961,-0.03972119465470314,0.38248372077941895,0.5198115706443787,-0.4884348511695862,0.4792102575302124,-0.5114536285400391,1
0.5936062932014465,-0.03903713449835777,0.39677494764328003,0.5203335881233215,-0.48928946256637573,0.4805845022201538,-0.5088096261024475,0.5575981736183167,-0.03983156383037567,0.019978148862719536,0,0.5905465483665466,-0.03981935232877731,0.38009703159332275,0.5194774270057678,-0.4886349141597748,0.4795672595500946,-0.5112674236297607,1
0.5934932231903076,-0.03916215896606445,0.39446544647216797,0.520028829574585,-0.48945969343185425,0.480890154838562,-0.5086687207221985,0.5575981736183167,-0.03983156383037567,0.019978148862719536,0,0.5903112292289734,-0.03991422802209854,0.3777136206626892,0.5191429853439331,-0.48883485794067383,0.4799242615699768,-0.5110808610916138,1
0.5933661460876465,-0.03928355127573013,0.39214828610420227,0.5197209715843201,-0.48963284492492676,0.4812009334564209,-0.5085226893424988,0.5575981736183167,-0.03983156383037567,0.019978148862719536,0,0.590063750743866,-0.040005847811698914,0.3753337264060974,0.5188086628913879,-0.48903459310531616,0.4802810847759247,-0.5108940005302429,1
0.593225359916687,-0.039401791989803314,0.3898244798183441,0.5194101333618164,-0.4898085594177246,0.4815165400505066,-0.5083722472190857,0.5575981736183167,-0.03983156383037567,0.019978148862719536,0,0.58980393409729,-0.04009409621357918,0.37295764684677124,0.5184743404388428,-0.4892342686653137,0.48063763976097107,-0.5107068419456482,1
0.5930704474449158,-0.03951659053564072,0.3874955177307129,0.5190969705581665,-0.4899865686893463,0.48183608055114746,-0.5082178115844727,0.5575981736183167,-0.03983156383037567,0.019978148862719536,0,0.5895317792892456,-0.040179066359996796,0.370585560798645,0.5181399583816528,-0.48943373560905457,0.4809940457344055,-0.5105196237564087,1
0.5929019451141357,-0.039627838879823685,0.3851619362831116,0.5187814235687256,-0.4901667535305023,0.4821593761444092,-0.5080597400665283,0.5575981736183167,-0.03983156383037567,0.019978148862719536,0,0.5892477035522461,-0.04026077315211296,0.36821722984313965,0.5178054571151733,-0.48963314294815063,0.4813503921031952,-0.5103318095207214,1
0.5927198529243469,-0.03973573446273804,0.38282492756843567,0.5184638500213623,-0.49034881591796875,0.48248589038848877,-0.507898211479187,0.5575981736183167,-0.03983156383037567,0.019978148862719536,0,0.5889513492584229,-0.04033917561173439,0.36585259437561035,0.5174710154533386,-0.4898322820663452,0.4817065894603729,-0.5101438760757446,1
0.5925242900848389,-0.03984028846025467,0.38048499822616577,0.5181443691253662,-0.4905323088169098,0.4828154742717743,-0.5077337622642517,0.5575981736183167,-0.03983156383037567,0.019978148862719536,0,0.5886428356170654,-0.0404142364859581,0.36349233984947205,0.5171366333961487,-0.49003130197525024,0.4820623993873596,-0.5099557638168335,1
0.5923152565956116,-0.03994152322411537,0.378143310546875,0.5178232192993164,-0.4907173812389374,0.4831472635269165,-0.5075669884681702,0.5575981736183167,-0.03983156383037567,0.019978148862719536,0,0.5883222222328186,-0.04048599302768707,0.3611358106136322,0.5168020129203796,-0.49023017287254333,0.48241832852363586,-0.5097671151161194,1
0.592092752456665,-0.040039174258708954,0.37580037117004395,0.5175010561943054,-0.49090349674224854,0.48348134756088257,-0.507397472858429,0.5575981736183167,-0.03983156383037567,0.019978148862719536,0,0.5879895687103271,-0.04055441915988922,0.35878369212150574,0.5164675116539001,-0.49042895436286926,0.4827738404273987,-0.509578287601471,1
0.5918571352958679,-0.040133558213710785,0.3734566271305084,0.517177164554596,-0.4910907447338104,0.4838176369667053,-0.5072259902954102,0.5575981736183167,-0.03983156383037567,0.019978148862719536,0,0.5876448750495911,-0.04061956703662872,0.3564354181289673,0.5161328911781311,-0.4906275272369385,0.48312944173812866,-0.5093892216682434,1
0.5916085243225098,-0.04022441804409027,0.3711128830909729,0.5168522596359253,-0.4912789463996887,0.4841552972793579,-0.5070526599884033,0.5575981736183167,-0.03983156383037567,0.019978148862719536,0,0.5872880220413208,-0.04068134352564812,0.354091614484787,0.5157982110977173,-0.4908260107040405,0.48348477482795715,-0.5091996788978577,1
0.5913466811180115,-0.04031182825565338,0.36876946687698364,0.5165265202522278,-0.49146783351898193,0.4844943583011627,-0.506877601146698,0.5575981736183167,-0.03983156383037567,0.019978148862719536,0,0.5869192481040955,-0.04073982313275337,0.35175204277038574,0.5154635310173035,-0.4910242557525635,0.4838400185108185,-0.5090099573135376,1
0.5910719633102417,-0.04039590805768967,0.3664267957210541,0.5161997079849243,-0.4916576147079468,0.48483511805534363,-0.5067005753517151,0.5575981736183167,-0.03983156383037567,0.019978148862719536,0,0.5865384936332703,-0.04079494625329971,0.3494170904159546,0.5151289701461792,-0.49122247099876404,0.48419496417045593,-0.5088200569152832,1
0.5907844305038452,-0.04047654941678047,0.36408549547195435,0.5158723592758179,-0.4918477237224579,0.4851766526699066,-0.5065224766731262,0.5575981736183167,-0.03983156383037567,0.019978148862719536,0,0.5861458778381348,-0.040847018361091614,0.3470863699913025,0.5147939920425415,-0.49142029881477356,0.484549880027771,-0.5086299777030945,1
0.5904841423034668,-0.04055395722389221,0.3617455065250397,0.5155439376831055,-0.4920385181903839,0.48551952838897705,-0.5063429474830627,0.5575981736183167,-0.03983156383037567,0.019978148862719536,0,0.5857412815093994,-0.04089553654193878,0.34476029872894287,0.5144593119621277,-0.49161821603775024,0.48490458726882935,-0.5084393620491028,1
0.5901709794998169,-0.040627650916576385,0.3594079911708832,0.5152150988578796,-0.4922296702861786,0.48586297035217285,-0.5061624646186829,0.5575981736183167,-0.03983156383037567,0.019978148862719536,0,0.5853248238563538,-0.04094067960977554,0.342439204454422,0.5141245126724243,-0.4918157756328583,0.4852589964866638,-0.5082486867904663,1
0.5898453593254089,-0.04069815203547478,0.3570724129676819,0.514885663986206,-0.49242132902145386,0.48620718717575073,-0.5059807896614075,0.5575981736183167,-0.03983156383037567,0.019978148862719536,0,0.5848966240882874,-0.04098255932331085,0.34012219309806824,0.5137896537780762,-0.4920135736465454,0.4856135845184326,-0.5080573558807373,1
0.5895070433616638,-0.040765225887298584,0.3547394871711731,0.514555811882019,-0.49261316657066345,0.4865519404411316,-0.5057981610298157,0.5575981736183167,-0.03983156383037567,0.019978148862719536,0,0.5844565033912659,-0.04102102294564247,0.3378104865550995,0.5134548544883728,-0.4922107756137848,0.4859676957130432,-0.5078661441802979,1
0.5891563296318054,-0.04082883894443512,0.35240912437438965,0.5142253637313843,-0.4928053915500641,0.48689740896224976,-0.5056143403053284,0.5575981736183167,-0.03983156383037567,0.019978148862719536,0,0.5840045213699341,-0.041056182235479355,0.3355034589767456,0.5131198763847351,-0.49240797758102417,0.4863217771053314,-0.507674515247345,1
0.5887930989265442,-0.04088926315307617,0.3500821888446808,0.5138946175575256,-0.49299749732017517,0.487243115901947,-0.5054304003715515,0.5575981736183167,-0.03983156383037567,0.019978148862719536,0,0.5835409760475159,-0.04108801484107971,0.3332008719444275,0.5127849578857422,-0.4926052391529083,0.4866757392883301,-0.5074823498725891,1
0.5884175896644592,-0.04094608128070831,0.3477581739425659,0.513563334941864,-0.493190199136734,0.4875892996788025,-0.5052451491355896,0.5575981736183167,-0.03983156383037567,0.019978148862719536,0,0.5830655694007874,-0.041116490960121155,0.33090364933013916,0.5124499797821045,-0.49280211329460144,0.48702946305274963,-0.5072901844978333,1
0.588029682636261,-0.04099965840578079,0.34543803334236145,0.5132319927215576,-0.4933825433254242,0.4879356920719147,-0.5050595998764038,0.5575981736183167,-0.03983156383037567,0.019978148862719536,0,0.5825785994529724,-0.04114168882369995,0.32861149311065674,0.5121150016784668,-0.49299898743629456,0.4873828887939453,-0.5070977210998535,1
0.5876296758651733,-0.04104983061552048,0.34312132000923157,0.5129003524780273,-0.49357518553733826,0.4882824122905731,-0.5048731565475464,0.5575981736183167,-0.03983156383037567,0.019978148862719536,0,0.5820798873901367,-0.04116348922252655,0.3263241946697235,0.5117799043655396,-0.49319568276405334,0.4877365529537201,-0.5069047212600708,1
0.5872174501419067,-0.041096653789281845,0.3408084809780121,0.5125683546066284,-0.4937678575515747,0.4886292815208435,-0.5046862959861755,0.5575981736183167,-0.03983156383037567,0.019978148862719536,0,0.5815696120262146,-0.041181936860084534,0.3240421712398529,0.5114447474479675,-0.4933924376964569,0.4880898892879486,-0.5067114233970642,1
0.586793065071106,-0.04114007204771042,0.338499516248703,0.5122361779212952,-0.4939606189727783,0.48897626996040344,-0.5044988989830017,0.5575981736183167,-0.03983156383037567,0.019978148862719536,0,0.5810476541519165,-0.04119705408811569,0.3217654824256897,0.5111096501350403,-0.4935885965824127,0.48844286799430847,-0.5065181851387024,1
0.5863567590713501,-0.0411800816655159,0.3361949324607849,0.5119038820266724,-0.4941534698009491,0.489323228597641,-0.5043109059333801,0.5575981736183167,-0.03983156383037567,0.019978148862719536,0,0.5805141925811768,-0.041208818554878235,0.31949424743652344,0.5107746720314026,-0.4937848448753357,0.4887956976890564,-0.5063245296478271,1
0.5859084725379944,-0.041216932237148285,0.3338947296142578,0.5115714073181152,-0.4943459928035736,0.4896705448627472,-0.5041224956512451,0.5575981736183167,-0.03983156383037567,0.019978148862719536,0,0.5799694061279297,-0.041217297315597534,0.31722819805145264,0.5104394555091858,-0.4939808249473572,0.48914849758148193,-0.506130576133728,1
0.585448145866394,-0.04125019162893295,0.33159875869750977,0.5112388134002686,-0.49453863501548767,0.4900176227092743,-0.5039336085319519,0.5575981736183167,-0.03983156383037567,0.019978148862719536,0,0.5794129967689514,-0.04122239351272583,0.3149673044681549,0.5101041793823242,-0.4941770136356354,0.48950129747390747,-0.5059360265731812,1
0.5849760174751282,-0.0412801057100296,0.329307496547699,0.5109059810638428,-0.49473121762275696,0.4903648793697357,-0.5037442445755005,0.5575981736183167,-0.03983156383037567,0.019978148862719536,0,0.5788451433181763,-0.041224174201488495,0.3127126395702362,0.5097689628601074,-0.4943726062774658,0.4898536801338196,-0.5057417154312134,1
0.5844917893409729,-0.041306786239147186,0.32702088356018066,0.5105730891227722,-0.49492383003234863,0.4907120168209076,-0.5035545825958252,0.5575981736183167,-0.03983156383037567,0.019978148862719536,0,0.5782657861709595,-0.04122256115078926,0.3104630708694458,0.5094337463378906,-0.49456825852394104,0.490205854177475,-0.5055468678474426,1
0.5839959979057312,-0.041329942643642426,0.32473909854888916,0.5102400779724121,-0.49511614441871643,0.4910590946674347,-0.5033645033836365,0.5575981736183167,-0.03983156383037567,0.019978148862719536,0,0.5776752829551697,-0.041217654943466187,0.30821922421455383,0.509098470211029,-0.49476370215415955,0.4905581474304199,-0.505351722240448,1
0.583488404750824,-0.04134996607899666,0.3224621117115021,0.5099068880081177,-0.49530863761901855,0.49140602350234985,-0.5031741857528687,0.5575981736183167,-0.03983156383037567,0.019978148862719536,0,0.577073335647583,-0.04120936989784241,0.3059808909893036,0.5087630152702332,-0.49495917558670044,0.49091020226478577,-0.5051560401916504,1
0.5829691886901855,-0.04136659950017929,0.3201901316642761,0.5095736980438232,-0.4955008327960968,0.49175316095352173,-0.5029834508895874,0.5575981736183167,-0.03983156383037567,0.019978148862719536,0,0.5764600038528442,-0.0411977544426918,0.3037487268447876,0.5084277987480164,-0.4951542019844055,0.4912618398666382,-0.5049606561660767,1
0.5824381709098816,-0.0413796566426754,0.3179233968257904,0.5092405676841736,-0.4956929683685303,0.49209991097450256,-0.502792239189148,0.5575981736183167,-0.03983156383037567,0.019978148862719536,0,0.5758355259895325,-0.04118278995156288,0.3015221953392029,0.50809246301651,-0.4953492283821106,0.49161332845687866,-0.5047646164894104,1
0.581895649433136,-0.04138956964015961,0.31566211581230164,0.5089072585105896,-0.49588483572006226,0.49244657158851624,-0.5026010870933533,0.5575981736183167,-0.03983156383037567,0.019978148862719536,0,0.5751997232437134,-0.04116448760032654,0.2993016242980957,0.5077569484710693,-0.49554410576820374,0.49196505546569824,-0.5045682787895203,1
0.5813416838645935,-0.041396163403987885,0.3134060502052307,0.5085739493370056,-0.49607670307159424,0.4927930235862732,-0.5024095177650452,0.5575981736183167,-0.03983156383037567,0.019978148862719536,0,0.5745528936386108,-0.04114291071891785,0.2970869839191437,0.5074215531349182,-0.4957388937473297,0.492316335439682,-0.5043717622756958,1
0.5807761549949646,-0.04139915481209755,0.3111555576324463,0.5082409381866455,-0.4962684214115143,0.4931391775608063,-0.5022175908088684,0.5575981736183167,-0.03983156383037567,0.019978148862719536,0,0.5738947987556458,-0.04111790657043457,0.29487845301628113,0.5070860385894775,-0.4959334433078766,0.49266746640205383,-0.5041750073432922,1
0.5801992416381836,-0.041399069130420685,0.3089103698730469,0.5079073905944824,-0.4964600205421448,0.4934855103492737,-0.5020255446434021,0.5575981736183167,-0.03983156383037567,0.019978148862719536,0,0.573225736618042,-0.04108962416648865,0.29267618060112,0.5067506432533264,-0.4961278438568115,0.49301841855049133,-0.5039780139923096,1
0.5796108245849609,-0.041395559906959534,0.30667102336883545,0.5075739622116089,-0.49665144085884094,0.49383121728897095,-0.5018332600593567,0.5575981736183167,-0.03983156383037567,0.019978148862719536,0,0.5725454092025757,-0.04105814918875694,0.29047998785972595,0.506415069103241,-0.49632203578948975,0.4933692514896393,-0.5037807822227478,1
0.5790110230445862,-0.041388750076293945,0.30443716049194336,0.5072405338287354,-0.49684253334999084,0.4941771626472473,-0.5016406178474426,0.5575981736183167,-0.03983156383037567,0.019978148862719536,0,0.5718542337417603,-0.04102315753698349,0.2882898449897766,0.506079375743866,-0.49651622772216797,0.493720144033432,-0.5035828351974487,1
0.5783998370170593,-0.04137860983610153,0.3022090792655945,0.5069071650505066,-0.4970337152481079,0.4945228397846222,-0.5014476776123047,0.5575981736183167,-0.03983156383037567,0.019978148862719536,0,0.5711519718170166,-0.04098484665155411,0.2861063480377197,0.5057439208030701,-0.4967101216316223,0.4940703511238098,-0.5033850073814392,1
0.5777775645256042,-0.041365139186382294,0.2999871075153351,0.5065737962722778,-0.4972244203090668,0.4948682487010956,-0.5012547373771667,0.5575981736183167,-0.03983156383037567,0.019978148862719536,0,0.5704386830329895,-0.04094319045543671,0.28392890095710754,0.5054082274436951,-0.49690404534339905,0.49442097544670105,-0.5031865835189819,1
0.5771439075469971,-0.04134831205010414,0.29777052998542786,0.5062401294708252,-0.4974152147769928,0.4952135980129242,-0.5010613799095154,0.5575981736183167,-0.03983156383037567,0.019978148862719536,0,0.5697146654129028,-0.04089822247624397,0.2817579209804535,0.5050726532936096,-0.49709776043891907,0.4947710335254669,-0.5029881000518799,1
0.5764991044998169,-0.04132790490984917,0.29556044936180115,0.5059070587158203,-0.49760574102401733,0.49555838108062744,-0.5008676648139954,0.5575981736183167,-0.03983156383037567,0.019978148862719536,0,0.5689797401428223,-0.040849898010492325,0.2795933187007904,0.5047369003295898,-0.49729123711586,0.49512115120887756,-0.5027891993522644,1
0.575843334197998,-0.04130446910858154,0.2933560311794281,0.5055734515190125,-0.49779608845710754,0.4959031939506531,-0.5006740689277649,0.5575981736183167,-0.03983156383037567,0.019978148862719536,0,0.5682339072227478,-0.04079829156398773,0.2774357199668884,0.5044013261795044,-0.49748459458351135,0.49547079205513,-0.5025902390480042,1
0.5751763582229614,-0.04127766191959381,0.29115813970565796,0.505240261554718,-0.4979861378669739,0.49624761939048767,-0.5004801154136658,0.5575981736183167,-0.03983156383037567,0.019978148862719536,0,0.5674772262573242,-0.04074328392744064,0.27528440952301025,0.5040654540061951,-0.49767786264419556,0.49582070112228394,-0.5023907423019409,1
0.5744982957839966,-0.04124750196933746,0.28896641731262207,0.5049068331718445,-0.4981761574745178,0.4965919554233551,-0.5002859234809875,0.5575981736183167,-0.03983156383037567,0.019978148862719536,0,0.5667099952697754,-0.0406850129365921,0.27313995361328125,0.5037298202514648,-0.4978709816932678,0.4961700439453125,-0.5021911263465881,1
0.5738092064857483,-0.04121406748890877,0.28678107261657715,0.504573404788971,-0.49836599826812744,0.49693596363067627,-0.5000914931297302,0.5575981736183167,-0.03983156383037567,0.019978148862719536,0,0.565932035446167,-0.04062343388795853,0.27100202441215515,0.5033938884735107,-0.49806398153305054,0.49651971459388733,-0.5019910335540771,1
0.5731092691421509,-0.041177310049533844,0.2846018671989441,0.5042400360107422,-0.4985554814338684,0.49727997183799744,-0.4998967945575714,0.5575981736183167,-0.03983156383037567,0.019978148862719536,0,0.565143346786499,-0.04055849462747574,0.26887109875679016,0.5030581951141357,-0.49825677275657654,0.49686872959136963,-0.5017907619476318,1
0.5723984241485596,-0.0411372110247612,0.28242892026901245,0.503906786441803,-0.4987450838088989,0.49762362241744995,-0.49970194697380066,0.5575981736183167,-0.03983156383037567,0.019978148862719536,0,0.5643442273139954,-0.040490321815013885,0.2667470872402191,0.5027223825454712,-0.49844932556152344,0.4972177743911743,-0.5015903115272522,1
0.5716766119003296,-0.041093841195106506,0.28026291728019714,0.5035734176635742,-0.4989340603351593,0.49796706438064575,-0.49950698018074036,0.5575981736183167,-0.03983156383037567,0.019978148862719536,0,0.5635343194007874,-0.04041874036192894,0.2646302282810211,0.5023866891860962,-0.4986417591571808,0.4975665211677551,-0.5013895630836487,1
0.5709439516067505,-0.04104708880186081,0.2781028151512146,0.5032399892807007,-0.4991235136985779,0.49831053614616394,-0.4993113875389099,0.5575981736183167,-0.03983156383037567,0.019978148862719536,0,0.5627140998840332,-0.040343932807445526,0.26251986622810364,0.5020506381988525,-0.49883416295051575,0.4979153275489807,-0.5011883974075317,1
0.5702005624771118,-0.040997110307216644,0.2759496569633484,0.5029067397117615,-0.49931222200393677,0.49865350127220154,-0.49911603331565857,0.5575981736183167,-0.03983156383037567,0.019978148862719536,0,0.5618832111358643,-0.040265753865242004,0.26041677594184875,0.5017148852348328,-0.49902641773223877,0.498263955116272,-0.5009868741035461,1
0.5694464445114136,-0.04094379022717476,0.2738032341003418,0.5025734901428223,-0.49950096011161804,0.49899613857269287,-0.4989203214645386,0.5575981736183167,-0.03983156383037567,0.019978148862719536,0,0.5610421299934387,-0.040184393525123596,0.2583208680152893,0.5013789534568787,-0.49921831488609314,0.4986122250556946,-0.5007854104042053,1
0.5686814785003662,-0.04088716581463814,0.27166372537612915,0.5022401809692383,-0.49968937039375305,0.49933871626853943,-0.4987245202064514,0.5575981736183167,-0.03983156383037567,0.019978148862719536,0,0.5601903200149536,-0.040099576115608215,0.25623202323913574,0.5010428428649902,-0.4994102716445923,0.4989606738090515,-0.5005833506584167,1
0.5679062604904175,-0.04082731157541275,0.26953092217445374,0.5019070506095886,-0.4998776614665985,0.499680757522583,-0.4985286295413971,0.5575981736183167,-0.03983156383037567,0.019978148862719536,0,0.5593283176422119,-0.040011532604694366,0.2541504204273224,0.5007069110870361,-0.4996020793914795,0.49930867552757263,-0.5003809928894043,1
0.5671201944351196,-0.04076407849788666,0.2674049437046051,0.5015736818313599,-0.500065803527832,0.5000228881835938,-0.49833229184150696,0.5575981736183167,-0.03983156383037567,0.019978148862719536,0,0.5584559440612793,-0.03992018476128578,0.2520764172077179,0.5003708600997925,-0.4997935891151428,0.4996565580368042,-0.5001785159111023,1
0.5663235783576965,-0.04069757089018822,0.2652861773967743,0.5012407898902893,-0.5002536177635193,0.5003645420074463,-0.49813586473464966,0.5575981736183167,-0.03983156383037567,0.019978148862719536,0,0.5575734972953796,-0.03982556238770485,0.2500094771385193,0.5000348687171936,-0.49998509883880615,0.5000041723251343,-0.4999757409095764,1
0.5655165314674377,-0.04062780737876892,0.2631740868091583,0.5009074211120605,-0.5004413723945618,0.500706136226654,-0.4979392886161804,0.5575981736183167,-0.03983156383037567,0.019978148862719536,1,0.5655165314674377,-0.04062780737876892,0.2631740868091583,0.5009074211120605,-0.5004413723945618,0.500706136226654,-0.4979392886161804,0
0.5651854872703552,-0.04057341814041138,0.2617267966270447,0.5004715323448181,-0.5008414387702942,0.5014252662658691,-0.49725109338760376,0.5575981736183167,-0.03983156383037567,0.019978148862719536,1,0.5655165314674377,-0.04062780737876892,0.2631740868091583,0.5009074211120605,-0.5004413723945618,0.500706136226654,-0.4979392886161804,0
0.565199613571167,-0.04057598114013672,0.26093989610671997,0.500160813331604,-0.5011494159698486,0.5019682049751282,-0.49670547246932983,0.5575981736183167,-0.03983156383037567,0.019978148862719536,1,0.5655165314674377,-0.04062780737876892,0.2631740868091583,0.5009074211120605,-0.5004413723945618,0.500706136226654,-0.4979392886161804,0
0.565243661403656,-0.04059050977230072,0.26041877269744873,0.4999595582485199,-0.5013454556465149,0.5023200511932373,-0.49635428190231323,0.5575981736183167,-0.03983156383037567,0.019978148862719536,1,0.5655165314674377,-0.04062780737876892,0.2631740868091583,0.5009074211120605,-0.5004413723945618,0.500706136226654,-0.4979392886161804,0
0.5652855038642883,-0.0406036302447319,0.26001986861228943,0.4998069107532501,-0.5014944672584534,0.5025869607925415,-0.4960874021053314,0.5575981736183167,-0.03983156383037567,0.019978148862719536,1,0.5655165314674377,-0.04062780737876892,0.2631740868091583,0.5009074211120605,-0.5004413723945618,0.500706136226654,-0.4979392886161804,0
0.565322995185852,-0.04061339423060417,0.25968876481056213,0.4996812343597412,-0.5016183257102966,0.5028070211410522,-0.49586570262908936,0.5575981736183167,-0.03983156383037567,0.019978148862719536,1,0.5655165314674377,-0.04062780737876892,0.2631740868091583,0.5009074211120605,-0.5004413723945618,0.500706136226654,-0.4979392886161804,0
0.5653566718101501,-0.04062124341726303,0.259402871131897,0.49957334995269775,-0.5017255544662476,0.5029962658882141,-0.4956739842891693,0.5575981736183167,-0.03983156383037567,0.019978148862719536,1,0.5655165314674377,-0.04062780737876892,0.2631740868091583,0.5009074211120605,-0.5004413723945618,0.500706136226654,-0.4979392886161804,0
0.5653871297836304,-0.0406314879655838,0.2591555118560791,0.4994763433933258,-0.5018192529678345,0.5031592845916748,-0.49551135301589966,0.5575171709060669,-0.03927714377641678,0.020247163251042366,1,0.5655165314674377,-0.04062780737876892,0.2631740868091583,0.5009074211120605,-0.5004413723945618,0.500706136226654,-0.4979392886161804,0
0.565414309501648,-0.04063800349831581,0.25893455743789673,0.49939289689064026,-0.5019018054008484,0.5033054351806641,-0.49536335468292236,0.5573968887329102,-0.039267659187316895,0.02033000811934471,1,0.565414309501648,-0.04063800349831581,0.25893455743789673,0.49939289689064026,-0.5019018054008484,0.5033054351806641,-0.49536335468292236,0
0.5654270052909851,-0.040634311735630035,0.2585088610649109,0.4992468059062958,-0.502051055431366,0.5035595297813416,-0.49510109424591064,0.5572166442871094,-0.039337754249572754,0.01993999071419239,1,0.5710933804512024,-0.040666695684194565,0.2659856975078583,0.5030696988105774,-0.499701589345932,0.4993058741092682,-0.4979083240032196,0
0.5658935308456421,-0.040628328919410706,0.2584013044834137,0.4992787539958954,-0.5021448731422424,0.5037054419517517,-0.494825154542923,0.5574750304222107,-0.03940082713961601,0.019880754873156548,1,0.5766388177871704,-0.04062921553850174,0.2731204628944397,0.506741464138031,-0.4974815547466278,0.4952845275402069,-0.5004182457923889,0
0.5668470859527588,-0.040625277906656265,0.25882673263549805,0.4995987117290497,-0.502078652381897,0.5035637021064758,-0.4947136640548706,0.5583704710006714,-0.03947317972779274,0.02026412822306156,1,0.5820479989051819,-0.04052650183439255,0.2803359627723694,0.5104073882102966,-0.49524155259132385,0.4912422001361847,-0.5028926730155945,0
0.5682704448699951,-0.0406281016767025,0.2598569691181183,0.5002343654632568,-0.5018163919448853,0.5030716061592102,-0.49483805894851685,0.560117781162262,-0.03952748328447342,0.021074684336781502,1,0.5873194932937622,-0.04035881906747818,0.28762996196746826,0.5140680074691772,-0.4929819107055664,0.48717811703681946,-0.5053319334983826,0
0.5701240301132202,-0.04063514620065689,0.26149487495422363,0.5011778473854065,-0.5013548135757446,0.5022212862968445,-0.4952149987220764,0.5625935196876526,-0.03958243131637573,0.022442227229475975,1,0.5924509167671204,-0.04012727364897728,0.2949991822242737,0.5177224278450012,-0.490702360868454,0.48309293389320374,-0.5077359080314636,0
0.5723615288734436,-0.04064232483506203,0.26371148228645325,0.5024089217185974,-0.5007025599479675,0.5010285377502441,-0.4958350658416748,0.5657159090042114,-0.03964221850037575,0.024368727579712868,1,0.5974406003952026,-0.03983220458030701,0.30244162678718567,0.5213706493377686,-0.48840323090553284,0.478986531496048,-0.5101046562194824,0
0.5749353170394897,-0.040644265711307526,0.26646503806114197,0.5039027333259583,-0.4998737573623657,0.49951979517936707,-0.4966772198677063,0.5694154500961304,-0.03970184922218323,0.026822835206985474,1,0.6022865176200867,-0.039474647492170334,0.3099534213542938,0.5250120162963867,-0.486084520816803,0.4748595058917999,-0.5124378800392151,0
0.5777950286865234,-0.04063405841588974,0.2697041928768158,0.5056295394897461,-0.4988865554332733,0.49772849678993225,-0.49771201610565186,0.5736162662506104,-0.03975333645939827,0.029762282967567444,1,0.6069870591163635,-0.03905532509088516,0.31753256916999817,0.5286464095115662,-0.48374617099761963,0.47071167826652527,-0.5147358179092407,0
0.5808877348899841,-0.04060370475053787,0.2733701467514038,0.5075582265853882,-0.4977625608444214,0.49569475650787354,-0.49890244007110596,0.5782349109649658,-0.03978439047932625,0.03313511237502098,1,0.6115402579307556,-0.03857492655515671,0.32517534494400024,0.5322733521461487,-0.4813884496688843,0.4665438234806061,-0.5169980525970459,0
0.5841750502586365,-0.0405476912856102,0.27742087841033936,0.50966477394104,-0.49651700258255005,0.49344584345817566,-0.5002237558364868,0.583211362361908,-0.03978720307350159,0.03690572828054428,1,0.6159446835517883,-0.03803412988781929,0.3328794240951538,0.5358928442001343,-0.479011595249176,0.46235546469688416,-0.5192245244979858,0
0.5876227617263794,-0.04046166315674782,0.2818228602409363,0.5119293928146362,-0.4951612651348114,0.4910031259059906,-0.5016565918922424,0.588493824005127,-0.039755914360284805,0.041045479476451874,1,0.6201984882354736,-0.03743425011634827,0.3406415283679962,0.5395041704177856,-0.47661542892456055,0.4581471085548401,-0.5214154124259949,0
0.5911993384361267,-0.04034169763326645,0.2865467071533203,0.514335036277771,-0.49370500445365906,0.48838570713996887,-0.5031840205192566,0.5940356254577637,-0.039685409516096115,0.045529697090387344,1,0.6243001818656921,-0.03677571564912796,0.3484589457511902,0.5431075096130371,-0.4742000699043274,0.4539184868335724,-0.5235707759857178,0
0.5948759317398071,-0.04018440097570419,0.2915664315223694,0.5168657898902893,-0.4921567440032959,0.48560991883277893,-0.5047914981842041,0.5997945666313171,-0.039571087807416916,0.05033646523952484,1,0.6282482743263245,-0.036059875041246414,0.3563285768032074,0.5467020273208618,-0.4717656075954437,0.4496704339981079,-0.525690495967865,0
0.5986263155937195,-0.03998633846640587,0.2968583106994629,0.5195080041885376,-0.4905245304107666,0.48269006609916687,-0.5064656138420105,0.6057323217391968,-0.0394088514149189,0.05544595420360565,1,0.6320413947105408,-0.035287294536828995,0.3642471134662628,0.5502877235412598,-0.46931231021881104,0.4454028606414795,-0.5277742743492126,0
0.6024266481399536,-0.039745137095451355,0.30240151286125183,0.5222489833831787,-0.4888145923614502,0.47963932156562805,-0.5081952214241028,0.6117953062057495,-0.038937464356422424,0.06085760518908501,1,0.6356778740882874,-0.034459322690963745,0.37221238017082214,0.5538641214370728,-0.4668397009372711,0.44111597537994385,-0.5298225283622742,0
0.6062551736831665,-0.039457663893699646,0.3081761598587036,0.5250781774520874,-0.48703306913375854,0.4764694273471832,-0.5099691152572632,0.6179909706115723,-0.038645170629024506,0.06647805124521255,1,0.6391566395759583,-0.03357652947306633,0.38022083044052124,0.5574312806129456,-0.4643482565879822,0.43680962920188904,-0.5318349003791809,0
0.6100919842720032,-0.039122436195611954,0.31416597962379456,0.527985155582428,-0.4851854145526886,0.4731898903846741,-0.511779248714447,0.6242754459381104,-0.038383979350328445,0.07237035036087036,1,0.6424763202667236,-0.032640352845191956,0.3882691264152527,0.5609884262084961,-0.46183815598487854,0.43248450756073,-0.5338113903999329,0
0.6139193177223206,-0.038737550377845764,0.3203536868095398,0.5309610962867737,-0.4832763969898224,0.46981051564216614,-0.5136167407035828,0.6306115984916687,-0.038062933832407,0.07852155715227127,1,0.6456358432769775,-0.031651463359594345,0.3963538408279419,0.5645352602005005,-0.45930957794189453,0.42814064025878906,-0.5357518196105957,0
0.6177204847335815,-0.03830169141292572,0.3267258405685425,0.5339980125427246,-0.4813099801540375,0.46633899211883545,-0.5154750943183899,0.6369818449020386,-0.037651922553777695,0.08489953726530075,1,0.6486338376998901,-0.030611302703619003,0.4044732451438904,0.5680720210075378,-0.4567619860172272,0.42377781867980957,-0.5376567840576172,0
0.6214812397956848,-0.03781379014253616,0.33326759934425354,0.53708815574646,-0.4792907238006592,0.4627830684185028,-0.517347514629364,0.6433353424072266,-0.036897044628858566,0.0915067121386528,1,0.6514694094657898,-0.029520519077777863,0.41262298822402954,0.5715978741645813,-0.4541962146759033,0.4193967282772064,-0.5395258069038391,0
0.6251881122589111,-0.037272341549396515,0.3399665951728821,0.5402259826660156,-0.4772214889526367,0.45914921164512634,-0.5192276239395142,0.6497130393981934,-0.03631080314517021,0.09825815260410309,1,0.6541416645050049,-0.028380729258060455,0.42080023884773254,0.575112521648407,-0.4516117572784424,0.4149976074695587,-0.5413587689399719,0
0.6288290023803711,-0.036677684634923935,0.3468116223812103,0.5434050559997559,-0.47510525584220886,0.4554435610771179,-0.5211114883422852,0.656072735786438,-0.03575974702835083,0.10522066801786423,1,0.656649112701416,-0.027192486450076103,0.42900189757347107,0.5786157846450806,-0.4490092694759369,0.41058000922203064,-0.5431559085845947,0
0.6323928833007812,-0.03602917119860649,0.3537907600402832,0.5466192960739136,-0.47294530272483826,0.45167163014411926,-0.5229939222335815,0.6624405980110168,-0.03502742573618889,0.11233434826135635,1,0.6589913964271545,-0.02595752850174904,0.43722522258758545,0.5821074843406677,-0.4463883638381958,0.4061448872089386,-0.5449169874191284,0
0.6358699798583984,-0.03532641381025314,0.3608948290348053,0.549865186214447,-0.4707438349723816,0.44783759117126465,-0.5248713493347168,0.6686705350875854,-0.03433326631784439,0.11968415230512619,1,0.6611674427986145,-0.024676507338881493,0.44546645879745483,0.585587203502655,-0.44374942779541016,0.40169164538383484,-0.5466423630714417,0
0.6392513513565063,-0.03456977754831314,0.3681137263774872,0.553137481212616,-0.46850353479385376,0.4439466595649719,-0.5267397165298462,0.6748301386833191,-0.033556610345840454,0.1271965205669403,1,0.6631768345832825,-0.023351121693849564,0.4537225365638733,0.589054524898529,-0.44109225273132324,0.39722105860710144,-0.5483317375183105,0
0.6425287127494812,-0.03375955671072006,0.375438928604126,0.5564327836036682,-0.4662254750728607,0.44000205397605896,-0.528596818447113,0.6809146404266357,-0.032692063599824905,0.13485465943813324,1,0.6650187373161316,-0.021982083097100258,0.4619900584220886,0.5925092697143555,-0.43841734528541565,0.39273321628570557,-0.5499850511550903,0
0.6456952691078186,-0.0328955315053463,0.38286125659942627,0.5597472786903381,-0.4639124870300293,0.43600744009017944,-0.530439019203186,0.6869120001792908,-0.03174526244401932,0.14265063405036926,1,0.666692316532135,-0.020571239292621613,0.4702663719654083,0.5959509015083313,-0.4357242286205292,0.3882283866405487,-0.5516026616096497,0
0.6487439870834351,-0.03197883814573288,0.39037302136421204,0.5630776286125183,-0.46156594157218933,0.43196651339530945,-0.532264232635498,0.6928153038024902,-0.03071684204041958,0.15057462453842163,1,0.6681971549987793,-0.01911911368370056,0.4785480797290802,0.5993795394897461,-0.4330136179924011,0.3837064504623413,-0.5531842112541199,0
0.6516690850257874,-0.031009642407298088,0.3979679048061371,0.566421627998352,-0.45918697118759155,0.42788103222846985,-0.5340707898139954,0.6986150145530701,-0.029602784663438797,0.15861961245536804,1,0.6695328950881958,-0.01762762852013111,0.4868314862251282,0.6027944087982178,-0.43028533458709717,0.37916797399520874,-0.5547297596931458,0
0.6544650197029114,-0.029988620430231094,0.40563690662384033,0.5697758793830872,-0.4567774534225464,0.42375507950782776,-0.535855770111084,0.7042898535728455,-0.02843243069946766,0.1667873114347458,1,0.6706990599632263,-0.01609748974442482,0.4951137602329254,0.6061954498291016,-0.42753952741622925,0.37461283802986145,-0.5562392473220825,0
0.6571271419525146,-0.0289168544113636,0.41337457299232483,0.5731382966041565,-0.45433855056762695,0.41958969831466675,-0.5376182794570923,0.7098888158798218,-0.02712254412472248,0.17503823339939117,1,0.6716951131820679,-0.014530541375279427,0.5033921599388123,0.6095824837684631,-0.4247759282588959,0.37004125118255615,-0.5577130913734436,0
0.6596512198448181,-0.02779494971036911,0.4211738109588623,0.5765067338943481,-0.4518709182739258,0.4153878390789032,-0.539356529712677,0.7152990698814392,-0.02581601031124592,0.1834232360124588,1,0.6725209951400757,-0.012927580624818802,0.5116629004478455,0.6129550933837891,-0.4219950735569,0.3654536008834839,-0.5591509342193604,0
0.6620331406593323,-0.02662397362291813,0.4290289580821991,0.579879105091095,-0.44937631487846375,0.4111507833003998,-0.5410693883895874,0.7205502390861511,-0.0244717076420784,0.19191859662532806,1,0.673176646232605,-0.01129046268761158,0.5199223160743713,0.616312563419342,-0.419197142124176,0.3608502149581909,-0.5605528950691223,0
0.6642694473266602,-0.025405116379261017,0.4369337558746338,0.5832536220550537,-0.44685494899749756,0.40688082575798035,-0.5427557229995728,0.7256629467010498,-0.02305738627910614,0.20050376653671265,1,0.673661470413208,-0.009619898162782192,0.5281684398651123,0.6196552515029907,-0.4163815975189209,0.3562307357788086,-0.5619192123413086,0
0.6663568615913391,-0.024139191955327988,0.444882333278656,0.5866285562515259,-0.4443081021308899,0.40257957577705383,-0.544414222240448,0.7306384444236755,-0.021568769589066505,0.2091699242591858,1,0.6739896535873413,-0.007810291834175587,0.5369105339050293,0.6231899261474609,-0.41337165236473083,0.35130584239959717,-0.5633313655853271,0
0.6683078408241272,-0.02282259613275528,0.45290109515190125,0.5900155901908875,-0.44172826409339905,0.3982349634170532,-0.5460463166236877,0.7354956865310669,-0.020000634714961052,0.2179446965456009,1,0.6741253137588501,-0.0059664081782102585,0.545629620552063,0.6267069578170776,-0.41034239530563354,0.34636345505714417,-0.5647032260894775,0
0.670115053653717,-0.021454406902194023,0.46099382638931274,0.5934175252914429,-0.4391108453273773,0.39383992552757263,-0.5476562976837158,0.7402200102806091,-0.018361402675509453,0.22683916985988617,1,0.6740684509277344,-0.0040899040177464485,0.5543212890625,0.6302058100700378,-0.40729421377182007,0.34140411019325256,-0.5660345554351807,0
0.6717709898948669,-0.020034760236740112,0.4691564440727234,0.5968332290649414,-0.43645578622817993,0.3893943130970001,-0.5492435693740845,0.7448021769523621,-0.016652652993798256,0.23585031926631927,1,0.6738190054893494,-0.0021823951974511147,0.5629826188087463,0.6336864233016968,-0.40422677993774414,0.3364274799823761,-0.5673258304595947,0
0.6732692122459412,-0.018564747646450996,0.4773823916912079,0.6002600789070129,-0.43376392126083374,0.3848995268344879,-0.5508074760437012,0.7492340803146362,-0.014875245280563831,0.24497145414352417,1,0.673377513885498,-0.0002455655485391617,0.5716085433959961,0.6371480226516724,-0.4011409282684326,0.3314346969127655,-0.5685766339302063,0
0.6746047735214233,-0.017045579850673676,0.48566392064094543,0.6036953926086426,-0.43103668093681335,0.3803577721118927,-0.5523468255996704,0.7535076141357422,-0.013024415820837021,0.2541947364807129,1,0.6727442741394043,0.0017187092453241348,0.5801963210105896,0.6405904293060303,-0.39803609251976013,0.3264254033565521,-0.5697872638702393,0
0.6757731437683105,-0.01547873392701149,0.49399295449256897,0.6071369647979736,-0.42827504873275757,0.375772088766098,-0.5538597106933594,0.7576171159744263,-0.01111255306750536,0.2635120749473572,1,0.6719198822975159,0.003709246404469013,0.5887412428855896,0.6440133452415466,-0.3949128985404968,0.3214000463485718,-0.5709574818611145,0
0.676770806312561,-0.013865804299712181,0.5023616552352905,0.6105818748474121,-0.4254804849624634,0.3711443245410919,-0.555344820022583,0.7615560293197632,-0.009137063287198544,0.27291470766067505,1,0.6709046363830566,0.005724100396037102,0.5972404479980469,0.647416353225708,-0.3917713165283203,0.3163587152957916,-0.5720877647399902,0
0.6775941848754883,-0.012208343483507633,0.510762095451355,0.6140282154083252,-0.42265433073043823,0.3664771318435669,-0.5568007230758667,0.7653178572654724,-0.007092295214533806,0.2823948264122009,1,0.6696991920471191,0.007761665619909763,0.6056893467903137,0.6507992148399353,-0.38861143589019775,0.3113020062446594,-0.5731775164604187,0
0.6782405972480774,-0.010508312843739986,0.5191874504089355,0.6174736618995667,-0.41979771852493286,0.36177268624305725,-0.5582262873649597,0.7688989043235779,-0.00499091437086463,0.29194486141204834,1,0.6683043241500854,0.009820214472711086,0.6140847206115723,0.6541614532470703,-0.38543325662612915,0.3062294125556946,-0.5742276906967163,0
0.6787077784538269,-0.008767140097916126,0.5276301503181458,0.6209165453910828,-0.4169117510318756,0.3570329248905182,-0.5596200823783875,0.7722942233085632,-0.0028306019958108664,0.30155685544013977,1,0.6667210459709167,0.011897776275873184,0.6224223375320435,0.6575025916099548,-0.38223713636398315,0.30114221572875977,-0.5752375721931458,0
0.6789935827255249,-0.006986783817410469,0.536083459854126,0.6243547797203064,-0.4139973521232605,0.35225963592529297,-0.5609815120697021,0.7754998207092285,-0.0006117676966823637,0.3112236559391022,1,0.6649494767189026,0.013993218541145325,0.6306995153427124,0.6608226895332336,-0.3790230453014374,0.2960396707057953,-0.5762077569961548,0
0.6790964007377625,-0.005168888717889786,0.5445406436920166,0.6277866959571838,-0.41105571389198303,0.34745484590530396,-0.5623096227645874,0.7785120606422424,0.001663894858211279,0.3209383189678192,1,0.6629915237426758,0.016104474663734436,0.6389110684394836,0.6641209721565247,-0.37579146027565,0.2909230887889862,-0.5771376490592957,0
0.6790145039558411,-0.003315451554954052,0.5529963970184326,0.6312112808227539,-0.40808701515197754,0.34261924028396606,-0.5636038780212402,0.7813277840614319,0.003994532860815525,0.3306941092014313,1,0.6608474254608154,0.01822994276881218,0.6470547318458557,0.6673972606658936,-0.3725418448448181,0.28579166531562805,-0.5780280232429504,0
0.6787469387054443,-0.001428091898560524,0.5614437460899353,0.6346266865730286,-0.40509259700775146,0.33775487542152405,-0.5648632645606995,0.7839442491531372,0.006378281861543655,0.3404845893383026,1,0.6585190892219543,0.020367905497550964,0.6551257371902466,0.6706511974334717,-0.3692750036716461,0.28064635396003723,-0.5788785815238953,0
0.678292989730835,0.0004912493750452995,0.5698769092559814,0.6380314826965332,-0.4020732045173645,0.3328634798526764,-0.5660871863365173,0.7863590121269226,0.008813280612230301,0.3503034710884094,1,0.656006932258606,0.022516712546348572,0.6631215214729309,0.6738826036453247,-0.3659904897212982,0.27548688650131226,-0.5796895623207092,0
0.6776515245437622,0.0024407459422945976,0.5782907009124756,0.641424834728241,-0.3990291655063629,0.327945351600647,-0.5672755837440491,0.788569986820221,0.011297655291855335,0.3601446747779846,1,0.6534765362739563,0.02454734966158867,0.6705741882324219,0.6769026517868042,-0.3628835380077362,0.27061882615089417,-0.580416738986969,0
0.6768180727958679,0.004412191919982433,0.5866500735282898,0.6447937488555908,-0.3959701359272003,0.32301560044288635,-0.5684272050857544,0.7905634641647339,0.013819758780300617,0.3699690103530884,1,0.6507856249809265,0.026584990322589874,0.6779540777206421,0.679902195930481,-0.35976144671440125,0.2657383978366852,-0.5811090469360352,0
0.6757996678352356,0.006400625221431255,0.5949418544769287,0.648132860660553,-0.3929019570350647,0.31808406114578247,-0.5695385932922363,0.792340099811554,0.01637478545308113,0.37975963950157166,1,0.6479358077049255,0.028627712279558182,0.685257613658905,0.6828805208206177,-0.3566243648529053,0.2608465850353241,-0.5817664265632629,0
0.6746019721031189,0.00840382557362318,0.6031601428985596,0.651441752910614,-0.3898261785507202,0.31315305829048157,-0.5706087946891785,0.7939035296440125,0.018960103392601013,0.3895092308521271,1,0.6449284553527832,0.030674632638692856,0.692482054233551,0.6858378648757935,-0.35347238183021545,0.25594332814216614,-0.582388699054718,0
0.6732287406921387,0.010420012287795544,0.6113021969795227,0.6547203063964844,-0.38674288988113403,0.308223158121109,-0.5716376304626465,0.7952570915222168,0.021573854610323906,0.39921391010284424,1,0.6417648196220398,0.03272388130426407,0.6996246576309204,0.6887732744216919,-0.3503057062625885,0.2510289251804352,-0.5829764604568481,0
0.6716822385787964,0.012447495013475418,0.6193668246269226,0.6579693555831909,-0.38365158438682556,0.3032938539981842,-0.572625994682312,0.7964036464691162,0.02421458810567856,0.40887153148651123,1,0.6384459733963013,0.03477464243769646,0.7066825032234192,0.691687285900116,-0.3471241295337677,0.2461032122373581,-0.5835294127464294,0
0.6699648499488831,0.014485497027635574,0.6273523569107056,0.661189615726471,-0.38055214285850525,0.2983645498752594,-0.5735738277435303,0.7973456978797913,0.026880934834480286,0.418480783700943,1,0.6349738836288452,0.03682501241564751,0.7136526107788086,0.6945788860321045,-0.3439280688762665,0.2411668300628662,-0.5840479731559753,0
0.6680781841278076,0.0165327750146389,0.635258674621582,0.6643816828727722,-0.37744390964508057,0.2934337854385376,-0.5744819641113281,0.7980855107307434,0.02957170456647873,0.4280405640602112,1,0.6313498616218567,0.038874149322509766,0.7205323576927185,0.6974483132362366,-0.34071749448776245,0.23621994256973267,-0.5845319032669067,0
0.6660243272781372,0.01858794316649437,0.6430839896202087,0.6675460338592529,-0.3743261992931366,0.28850141167640686,-0.5753512382507324,0.798625111579895,0.03228575363755226,0.4375498592853546,1,0.6275759339332581,0.0409202054142952,0.7273187637329102,0.7002947926521301,-0.33749279379844666,0.23126275837421417,-0.584981381893158,0
0.6638038754463196,0.02065022848546505,0.6508286595344543,0.6706835627555847,-0.3711983263492584,0.28356531262397766,-0.5761822462081909,0.7989662885665894,0.03502179682254791,0.44700753688812256,1,0.6236528158187866,0.04296239838004112,0.7340096235275269,0.703118622303009,-0.3342537581920624,0.22629517316818237,-0.585396409034729,0
0.6614187955856323,0.022718533873558044,0.658490777015686,0.673794686794281,-0.3680596947669983,0.27862516045570374,-0.5769754648208618,0.7991107106208801,0.03777864947915077,0.4564124047756195,1,0.6195827722549438,0.044998932629823685,0.7406019568443298,0.705919086933136,-0.3310006856918335,0.2213176190853119,-0.5857774615287781,0
0.6588703989982605,0.024791685864329338,0.6660690307617188,0.6768797636032104,-0.36491021513938904,0.2736804187297821,-0.5777311325073242,0.799060046672821,0.04055512696504593,0.4657630920410156,1,0.6153681874275208,0.04702889174222946,0.747092604637146,0.7086958885192871,-0.32773393392562866,0.21633051335811615,-0.5861241817474365,0
0.6561596989631653,0.02686855010688305,0.6735626459121704,0.6799390912055969,-0.3617492616176605,0.268730103969574,-0.5784499049186707,0.7988157868385315,0.0433499850332737,0.47505801916122437,1,0.6110097169876099,0.04905064404010773,0.7534798979759216,0.7114490270614624,-0.3244529366493225,0.21133354306221008,-0.5864371061325073,0
0.6532882452011108,0.028948234394192696,0.680969774723053,0.6829730272293091,-0.35857662558555603,0.26377367973327637,-0.5791320204734802,0.7983794212341309,0.04616197571158409,0.48429548740386963,1,0.6065101027488708,0.0510631799697876,0.7597604990005493,0.714178204536438,-0.32115840911865234,0.20632775127887726,-0.5867159366607666,0
0.6502571702003479,0.03102909028530121,0.6882890462875366,0.6859816908836365,-0.35539141297340393,0.2588104009628296,-0.5797784924507141,0.797752320766449,0.048989880830049515,0.49347370862960815,1,0.6018708348274231,0.053065016865730286,0.7659323811531067,0.7168829441070557,-0.3178502321243286,0.20131245255470276,-0.5869609713554382,0
0.6470683217048645,0.033110469579696655,0.6955182552337646,0.6889655590057373,-0.3521938920021057,0.25383996963500977,-0.5803887844085693,0.7969358563423157,0.051832374185323715,0.5025907158851624,1,0.5970942378044128,0.055055223405361176,0.7719926238059998,0.7195632457733154,-0.3145287036895752,0.1962883025407791,-0.5871722102165222,0
0.6437227725982666,0.03519097715616226,0.7026562690734863,0.6919243931770325,-0.3489835262298584,0.24886174499988556,-0.5809637308120728,0.7959314584732056,0.05468820407986641,0.5116443634033203,1,0.5921823382377625,0.05703212693333626,0.7779390215873718,0.7222185730934143,-0.31119388341903687,0.19125573337078094,-0.5873498916625977,0
0.6402221918106079,0.037269338965415955,0.709700345993042,0.6948583126068115,-0.34576061367988586,0.24387602508068085,-0.5815032124519348,0.7947405576705933,0.05755603313446045,0.5206326246261597,1,0.5868173837661743,0.059117063879966736,0.7841294407844543,0.7250123620033264,-0.3076361119747162,0.18589924275875092,-0.5875019431114197,0
0.6365598440170288,0.03935187682509422,0.7166736721992493,0.697778582572937,-0.3425137400627136,0.23886649310588837,-0.5820068717002869,0.7933638691902161,0.06044565886259079,0.5295827984809875,1,0.5813044309616089,0.061184488236904144,0.7901859283447266,0.7277775406837463,-0.3040633797645569,0.18053317070007324,-0.5876163244247437,0
0.632729172706604,0.0414397269487381,0.7235791087150574,0.7006878852844238,-0.33923888206481934,0.2338261902332306,-0.5824762582778931,0.7917973399162292,0.06335914880037308,0.5385025143623352,1,0.5756464004516602,0.06323295086622238,0.796105146408081,0.7305137515068054,-0.30047622323036194,0.1751583218574524,-0.5876931548118591,0
0.6287263035774231,0.04353225231170654,0.7304152846336365,0.703586220741272,-0.33593448996543884,0.22875253856182098,-0.5829120874404907,0.7900377511978149,0.06629542261362076,0.5473908185958862,1,0.5698462128639221,0.0652611032128334,0.8018845915794373,0.733220636844635,-0.29687464237213135,0.16977471113204956,-0.5877324342727661,0
0.6245496869087219,0.04562767595052719,0.7371779680252075,0.7064725160598755,-0.332600474357605,0.22364550828933716,-0.5833147764205933,0.788083016872406,0.069252610206604,0.5562435984611511,1,0.5639060139656067,0.06726761162281036,0.8075218796730042,0.7358977198600769,-0.2932588458061218,0.16438263654708862,-0.5877346396446228,0
0.6201999187469482,0.04772396385669708,0.743861734867096,0.709345281124115,-0.329237163066864,0.2185063511133194,-0.5836839079856873,0.785932183265686,0.07222837209701538,0.5650550723075867,1,0.5578293204307556,0.06925107538700104,0.8130138516426086,0.7385451793670654,-0.2896287143230438,0.15898221731185913,-0.5876995325088501,0
0.6156784296035767,0.049818720668554306,0.7504607439041138,0.7122027277946472,-0.32584601640701294,0.21333667635917664,-0.5840197205543518,0.7835850715637207,0.07522021234035492,0.5738186240196228,1,0.5516189336776733,0.07121028006076813,0.8183581829071045,0.7411621809005737,-0.2859847843647003,0.15357398986816406,-0.5876275897026062,0
0.6109870672225952,0.051910221576690674,0.7569688558578491,0.715043842792511,-0.3224274516105652,0.20813806354999542,-0.5843212008476257,0.7810420393943787,0.0782255306839943,0.5825275778770447,1,0.5452775955200195,0.07314392179250717,0.8235524892807007,0.7437487244606018,-0.28232696652412415,0.14815793931484222,-0.5875188112258911,0
0.6061278581619263,0.05399622395634651,0.7633805871009827,0.7178671956062317,-0.31898289918899536,0.2029121369123459,-0.5845879912376404,0.7783037424087524,0.08124181628227234,0.5911751389503479,1,0.538809061050415,0.07505051791667938,0.8285937905311584,0.7463043928146362,-0.27865567803382874,0.14273470640182495,-0.5873734354972839,0
0.6011032462120056,0.05607444792985916,0.7696897983551025,0.7206709980964661,-0.3155134320259094,0.19766081869602203,-0.5848201513290405,0.7753713130950928,0.08426667749881744,0.5997547507286072,1,0.5322153568267822,0.07692936062812805,0.8334804773330688,0.7488289475440979,-0.27497056126594543,0.13730405271053314,-0.5871915221214294,0
0.595916211605072,0.05814274400472641,0.7758911848068237,0.7234542965888977,-0.3120197355747223,0.19238589704036713,-0.5850172638893127,0.7722460627555847,0.08729761093854904,0.6082599759101868,1,0.5255007743835449,0.07877898961305618,0.8382095098495483,0.7513219714164734,-0.2712726891040802,0.13186708092689514,-0.5869730114936829,0
0.5905697345733643,0.0601990707218647,0.7819794416427612,0.7262158393859863,-0.30850282311439514,0.18708842992782593,-0.5851790308952332,0.768929660320282,0.09033218026161194,0.6166847348213196,1,0.5186675190925598,0.08059831708669662,0.8427792191505432,0.7537834644317627,-0.26756125688552856,0.1264227330684662,-0.5867184996604919,0
0.5850661993026733,0.062241870909929276,0.7879499197006226,0.7289546132087708,-0.30496349930763245,0.18176992237567902,-0.5853050351142883,0.7654236555099487,0.09336812049150467,0.6250232458114624,1,0.511719286441803,0.08238618075847626,0.8471872210502625,0.7562129497528076,-0.26383697986602783,0.12097224593162537,-0.5864279270172119,0
0.5794090628623962,0.06426910310983658,0.7937974333763123,0.731669545173645,-0.3014029264450073,0.17643225193023682,-0.5853952169418335,0.7617300748825073,0.09640320390462875,0.6332700252532959,1,0.5046595931053162,0.08414150774478912,0.8514313697814941,0.7586100101470947,-0.26009976863861084,0.11551555246114731,-0.5861014723777771,0
0.5736011862754822,0.0662788525223732,0.799517810344696,0.7343596816062927,-0.2978214621543884,0.1710761934518814,-0.5854494571685791,0.7578510046005249,0.09943526983261108,0.6414197087287903,1,0.49749165773391724,0.08586298674345016,0.8555094003677368,0.7609741687774658,-0.25635001063346863,0.11005308479070663,-0.58573979139328,0
0.5676456689834595,0.06826939433813095,0.8051068782806396,0.7370240688323975,-0.2942197322845459,0.1657027304172516,-0.5854679942131042,0.7537886500358582,0.10246223211288452,0.6494672894477844,1,0.4902186989784241,0.0875500962138176,0.8594197034835815,0.7633060216903687,-0.2525874078273773,0.10458502918481827,-0.5853421688079834,0
0.5615455508232117,0.0702390968799591,0.8105608224868774,0.7396621108055115,-0.2905983328819275,0.16031281650066376,-0.5854504108428955,0.7495453357696533,0.10548200458288193,0.6574079990386963,1,0.4828447103500366,0.08920157700777054,0.8631599545478821,0.7656042575836182,-0.24881301820278168,0.09911185503005981,-0.5849094390869141,0
0.5553046464920044,0.07218649238348007,0.815875232219696,0.7422729134559631,-0.2869582772254944,0.1549079418182373,-0.5853966474533081,0.7451234459877014,0.10849262773990631,0.6652371883392334,1,0.4753725230693817,0.09081652015447617,0.8667287230491638,0.7678691744804382,-0.2450259029865265,0.09363306313753128,-0.5844415426254272,0
0.5489253997802734,0.07411003857851028,0.8210471272468567,0.744856059551239,-0.2832995355129242,0.1494881808757782,-0.585306704044342,0.7405256032943726,0.11149218678474426,0.6729504466056824,1,0.4678064286708832,0.09239397943019867,0.8701237440109253,0.7701004147529602,-0.24122722446918488,0.08814997225999832,-0.583938717842102,0
0.5424122214317322,0.0760078951716423,0.8260723948478699,0.7474102973937988,-0.2796233296394348,0.1440555602312088,-0.5851808190345764,0.7357543706893921,0.11447887122631073,0.6805436611175537,1,0.46014970541000366,0.0939331203699112,0.8733437657356262,0.7722976207733154,-0.23741655051708221,0.08266223967075348,-0.5834010243415833,0
0.5357672572135925,0.07787904143333435,0.830948531627655,0.7499356269836426,-0.27592939138412476,0.1386093944311142,-0.5850186944007874,0.7308125495910645,0.1174507886171341,0.6880127191543579,1,0.4524060785770416,0.09543291479349136,0.8763867616653442,0.7744603753089905,-0.23359426856040955,0.07717038691043854,-0.5828289985656738,0
0.52899569272995,0.07972173392772675,0.8356713056564331,0.7524309754371643,-0.2722187042236328,0.13315188884735107,-0.584820568561554,0.7257029414176941,0.12040624022483826,0.6953537464141846,1,0.4445788264274597,0.09689296782016754,0.8792515993118286,0.7765886783599854,-0.22976025938987732,0.0716741755604744,-0.5822224617004395,0
0.5220991373062134,0.08153480291366577,0.8402387499809265,0.7548959255218506,-0.2684914171695709,0.1276824176311493,-0.5845866203308105,0.7204285860061646,0.12334341555833817,0.7025630474090576,1,0.43667227029800415,0.09831227362155914,0.8819363713264465,0.7786820530891418,-0.22591529786586761,0.06617468595504761,-0.5815818309783936,0
0.5150824785232544,0.08331701159477234,0.8446472883224487,0.7573301792144775,-0.26474785804748535,0.12220244854688644,-0.5843167304992676,0.7149924635887146,0.12626072764396667,0.7096370458602905,1,0.42868974804878235,0.09969019889831543,0.884440004825592,0.7807404398918152,-0.22205904126167297,0.06067156419157982,-0.5809071063995361,0
0.5079484581947327,0.08506675064563751,0.8488948345184326,0.759732723236084,-0.2609885036945343,0.1167120710015297,-0.5840116143226624,0.7093976140022278,0.12915655970573425,0.7165723443031311,1,0.42063549160957336,0.1010260134935379,0.8867607712745667,0.7827633023262024,-0.21819187700748444,0.05516533553600311,-0.5801987648010254,0
0.5007015466690063,0.08678335696458817,0.8529780507087708,0.7621036767959595,-0.2572137713432312,0.11121232062578201,-0.5836701393127441,0.703647255897522,0.13202930986881256,0.7233656048774719,1,0.41251274943351746,0.10231910645961761,0.8888977766036987,0.7847506403923035,-0.214313805103302,0.04965607449412346,-0.5794568061828613,0
0.4933446943759918,0.0884653627872467,0.856894850730896,0.7644420862197876,-0.25342389941215515,0.10570324212312698,-0.5832934379577637,0.6977444887161255,0.13487756252288818,0.7300136685371399,1,0.4043256640434265,0.10356888175010681,0.8908496499061584,0.786702036857605,-0.2104252576828003,0.04414430260658264,-0.5786815881729126,0
0.4858821630477905,0.0901118665933609,0.8606425523757935,0.7667479515075684,-0.2496194690465927,0.10018590837717056,-0.5828811526298523,0.6916927099227905,0.13769982755184174,0.7365134358406067,1,0.39607787132263184,0.10477478802204132,0.8926154375076294,0.7886174321174622,-0.2065259963274002,0.03862982615828514,-0.5778731107711792,0
0.478317528963089,0.09172150492668152,0.8642191290855408,0.7690204977989197,-0.24580040574073792,0.09466047585010529,-0.5824337601661682,0.6854952573776245,0.14049465954303741,0.7428618669509888,1,0.38777387142181396,0.10593631863594055,0.8941938877105713,0.7904962301254272,-0.2026168256998062,0.03311372175812721,-0.5770317316055298,0
0.4706542193889618,0.09329354763031006,0.8676225543022156,0.7712592482566833,-0.2419673204421997,0.08912736177444458,-0.5819512009620667,0.6791555285453796,0.1432606279850006,0.7490561604499817,1,0.3794167637825012,0.1070530042052269,0.8955842852592468,0.7923383712768555,-0.19869732856750488,0.027595462277531624,-0.5761576294898987,0
0.46289652585983276,0.09482703357934952,0.8708505034446716,0.7734642028808594,-0.23812028765678406,0.08358698338270187,-0.5814336538314819,0.6726769208908081,0.14599645137786865,0.7550935745239258,1,0.37101122736930847,0.10812439769506454,0.89678555727005,0.7941436767578125,-0.1947680413722992,0.02207581326365471,-0.575251042842865,0
0.45504817366600037,0.09632093459367752,0.8739010095596313,0.7756346464157104,-0.234259694814682,0.07804013043642044,-0.5808811783790588,0.666063129901886,0.14870081841945648,0.7609714865684509,1,0.3625604212284088,0.1091499999165535,0.8977970480918884,0.7959117293357849,-0.1908288449048996,0.016554540023207664,-0.5743123888969421,0
