0.3625604212284088,0.1091499999165535,0.8977970480918884,0.7959117293357849,-0.1908288449048996,0.016554540023207664,-0.5743123888969421,0.7959694862365723,0.025328919291496277,0.019999999552965164,0,0.3625604212284088,0.1091499999165535,0.8977970480918884,0.7959117293357849,-0.1908288449048996,0.016554540023207664,-0.5743123888969421,1
0.3628040552139282,0.10916154831647873,0.8976776003837585,0.7959170937538147,-0.19090838730335236,0.016660241410136223,-0.5742754340171814,0.7959694862365723,0.025328919291496277,0.01981772482395172,0,0.3625604212284088,0.1091499999165535,0.8977970480918884,0.7959117293357849,-0.1908288449048996,0.016554540023207664,-0.5743123888969421,1
0.3632446825504303,0.10916890949010849,0.8974825739860535,0.7959179878234863,-0.1910729855298996,0.016885489225387573,-0.574212908744812,0.7959694862365723,0.025328919291496277,0.019884353503584862,0,0.3625604212284088,0.1091499999165535,0.8977970480918884,0.7959117293357849,-0.1908288449048996,0.016554540023207664,-0.5743123888969421,1
0.36376747488975525,0.10917111486196518,0.8972581028938293,0.7959133982658386,-0.1912766695022583,0.017166968435049057,-0.5741432309150696,0.7959694862365723,0.025328919291496277,0.019923372194170952,0,0.3625604212284088,0.1091499999165535,0.8977970480918884,0.7959117293357849,-0.1908288449048996,0.016554540023207664,-0.5743123888969421,1
0.3643089532852173,0.10917005687952042,0.8970283269882202,0.7959052920341492,-0.1914910078048706,0.01746424101293087,-0.5740739107131958,0.7959694862365723,0.025328919291496277,0.019946129992604256,0,0.3625604212284088,0.1091499999165535,0.8977970480918884,0.7959117293357849,-0.1908288449048996,0.016554540023207664,-0.5743123888969421,1
0.36483412981033325,0.10916749387979507,0.8968064785003662,0.7958957552909851,-0.19170089066028595,0.017755331471562386,-0.5740082263946533,0.7959694862365723,0.025328919291496277,0.019959425553679466,0,0.3625604212284088,0.1091499999165535,0.8977970480918884,0.7959117293357849,-0.1908288449048996,0.016554540023207664,-0.5743123888969421,1
0.3653259873390198,0.10916423052549362,0.8965990543365479,0.7958859801292419,-0.19189804792404175,0.01802937313914299,-0.5739471912384033,0.7959694862365723,0.025328919291496277,0.019967196509242058,0,0.3625604212284088,0.1091499999165535,0.8977970480918884,0.7959117293357849,-0.1908288449048996,0.016554540023207664,-0.5743123888969421,1
0.36577728390693665,0.10916095972061157,0.89640873670578,0.7958768010139465,-0.19207923114299774,0.01828133687376976,-0.5738914608955383,0.7959694862365723,0.025328919291496277,0.01997174322605133,0,0.3625604212284088,0.1091499999165535,0.8977970480918884,0.7959117293357849,-0.1908288449048996,0.016554540023207664,-0.5743123888969421,1
0.366186261177063,0.10915781557559967,0.8962359428405762,0.7958679795265198,-0.1922435611486435,0.018509861081838608,-0.5738412737846375,0.7959694862365723,0.025328919291496277,0.019974403083324432,0,0.3625604212284088,0.1091499999165535,0.8977970480918884,0.7959117293357849,-0.1908288449048996,0.016554540023207664,-0.5743123888969421,1
0.3665536642074585,0.1091550812125206,0.8960806727409363,0.7958602905273438,-0.19239117205142975,0.01871492713689804,-0.5737957954406738,0.7959694862365723,0.025328919291496277,0.01997595839202404,0,0.3625604212284088,0.1091499999165535,0.8977970480918884,0.7959117293357849,-0.1908288449048996,0.016554540023207664,-0.5743123888969421,1
0.36688217520713806,0.10915274918079376,0.895941436290741,0.7958534359931946,-0.1925230473279953,0.018898339942097664,-0.5737552642822266,0.7959694862365723,0.025328919291496277,0.019976869225502014,0,0.3625604212284088,0.1091499999165535,0.8977970480918884,0.7959117293357849,-0.1908288449048996,0.016554540023207664,-0.5743123888969421,1
0.3671749234199524,0.10915068536996841,0.8958170413970947,0.7958471775054932,-0.1926405429840088,0.019061513245105743,-0.5737189054489136,0.7959694862365723,0.025328919291496277,0.019977401942014694,0,0.3625604212284088,0.1091499999165535,0.8977970480918884,0.7959117293357849,-0.1908288449048996,0.016554540023207664,-0.5743123888969421,1
0.36743536591529846,0.10914917290210724,0.8957062363624573,0.7958419322967529,-0.19274485111236572,0.019206577911973,-0.5736864805221558,0.7959694862365723,0.025328919291496277,0.019977713003754616,0,0.3625604212284088,0.1091499999165535,0.8977970480918884,0.7959117293357849,-0.1908288449048996,0.016554540023207664,-0.5743123888969421,1
0.3676663637161255,0.10914792865514755,0.8956077694892883,0.7958371639251709,-0.19283725321292877,0.019334783777594566,-0.5736575722694397,0.7959694862365723,0.025328919291496277,0.01997789368033409,0,0.3625604212284088,0.1091499999165535,0.8977970480918884,0.7959117293357849,-0.1908288449048996,0.016554540023207664,-0.5743123888969421,1
0.3678717017173767,0.10914682596921921,0.8955199718475342,0.7958332300186157,-0.1929192990064621,0.019448645412921906,-0.573631763458252,0.7959694862365723,0.025328919291496277,0.019978001713752747,0,0.3625604212284088,0.1091499999165535,0.8977970480918884,0.7959117293357849,-0.1908288449048996,0.016554540023207664,-0.5743123888969421,1
0.3680533766746521,0.10914600640535355,0.8954421877861023,0.795829713344574,-0.19299162924289703,0.01954904943704605,-0.5736088156700134,0.7959694862365723,0.025328919291496277,0.01997806318104267,0,0.3625604212284088,0.1091499999165535,0.8977970480918884,0.7959117293357849,-0.1908288449048996,0.016554540023207664,-0.5743123888969421,1
0.3682141900062561,0.10914544761180878,0.8953732252120972,0.79582679271698,-0.19305557012557983,0.01963799074292183,-0.5735883712768555,0.7959694862365723,0.025328919291496277,0.019978100433945656,0,0.3625604212284088,0.1091499999165535,0.8977970480918884,0.7959117293357849,-0.1908288449048996,0.016554540023207664,-0.5743123888969421,1
0.3683570623397827,0.10914503037929535,0.8953116536140442,0.7958241105079651,-0.19311225414276123,0.019716612994670868,-0.5735701322555542,0.7959694862365723,0.025328919291496277,0.019978120923042297,0,0.3625604212284088,0.1091499999165535,0.8977970480918884,0.7959117293357849,-0.1908288449048996,0.016554540023207664,-0.5743123888969421,1
0.36848360300064087,0.10914475470781326,0.8952572345733643,0.7958218455314636,-0.1931624412536621,0.019786084070801735,-0.5735539793968201,0.7959694862365723,0.025328919291496277,0.019978133961558342,0,0.3625604212284088,0.1091499999165535,0.8977970480918884,0.7959117293357849,-0.1908288449048996,0.016554540023207664,-0.5743123888969421,1
0.36859551072120667,0.10914462059736252,0.8952088356018066,0.7958201169967651,-0.19320662319660187,0.019847365096211433,-0.5735394358634949,0.7959694862365723,0.025328919291496277,0.01997814141213894,0,0.3625604212284088,0.1091499999165535,0.8977970480918884,0.7959117293357849,-0.1908288449048996,0.016554540023207664,-0.5743123888969421,1
0.36869457364082336,0.10914447903633118,0.8951660394668579,0.7958184480667114,-0.1932457685470581,0.01990160159766674,-0.5735267996788025,0.7959694862365723,0.025328919291496277,0.019978145137429237,0,0.3625604212284088,0.1091499999165535,0.8977970480918884,0.7959117293357849,-0.1908288449048996,0.016554540023207664,-0.5743123888969421,1
0.3687824606895447,0.10914447903633118,0.8951278328895569,0.795816957950592,-0.19328033924102783,0.01994943805038929,-0.5735154151916504,0.7959694862365723,0.025328919291496277,0.019978148862719536,0,0.3625604212284088,0.1091499999165535,0.8977970480918884,0.7959117293357849,-0.1908288449048996,0.016554540023207664,-0.5743123888969421,1
0.36886000633239746,0.10914461314678192,0.895094096660614,0.7958159446716309,-0.19331079721450806,0.019991593435406685,-0.5735051035881042,0.7959694862365723,0.025328919291496277,0.019978148862719536,0,0.3625604212284088,0.1091499999165535,0.8977970480918884,0.7959117293357849,-0.1908288449048996,0.016554540023207664,-0.5743123888969421,1
0.36892861127853394,0.10914474725723267,0.8950642347335815,0.7958149909973145,-0.19333770871162415,0.02002882771193981,-0.5734960436820984,0.7959694862365723,0.025328919291496277,0.019978148862719536,0,0.3625604212284088,0.1091499999165535,0.8977970480918884,0.7959117293357849,-0.1908288449048996,0.016554540023207664,-0.5743123888969421,1
0.3689894676208496,0.10914488881826401,0.8950377106666565,0.7958140969276428,-0.1933615803718567,0.020061763003468513,-0.5734882354736328,0.7959694862365723,0.025328919291496277,0.019978148862719536,0,0.3625604212284088,0.1091499999165535,0.8977970480918884,0.7959117293357849,-0.1908288449048996,0.016554540023207664,-0.5743123888969421,1
0.3690434694290161,0.10914502292871475,0.8950141072273254,0.7958134412765503,-0.1933826208114624,0.020090937614440918,-0.5734809041023254,0.7959694862365723,0.025328919291496277,0.019978148862719536,0,0.3625604212284088,0.1091499999165535,0.8977970480918884,0.7959117293357849,-0.1908288449048996,0.016554540023207664,-0.5743123888969421,1
0.3690912425518036,0.10914530605077744,0.8949931859970093,0.7958129048347473,-0.1934012621641159,0.02011662721633911,-0.5734745860099792,0.7959694862365723,0.025328919291496277,0.019978148862719536,0,0.3625604212284088,0.1091499999165535,0.8977970480918884,0.7959117293357849,-0.1908288449048996,0.016554540023207664,-0.5743123888969421,1
0.3691335916519165,0.10914543271064758,0.8949745893478394,0.7958122491836548,-0.19341766834259033,0.02013932727277279,-0.5734689831733704,0.7959694862365723,0.025328919291496277,0.019978148862719536,0,0.3625604212284088,0.1091499999165535,0.8977970480918884,0.7959117293357849,-0.1908288449048996,0.016554540023207664,-0.5743123888969421,1
0.369171142578125,0.10914570838212967,0.894957959651947,0.7958120107650757,-0.19343216717243195,0.020159302279353142,-0.5734638571739197,0.7959694862365723,0.025328919291496277,0.019978148862719536,0,0.3625604212284088,0.1091499999165535,0.8977970480918884,0.7959117293357849,-0.1908288449048996,0.016554540023207664,-0.5743123888969421,1
0.36920416355133057,0.10914599150419235,0.8949434161186218,0.795811653137207,-0.19344498217105865,0.020176958292722702,-0.5734593868255615,0.7959694862365723,0.025328919291496277,0.019978148862719536,0,0.3625604212284088,0.1091499999165535,0.8977970480918884,0.7959117293357849,-0.1908288449048996,0.016554540023207664,-0.5743123888969421,1
0.36923354864120483,0.1091461256146431,0.8949304223060608,0.7958112955093384,-0.1934562772512436,0.020192500203847885,-0.5734555721282959,0.7959694862365723,0.025328919291496277,0.019978148862719536,0,0.36923354864120483,0.1091461256146431,0.8949304223060608,0.7958112955093384,-0.1934562772512436,0.020192500203847885,-0.5734555721282959,1
0.3694966435432434,0.10915748029947281,0.8948008418083191,0.7958157062530518,-0.1935444176197052,0.020310046151280403,-0.5734154582023621,0.7959694862365723,0.025328919291496277,0.019978148862719536,0,0.3758534789085388,0.10874888300895691,0.8932681083679199,0.7945255041122437,-0.19673089683055878,0.025897003710269928,-0.5738950371742249,1
0.3702571988105774,0.1091461181640625,0.8945642709732056,0.7957249283790588,-0.19386999309062958,0.020871644839644432,-0.5734112858772278,0.7959694862365723,0.025328919291496277,0.019978148862719536,0,0.38245463371276855,0.10833793878555298,0.8915266394615173,0.7931985855102539,-0.20000457763671875,0.03159195929765701,-0.5743136405944824,1
0.3715554177761078,0.1091012954711914,0.8942033648490906,0.7955225110054016,-0.19446907937526703,0.02191471867263317,-0.57345050573349,0.7959694862365723,0.025328919291496277,0.019978148862719536,0,0.38903605937957764,0.10791310667991638,0.8897059559822083,0.7918307185173035,-0.2032771110534668,0.03727678209543228,-0.5747110843658447,1
0.3733825981616974,0.10902148485183716,0.893709123134613,0.7952117323875427,-0.19533517956733704,0.023420149460434914,-0.5735275149345398,0.7959694862365723,0.025328919291496277,0.019978148862719536,0,0.3955974578857422,0.10747455060482025,0.8878060579299927,0.7904220819473267,-0.2065485119819641,0.042952146381139755,-0.5750874280929565,1
0.37570762634277344,0.10890785604715347,0.8930807709693909,0.794798731803894,-0.19645178318023682,0.025355933234095573,-0.5736364722251892,0.7959694862365723,0.025328919291496277,0.019978148862719536,0,0.4021364748477936,0.10702236741781235,0.8858278393745422,0.7889729738235474,-0.20981845259666443,0.048616889864206314,-0.5754425525665283,1
0.378492146730423,0.1087622120976448,0.8923203349113464,0.7942896485328674,-0.19779963791370392,0.02768660895526409,-0.5737705826759338,0.7959694862365723,0.025328919291496277,0.019978148862719536,0,0.4086529016494751,0.10655663907527924,0.8837711215019226,0.7874835133552551,-0.21308690309524536,0.05427093058824539,-0.575776219367981,1
0.3816926181316376,0.10858616977930069,0.8914316296577454,0.7936897873878479,-0.1993570625782013,0.03037448599934578,-0.5739256143569946,0.7959694862365723,0.025328919291496277,0.019978148862719536,0,0.4151451885700226,0.1060774177312851,0.8816365003585815,0.7859538793563843,-0.21635377407073975,0.05991370230913162,-0.5760883092880249,1
0.38526642322540283,0.10838144272565842,0.8904192447662354,0.7930039763450623,-0.20110365748405457,0.03338383883237839,-0.5740969777107239,0.7959694862365723,0.025328919291496277,0.019978148862719536,0,0.4216127395629883,0.10558495670557022,0.8794242143630981,0.7843843102455139,-0.21961894631385803,0.0655452311038971,-0.5763788223266602,1
0.3891732692718506,0.10814933478832245,0.8892870545387268,0.7922365665435791,-0.20301982760429382,0.03668111190199852,-0.5742809772491455,0.7959694862365723,0.025328919291496277,0.019978148862719536,0,0.42805469036102295,0.1050790473818779,0.8771341443061829,0.7827749848365784,-0.22288234531879425,0.07116537541151047,-0.5766475200653076,1
0.3933754563331604,0.10789134353399277,0.8880391120910645,0.7913912534713745,-0.20508767664432526,0.04023493453860283,-0.5744736790657043,0.7959694862365723,0.025328919291496277,0.019978148862719536,0,0.43447017669677734,0.10455989837646484,0.8747668862342834,0.7811257839202881,-0.22614413499832153,0.07677396386861801,-0.5768943428993225,1
0.3978384733200073,0.1076083779335022,0.8866787552833557,0.7904711365699768,-0.20729081332683563,0.04401759058237076,-0.5746724009513855,0.7959694862365723,0.025328919291496277,0.019978148862719536,0,0.4408571720123291,0.1040276288986206,0.8723230957984924,0.779437243938446,-0.22940367460250854,0.08236990869045258,-0.5771192908287048,1
0.4025314748287201,0.10730182379484177,0.8852089047431946,0.7894794344902039,-0.20961439609527588,0.04800378903746605,-0.5748735070228577,0.7959694862365723,0.025328919291496277,0.019978148862719536,0,0.4472154676914215,0.10348234325647354,0.8698027729988098,0.7777094841003418,-0.23266130685806274,0.08795332163572311,-0.5773221850395203,1
0.40742507576942444,0.10697228461503983,0.8836328387260437,0.7884184718132019,-0.21204496920108795,0.05216962844133377,-0.5750752091407776,0.7959694862365723,0.025328919291496277,0.019978148862719536,0,0.45354390144348145,0.10292411595582962,0.867206335067749,0.7759425044059753,-0.2359166294336319,0.09352411329746246,-0.5775029063224792,1
0.4124950170516968,0.10662060230970383,0.8819522261619568,0.7872908115386963,-0.21457071602344513,0.05649540573358536,-0.575274646282196,0.7959694862365723,0.025328919291496277,0.019978148862719536,0,0.4598415493965149,0.10235327482223511,0.8645342588424683,0.7741369605064392,-0.23916982114315033,0.09908195585012436,-0.5776612162590027,1
0.4177181124687195,0.10624777525663376,0.880169689655304,0.7860984206199646,-0.21718105673789978,0.060962043702602386,-0.5754694938659668,0.7959694862365723,0.025328919291496277,0.019978148862719536,0,0.4661073386669159,0.10176955163478851,0.8617868423461914,0.7722926139831543,-0.2424205094575882,0.10462634265422821,-0.5777973532676697,1
0.42307382822036743,0.10585437715053558,0.8782867789268494,0.7848435044288635,-0.21986651420593262,0.06555300951004028,-0.5756580829620361,0.7959694862365723,0.025328919291496277,0.019978148862719536,0,0.47234001755714417,0.10117323696613312,0.8589645624160767,0.770409882068634,-0.24566854536533356,0.11015702039003372,-0.5779107809066772,1
0.4285435378551483,0.10544109344482422,0.876305878162384,0.783527672290802,-0.2226184457540512,0.0702536404132843,-0.5758383870124817,0.7959694862365723,0.025328919291496277,0.019978148862719536,0,0.4785391390323639,0.10056446492671967,0.8560677766799927,0.7684887647628784,-0.2489144206047058,0.11567386984825134,-0.5780017971992493,1
0.43411117792129517,0.10500823706388474,0.8742284178733826,0.782152533531189,-0.22542914748191833,0.07505056262016296,-0.5760091543197632,0.7959694862365723,0.025328919291496277,0.019978148862719536,0,0.48470351099967957,0.09994334727525711,0.8530969023704529,0.7665296792984009,-0.2521573603153229,0.12117652595043182,-0.5780702233314514,1
0.43976160883903503,0.10455664247274399,0.8720558285713196,0.7807199954986572,-0.22829203307628632,0.07993166893720627,-0.5761681795120239,0.7959694862365723,0.025328919291496277,0.019978148862719536,0,0.49083176255226135,0.0993100181221962,0.850052535533905,0.7645326256752014,-0.25539737939834595,0.1266644299030304,-0.5781158804893494,1
0.44548165798187256,0.1040869653224945,0.869789719581604,0.7792314887046814,-0.23120102286338806,0.08488652110099792,-0.5763147473335266,0.7959694862365723,0.025328919291496277,0.019978148862719536,0,0.4969237744808197,0.09866461157798767,0.8469347953796387,0.7624980211257935,-0.2586347758769989,0.13213789463043213,-0.5781387090682983,1
0.4512594938278198,0.1035991758108139,0.8674314022064209,0.7776879072189331,-0.2341507375240326,0.0899052694439888,-0.576447606086731,0.7959694862365723,0.025328919291496277,0.019978148862719536,0,0.502977728843689,0.098007433116436,0.8437445759773254,0.7604261040687561,-0.2618691921234131,0.1375959813594818,-0.5781383514404297,1
0.45708417892456055,0.10309422016143799,0.8649823069572449,0.7760911583900452,-0.2371361404657364,0.09497959911823273,-0.5765654444694519,0.7959694862365723,0.025328919291496277,0.019978148862719536,0,0.50899338722229,0.09733828157186508,0.8404818773269653,0.7583167552947998,-0.2651005685329437,0.14303910732269287,-0.5781151056289673,1
0.4629460275173187,0.10257241129875183,0.8624439835548401,0.7744422554969788,-0.2401532530784607,0.10010162740945816,-0.5766674280166626,0.7959694862365723,0.025328919291496277,0.019978148862719536,0,0.5149692296981812,0.09665746241807938,0.8371476531028748,0.7561704516410828,-0.2683286666870117,0.14846648275852203,-0.5780687928199768,1
0.4688366651535034,0.10203404724597931,0.8598171472549438,0.7727422118186951,-0.243197962641716,0.10526455193758011,-0.5767526030540466,0.7959694862365723,0.025328919291496277,0.019978148862719536,0,0.5209044814109802,0.09596510231494904,0.8337422013282776,0.7539875507354736,-0.2715533971786499,0.15387794375419617,-0.5779992341995239,1
0.47474807500839233,0.10147956758737564,0.8571034669876099,0.7709922194480896,-0.2462671548128128,0.11046211421489716,-0.5768203139305115,0.7959694862365723,0.025328919291496277,0.019978148862719536,0,0.5267983675003052,0.09526140242815018,0.830265998840332,0.7517678737640381,-0.2747747004032135,0.15927310287952423,-0.5779064893722534,1
0.4806731045246124,0.10090935975313187,0.854303777217865,0.7691931128501892,-0.2493574172258377,0.11568909138441086,-0.5768697261810303,0.7959694862365723,0.025328919291496277,0.019978148862719536,0,0.5326502919197083,0.09454647451639175,0.8267194628715515,0.7495118379592896,-0.2779930531978607,0.16465210914611816,-0.5777901411056519,1
0.4866058826446533,0.10032376646995544,0.8514191508293152,0.7673460841178894,-0.25246644020080566,0.12094057351350784,-0.5769003629684448,0.7959694862365723,0.025328919291496277,0.019978148862719536,0,0.538458526134491,0.09382069110870361,0.8231032490730286,0.7472198009490967,-0.28120747208595276,0.17001411318778992,-0.5776504874229431,1
0.49253976345062256,0.09972326457500458,0.8484510779380798,0.7654520273208618,-0.2555914521217346,0.12621138989925385,-0.576911449432373,0.7959694862365723,0.025328919291496277,0.019978148862719536,0,0.5442225933074951,0.09308383613824844,0.81941819190979,0.744891881942749,-0.28441816568374634,0.17535924911499023,-0.5774871706962585,1
0.4984695315361023,0.09910821914672852,0.8454006910324097,0.7635118961334229,-0.2587301433086395,0.13149771094322205,-0.5769026279449463,0.7959694862365723,0.025328919291496277,0.019978148862719536,0,0.5499415993690491,0.0923362597823143,0.8156644105911255,0.7425282597541809,-0.28762537240982056,0.1806870400905609,-0.5773001909255981,1
0.5043909549713135,0.09847864508628845,0.8422688245773315,0.7615262866020203,-0.26188063621520996,0.13679637014865875,-0.5768733024597168,0.7959694862365723,0.025328919291496277,0.019978148862719536,0,0.5556148290634155,0.09157811105251312,0.8118425607681274,0.7401291728019714,-0.290828675031662,0.18599730730056763,-0.5770896077156067,1
0.5102996230125427,0.09783513844013214,0.8390561938285828,0.7594961524009705,-0.26504161953926086,0.14210399985313416,-0.5768231153488159,0.7959694862365723,0.025328919291496277,0.019978148862719536,0,0.5612413883209229,0.09080955386161804,0.8079531788825989,0.7376948595046997,-0.29402801394462585,0.19129005074501038,-0.5768551230430603,1
0.5161913633346558,0.09717794507741928,0.8357642889022827,0.7574222087860107,-0.2682109773159027,0.14741754531860352,-0.5767516493797302,0.7959694862365723,0.025328919291496277,0.019978148862719536,0,0.5668197274208069,0.09003081172704697,0.8039973378181458,0.7352257966995239,-0.2972230315208435,0.19656433165073395,-0.5765967965126038,1
0.5220624208450317,0.09650750458240509,0.8323941826820374,0.7553051710128784,-0.2713875472545624,0.15273402631282806,-0.5766585469245911,0.7959694862365723,0.025328919291496277,0.019978148862719536,0,0.572349488735199,0.08924224972724915,0.7999752163887024,0.7327219247817993,-0.3004140853881836,0.20182038843631744,-0.576314389705658,1
0.5279096364974976,0.0958237275481224,0.8289464712142944,0.753145694732666,-0.27456969022750854,0.1580514907836914,-0.5765437483787537,0.7959694862365723,0.025328919291496277,0.019978148862719536,0,0.5778299570083618,0.08844363689422607,0.7958873510360718,0.7301836013793945,-0.3036009669303894,0.20705777406692505,-0.5760080218315125,1
0.5337296724319458,0.09512729942798615,0.8254223465919495,0.7509445548057556,-0.2777566909790039,0.163367360830307,-0.5764066576957703,0.7959694862365723,0.025328919291496277,0.019978148862719536,0,0.5832601189613342,0.0876353532075882,0.7917345762252808,0.7276110053062439,-0.30678343772888184,0.2122764140367508,-0.5756776928901672,1
0.5395200252532959,0.09441831707954407,0.8218228220939636,0.7487020492553711,-0.28094732761383057,0.1686800718307495,-0.5762470960617065,0.7959694862365723,0.025328919291496277,0.019978148862719536,0,0.5886392593383789,0.08681757748126984,0.7875174283981323,0.7250044345855713,-0.3099615275859833,0.21747596561908722,-0.5753230452537537,1
0.5452783703804016,0.09369710832834244,0.8181484937667847,0.7464190721511841,-0.28414076566696167,0.17398777604103088,-0.5760648846626282,0.7959694862365723,0.025328919291496277,0.019978148862719536,0,0.5939661860466003,0.0859905481338501,0.7832366824150085,0.7223641276359558,-0.31313490867614746,0.22265587747097015,-0.5749441981315613,1
0.5510015487670898,0.0929638147354126,0.8144006729125977,0.7440962195396423,-0.2873361110687256,0.1792888194322586,-0.5758594870567322,0.7959694862365723,0.025328919291496277,0.019978148862719536,0,0.5992403030395508,0.08515440672636032,0.778892993927002,0.719690203666687,-0.3163038492202759,0.2278164029121399,-0.5745409727096558,1
0.5566878318786621,0.09221877157688141,0.8105801343917847,0.7417338490486145,-0.29053249955177307,0.18458132445812225,-0.5756312608718872,0.7959694862365723,0.025328919291496277,0.019978148862719536,0,0.6044610738754272,0.08430961519479752,0.7744866013526917,0.7169833779335022,-0.3194682002067566,0.2329569160938263,-0.5741130709648132,1
0.5623354911804199,0.09146232157945633,0.8066874146461487,0.7393324971199036,-0.2937295138835907,0.18986454606056213,-0.5753796100616455,0.7959694862365723,0.025328919291496277,0.019978148862719536,0,0.6096270680427551,0.08345591276884079,0.7700189352035522,0.7142433524131775,-0.32262763381004333,0.2380773425102234,-0.5736610293388367,1
0.5679416060447693,0.09069464355707169,0.8027241230010986,0.7368928790092468,-0.2969261109828949,0.1951368749141693,-0.5751045942306519,0.7959694862365723,0.025328919291496277,0.019978148862719536,0,0.6147381663322449,0.08259370177984238,0.7654898762702942,0.7114704847335815,-0.3257821798324585,0.24317742884159088,-0.5731844305992126,1
0.5735051035881042,0.08991588652133942,0.7986905574798584,0.7344151139259338,-0.300121933221817,0.20039749145507812,-0.5748059749603271,0.7959694862365723,0.025328919291496277,0.019978148862719536,0,0.6197929978370667,0.08172325044870377,0.7609009146690369,0.7086651921272278,-0.3289317190647125,0.24825674295425415,-0.5726833343505859,1
0.579024076461792,0.08912665396928787,0.7945879101753235,0.7319002151489258,-0.30331674218177795,0.20564496517181396,-0.5744833946228027,0.7959694862365723,0.025328919291496277,0.019978148862719536,0,0.6247912049293518,0.0808447077870369,0.7562520503997803,0.705827534198761,-0.3320763409137726,0.2533153295516968,-0.5721574425697327,1
0.5844968557357788,0.08832670003175735,0.790416955947876,0.7293480038642883,-0.30650952458381653,0.21087875962257385,-0.5741371512413025,0.7959694862365723,0.025328919291496277,0.019978148862719536,0,0.6297314763069153,0.07995834201574326,0.7515447735786438,0.7029580473899841,-0.33521559834480286,0.2583523690700531,-0.5716068744659424,1
0.589922308921814,0.08751662075519562,0.7861782908439636,0.7267593741416931,-0.3097003996372223,0.21609771251678467,-0.5737665891647339,0.7959694862365723,0.025328919291496277,0.019978148862719536,0,0.6346136927604675,0.07906432449817657,0.7467789649963379,0.7000567317008972,-0.33834972977638245,0.2633683681488037,-0.5710315704345703,1
0.5952985882759094,0.08669662475585938,0.7818731069564819,0.7241345643997192,-0.31288859248161316,0.2213013470172882,-0.5733720660209656,0.7959694862365723,0.025328919291496277,0.019978148862719536,0,0.6394370794296265,0.07816311717033386,0.7419556975364685,0.6971242427825928,-0.34147849678993225,0.26836279034614563,-0.5704310536384583,1
0.6006243824958801,0.08586688339710236,0.7775022387504578,0.7214741706848145,-0.31607377529144287,0.22648829221725464,-0.5729532837867737,0.7959694862365723,0.025328919291496277,0.019978148862719536,0,0.6442004442214966,0.07725481688976288,0.737075686454773,0.6941605806350708,-0.3446018099784851,0.2733352780342102,-0.5698056221008301,1
0.6058987379074097,0.08502760529518127,0.7730664014816284,0.7187781929969788,-0.31925591826438904,0.23165839910507202,-0.5725100636482239,0.7959694862365723,0.025328919291496277,0.019978148862719536,0,0.6489031910896301,0.0763392224907875,0.7321401238441467,0.6911658644676208,-0.347719669342041,0.27828553318977356,-0.5691555142402649,1
0.6111199855804443,0.08417921513319016,0.7685666680335999,0.7160476446151733,-0.3224342465400696,0.23681087791919708,-0.5720422863960266,0.7959694862365723,0.025328919291496277,0.019978148862719536,0,0.6535448431968689,0.07541690021753311,0.7271491885185242,0.6881402730941772,-0.3508318364620209,0.28321364521980286,-0.5684802532196045,1
0.6162874698638916,0.08332168310880661,0.7640035152435303,0.7132823467254639,-0.32560890913009644,0.24194516241550446,-0.5715500712394714,0.7959694862365723,0.025328919291496277,0.019978148862719536,0,0.6581243872642517,0.07448805123567581,0.7221040725708008,0.6850844621658325,-0.35393819212913513,0.2881191074848175,-0.567780077457428,1
0.6213995814323425,0.08245547115802765,0.75937819480896,0.7104829549789429,-0.32877951860427856,0.24706058204174042,-0.5710331797599792,0.7959694862365723,0.025328919291496277,0.019978148862719536,0,0.6626414656639099,0.0735529288649559,0.7170052528381348,0.6819985508918762,-0.35703885555267334,0.29300183057785034,-0.5670546889305115,1
0.6264554262161255,0.0815807655453682,0.754691481590271,0.7076497077941895,-0.3319455683231354,0.2521565556526184,-0.5704919099807739,0.7959694862365723,0.025328919291496277,0.019978148862719536,0,0.6670950055122375,0.07261200994253159,0.7118537425994873,0.6788829565048218,-0.36013370752334595,0.29786115884780884,-0.566304087638855,1
0.6314542889595032,0.08069778233766556,0.7499439716339111,0.7047830820083618,-0.3351072072982788,0.25723299384117126,-0.5699254274368286,0.7959694862365723,0.025328919291496277,0.019978148862719536,0,0.6714844703674316,0.07166504859924316,0.7066502571105957,0.6757376790046692,-0.3632223308086395,0.3026975095272064,-0.5655282139778137,1
0.6363945007324219,0.07980698347091675,0.7451369762420654,0.7018836140632629,-0.33826401829719543,0.2622888386249542,-0.569334089756012,0.7959694862365723,0.025328919291496277,0.019978148862719536,0,0.6758092641830444,0.07071251422166824,0.7013957500457764,0.6725632548332214,-0.3663049340248108,0.3075103163719177,-0.5647270679473877,1
0.6412755846977234,0.07890813052654266,0.7402709126472473,0.6989510655403137,-0.3414158225059509,0.26732414960861206,-0.5687181949615479,0.7959694862365723,0.025328919291496277,0.019978148862719536,0,0.680068850517273,0.06975463777780533,0.6960906386375427,0.6693596243858337,-0.36938148736953735,0.31229957938194275,-0.5639005899429321,1
0.6460968255996704,0.07800165563821793,0.735346794128418,0.6959863901138306,-0.344562292098999,0.27233847975730896,-0.568077027797699,0.7959694862365723,0.025328919291496277,0.019978148862719536,0,0.6842622756958008,0.06879168748855591,0.6907361745834351,0.6661275029182434,-0.37245142459869385,0.31706446409225464,-0.5630490183830261,1
0.6508570909500122,0.07708840072154999,0.7303654551506042,0.692989706993103,-0.3477037847042084,0.27733102440834045,-0.5674106478691101,0.7959694862365723,0.025328919291496277,0.019978148862719536,0,0.6883893609046936,0.0678238794207573,0.6853329539299011,0.6628668308258057,-0.37551549077033997,0.32180532813072205,-0.5621716976165771,1
0.6555553674697876,0.07616788893938065,0.7253277897834778,0.6899612545967102,-0.3508395254611969,0.2823016941547394,-0.5667193531990051,0.7959694862365723,0.025328919291496277,0.019978148862719536,0,0.6924489736557007,0.06685175746679306,0.6798821091651917,0.6595780849456787,-0.37857288122177124,0.32652172446250916,-0.5612689256668091,1
0.660190761089325,0.07524024695158005,0.7202349305152893,0.686901330947876,-0.3539693057537079,0.28724998235702515,-0.5660032033920288,0.7959694862365723,0.025328919291496277,0.019978148862719536,0,0.6964407563209534,0.06587503105401993,0.6743841171264648,0.6562612652778625,-0.38162389397621155,0.33121365308761597,-0.5603407025337219,1
0.6647628545761108,0.0743064135313034,0.7150874733924866,0.6838105916976929,-0.35709360241889954,0.2921757400035858,-0.5652613639831543,0.7959694862365723,0.025328919291496277,0.019978148862719536,0,0.7003638744354248,0.06489419937133789,0.6688400506973267,0.6529170870780945,-0.3846680521965027,0.3358805477619171,-0.5593871474266052,1
0.6692706346511841,0.07336613535881042,0.7098862528800964,0.6806890964508057,-0.36021173000335693,0.2970784604549408,-0.5644946098327637,0.7959694862365723,0.025328919291496277,0.019978148862719536,0,0.7042182683944702,0.06390953809022903,0.6632509231567383,0.6495456099510193,-0.3877055048942566,0.3405224084854126,-0.5584078431129456,1
0.673713207244873,0.07241970300674438,0.7046325206756592,0.6775372624397278,-0.36332353949546814,0.3019578158855438,-0.5637025833129883,0.7959694862365723,0.025328919291496277,0.019978148862719536,0,0.7080032229423523,0.06292124837636948,0.6576167941093445,0.6461469531059265,-0.3907366096973419,0.3451392352581024,-0.5574027895927429,1
0.67808997631073,0.07146778702735901,0.6993266940116882,0.6743555068969727,-0.36642926931381226,0.30681362748146057,-0.5628849267959595,0.7959694862365723,0.025328919291496277,0.019978148862719536,0,0.7117176651954651,0.06192965805530548,0.6519397497177124,0.6427215933799744,-0.393760621547699,0.3497304320335388,-0.5563722252845764,1
0.6824003458023071,0.07051017880439758,0.6939700245857239,0.6711440682411194,-0.369528591632843,0.3116455674171448,-0.5620419979095459,0.7959694862365723,0.025328919291496277,0.019978148862719536,0,0.7153615355491638,0.060935258865356445,0.6462198495864868,0.6392699480056763,-0.3967776894569397,0.3542958199977875,-0.5553159117698669,1
0.6866435408592224,0.0695473775267601,0.6885631680488586,0.6679031848907471,-0.3726213574409485,0.3164534866809845,-0.5611734986305237,0.7959694862365723,0.025328919291496277,0.019978148862719536,0,0.7189339995384216,0.059937767684459686,0.6404587030410767,0.6357921361923218,-0.399787575006485,0.35883527994155884,-0.5542341470718384,1
0.6908186078071594,0.06857933849096298,0.6831073760986328,0.6646332740783691,-0.37570735812187195,0.32123664021492004,-0.5602797865867615,0.7959694862365723,0.025328919291496277,0.019978148862719536,0,0.7224346995353699,0.05893774330615997,0.6346564292907715,0.6322885155677795,-0.40279048681259155,0.36334851384162903,-0.5531263947486877,1
0.6949251890182495,0.0676068589091301,0.6776033639907837,0.661334753036499,-0.37878668308258057,0.32599493861198425,-0.5593604445457458,0.7959694862365723,0.025328919291496277,0.019978148862719536,0,0.7258636951446533,0.05793537572026253,0.6288139820098877,0.6287590861320496,-0.40578630566596985,0.3678358793258667,-0.5519928336143494,1
0.6989626288414001,0.06662941724061966,0.6720519661903381,0.6580076217651367,-0.3818589746952057,0.3307285010814667,-0.5584157705307007,0.7959694862365723,0.025328919291496277,0.019978148862719536,0,0.7292192578315735,0.056930992752313614,0.6229328513145447,0.6252046823501587,-0.40877458453178406,0.37229663133621216,-0.550833523273468,1
0.7029301524162292,0.06564804166555405,0.6664541959762573,0.6546526551246643,-0.38492444157600403,0.3354366421699524,-0.5574453473091125,0.7959694862365723,0.025328919291496277,0.019978148862719536,0,0.7325016260147095,0.05592483654618263,0.6170138716697693,0.6216253042221069,-0.41175538301467896,0.37673047184944153,-0.5496485233306885,1
0.7068272829055786,0.06466272473335266,0.6608108878135681,0.6512699127197266,-0.38798272609710693,0.3401191234588623,-0.5564493536949158,0.7959694862365723,0.025328919291496277,0.019978148862719536,0,0.7357103228569031,0.05491747707128525,0.6110576391220093,0.6180213689804077,-0.41472890973091125,0.3811374008655548,-0.5484375357627869,1
0.7106532454490662,0.0636737197637558,0.6551234126091003,0.6478597521781921,-0.391033798456192,0.3447757363319397,-0.5554277300834656,0.7959694862365723,0.025328919291496277,0.019978148862719536,0,0.7388448715209961,0.053908590227365494,0.6050652265548706,0.6143929958343506,-0.41769492626190186,0.3855172395706177,-0.547200620174408,1
0.7144078016281128,0.06268103420734406,0.6493918299674988,0.6444223523139954,-0.39407768845558167,0.3494066298007965,-0.5543804168701172,0.7959694862365723,0.025328919291496277,0.019978148862719536,0,0.7419050931930542,0.05289870500564575,0.5990371108055115,0.6107404828071594,-0.42065340280532837,0.3898700475692749,-0.5459378361701965,1
0.7180901169776917,0.06168545410037041,0.6436177492141724,0.6409582495689392,-0.3971140384674072,0.35401108860969543,-0.5533074140548706,0.7959694862365723,0.025328919291496277,0.019978148862719536,0,0.7448896765708923,0.051888152956962585,0.5929752588272095,0.6070643663406372,-0.4236038327217102,0.3941951394081116,-0.5446492433547974,1
0.7216997146606445,0.06068671867251396,0.6378019452095032,0.6374674439430237,-0.40014299750328064,0.35858917236328125,-0.5522088408470154,0.7959694862365723,0.025328919291496277,0.019978148862719536,0,0.7477989792823792,0.05087714269757271,0.5868799686431885,0.6033647060394287,-0.4265466630458832,0.39849263429641724,-0.5433347225189209,1
0.7252359390258789,0.059685368090867996,0.6319456100463867,0.6339508295059204,-0.4031641185283661,0.36314037442207336,-0.5510843396186829,0.7959694862365723,0.025328919291496277,0.019978148862719536,0,0.7506322860717773,0.0498659685254097,0.5807523131370544,0.5996420383453369,-0.42948153614997864,0.40276214480400085,-0.5419940948486328,1
0.7286983728408813,0.058681901544332504,0.6260495781898499,0.6304082870483398,-0.4061776399612427,0.36766448616981506,-0.5499343276023865,0.7959694862365723,0.025328919291496277,0.019978148862719536,0,0.7535025477409363,0.048812948167324066,0.5743356347084045,0.5957399010658264,-0.43253037333488464,0.40717995166778564,-0.5405700206756592,1
0.7320916652679443,0.057674068957567215,0.6201032400131226,0.6268307566642761,-0.4091896712779999,0.3721717596054077,-0.5487576723098755,0.7959694862365723,0.025328919291496277,0.019978148862719536,0,0.756289541721344,0.04776008799672127,0.5678863525390625,0.5918133854866028,-0.43557009100914,0.4115668535232544,-0.5391179323196411,1
0.7354182600975037,0.05666162446141243,0.6141021847724915,0.623216450214386,-0.4122028052806854,0.37666481733322144,-0.5475524067878723,0.7959694862365723,0.025328919291496277,0.019978148862719536,0,0.7589927911758423,0.04670823737978935,0.5614050626754761,0.5878629684448242,-0.43860113620758057,0.41592299938201904,-0.5376375317573547,1
0.7386794090270996,0.05564434453845024,0.6080437302589417,0.6195650100708008,-0.4152178168296814,0.38114461302757263,-0.5463168621063232,0.7959694862365723,0.025328919291496277,0.019978148862719536,0,0.7616119384765625,0.045657411217689514,0.5548931956291199,0.5838887691497803,-0.4416234791278839,0.420247882604599,-0.5361289978027344,1
0.7418736219406128,0.05462229251861572,0.601929783821106,0.6158770322799683,-0.41823387145996094,0.3856099545955658,-0.5450511574745178,0.7959694862365723,0.025328919291496277,0.019978148862719536,0,0.7641468644142151,0.04460763558745384,0.5483511686325073,0.5798908472061157,-0.4446367621421814,0.42454206943511963,-0.5345920324325562,1
0.7449997663497925,0.05359623581171036,0.5957610011100769,0.6121534109115601,-0.42125093936920166,0.39006003737449646,-0.5437544584274292,0.7959694862365723,0.025328919291496277,0.019978148862719536,0,0.7665968537330627,0.04355981945991516,0.5417808890342712,0.5758703947067261,-0.4476407468318939,0.4288044273853302,-0.5330269932746887,1
0.748055636882782,0.052566271275281906,0.5895399451255798,0.608394980430603,-0.4242677390575409,0.39449313282966614,-0.5424273610115051,0.7959694862365723,0.025328919291496277,0.019978148862719536,0,0.7689616084098816,0.042513687163591385,0.5351831316947937,0.5718271732330322,-0.45063546299934387,0.433035284280777,-0.5314337015151978,1
0.7510402202606201,0.05153322592377663,0.5832680463790894,0.6046030521392822,-0.4272836446762085,0.39890801906585693,-0.5410694479942322,0.7959694862365723,0.025328919291496277,0.019978148862719536,0,0.7712405920028687,0.04147011786699295,0.5285593867301941,0.5677616000175476,-0.4536210894584656,0.43723398447036743,-0.5298123359680176,1
0.7539511919021606,0.05049746856093407,0.5769484043121338,0.6007784605026245,-0.43029752373695374,0.40330302715301514,-0.5396811962127686,0.7959694862365723,0.025328919291496277,0.019978148862719536,0,0.7734341621398926,0.040429115295410156,0.5219098329544067,0.5636741518974304,-0.4565974175930023,0.441400945186615,-0.5281622409820557,1
0.7567868232727051,0.049459680914878845,0.5705834627151489,0.5969225168228149,-0.43330854177474976,0.407676637172699,-0.5382628440856934,0.7959694862365723,0.025328919291496277,0.019978148862719536,0,0.7755413055419922,0.03939075022935867,0.5152367949485779,0.5595650672912598,-0.4595640301704407,0.44553568959236145,-0.5264841914176941,1
0.759546160697937,0.04842013120651245,0.5641746520996094,0.5930356979370117,-0.43631622195243835,0.4120282530784607,-0.5368140935897827,0.7959694862365723,0.025328919291496277,0.019978148862719536,0,0.777562141418457,0.03835582733154297,0.5085405707359314,0.5554347634315491,-0.4625212848186493,0.44963788986206055,-0.5247779488563538,1
0.762226939201355,0.04737979546189308,0.5577255487442017,0.5891198515892029,-0.4393192231655121,0.41635560989379883,-0.5353356599807739,0.7959694862365723,0.025328919291496277,0.019978148862719536,0,0.7794961929321289,0.03732418268918991,0.501822829246521,0.551283597946167,-0.46546873450279236,0.45370787382125854,-0.5230432748794556,1
0.7648288607597351,0.046338655054569244,0.5512368679046631,0.5851748585700989,-0.4423176944255829,0.4206584692001343,-0.533827543258667,0.7959694862365723,0.025328919291496277,0.019978148862719536,0,0.7813433408737183,0.036296624690294266,0.49508410692214966,0.547111988067627,-0.46840664744377136,0.4577449858188629,-0.5212803483009338,1
0.7673498392105103,0.04529772698879242,0.5447115898132324,0.5812023878097534,-0.4453105032444,0.42493537068367004,-0.5322896838188171,0.7959694862365723,0.025328919291496277,0.019978148862719536,0,0.7831031084060669,0.035272907465696335,0.48832646012306213,0.5429203510284424,-0.4713342487812042,0.4617489278316498,-0.5194894671440125,1
0.7697892785072327,0.04425698146224022,0.5381516814231873,0.5772026181221008,-0.4482971131801605,0.42918556928634644,-0.5307226777076721,0.7959694862365723,0.025328919291496277,0.019978148862719536,0,0.78477543592453,0.03425393998622894,0.48155054450035095,0.5387088656425476,-0.4742524027824402,0.46571990847587585,-0.5176701545715332,1
0.7721463441848755,0.04321705177426338,0.5315585732460022,0.5731768012046814,-0.45127707719802856,0.4334082305431366,-0.5291263461112976,0.7959694862365723,0.025328919291496277,0.019978148862719536,0,0.7863601446151733,0.033239684998989105,0.47475695610046387,0.5344778895378113,-0.47716042399406433,0.4696577191352844,-0.5158224105834961,1
0.7744198441505432,0.042178601026535034,0.5249345898628235,0.5691256523132324,-0.4542499780654907,0.43760234117507935,-0.5275008082389832,0.7959694862365723,0.025328919291496277,0.019978148862719536,0,0.787856936454773,0.03223023563623428,0.4679478108882904,0.5302279591560364,-0.4800582826137543,0.4735620617866516,-0.5139467716217041,1
0.7766093611717224,0.04114163666963577,0.5182809233665466,0.5650492906570435,-0.4572155177593231,0.4417678117752075,-0.5258463025093079,0.7959694862365723,0.025328919291496277,0.019978148862719536,0,0.7892658710479736,0.03122657537460327,0.4611237347126007,0.5259594917297363,-0.48294597864151,0.4774327278137207,-0.5120427012443542,1
0.7787138223648071,0.040106821805238724,0.5116000175476074,0.5609490275382996,-0.4601730406284332,0.44590362906455994,-0.5241629481315613,0.7959694862365723,0.025328919291496277,0.019978148862719536,0,0.7905862331390381,0.03022817336022854,0.4542863965034485,0.5216725468635559,-0.48582345247268677,0.4812694489955902,-0.5101107954978943,1
0.780733048915863,0.03907443583011627,0.5048930644989014,0.5568251609802246,-0.4631224572658539,0.45000916719436646,-0.522450864315033,0.7959694862365723,0.025328919291496277,0.019978148862719536,0,0.7918184995651245,0.029236041009426117,0.44743597507476807,0.5173676609992981,-0.48869073390960693,0.48507267236709595,-0.5081501603126526,1
0.7826662063598633,0.038045141845941544,0.4981614351272583,0.5526785254478455,-0.4660634994506836,0.454084187746048,-0.5207098722457886,0.7959694862365723,0.025328919291496277,0.019978148862719536,0,0.7929621934890747,0.02825021743774414,0.4405750036239624,0.5130453705787659,-0.491547167301178,0.48884138464927673,-0.5061617493629456,1
0.7845126986503601,0.037018921226263046,0.4914070963859558,0.548509418964386,-0.4689958393573761,0.45812782645225525,-0.518940269947052,0.7959694862365723,0.025328919291496277,0.019978148862719536,0,0.7940172553062439,0.027270685881376266,0.4337036609649658,0.5087057948112488,-0.49439314007759094,0.4925760328769684,-0.5041453838348389,1
0.7862722873687744,0.03599613159894943,0.48463186621665955,0.5443188548088074,-0.4719187617301941,0.46213996410369873,-0.5171423554420471,0.7959694862365723,0.025328919291496277,0.019978148862719536,0,0.7949837446212769,0.026298362761735916,0.42682331800460815,0.5043492317199707,-0.4972287118434906,0.4962761700153351,-0.5021008253097534,1
0.787944495677948,0.03497770428657532,0.47783687710762024,0.540107011795044,-0.4748324453830719,0.4661197066307068,-0.5153162479400635,0.7959694862365723,0.025328919291496277,0.019978148862719536,0,0.7958614826202393,0.02533290907740593,0.41993507742881775,0.4999762773513794,-0.5000534057617188,0.4999421536922455,-0.5000279545783997,1
0.7895289063453674,0.03396330401301384,0.47102344036102295,0.5358745455741882,-0.47773662209510803,0.4700673222541809,-0.5134615898132324,0.7959694862365723,0.025328919291496277,0.019978148862719536,0,0.7895289063453674,0.03396330401301384,0.47102344036102295,0.5358745455741882,-0.47773662209510803,0.4700673222541809,-0.5134615898132324,1
0.791022002696991,0.03338232263922691,0.4648265838623047,0.5330938696861267,-0.4804333448410034,0.4735943675041199,-0.5105909109115601,0.7959694862365723,0.025328919291496277,0.019978148862719536,0,0.7900847792625427,0.033829569816589355,0.4688071608543396,0.5355173349380493,-0.47796452045440674,0.4703807532787323,-0.5133351683616638,1
0.7923450469970703,0.03311555087566376,0.4596359431743622,0.5310335755348206,-0.4825350344181061,0.4763578176498413,-0.5081794261932373,0.7959694862365723,0.025328919291496277,0.019978148862719536,0,0.7906308174133301,0.033696968108415604,0.46658867597579956,0.5351600050926208,-0.4781925082206726,0.470693975687027,-0.5132083296775818,1
0.7935190200805664,0.03298056498169899,0.4554862380027771,0.5295577049255371,-0.4840664863586426,0.47832879424095154,-0.50640869140625,0.7959694862365723,0.025328919291496277,0.019978148862719536,0,0.7911666631698608,0.033564917743206024,0.46436822414398193,0.5348024368286133,-0.47842031717300415,0.4710072875022888,-0.5130812525749207,1
0.794567346572876,0.03289851173758507,0.4523843824863434,0.5286362171173096,-0.48502302169799805,0.47954002022743225,-0.5053095817565918,0.7959694862365723,0.025328919291496277,0.019978148862719536,0,0.7916924357414246,0.03343374654650688,0.46214616298675537,0.5344446897506714,-0.47864818572998047,0.47132015228271484,-0.5129542350769043,1
0.7954971790313721,0.032834503799676895,0.4502548277378082,0.5282161831855774,-0.48544734716415405,0.48006686568260193,-0.5048408508300781,0.7959694862365723,0.025328919291496277,0.019978148862719536,0,0.7922083735466003,0.0333033986389637,0.459922194480896,0.534087061882019,-0.4788758456707001,0.4716327488422394,-0.5128269791603088,1
0.7962583303451538,0.032765455543994904,0.44856172800064087,0.5279873609542847,-0.4856509268283844,0.4803236424922943,-0.5046402215957642,0.7959694862365723,0.025328919291496277,0.019978148862719536,0,0.7927141189575195,0.033173929899930954,0.45769640803337097,0.5337291955947876,-0.4791033864021301,0.471945196390152,-0.5126994252204895,1
0.7968366146087646,0.03269711509346962,0.4471658170223236,0.5278452038764954,-0.4857465624809265,0.4804512858390808,-0.5045753121376038,0.7959694862365723,0.025328919291496277,0.019978148862719536,0,0.7932099103927612,0.033045314252376556,0.4554688334465027,0.5333712100982666,-0.4793309271335602,0.4722573161125183,-0.5125718712806702,1
0.7972335815429688,0.03263559192419052,0.4460628926753998,0.5277829170227051,-0.4857465624809265,0.48046088218688965,-0.5046312808990479,0.7959694862365723,0.025328919291496277,0.019978148862719536,0,0.7936955094337463,0.032917603850364685,0.453239768743515,0.533013105392456,-0.47955843806266785,0.47256913781166077,-0.5124441981315613,1
0.7974762916564941,0.03258506953716278,0.4452189803123474,0.5277970433235168,-0.4856588840484619,0.4803590774536133,-0.5047976970672607,0.7959694862365723,0.025328919291496277,0.019978148862719536,0,0.7941710948944092,0.03279072791337967,0.45100921392440796,0.5326550602912903,-0.479785680770874,0.4728807508945465,-0.5123162269592285,1
0.7976537942886353,0.03254499286413193,0.44446855783462524,0.5278528332710266,-0.4855256676673889,0.48019400238990784,-0.5050245523452759,0.7959694862365723,0.025328919291496277,0.019978148862719536,0,0.7946366667747498,0.03266504406929016,0.4487766623497009,0.5322968363761902,-0.4800132215023041,0.4731920659542084,-0.5121879577636719,1
0.7978134751319885,0.032509010285139084,0.4436938762664795,0.5279110074043274,-0.4853874742984772,0.48001834750175476,-0.5052635669708252,0.7959694862365723,0.025328919291496277,0.019978148862719536,0,0.7950921654701233,0.03253994882106781,0.4465427100658417,0.5319382548332214,-0.4802406430244446,0.4735034704208374,-0.5120594501495361,1
0.7979785203933716,0.0324719175696373,0.44283658266067505,0.5279502868652344,-0.48526492714881897,0.47986114025115967,-0.5054895281791687,0.7959694862365723,0.025328919291496277,0.019978148862719536,0,0.7955374717712402,0.032415721565485,0.4443075656890869,0.5315797328948975,-0.4804680645465851,0.47381436824798584,-0.5119309425354004,1
0.7981603145599365,0.03243020921945572,0.441869854927063,0.5279597640037537,-0.4851681590080261,0.4797372817993164,-0.5056900978088379,0.7959694862365723,0.025328919291496277,0.019978148862719536,0,0.7959727048873901,0.03229239955544472,0.4420708417892456,0.5312211513519287,-0.4806951880455017,0.4741251766681671,-0.5118021368980408,1
0.7983629107475281,0.03238203749060631,0.4407867193222046,0.5279359817504883,-0.48510047793388367,0.47965171933174133,-0.5058608651161194,0.7959694862365723,0.025328919291496277,0.019978148862719536,0,0.7963979840278625,0.03216995671391487,0.43983250856399536,0.5308623313903809,-0.4809223711490631,0.4744356870651245,-0.5116732120513916,1
0.798586905002594,0.03232727572321892,0.43958771228790283,0.5278787612915039,-0.4850625693798065,0.479605495929718,-0.5060008764266968,0.7959694862365723,0.025328919291496277,0.019978148862719536,0,0.7968130111694336,0.03204842656850815,0.4375929832458496,0.5305033922195435,-0.48114949464797974,0.47474607825279236,-0.5115440487861633,1
0.798830509185791,0.03226581588387489,0.43828004598617554,0.5277891159057617,-0.4850529134273529,0.47959715127944946,-0.5061114430427551,0.7959694862365723,0.025328919291496277,0.019978148862719536,0,0.797217845916748,0.031927794218063354,0.4353526830673218,0.530144453048706,-0.4813765287399292,0.4750560224056244,-0.5114150047302246,1
0.7990920543670654,0.032197870314121246,0.4368715286254883,0.5276697874069214,-0.4850693643093109,0.4796240031719208,-0.5061946511268616,0.7959694862365723,0.025328919291496277,0.019978148862719536,0,0.7976128458976746,0.03180805593729019,0.4331105947494507,0.5297852754592896,-0.4816034734249115,0.47536593675613403,-0.5112853646278381,1
0.7993688583374023,0.03212393447756767,0.43537089228630066,0.5275229811668396,-0.4851098656654358,0.4796830713748932,-0.5062529444694519,0.7959694862365723,0.025328919291496277,0.019978148862719536,0,0.7979974746704102,0.03168921917676926,0.4308675229549408,0.5294259786605835,-0.4818304181098938,0.4756756126880646,-0.5111556649208069,1
0.7996574640274048,0.03204521909356117,0.4337882995605469,0.5273522138595581,-0.48517146706581116,0.4797707200050354,-0.5062887668609619,0.7959694862365723,0.025328919291496277,0.019978148862719536,0,0.7983720302581787,0.031571611762046814,0.42862316966056824,0.5290666818618774,-0.48205745220184326,0.4759848713874817,-0.5110258460044861,1
0.799956202507019,0.03196191042661667,0.4321308135986328,0.5271592736244202,-0.48525261878967285,0.4798843562602997,-0.5063042640686035,0.7959694862365723,0.025328919291496277,0.019978148862719536,0,0.7987364530563354,0.03145461156964302,0.4263782501220703,0.5287073850631714,-0.4822840392589569,0.4762939512729645,-0.5108957886695862,1
0.8002622127532959,0.03187454491853714,0.4304070770740509,0.5269467830657959,-0.4853505492210388,0.480020672082901,-0.5063023567199707,0.7959694862365723,0.025328919291496277,0.019978148862719536,0,0.7990906238555908,0.031338516622781754,0.424131840467453,0.5283477902412415,-0.48251086473464966,0.4766029715538025,-0.5107656121253967,1
0.8005737662315369,0.03178393840789795,0.42862382531166077,0.526716947555542,-0.4854637682437897,0.48017755150794983,-0.5062841176986694,0.7959694862365723,0.025328919291496277,0.019978148862719536,0,0.7994349598884583,0.03122335486114025,0.4218843877315521,0.5279879570007324,-0.48273763060569763,0.47691163420677185,-0.5106351971626282,1
0.8008885383605957,0.031690292060375214,0.42678797245025635,0.5264716744422913,-0.4855901300907135,0.4803521931171417,-0.5062524080276489,0.7959694862365723,0.025328919291496277,0.019978148862719536,0,0.7997689843177795,0.031109139323234558,0.419636070728302,0.5276280641555786,-0.48296433687210083,0.477220356464386,-0.5105043649673462,1
0.801205039024353,0.031594596803188324,0.42490461468696594,0.5262128710746765,-0.4857286512851715,0.4805426001548767,-0.5062079429626465,0.7959694862365723,0.025328919291496277,0.019978148862719536,0,0.8000927567481995,0.030995819717645645,0.41738730669021606,0.5272682309150696,-0.48319077491760254,0.4775283634662628,-0.5103738307952881,1
0.8015216588973999,0.03149646148085594,0.4229796528816223,0.525941789150238,-0.4858773350715637,0.4807469844818115,-0.5061527490615845,0.7959694862365723,0.025328919291496277,0.019978148862719536,0,0.8004063963890076,0.03088345378637314,0.41513746976852417,0.5269081592559814,-0.48341724276542664,0.4778362512588501,-0.5102429986000061,1
0.8018369674682617,0.031396880745887756,0.4210169315338135,0.5256600379943848,-0.4860354959964752,0.48096373677253723,-0.5060877203941345,0.7959694862365723,0.025328919291496277,0.019978148862719536,0,0.8007100820541382,0.030772149562835693,0.41288653016090393,0.5265479683876038,-0.48364385962486267,0.4781443178653717,-0.5101115107536316,1
0.8021500110626221,0.031296029686927795,0.41902104020118713,0.5253686904907227,-0.48620161414146423,0.481191486120224,-0.5060141682624817,0.7959694862365723,0.025328919291496277,0.019978148862719536,0,0.8010035157203674,0.03066195175051689,0.41063520312309265,0.5261879563331604,-0.48387032747268677,0.4784514605998993,-0.5099801421165466,1
0.8024595975875854,0.031193900853395462,0.4169952869415283,0.525068998336792,-0.48637497425079346,0.4814285933971405,-0.5059332251548767,0.7959694862365723,0.025328919291496277,0.019978148862719536,0,0.8012866377830505,0.030552392825484276,0.4083835184574127,0.5258275866508484,-0.4840967059135437,0.47875869274139404,-0.5098487138748169,1
0.8027648329734802,0.031090963631868362,0.41494303941726685,0.5247617363929749,-0.486554890871048,0.48167407512664795,-0.5058454275131226,0.7959694862365723,0.025328919291496277,0.019978148862719536,0,0.8015596866607666,0.03044377639889717,0.4061308801174164,0.525467038154602,-0.48432302474975586,0.47906580567359924,-0.5097170472145081,1
0.8030649423599243,0.030987588688731194,0.4128674864768982,0.5244478583335876,-0.48674020171165466,0.4819267988204956,-0.5057517886161804,0.7959694862365723,0.025328919291496277,0.019978148862719536,0,0.8018227815628052,0.030336104333400726,0.4038773477077484,0.5251063704490662,-0.4845493733882904,0.47937285900115967,-0.5095850229263306,1
0.8033593893051147,0.030883807688951492,0.4107707142829895,0.5241280794143677,-0.48693040013313293,0.4821861982345581,-0.5056529641151428,0.7959694862365723,0.025328919291496277,0.019978148862719536,0,0.8020753860473633,0.03022940456867218,0.4016236960887909,0.5247455835342407,-0.48477551341056824,0.4796794354915619,-0.5094529390335083,1
0.8036471605300903,0.030779723078012466,0.4086560010910034,0.5238034725189209,-0.48712486028671265,0.4824507534503937,-0.5055496692657471,0.7959694862365723,0.025328919291496277,0.019978148862719536,0,0.8023178577423096,0.03012363612651825,0.3993699550628662,0.5243848562240601,-0.48500147461891174,0.4799855947494507,-0.5093209147453308,1
0.803928017616272,0.030675655230879784,0.40652430057525635,0.5234741568565369,-0.4873231053352356,0.4827205538749695,-0.505442202091217,0.7959694862365723,0.025328919291496277,0.019978148862719536,0,0.8025502562522888,0.03001885861158371,0.3971153497695923,0.5240239500999451,-0.4852274954319,0.48029181361198425,-0.5091883540153503,1
0.8042015433311462,0.030571348965168,0.40437793731689453,0.5231406688690186,-0.4875246584415436,0.4829944968223572,-0.50533127784729,0.7959694862365723,0.025328919291496277,0.019978148862719536,0,0.802772581577301,0.029915014281868935,0.39486005902290344,0.523662805557251,-0.48545360565185547,0.4805978834629059,-0.5090556740760803,1
0.8044674396514893,0.03046746924519539,0.4022183120250702,0.5228034257888794,-0.4877293109893799,0.48327240347862244,-0.5052170753479004,0.7959694862365723,0.025328919291496277,0.019978148862719536,0,0.8029845952987671,0.029812440276145935,0.3926048278808594,0.5233015418052673,-0.4856796860694885,0.4809034466743469,-0.508922815322876,1
0.8047249913215637,0.030363885685801506,0.4000471830368042,0.522463321685791,-0.48793643712997437,0.48355334997177124,-0.5051001906394958,0.7959694862365723,0.025328919291496277,0.019978148862719536,0,0.8031864166259766,0.02971053309738636,0.39034923911094666,0.5229403376579285,-0.4859055280685425,0.48120906949043274,-0.5087897181510925,1
0.8049741387367249,0.030260637402534485,0.3978658616542816,0.5221203565597534,-0.48814570903778076,0.48383715748786926,-0.5049808025360107,0.7959694862365723,0.025328919291496277,0.019978148862719536,0,0.8033782243728638,0.029609639197587967,0.38809362053871155,0.5225790739059448,-0.48613131046295166,0.4815141558647156,-0.5086566805839539,1
0.8052145838737488,0.030157893896102905,0.39567506313323975,0.5217750072479248,-0.4883570671081543,0.48412346839904785,-0.5048590898513794,0.7959694862365723,0.025328919291496277,0.019978148862719536,0,0.8035596013069153,0.02950967848300934,0.3858379125595093,0.5222174525260925,-0.4863571524620056,0.48181912302970886,-0.5085232853889465,1
0.8054459095001221,0.030055705457925797,0.3934764266014099,0.5214272737503052,-0.48857003450393677,0.48441192507743835,-0.5047354698181152,0.7959694862365723,0.025328919291496277,0.019978148862719536,0,0.803730845451355,0.029410697519779205,0.38358181715011597,0.5218558311462402,-0.48658275604248047,0.4821239709854126,-0.5083896517753601,1
0.8056683540344238,0.029953744262456894,0.3912702202796936,0.5210773944854736,-0.4887847304344177,0.48470234870910645,-0.504610002040863,0.7959694862365723,0.025328919291496277,0.019978148862719536,0,0.8038921356201172,0.029312696307897568,0.38132601976394653,0.5214941501617432,-0.48680832982063293,0.4824283719062805,-0.5082560181617737,1
0.8058812618255615,0.029852673411369324,0.3890579342842102,0.5207258462905884,-0.4890005588531494,0.48499438166618347,-0.5044832229614258,0.7959694862365723,0.025328919291496277,0.019978148862719536,0,0.8040430545806885,0.02921568974852562,0.3790699243545532,0.5211321115493774,-0.4870340824127197,0.48273274302482605,-0.5081220865249634,1
0.8060849905014038,0.029751863330602646,0.386839896440506,0.5203728675842285,-0.48921746015548706,0.48528751730918884,-0.5043553113937378,0.7959694862365723,0.025328919291496277,0.019978148862719536,0,0.8041840195655823,0.029119666665792465,0.37681376934051514,0.5207700729370117,-0.4872596859931946,0.4830368161201477,-0.507987916469574,1
0.8062790632247925,0.029652303084731102,0.3846167325973511,0.520018458366394,-0.4894356429576874,0.48558202385902405,-0.5042256712913513,0.7959694862365723,0.025328919291496277,0.019978148862719536,0,0.8043146133422852,0.029024645686149597,0.3745579123497009,0.5204081535339355,-0.48748525977134705,0.4833407700061798,-0.5078534483909607,1
0.8064633011817932,0.029553072527050972,0.38238921761512756,0.5196627378463745,-0.48965442180633545,0.48587754368782043,-0.5040953159332275,0.7959694862365723,0.025328919291496277,0.019978148862719536,0,0.8044350743293762,0.028930922970175743,0.3723022937774658,0.520046055316925,-0.48771074414253235,0.4836442470550537,-0.5077189207077026,1
0.8066380620002747,0.029454737901687622,0.3801575303077698,0.5193058848381042,-0.4898741543292999,0.4861738979816437,-0.5039637684822083,0.7959694862365723,0.025328919291496277,0.019978148862719536,0,0.8045453429222107,0.02883787825703621,0.3700467646121979,0.519683837890625,-0.4879361093044281,0.4839474856853485,-0.5075843334197998,1
0.8068027496337891,0.029357368126511574,0.377922922372818,0.5189483165740967,-0.490094393491745,0.4864707887172699,-0.5038315653800964,0.7959694862365723,0.025328919291496277,0.019978148862719536,0,0.8046454787254333,0.028745833784341812,0.3677913546562195,0.5193213820457458,-0.4881614148616791,0.48425084352493286,-0.5074493288993835,1
0.8069578409194946,0.02926061488687992,0.3756851851940155,0.5185897946357727,-0.4903149902820587,0.48676836490631104,-0.5036986470222473,0.7959694862365723,0.025328919291496277,0.019978148862719536,0,0.8047354221343994,0.028654811903834343,0.36553648114204407,0.5189589262008667,-0.4883865714073181,0.48455360531806946,-0.5073144435882568,1
0.807102620601654,0.029164860025048256,0.3734450936317444,0.5182304978370667,-0.4905363619327545,0.4870662987232208,-0.5035647749900818,0.7959694862365723,0.025328919291496277,0.019978148862719536,0,0.8048152327537537,0.028564782813191414,0.36328190565109253,0.5185962319374084,-0.48861178755760193,0.4848562777042389,-0.5071792006492615,1
0.8072375059127808,0.029069766402244568,0.37120261788368225,0.517870306968689,-0.4907580614089966,0.4873647689819336,-0.5034307241439819,0.7959694862365723,0.025328919291496277,0.019978148862719536,0,0.8048849105834961,0.028475770726799965,0.36102765798568726,0.5182335376739502,-0.4888369143009186,0.4851587414741516,-0.5070437788963318,1
0.8073623776435852,0.028975658118724823,0.3689584732055664,0.5175097584724426,-0.49097996950149536,0.487663209438324,-0.5032958984375,0.7959694862365723,0.025328919291496277,0.019978148862719536,0,0.8049443960189819,0.028387736529111862,0.3587738573551178,0.5178706645965576,-0.48906198143959045,0.4854608476161957,-0.5069082975387573,1
0.8074771761894226,0.028882810845971107,0.3667125403881073,0.5171487927436829,-0.49120229482650757,0.48796218633651733,-0.5031603574752808,0.7959694862365723,0.025328919291496277,0.019978148862719536,0,0.8049938082695007,0.02830073982477188,0.3565206229686737,0.517507791519165,-0.48928695917129517,0.4857628345489502,-0.506772518157959,1
0.8075818419456482,0.02879035845398903,0.3644653260707855,0.5167868137359619,-0.49142491817474365,0.488261342048645,-0.5030244588851929,0.7959694862365723,0.025328919291496277,0.019978148862719536,0,0.8050329089164734,0.028215058147907257,0.3542681634426117,0.5171449184417725,-0.4895119071006775,0.48606452345848083,-0.5066364407539368,1
0.807676374912262,0.02869923785328865,0.3622170090675354,0.5164248943328857,-0.49164748191833496,0.4885604977607727,-0.5028882622718811,0.7959694862365723,0.025328919291496277,0.019978148862719536,0,0.805061936378479,0.02813011035323143,0.3520158529281616,0.5167815685272217,-0.4897368848323822,0.48636606335639954,-0.5065001845359802,1
0.8077608942985535,0.028608761727809906,0.35996773838996887,0.5160621404647827,-0.4918705224990845,0.4888598322868347,-0.5027516484260559,0.7959694862365723,0.025328919291496277,0.019978148862719536,0,0.8050808906555176,0.02804616279900074,0.34976422786712646,0.5164182782173157,-0.4899618923664093,0.4866675138473511,-0.5063638091087341,1
0.8078349828720093,0.02851959504187107,0.35771796107292175,0.5156995058059692,-0.492093563079834,0.4891588091850281,-0.5026145577430725,0.7959694862365723,0.025328919291496277,0.019978148862719536,0,0.8050896525382996,0.027963249012827873,0.3475135564804077,0.5160548686981201,-0.49018651247024536,0.48696836829185486,-0.5062273740768433,1
0.8078991174697876,0.028431149199604988,0.35546761751174927,0.5153361558914185,-0.4923166334629059,0.4894581437110901,-0.5024774074554443,0.7959694862365723,0.025328919291496277,0.019978148862719536,0,0.8050882816314697,0.027881382033228874,0.3452633321285248,0.5156912207603455,-0.4904114902019501,0.48726949095726013,-0.5060904026031494,1
0.8079530000686646,0.02834370918571949,0.35321682691574097,0.5149727463722229,-0.4925398826599121,0.4897571802139282,-0.5023398399353027,0.7959694862365723,0.025328919291496277,0.019978148862719536,0,0.8050766587257385,0.027800507843494415,0.34301435947418213,0.5153277516365051,-0.4906359612941742,0.4875699281692505,-0.5059536695480347,1
0.8079968094825745,0.02825726941227913,0.3509662449359894,0.5146092772483826,-0.49276307225227356,0.4900560677051544,-0.5022020936012268,0.7959694862365723,0.025328919291496277,0.019978148862719536,0,0.8050550222396851,0.02772071212530136,0.3407658636569977,0.5149640440940857,-0.49086079001426697,0.4878702759742737,-0.5058164596557617,1
0.8080302476882935,0.028171883895993233,0.34871578216552734,0.5142454504966736,-0.4929860234260559,0.4903548061847687,-0.5020642280578613,0.7959694862365723,0.025328919291496277,0.019978148862719536,0,0.8050233721733093,0.027641894295811653,0.3385184705257416,0.5146002769470215,-0.4910852909088135,0.48817023634910583,-0.5056793689727783,1
0.8080535531044006,0.028087209910154343,0.3464653193950653,0.5138811469078064,-0.49320924282073975,0.49065348505973816,-0.5019262433052063,0.7959694862365723,0.025328919291496277,0.019978148862719536,0,0.8049814701080322,0.02756447345018387,0.3362722396850586,0.5142364501953125,-0.4913098216056824,0.48847007751464844,-0.5055416822433472,1
0.8080667853355408,0.028003845363855362,0.34421467781066895,0.513516902923584,-0.49343249201774597,0.4909520745277405,-0.5017876029014587,0.7959694862365723,0.025328919291496277,0.019978148862719536,0,0.8049295544624329,0.027487747371196747,0.334026575088501,0.5138723850250244,-0.49153420329093933,0.4887697100639343,-0.5054041147232056,1
0.8080697655677795,0.02792152762413025,0.34196457266807556,0.5131523013114929,-0.49365586042404175,0.49125057458877563,-0.5016487240791321,0.7959694862365723,0.025328919291496277,0.019978148862719536,0,0.8048672676086426,0.02741209790110588,0.3317823112010956,0.5135083198547363,-0.4917585253715515,0.4890691936016083,-0.5052663087844849,1
0.8080625534057617,0.02783992700278759,0.3397150933742523,0.5127875804901123,-0.49387890100479126,0.4915488064289093,-0.5015099048614502,0.7959694862365723,0.025328919291496277,0.019978148862719536,0,0.8047953248023987,0.02733747661113739,0.32953891158103943,0.5131440758705139,-0.4919828176498413,0.4893682599067688,-0.5051283240318298,1
0.8080452680587769,0.027759648859500885,0.33746612071990967,0.5124228000640869,-0.4941020607948303,0.4918467402458191,-0.5013707280158997,0.7959694862365723,0.025328919291496277,0.019978148862719536,0,0.8047130107879639,0.027263903990387917,0.32729679346084595,0.5127797722816467,-0.49220699071884155,0.4896670877933502,-0.5049902200698853,1
0.8080177903175354,0.027680102735757828,0.33521774411201477,0.5120578408241272,-0.494325190782547,0.4921446740627289,-0.5012314915657043,0.7959694862365723,0.025328919291496277,0.019978148862719536,0,0.804620623588562,0.02719137817621231,0.325055867433548,0.5124152302742004,-0.4924313426017761,0.48996591567993164,-0.5048518776893616,1
0.8079800009727478,0.027601618319749832,0.3329698443412781,0.5116925835609436,-0.49454841017723083,0.49244225025177,-0.5010919570922852,0.7959694862365723,0.025328919291496277,0.019978148862719536,0,0.8045181035995483,0.027119923382997513,0.3228161931037903,0.5120506882667542,-0.49265551567077637,0.49026456475257874,-0.5047130584716797,1
0.8079321384429932,0.027524463832378387,0.3307233154773712,0.5113275051116943,-0.494771271944046,0.4927395284175873,-0.500952422618866,0.7959694862365723,0.025328919291496277,0.019978148862719536,0,0.8044058084487915,0.02704951912164688,0.3205776810646057,0.511685848236084,-0.4928796589374542,0.4905628263950348,-0.5045742392539978,1
0.8078742623329163,0.027448035776615143,0.32847723364830017,0.5109620690345764,-0.4949941039085388,0.49303656816482544,-0.5008127093315125,0.7959694862365723,0.025328919291496277,0.019978148862719536,0,0.804283082485199,0.02698046714067459,0.31834113597869873,0.5113213658332825,-0.49310359358787537,0.4908604919910431,-0.5044355392456055,1
0.807806134223938,0.027372965589165688,0.32623276114463806,0.5105969905853271,-0.49521690607070923,0.493333101272583,-0.5006728768348694,0.7959694862365723,0.025328919291496277,0.019978148862719536,0,0.8041505217552185,0.026912175118923187,0.3161054253578186,0.5109564661979675,-0.4933274984359741,0.49115848541259766,-0.5042961835861206,1
0.8077278137207031,0.027298664674162865,0.3239889442920685,0.5102313160896301,-0.49543964862823486,0.4936297535896301,-0.5005328059196472,0.7959694862365723,0.025328919291496277,0.019978148862719536,0,0.804007887840271,0.0268449354916811,0.3138711452484131,0.510591447353363,-0.4935515224933624,0.4914560317993164,-0.5041568875312805,1
0.807639479637146,0.02722538262605667,0.3217465281486511,0.5098658204078674,-0.4956621825695038,0.49392586946487427,-0.500392735004425,0.7959694862365723,0.025328919291496277,0.019978148862719536,0,0.8038551211357117,0.02677879109978676,0.3116387128829956,0.510226309299469,-0.493775337934494,0.4917531907558441,-0.5040175914764404,1
0.8075409531593323,0.027153480798006058,0.3195052742958069,0.5095002055168152,-0.49588480591773987,0.4942217469215393,-0.5002524852752686,0.7959694862365723,0.025328919291496277,0.019978148862719536,0,0.8036924600601196,0.026713678613305092,0.309407502412796,0.5098610520362854,-0.4939992129802704,0.4920504093170166,-0.5038778781890869,1
0.8074322938919067,0.027082303538918495,0.31726518273353577,0.5091344118118286,-0.4961071014404297,0.49451735615730286,-0.5001122951507568,0.7959694862365723,0.025328919291496277,0.019978148862719536,0,0.8035197257995605,0.026649655774235725,0.307178258895874,0.5094959139823914,-0.49422281980514526,0.49234721064567566,-0.5037379264831543,1
0.8073135614395142,0.027012204751372337,0.3150264620780945,0.5087684392929077,-0.49632975459098816,0.49481284618377686,-0.4999716877937317,0.7959694862365723,0.025328919291496277,0.019978148862719536,0,0.8033369779586792,0.02658667415380478,0.304950475692749,0.5091305375099182,-0.4944465756416321,0.49264365434646606,-0.5035979151725769,1
0.8071846961975098,0.026943158358335495,0.31278932094573975,0.5084027051925659,-0.4965517520904541,0.4951079785823822,-0.49983111023902893,0.7959694862365723,0.025328919291496277,0.019978148862719536,0,0.8031443357467651,0.026524795219302177,0.3027244508266449,0.5087651610374451,-0.4946700632572174,0.4929399788379669,-0.5034576654434204,1
0.8070458173751831,0.02687516249716282,0.3105534613132477,0.5080366134643555,-0.496773898601532,0.4954029321670532,-0.4996902644634247,0.7959694862365723,0.025328919291496277,0.019978148862719536,0,0.8029415607452393,0.02646399848163128,0.30049997568130493,0.5083994269371033,-0.4948936104774475,0.4932361841201782,-0.5033171772956848,1
0.8068967461585999,0.026808559894561768,0.30831944942474365,0.5076707601547241,-0.4969960153102875,0.4956972599029541,-0.4995492100715637,0.7959694862365723,0.025328919291496277,0.019978148862719536,0,0.8027286529541016,0.026404540985822678,0.29827767610549927,0.508033812046051,-0.4951172173023224,0.4935320317745209,-0.5031765699386597,1
0.8067377209663391,0.026742681860923767,0.3060865104198456,0.5073044300079346,-0.49721819162368774,0.49599185585975647,-0.49940797686576843,0.7959694862365723,0.025328919291496277,0.019978148862719536,0,0.802506148815155,0.026345908641815186,0.29605695605278015,0.5076678991317749,-0.4953407645225525,0.4938277006149292,-0.5030357241630554,1
0.8065686225891113,0.026677904650568962,0.303855836391449,0.5069383978843689,-0.49743980169296265,0.49628573656082153,-0.49926698207855225,0.7959694862365723,0.025328919291496277,0.019978148862719536,0,0.8022735118865967,0.026288364082574844,0.2938382029533386,0.5073019862174988,-0.4955640733242035,0.4941231906414032,-0.5028946399688721,1
0.806389570236206,0.026614170521497726,0.3016268014907837,0.5065721273422241,-0.4976615011692047,0.49657943844795227,-0.49912577867507935,0.7959694862365723,0.025328919291496277,0.019978148862719536,0,0.8020308613777161,0.026231855154037476,0.2916213572025299,0.5069358348846436,-0.49578753113746643,0.4944184422492981,-0.5027534365653992,1
0.806200385093689,0.026551522314548492,0.2993992865085602,0.5062058568000793,-0.49788326025009155,0.4968726336956024,-0.4989844262599945,0.7959694862365723,0.025328919291496277,0.019978148862719536,0,0.8017781972885132,0.026176465675234795,0.2894068956375122,0.5065698623657227,-0.49601060152053833,0.49471327662467957,-0.5026123523712158,1
0.8060012459754944,0.026489928364753723,0.2971739172935486,0.5058395862579346,-0.49810463190078735,0.497165709733963,-0.49884286522865295,0.7959694862365723,0.025328919291496277,0.019978148862719536,0,0.8015156388282776,0.026122160255908966,0.2871941924095154,0.5062037110328674,-0.4962337613105774,0.49500811100006104,-0.5024706721305847,1
0.8057920932769775,0.026429422199726105,0.2949504256248474,0.505473256111145,-0.49832597374916077,0.49745848774909973,-0.4987013638019562,0.7959694862365723,0.025328919291496277,0.019978148862719536,0,0.8012433648109436,0.026068922132253647,0.28498348593711853,0.5058373212814331,-0.49645689129829407,0.4953025281429291,-0.5023289322853088,1
0.8055728673934937,0.026370305567979813,0.2927285432815552,0.5051068663597107,-0.49854737520217896,0.49775102734565735,-0.49855944514274597,0.7959694862365723,0.025328919291496277,0.019978148862719536,0,0.8009610176086426,0.026016801595687866,0.28277522325515747,0.505470871925354,-0.49668002128601074,0.49559685587882996,-0.5021871328353882,1
0.8053438067436218,0.026311960071325302,0.2905089259147644,0.5047404170036316,-0.4987684190273285,0.49804314970970154,-0.4984176456928253,0.7959694862365723,0.025328919291496277,0.019978148862719536,0,0.8006688356399536,0.025966068729758263,0.2805691957473755,0.5051044225692749,-0.49690306186676025,0.49589061737060547,-0.5020450353622437,1
0.8051047921180725,0.02625468000769615,0.28829121589660645,0.5043738484382629,-0.49898943305015564,0.4983350336551666,-0.49827566742897034,0.7959694862365723,0.025328919291496277,0.019978148862719536,0,0.8003665804862976,0.025916151702404022,0.27836543321609497,0.5047379732131958,-0.4971258342266083,0.49618422985076904,-0.5019029378890991,1
0.8048557043075562,0.026198487728834152,0.2860755920410156,0.5040071606636047,-0.4992104172706604,0.49862679839134216,-0.4981333911418915,0.7959694862365723,0.025328919291496277,0.019978148862719536,0,0.8000547289848328,0.025867272168397903,0.2761634290218353,0.5043711066246033,-0.4973487854003906,0.49647799134254456,-0.5017602443695068,1
0.8045966625213623,0.0261433906853199,0.2838621139526367,0.5036405920982361,-0.4994313716888428,0.4989181160926819,-0.49799105525016785,0.7959694862365723,0.025328919291496277,0.019978148862719536,0,0.7997329235076904,0.02581951394677162,0.27396413683891296,0.5040042400360107,-0.4975716471672058,0.4967712163925171,-0.5016177296638489,1
0.8043276071548462,0.026089373975992203,0.2816511392593384,0.5032739043235779,-0.49965205788612366,0.49920904636383057,-0.497848778963089,0.7959694862365723,0.025328919291496277,0.019978148862719536,0,0.7994011640548706,0.025772880762815475,0.27176737785339355,0.503637433052063,-0.497794508934021,0.49706435203552246,-0.5014746785163879,1
0.8040489554405212,0.026036739349365234,0.2794419527053833,0.5029071569442749,-0.49987277388572693,0.49949970841407776,-0.4977061450481415,0.7959694862365723,0.025328919291496277,0.019978148862719536,0,0.7990597486495972,0.025727329775691032,0.26957303285598755,0.5032703876495361,-0.49801725149154663,0.4973570704460144,-0.5013317465782166,1
0.8037601113319397,0.02598489448428154,0.27723565697669983,0.5025404095649719,-0.5000932216644287,0.49979016184806824,-0.4975636899471283,0.7959694862365723,0.025328919291496277,0.019978148862719536,0,0.7987083196640015,0.02568289078772068,0.26738104224205017,0.502903163433075,-0.49823999404907227,0.49764981865882874,-0.5011885762214661,1
0.8034616112709045,0.025934161618351936,0.27503132820129395,0.5021736025810242,-0.5003136992454529,0.5000801682472229,-0.4974210560321808,0.7959694862365723,0.025328919291496277,0.019978148862719536,0,0.7983472347259521,0.025639552623033524,0.26519155502319336,0.502535879611969,-0.4984625577926636,0.49794232845306396,-0.5010449886322021,1
0.8031530380249023,0.025884505361318588,0.272829532623291,0.5018067359924316,-0.500533938407898,0.5003699660301208,-0.49727827310562134,0.7959694862365723,0.025328919291496277,0.019978148862719536,0,0.7979761362075806,0.025597630068659782,0.26300501823425293,0.5021687150001526,-0.4986850917339325,0.49823421239852905,-0.500901460647583,1
0.8028348684310913,0.02583591267466545,0.2706303894519806,0.5014399290084839,-0.5007539391517639,0.5006591081619263,-0.4971356689929962,0.7959694862365723,0.025328919291496277,0.019978148862719536,0,0.7975955009460449,0.025556515902280807,0.26082107424736023,0.5018013119697571,-0.49890759587287903,0.49852603673934937,-0.5007578730583191,1
0.8025065660476685,0.02578842267394066,0.26843348145484924,0.5010729432106018,-0.5009738802909851,0.5009483695030212,-0.4969926178455353,0.7959694862365723,0.025328919291496277,0.019978148862719536,0,0.7972050309181213,0.025516502559185028,0.2586396336555481,0.5014338493347168,-0.49912989139556885,0.4988178312778473,-0.5006137490272522,1
0.802168607711792,0.025742067024111748,0.2662392854690552,0.500706136226654,-0.5011938810348511,0.501237154006958,-0.4968494176864624,0.7959694862365723,0.025328919291496277,0.019978148862719536,0,0.7968049049377441,0.02547760307788849,0.256460964679718,0.5010660290718079,-0.49935242533683777,0.4991092383861542,-0.5004696249961853,1
0.8018208146095276,0.0256967656314373,0.2640475630760193,0.5003390908241272,-0.5014135837554932,0.5015257000923157,-0.4967062175273895,0.7959694862365723,0.025328919291496277,0.019978148862719536,0,0.7963948249816895,0.025439810007810593,0.2542852461338043,0.5006983876228333,-0.49957457184791565,0.49940022826194763,-0.5003255009651184,1
0.8014631271362305,0.025652892887592316,0.26185834407806396,0.4999721050262451,-0.5016334056854248,0.501814067363739,-0.4965626299381256,0.7959694862365723,0.025328919291496277,0.019978148862719536,0,0.7959752082824707,0.02540314570069313,0.252112478017807,0.5003305673599243,-0.49979671835899353,0.4996911287307739,-0.5001811385154724,1
0.8010958433151245,0.0256098210811615,0.25967204570770264,0.49960482120513916,-0.5018531680107117,0.5021020770072937,-0.49641910195350647,0.7959694862365723,0.025328919291496277,0.019978148862719536,0,0.7955458760261536,0.025367602705955505,0.24994225800037384,0.49996286630630493,-0.5000187158584595,0.49998193979263306,-0.5000362992286682,1
0.8007186055183411,0.02556784078478813,0.25748875737190247,0.4992377758026123,-0.5020724534988403,0.502389669418335,-0.4962756633758545,0.7959694862365723,0.025328919291496277,0.019978148862719536,1,0.8007186055183411,0.02556784078478813,0.25748875737190247,0.4992377758026123,-0.5020724534988403,0.502389669418335,-0.4962756633758545,0
0.8007320165634155,0.025553308427333832,0.2556401491165161,0.49867963790893555,-0.502613365650177,0.5030516982078552,-0.4956180155277252,0.7959694862365723,0.025328919291496277,0.019978148862719536,1,0.8007186055183411,0.02556784078478813,0.25748875737190247,0.4992377758026123,-0.5020724534988403,0.502389669418335,-0.4962756633758545,0
0.8008949160575867,0.025537358596920967,0.25424134731292725,0.49820002913475037,-0.5030857920646667,0.5036392211914062,-0.4950239956378937,0.7959694862365723,0.025328919291496277,0.019978148862719536,1,0.8007186055183411,0.02556784078478813,0.25748875737190247,0.4992377758026123,-0.5020724534988403,0.502389669418335,-0.4962756633758545,0
0.8010377883911133,0.025518128648400307,0.2530897855758667,0.4978107810020447,-0.5034652948379517,0.5041160583496094,-0.49454423785209656,0.7959694862365723,0.025328919291496277,0.019978148862719536,1,0.8007186055183411,0.02556784078478813,0.25748875737190247,0.4992377758026123,-0.5020724534988403,0.502389669418335,-0.4962756633758545,0
0.8011600971221924,0.025500483810901642,0.2521134614944458,0.4974816143512726,-0.5037846565246582,0.5045183897018433,-0.4941398501396179,0.7959694862365723,0.025328919291496277,0.019978148862719536,1,0.8007186055183411,0.02556784078478813,0.25748875737190247,0.4992377758026123,-0.5020724534988403,0.502389669418335,-0.4962756633758545,0
0.801266074180603,0.025485463440418243,0.2512713372707367,0.4971984028816223,-0.5040592551231384,0.5048638582229614,-0.49379175901412964,0.7959694862365723,0.025328919291496277,0.019978148862719536,1,0.8007186055183411,0.02556784078478813,0.25748875737190247,0.4992377758026123,-0.5020724534988403,0.502389669418335,-0.4962756633758545,0
0.8013588786125183,0.02547299675643444,0.2505372166633606,0.4969523251056671,-0.5042979121208191,0.5051641464233398,-0.49348869919776917,0.7959694862365723,0.025328919291496277,0.019978148862719536,1,0.8007186055183411,0.02556784078478813,0.25748875737190247,0.4992377758026123,-0.5020724534988403,0.502389669418335,-0.4962756633758545,0
0.8014405965805054,0.02545543760061264,0.24989984929561615,0.49673381447792053,-0.5045058131217957,0.5054227113723755,-0.4932314157485962,0.7959578037261963,0.02589881792664528,0.020340289920568466,1,0.8007186055183411,0.02556784078478813,0.25748875737190247,0.4992377758026123,-0.5020724534988403,0.502389669418335,-0.4962756633758545,0
0.8015123009681702,0.02544042095541954,0.24933889508247375,0.49654439091682434,-0.5046857595443726,0.5056518912315369,-0.4930030107498169,0.7958729863166809,0.027102645486593246,0.020463742315769196,1,0.8015123009681702,0.02544042095541954,0.24933889508247375,0.49654439091682434,-0.5046857595443726,0.5056518912315369,-0.4930030107498169,0
0.8016082048416138,0.025437811389565468,0.24851882457733154,0.4962884783744812,-0.5049393177032471,0.5059641003608704,-0.4926805794239044,0.7957481741905212,0.02703717164695263,0.01997637003660202,1,0.8028075098991394,0.02614259347319603,0.25752997398376465,0.5008266568183899,-0.5019329786300659,0.5020855665206909,-0.49512219429016113,0
0.8018651008605957,0.025472747161984444,0.24793174862861633,0.49621954560279846,-0.5051325559616089,0.5061931014060974,-0.49231666326522827,0.7958009243011475,0.02686111070215702,0.019672099500894547,1,0.8039786219596863,0.026860550045967102,0.26575005054473877,0.505092978477478,-0.4991696774959564,0.4984862506389618,-0.49721428751945496,0
0.8022549152374268,0.025553036481142044,0.24790260195732117,0.49646317958831787,-0.5051385760307312,0.506188690662384,-0.4920692443847656,0.7960764765739441,0.02677386999130249,0.019749237224459648,1,0.8050251603126526,0.027593351900577545,0.2739979028701782,0.5093433856964111,-0.4963955581188202,0.4948539137840271,-0.4992797076702118,0
0.802727997303009,0.025677762925624847,0.2486027181148529,0.4970603585243225,-0.5049059391021729,0.5058852434158325,-0.4920172393321991,0.7967137694358826,0.026771949604153633,0.020316338166594505,1,0.8059468269348145,0.02834121510386467,0.282270610332489,0.5135772228240967,-0.49361109733581543,0.4911890923976898,-0.5013180375099182,0
0.8032360672950745,0.02585422247648239,0.25021639466285706,0.49806007742881775,-0.5043812394142151,0.5052133798599243,-0.4922347068786621,0.7977747321128845,0.026888687163591385,0.021675260737538338,1,0.8067428469657898,0.02910323068499565,0.2905676066875458,0.517794668674469,-0.4908157289028168,0.48749104142189026,-0.5033298134803772,0
0.8038221597671509,0.026088548824191093,0.2525550425052643,0.499420166015625,-0.503603994846344,0.5042100548744202,-0.492681086063385,0.799196183681488,0.027125611901283264,0.02373499423265457,1,0.8074129819869995,0.029879603534936905,0.29888513684272766,0.5219950079917908,-0.48801031708717346,0.48376065492630005,-0.5053144693374634,0
0.8044846653938293,0.02637634053826332,0.255449503660202,0.5010740160942078,-0.5026289820671082,0.5029418468475342,-0.49329349398612976,0.8009080290794373,0.027468090876936913,0.026345228776335716,1,0.8079566955566406,0.03066929616034031,0.3072224259376526,0.5261778235435486,-0.48519429564476013,0.47999805212020874,-0.5072724223136902,0
0.8052011132240295,0.026711706072092056,0.2588161528110504,0.5029747486114502,-0.5014894008636475,0.5014527440071106,-0.4940342605113983,0.8028507232666016,0.027900826185941696,0.029429521411657333,1,0.8083736896514893,0.03147275000810623,0.3155767321586609,0.5303429365158081,-0.48236826062202454,0.4762030243873596,-0.5092031955718994,0
0.8059481978416443,0.02708979696035385,0.2626292109489441,0.5050986409187317,-0.5001975297927856,0.49975907802581787,-0.4948923587799072,0.8049870729446411,0.028412114828824997,0.032967209815979004,1,0.8086636066436768,0.03228888660669327,0.3239467144012451,0.5344901084899902,-0.47953179478645325,0.47237569093704224,-0.511107325553894,0
0.8067017197608948,0.02750752680003643,0.2668837010860443,0.5074306130409241,-0.4987586736679077,0.4978671669960022,-0.49586519598960876,0.8072865009307861,0.028992909938097,0.0369584783911705,1,0.808826208114624,0.03311794623732567,0.33232933282852173,0.5386186242103577,-0.47668543457984924,0.46851661801338196,-0.5129843354225159,0
0.8074453473091125,0.027963019907474518,0.27155715227127075,0.5099547505378723,-0.4971798360347748,0.4957856237888336,-0.4969455301761627,0.809725284576416,0.02963676117360592,0.04138655960559845,1,0.8088609576225281,0.03395894169807434,0.34072354435920715,0.5427287220954895,-0.47382885217666626,0.4646255671977997,-0.5148346424102783,0
0.8081657290458679,0.028454694896936417,0.2766191065311432,0.5126532316207886,-0.4954712390899658,0.49352550506591797,-0.49812400341033936,0.812278687953949,0.030338715761899948,0.04622550681233406,1,0.808768093585968,0.0348120741546154,0.3491264581680298,0.5468196272850037,-0.4709624648094177,0.46070313453674316,-0.516657829284668,0
0.8088505864143372,0.028980214148759842,0.28203651309013367,0.515507698059082,-0.4936434328556061,0.49109983444213867,-0.49938854575157166,0.8149223327636719,0.031100811436772346,0.05144646018743515,1,0.8085471391677856,0.03567638248205185,0.357536256313324,0.550891101360321,-0.4680861234664917,0.4567491114139557,-0.5184539556503296,0
0.8094887733459473,0.029537897557020187,0.2877752184867859,0.518500566482544,-0.49170732498168945,0.4885216951370239,-0.5007270574569702,0.8176331520080566,0.031907521188259125,0.05701977759599686,1,0.8081979155540466,0.0365520715713501,0.3659508526325226,0.5549429059028625,-0.4652003347873688,0.4527638554573059,-0.5202229619026184,0
0.8100706338882446,0.030126143246889114,0.29380369186401367,0.5216152667999268,-0.48967328667640686,0.4858030378818512,-0.5021284818649292,0.8203838467597961,0.0327901653945446,0.06295240670442581,1,0.8077203631401062,0.037438131868839264,0.3743686378002167,0.5589744448661804,-0.46230459213256836,0.4487473964691162,-0.5219652652740479,0
0.8105869293212891,0.03074299916625023,0.3000943064689636,0.5248370170593262,-0.48754990100860596,0.48295462131500244,-0.5035830140113831,0.8231601119041443,0.0337083674967289,0.06918055564165115,1,0.80711430311203,0.03833479806780815,0.3827866315841675,0.5629856586456299,-0.4593994915485382,0.44470012187957764,-0.5236801505088806,0
0.8110299706459045,0.03138711303472519,0.30661964416503906,0.5281525254249573,-0.4853457808494568,0.4799869954586029,-0.505081057548523,0.8259443044662476,0.03465981408953667,0.0756780132651329,1,0.8063799738883972,0.03924101963639259,0.39120325446128845,0.5669761896133423,-0.4564847946166992,0.44062209129333496,-0.5253682136535645,0
0.8113923072814941,0.03205692023038864,0.3133547008037567,0.5315491557121277,-0.4830686151981354,0.4769093692302704,-0.5066139101982117,0.8287137150764465,0.03567143902182579,0.08244744688272476,1,0.8055169582366943,0.04015704616904259,0.39961671829223633,0.5709455609321594,-0.4535607397556305,0.4365133047103882,-0.5270293354988098,0
0.8116676211357117,0.03275070711970329,0.3202787935733795,0.5350159406661987,-0.48072490096092224,0.4737294614315033,-0.5081748962402344,0.831464946269989,0.036685917526483536,0.08941852301359177,1,0.8045255541801453,0.04108184203505516,0.408024400472641,0.5748935341835022,-0.45062729716300964,0.4323742091655731,-0.5286633372306824,0
0.8118503093719482,0.03346757963299751,0.32737112045288086,0.5385432243347168,-0.47832098603248596,0.47045519948005676,-0.5097569823265076,0.8341719508171082,0.03776845708489418,0.09662772715091705,1,0.8034055829048157,0.04201561212539673,0.41642439365386963,0.5788198113441467,-0.4476846754550934,0.4282049834728241,-0.5302702188491821,0
0.8119350671768188,0.03420599177479744,0.3346145749092102,0.5421221852302551,-0.4758617877960205,0.4670926332473755,-0.5113546252250671,0.8368379473686218,0.03881438076496124,0.10397692024707794,1,0.8021571636199951,0.042957354336977005,0.42481517791748047,0.5827240347862244,-0.4447326958179474,0.4240054488182068,-0.5318503975868225,0
0.8119176030158997,0.0349653959274292,0.3419918715953827,0.5457446575164795,-0.47335243225097656,0.46364834904670715,-0.5129622220993042,0.8394566774368286,0.03965817764401436,0.11153214424848557,1,0.8007807731628418,0.04390723258256912,0.4331935942173004,0.5866057276725769,-0.44177213311195374,0.419776052236557,-0.5334032773971558,0
0.8117940425872803,0.035743776708841324,0.3494879901409149,0.5494035482406616,-0.470797598361969,0.4601273834705353,-0.5145755410194397,0.8419505953788757,0.04052672162652016,0.11928771436214447,1,0.7992760539054871,0.044864241033792496,0.441558301448822,0.5904646515846252,-0.4388023316860199,0.4155172109603882,-0.5349293351173401,0
0.8115607500076294,0.036539945751428604,0.3570902943611145,0.5530920624732971,-0.46820068359375,0.45653459429740906,-0.5161911845207214,0.8443992733955383,0.04174302518367767,0.12717905640602112,1,0.7976437211036682,0.04582853987812996,0.4499069154262543,0.5943008065223694,-0.4358236491680145,0.4112284779548645,-0.5364282727241516,0
0.8112149834632874,0.037353817373514175,0.36478593945503235,0.556805431842804,-0.4655650556087494,0.45287391543388367,-0.5178049206733704,0.8467833399772644,0.04305782541632652,0.1351657211780548,1,0.7958834767341614,0.04679916054010391,0.4582379460334778,0.5981134176254272,-0.43283629417419434,0.4069107472896576,-0.5379002690315247,0
0.8107537031173706,0.038184404373168945,0.37256401777267456,0.5605380535125732,-0.46289435029029846,0.4491494596004486,-0.5194136500358582,0.8490747213363647,0.04437294974923134,0.14326679706573486,1,0.7939960956573486,0.0477762371301651,0.4665481448173523,0.6019021272659302,-0.4298403859138489,0.4025641083717346,-0.5393450856208801,0
0.8101751208305359,0.03903031721711159,0.38041403889656067,0.5642853379249573,-0.4601907730102539,0.4453648030757904,-0.521014928817749,0.8512516021728516,0.04567846655845642,0.15147915482521057,1,0.7919813990592957,0.04875876381993294,0.47483694553375244,0.6056670546531677,-0.42683565616607666,0.39818817377090454,-0.5407631993293762,0
0.8094769716262817,0.03989105299115181,0.38832637667655945,0.5680429339408875,-0.45745745301246643,0.4415229558944702,-0.5226063132286072,0.8533294796943665,0.04701137915253639,0.15982073545455933,1,0.789840042591095,0.04974690079689026,0.4831011891365051,0.6094074845314026,-0.4238225221633911,0.3937837779521942,-0.5421541929244995,0
0.808657705783844,0.04076549783349037,0.39629292488098145,0.5718076229095459,-0.4546957314014435,0.4376266300678253,-0.5241857767105103,0.8552966117858887,0.048322711139917374,0.16823850572109222,1,0.7875720858573914,0.05073966830968857,0.49133920669555664,0.6131232976913452,-0.4208010137081146,0.38935089111328125,-0.5435182452201843,0
0.8077157735824585,0.0416531004011631,0.4043053984642029,0.5755757689476013,-0.45190826058387756,0.433678537607193,-0.5257510542869568,0.8570617437362671,0.04968859627842903,0.1767665296792984,1,0.7851781845092773,0.051737189292907715,0.49954888224601746,0.6168140769004822,-0.4177713096141815,0.3848893642425537,-0.5448555946350098,0
0.8066501021385193,0.04255323484539986,0.4123566746711731,0.5793444514274597,-0.44909656047821045,0.42968088388442993,-0.5273011922836304,0.8587942719459534,0.05102137476205826,0.18536387383937836,1,0.7826589345932007,0.052738454192876816,0.5077285170555115,0.6204795837402344,-0.41473305225372314,0.38040003180503845,-0.5461660623550415,0
0.8054596185684204,0.04346473515033722,0.4204402267932892,0.5831108093261719,-0.4462621808052063,0.42563527822494507,-0.528834879398346,0.8604471683502197,0.05236896499991417,0.19403930008411407,1,0.7800143361091614,0.053743645548820496,0.5158755779266357,0.6241195797920227,-0.4116869866847992,0.3758828341960907,-0.5474492311477661,0
0.8041436672210693,0.04438692331314087,0.42854899168014526,0.586872398853302,-0.4434070587158203,0.4215445816516876,-0.5303499698638916,0.8619714975357056,0.05373820662498474,0.2027842253446579,1,0.7772452235221863,0.05475173518061638,0.5239882469177246,0.627733588218689,-0.40863269567489624,0.3713378608226776,-0.5487057566642761,0
0.8027017116546631,0.04531947523355484,0.43667757511138916,0.5906270146369934,-0.4405320882797241,0.41740983724594116,-0.5318460464477539,0.8633624911308289,0.05512767657637596,0.21159221231937408,1,0.7743520140647888,0.055762879550457,0.5320646166801453,0.631321370601654,-0.40557044744491577,0.3667653799057007,-0.549935519695282,0
0.80113285779953,0.04626144468784332,0.44482123851776123,0.5943728089332581,-0.43763816356658936,0.41323238611221313,-0.533322274684906,0.8646093010902405,0.05653504282236099,0.22045521438121796,1,0.7713351249694824,0.05677608400583267,0.5401030778884888,0.6348827481269836,-0.402500182390213,0.36216551065444946,-0.5511385202407837,0
0.7994372248649597,0.04721242934465408,0.4529734253883362,0.5981075763702393,-0.4347270429134369,0.4090145230293274,-0.5347773432731628,0.8657225370407104,0.057959455996751785,0.22937063872814178,1,0.768195629119873,0.05779146030545235,0.5481005311012268,0.6384170055389404,-0.39942237734794617,0.35753875970840454,-0.5523146986961365,0
0.7976140975952148,0.04817148298025131,0.46113061904907227,0.6018300652503967,-0.431799054145813,0.4047567546367645,-0.5362108945846558,0.8666081428527832,0.05941127985715866,0.23832765221595764,1,0.7649336457252502,0.05880805104970932,0.5560560822486877,0.641924262046814,-0.39633673429489136,0.35288503766059875,-0.5534641146659851,0
0.795663595199585,0.04913845658302307,0.4692884385585785,0.6055387258529663,-0.42885497212409973,0.4004601836204529,-0.537622332572937,0.8674785494804382,0.0608634389936924,0.24734127521514893,1,0.7615501284599304,0.059825994074344635,0.5639671683311462,0.6454041004180908,-0.3932437300682068,0.34820476174354553,-0.55458664894104,0
0.793586015701294,0.050112076103687286,0.47744134068489075,0.60923171043396,-0.4258962869644165,0.3961266577243805,-0.539010763168335,0.8682183027267456,0.06233152002096176,0.25639328360557556,1,0.7580457925796509,0.06084425374865532,0.5718318223953247,0.6488559246063232,-0.39014309644699097,0.3434983193874359,-0.5556825995445251,0
0.791380763053894,0.051092542707920074,0.48558658361434937,0.6129083037376404,-0.4229232370853424,0.3917563855648041,-0.5403758883476257,0.8688145875930786,0.06381471455097198,0.2654772400856018,1,0.7544212341308594,0.06186302751302719,0.5796485543251038,0.6522798538208008,-0.38703522086143494,0.3387655019760132,-0.5567517876625061,0
0.7890483140945435,0.052078865468502045,0.49372023344039917,0.6165672540664673,-0.41993629932403564,0.3873503804206848,-0.5417176485061646,0.8692638278007507,0.06531140953302383,0.27458783984184265,1,0.750677227973938,0.06288129091262817,0.5874152183532715,0.6556752920150757,-0.38391998410224915,0.3340066969394684,-0.5577946305274963,0
0.7865887880325317,0.053070276975631714,0.5018382668495178,0.6202071309089661,-0.41693612933158875,0.38290977478027344,-0.5430353283882141,0.8695657849311829,0.06682024896144867,0.28372085094451904,1,0.7468147873878479,0.0638992115855217,0.5951296091079712,0.6590420007705688,-0.38079768419265747,0.32922232151031494,-0.5588107109069824,0
0.7840025424957275,0.054066672921180725,0.5099374651908875,0.6238270998001099,-0.4139237403869629,0.37843525409698486,-0.544328510761261,0.8697280883789062,0.06834131479263306,0.292875200510025,1,0.7428345680236816,0.06491576880216599,0.602790117263794,0.662379801273346,-0.3776680827140808,0.3244122862815857,-0.5598003268241882,0
0.78128981590271,0.055067628622055054,0.5180146098136902,0.6274266839027405,-0.4108990430831909,0.3739272356033325,-0.5455970168113708,0.8697510957717896,0.06987402588129044,0.3020474910736084,1,0.7387373447418213,0.06593114137649536,0.6103948354721069,0.6656883358955383,-0.37453147768974304,0.319577157497406,-0.5607632994651794,0
0.7784510850906372,0.05607183650135994,0.5260666012763977,0.6310043931007385,-0.40786245465278625,0.36938685178756714,-0.5468409061431885,0.8696342706680298,0.07141772657632828,0.31123414635658264,1,0.7345244288444519,0.06694433093070984,0.6179417371749878,0.6689673066139221,-0.3713880181312561,0.31471675634384155,-0.5616999864578247,0
0.7754866480827332,0.057079751044511795,0.5340903401374817,0.634559690952301,-0.40481483936309814,0.36481431126594543,-0.5480595827102661,0.8693769574165344,0.0729716494679451,0.320431649684906,1,0.7301963567733765,0.06795548647642136,0.6254289150238037,0.6722164154052734,-0.36823803186416626,0.3098318874835968,-0.5626099109649658,0
0.7723972797393799,0.058090031147003174,0.5420829653739929,0.6380919218063354,-0.40175607800483704,0.3602103292942047,-0.5492532253265381,0.8689788579940796,0.07453526556491852,0.3296366333961487,1,0.7257542014122009,0.06896364688873291,0.6328549385070801,0.6754352450370789,-0.36508092284202576,0.30492255091667175,-0.5634937882423401,0
0.7691829204559326,0.05910259485244751,0.5500422120094299,0.6416003704071045,-0.3986867666244507,0.3555752635002136,-0.5504215955734253,0.8684396147727966,0.07610787451267242,0.3388458490371704,1,0.7211989164352417,0.06996894627809525,0.6402175426483154,0.6786237955093384,-0.3619174659252167,0.29998862743377686,-0.5643511414527893,0
0.7658449411392212,0.060116950422525406,0.5579644441604614,0.6450841426849365,-0.39560723304748535,0.3509100675582886,-0.5515643954277039,0.8677590489387512,0.07768891751766205,0.34805619716644287,1,0.7165318727493286,0.07097039371728897,0.647514820098877,0.6817814707756042,-0.3587474524974823,0.29503095149993896,-0.5651822090148926,0
0.7623834013938904,0.06113269925117493,0.5658478140830994,0.6485430598258972,-0.39251765608787537,0.3462149500846863,-0.5526815056800842,0.8669370412826538,0.07927785813808441,0.35726454854011536,1,0.7117533683776855,0.071968212723732,0.6547458171844482,0.6849080920219421,-0.355570912361145,0.29004916548728943,-0.565987229347229,0
0.7587991952896118,0.062149159610271454,0.5736892223358154,0.6519762277603149,-0.3894185423851013,0.34149014949798584,-0.5537731051445007,0.8659735918045044,0.08087415993213654,0.3664679527282715,1,0.7068653702735901,0.07296138256788254,0.6619077324867249,0.688003420829773,-0.3523881733417511,0.28504401445388794,-0.5667659640312195,0
0.7550930380821228,0.06316579878330231,0.5814865827560425,0.6553831696510315,-0.38630950450897217,0.3367363214492798,-0.5548391342163086,0.8648687601089478,0.08247723430395126,0.3756634593009949,1,0.7018685340881348,0.07395005971193314,0.668999195098877,0.6910672783851624,-0.3491991460323334,0.28001564741134644,-0.5675183534622192,0
0.7512655258178711,0.06418225914239883,0.5892374515533447,0.6587632298469543,-0.38319137692451477,0.33195382356643677,-0.5558794140815735,0.8636226058006287,0.08408661186695099,0.38484829664230347,1,0.6967639923095703,0.07493335753679276,0.6760185956954956,0.6940990090370178,-0.3460041284561157,0.27496418356895447,-0.5682448744773865,0
0.7473176717758179,0.06519810855388641,0.596939206123352,0.6621161103248596,-0.38006412982940674,0.32714322209358215,-0.5568937659263611,0.8622353672981262,0.08570168167352676,0.39401960372924805,1,0.6915529370307922,0.07591097801923752,0.6829642057418823,0.6970986723899841,-0.3428029417991638,0.269889771938324,-0.5689455270767212,0
0.7432502508163452,0.06621289253234863,0.6045899391174316,0.6654414534568787,-0.37692809104919434,0.32230451703071594,-0.5578822493553162,0.8607072830200195,0.08732200413942337,0.4031746983528137,1,0.6862369179725647,0.07688277959823608,0.6898341178894043,0.7000659108161926,-0.339595764875412,0.2647930979728699,-0.5696199536323547,0
0.7390639781951904,0.06722618639469147,0.6121871471405029,0.6687383651733398,-0.3737834393978119,0.31743839383125305,-0.5588448643684387,0.8590386509895325,0.08894705027341843,0.412310928106308,1,0.6808165311813354,0.07784850150346756,0.6966269612312317,0.7030004858970642,-0.3363829553127289,0.25967368483543396,-0.5702686309814453,0
0.734760046005249,0.0682373121380806,0.6197284460067749,0.6720067262649536,-0.3706302046775818,0.3125452399253845,-0.5597817897796631,0.8572297692298889,0.09057631343603134,0.42142564058303833,1,0.675293505191803,0.07880730926990509,0.7033407092094421,0.7059019804000854,-0.3331644535064697,0.2545325458049774,-0.5708913207054138,0
0.7303388118743896,0.06924611330032349,0.6272122263908386,0.675246000289917,-0.36746862530708313,0.30762505531311035,-0.5606928467750549,0.8552811145782471,0.09220927208662033,0.43051624298095703,1,0.669668972492218,0.07975923269987106,0.7099741101264954,0.7087703943252563,-0.32993999123573303,0.24936947226524353,-0.5714883208274841,0
0.725801944732666,0.07025216519832611,0.6346358060836792,0.6784557104110718,-0.36429911851882935,0.3026789128780365,-0.561577558517456,0.8531931042671204,0.0938454419374466,0.4395802617073059,1,0.6639445424079895,0.08070346713066101,0.7165250778198242,0.7116050720214844,-0.32671037316322327,0.24418510496616364,-0.5720594525337219,0
0.7211499214172363,0.07125476747751236,0.6419976353645325,0.6816356182098389,-0.3611214756965637,0.29770612716674805,-0.5624366998672485,0.850966215133667,0.0954844132065773,0.448615163564682,1,0.6581209301948547,0.08164013177156448,0.722992479801178,0.7144061326980591,-0.3234752118587494,0.23897913098335266,-0.5726050734519958,0
0.7163839340209961,0.07225354760885239,0.6492955088615417,0.6847853660583496,-0.3579358756542206,0.29270756244659424,-0.5632700324058533,0.8486010432243347,0.09712561219930649,0.45761850476264954,1,0.6522001028060913,0.08256836235523224,0.7293744683265686,0.7171729207038879,-0.3202346861362457,0.2337525486946106,-0.5731251239776611,0
0.7115051746368408,0.07324829697608948,0.656527042388916,0.687904417514801,-0.3547423779964447,0.28768354654312134,-0.5640773773193359,0.8460981249809265,0.09876857697963715,0.4665878415107727,1,0.6461833715438843,0.08348827809095383,0.7356695532798767,0.7199053764343262,-0.31698912382125854,0.22850492596626282,-0.5736196637153625,0
0.7065145969390869,0.07423839718103409,0.6636908054351807,0.6909924149513245,-0.3515416979789734,0.2826343774795532,-0.5648589730262756,0.8434581160545349,0.10041278600692749,0.4755207896232605,1,0.6400719285011292,0.08439905196428299,0.7418760657310486,0.7226031422615051,-0.3137383460998535,0.22323718667030334,-0.5740887522697449,0
0.7014135718345642,0.07522302120923996,0.6707841753959656,0.6940487027168274,-0.3483336269855499,0.2775605618953705,-0.5656147599220276,0.8406816720962524,0.10205774009227753,0.4844150245189667,1,0.6338671445846558,0.08530084788799286,0.7479930520057678,0.7252663969993591,-0.31048253178596497,0.21794888377189636,-0.5745323896408081,0
0.6962028741836548,0.07620280981063843,0.6778057217597961,0.6970735192298889,-0.3451181650161743,0.2724619507789612,-0.566344678401947,0.8377695679664612,0.10370289534330368,0.49326813220977783,1,0.6275709271430969,0.0861927717924118,0.754018247127533,0.7278943061828613,-0.3072218894958496,0.2126409262418747,-0.5749506950378418,0
0.6908841133117676,0.07717671245336533,0.6847536563873291,0.7000663876533508,-0.3418956995010376,0.26733893156051636,-0.5670487284660339,0.8347225189208984,0.10534793138504028,0.5020778775215149,1,0.6211844086647034,0.08707502484321594,0.7599508166313171,0.7304869294166565,-0.30395635962486267,0.20731334388256073,-0.5753437876701355,0
0.6854578852653503,0.07814433425664902,0.6916260123252869,0.7030266523361206,-0.3386659324169159,0.2621920108795166,-0.5677272081375122,0.8315412998199463,0.10699238628149033,0.5108420252799988,1,0.6147096157073975,0.08794675022363663,0.7657887935638428,0.7330438494682312,-0.3006862998008728,0.20196639001369476,-0.575711727142334,0
0.679925799369812,0.07910528779029846,0.6984211802482605,0.7059541940689087,-0.3354293406009674,0.2570210099220276,-0.5683799982070923,0.8282266855239868,0.10863576829433441,0.519558310508728,1,0.6081474423408508,0.08880811929702759,0.7715312838554382,0.7355650663375854,-0.2974114716053009,0.1966000348329544,-0.5760545134544373,0
0.674289345741272,0.08005920052528381,0.7051368951797485,0.7088485956192017,-0.33218613266944885,0.25182703137397766,-0.569007158279419,0.8247796297073364,0.11027755588293076,0.528224527835846,1,0.6014998555183411,0.08965835720300674,0.7771766185760498,0.7380498051643372,-0.29413220286369324,0.19121521711349487,-0.5763725638389587,0
0.6685495972633362,0.08100590109825134,0.7117716073989868,0.7117096781730652,-0.3289361000061035,0.2466098666191101,-0.5696084499359131,0.8212010264396667,0.11191727966070175,0.5368384718894958,1,0.5947681665420532,0.09049756079912186,0.7827236652374268,0.7404985427856445,-0.2908485531806946,0.1858116239309311,-0.5766654014587402,0
0.6627081632614136,0.0819445252418518,0.7183233499526978,0.714536726474762,-0.32567986845970154,0.24136994779109955,-0.5701844692230225,0.8174918293952942,0.11355458199977875,0.545397937297821,1,0.5879543423652649,0.09132500737905502,0.7881708741188049,0.7429105043411255,-0.28756049275398254,0.18039003014564514,-0.5769335627555847,0
0.6567659378051758,0.08287522196769714,0.7247909903526306,0.7173300981521606,-0.32241687178611755,0.23610727488994598,-0.5707347393035889,0.8136530518531799,0.11518886685371399,0.5539008378982544,1,0.5810599327087402,0.09214083850383759,0.7935170531272888,0.7452856302261353,-0.2842683494091034,0.17495055496692657,-0.5771768093109131,0
0.6507248878479004,0.08379735052585602,0.7311721444129944,0.7200888395309448,-0.31914809346199036,0.23082271218299866,-0.5712594985961914,0.8096855878829956,0.11681978404521942,0.562345027923584,1,0.5740866661071777,0.09294428676366806,0.7987605929374695,0.74762362241745,-0.2809722125530243,0.169493168592453,-0.577395498752594,0
0.6445857882499695,0.08471032977104187,0.7374658584594727,0.7228130102157593,-0.31587255001068115,0.22551600635051727,-0.5717589855194092,0.8055905699729919,0.11844687908887863,0.5707284212112427,1,0.5670357942581177,0.09373552352190018,0.8039008975028992,0.74992436170578,-0.2776719927787781,0.16401848196983337,-0.5775895118713379,0
0.6383503675460815,0.08561426401138306,0.7436701059341431,0.7255022525787354,-0.3125910758972168,0.22018738090991974,-0.5722331404685974,0.8013691306114197,0.12006963044404984,0.5790490508079529,1,0.5599097013473511,0.09451381862163544,0.8089361190795898,0.7521873712539673,-0.2743681073188782,0.1585269421339035,-0.5777589678764343,0
0.6320204138755798,0.08650853484869003,0.7497832179069519,0.7281560301780701,-0.3093041181564331,0.21483772993087769,-0.5726817846298218,0.79702228307724,0.12168765813112259,0.5873047709465027,1,0.55240797996521,0.09531079232692719,0.814068615436554,0.7545046210289001,-0.27092245221138,0.152788445353508,-0.5779096484184265,0
0.6255857944488525,0.08739417046308517,0.7558141946792603,0.7307806015014648,-0.3060058355331421,0.20945654809474945,-0.5731037855148315,0.7925434112548828,0.12330438196659088,0.5955077409744263,1,0.5448278188705444,0.09609337896108627,0.819084882736206,0.7567805051803589,-0.2674725651741028,0.14703182876110077,-0.5780339241027832,0
0.6190410256385803,0.08827213943004608,0.7617666721343994,0.7333775162696838,-0.30269262194633484,0.20403888821601868,-0.5735002756118774,0.7879284024238586,0.12492049485445023,0.603663980960846,1,0.5371719598770142,0.09686122089624405,0.8239834308624268,0.7590147852897644,-0.2640192210674286,0.14125803112983704,-0.5781318545341492,0
0.612384021282196,0.0891418531537056,0.7676408290863037,0.7359459400177002,-0.2993634045124054,0.1985832005739212,-0.5738725662231445,0.7831755876541138,0.1265358179807663,0.6117740869522095,1,0.5294422507286072,0.09761406481266022,0.8287627696990967,0.7612072825431824,-0.2605622112751007,0.13546736538410187,-0.5782036781311035,0
0.6056150197982788,0.09000314772129059,0.7734347581863403,0.7384853363037109,-0.29601749777793884,0.19308951497077942,-0.574220597743988,0.7782847285270691,0.12814967334270477,0.6198359727859497,1,0.521639883518219,0.09835182875394821,0.8334223628044128,0.7633578181266785,-0.2571013271808624,0.129659041762352,-0.5782493352890015,0
0.5987362265586853,0.09085570275783539,0.7791446447372437,0.7409945130348206,-0.2926563620567322,0.18755869567394257,-0.5745441913604736,0.7732564806938171,0.12976135313510895,0.6278461217880249,1,0.5137678980827332,0.09907381981611252,0.8379606604576111,0.7654659152030945,-0.2536371946334839,0.12383463978767395,-0.5782688856124878,0
0.5917493104934692,0.09169845283031464,0.7847678065299988,0.7434720993041992,-0.2892795205116272,0.18199221789836884,-0.57484370470047,0.768092155456543,0.13137002289295197,0.6358003616333008,1,0.5058279037475586,0.09977998584508896,0.8423764109611511,0.7675315737724304,-0.250169575214386,0.1179938018321991,-0.5782627463340759,0
0.5846573710441589,0.09253107011318207,0.7903000116348267,0.745917022228241,-0.28588882088661194,0.17639118432998657,-0.5751186609268188,0.7627933621406555,0.13297472894191742,0.6436941623687744,1,0.4978216290473938,0.10047007352113724,0.84666907787323,0.7695543766021729,-0.2466987520456314,0.11213702708482742,-0.5782309174537659,0
0.577462911605835,0.09335293620824814,0.7957382798194885,0.7483282089233398,-0.28248488903045654,0.1707572638988495,-0.5753685832023621,0.7573620080947876,0.13457457721233368,0.6515229940414429,1,0.4897521436214447,0.10114383697509766,0.8508369326591492,0.771534264087677,-0.24322497844696045,0.10626498609781265,-0.5781732201576233,0
0.5701692700386047,0.09416329860687256,0.8010786175727844,0.7507045865058899,-0.2790684700012207,0.16509200632572174,-0.5755935907363892,0.751800000667572,0.13616879284381866,0.6592825651168823,1,0.4816208779811859,0.10180100798606873,0.8548794388771057,0.7734706997871399,-0.23974798619747162,0.10037750005722046,-0.5780901312828064,0
0.5627797245979309,0.0949617549777031,0.8063178062438965,0.7530450820922852,-0.27564066648483276,0.1593971848487854,-0.5757932066917419,0.7461094856262207,0.13775652647018433,0.6669687032699585,1,0.4734305441379547,0.10244139283895493,0.8587949872016907,0.7753636240959167,-0.23626841604709625,0.09447541832923889,-0.5779816508293152,0
0.5552965998649597,0.0957474559545517,0.8114532232284546,0.7553485035896301,-0.2722020447254181,0.15367355942726135,-0.5759678483009338,0.7402925491333008,0.13933701813220978,0.6745773553848267,1,0.46518245339393616,0.10306476801633835,0.8625834584236145,0.7772130370140076,-0.23278574645519257,0.08855841308832169,-0.5778478384017944,0
0.5477231740951538,0.09652020037174225,0.8164817094802856,0.7576147317886353,-0.2687532603740692,0.14792266488075256,-0.576116681098938,0.734351396560669,0.14090947806835175,0.6821048259735107,1,0.4568798542022705,0.1036708876490593,0.8662430644035339,0.7790181636810303,-0.22930075228214264,0.08262758702039719,-0.5776888132095337,0
0.5400624871253967,0.09727919101715088,0.82140052318573,0.7598420977592468,-0.2652953863143921,0.1421462595462799,-0.5762402415275574,0.7282881140708923,0.1424732655286789,0.689547598361969,1,0.44852423667907715,0.10425958037376404,0.8697735071182251,0.7807793617248535,-0.225813090801239,0.07668302953243256,-0.5775047540664673,0
0.5323171615600586,0.09802447259426117,0.8262072801589966,0.7620304822921753,-0.2618290185928345,0.13634464144706726,-0.5763376951217651,0.7221049666404724,0.14402765035629272,0.6969023942947388,1,0.44011780619621277,0.104830801486969,0.8731738924980164,0.7824960350990295,-0.22232307493686676,0.07072456926107407,-0.57729572057724,0
0.5244903564453125,0.09875506162643433,0.830899715423584,0.7641789317131042,-0.25835439562797546,0.13051939010620117,-0.5764097571372986,0.7158041000366211,0.14557208120822906,0.7041659951210022,1,0.43166348338127136,0.10538405179977417,0.8764429688453674,0.7841680645942688,-0.21883104741573334,0.06475350260734558,-0.5770617127418518,0
0.5165847539901733,0.09947064518928528,0.8354753851890564,0.7662866711616516,-0.2548724412918091,0.12467135488986969,-0.5764561891555786,0.7093877792358398,0.1471058875322342,0.7113355398178101,1,0.42316287755966187,0.10591932386159897,0.8795804381370544,0.7857953906059265,-0.21533676981925964,0.05876946821808815,-0.5768030881881714,0
0.5086026191711426,0.10017107427120209,0.8399327993392944,0.7683535814285278,-0.2513834238052368,0.11880110204219818,-0.5764766931533813,0.7028581500053406,0.14862845838069916,0.7184081077575684,1,0.4146183431148529,0.10643642395734787,0.8825855851173401,0.7873774170875549,-0.21184052526950836,0.052772972732782364,-0.5765200257301331,0
0.5005472302436829,0.10085587203502655,0.8442696332931519,0.7703788876533508,-0.24788764119148254,0.11291011422872543,-0.5764713883399963,0.69621741771698,0.15013931691646576,0.725381076335907,1,0.4060325622558594,0.10693523287773132,0.8854572772979736,0.7889142036437988,-0.20834249258041382,0.04676464945077896,-0.5762123465538025,0
0.49242109060287476,0.101524718105793,0.8484842777252197,0.7723619341850281,-0.24438601732254028,0.10699855536222458,-0.5764405727386475,0.6894678473472595,0.15163792669773102,0.7322519421577454,1,0.3974072337150574,0.10741560161113739,0.8881953954696655,0.7904055714607239,-0.20484277606010437,0.04074452444911003,-0.5758805274963379,0
0.4842272400856018,0.10217732936143875,0.8525747656822205,0.77430260181427,-0.24087868630886078,0.10106803476810455,-0.5763837695121765,0.6826117038726807,0.15312376618385315,0.7390182614326477,1,0.38874518871307373,0.10787736624479294,0.8907987475395203,0.7918511629104614,-0.20134137570858002,0.034713052213191986,-0.5755244493484497,0
0.4759675860404968,0.10281308740377426,0.8565400838851929,0.7761999368667603,-0.23736581206321716,0.0951184630393982,-0.5763016939163208,0.6756511330604553,0.15459638833999634,0.7456778883934021,1,0.38004863262176514,0.1083204373717308,0.8932672739028931,0.7932507991790771,-0.19783854484558105,0.028670940548181534,-0.5751442313194275,0
0.46764495968818665,0.10343226045370102,0.8603785037994385,0.778053879737854,-0.23384781181812286,0.08915060758590698,-0.5761938691139221,0.6685884594917297,0.1560552716255188,0.7522285580635071,1,0.37131959199905396,0.10874469578266144,0.8956000804901123,0.7946043610572815,-0.19433441758155823,0.022617975249886513,-0.5747402310371399,0
0.4592624008655548,0.10403408110141754,0.8640884757041931,0.7798640131950378,-0.23032528162002563,0.08316557109355927,-0.5760605931282043,0.6614258885383606,0.15750007331371307,0.7586683034896851,1,0.3625604212284088,0.1091499999165535,0.8977970480918884,0.7959117293357849,-0.1908288449048996,0.016554540023207664,-0.5743123888969421,0
