0.3625604212284088,0.1091499999165535,0.8977970480918884,0.7959117293357849,-0.1908288449048996,0.016554540023207664,-0.5743123888969421,0.6362645626068115,0.10155735909938812,0.019999999552965164,0,0.3625604212284088,0.1091499999165535,0.8977970480918884,0.7959117293357849,-0.1908288449048996,0.016554540023207664,-0.5743123888969421,1
0.3628040552139282,0.10916154831647873,0.8976776003837585,0.7959170937538147,-0.19090838730335236,0.016660241410136223,-0.5742754340171814,0.6362645626068115,0.10155735909938812,0.01981772482395172,0,0.3625604212284088,0.1091499999165535,0.8977970480918884,0.7959117293357849,-0.1908288449048996,0.016554540023207664,-0.5743123888969421,1
0.3632446825504303,0.10916890949010849,0.8974825739860535,0.7959179878234863,-0.1910729855298996,0.016885489225387573,-0.574212908744812,0.6362645626068115,0.10155735909938812,0.019884353503584862,0,0.3625604212284088,0.1091499999165535,0.8977970480918884,0.7959117293357849,-0.1908288449048996,0.016554540023207664,-0.5743123888969421,1
0.36376747488975525,0.10917111486196518,0.8972581028938293,0.7959133982658386,-0.1912766695022583,0.017166968435049057,-0.5741432309150696,0.6362645626068115,0.10155735909938812,0.019923372194170952,0,0.3625604212284088,0.1091499999165535,0.8977970480918884,0.7959117293357849,-0.1908288449048996,0.016554540023207664,-0.5743123888969421,1
0.3643089532852173,0.10917005687952042,0.8970283269882202,0.7959052920341492,-0.1914910078048706,0.01746424101293087,-0.5740739107131958,0.6362645626068115,0.10155735909938812,0.019946129992604256,0,0.3625604212284088,0.1091499999165535,0.8977970480918884,0.7959117293357849,-0.1908288449048996,0.016554540023207664,-0.5743123888969421,1
0.36483412981033325,0.10916749387979507,0.8968064785003662,0.7958957552909851,-0.19170089066028595,0.017755331471562386,-0.5740082263946533,0.6362645626068115,0.10155735909938812,0.019959425553679466,0,0.3625604212284088,0.1091499999165535,0.8977970480918884,0.7959117293357849,-0.1908288449048996,0.016554540023207664,-0.5743123888969421,1
0.3653259873390198,0.10916423052549362,0.8965990543365479,0.7958859801292419,-0.19189804792404175,0.01802937313914299,-0.5739471912384033,0.6362645626068115,0.10155735909938812,0.019967196509242058,0,0.3625604212284088,0.1091499999165535,0.8977970480918884,0.7959117293357849,-0.1908288449048996,0.016554540023207664,-0.5743123888969421,1
0.36577728390693665,0.10916095972061157,0.89640873670578,0.7958768010139465,-0.19207923114299774,0.01828133687376976,-0.5738914608955383,0.6362645626068115,0.10155735909938812,0.01997174322605133,0,0.3625604212284088,0.1091499999165535,0.8977970480918884,0.7959117293357849,-0.1908288449048996,0.016554540023207664,-0.5743123888969421,1
0.366186261177063,0.10915781557559967,0.8962359428405762,0.7958679795265198,-0.1922435611486435,0.018509861081838608,-0.5738412737846375,0.6362645626068115,0.10155735909938812,0.019974403083324432,0,0.3625604212284088,0.1091499999165535,0.8977970480918884,0.7959117293357849,-0.1908288449048996,0.016554540023207664,-0.5743123888969421,1
0.3665536642074585,0.1091550812125206,0.8960806727409363,0.7958602905273438,-0.19239117205142975,0.01871492713689804,-0.5737957954406738,0.6362645626068115,0.10155735909938812,0.01997595839202404,0,0.3625604212284088,0.1091499999165535,0.8977970480918884,0.7959117293357849,-0.1908288449048996,0.016554540023207664,-0.5743123888969421,1
0.36688217520713806,0.10915274918079376,0.895941436290741,0.7958534359931946,-0.1925230473279953,0.018898339942097664,-0.5737552642822266,0.6362645626068115,0.10155735909938812,0.019976869225502014,0,0.3625604212284088,0.1091499999165535,0.8977970480918884,0.7959117293357849,-0.1908288449048996,0.016554540023207664,-0.5743123888969421,1
0.3671749234199524,0.10915068536996841,0.8958170413970947,0.7958471775054932,-0.1926405429840088,0.019061513245105743,-0.5737189054489136,0.6362645626068115,0.10155735909938812,0.019977401942014694,0,0.3625604212284088,0.1091499999165535,0.8977970480918884,0.7959117293357849,-0.1908288449048996,0.016554540023207664,-0.5743123888969421,1
0.36743536591529846,0.10914917290210724,0.8957062363624573,0.7958419322967529,-0.19274485111236572,0.019206577911973,-0.5736864805221558,0.6362645626068115,0.10155735909938812,0.019977713003754616,0,0.3625604212284088,0.1091499999165535,0.8977970480918884,0.7959117293357849,-0.1908288449048996,0.016554540023207664,-0.5743123888969421,1
0.3676663637161255,0.10914792865514755,0.8956077694892883,0.7958371639251709,-0.19283725321292877,0.019334783777594566,-0.5736575722694397,0.6362645626068115,0.10155735909938812,0.01997789368033409,0,0.3625604212284088,0.1091499999165535,0.8977970480918884,0.7959117293357849,-0.1908288449048996,0.016554540023207664,-0.5743123888969421,1
0.3678717017173767,0.10914682596921921,0.8955199718475342,0.7958332300186157,-0.1929192990064621,0.019448645412921906,-0.573631763458252,0.6362645626068115,0.10155735909938812,0.019978001713752747,0,0.3625604212284088,0.1091499999165535,0.8977970480918884,0.7959117293357849,-0.1908288449048996,0.016554540023207664,-0.5743123888969421,1
0.3680533766746521,0.10914600640535355,0.8954421877861023,0.795829713344574,-0.19299162924289703,0.01954904943704605,-0.5736088156700134,0.6362645626068115,0.10155735909938812,0.01997806318104267,0,0.3625604212284088,0.1091499999165535,0.8977970480918884,0.7959117293357849,-0.1908288449048996,0.016554540023207664,-0.5743123888969421,1
0.3682141900062561,0.10914544761180878,0.8953732252120972,0.79582679271698,-0.19305557012557983,0.01963799074292183,-0.5735883712768555,0.6362645626068115,0.10155735909938812,0.019978100433945656,0,0.3625604212284088,0.1091499999165535,0.8977970480918884,0.7959117293357849,-0.1908288449048996,0.016554540023207664,-0.5743123888969421,1
0.3683570623397827,0.10914503037929535,0.8953116536140442,0.7958241105079651,-0.19311225414276123,0.019716612994670868,-0.5735701322555542,0.6362645626068115,0.10155735909938812,0.019978120923042297,0,0.3625604212284088,0.1091499999165535,0.8977970480918884,0.7959117293357849,-0.1908288449048996,0.016554540023207664,-0.5743123888969421,1
0.36848360300064087,0.10914475470781326,0.8952572345733643,0.7958218455314636,-0.1931624412536621,0.019786084070801735,-0.5735539793968201,0.6362645626068115,0.10155735909938812,0.019978133961558342,0,0.3625604212284088,0.1091499999165535,0.8977970480918884,0.7959117293357849,-0.1908288449048996,0.016554540023207664,-0.5743123888969421,1
0.36859551072120667,0.10914462059736252,0.8952088356018066,0.7958201169967651,-0.19320662319660187,0.019847365096211433,-0.5735394358634949,0.6362645626068115,0.10155735909938812,0.01997814141213894,0,0.3625604212284088,0.1091499999165535,0.8977970480918884,0.7959117293357849,-0.1908288449048996,0.016554540023207664,-0.5743123888969421,1
0.36869457364082336,0.10914447903633118,0.8951660394668579,0.7958184480667114,-0.1932457685470581,0.01990160159766674,-0.5735267996788025,0.6362645626068115,0.10155735909938812,0.019978145137429237,0,0.3625604212284088,0.1091499999165535,0.8977970480918884,0.7959117293357849,-0.1908288449048996,0.016554540023207664,-0.5743123888969421,1
0.3687824606895447,0.10914447903633118,0.8951278328895569,0.795816957950592,-0.19328033924102783,0.01994943805038929,-0.5735154151916504,0.6362645626068115,0.10155735909938812,0.019978148862719536,0,0.3625604212284088,0.1091499999165535,0.8977970480918884,0.7959117293357849,-0.1908288449048996,0.016554540023207664,-0.5743123888969421,1
0.36886000633239746,0.10914461314678192,0.895094096660614,0.7958159446716309,-0.19331079721450806,0.019991593435406685,-0.5735051035881042,0.6362645626068115,0.10155735909938812,0.019978148862719536,0,0.3625604212284088,0.1091499999165535,0.8977970480918884,0.7959117293357849,-0.1908288449048996,0.016554540023207664,-0.5743123888969421,1
0.36892861127853394,0.10914474725723267,0.8950642347335815,0.7958149909973145,-0.19333770871162415,0.02002882771193981,-0.5734960436820984,0.6362645626068115,0.10155735909938812,0.019978148862719536,0,0.3625604212284088,0.1091499999165535,0.8977970480918884,0.7959117293357849,-0.1908288449048996,0.016554540023207664,-0.5743123888969421,1
0.3689894676208496,0.10914488881826401,0.8950377106666565,0.7958140969276428,-0.1933615803718567,0.020061763003468513,-0.5734882354736328,0.6362645626068115,0.10155735909938812,0.019978148862719536,0,0.3625604212284088,0.1091499999165535,0.8977970480918884,0.7959117293357849,-0.1908288449048996,0.016554540023207664,-0.5743123888969421,1
0.3690434694290161,0.10914502292871475,0.8950141072273254,0.7958134412765503,-0.1933826208114624,0.020090937614440918,-0.5734809041023254,0.6362645626068115,0.10155735909938812,0.019978148862719536,0,0.3625604212284088,0.1091499999165535,0.8977970480918884,0.7959117293357849,-0.1908288449048996,0.016554540023207664,-0.5743123888969421,1
0.3690912425518036,0.10914530605077744,0.8949931859970093,0.7958129048347473,-0.1934012621641159,0.02011662721633911,-0.5734745860099792,0.6362645626068115,0.10155735909938812,0.019978148862719536,0,0.3625604212284088,0.1091499999165535,0.8977970480918884,0.7959117293357849,-0.1908288449048996,0.016554540023207664,-0.5743123888969421,1
0.3691335916519165,0.10914543271064758,0.8949745893478394,0.7958122491836548,-0.19341766834259033,0.02013932727277279,-0.5734689831733704,0.6362645626068115,0.10155735909938812,0.019978148862719536,0,0.3625604212284088,0.1091499999165535,0.8977970480918884,0.7959117293357849,-0.1908288449048996,0.016554540023207664,-0.5743123888969421,1
0.369171142578125,0.10914570838212967,0.894957959651947,0.7958120107650757,-0.19343216717243195,0.020159302279353142,-0.5734638571739197,0.6362645626068115,0.10155735909938812,0.019978148862719536,0,0.3625604212284088,0.1091499999165535,0.8977970480918884,0.7959117293357849,-0.1908288449048996,0.016554540023207664,-0.5743123888969421,1
0.36920416355133057,0.10914599150419235,0.8949434161186218,0.795811653137207,-0.19344498217105865,0.020176958292722702,-0.5734593868255615,0.6362645626068115,0.10155735909938812,0.019978148862719536,0,0.3625604212284088,0.1091499999165535,0.8977970480918884,0.7959117293357849,-0.1908288449048996,0.016554540023207664,-0.5743123888969421,1
0.36923354864120483,0.1091461256146431,0.8949304223060608,0.7958112955093384,-0.1934562772512436,0.020192500203847885,-0.5734555721282959,0.6362645626068115,0.10155735909938812,0.019978148862719536,0,0.36923354864120483,0.1091461256146431,0.8949304223060608,0.7958112955093384,-0.1934562772512436,0.020192500203847885,-0.5734555721282959,1
0.3694966435432434,0.10915748029947281,0.8948008418083191,0.7958157062530518,-0.1935444176197052,0.020310046151280403,-0.5734154582023621,0.6362645626068115,0.10155735909938812,0.019978148862719536,0,0.37531572580337524,0.10910122841596603,0.8942092061042786,0.7947837114334106,-0.19647112488746643,0.026179423555731773,-0.5736135244369507,1
0.3702838122844696,0.10916469991207123,0.8946231603622437,0.7957351803779602,-0.19387036561965942,0.02093794196844101,-0.5733945369720459,0.6362645626068115,0.10155735909938812,0.019978148862719536,0,0.3813713788986206,0.10905488580465317,0.8933782577514648,0.7937098145484924,-0.1994900107383728,0.03215205296874046,-0.5737549662590027,1
0.3715943694114685,0.10916739702224731,0.8943921327590942,0.7955626249313354,-0.19446273148059845,0.02209421619772911,-0.5733899474143982,0.6362645626068115,0.10155735909938812,0.019978148862719536,0,0.3873996138572693,0.10900694131851196,0.8924376368522644,0.792589545249939,-0.20251286029815674,0.03811115026473999,-0.5738797187805176,1
0.3733949065208435,0.1091652438044548,0.8941000699996948,0.7953035235404968,-0.1953050047159195,0.023739684373140335,-0.5733973383903503,0.6362645626068115,0.10155735909938812,0.019978148862719536,0,0.3933987319469452,0.10895774513483047,0.891387939453125,0.7914235591888428,-0.20553968846797943,0.04405607283115387,-0.5739871263504028,1
0.37564462423324585,0.10915787518024445,0.8937422633171082,0.7949622273445129,-0.19637669622898102,0.025831153616309166,-0.5734142661094666,0.6362645626068115,0.10155735909938812,0.019978148862719536,0,0.3993668258190155,0.10890711843967438,0.890229344367981,0.7902116775512695,-0.20857030153274536,0.04998615011572838,-0.5740776658058167,1
0.3783007860183716,0.10914589464664459,0.8933147192001343,0.7945429682731628,-0.19765731692314148,0.02832585945725441,-0.573437511920929,0.6362645626068115,0.10155735909938812,0.019978148862719536,0,0.4053024649620056,0.10885509848594666,0.88896244764328,0.7889542579650879,-0.21160480380058289,0.055901091545820236,-0.5741511583328247,1
0.38132137060165405,0.10912900418043137,0.8928142786026001,0.7940488457679749,-0.19912642240524292,0.031182866543531418,-0.5734655261039734,0.6362645626068115,0.10155735909938812,0.019978148862719536,0,0.4112042784690857,0.10880153626203537,0.8875876665115356,0.7876511216163635,-0.2146429717540741,0.06180085241794586,-0.5742078423500061,1
0.3846665322780609,0.10910793393850327,0.8922374844551086,0.7934828400611877,-0.20076517760753632,0.03436438366770744,-0.5734956860542297,0.6362645626068115,0.10155735909938812,0.019978148862719536,0,0.4170701205730438,0.108746737241745,0.8861055970191956,0.7863030433654785,-0.21768459677696228,0.06768485903739929,-0.5742470622062683,1
0.3882999122142792,0.10908296704292297,0.8915809988975525,0.7928473353385925,-0.20255692303180695,0.03783651813864708,-0.57352614402771,0.6362645626068115,0.10155735909938812,0.019978148862719536,0,0.42289912700653076,0.10869059711694717,0.8845164179801941,0.784909725189209,-0.22072994709014893,0.07355272769927979,-0.5742691159248352,1
0.39218786358833313,0.10905423760414124,0.8908417820930481,0.7921440005302429,-0.20448565483093262,0.041567541658878326,-0.5735552906990051,0.6362645626068115,0.10155735909938812,0.019978148862719536,0,0.4286891520023346,0.10863309353590012,0.8828210234642029,0.7834715247154236,-0.2237783968448639,0.07940416038036346,-0.5742738842964172,1
0.3962988257408142,0.10902206599712372,0.8900167346000671,0.7913745045661926,-0.206537127494812,0.04552849382162094,-0.5735815167427063,0.6362645626068115,0.10155735909938812,0.019978148862719536,0,0.43443912267684937,0.10857410728931427,0.881019651889801,0.7819884419441223,-0.22683027386665344,0.085238978266716,-0.5742616057395935,1
0.40060508251190186,0.1089867651462555,0.8891031742095947,0.7905406355857849,-0.20869886875152588,0.049693841487169266,-0.5736033916473389,0.6362645626068115,0.10155735909938812,0.019978148862719536,0,0.440147340297699,0.1085139662027359,0.879112958908081,0.7804608941078186,-0.22988539934158325,0.09105666726827621,-0.5742318034172058,1
0.4050816297531128,0.10894838720560074,0.8880980014801025,0.7896432280540466,-0.2109593152999878,0.05404079705476761,-0.5736194849014282,0.6362645626068115,0.10155735909938812,0.019978148862719536,0,0.44581177830696106,0.10845255106687546,0.877101719379425,0.778889000415802,-0.2329435646533966,0.09685654938220978,-0.5741845369338989,1
0.4097058176994324,0.10890726745128632,0.8869991302490234,0.7886837124824524,-0.21330836415290833,0.058548085391521454,-0.5736285448074341,0.6362645626068115,0.10155735909938812,0.019978148862719536,0,0.4514320194721222,0.10838967561721802,0.8749862909317017,0.7772728204727173,-0.23600482940673828,0.1026391014456749,-0.574120044708252,1
0.4144565761089325,0.10886364430189133,0.8858038187026978,0.7876631021499634,-0.21573683619499207,0.06319738924503326,-0.5736291408538818,0.6362645626068115,0.10155735909938812,0.019978148862719536,0,0.4570053815841675,0.10832571238279343,0.8727675676345825,0.7756127715110779,-0.239068865776062,0.10840316861867905,-0.5740379691123962,1
0.419315367937088,0.10881741344928741,0.8845106959342957,0.7865824699401855,-0.21823684871196747,0.06797173619270325,-0.5736205577850342,0.6362645626068115,0.10155735909938812,0.019978148862719536,0,0.4625309407711029,0.10826050490140915,0.870445966720581,0.7739089131355286,-0.24213582277297974,0.11414873600006104,-0.573938250541687,1
0.4242657423019409,0.1087690070271492,0.8831176161766052,0.7854426503181458,-0.22080069780349731,0.07285592705011368,-0.5736017227172852,0.6362645626068115,0.10155735909938812,0.019978148862719536,0,0.46800696849823,0.10819409042596817,0.8680225014686584,0.7721615433692932,-0.24520550668239594,0.11987562477588654,-0.5738211274147034,1
0.42929238080978394,0.10871819406747818,0.8816231489181519,0.7842443585395813,-0.22342225909233093,0.07783697545528412,-0.5735717415809631,0.6362645626068115,0.10155735909938812,0.019978148862719536,0,0.4734322428703308,0.10812629014253616,0.8654975295066833,0.7703705430030823,-0.24827757477760315,0.12558317184448242,-0.5736865997314453,1
0.4343809187412262,0.10866542160511017,0.8800264000892639,0.7829890251159668,-0.22609515488147736,0.0829017236828804,-0.5735296607017517,0.6362645626068115,0.10155735909938812,0.019978148862719536,0,0.47880539298057556,0.10805748403072357,0.8628720045089722,0.7685366272926331,-0.2513526976108551,0.1312711536884308,-0.573533833026886,1
0.43951988220214844,0.10861065983772278,0.8783259391784668,0.7816768884658813,-0.228814959526062,0.08804033696651459,-0.573475182056427,0.6362645626068115,0.10155735909938812,0.019978148862719536,0,0.4841245114803314,0.10798754543066025,0.8601465225219727,0.7666595578193665,-0.2544296383857727,0.13693910837173462,-0.5733639001846313,1
0.44469699263572693,0.10855402797460556,0.8765217065811157,0.7803092002868652,-0.23157624900341034,0.09324192255735397,-0.5734072327613831,0.6362645626068115,0.10155735909938812,0.019978148862719536,0,0.48938843607902527,0.107916459441185,0.8573219776153564,0.7647398114204407,-0.25750914216041565,0.1425870805978775,-0.5731761455535889,1
0.4499022960662842,0.10849549621343613,0.8746126294136047,0.7788864970207214,-0.23437517881393433,0.09849826991558075,-0.5733255743980408,0.6362645626068115,0.10155735909938812,0.019978148862719536,0,0.4945955276489258,0.10784408450126648,0.8543992638587952,0.7627773880958557,-0.2605907618999481,0.14821437001228333,-0.5729707479476929,1
0.45512714982032776,0.1084352508187294,0.8725985288619995,0.7774094343185425,-0.23720791935920715,0.10380157083272934,-0.5732295513153076,0.6362645626068115,0.10155735909938812,0.019978148862719536,0,0.499744713306427,0.10777081549167633,0.8513790965080261,0.7607727646827698,-0.2636745870113373,0.15382054448127747,-0.5727473497390747,1
0.46036213636398315,0.1083732545375824,0.8704794645309448,0.7758790254592896,-0.24007123708724976,0.1091444343328476,-0.5731186270713806,0.6362645626068115,0.10155735909938812,0.019978148862719536,0,0.5048342347145081,0.10769648849964142,0.8482621908187866,0.7587260007858276,-0.2667606472969055,0.1594059020280838,-0.5725061893463135,1
0.46559956669807434,0.10830985754728317,0.8682551980018616,0.7742959856987,-0.2429618537425995,0.11451973021030426,-0.5729926228523254,0.6362645626068115,0.10155735909938812,0.019978148862719536,0,0.5098627209663391,0.10762094706296921,0.8450497388839722,0.7566372156143188,-0.2698482871055603,0.16496936976909637,-0.572247326374054,1
0.47083282470703125,0.10824470221996307,0.8659261465072632,0.7726608514785767,-0.24587713181972504,0.11992274969816208,-0.5728509426116943,0.6362645626068115,0.10155735909938812,0.019978148862719536,0,0.5148287415504456,0.10754457861185074,0.8417424559593201,0.7545068264007568,-0.272938072681427,0.1705109030008316,-0.5719704031944275,1
0.4760548174381256,0.10817817598581314,0.863492488861084,0.7709743976593018,-0.24881456792354584,0.12534759938716888,-0.5726933479309082,0.6362645626068115,0.10155735909938812,0.019978148862719536,0,0.5197312831878662,0.10746724158525467,0.838341236114502,0.7523350715637207,-0.2760295569896698,0.17603038251399994,-0.5716755390167236,1
0.4812597334384918,0.10811025649309158,0.8609549403190613,0.7692373991012573,-0.25177180767059326,0.13078944385051727,-0.5725196599960327,0.6362645626068115,0.10155735909938812,0.019978148862719536,0,0.5245685577392578,0.1073889508843422,0.8348470330238342,0.7501220703125,-0.2791224718093872,0.18152722716331482,-0.5713626742362976,1
0.4864427149295807,0.10804077982902527,0.8583133220672607,0.7674503326416016,-0.2547476887702942,0.1362442821264267,-0.572329580783844,0.6362645626068115,0.10155735909938812,0.019978148862719536,0,0.5293397307395935,0.10730952024459839,0.8312605619430542,0.7478678822517395,-0.2822172939777374,0.18700137734413147,-0.5710318088531494,1
0.4915980398654938,0.10797015577554703,0.8555688858032227,0.765613853931427,-0.25773951411247253,0.1417083442211151,-0.5721226930618286,0.6362645626068115,0.10155735909938812,0.019978148862719536,0,0.5340434312820435,0.10722941160202026,0.8275828957557678,0.7455730438232422,-0.2853136658668518,0.19245272874832153,-0.5706827640533447,1
0.4967215061187744,0.10789815336465836,0.8527219295501709,0.7637287378311157,-0.2607460021972656,0.14717815816402435,-0.5718991160392761,0.6362645626068115,0.10155735909938812,0.019978148862719536,0,0.5386775732040405,0.1071484312415123,0.8238155245780945,0.7432377338409424,-0.28841081261634827,0.19787979125976562,-0.570315957069397,1
0.5018087029457092,0.10782484710216522,0.8497734069824219,0.7617954015731812,-0.2637659013271332,0.1526503711938858,-0.571658194065094,0.6362645626068115,0.10155735909938812,0.019978148862719536,0,0.5432416200637817,0.10706640034914017,0.8199589252471924,0.7408620119094849,-0.29150959849357605,0.20328369736671448,-0.5699309706687927,1
0.5068552494049072,0.10775043070316315,0.846724271774292,0.7598145604133606,-0.2667974531650543,0.15812188386917114,-0.5714002251625061,0.6362645626068115,0.10155735909938812,0.019978148862719536,0,0.5477340817451477,0.10698378086090088,0.8160142302513123,0.7384463548660278,-0.2946096658706665,0.20866340398788452,-0.5695275664329529,1
0.511857807636261,0.1076747328042984,0.8435752987861633,0.7577866911888123,-0.2698397636413574,0.1635906994342804,-0.5711250305175781,0.6362645626068115,0.10155735909938812,0.019978148862719536,0,0.5521534085273743,0.10690037161111832,0.8119826316833496,0.7359910011291504,-0.29771047830581665,0.21401852369308472,-0.5691061019897461,1
0.5168131589889526,0.10759816318750381,0.8403273224830627,0.7557125091552734,-0.2728918790817261,0.1690537929534912,-0.5708321332931519,0.6362645626068115,0.10155735909938812,0.019978148862719536,0,0.5564989447593689,0.10681623220443726,0.8078650236129761,0.7334960103034973,-0.30081233382225037,0.21934908628463745,-0.5686664581298828,1
0.5217177867889404,0.10752034932374954,0.8369814157485962,0.753592312335968,-0.2759528160095215,0.17450957000255585,-0.5705217123031616,0.6362645626068115,0.10155735909938812,0.019978148862719536,0,0.5607689023017883,0.10673116892576218,0.8036627769470215,0.7309615612030029,-0.30391520261764526,0.22465448081493378,-0.5682085752487183,1
0.526568591594696,0.10744134336709976,0.8335388898849487,0.7514266967773438,-0.2790212333202362,0.1799556165933609,-0.5701938271522522,0.6362645626068115,0.10155735909938812,0.019978148862719536,0,0.5649623274803162,0.1066456288099289,0.7993767261505127,0.728388249874115,-0.30701860785484314,0.22993460297584534,-0.5677324533462524,1
0.5313629508018494,0.10736154764890671,0.8300005793571472,0.7492163181304932,-0.282096803188324,0.18539077043533325,-0.5698476433753967,0.6362645626068115,0.10155735909938812,0.019978148862719536,0,0.5690780878067017,0.10655944049358368,0.7950078845024109,0.7257760763168335,-0.3101227283477783,0.23518918454647064,-0.5672379732131958,1
0.536098301410675,0.10728081315755844,0.8263674974441528,0.7469614744186401,-0.28517863154411316,0.1908128559589386,-0.5694839954376221,0.6362645626068115,0.10155735909938812,0.019978148862719536,0,0.5731145739555359,0.10647265613079071,0.7905579209327698,0.7231255173683167,-0.31322741508483887,0.2404174953699112,-0.5667252540588379,1
0.5407723188400269,0.10719893127679825,0.8226407766342163,0.7446627616882324,-0.28826621174812317,0.19622056186199188,-0.5691021680831909,0.6362645626068115,0.10155735909938812,0.019978148862719536,0,0.5770712494850159,0.10638506710529327,0.7860273718833923,0.7204363346099854,-0.31633272767066956,0.2456202507019043,-0.5661941170692444,1
0.5453824400901794,0.10711636394262314,0.8188215494155884,0.742320716381073,-0.2913586497306824,0.201612651348114,-0.5687022805213928,0.6362645626068115,0.10155735909938812,0.019978148862719536,0,0.5809465646743774,0.10629714280366898,0.7814178466796875,0.7177093029022217,-0.31943824887275696,0.2507960796356201,-0.5656445622444153,1
0.5499262809753418,0.10703292489051819,0.8149113655090332,0.7399356365203857,-0.2944556772708893,0.20698752999305725,-0.5682843327522278,0.6362645626068115,0.10155735909938812,0.019978148862719536,0,0.5847391486167908,0.10620872676372528,0.7767307758331299,0.7149445414543152,-0.3225439488887787,0.255945086479187,-0.5650767683982849,1
0.5544024109840393,0.10694848001003265,0.8109108805656433,0.7375078201293945,-0.2975565791130066,0.2123444676399231,-0.5678485035896301,0.6362645626068115,0.10155735909938812,0.019978148862719536,0,0.5884485840797424,0.10611958801746368,0.7719666361808777,0.7121420502662659,-0.3256501257419586,0.26106712222099304,-0.5644904375076294,1
0.5588080286979675,0.10686343163251877,0.8068219423294067,0.7350381016731262,-0.30066099762916565,0.2176821380853653,-0.5673943161964417,0.6362645626068115,0.10155735909938812,0.019978148862719536,0,0.5920735597610474,0.10603024065494537,0.7671269774436951,0.709302544593811,-0.32875627279281616,0.26616188883781433,-0.5638855695724487,1
0.5631420612335205,0.106777623295784,0.8026450872421265,0.7325266003608704,-0.3037685751914978,0.22299976646900177,-0.5669218301773071,0.6362645626068115,0.10155735909938812,0.019978148862719536,0,0.595612645149231,0.10594051331281662,0.7622132301330566,0.7064260244369507,-0.33186233043670654,0.2712289094924927,-0.5632623434066772,1
0.5674020051956177,0.10669107735157013,0.7983821034431458,0.7299740314483643,-0.30687862634658813,0.22829613089561462,-0.5664311647415161,0.6362645626068115,0.10155735909938812,0.019978148862719536,0,0.5990645885467529,0.10585038363933563,0.7572270035743713,0.7035129070281982,-0.3349681794643402,0.27626773715019226,-0.5626205801963806,1
0.5715862512588501,0.10660385340452194,0.7940342426300049,0.7273803949356079,-0.30999115109443665,0.23357072472572327,-0.5659221410751343,0.6362645626068115,0.10155735909938812,0.019978148862719536,0,0.6024293303489685,0.10575971007347107,0.7521687746047974,0.7005632519721985,-0.33807381987571716,0.28127872943878174,-0.5619603991508484,1
0.5756936073303223,0.10651596635580063,0.789602518081665,0.7247462868690491,-0.3131057620048523,0.2388225942850113,-0.5653948783874512,0.6362645626068115,0.10155735909938812,0.019978148862719536,0,0.6057050824165344,0.10566898435354233,0.7470402717590332,0.6975774168968201,-0.3411790728569031,0.2862609922885895,-0.5612816214561462,1
0.5797221064567566,0.10642745345830917,0.7850885391235352,0.722072184085846,-0.3162217438220978,0.2440507560968399,-0.5648492574691772,0.6362645626068115,0.10155735909938812,0.019978148862719536,0,0.6088911294937134,0.1055779978632927,0.7418425679206848,0.6945558190345764,-0.34428396821022034,0.2912146747112274,-0.5605841875076294,1
0.5836706757545471,0.10633835941553116,0.7804931402206421,0.7193581461906433,-0.3193395733833313,0.24925543367862701,-0.5642850995063782,0.6362645626068115,0.10155735909938812,0.019978148862719536,0,0.6119863390922546,0.10548679530620575,0.736577570438385,0.6914986968040466,-0.34738823771476746,0.2961390018463135,-0.5598683953285217,1
0.587537407875061,0.10624872148036957,0.7758182883262634,0.7166050672531128,-0.3224581778049469,0.25443485379219055,-0.5637027025222778,0.6362645626068115,0.10155735909938812,0.019978148862719536,0,0.6149900555610657,0.10539517551660538,0.731245756149292,0.6884059309959412,-0.35049208998680115,0.3010346591472626,-0.5591337084770203,1
0.5913209915161133,0.10615856200456619,0.7710649967193604,0.7138130068778992,-0.32557761669158936,0.25958895683288574,-0.5631018877029419,0.6362645626068115,0.10155735909938812,0.019978148862719536,0,0.617901086807251,0.10530364513397217,0.7258492708206177,0.685278594493866,-0.35359475016593933,0.30590036511421204,-0.5583805441856384,1
0.5950199961662292,0.10606814920902252,0.7662347555160522,0.7109824419021606,-0.3286978304386139,0.2647172808647156,-0.5624824166297913,0.6362645626068115,0.10155735909938812,0.019978148862719536,0,0.6207184791564941,0.1052120253443718,0.7203891277313232,0.6821163296699524,-0.3566970229148865,0.31073611974716187,-0.5576086640357971,1
0.5986331701278687,0.10597708076238632,0.761329174041748,0.708113431930542,-0.3318181335926056,0.26981887221336365,-0.5618448853492737,0.6362645626068115,0.10155735909938812,0.019978148862719536,0,0.6234415173530579,0.10512010008096695,0.7148666381835938,0.6789195537567139,-0.3597981035709381,0.3155421316623688,-0.5568182468414307,1
0.6021596789360046,0.1058858260512352,0.7563489079475403,0.7052068710327148,-0.33493900299072266,0.27489370107650757,-0.5611883997917175,0.6362645626068115,0.10155735909938812,0.019978148862719536,0,0.6260692477226257,0.10502838343381882,0.7092835307121277,0.6756888628005981,-0.362898051738739,0.32031771540641785,-0.55600905418396,1
0.6055974960327148,0.10579399019479752,0.7512964606285095,0.7022628784179688,-0.33805927634239197,0.2799409031867981,-0.5605137944221497,0.6362645626068115,0.10155735909938812,0.019978148862719536,0,0.6286009550094604,0.10493669658899307,0.7036407589912415,0.6724241375923157,-0.36599716544151306,0.3250626027584076,-0.555181086063385,1
0.6089461445808411,0.10570207238197327,0.7461723685264587,0.6992816925048828,-0.3411796987056732,0.28496018052101135,-0.5598206520080566,0.6362645626068115,0.10155735909938812,0.019978148862719536,0,0.6310355067253113,0.1048450767993927,0.6979403495788574,0.6691258549690247,-0.3690948784351349,0.3297765851020813,-0.5543345808982849,1
0.6122045516967773,0.10560984164476395,0.7409780025482178,0.6962636113166809,-0.34429967403411865,0.289951354265213,-0.5591088533401489,0.6362645626068115,0.10155735909938812,0.019978148862719536,0,0.6333723664283752,0.1047532930970192,0.692183256149292,0.665794312953949,-0.3721911609172821,0.3344598114490509,-0.5534693002700806,1
0.6153711676597595,0.10551739484071732,0.7357153296470642,0.6932093501091003,-0.34741896390914917,0.2949136793613434,-0.5583785772323608,0.6362645626068115,0.10155735909938812,0.019978148862719536,0,0.6356106996536255,0.10466189682483673,0.6863710880279541,0.6624298691749573,-0.3752861022949219,0.3391113877296448,-0.5525853037834167,1
0.6184452772140503,0.10542472451925278,0.7303853631019592,0.6901189088821411,-0.3505375385284424,0.29984691739082336,-0.5576298832893372,0.6362645626068115,0.10155735909938812,0.019978148862719536,0,0.6377496123313904,0.10457069426774979,0.6805054545402527,0.6590327620506287,-0.3783794939517975,0.34373125433921814,-0.5516823530197144,1
0.6214256882667542,0.1053319200873375,0.7249898314476013,0.6869927048683167,-0.3536553978919983,0.3047507405281067,-0.5568623542785645,0.6362645626068115,0.10155735909938812,0.019978148862719536,0,0.6397889852523804,0.10447945445775986,0.6745869517326355,0.6556028723716736,-0.3814714848995209,0.34831973910331726,-0.5507609248161316,1
0.6243114471435547,0.10523896664381027,0.7195302844047546,0.6838312745094299,-0.35677167773246765,0.3096245527267456,-0.55607670545578,0.6362645626068115,0.10155735909938812,0.019978148862719536,0,0.6417272090911865,0.10438872128725052,0.6686185002326965,0.6521413326263428,-0.3845614492893219,0.3528759479522705,-0.5498204827308655,1
0.6271014213562012,0.10514593124389648,0.7140082120895386,0.6806347966194153,-0.3598869740962982,0.3144679069519043,-0.5552724599838257,0.6362645626068115,0.10155735909938812,0.019978148862719536,0,0.6435638070106506,0.10429830849170685,0.6626009345054626,0.6486480832099915,-0.3876497149467468,0.35739952325820923,-0.5488613843917847,1
0.6297950744628906,0.10505286604166031,0.7084246277809143,0.6774036288261414,-0.3630009889602661,0.31928080320358276,-0.5544495582580566,0.6362645626068115,0.10155735909938812,0.019978148862719536,0,0.6452986001968384,0.10420820116996765,0.6565355062484741,0.6451232433319092,-0.39073583483695984,0.36189088225364685,-0.5478835105895996,1
0.632391095161438,0.10495978593826294,0.7027818560600281,0.6741382479667664,-0.36611315608024597,0.32406267523765564,-0.553608238697052,0.6362645626068115,0.10155735909938812,0.019978148862719536,0,0.6469305753707886,0.10411827266216278,0.6504240036010742,0.6415671110153198,-0.39381998777389526,0.3663495182991028,-0.5468869209289551,1
0.6348893046379089,0.10486697405576706,0.697080135345459,0.6708387732505798,-0.3692242205142975,0.3288137912750244,-0.5527478456497192,0.6362645626068115,0.10155735909938812,0.019978148862719536,0,0.6484591364860535,0.10402898490428925,0.6442677974700928,0.6379803419113159,-0.39690205454826355,0.37077513337135315,-0.5458714365959167,1
0.6372879147529602,0.10477402061223984,0.6913225054740906,0.6675058603286743,-0.3723328709602356,0.3335327208042145,-0.5518695712089539,0.6362645626068115,0.10155735909938812,0.019978148862719536,0,0.6498837471008301,0.1039402037858963,0.638068675994873,0.6343631148338318,-0.39998188614845276,0.37516725063323975,-0.5448371171951294,1
0.6395865678787231,0.10468118637800217,0.6855097413063049,0.664139449596405,-0.3754398226737976,0.3382200598716736,-0.550972580909729,0.6362645626068115,0.10155735909938812,0.019978148862719536,0,0.6512038111686707,0.10385189950466156,0.6318280696868896,0.6307154893875122,-0.4030592441558838,0.37952619791030884,-0.5437839031219482,1
0.6417849063873291,0.10458873957395554,0.6796427965164185,0.6607400178909302,-0.3785451650619507,0.34287554025650024,-0.5500568747520447,0.6362645626068115,0.10155735909938812,0.019978148862719536,0,0.6524190306663513,0.10376393795013428,0.6255471706390381,0.6270379424095154,-0.40613409876823425,0.3838514983654022,-0.5427120327949524,1
0.6438814997673035,0.10449652373790741,0.6737244129180908,0.6573083400726318,-0.3816477954387665,0.3474980890750885,-0.5491227507591248,0.6362645626068115,0.10155735909938812,0.019978148862719536,0,0.6535284519195557,0.10367680341005325,0.6192282438278198,0.6233310699462891,-0.4092065989971161,0.38814276456832886,-0.5416210889816284,1
0.6458761692047119,0.10440430790185928,0.667755126953125,0.6538439393043518,-0.3847484588623047,0.3520882725715637,-0.5481700897216797,0.6362645626068115,0.10155735909938812,0.019978148862719536,0,0.654531717300415,0.10359029471874237,0.6128721237182617,0.6195946931838989,-0.41227641701698303,0.39240020513534546,-0.5405113697052002,1
0.6477679014205933,0.10431260615587234,0.6617371439933777,0.6503479480743408,-0.3878464102745056,0.35664549469947815,-0.5471987724304199,0.6362645626068115,0.10155735909938812,0.019978148862719536,0,0.6554285287857056,0.1035042330622673,0.6064809560775757,0.615829348564148,-0.415343314409256,0.396623432636261,-0.5393828749656677,1
0.6495559215545654,0.10422125458717346,0.6556720733642578,0.6468204259872437,-0.3909419775009155,0.3611691892147064,-0.5462090969085693,0.6362645626068115,0.10155735909938812,0.019978148862719536,0,0.6562181711196899,0.10341913253068924,0.6000564098358154,0.6120356321334839,-0.4184073805809021,0.4008116126060486,-0.5382355451583862,1
0.6512400507926941,0.10413028299808502,0.649560809135437,0.6432614326477051,-0.39403513073921204,0.3656596541404724,-0.5452008247375488,0.6362645626068115,0.10155735909938812,0.019978148862719536,0,0.6569004654884338,0.10333479940891266,0.5935994982719421,0.6082136034965515,-0.421468585729599,0.40496549010276794,-0.5370692610740662,1
0.6528193354606628,0.10403971374034882,0.6434056162834167,0.6396717429161072,-0.3971251845359802,0.3701162338256836,-0.5441741347312927,0.6362645626068115,0.10155735909938812,0.019978148862719536,0,0.6574746966362,0.10325128585100174,0.5871121883392334,0.6043634414672852,-0.4245266914367676,0.40908437967300415,-0.5358840823173523,1
0.6542931795120239,0.10394936800003052,0.6372078061103821,0.6360512971878052,-0.40021252632141113,0.3745391070842743,-0.5431289672851562,0.6362645626068115,0.10155735909938812,0.019978148862719536,0,0.657957911491394,0.10316500067710876,0.5803238749504089,0.6003234386444092,-0.4277088940143585,0.4133376479148865,-0.5346296429634094,1
0.6556608080863953,0.10385928303003311,0.6309534311294556,0.6323902010917664,-0.4033031463623047,0.37893882393836975,-0.542064905166626,0.6362645626068115,0.10155735909938812,0.019978148862719536,0,0.6583231687545776,0.10307969897985458,0.5735061764717102,0.5962538719177246,-0.43088746070861816,0.41755250096321106,-0.5333545804023743,1
0.656923770904541,0.1037692204117775,0.6246392726898193,0.6286861896514893,-0.4064009487628937,0.3833185136318207,-0.5409793853759766,0.6362645626068115,0.10155735909938812,0.019978148862719536,0,0.6585701704025269,0.10299564152956009,0.56666100025177,0.5921552777290344,-0.4340624213218689,0.4217284619808197,-0.5320591330528259,1
0.6580820083618164,0.10367998480796814,0.6182657480239868,0.6249403357505798,-0.409505695104599,0.38767722249031067,-0.5398712158203125,0.6362645626068115,0.10155735909938812,0.019978148862719536,0,0.658698558807373,0.10291243344545364,0.5597897171974182,0.5880277156829834,-0.43723347783088684,0.42586609721183777,-0.5307431221008301,1
0.6591343879699707,0.10359109938144684,0.6118349432945251,0.6211527585983276,-0.4126172363758087,0.39201435446739197,-0.5387402176856995,0.6362645626068115,0.10155735909938812,0.019978148862719536,0,0.6587082147598267,0.10283055901527405,0.5528944730758667,0.5838715434074402,-0.4404008686542511,0.42996466159820557,-0.529406726360321,1
0.6600797772407532,0.10350265353918076,0.6053493022918701,0.6173245906829834,-0.4157347083091736,0.3963277041912079,-0.5375865697860718,0.6362645626068115,0.10155735909938812,0.019978148862719536,0,0.6585984826087952,0.10274960100650787,0.5459773540496826,0.579687237739563,-0.4435640275478363,0.4340238571166992,-0.5280501246452332,1
0.6609165668487549,0.10341440141201019,0.5988120436668396,0.613456666469574,-0.4188569188117981,0.40061652660369873,-0.5364102721214294,0.6362645626068115,0.10155735909938812,0.019978148862719536,0,0.6583696007728577,0.1026700809597969,0.5390396118164062,0.57547527551651,-0.44672316312789917,0.4380439519882202,-0.5266726016998291,1
0.6616432070732117,0.103327177464962,0.5922261476516724,0.6095507144927979,-0.4219834506511688,0.4048784077167511,-0.535211443901062,0.6362645626068115,0.10155735909938812,0.019978148862719536,0,0.6580210328102112,0.10259157419204712,0.5320835113525391,0.5712358355522156,-0.4498780071735382,0.4420243799686432,-0.5252750515937805,1
0.6622583866119385,0.10324028134346008,0.5855948328971863,0.6056073307991028,-0.4251127243041992,0.40911245346069336,-0.5339905023574829,0.6362645626068115,0.10155735909938812,0.019978148862719536,0,0.6575523614883423,0.1025143712759018,0.5251111388206482,0.5669695138931274,-0.45302829146385193,0.445965051651001,-0.5238568186759949,1
0.6627606153488159,0.10315423458814621,0.5789210796356201,0.601627767086029,-0.4282444715499878,0.4133172631263733,-0.532747209072113,0.6362645626068115,0.10155735909938812,0.019978148862719536,0,0.656964123249054,0.102438785135746,0.5181233286857605,0.5626763701438904,-0.45617491006851196,0.4498659670352936,-0.5224177837371826,1
0.6631490588188171,0.10306888818740845,0.5722079277038574,0.5976126790046692,-0.4313775300979614,0.4174911677837372,-0.531482458114624,0.6362645626068115,0.10155735909938812,0.019978148862719536,0,0.6562556028366089,0.10236430168151855,0.51112300157547,0.5583571195602417,-0.45931628346443176,0.45372655987739563,-0.5209588408470154,1
0.663422167301178,0.10298451036214828,0.5654582381248474,0.593563437461853,-0.43451130390167236,0.4216335117816925,-0.5301956534385681,0.6362645626068115,0.10155735909938812,0.019978148862719536,0,0.655426561832428,0.10229150950908661,0.5041120648384094,0.5540121793746948,-0.4624531865119934,0.457546591758728,-0.5194791555404663,1
0.6635791063308716,0.1029009148478508,0.5586753487586975,0.5894809365272522,-0.4376450181007385,0.42574259638786316,-0.5288878083229065,0.6362645626068115,0.10155735909938812,0.019978148862719536,0,0.654477596282959,0.10221996903419495,0.49709177017211914,0.5496417284011841,-0.46558505296707153,0.46132633090019226,-0.5179793238639832,1
0.6636191606521606,0.10281837731599808,0.5518614053726196,0.5853656530380249,-0.44077810645103455,0.4298180341720581,-0.5275585651397705,0.6362645626068115,0.10155735909938812,0.019978148862719536,0,0.6534079313278198,0.10215020924806595,0.49006423354148865,0.5452462434768677,-0.46871209144592285,0.4650651514530182,-0.516459047794342,1
0.6635416746139526,0.10273675620555878,0.5450193285942078,0.5812187790870667,-0.4439100921154022,0.4338584244251251,-0.5262084007263184,0.6362645626068115,0.10155735909938812,0.019978148862719536,0,0.6522178649902344,0.1020817682147026,0.4830312728881836,0.5408259630203247,-0.4718340039253235,0.46876344084739685,-0.5149181485176086,1
0.6633457541465759,0.1026565432548523,0.5381516218185425,0.5770410895347595,-0.4470403790473938,0.43786370754241943,-0.5248369574546814,0.6362645626068115,0.10155735909938812,0.019978148862719536,0,0.6509073972702026,0.1020149439573288,0.47599536180496216,0.536381721496582,-0.4749506115913391,0.47242018580436707,-0.5133573412895203,1
0.6630312204360962,0.10257730633020401,0.5312607288360596,0.5728330016136169,-0.4501686692237854,0.4418327212333679,-0.5234447121620178,0.6362645626068115,0.10155735909938812,0.019978148862719536,0,0.6494768857955933,0.1019500270485878,0.468956857919693,0.5319133400917053,-0.4780624508857727,0.4760359525680542,-0.511775553226471,1
0.6625975966453552,0.1024993509054184,0.5243489146232605,0.5685954093933105,-0.4532943367958069,0.4457646310329437,-0.522031843662262,0.6362645626068115,0.10155735909938812,0.019978148862719536,0,0.6479259729385376,0.1018865630030632,0.4619193375110626,0.5274215340614319,-0.4811684489250183,0.4796101748943329,-0.5101737976074219,1
0.662044107913971,0.10242273658514023,0.5174193978309631,0.5643292665481567,-0.4564168453216553,0.4496590793132782,-0.5205984115600586,0.6362645626068115,0.10155735909938812,0.019978148862719536,0,0.6462548971176147,0.10182511061429977,0.4548835754394531,0.5229067802429199,-0.4842691421508789,0.48314300179481506,-0.5085514187812805,1
0.6613709330558777,0.1023472249507904,0.510473370552063,0.5600345134735107,-0.4595363140106201,0.45351552963256836,-0.5191447138786316,0.6362645626068115,0.10155735909938812,0.019978148862719536,0,0.6444637179374695,0.10176520049571991,0.44785159826278687,0.5183689594268799,-0.4873644709587097,0.48663413524627686,-0.5069090127944946,1
0.6605772972106934,0.10227339714765549,0.5035145878791809,0.5557128190994263,-0.46265193819999695,0.4573332965373993,-0.5176704525947571,0.6362645626068115,0.10155735909938812,0.019978148862719536,0,0.6425527930259705,0.10170713812112808,0.4408259093761444,0.5138092041015625,-0.4904536008834839,0.490083247423172,-0.5052462220191956,1
0.6596634387969971,0.10220076888799667,0.49654337763786316,0.5513638854026794,-0.46576401591300964,0.46111226081848145,-0.5161755681037903,0.6362645626068115,0.10155735909938812,0.019978148862719536,0,0.640522301197052,0.10165119916200638,0.4338071942329407,0.5092272162437439,-0.4935373365879059,0.4934905469417572,-0.503562867641449,1
0.6586291193962097,0.10212992131710052,0.48956361413002014,0.5469887256622314,-0.468871533870697,0.4648515582084656,-0.5146607160568237,0.6362645626068115,0.10155735909938812,0.019978148862719536,0,0.638372004032135,0.10159692913293839,0.42679888010025024,0.5046239495277405,-0.4966147840023041,0.49685540795326233,-0.5018596649169922,1
0.6574743390083313,0.10206038504838943,0.48257678747177124,0.5425879955291748,-0.47197437286376953,0.4685512185096741,-0.5131258964538574,0.6362645626068115,0.10155735909938812,0.019978148862719536,0,0.6361029148101807,0.10154486447572708,0.4198012351989746,0.4999994933605194,-0.4996865391731262,0.5001779794692993,-0.5001356601715088,1
0.6561988592147827,0.10199271142482758,0.4755851626396179,0.538162112236023,-0.4750727117061615,0.47221052646636963,-0.5115708112716675,0.6362645626068115,0.10155735909938812,0.019978148862719536,0,0.6561988592147827,0.10199271142482758,0.4755851626396179,0.538162112236023,-0.4750727117061615,0.47221052646636963,-0.5115708112716675,1
0.655723512172699,0.10204374045133591,0.4684733748435974,0.5346783995628357,-0.478826105594635,0.4760534167289734,-0.5081511735916138,0.6362645626068115,0.10155735909938812,0.019978148862719536,0,0.6565453410148621,0.10198204964399338,0.4732131361961365,0.5377836227416992,-0.4753258228302002,0.4725058972835541,-0.5114607810974121,1
0.6558784246444702,0.1021219938993454,0.4617091119289398,0.5315227508544922,-0.48221880197525024,0.4796513319015503,-0.5048593878746033,0.6362645626068115,0.10155735909938812,0.019978148862719536,0,0.6568803787231445,0.10197151452302933,0.4708414077758789,0.537405252456665,-0.47557881474494934,0.47280076146125793,-0.5113509893417358,1
0.6562272906303406,0.10215481370687485,0.45583829283714294,0.5288744568824768,-0.48499226570129395,0.4826265573501587,-0.5021411776542664,0.6362645626068115,0.10155735909938812,0.019978148862719536,0,0.6572040319442749,0.10196110606193542,0.46846961975097656,0.537026584148407,-0.47583186626434326,0.4730955958366394,-0.5112407207489014,1
0.6566354632377625,0.10215611010789871,0.4510476291179657,0.5268004536628723,-0.48710769414901733,0.48491692543029785,-0.500062882900238,0.6362645626068115,0.10155735909938812,0.019978148862719536,0,0.6575160622596741,0.10195104777812958,0.4660978317260742,0.5366477370262146,-0.47608494758605957,0.47339004278182983,-0.5111302137374878,1
0.6570743322372437,0.1021428257226944,0.44739893078804016,0.525330662727356,-0.48856526613235474,0.4865090250968933,-0.4986385703086853,0.6362645626068115,0.10155735909938812,0.019978148862719536,0,0.6578165888786316,0.10194086283445358,0.46372631192207336,0.5362687110900879,-0.4763377010822296,0.4736841917037964,-0.5110199451446533,1
0.6575487852096558,0.10212448984384537,0.4449099898338318,0.5244761109352112,-0.489374041557312,0.4874055087566376,-0.4978691637516022,0.6362645626068115,0.10155735909938812,0.019978148862719536,0,0.658105731010437,0.10193080455064774,0.4613547921180725,0.5358895063400269,-0.4765908122062683,0.47397831082344055,-0.5109091401100159,1
0.6580700278282166,0.10210514813661575,0.44358396530151367,0.5242382884025574,-0.489543080329895,0.487612783908844,-0.49775052070617676,0.6362645626068115,0.10155735909938812,0.019978148862719536,0,0.6583832502365112,0.10192085057497025,0.4589839577674866,0.535510241985321,-0.47684359550476074,0.47427183389663696,-0.510798454284668,1
0.6586213111877441,0.10208223760128021,0.4433443248271942,0.5245766043663025,-0.48911410570144653,0.48717889189720154,-0.49824026226997375,0.6362645626068115,0.10155735909938812,0.019978148862719536,0,0.6586493849754333,0.1019112691283226,0.45661309361457825,0.5351306796073914,-0.4770967960357666,0.4745650589466095,-0.5106874704360962,1
0.6590349674224854,0.10204427689313889,0.44351422786712646,0.5251403450965881,-0.488434374332428,0.4864875376224518,-0.4989883005619049,0.6362645626068115,0.10155735909938812,0.019978148862719536,0,0.6589040160179138,0.101901575922966,0.45424285531044006,0.5347510576248169,-0.4773496389389038,0.4748581349849701,-0.5105763077735901,1
0.6593440175056458,0.10201136767864227,0.443693071603775,0.5257262587547302,-0.4877263903617859,0.48576292395591736,-0.49976906180381775,0.6362645626068115,0.10155735909938812,0.019978148862719536,0,0.6591472625732422,0.10189199447631836,0.4518730342388153,0.5343713164329529,-0.4776025712490082,0.4751508831977844,-0.5104652047157288,1
0.6596023440361023,0.10198761522769928,0.44373491406440735,0.526267409324646,-0.48706352710723877,0.4850797653198242,-0.5005090236663818,0.6362645626068115,0.10155735909938812,0.019978148862719536,0,0.6593789458274841,0.10188254714012146,0.449503630399704,0.5339912176132202,-0.4778554439544678,0.47544342279434204,-0.5103538036346436,1
0.6598381996154785,0.10197073221206665,0.44358521699905396,0.5267382860183716,-0.4864713251590729,0.48446786403656006,-0.5011819005012512,0.6362645626068115,0.10155735909938812,0.019978148862719536,0,0.6595990657806396,0.10187346488237381,0.44713538885116577,0.5336114168167114,-0.47810807824134827,0.4757351577281952,-0.5102424621582031,1
0.6600654721260071,0.10195741057395935,0.4432300329208374,0.5271307229995728,-0.48595690727233887,0.4839371144771576,-0.5017807483673096,0.6362645626068115,0.10155735909938812,0.019978148862719536,0,0.6598078608512878,0.10186424851417542,0.4447673261165619,0.5332310795783997,-0.47836098074913025,0.47602716088294983,-0.5101308226585388,1
0.6602897644042969,0.10194581747055054,0.44267475605010986,0.527445375919342,-0.4855189919471741,0.48348772525787354,-0.5023068785667419,0.6362645626068115,0.10155735909938812,0.019978148862719536,0,0.6600051522254944,0.10185515880584717,0.44240015745162964,0.5328509211540222,-0.4786134958267212,0.4763185679912567,-0.5100192427635193,1
0.6605134010314941,0.10193523019552231,0.4419322609901428,0.5276874899864197,-0.485152930021286,0.4831145107746124,-0.5027652382850647,0.6362645626068115,0.10155735909938812,0.019978148862719536,0,0.6601911187171936,0.10184619575738907,0.44003361463546753,0.5324701070785522,-0.47886621952056885,0.4766097962856293,-0.5099075436592102,1
0.6607363820075989,0.10192488133907318,0.4410187602043152,0.5278624892234802,-0.48485255241394043,0.48281198740005493,-0.5031616687774658,0.6362645626068115,0.10155735909938812,0.019978148862719536,0,0.6603655219078064,0.10183735936880112,0.4376679062843323,0.532089352607727,-0.4791189730167389,0.47690075635910034,-0.5097954869270325,1
0.6609583497047424,0.10191455483436584,0.43995028734207153,0.5279771089553833,-0.48461177945137024,0.4825733006000519,-0.5035021901130676,0.6362645626068115,0.10155735909938812,0.019978148862719536,0,0.6605284810066223,0.10182888060808182,0.43530306220054626,0.5317085385322571,-0.4793717563152313,0.47719135880470276,-0.5096831917762756,1
0.6611776947975159,0.1019042357802391,0.4387430250644684,0.5280376076698303,-0.4844243824481964,0.4823923707008362,-0.5037925839424133,0.6362645626068115,0.10155735909938812,0.019978148862719536,0,0.6606799960136414,0.10182027518749237,0.4329390525817871,0.5313274264335632,-0.4796244502067566,0.47748178243637085,-0.5095708966255188,1
0.6613938808441162,0.10189370065927505,0.43741101026535034,0.5280492305755615,-0.48428499698638916,0.48226258158683777,-0.5040385127067566,0.6362645626068115,0.10155735909938812,0.019978148862719536,0,0.6608201265335083,0.10181181132793427,0.4305764138698578,0.5309463739395142,-0.4798770844936371,0.4777718782424927,-0.5094585418701172,1
0.6616052389144897,0.10188347101211548,0.4359675347805023,0.5280178785324097,-0.4841884970664978,0.48217877745628357,-0.5042441487312317,0.6362645626068115,0.10155735909938812,0.019978148862719536,0,0.6609491109848022,0.10180345922708511,0.42821425199508667,0.5305648446083069,-0.48012983798980713,0.4780617654323578,-0.5093458294868469,1
0.6618109941482544,0.10187304019927979,0.4344246983528137,0.5279476046562195,-0.4841300845146179,0.4821360111236572,-0.5044145584106445,0.6362645626068115,0.10155735909938812,0.019978148862719536,0,0.6610662937164307,0.10179547965526581,0.4258538484573364,0.5301834940910339,-0.48038244247436523,0.4783509373664856,-0.5092332363128662,1
0.6620097756385803,0.10186268389225006,0.43279314041137695,0.5278429388999939,-0.4841059744358063,0.4821297824382782,-0.5045531988143921,0.6362645626068115,0.10155735909938812,0.019978148862719536,0,0.6611722707748413,0.10178738087415695,0.4234943687915802,0.5298017263412476,-0.4806351065635681,0.47864019870758057,-0.5091204047203064,1
0.6622010469436646,0.1018524020910263,0.43108266592025757,0.5277078151702881,-0.48411211371421814,0.482155978679657,-0.5046637058258057,0.6362645626068115,0.10155735909938812,0.019978148862719536,0,0.6612669229507446,0.10177940875291824,0.42113596200942993,0.5294198989868164,-0.48088759183883667,0.4789290726184845,-0.5090073347091675,1
0.6623837351799011,0.10184221714735031,0.4293021261692047,0.5275452136993408,-0.4841451048851013,0.48221084475517273,-0.5047495365142822,0.6362645626068115,0.10155735909938812,0.019978148862719536,0,0.6613499522209167,0.10177154839038849,0.41877931356430054,0.5290380716323853,-0.48114001750946045,0.47921761870384216,-0.5088943839073181,1
0.6625574827194214,0.10183212906122208,0.42745837569236755,0.5273581743240356,-0.48420247435569763,0.48229163885116577,-0.5048127770423889,0.6362645626068115,0.10155735909938812,0.019978148862719536,0,0.6614217758178711,0.10176406800746918,0.4164236783981323,0.5286558270454407,-0.481392502784729,0.47950586676597595,-0.5087810754776001,1
0.6627215147018433,0.1018223911523819,0.42555952072143555,0.5271498560905457,-0.48428112268447876,0.4823949933052063,-0.5048561692237854,0.6362645626068115,0.10155735909938812,0.019978148862719536,0,0.6614823341369629,0.10175648331642151,0.414069801568985,0.5282737612724304,-0.4816448390483856,0.4797937572002411,-0.5086678862571716,1
0.6628754138946533,0.10181251168251038,0.4236108064651489,0.5269219279289246,-0.48437899351119995,0.48251861333847046,-0.5048820376396179,0.6362645626068115,0.10155735909938812,0.019978148862719536,0,0.6615314483642578,0.1017489954829216,0.41171711683273315,0.5278913378715515,-0.4818972051143646,0.48008134961128235,-0.5085543990135193,1
0.6630185842514038,0.10180297493934631,0.42161813378334045,0.5266769528388977,-0.4844937324523926,0.48266029357910156,-0.5048921704292297,0.6362645626068115,0.10155735909938812,0.019978148862719536,0,0.6615691781044006,0.10174164175987244,0.40936607122421265,0.5275086164474487,-0.48214977979660034,0.4803687334060669,-0.5084407925605774,1
0.6631509065628052,0.10179358720779419,0.41958630084991455,0.5264164805412292,-0.4846237897872925,0.48281773924827576,-0.5048884153366089,0.6362645626068115,0.10155735909938812,0.019978148862719536,0,0.6615954041481018,0.10173466801643372,0.4070168733596802,0.527126133441925,-0.48240208625793457,0.4806556701660156,-0.5083270072937012,1
0.663271963596344,0.10178430378437042,0.4175199866294861,0.5261425375938416,-0.48476701974868774,0.4829895496368408,-0.5048723220825195,0.6362645626068115,0.10155735909938812,0.019978148862719536,0,0.6616106033325195,0.10172757506370544,0.4046686887741089,0.5267431139945984,-0.48265451192855835,0.4809425473213196,-0.5082129240036011,1
0.6633813977241516,0.1017754003405571,0.41542279720306396,0.5258563160896301,-0.4849224388599396,0.4831738770008087,-0.5048447847366333,0.6362645626068115,0.10155735909938812,0.019978148862719536,0,0.6616144180297852,0.10172060132026672,0.4023228883743286,0.5263600945472717,-0.48290684819221497,0.4812290072441101,-0.5080989599227905,1
0.6634793877601624,0.10176636278629303,0.4132983982563019,0.5255593061447144,-0.4850882887840271,0.48336899280548096,-0.5048078894615173,0.6362645626068115,0.10155735909938812,0.019978148862719536,0,0.6616068482398987,0.10171376168727875,0.39997851848602295,0.525976836681366,-0.48315921425819397,0.4815152883529663,-0.5079847574234009,1
0.6635653376579285,0.1017577201128006,0.41114991903305054,0.5252527594566345,-0.48526373505592346,0.48357412219047546,-0.5047618746757507,0.6362645626068115,0.10155735909938812,0.019978148862719536,0,0.6615881323814392,0.10170704871416092,0.3976361155509949,0.5255935788154602,-0.48341137170791626,0.4818011522293091,-0.5078704357147217,1
0.6636393070220947,0.10174920409917831,0.40898066759109497,0.5249375104904175,-0.4854475259780884,0.48378780484199524,-0.5047084093093872,0.6362645626068115,0.10155735909938812,0.019978148862719536,0,0.6615578532218933,0.10170070827007294,0.3952958881855011,0.5252102017402649,-0.48366373777389526,0.4820866286754608,-0.5077559351921082,1
0.6637012362480164,0.10174107551574707,0.406792014837265,0.5246144533157349,-0.48563891649246216,0.48400944471359253,-0.5046477913856506,0.6362645626068115,0.10155735909938812,0.019978148862719536,0,0.6615166664123535,0.101694256067276,0.39295703172683716,0.5248263478279114,-0.48391595482826233,0.4823719561100006,-0.5076414346694946,1
0.6637512445449829,0.10173282027244568,0.40458744764328003,0.524284839630127,-0.48583653569221497,0.48423779010772705,-0.504581093788147,0.6362645626068115,0.10155735909938812,0.019978148862719536,0,0.6614641547203064,0.10168792307376862,0.39062052965164185,0.5244426727294922,-0.48416802287101746,0.482656866312027,-0.5075268149375916,1
0.663788914680481,0.10172496736049652,0.40236806869506836,0.5239489078521729,-0.48604047298431396,0.4844721853733063,-0.5045084953308105,0.6362645626068115,0.10155735909938812,0.019978148862719536,0,0.6614001989364624,0.10168172419071198,0.3882862329483032,0.5240586400032043,-0.4844202399253845,0.4829416275024414,-0.5074118375778198,1
0.6638145446777344,0.10171721875667572,0.40013599395751953,0.5236074924468994,-0.48624947667121887,0.48471173644065857,-0.5044313669204712,0.6362645626068115,0.10155735909938812,0.019978148862719536,0,0.661325216293335,0.10167589783668518,0.38595396280288696,0.5236747860908508,-0.4846724271774292,0.48322585225105286,-0.5072968602180481,1
0.6638280749320984,0.10170987248420715,0.39789292216300964,0.523261308670044,-0.48646336793899536,0.48495611548423767,-0.5043496489524841,0.6362645626068115,0.10155735909938812,0.019978148862719536,0,0.6612390875816345,0.10166995227336884,0.3836238384246826,0.5232906341552734,-0.4849243462085724,0.4835098087787628,-0.5071818232536316,1
0.6638292670249939,0.10170241445302963,0.39564013481140137,0.5229106545448303,-0.4866813123226166,0.4852047860622406,-0.5042638778686523,0.6362645626068115,0.10155735909938812,0.019978148862719536,0,0.6611414551734924,0.10166414082050323,0.3812960982322693,0.5229062438011169,-0.4851764738559723,0.48379361629486084,-0.507066547870636,1
0.6638182401657104,0.10169534385204315,0.3933798372745514,0.5225563645362854,-0.48690265417099,0.48545658588409424,-0.504175066947937,0.6362645626068115,0.10155735909938812,0.019978148862719536,0,0.6610329747200012,0.10165843367576599,0.3789704442024231,0.5225216150283813,-0.4854285717010498,0.48407697677612305,-0.5069512724876404,1
0.6637952923774719,0.10168840736150742,0.3911120295524597,0.5221986174583435,-0.48712730407714844,0.48571181297302246,-0.5040828585624695,0.6362645626068115,0.10155735909938812,0.019978148862719536,0,0.6609131097793579,0.10165312141180038,0.37664738297462463,0.5221371054649353,-0.48568063974380493,0.48436006903648376,-0.5068356394767761,1
0.6637601256370544,0.10168160498142242,0.3888379633426666,0.5218374133110046,-0.4873550236225128,0.4859699606895447,-0.5039879679679871,0.6362645626068115,0.10155735909938812,0.019978148862719536,0,0.6607820987701416,0.10164769738912582,0.3743266463279724,0.5217521786689758,-0.48593273758888245,0.48464301228523254,-0.5067198872566223,1
0.6637130975723267,0.10167494416236877,0.38655930757522583,0.5214738249778748,-0.48758503794670105,0.4862302839756012,-0.5038907527923584,0.6362645626068115,0.10155735909938812,0.019978148862719536,0,0.6606400609016418,0.10164240002632141,0.37200862169265747,0.5213673114776611,-0.48618462681770325,0.4849255681037903,-0.5066041946411133,1
0.6636539697647095,0.10166841000318527,0.3842758238315582,0.52110755443573,-0.48781755566596985,0.4864928424358368,-0.5037912130355835,0.6362645626068115,0.10155735909938812,0.019978148862719536,0,0.66048663854599,0.10163722932338715,0.36969316005706787,0.5209822654724121,-0.48643630743026733,0.4852078855037689,-0.5064884424209595,1
0.6635828614234924,0.10166202485561371,0.38198956847190857,0.5207392573356628,-0.4880516827106476,0.4867571294307709,-0.5036898851394653,0.6362645626068115,0.10155735909938812,0.019978148862719536,0,0.6603224873542786,0.10163243860006332,0.3673798441886902,0.520596981048584,-0.4866883158683777,0.48548969626426697,-0.5063722729682922,1
0.6634997725486755,0.1016557514667511,0.37970036268234253,0.5203689932823181,-0.4882877469062805,0.4870229661464691,-0.5035868287086487,0.6362645626068115,0.10155735909938812,0.019978148862719536,0,0.6601468920707703,0.10162752866744995,0.3650696277618408,0.5202115178108215,-0.48694032430648804,0.48577141761779785,-0.5062559843063354,1
0.6634047031402588,0.10164988040924072,0.37740883231163025,0.5199970006942749,-0.48852548003196716,0.4872901439666748,-0.5034820437431335,0.6362645626068115,0.10155735909938812,0.019978148862719536,0,0.6599605083465576,0.10162274539470673,0.36276206374168396,0.5198260545730591,-0.4871920645236969,0.48605260252952576,-0.5061398148536682,1
0.6632981300354004,0.10164414346218109,0.37511515617370605,0.5196231603622437,-0.48876476287841797,0.48755884170532227,-0.503375768661499,0.6362645626068115,0.10155735909938812,0.019978148862719536,0,0.6597628593444824,0.10161809623241425,0.3604572117328644,0.5194403529167175,-0.48744386434555054,0.4863336980342865,-0.5060233473777771,1
0.6631795167922974,0.1016383022069931,0.37282106280326843,0.5192482471466064,-0.4890047311782837,0.4878283143043518,-0.5032683610916138,0.6362645626068115,0.10155735909938812,0.019978148862719536,0,0.6595542430877686,0.10161357372999191,0.35815516114234924,0.5190545320510864,-0.48769569396972656,0.48661452531814575,-0.5059067606925964,1
0.6630494594573975,0.10163283348083496,0.3705258071422577,0.5188716650009155,-0.48924627900123596,0.48809871077537537,-0.503159761428833,0.6362645626068115,0.10155735909938812,0.019978148862719536,0,0.659334659576416,0.10160943865776062,0.35585612058639526,0.5186687707901001,-0.4879473149776459,0.48689475655555725,-0.5057899951934814,1
0.6629072427749634,0.10162752121686935,0.3682306408882141,0.518494188785553,-0.48948872089385986,0.48836979269981384,-0.5030502080917358,0.6362645626068115,0.10155735909938812,0.019978148862719536,0,0.6591039896011353,0.10160517692565918,0.35355982184410095,0.5182824730873108,-0.4881991446018219,0.48717495799064636,-0.5056731104850769,1
0.6627538800239563,0.1016220673918724,0.3659351170063019,0.5181153416633606,-0.4897318482398987,0.4886418282985687,-0.5029397010803223,0.6362645626068115,0.10155735909938812,0.019978148862719536,0,0.6588623523712158,0.10160104930400848,0.35126641392707825,0.5178959965705872,-0.4884510934352875,0.48745495080947876,-0.5055559873580933,1
0.6625887155532837,0.1016170084476471,0.3636407256126404,0.51773601770401,-0.4899754822254181,0.488913893699646,-0.5028284788131714,0.6362645626068115,0.10155735909938812,0.019978148862719536,0,0.6586096882820129,0.10159703344106674,0.34897658228874207,0.5175096392631531,-0.488702654838562,0.48773449659347534,-0.5054388642311096,1
0.662412166595459,0.10161233693361282,0.361346572637558,0.5173557996749878,-0.49022015929222107,0.4891863465309143,-0.5027164220809937,0.6362645626068115,0.10155735909938812,0.019978148862719536,0,0.6583462357521057,0.10159341245889664,0.34668946266174316,0.5171231031417847,-0.48895421624183655,0.48801374435424805,-0.5053216218948364,1
0.6622241735458374,0.1016073077917099,0.35905367136001587,0.5169745683670044,-0.49046528339385986,0.4894592761993408,-0.5026038289070129,0.6362645626068115,0.10155735909938812,0.019978148862719536,0,0.6580716371536255,0.10158968716859818,0.3444058895111084,0.5167363882064819,-0.48920586705207825,0.48829275369644165,-0.5052041411399841,1
0.6620245575904846,0.10160262882709503,0.356762170791626,0.5165929198265076,-0.49071061611175537,0.48973238468170166,-0.5024906992912292,0.6362645626068115,0.10155735909938812,0.019978148862719536,0,0.6577861905097961,0.10158608108758926,0.3421253561973572,0.5163494944572449,-0.48945745825767517,0.48857131600379944,-0.5050866007804871,1
0.6618135571479797,0.101598359644413,0.3544721007347107,0.5162107348442078,-0.490956574678421,0.4900056719779968,-0.5023767948150635,0.6362645626068115,0.10155735909938812,0.019978148862719536,0,0.6574899554252625,0.1015826165676117,0.33984804153442383,0.5159626007080078,-0.48970896005630493,0.4888496696949005,-0.50496906042099,1
0.6615915298461914,0.1015939712524414,0.3521836996078491,0.5158278346061707,-0.4912029802799225,0.49027910828590393,-0.502262532711029,0.6362645626068115,0.10155735909938812,0.019978148862719536,0,0.6571828126907349,0.10157951712608337,0.33757397532463074,0.5155753493309021,-0.48996075987815857,0.4891277253627777,-0.5048510432243347,1
0.6613577008247375,0.10158972442150116,0.3498975932598114,0.5154446959495544,-0.49144941568374634,0.4905523657798767,-0.5021479725837708,0.6362645626068115,0.10155735909938812,0.019978148862719536,0,0.6568648219108582,0.1015763133764267,0.33530354499816895,0.5151880979537964,-0.49021217226982117,0.4894053041934967,-0.504733145236969,1
0.661112904548645,0.10158561170101166,0.34761330485343933,0.5150607228279114,-0.491696298122406,0.4908258020877838,-0.5020330548286438,0.6362645626068115,0.10155735909938812,0.019978148862719536,0,0.6565359830856323,0.10157323628664017,0.3330366611480713,0.5148007869720459,-0.49046361446380615,0.48968273401260376,-0.5046151280403137,1
0.6608570218086243,0.1015816256403923,0.3453315794467926,0.5146765112876892,-0.49194324016571045,0.4910992383956909,-0.5019177198410034,0.6362645626068115,0.10155735909938812,0.019978148862719536,0,0.6561962962150574,0.10157030075788498,0.33077317476272583,0.5144132375717163,-0.4907149374485016,0.48995986580848694,-0.5044969916343689,1
0.6605896949768066,0.1015777662396431,0.3430519700050354,0.5142918229103088,-0.49219051003456116,0.4913727641105652,-0.5018019676208496,0.6362645626068115,0.10155735909938812,0.019978148862719536,0,0.6558457612991333,0.10156772285699844,0.32851341366767883,0.5140255689620972,-0.4909663796424866,0.4902365207672119,-0.5043784976005554,1
0.6603112816810608,0.10157405585050583,0.3407750427722931,0.5139067769050598,-0.4924381375312805,0.4916459619998932,-0.5016857385635376,0.6362645626068115,0.10155735909938812,0.019978148862719536,0,0.6554844379425049,0.10156505554914474,0.32625722885131836,0.5136377811431885,-0.49121782183647156,0.4905130863189697,-0.5042600631713867,1
0.6600217819213867,0.101570725440979,0.33850109577178955,0.5135214924812317,-0.4926857650279999,0.4919191300868988,-0.5015695691108704,0.6362645626068115,0.10155735909938812,0.019978148862719536,0,0.6551123857498169,0.1015625,0.3240047097206116,0.5132496953010559,-0.49146902561187744,0.4907892644405365,-0.504141628742218,1
0.6597213745117188,0.10156727582216263,0.3362298309803009,0.5131359696388245,-0.49293339252471924,0.4921920597553253,-0.5014530420303345,0.6362645626068115,0.10155735909938812,0.019978148862719536,0,0.6547297835350037,0.101560078561306,0.32175567746162415,0.5128613114356995,-0.4917205274105072,0.49106544256210327,-0.5040227174758911,1
0.659409761428833,0.101563960313797,0.33396172523498535,0.5127500891685486,-0.49318113923072815,0.4924648404121399,-0.5013361573219299,0.6362645626068115,0.10155735909938812,0.019978148862719536,0,0.6543362736701965,0.10155778378248215,0.31951066851615906,0.5124730467796326,-0.49197182059288025,0.49134111404418945,-0.5039038062095642,1
0.6590872406959534,0.10156077146530151,0.3316967487335205,0.5123643279075623,-0.4934287667274475,0.4927373230457306,-0.5012193322181702,0.6362645626068115,0.10155735909938812,0.019978148862719536,0,0.6539320945739746,0.10155589133501053,0.3172696828842163,0.5120848417282104,-0.49222299456596375,0.4916161894798279,-0.503784716129303,1
0.6587536334991455,0.10155795514583588,0.32943475246429443,0.5119779109954834,-0.49367669224739075,0.4930095970630646,-0.5011021494865417,0.6362645626068115,0.10155735909938812,0.019978148862719536,0,0.6535173058509827,0.10155386477708817,0.31503236293792725,0.5116961598396301,-0.4924742877483368,0.4918913245201111,-0.5036655068397522,1
0.6584092378616333,0.10155503451824188,0.32717639207839966,0.5115916132926941,-0.4939245283603668,0.49328160285949707,-0.5009849071502686,0.6362645626068115,0.10155735909938812,0.019978148862719536,0,0.6530920267105103,0.10155198723077774,0.3127990961074829,0.5113074779510498,-0.4927254915237427,0.49216601252555847,-0.5035462975502014,1
0.6580541133880615,0.10155225545167923,0.3249213695526123,0.5112048983573914,-0.49417218565940857,0.49355340003967285,-0.5008675456047058,0.6362645626068115,0.10155735909938812,0.019978148862719536,0,0.652655839920044,0.10155023634433746,0.3105698525905609,0.5109185576438904,-0.49297669529914856,0.49244046211242676,-0.503426730632782,1
0.657687783241272,0.10154959559440613,0.32266977429389954,0.5108180642127991,-0.4944201707839966,0.49382486939430237,-0.500749945640564,0.6362645626068115,0.10155735909938812,0.019978148862719536,0,0.6522092819213867,0.10154885798692703,0.3083447515964508,0.5105296969413757,-0.49322789907455444,0.4927143156528473,-0.5033072829246521,1
0.6573107838630676,0.10154733806848526,0.3204215466976166,0.5104309320449829,-0.49466821551322937,0.4940962791442871,-0.5006318688392639,0.6362645626068115,0.10155735909938812,0.019978148862719536,0,0.6517521739006042,0.10154736787080765,0.3061237931251526,0.5101406574249268,-0.4934789538383484,0.49298804998397827,-0.5031876564025879,1
0.6569230556488037,0.10154493898153305,0.3181772232055664,0.510043740272522,-0.49491602182388306,0.49436718225479126,-0.5005142688751221,0.6362645626068115,0.10155735909938812,0.019978148862719536,0,0.6512842774391174,0.10154599696397781,0.3039068877696991,0.5097512006759644,-0.4937300980091095,0.4932616353034973,-0.503067672252655,1
0.6565244793891907,0.10154269635677338,0.31593677401542664,0.5096564292907715,-0.49516385793685913,0.49463796615600586,-0.5003960132598877,0.6362645626068115,0.10155735909938812,0.019978148862719536,0,0.6508061289787292,0.10154477506875992,0.30169418454170227,0.5093616247177124,-0.49398109316825867,0.49353504180908203,-0.5029477477073669,1
0.6561150550842285,0.10154058039188385,0.31369999051094055,0.5092688798904419,-0.4954117238521576,0.4949083626270294,-0.5002779364585876,0.6362645626068115,0.10155735909938812,0.019978148862719536,0,0.650317370891571,0.10154393315315247,0.2994857132434845,0.50897216796875,-0.4942322373390198,0.49380797147750854,-0.5028274655342102,1
0.6556951403617859,0.10153882950544357,0.31146690249443054,0.5088812112808228,-0.4956596791744232,0.4951786398887634,-0.500159502029419,0.6362645626068115,0.10155735909938812,0.019978148862719536,0,0.6498180031776428,0.10154298692941666,0.29728204011917114,0.5085824131965637,-0.4944833219051361,0.4940805733203888,-0.5027072429656982,1
0.6552645564079285,0.10153698176145554,0.30923840403556824,0.5084936618804932,-0.495907187461853,0.4954482913017273,-0.5000412464141846,0.6362645626068115,0.10155735909938812,0.019978148862719536,0,0.6493082046508789,0.1015421599149704,0.29508256912231445,0.5081924796104431,-0.4947343170642853,0.494352787733078,-0.502586841583252,1
0.6548232436180115,0.10153523832559586,0.30701345205307007,0.5081056356430054,-0.49615493416786194,0.4957179129123688,-0.49992266297340393,0.6362645626068115,0.10155735909938812,0.019978148862719536,0,0.6487882137298584,0.10154146701097488,0.2928875684738159,0.5078024864196777,-0.4949852228164673,0.4946247339248657,-0.5024663805961609,1
0.6543712019920349,0.10153365880250931,0.3047932982444763,0.5077178478240967,-0.49640223383903503,0.4959867596626282,-0.49980443716049194,0.6362645626068115,0.10155735909938812,0.019978148862719536,0,0.6482576131820679,0.10154091566801071,0.29069745540618896,0.5074126124382019,-0.49523594975471497,0.4948963224887848,-0.5023459196090698,1
0.6539088487625122,0.10153244435787201,0.3025767207145691,0.507330060005188,-0.4966498613357544,0.4962553381919861,-0.4996856153011322,0.6362645626068115,0.10155735909938812,0.019978148862719536,0,0.647716760635376,0.10154072940349579,0.28851133584976196,0.5070223808288574,-0.4954869747161865,0.49516770243644714,-0.5022249817848206,1
0.6534358263015747,0.10153111815452576,0.3003643751144409,0.5069418549537659,-0.4968973696231842,0.49652397632598877,-0.4995667338371277,0.6362645626068115,0.10155735909938812,0.019978148862719536,0,0.6471655368804932,0.10154043883085251,0.2863299250602722,0.5066320300102234,-0.495737761259079,0.495438814163208,-0.5021040439605713,1
0.652952253818512,0.10152992606163025,0.2981564998626709,0.506553590297699,-0.4971446990966797,0.4967920184135437,-0.49944794178009033,0.6362645626068115,0.10155735909938812,0.019978148862719536,0,0.646604061126709,0.10154026746749878,0.28415337204933167,0.506241500377655,-0.49598851799964905,0.49570947885513306,-0.5019829869270325,1
0.6524583101272583,0.10152887552976608,0.2959529757499695,0.506165087223053,-0.49739205837249756,0.49705982208251953,-0.49932897090911865,0.6362645626068115,0.10155735909938812,0.019978148862719536,0,0.6460322141647339,0.10154025256633759,0.2819816768169403,0.5058509111404419,-0.4962392747402191,0.49597975611686707,-0.5018619894981384,1
0.6519536972045898,0.10152819007635117,0.2937541604042053,0.5057768821716309,-0.4976392388343811,0.49732714891433716,-0.4992099404335022,0.6362645626068115,0.10155735909938812,0.019978148862719536,0,0.6454500555992126,0.10154060274362564,0.2798144817352295,0.5054599642753601,-0.4964900612831116,0.4962500333786011,-0.501740574836731,1
0.6514387130737305,0.10152740776538849,0.2915595471858978,0.5053882002830505,-0.49788644909858704,0.4975942075252533,-0.4990908205509186,0.6362645626068115,0.10155735909938812,0.019978148862719536,0,0.6448577642440796,0.10154082626104355,0.27765220403671265,0.5050689578056335,-0.49674084782600403,0.4965199828147888,-0.5016191005706787,1
0.650913417339325,0.10152697563171387,0.2893695831298828,0.5049996972084045,-0.49813365936279297,0.4978610873222351,-0.49897143244743347,0.6362645626068115,0.10155735909938812,0.019978148862719536,0,0.6442551016807556,0.10154122114181519,0.2754947543144226,0.5046777725219727,-0.49699166417121887,0.4967896640300751,-0.5014973878860474,1
0.6503777503967285,0.10152646154165268,0.2871841788291931,0.5046109557151794,-0.4983806312084198,0.49812737107276917,-0.4988522529602051,0.6362645626068115,0.10155735909938812,0.019978148862719536,0,0.6436425447463989,0.10154172033071518,0.2733423411846161,0.504286527633667,-0.4972422122955322,0.4970588982105255,-0.5013756155967712,1
0.6498317718505859,0.10152604430913925,0.2850036025047302,0.5042222142219543,-0.4986274242401123,0.4983932673931122,-0.4987330436706543,0.6362645626068115,0.10155735909938812,0.019978148862719536,0,0.6430196166038513,0.10154260694980621,0.27119505405426025,0.5038954019546509,-0.4974929094314575,0.4973278045654297,-0.5012537240982056,1
0.6492754220962524,0.10152579843997955,0.2828276753425598,0.5038332343101501,-0.4988744258880615,0.4986591935157776,-0.4986133873462677,0.6362645626068115,0.10155735909938812,0.019978148862719536,0,0.6423866152763367,0.1015433818101883,0.26905256509780884,0.503503680229187,-0.49774372577667236,0.4975964426994324,-0.5011317133903503,1
0.6487087607383728,0.10152589529752731,0.2806568145751953,0.5034445524215698,-0.4991210401058197,0.49892422556877136,-0.498494029045105,0.6362645626068115,0.10155735909938812,0.019978148862719536,0,0.6417436003684998,0.10154427587985992,0.26691555976867676,0.5031120777130127,-0.49799424409866333,0.4978647530078888,-0.5010095834732056,1
0.6481319069862366,0.1015259176492691,0.2784906029701233,0.5030555725097656,-0.49936771392822266,0.4991890788078308,-0.4983746111392975,0.6362645626068115,0.10155735909938812,0.019978148862719536,0,0.6410903930664062,0.1015453189611435,0.2647833228111267,0.502720296382904,-0.4982447922229767,0.4981329143047333,-0.5008872151374817,1
0.647544801235199,0.10152605175971985,0.27632951736450195,0.5026664137840271,-0.49961423873901367,0.4994535446166992,-0.4982551038265228,0.6362645626068115,0.10155735909938812,0.019978148862719536,0,0.6404271125793457,0.10154673457145691,0.262656569480896,0.5023284554481506,-0.4984953701496124,0.4984005093574524,-0.5007646679878235,1
0.6469476819038391,0.10152631998062134,0.2741730809211731,0.5022771954536438,-0.4998607933521271,0.49971774220466614,-0.49813538789749146,0.6362645626068115,0.10155735909938812,0.019978148862719536,0,0.6397541165351868,0.10154803842306137,0.26053500175476074,0.5019364953041077,-0.49874573945999146,0.49866783618927,-0.5006422996520996,1
0.6463401317596436,0.10152696073055267,0.27202174067497253,0.5018881559371948,-0.5001071095466614,0.499981552362442,-0.49801555275917053,0.6362645626068115,0.10155735909938812,0.019978148862719536,0,0.639070987701416,0.10154947638511658,0.25841888785362244,0.5015442967414856,-0.4989960193634033,0.4989350140094757,-0.5005197525024414,1
0.6457226276397705,0.10152748972177505,0.26987555623054504,0.5014986991882324,-0.5003534555435181,0.5002450346946716,-0.4978957772254944,0.6362645626068115,0.10155735909938812,0.019978148862719536,0,0.6383777260780334,0.10155104845762253,0.2563081383705139,0.5011520385742188,-0.49924641847610474,0.49920180439949036,-0.5003970265388489,1
0.6450950503349304,0.10152839869260788,0.2677342891693115,0.5011093616485596,-0.5005998015403748,0.5005080699920654,-0.49777576327323914,0.6362645626068115,0.10155735909938812,0.019978148862719536,0,0.6376747488975525,0.10155273973941803,0.2542025148868561,0.500759482383728,-0.4994969069957733,0.4994683265686035,-0.5002740621566772,1
0.6444574594497681,0.10152918845415115,0.26559802889823914,0.5007195472717285,-0.5008460879325867,0.5007712841033936,-0.49765560030937195,0.6362645626068115,0.10155735909938812,0.019978148862719536,0,0.6369619369506836,0.10155482590198517,0.25210249423980713,0.5003669261932373,-0.4997473657131195,0.4997345209121704,-0.5001508593559265,1
0.6438096761703491,0.10153011232614517,0.26346728205680847,0.5003299117088318,-0.5010921955108643,0.50103360414505,-0.49753567576408386,0.6362645626068115,0.10155735909938812,0.019978148862719536,0,0.6362391114234924,0.10155677795410156,0.2500082850456238,0.49997442960739136,-0.49999740719795227,0.5000003576278687,-0.5000276565551758,1
0.6431519985198975,0.10153118520975113,0.26134198904037476,0.4999404549598694,-0.501338005065918,0.5012956857681274,-0.49741557240486145,0.6362645626068115,0.10155735909938812,0.019978148862719536,1,0.6431519985198975,0.10153118520975113,0.26134198904037476,0.4999404549598694,-0.501338005065918,0.5012956857681274,-0.49741557240486145,0
0.642963707447052,0.10154807567596436,0.2597979009151459,0.4993632137775421,-0.5019202828407288,0.5018675923347473,-0.4968312680721283,0.6362645626068115,0.10155735909938812,0.019978148862719536,1,0.6431519985198975,0.10153118520975113,0.26134198904037476,0.4999404549598694,-0.501338005065918,0.5012956857681274,-0.49741557240486145,0
0.6430280208587646,0.10155307501554489,0.25882473587989807,0.49890103936195374,-0.5023820400238037,0.5023393630981445,-0.4963518977165222,0.6362645626068115,0.10155735909938812,0.019978148862719536,1,0.6431519985198975,0.10153118520975113,0.26134198904037476,0.4999404549598694,-0.501338005065918,0.5012956857681274,-0.49741557240486145,0
0.6430994272232056,0.10154623538255692,0.258104532957077,0.49856334924697876,-0.5027109980583191,0.5026843547821045,-0.4960087537765503,0.6362645626068115,0.10155735909938812,0.019978148862719536,1,0.6431519985198975,0.10153118520975113,0.26134198904037476,0.4999404549598694,-0.501338005065918,0.5012956857681274,-0.49741557240486145,0
0.6431624889373779,0.1015382632613182,0.2575247287750244,0.49829262495040894,-0.5029725432395935,0.5029603838920593,-0.49573570489883423,0.6362645626068115,0.10155735909938812,0.019978148862719536,1,0.6431519985198975,0.10153118520975113,0.26134198904037476,0.4999404549598694,-0.501338005065918,0.5012956857681274,-0.49741557240486145,0
0.6432175040245056,0.10153232514858246,0.25703442096710205,0.49806445837020874,-0.503193199634552,0.5031929016113281,-0.49550506472587585,0.6362645626068115,0.10155735909938812,0.019978148862719536,1,0.6431519985198975,0.10153118520975113,0.26134198904037476,0.4999404549598694,-0.501338005065918,0.5012956857681274,-0.49741557240486145,0
0.6432660818099976,0.10152790695428848,0.2566092908382416,0.49786749482154846,-0.5033840537071228,0.5033935904502869,-0.4953051805496216,0.6362645626068115,0.10155735909938812,0.019978148862719536,1,0.6431519985198975,0.10153118520975113,0.26134198904037476,0.4999404549598694,-0.501338005065918,0.5012956857681274,-0.49741557240486145,0
0.6433098316192627,0.10152041167020798,0.2562393546104431,0.497692734003067,-0.5035507678985596,0.5035669803619385,-0.4951351284980774,0.6362118721008301,0.10211893171072006,0.020280174911022186,1,0.6431519985198975,0.10153118520975113,0.26134198904037476,0.4999404549598694,-0.501338005065918,0.5012956857681274,-0.49741557240486145,0
0.6433485150337219,0.10151586681604385,0.25591108202934265,0.4975404441356659,-0.5036973357200623,0.5037215948104858,-0.4949817955493927,0.636102020740509,0.10227479040622711,0.02030300907790661,1,0.6433485150337219,0.10151586681604385,0.25591108202934265,0.4975404441356659,-0.5036973357200623,0.5037215948104858,-0.4949817955493927,0
0.6433873176574707,0.10152213275432587,0.25535112619400024,0.4973011314868927,-0.5039375424385071,0.5039636492729187,-0.4947313368320465,0.6359163522720337,0.10217408090829849,0.019787129014730453,1,0.6479197144508362,0.10154148936271667,0.2636438012123108,0.5022367835044861,-0.500577986240387,0.500360906124115,-0.49680855870246887,0
0.6438160538673401,0.10155002772808075,0.25511854887008667,0.49728891253471375,-0.5041146278381348,0.5040997862815857,-0.49442434310913086,0.6361163854598999,0.10210396349430084,0.01969415508210659,1,0.6523357629776001,0.10157028585672379,0.2714543640613556,0.5069115161895752,-0.4974520802497864,0.49695679545402527,-0.4986141622066498,0
0.64463871717453,0.10157597064971924,0.2554531991481781,0.497630774974823,-0.5040737986564636,0.5040039420127869,-0.49421975016593933,0.6368420124053955,0.1020653024315834,0.020024897530674934,1,0.6565948724746704,0.10160175710916519,0.2793402075767517,0.5115638971328735,-0.49431952834129333,0.4935094118118286,-0.5003987550735474,0
0.6458357572555542,0.1015968844294548,0.25644105672836304,0.49836674332618713,-0.5037603974342346,0.5036242604255676,-0.49418479204177856,0.638274610042572,0.10210337489843369,0.020841946825385094,1,0.6606954336166382,0.10163632780313492,0.28729820251464844,0.5161938071250916,-0.49118074774742126,0.49001917243003845,-0.502161979675293,0
0.6473743915557861,0.10161348432302475,0.2580943703651428,0.49949610233306885,-0.5031639337539673,0.5029482245445251,-0.4943406581878662,0.6404061913490295,0.10221678018569946,0.022218728438019753,1,0.6646363139152527,0.10167347639799118,0.2953248620033264,0.5208008289337158,-0.4880352318286896,0.48648595809936523,-0.5039042830467224,0
0.649213969707489,0.10162796825170517,0.26038795709609985,0.5009968280792236,-0.5022953748703003,0.5019840598106384,-0.49468523263931274,0.6431167721748352,0.10239467769861221,0.024213170632719994,1,0.6684159636497498,0.1017133817076683,0.30341798067092896,0.5253844261169434,-0.48488348722457886,0.48290976881980896,-0.5056256651878357,0
0.6513135433197021,0.10164159536361694,0.26327958703041077,0.5028383731842041,-0.5011746883392334,0.5007489919662476,-0.4952048659324646,0.6463400721549988,0.10262968391180038,0.026797378435730934,1,0.6720328330993652,0.1017562672495842,0.3115735948085785,0.5299444198608398,-0.4817257523536682,0.4792911112308502,-0.5073255896568298,0
0.6536243557929993,0.10165475308895111,0.26670724153518677,0.5049787163734436,-0.4998323619365692,0.49927252531051636,-0.4958738684654236,0.6499972939491272,0.1029219925403595,0.029919197782874107,1,0.6754862070083618,0.10180159658193588,0.3197890520095825,0.5344802141189575,-0.47856172919273376,0.4756298363208771,-0.5090045928955078,0
0.656105101108551,0.10166870802640915,0.27061378955841064,0.5073800086975098,-0.4982968270778656,0.49758031964302063,-0.4966684877872467,0.6540201902389526,0.10326091945171356,0.0335291363298893,1,0.6787744760513306,0.10184954106807709,0.3280608057975769,0.5389915108680725,-0.47539186477661133,0.47192642092704773,-0.510662317276001,0
0.6587228178977966,0.10168366134166718,0.27495402097702026,0.510010838508606,-0.4965895712375641,0.49569234251976013,-0.4975709021091461,0.6583539843559265,0.10363096743822098,0.03758595883846283,1,0.6818965673446655,0.10190033167600632,0.3363857567310333,0.5434779524803162,-0.47221630811691284,0.468180775642395,-0.5122987627983093,0
0.6614466905593872,0.10170024633407593,0.2796870470046997,0.5128437280654907,-0.4947296679019928,0.49362578988075256,-0.4985652267932892,0.6629496812820435,0.10403771698474884,0.042056605219841,1,0.6848515272140503,0.10195338726043701,0.34476059675216675,0.5479387640953064,-0.46903517842292786,0.46439340710639954,-0.5139141082763672,0
0.6642484664916992,0.10171855986118317,0.2847791314125061,0.5158551931381226,-0.49273258447647095,0.4913950264453888,-0.4996386468410492,0.6677627563476562,0.10447786748409271,0.04691148176789284,1,0.6876380443572998,0.10200893878936768,0.35318219661712646,0.5523738265037537,-0.46584832668304443,0.4605645537376404,-0.515508234500885,0
0.6671022772789001,0.10173898190259933,0.2901991307735443,0.5190234780311584,-0.4906129539012909,0.48901280760765076,-0.5007794499397278,0.672752857208252,0.10494815558195114,0.05212415009737015,1,0.6902555227279663,0.10206715017557144,0.3616473078727722,0.5567830204963684,-0.462656170129776,0.4566938579082489,-0.5170809626579285,0
0.6699851155281067,0.10176129639148712,0.2959192395210266,0.5223290324211121,-0.4883829951286316,0.4864902198314667,-0.5019777417182922,0.6778833866119385,0.10544559359550476,0.05767073109745979,1,0.6927028894424438,0.10212751477956772,0.3701525032520294,0.5611653923988342,-0.45945867896080017,0.4527818262577057,-0.5186325907707214,0
0.6728748679161072,0.10178598016500473,0.30191466212272644,0.5257549285888672,-0.48605406284332275,0.48383739590644836,-0.5032241344451904,0.6831209659576416,0.10596749931573868,0.06352947652339935,1,0.694979190826416,0.10219042748212814,0.3786948323249817,0.5655210018157959,-0.4562557339668274,0.4488285779953003,-0.5201629996299744,0
0.6757525205612183,0.10181309282779694,0.30816251039505005,0.5292856097221375,-0.4836360812187195,0.4810631275177002,-0.5045108199119568,0.6884353756904602,0.10651146620512009,0.06968043744564056,1,0.6970839500427246,0.10225536674261093,0.38727033138275146,0.5698491334915161,-0.4530479609966278,0.44483450055122375,-0.5216721296310425,0
0.6786004304885864,0.10184278339147568,0.31464189291000366,0.5329071283340454,-0.4811380207538605,0.4781751334667206,-0.5058305859565735,0.6937988996505737,0.10707281529903412,0.07615168392658234,1,0.6990166902542114,0.10232249647378922,0.3958759009838104,0.5741493105888367,-0.4498352110385895,0.44079968333244324,-0.5231599807739258,0
0.6814022660255432,0.10187501460313797,0.32133403420448303,0.5366072058677673,-0.47856777906417847,0.47518107295036316,-0.5071768760681152,0.6991867423057556,0.10765860974788666,0.0828385129570961,1,0.7007761001586914,0.1023920401930809,0.40450817346572876,0.578421413898468,-0.4466179609298706,0.43672460317611694,-0.5246260762214661,0
0.684144139289856,0.10190966725349426,0.32822132110595703,0.5403743386268616,-0.4759323000907898,0.4720872640609741,-0.5085445046424866,0.7045754790306091,0.10826139897108078,0.08974907547235489,1,0.7023622989654541,0.10246342420578003,0.4131639301776886,0.5826650261878967,-0.4433957040309906,0.43260887265205383,-0.5260714292526245,0
0.6868126392364502,0.10194740444421768,0.335287868976593,0.544198751449585,-0.4732382595539093,0.468899130821228,-0.5099282264709473,0.7099459171295166,0.10887771844863892,0.09688850492238998,1,0.7037743926048279,0.10253682732582092,0.4218400716781616,0.5868797898292542,-0.4401687681674957,0.4284530580043793,-0.5274954438209534,0
0.6893964409828186,0.1019875556230545,0.3425188660621643,0.5480712056159973,-0.4704909026622772,0.4656223952770233,-0.5113238096237183,0.7152804732322693,0.10950025171041489,0.10424823313951492,1,0.7050122022628784,0.1026124581694603,0.4305323660373688,0.5910652875900269,-0.4369375705718994,0.42425742745399475,-0.5288979411125183,0
0.6918848752975464,0.10203076899051666,0.34990131855010986,0.5519840717315674,-0.4676955044269562,0.4622606337070465,-0.5127276182174683,0.7205619215965271,0.1101379469037056,0.11180674284696579,1,0.706075131893158,0.10268974304199219,0.4392383098602295,0.5952209234237671,-0.43370193243026733,0.42002201080322266,-0.5302793383598328,0
0.6942683458328247,0.10207656770944595,0.35742172598838806,0.5559295415878296,-0.4648565351963043,0.45881909132003784,-0.5141357779502869,0.7257680296897888,0.11078183352947235,0.11960102617740631,1,0.706963062286377,0.10276913642883301,0.4479537904262543,0.5993466377258301,-0.43046218156814575,0.41574713587760925,-0.5316392779350281,0
0.6965388059616089,0.10212505608797073,0.36506879329681396,0.5599015355110168,-0.46197810769081116,0.4553009867668152,-0.5155457258224487,0.7309033274650574,0.11144424229860306,0.12751825153827667,1,0.7076758146286011,0.102850042283535,0.4566758871078491,0.603441596031189,-0.42721834778785706,0.41143301129341125,-0.5329779982566833,0
0.6986883878707886,0.10217650979757309,0.37283140420913696,0.5638938546180725,-0.4590638279914856,0.45171019434928894,-0.5169545412063599,0.7359440326690674,0.11211548745632172,0.1355995386838913,1,0.708213210105896,0.1029326543211937,0.4654005765914917,0.607505738735199,-0.4239705801010132,0.4070800244808197,-0.534295380115509,0
0.7007107734680176,0.10223046690225601,0.3806990385055542,0.5679010152816772,-0.4561169743537903,0.44804978370666504,-0.5183599591255188,0.740878701210022,0.11279425770044327,0.1438387632369995,1,0.7085751295089722,0.10301721096038818,0.4741252362728119,0.6115387082099915,-0.4207189977169037,0.4026881456375122,-0.5355913043022156,0
0.7025995254516602,0.10228721797466278,0.38866254687309265,0.5719185471534729,-0.45314061641693115,0.44432228803634644,-0.5197599530220032,0.7457019090652466,0.11351320892572403,0.15223491191864014,1,0.7087615132331848,0.10310309380292892,0.48284605145454407,0.6155399680137634,-0.4174636900424957,0.3982577323913574,-0.5368661284446716,0
0.7043493986129761,0.1023464947938919,0.3967125415802002,0.5759419202804565,-0.45013725757598877,0.4405308663845062,-0.5211523771286011,0.7503902316093445,0.11419031769037247,0.16076761484146118,1,0.7087723016738892,0.10319047421216965,0.4915596544742584,0.6195093989372253,-0.4142046272754669,0.39378899335861206,-0.5381196737289429,0
0.7059557437896729,0.10240860283374786,0.40484094619750977,0.5799676179885864,-0.4471089839935303,0.4366771876811981,-0.5225361585617065,0.7549481391906738,0.11487443000078201,0.16942694783210754,1,0.7086078524589539,0.10327960550785065,0.5002625584602356,0.6234464049339294,-0.4109421670436859,0.3892821669578552,-0.539351761341095,0
0.7074140906333923,0.10247296839952469,0.4130396246910095,0.5839918255805969,-0.4440581202507019,0.4327636957168579,-0.5239096879959106,0.7593709826469421,0.11557137221097946,0.17820259928703308,1,0.7082685828208923,0.10336983948945999,0.5089510083198547,0.6273505687713623,-0.4076765179634094,0.3847377598285675,-0.540562629699707,0
0.7087210416793823,0.10253988206386566,0.42130014300346375,0.5880111455917358,-0.44098713994026184,0.42879265546798706,-0.5252714157104492,0.7636521458625793,0.11628010869026184,0.18708665668964386,1,0.7077541947364807,0.10346139967441559,0.5176224112510681,0.6312215328216553,-0.4044073224067688,0.38015586137771606,-0.5417521595954895,0
0.7098730802536011,0.10260876268148422,0.42961665987968445,0.5920230150222778,-0.43789657950401306,0.4247652292251587,-0.5266211628913879,0.7677391171455383,0.11727488040924072,0.19609545171260834,1,0.7070655226707458,0.10355448722839355,0.5262722969055176,0.6350591778755188,-0.4011353850364685,0.37553671002388,-0.5429201722145081,0
0.710867166519165,0.10268068313598633,0.43798133730888367,0.5960249304771423,-0.43478885293006897,0.4206836521625519,-0.527956485748291,0.7717192769050598,0.1180134117603302,0.2051432728767395,1,0.706202507019043,0.10364850610494614,0.5348983407020569,0.6388627886772156,-0.3978603184223175,0.3708803355693817,-0.5440672039985657,0
0.7117010354995728,0.10275481641292572,0.44638779759407043,0.6000142097473145,-0.4316655695438385,0.4165492653846741,-0.5292772650718689,0.7755483984947205,0.11865299940109253,0.21429948508739471,1,0.7051659226417542,0.10374390333890915,0.543496310710907,0.642632246017456,-0.3945826292037964,0.36618760228157043,-0.5451925992965698,0
0.7123723030090332,0.10283111035823822,0.4548302888870239,0.6039888858795166,-0.4285271167755127,0.4123631417751312,-0.5305832028388977,0.7792074680328369,0.11931447684764862,0.22355175018310547,1,0.7039560079574585,0.10384007543325424,0.5520637631416321,0.6463671326637268,-0.3913017511367798,0.36145779490470886,-0.5462971329689026,0
0.7128793597221375,0.10290927439928055,0.4633018672466278,0.6079463958740234,-0.42537564039230347,0.40812715888023376,-0.5318729281425476,0.7826938033103943,0.12000144273042679,0.2328866571187973,1,0.7025736570358276,0.10393725335597992,0.5605964064598083,0.650067150592804,-0.3880184292793274,0.35669204592704773,-0.547380268573761,0
0.7132200002670288,0.10298952460289001,0.47179827094078064,0.6118859052658081,-0.4222108721733093,0.40384164452552795,-0.5331467390060425,0.7860054969787598,0.12070710211992264,0.24229519069194794,1,0.7010193467140198,0.10403557866811752,0.5690911412239075,0.6537317633628845,-0.3847326636314392,0.3518904149532318,-0.5484418869018555,0
0.7133934497833252,0.10307154059410095,0.4803124964237213,0.61580491065979,-0.41903483867645264,0.3995085656642914,-0.5344033241271973,0.7891406416893005,0.12142610549926758,0.2517700493335724,1,0.6992940902709961,0.10413451492786407,0.5775445699691772,0.6573604941368103,-0.3814447224140167,0.3470532298088074,-0.549482524394989,0
0.7133978605270386,0.10315557569265366,0.48884034156799316,0.6197024583816528,-0.41584792733192444,0.3951282203197479,-0.5356425642967224,0.792097270488739,0.12215473502874374,0.261304646730423,1,0.69739830493927,0.1042342260479927,0.5859537124633789,0.6609534025192261,-0.3781543970108032,0.3421804904937744,-0.5505018830299377,0
0.7132328152656555,0.10324152559041977,0.4973757565021515,0.6235769391059875,-0.41265106201171875,0.39070215821266174,-0.5368636250495911,0.7948734760284424,0.12289057672023773,0.2708928883075714,1,0.6953328847885132,0.10433488339185715,0.5943149328231812,0.6645100116729736,-0.3748619258403778,0.33727261424064636,-0.5514999032020569,0
0.7128974795341492,0.10332910716533661,0.5059143304824829,0.6274269819259644,-0.40944480895996094,0.3862309157848358,-0.5380668640136719,0.7974674701690674,0.1236320286989212,0.2805289328098297,1,0.6933555006980896,0.10442459583282471,0.6017043590545654,0.6676403284072876,-0.37193363904953003,0.3328808844089508,-0.5523694753646851,0
0.7123819589614868,0.10341645032167435,0.5143974423408508,0.6312247514724731,-0.4062437117099762,0.3817419707775116,-0.5392534732818604,0.7998544573783875,0.12436987459659576,0.2901485860347748,1,0.6912455558776855,0.10451501607894897,0.6090512275695801,0.6707416772842407,-0.36900386214256287,0.328461617231369,-0.5532220005989075,0
0.7116983532905579,0.10350529849529266,0.5228025317192078,0.634962797164917,-0.4030614495277405,0.37724828720092773,-0.5404140949249268,0.802034854888916,0.12510442733764648,0.2997235357761383,1,0.6890038847923279,0.10460585355758667,0.616352915763855,0.6738134026527405,-0.3660726547241211,0.324015349149704,-0.5540580153465271,0
0.7108556628227234,0.10359546542167664,0.5311222672462463,0.6386406421661377,-0.39990076422691345,0.37275391817092896,-0.5415459275245667,0.8040151000022888,0.12583599984645844,0.30924344062805176,1,0.6866312026977539,0.10469677299261093,0.6236071586608887,0.676855206489563,-0.3631402552127838,0.31954246759414673,-0.5548772215843201,0
0.7098605036735535,0.10368664562702179,0.5393544435501099,0.6422592997550964,-0.39676225185394287,0.36825981736183167,-0.542648434638977,0.805801510810852,0.1265646070241928,0.3187052309513092,1,0.6841283440589905,0.10478826612234116,0.6308121085166931,0.6798672676086426,-0.36020657420158386,0.31504249572753906,-0.5556796193122864,0
0.7087170481681824,0.10377869755029678,0.5475008487701416,0.6458215713500977,-0.39364418387413025,0.36376455426216125,-0.5437223315238953,0.8073998689651489,0.12729014456272125,0.32810911536216736,1,0.6814959645271301,0.10488002002239227,0.6379653811454773,0.6828490495681763,-0.35727155208587646,0.310516357421875,-0.5564653873443604,0
0.7074287533760071,0.10387130081653595,0.5555630326271057,0.6493293642997742,-0.3905455768108368,0.35926729440689087,-0.5447682738304138,0.8088150024414062,0.12801268696784973,0.33745691180229187,1,0.6787352561950684,0.1049717366695404,0.6450645327568054,0.685800313949585,-0.35433563590049744,0.30596375465393066,-0.557234525680542,0
0.7059980630874634,0.10396438837051392,0.5635443925857544,0.6527853012084961,-0.3874640166759491,0.3547653257846832,-0.5457879304885864,0.8100512027740479,0.12873244285583496,0.34675097465515137,1,0.6758469939231873,0.10506387054920197,0.6521073579788208,0.6887208223342896,-0.351398766040802,0.3013852834701538,-0.5579869151115417,0
0.7044270038604736,0.10405790060758591,0.5714473128318787,0.656191885471344,-0.38439780473709106,0.35025662183761597,-0.5467822551727295,0.8111123442649841,0.12944962084293365,0.35599371790885925,1,0.6728324294090271,0.10515610873699188,0.6590914130210876,0.6916104555130005,-0.34846100211143494,0.2967810034751892,-0.5587225556373596,0
0.7027173638343811,0.10415148735046387,0.5792742371559143,0.6595508456230164,-0.38134506344795227,0.34573957324028015,-0.5477524995803833,0.8120017051696777,0.13016442954540253,0.3651873469352722,1,0.6692905426025391,0.10525979846715927,0.6668766140937805,0.6948240995407104,-0.3451548218727112,0.29157042503356934,-0.5595303773880005,0
0.7008697986602783,0.10424671322107315,0.5870779156684875,0.6628889441490173,-0.3782902657985687,0.34118393063545227,-0.5486968755722046,0.8127347826957703,0.13088484108448029,0.3743918240070343,1,0.6655917167663574,0.10536373406648636,0.6745814681053162,0.6979979872703552,-0.3418479859828949,0.28632789850234985,-0.5603169202804565,0
0.6988711357116699,0.1043422743678093,0.5948765873908997,0.6662134528160095,-0.375219464302063,0.33657515048980713,-0.5496244430541992,0.8133091330528259,0.13161017000675201,0.38363102078437805,1,0.661736786365509,0.10546739399433136,0.6822035908699036,0.7011315226554871,-0.33854031562805176,0.28105366230010986,-0.5610827803611755,0
0.6967129111289978,0.10443819314241409,0.6026747822761536,0.6695253849029541,-0.372128427028656,0.3319081962108612,-0.5505390167236328,0.8137192726135254,0.1323399394750595,0.39291125535964966,1,0.6577277183532715,0.10557092726230621,0.6897397637367249,0.704224705696106,-0.3352319598197937,0.27574780583381653,-0.5618274807929993,0
0.6943911910057068,0.10453469306230545,0.6104694604873657,0.6728234887123108,-0.3690165877342224,0.32718250155448914,-0.5514407157897949,0.8139605522155762,0.13307414948940277,0.4022314250469208,1,0.6535660624504089,0.10567452758550644,0.6971872448921204,0.7072773575782776,-0.3319229781627655,0.2704109847545624,-0.562550961971283,0
0.6919029951095581,0.10463175922632217,0.6182569265365601,0.6761061549186707,-0.3658839166164398,0.32239773869514465,-0.5523306131362915,0.8140295147895813,0.13381266593933105,0.4115866720676422,1,0.6492536664009094,0.10577763617038727,0.7045426964759827,0.7102887034416199,-0.3286137580871582,0.2650432884693146,-0.5632539987564087,0
0.6892476081848145,0.10472982376813889,0.6260300278663635,0.6793712973594666,-0.36273178458213806,0.31755608320236206,-0.553207278251648,0.8139232993125916,0.13455531001091003,0.4209703803062439,1,0.6447919607162476,0.10588043928146362,0.7118036150932312,0.7132588028907776,-0.32530397176742554,0.25964513421058655,-0.5639357566833496,0
0.6864246129989624,0.10482858121395111,0.6337823271751404,0.682616651058197,-0.359561562538147,0.3126586973667145,-0.5540708303451538,0.8136398196220398,0.13530190289020538,0.43037518858909607,1,0.6401832103729248,0.10598311573266983,0.7189668416976929,0.7161873579025269,-0.32199403643608093,0.25421664118766785,-0.5645966529846191,0
0.6834346055984497,0.10492822527885437,0.6415066123008728,0.6858403086662292,-0.3563746511936188,0.3077075481414795,-0.554919958114624,0.8131774067878723,0.13605214655399323,0.4397934675216675,1,0.635964572429657,0.10607372224330902,0.7252496480941772,0.7187548875808716,-0.31905192136764526,0.24936659634113312,-0.565166711807251,0
0.6802879571914673,0.10502733290195465,0.6491487622261047,0.6890168786048889,-0.3531869947910309,0.3027353286743164,-0.5557571053504944,0.8125317692756653,0.13679824769496918,0.4491617977619171,1,0.6316325664520264,0.10616417974233627,0.7314512133598328,0.7212893962860107,-0.31610989570617676,0.24449285864830017,-0.5657201409339905,0
0.6770015358924866,0.10512730479240417,0.6566876769065857,0.6921399831771851,-0.3500116765499115,0.29775601625442505,-0.5565746426582336,0.8117100596427917,0.13754059374332428,0.45845142006874084,1,0.6271888017654419,0.1062542051076889,0.7375690937042236,0.7237899303436279,-0.31316810846328735,0.23959647119045258,-0.5662571787834167,0
0.6735866069793701,0.10522748529911041,0.6641139984130859,0.6952084898948669,-0.34685301780700684,0.29277583956718445,-0.5573691129684448,0.8107198476791382,0.13827942311763763,0.467650443315506,1,0.6226342916488647,0.10634350031614304,0.74360191822052,0.7262567281723022,-0.3102265000343323,0.23467715084552765,-0.5667778253555298,0
0.6700491905212402,0.10532784461975098,0.671425461769104,0.6982232332229614,-0.34371232986450195,0.2877955138683319,-0.5581395626068115,0.8095670342445374,0.13901463150978088,0.4767543077468872,1,0.6179704070091248,0.10643252730369568,0.7495478391647339,0.7286896705627441,-0.30728498101234436,0.22973501682281494,-0.5672821402549744,0
0.6663937568664551,0.10542774945497513,0.6786217093467712,0.7011850476264954,-0.3405889570713043,0.28281542658805847,-0.5588864088058472,0.8082562685012817,0.13974623382091522,0.48576217889785767,1,0.6131994128227234,0.10652097314596176,0.7554042935371399,0.7310881614685059,-0.3043440580368042,0.2247709482908249,-0.5677700042724609,0
0.6626229882240295,0.10552717000246048,0.6857036352157593,0.7040954828262329,-0.33748236298561096,0.2778344452381134,-0.5596097707748413,0.8067912459373474,0.14047427475452423,0.49467507004737854,1,0.6083220839500427,0.10660859942436218,0.7611702084541321,0.733452320098877,-0.3014034032821655,0.21978433430194855,-0.568241536617279,0
0.6587386727333069,0.10562580078840256,0.6926735043525696,0.7069563269615173,-0.3343908488750458,0.2728508412837982,-0.560310423374176,0.8051750659942627,0.14119888842105865,0.5034946799278259,1,0.6033402681350708,0.10669581592082977,0.766843318939209,0.7357818484306335,-0.29846322536468506,0.21477602422237396,-0.5686966180801392,0
0.6547420024871826,0.10572388023138046,0.6995331048965454,0.7097691297531128,-0.3313131332397461,0.26786282658576965,-0.5609892010688782,0.8034102320671082,0.14192022383213043,0.5122231245040894,1,0.5982556939125061,0.10678233206272125,0.7724219560623169,0.7380765080451965,-0.29552382230758667,0.20974624156951904,-0.5691354870796204,0
0.6506342887878418,0.10582111775875092,0.7062842845916748,0.7125352621078491,-0.3282477855682373,0.2628689706325531,-0.5616464614868164,0.80149906873703,0.14263854920864105,0.5208622217178345,1,0.5924150943756104,0.1068786084651947,0.7785822153091431,0.7406157851219177,-0.2922181189060211,0.20406243205070496,-0.5696097016334534,0
0.6463972330093384,0.10591825842857361,0.7129703164100647,0.7152767777442932,-0.3251791298389435,0.2578350305557251,-0.5622798204421997,0.7994363903999329,0.1433611959218979,0.5294657349586487,1,0.586448609828949,0.10697391629219055,0.7846185564994812,0.7431106567382812,-0.28891313076019287,0.19835184514522552,-0.5700633525848389,0
0.6420145630836487,0.10601465404033661,0.7196053862571716,0.7179988026618958,-0.3220946192741394,0.25274747610092163,-0.5628955960273743,0.7972137331962585,0.14408785104751587,0.5380553603172302,1,0.5803585648536682,0.10706842690706253,0.7905282974243164,0.7455607056617737,-0.2856091856956482,0.19261465966701508,-0.5704963207244873,0
0.6374778151512146,0.10611029714345932,0.7261927127838135,0.7207012176513672,-0.31899023056030273,0.24760077893733978,-0.5634968876838684,0.7948246598243713,0.14481835067272186,0.5466367602348328,1,0.5741478800773621,0.10716162621974945,0.7963088154792786,0.7479653358459473,-0.2823067009449005,0.18685190379619598,-0.5709090232849121,0
0.6327835321426392,0.10620561987161636,0.732729971408844,0.7233830690383911,-0.315864622592926,0.24239429831504822,-0.564084529876709,0.7922654151916504,0.14555275440216064,0.5552085638046265,1,0.5678189992904663,0.10725388675928116,0.8019577860832214,0.750324547290802,-0.2790054976940155,0.18106353282928467,-0.5713009834289551,0
0.6279306411743164,0.10630082339048386,0.7392120957374573,0.7260425686836243,-0.31271836161613464,0.2371281534433365,-0.5646587610244751,0.7895339131355286,0.14629098773002625,0.5637655854225159,1,0.5613747239112854,0.10734475404024124,0.8074730038642883,0.7526378631591797,-0.275706022977829,0.17525029182434082,-0.5716726779937744,0
0.6229202747344971,0.10639607161283493,0.7456328272819519,0.7286779284477234,-0.3095523715019226,0.2318042814731598,-0.565218985080719,0.7866295576095581,0.14703282713890076,0.5723009705543518,1,0.554817259311676,0.10743436962366104,0.8128522634506226,0.7549051642417908,-0.27240803837776184,0.1694120168685913,-0.5720239877700806,0
0.6177545189857483,0.10649127513170242,0.7519851922988892,0.7312865257263184,-0.3063686192035675,0.22642545402050018,-0.5657647848129272,0.7835524082183838,0.14777801930904388,0.5808069705963135,1,0.5481492280960083,0.10752291977405548,0.818093478679657,0.7571262717247009,-0.26911184191703796,0.1635493040084839,-0.5723549127578735,0
0.6124355792999268,0.10658659785985947,0.7582626938819885,0.7338668704032898,-0.30316829681396484,0.22099308669567108,-0.566295325756073,0.7803030610084534,0.14852622151374817,0.589275598526001,1,0.542131781578064,0.10760024189949036,0.8226346373558044,0.7590616345405579,-0.2661833167076111,0.15831808745861053,-0.5726318955421448,0
0.606993556022644,0.10668117552995682,0.7644228339195251,0.7363978028297424,-0.29996782541275024,0.21554459631443024,-0.5668139457702637,0.7768985033035278,0.14927032589912415,0.5976521968841553,1,0.5360310077667236,0.1076766774058342,0.8270636200904846,0.7609597444534302,-0.26325663924217224,0.1530679613351822,-0.572892963886261,0
0.6014498472213745,0.10677553713321686,0.7704480886459351,0.7388746738433838,-0.2967798411846161,0.21009454131126404,-0.5673149228096008,0.7733525037765503,0.15001022815704346,0.6059101223945618,1,0.529849112033844,0.10775198042392731,0.8313788771629333,0.762820839881897,-0.26033133268356323,0.14779938757419586,-0.5731379985809326,0
0.5958167910575867,0.10686958581209183,0.7763306498527527,0.7412968277931213,-0.29360902309417725,0.2046492099761963,-0.5677951574325562,0.7696750164031982,0.1507457047700882,0.6140381097793579,1,0.5235875248908997,0.10782592743635178,0.8355792164802551,0.7646445631980896,-0.2574077844619751,0.14251236617565155,-0.5733672976493835,0
0.590101420879364,0.10696256905794144,0.7820684909820557,0.7436649203300476,-0.2904566526412964,0.19920986890792847,-0.5682540535926819,0.7658727765083313,0.15147656202316284,0.6220318675041199,1,0.5172492265701294,0.10789887607097626,0.839663028717041,0.7664308547973633,-0.254486083984375,0.13720782101154327,-0.5735805034637451,0
0.5843082666397095,0.10705425590276718,0.7876611948013306,0.7459797263145447,-0.2873230576515198,0.19377757608890533,-0.5686912536621094,0.7619503140449524,0.15220269560813904,0.6298906803131104,1,0.5108357667922974,0.10797062516212463,0.843629002571106,0.7681793570518494,-0.2515663504600525,0.13188569247722626,-0.5737777352333069,0
0.5784392356872559,0.10714437067508698,0.7931103706359863,0.7482429146766663,-0.2842068374156952,0.18835030496120453,-0.5691072940826416,0.7579108476638794,0.15292416512966156,0.6376157999038696,1,0.5043487548828125,0.10804091393947601,0.8474760055541992,0.7698899507522583,-0.24864841997623444,0.12654618918895721,-0.5739593505859375,0
0.5724955201148987,0.10723312944173813,0.7984181642532349,0.7504552602767944,-0.28110745549201965,0.18292683362960815,-0.5695024728775024,0.7537568211555481,0.15364116430282593,0.6452092528343201,1,0.4977908730506897,0.10811012983322144,0.8512029051780701,0.7715625762939453,-0.24573276937007904,0.12118975818157196,-0.5741249322891235,0
0.566478967666626,0.10732007026672363,0.8035860657691956,0.7526183724403381,-0.2780233919620514,0.1775054782629013,-0.5698773860931396,0.7494902014732361,0.15435393154621124,0.6526734828948975,1,0.49116387963294983,0.1081780344247818,0.8548084497451782,0.7731972932815552,-0.24281911551952362,0.11581621319055557,-0.5742745995521545,0
0.5603889226913452,0.1074054017663002,0.8086164593696594,0.7547334432601929,-0.27495309710502625,0.17208446562290192,-0.5702325701713562,0.7451126575469971,0.15506261587142944,0.6600106954574585,1,0.48362845182418823,0.10825269669294357,0.8587180376052856,0.7749901413917542,-0.23954378068447113,0.10975156724452972,-0.5744245052337646,0
0.554192841053009,0.107489213347435,0.8135377764701843,0.7568173408508301,-0.2718815505504608,0.16662658751010895,-0.5705640912055969,0.7406007647514343,0.15577396750450134,0.6672631502151489,1,0.4760114550590515,0.10832562297582626,0.862470805644989,0.7767344117164612,-0.23627136647701263,0.10366630554199219,-0.574554443359375,0
0.5478715896606445,0.1075713112950325,0.8183614611625671,0.7588739395141602,-0.2687961757183075,0.161117285490036,-0.5708767175674438,0.7359418272972107,0.15648804605007172,0.6744505167007446,1,0.4683157801628113,0.1083969995379448,0.8660653233528137,0.7784296870231628,-0.23300199210643768,0.09756097942590714,-0.5746641755104065,0
0.5414173603057861,0.10765192657709122,0.8230899572372437,0.7609022259712219,-0.26569265127182007,0.15555167198181152,-0.5711731314659119,0.731128990650177,0.1572050303220749,0.6815779805183411,1,0.4605444371700287,0.10846639424562454,0.8695000410079956,0.7800756692886353,-0.22973576188087463,0.09143590927124023,-0.5747546553611755,0
0.534826934337616,0.10773143172264099,0.8277214169502258,0.7629015445709229,-0.2625695765018463,0.14992767572402954,-0.5714544057846069,0.7261596322059631,0.1579250544309616,0.6886444091796875,1,0.45270076394081116,0.10853397101163864,0.8727735877037048,0.7816721796989441,-0.22647272050380707,0.08529167622327805,-0.5748250484466553,0
0.5281020998954773,0.10781016200780869,0.8322511911392212,0.7648700475692749,-0.2594274580478668,0.14424708485603333,-0.5717201828956604,0.7210335731506348,0.1586480736732483,0.6956450939178467,1,0.4447881877422333,0.10859985649585724,0.8758842349052429,0.7832190990447998,-0.22321343421936035,0.07912889868021011,-0.5748757123947144,0
0.5212458372116089,0.10788822919130325,0.8366737365722656,0.7668060064315796,-0.2562679052352905,0.1385117769241333,-0.5719701051712036,0.7157521843910217,0.15937389433383942,0.7025737762451172,1,0.43680939078330994,0.10866370052099228,0.8788312673568726,0.7847160696983337,-0.2199574112892151,0.07294756174087524,-0.5749068856239319,0
0.5142617225646973,0.10796540230512619,0.8409835696220398,0.768707275390625,-0.25309187173843384,0.1327246129512787,-0.5722042918205261,0.7103180289268494,0.16010217368602753,0.709423303604126,1,0.4287675619125366,0.10872580111026764,0.8816131353378296,0.7861632108688354,-0.21670489013195038,0.06674806773662567,-0.574918270111084,0
0.5071550011634827,0.10804176330566406,0.8451746106147766,0.7705724835395813,-0.2499011904001236,0.12688800692558289,-0.5724217891693115,0.7047340273857117,0.16083256900310516,0.7161866426467896,1,0.42066583037376404,0.10878579318523407,0.8842288851737976,0.7875598669052124,-0.21345597505569458,0.06053081154823303,-0.5749104022979736,0
0.49993017315864563,0.10811726748943329,0.8492417335510254,0.7723999619483948,-0.24669767916202545,0.12100452929735184,-0.5726222395896912,0.6990036964416504,0.1615646332502365,0.7228566408157349,1,0.41250792145729065,0.10884382575750351,0.8866770267486572,0.7889060378074646,-0.21021100878715515,0.05429651960730553,-0.574882984161377,0
0.4925922751426697,0.10819161683320999,0.8531795740127563,0.7741880416870117,-0.243482768535614,0.11507734656333923,-0.5728054642677307,0.6931304335594177,0.1622980237007141,0.7294265627861023,1,0.404296875,0.1089000329375267,0.8889569044113159,0.7902016639709473,-0.2069700062274933,0.04804545268416405,-0.5748359560966492,0
0.4851461350917816,0.10826476663351059,0.8569831848144531,0.7759352326393127,-0.24025782942771912,0.10910841077566147,-0.5729711651802063,0.6871160268783569,0.1630377322435379,0.7358896732330322,1,0.39603620767593384,0.10895407944917679,0.8910671472549438,0.7914460897445679,-0.20373326539993286,0.041778333485126495,-0.5747697949409485,0
0.4775969088077545,0.10833648592233658,0.8606482744216919,0.7776403427124023,-0.2370244264602661,0.10310059785842896,-0.5731188654899597,0.6809655427932739,0.16377834975719452,0.7422407269477844,1,0.38772884011268616,0.10900609195232391,0.8930070400238037,0.7926395535469055,-0.20050062239170074,0.03549518063664436,-0.5746843218803406,0
0.46994954347610474,0.10840704292058945,0.8641705513000488,0.7793023586273193,-0.23378407955169678,0.0970560610294342,-0.5732477307319641,0.6746830344200134,0.164518803358078,0.7484742999076843,1,0.3793783187866211,0.10905623435974121,0.8947758674621582,0.7937818765640259,-0.19727247953414917,0.02919677086174488,-0.5745792984962463,0
0.46220862865448,0.10847603529691696,0.8675462007522583,0.7809197902679443,-0.230537548661232,0.09097664803266525,-0.5733582973480225,0.6682754755020142,0.16525182127952576,0.7545857429504395,1,0.37098798155784607,0.10910414904356003,0.8963726162910461,0.7948725819587708,-0.19404852390289307,0.022883214056491852,-0.5744554400444031,0
0.4543793201446533,0.10854359716176987,0.870771586894989,0.7824921607971191,-0.2272864431142807,0.08486474305391312,-0.5734497904777527,0.6617440581321716,0.16598455607891083,0.7605695724487305,1,0.3625604212284088,0.1091499999165535,0.8977970480918884,0.7959117293357849,-0.1908288449048996,0.016554540023207664,-0.5743123888969421,0
