0.3625604212284088,0.1091499999165535,0.8977970480918884,0.7959117293357849,-0.1908288449048996,0.016554540023207664,-0.5743123888969421,0.4652748107910156,0.14055900275707245,0.019999999552965164,0,0.3625604212284088,0.1091499999165535,0.8977970480918884,0.7959117293357849,-0.1908288449048996,0.016554540023207664,-0.5743123888969421,1
0.3628040552139282,0.10916154831647873,0.8976776003837585,0.7959170937538147,-0.19090838730335236,0.016660241410136223,-0.5742754340171814,0.4652748107910156,0.14055900275707245,0.01981772482395172,0,0.3625604212284088,0.1091499999165535,0.8977970480918884,0.7959117293357849,-0.1908288449048996,0.016554540023207664,-0.5743123888969421,1
0.3632446825504303,0.10916890949010849,0.8974825739860535,0.7959179878234863,-0.1910729855298996,0.016885489225387573,-0.574212908744812,0.4652748107910156,0.14055900275707245,0.019884353503584862,0,0.3625604212284088,0.1091499999165535,0.8977970480918884,0.7959117293357849,-0.1908288449048996,0.016554540023207664,-0.5743123888969421,1
0.36376747488975525,0.10917111486196518,0.8972581028938293,0.7959133982658386,-0.1912766695022583,0.017166968435049057,-0.5741432309150696,0.4652748107910156,0.14055900275707245,0.019923372194170952,0,0.3625604212284088,0.1091499999165535,0.8977970480918884,0.7959117293357849,-0.1908288449048996,0.016554540023207664,-0.5743123888969421,1
0.3643089532852173,0.10917005687952042,0.8970283269882202,0.7959052920341492,-0.1914910078048706,0.01746424101293087,-0.5740739107131958,0.4652748107910156,0.14055900275707245,0.019946129992604256,0,0.3625604212284088,0.1091499999165535,0.8977970480918884,0.7959117293357849,-0.1908288449048996,0.016554540023207664,-0.5743123888969421,1
0.36483412981033325,0.10916749387979507,0.8968064785003662,0.7958957552909851,-0.19170089066028595,0.017755331471562386,-0.5740082263946533,0.4652748107910156,0.14055900275707245,0.019959425553679466,0,0.3625604212284088,0.1091499999165535,0.8977970480918884,0.7959117293357849,-0.1908288449048996,0.016554540023207664,-0.5743123888969421,1
0.3653259873390198,0.10916423052549362,0.8965990543365479,0.7958859801292419,-0.19189804792404175,0.01802937313914299,-0.5739471912384033,0.4652748107910156,0.14055900275707245,0.019967196509242058,0,0.3625604212284088,0.1091499999165535,0.8977970480918884,0.7959117293357849,-0.1908288449048996,0.016554540023207664,-0.5743123888969421,1
0.36577728390693665,0.10916095972061157,0.89640873670578,0.7958768010139465,-0.19207923114299774,0.01828133687376976,-0.5738914608955383,0.4652748107910156,0.14055900275707245,0.01997174322605133,0,0.3625604212284088,0.1091499999165535,0.8977970480918884,0.7959117293357849,-0.1908288449048996,0.016554540023207664,-0.5743123888969421,1
0.366186261177063,0.10915781557559967,0.8962359428405762,0.7958679795265198,-0.1922435611486435,0.018509861081838608,-0.5738412737846375,0.4652748107910156,0.14055900275707245,0.019974403083324432,0,0.3625604212284088,0.1091499999165535,0.8977970480918884,0.7959117293357849,-0.1908288449048996,0.016554540023207664,-0.5743123888969421,1
0.3665536642074585,0.1091550812125206,0.8960806727409363,0.7958602905273438,-0.19239117205142975,0.01871492713689804,-0.5737957954406738,0.4652748107910156,0.14055900275707245,0.01997595839202404,0,0.3625604212284088,0.1091499999165535,0.8977970480918884,0.7959117293357849,-0.1908288449048996,0.016554540023207664,-0.5743123888969421,1
0.36688217520713806,0.10915274918079376,0.895941436290741,0.7958534359931946,-0.1925230473279953,0.018898339942097664,-0.5737552642822266,0.4652748107910156,0.14055900275707245,0.019976869225502014,0,0.3625604212284088,0.1091499999165535,0.8977970480918884,0.7959117293357849,-0.1908288449048996,0.016554540023207664,-0.5743123888969421,1
0.3671749234199524,0.10915068536996841,0.8958170413970947,0.7958471775054932,-0.1926405429840088,0.019061513245105743,-0.5737189054489136,0.4652748107910156,0.14055900275707245,0.019977401942014694,0,0.3625604212284088,0.1091499999165535,0.8977970480918884,0.7959117293357849,-0.1908288449048996,0.016554540023207664,-0.5743123888969421,1
0.36743536591529846,0.10914917290210724,0.8957062363624573,0.7958419322967529,-0.19274485111236572,0.019206577911973,-0.5736864805221558,0.4652748107910156,0.14055900275707245,0.019977713003754616,0,0.3625604212284088,0.1091499999165535,0.8977970480918884,0.7959117293357849,-0.1908288449048996,0.016554540023207664,-0.5743123888969421,1
0.3676663637161255,0.10914792865514755,0.8956077694892883,0.7958371639251709,-0.19283725321292877,0.019334783777594566,-0.5736575722694397,0.4652748107910156,0.14055900275707245,0.01997789368033409,0,0.3625604212284088,0.1091499999165535,0.8977970480918884,0.7959117293357849,-0.1908288449048996,0.016554540023207664,-0.5743123888969421,1
0.3678717017173767,0.10914682596921921,0.8955199718475342,0.7958332300186157,-0.1929192990064621,0.019448645412921906,-0.573631763458252,0.4652748107910156,0.14055900275707245,0.019978001713752747,0,0.3625604212284088,0.1091499999165535,0.8977970480918884,0.7959117293357849,-0.1908288449048996,0.016554540023207664,-0.5743123888969421,1
0.3680533766746521,0.10914600640535355,0.8954421877861023,0.795829713344574,-0.19299162924289703,0.01954904943704605,-0.5736088156700134,0.4652748107910156,0.14055900275707245,0.01997806318104267,0,0.3625604212284088,0.1091499999165535,0.8977970480918884,0.7959117293357849,-0.1908288449048996,0.016554540023207664,-0.5743123888969421,1
0.3682141900062561,0.10914544761180878,0.8953732252120972,0.79582679271698,-0.19305557012557983,0.01963799074292183,-0.5735883712768555,0.4652748107910156,0.14055900275707245,0.019978100433945656,0,0.3625604212284088,0.1091499999165535,0.8977970480918884,0.7959117293357849,-0.1908288449048996,0.016554540023207664,-0.5743123888969421,1
0.3683570623397827,0.10914503037929535,0.8953116536140442,0.7958241105079651,-0.19311225414276123,0.019716612994670868,-0.5735701322555542,0.4652748107910156,0.14055900275707245,0.019978120923042297,0,0.3625604212284088,0.1091499999165535,0.8977970480918884,0.7959117293357849,-0.1908288449048996,0.016554540023207664,-0.5743123888969421,1
0.36848360300064087,0.10914475470781326,0.8952572345733643,0.7958218455314636,-0.1931624412536621,0.019786084070801735,-0.5735539793968201,0.4652748107910156,0.14055900275707245,0.019978133961558342,0,0.3625604212284088,0.1091499999165535,0.8977970480918884,0.7959117293357849,-0.1908288449048996,0.016554540023207664,-0.5743123888969421,1
0.36859551072120667,0.10914462059736252,0.8952088356018066,0.7958201169967651,-0.19320662319660187,0.019847365096211433,-0.5735394358634949,0.4652748107910156,0.14055900275707245,0.01997814141213894,0,0.3625604212284088,0.1091499999165535,0.8977970480918884,0.7959117293357849,-0.1908288449048996,0.016554540023207664,-0.5743123888969421,1
0.36869457364082336,0.10914447903633118,0.8951660394668579,0.7958184480667114,-0.1932457685470581,0.01990160159766674,-0.5735267996788025,0.4652748107910156,0.14055900275707245,0.019978145137429237,0,0.3625604212284088,0.1091499999165535,0.8977970480918884,0.7959117293357849,-0.1908288449048996,0.016554540023207664,-0.5743123888969421,1
0.3687824606895447,0.10914447903633118,0.8951278328895569,0.795816957950592,-0.19328033924102783,0.01994943805038929,-0.5735154151916504,0.4652748107910156,0.14055900275707245,0.019978148862719536,0,0.3625604212284088,0.1091499999165535,0.8977970480918884,0.7959117293357849,-0.1908288449048996,0.016554540023207664,-0.5743123888969421,1
0.36886000633239746,0.10914461314678192,0.895094096660614,0.7958159446716309,-0.19331079721450806,0.019991593435406685,-0.5735051035881042,0.4652748107910156,0.14055900275707245,0.019978148862719536,0,0.3625604212284088,0.1091499999165535,0.8977970480918884,0.7959117293357849,-0.1908288449048996,0.016554540023207664,-0.5743123888969421,1
0.36892861127853394,0.10914474725723267,0.8950642347335815,0.7958149909973145,-0.19333770871162415,0.02002882771193981,-0.5734960436820984,0.4652748107910156,0.14055900275707245,0.019978148862719536,0,0.3625604212284088,0.1091499999165535,0.8977970480918884,0.7959117293357849,-0.1908288449048996,0.016554540023207664,-0.5743123888969421,1
0.3689894676208496,0.10914488881826401,0.8950377106666565,0.7958140969276428,-0.1933615803718567,0.020061763003468513,-0.5734882354736328,0.4652748107910156,0.14055900275707245,0.019978148862719536,0,0.3625604212284088,0.1091499999165535,0.8977970480918884,0.7959117293357849,-0.1908288449048996,0.016554540023207664,-0.5743123888969421,1
0.3690434694290161,0.10914502292871475,0.8950141072273254,0.7958134412765503,-0.1933826208114624,0.020090937614440918,-0.5734809041023254,0.4652748107910156,0.14055900275707245,0.019978148862719536,0,0.3625604212284088,0.1091499999165535,0.8977970480918884,0.7959117293357849,-0.1908288449048996,0.016554540023207664,-0.5743123888969421,1
0.3690912425518036,0.10914530605077744,0.8949931859970093,0.7958129048347473,-0.1934012621641159,0.02011662721633911,-0.5734745860099792,0.4652748107910156,0.14055900275707245,0.019978148862719536,0,0.3625604212284088,0.1091499999165535,0.8977970480918884,0.7959117293357849,-0.1908288449048996,0.016554540023207664,-0.5743123888969421,1
0.3691335916519165,0.10914543271064758,0.8949745893478394,0.7958122491836548,-0.19341766834259033,0.02013932727277279,-0.5734689831733704,0.4652748107910156,0.14055900275707245,0.019978148862719536,0,0.3625604212284088,0.1091499999165535,0.8977970480918884,0.7959117293357849,-0.1908288449048996,0.016554540023207664,-0.5743123888969421,1
0.369171142578125,0.10914570838212967,0.894957959651947,0.7958120107650757,-0.19343216717243195,0.020159302279353142,-0.5734638571739197,0.4652748107910156,0.14055900275707245,0.019978148862719536,0,0.3625604212284088,0.1091499999165535,0.8977970480918884,0.7959117293357849,-0.1908288449048996,0.016554540023207664,-0.5743123888969421,1
0.36920416355133057,0.10914599150419235,0.8949434161186218,0.795811653137207,-0.19344498217105865,0.020176958292722702,-0.5734593868255615,0.4652748107910156,0.14055900275707245,0.019978148862719536,0,0.3625604212284088,0.1091499999165535,0.8977970480918884,0.7959117293357849,-0.1908288449048996,0.016554540023207664,-0.5743123888969421,1
0.36923354864120483,0.1091461256146431,0.8949304223060608,0.7958112955093384,-0.1934562772512436,0.020192500203847885,-0.5734555721282959,0.4652748107910156,0.14055900275707245,0.019978148862719536,0,0.36923354864120483,0.1091461256146431,0.8949304223060608,0.7958112955093384,-0.1934562772512436,0.020192500203847885,-0.5734555721282959,1
0.3694966435432434,0.10915748029947281,0.8948008418083191,0.7958157062530518,-0.1935444176197052,0.020310046151280403,-0.5734154582023621,0.4652748107910156,0.14055900275707245,0.019978148862719536,0,0.37417489290237427,0.10939133167266846,0.8951400518417358,0.7950147986412048,-0.1962030678987503,0.026291918009519577,-0.5733799338340759,1
0.37027212977409363,0.10917968302965164,0.8946733474731445,0.7957442402839661,-0.19388018548488617,0.021001065149903297,-0.5733763575553894,0.4652748107910156,0.14055900275707245,0.019978148862719536,0,0.3790799677371979,0.10964316129684448,0.8952236175537109,0.7941694259643555,-0.19895847141742706,0.03237482160329819,-0.5732908248901367,1
0.37150996923446655,0.10922054946422577,0.8945595026016235,0.7955979704856873,-0.19447703659534454,0.022256474941968918,-0.5733299255371094,0.4652748107910156,0.14055900275707245,0.019978148862719536,0,0.3839469850063324,0.1099015474319458,0.8951810002326965,0.7932749390602112,-0.20172244310379028,0.03844182565808296,-0.5731884837150574,1
0.37315142154693604,0.10928095132112503,0.8944565653800964,0.7953835725784302,-0.19530591368675232,0.024014467373490334,-0.5732746720314026,0.4652748107910156,0.14055900275707245,0.019978148862719536,0,0.388774037361145,0.11016610264778137,0.8950129747390747,0.792331874370575,-0.20449455082416534,0.04449167847633362,-0.5730729699134827,1
0.37514743208885193,0.10935993492603302,0.8943573236465454,0.7951050996780396,-0.1963413953781128,0.0262200515717268,-0.573210597038269,0.4652748107910156,0.14055900275707245,0.019978148862719536,0,0.3935602307319641,0.11043690145015717,0.8947196006774902,0.7913400530815125,-0.20727506279945374,0.0505245216190815,-0.5729442238807678,1
0.3774545192718506,0.1094563826918602,0.8942538499832153,0.7947652339935303,-0.19756118953227997,0.02882442995905876,-0.5731378793716431,0.4652748107910156,0.14055900275707245,0.019978148862719536,0,0.39830324053764343,0.11071387678384781,0.8943015336990356,0.7903000116348267,-0.21006396412849426,0.0565396212041378,-0.5728021860122681,1
0.3800348937511444,0.10956936329603195,0.8941366076469421,0.7943652868270874,-0.19894616305828094,0.031784236431121826,-0.573056697845459,0.4652748107910156,0.14055900275707245,0.019978148862719536,0,0.4030015170574188,0.11099688708782196,0.8937590718269348,0.7892115116119385,-0.21286065876483917,0.06253664940595627,-0.5726470351219177,1
0.38285449147224426,0.1096978560090065,0.8939960598945618,0.793906569480896,-0.2004789113998413,0.03506103903055191,-0.572966992855072,0.4652748107910156,0.14055900275707245,0.019978148862719536,0,0.4076541066169739,0.11128588765859604,0.8930923342704773,0.7880748510360718,-0.2156655639410019,0.0685153529047966,-0.5724788904190063,1
0.38588449358940125,0.10984113067388535,0.893822193145752,0.7933899760246277,-0.2021452784538269,0.038620684295892715,-0.5728682279586792,0.4652748107910156,0.14055900275707245,0.019978148862719536,0,0.4122590720653534,0.1115807592868805,0.8923020958900452,0.7868903875350952,-0.2184784859418869,0.07447550445795059,-0.572297215461731,1
0.3890974223613739,0.10999823361635208,0.8936060070991516,0.7928158640861511,-0.20393161475658417,0.042432188987731934,-0.5727603435516357,0.4652748107910156,0.14055900275707245,0.019978148862719536,0,0.4168150722980499,0.11188139021396637,0.8913887739181519,0.7856581807136536,-0.2212994247674942,0.0804164931178093,-0.5721022486686707,1
0.3924686014652252,0.1101686954498291,0.8933388590812683,0.7921846508979797,-0.20582610368728638,0.04646731913089752,-0.5726429224014282,0.4652748107910156,0.14055900275707245,0.019978148862719536,0,0.4213199317455292,0.11218766868114471,0.8903529047966003,0.784378170967102,-0.22412806749343872,0.08633796870708466,-0.5718945264816284,1
0.3959772288799286,0.11035159975290298,0.8930121064186096,0.791496217250824,-0.20781901478767395,0.050702158361673355,-0.5725157856941223,0.4652748107910156,0.14055900275707245,0.019978148862719536,0,0.4257723391056061,0.11249950528144836,0.8891952633857727,0.7830508351325989,-0.22696414589881897,0.09223940223455429,-0.5716733932495117,1
0.3996031880378723,0.11054668575525284,0.8926182985305786,0.7907512784004211,-0.20990058779716492,0.05511396750807762,-0.5723780393600464,0.4652748107910156,0.14055900275707245,0.019978148862719536,0,0.43017080426216125,0.11281692981719971,0.8879161477088928,0.7816763520240784,-0.22980791330337524,0.09812048822641373,-0.5714391469955444,1
0.40332791209220886,0.11075324565172195,0.8921509385108948,0.7899497747421265,-0.21206234395503998,0.059682171791791916,-0.5722297430038452,0.4652748107910156,0.14055900275707245,0.019978148862719536,0,0.43451380729675293,0.11313951015472412,0.8865163326263428,0.7802547812461853,-0.23265919089317322,0.10398083180189133,-0.5711918473243713,1
0.40713614225387573,0.11097095161676407,0.8916035294532776,0.789091944694519,-0.21429716050624847,0.06438926607370377,-0.5720705389976501,0.4652748107910156,0.14055900275707245,0.019978148862719536,0,0.4387998580932617,0.113467276096344,0.8849962949752808,0.7787864208221436,-0.235517680644989,0.10982020944356918,-0.5709313154220581,1
0.41101235151290894,0.11119911819696426,0.8909705877304077,0.7881778478622437,-0.21659810841083527,0.06921838223934174,-0.5719000697135925,0.4652748107910156,0.14055900275707245,0.019978148862719536,0,0.4430280029773712,0.11380010098218918,0.8833564519882202,0.7772712111473083,-0.23838379979133606,0.11563816666603088,-0.5706578493118286,1
0.414943665266037,0.11143752187490463,0.8902472257614136,0.7872079014778137,-0.21895930171012878,0.07415531575679779,-0.5717180371284485,0.4652748107910156,0.14055900275707245,0.019978148862719536,0,0.4471955895423889,0.11413785815238953,0.881598174571991,0.7757096886634827,-0.24125675857067108,0.12143421918153763,-0.5703712701797485,1
0.41891807317733765,0.11168567091226578,0.8894290328025818,0.7861822247505188,-0.22137530148029327,0.07918648421764374,-0.5715240836143494,0.4652748107910156,0.14055900275707245,0.019978148862719536,0,0.4513018727302551,0.1144803911447525,0.879721462726593,0.7741018533706665,-0.2441369891166687,0.12720786035060883,-0.5700715780258179,1
0.4229239225387573,0.11194327473640442,0.8885123133659363,0.7851014733314514,-0.2238413691520691,0.08430011570453644,-0.5713179707527161,0.4652748107910156,0.14055900275707245,0.019978148862719536,0,0.45534470677375793,0.11482758820056915,0.877727746963501,0.7724478840827942,-0.24702389538288116,0.1329588145017624,-0.569758951663971,1
0.42695152759552,0.11220981180667877,0.8874937891960144,0.7839652299880981,-0.2263529747724533,0.08948536962270737,-0.5710998177528381,0.4652748107910156,0.14055900275707245,0.019978148862719536,0,0.4593234062194824,0.11517927795648575,0.8756174445152283,0.7707482576370239,-0.24991777539253235,0.13868682086467743,-0.5694332718849182,1
0.4309913218021393,0.11248505860567093,0.886370837688446,0.7827745079994202,-0.22890640795230865,0.09473258256912231,-0.5708692073822021,0.4652748107910156,0.14055900275707245,0.019978148862719536,0,0.46323662996292114,0.11553536355495453,0.8733907341957092,0.7690026164054871,-0.2528187334537506,0.14439177513122559,-0.5690945386886597,1
0.4350348711013794,0.11276870220899582,0.8851408362388611,0.7815294861793518,-0.2314978986978531,0.10003260523080826,-0.5706258416175842,0.4652748107910156,0.14055900275707245,0.019978148862719536,0,0.46708178520202637,0.11589564383029938,0.8710496425628662,0.7672117948532104,-0.2557260990142822,0.15007244050502777,-0.5687428116798401,1
0.43907445669174194,0.1130603551864624,0.8838021159172058,0.7802303433418274,-0.23412425816059113,0.10537780821323395,-0.5703699588775635,0.4652748107910156,0.14055900275707245,0.019978148862719536,0,0.4708584249019623,0.11626014858484268,0.8685941696166992,0.7653757333755493,-0.2586401104927063,0.15572932362556458,-0.5683779716491699,1
0.4431026577949524,0.11335967481136322,0.8823531866073608,0.7788776755332947,-0.23678256571292877,0.11076083034276962,-0.5701014399528503,0.4652748107910156,0.14055900275707245,0.019978148862719536,0,0.4745655655860901,0.11662840098142624,0.8660249710083008,0.7634943127632141,-0.2615608870983124,0.16136202216148376,-0.5680003762245178,1
0.4471133351325989,0.11366631090641022,0.8807924389839172,0.7774718403816223,-0.23947036266326904,0.1161750853061676,-0.5698199272155762,0.4652748107910156,0.14055900275707245,0.019978148862719536,0,0.478200763463974,0.11700040102005005,0.8633437156677246,0.7615684866905212,-0.2644879221916199,0.1669696420431137,-0.5676096081733704,1
0.45110055804252625,0.1139802634716034,0.879118800163269,0.7760134935379028,-0.2421853244304657,0.12161538749933243,-0.5695252418518066,0.4652748107910156,0.14055900275707245,0.019978148862719536,0,0.48176321387290955,0.11737596988677979,0.8605505228042603,0.7595977187156677,-0.2674211859703064,0.1725522130727768,-0.5672061443328857,1
0.455058753490448,0.11430080980062485,0.8773319125175476,0.7745026350021362,-0.24492515623569489,0.12707585096359253,-0.5692178606987,0.4652748107910156,0.14055900275707245,0.019978148862719536,0,0.4852510094642639,0.1177549660205841,0.857647180557251,0.7575827836990356,-0.27036044001579285,0.17810912430286407,-0.5667897462844849,1
0.45898300409317017,0.11462805420160294,0.8754308819770813,0.7729400992393494,-0.2476882040500641,0.13255199790000916,-0.5688971877098083,0.4652748107910156,0.14055900275707245,0.019978148862719536,0,0.4886627793312073,0.1181371733546257,0.8546343445777893,0.755523681640625,-0.2733054459095001,0.183639794588089,-0.566360592842102,1
0.46286797523498535,0.11496159434318542,0.8734157085418701,0.7713264226913452,-0.2504722774028778,0.13803879916667938,-0.5685634613037109,0.4652748107910156,0.14055900275707245,0.019978148862719536,0,0.4919988512992859,0.11852248013019562,0.85151207447052,0.7534207105636597,-0.27625730633735657,0.18914495408535004,-0.5659182071685791,1
0.46670985221862793,0.1153009906411171,0.8712862730026245,0.769661545753479,-0.2532764673233032,0.14353322982788086,-0.5682166814804077,0.4652748107910156,0.14055900275707245,0.019978148862719536,0,0.4952556788921356,0.11891067028045654,0.8482827544212341,0.751274049282074,-0.27921417355537415,0.19462299346923828,-0.565463125705719,1
0.47050392627716064,0.11564615368843079,0.8690428733825684,0.7679466009140015,-0.25609853863716125,0.14903104305267334,-0.5678567886352539,0.4652748107910156,0.14055900275707245,0.019978148862719536,0,0.4984331727027893,0.11930155009031296,0.8449466824531555,0.7490838170051575,-0.28217703104019165,0.20007425546646118,-0.5649953484535217,1
0.4742470681667328,0.11599680781364441,0.8666853308677673,0.766181468963623,-0.2589375972747803,0.15452930331230164,-0.5674839019775391,0.4652748107910156,0.14055900275707245,0.019978148862719536,0,0.5015301704406738,0.11969499289989471,0.841504693031311,0.7468504905700684,-0.2851456105709076,0.20549839735031128,-0.5645145177841187,1
0.477935254573822,0.11635281890630722,0.8642143607139587,0.7643671035766602,-0.26179239153862,0.1600247472524643,-0.5670976638793945,0.4652748107910156,0.14055900275707245,0.019978148862719536,0,0.5045449137687683,0.12009094655513763,0.8379582166671753,0.7445743083953857,-0.288119912147522,0.21089471876621246,-0.5640206336975098,1
0.48156610131263733,0.11671354621648788,0.8616297245025635,0.762503445148468,-0.2646622657775879,0.1655152291059494,-0.5666983127593994,0.4652748107910156,0.14055900275707245,0.019978148862719536,0,0.5074765086174011,0.12048888951539993,0.8343083262443542,0.7422552704811096,-0.29109954833984375,0.21626338362693787,-0.563514232635498,1
0.485135942697525,0.11707919836044312,0.8589327335357666,0.7605912685394287,-0.26754575967788696,0.17099814116954803,-0.5662858486175537,0.4652748107910156,0.14055900275707245,0.019978148862719536,0,0.5103229284286499,0.12088877707719803,0.8305563926696777,0.7398938536643982,-0.2940841317176819,0.22160330414772034,-0.562995195388794,1
0.48864197731018066,0.11744928359985352,0.8561236262321472,0.7586312890052795,-0.27044183015823364,0.17647072672843933,-0.5658603310585022,0.4652748107910156,0.14055900275707245,0.019978148862719536,0,0.5130838751792908,0.1212904304265976,0.8267031908035278,0.7374902367591858,-0.29707396030426025,0.22691479325294495,-0.5624631643295288,1
0.4920814335346222,0.11782347410917282,0.8532034754753113,0.7566232681274414,-0.2733500897884369,0.181931734085083,-0.5654217600822449,0.4652748107910156,0.14055900275707245,0.019978148862719536,0,0.5157582759857178,0.1216936707496643,0.822749674320221,0.7350444793701172,-0.30006927251815796,0.23219731450080872,-0.5619185566902161,1
0.49545201659202576,0.11820177733898163,0.8501728177070618,0.7545680999755859,-0.2762696146965027,0.18737880885601044,-0.564970076084137,0.4652748107910156,0.14055900275707245,0.019978148862719536,0,0.5183442831039429,0.12209826707839966,0.818697452545166,0.7325571775436401,-0.30306917428970337,0.23745064437389374,-0.5613609552383423,1
0.4987508952617645,0.11858385056257248,0.8470328450202942,0.7524663209915161,-0.27919960021972656,0.19281005859375,-0.5645052790641785,0.4652748107910156,0.14055900275707245,0.019978148862719536,0,0.5208413004875183,0.12250404059886932,0.8145474791526794,0.7300283312797546,-0.3060740530490875,0.24267429113388062,-0.5607909560203552,1
0.5019761919975281,0.11896936595439911,0.8437843918800354,0.750318169593811,-0.2821393311023712,0.1982242316007614,-0.5640276670455933,0.4652748107910156,0.14055900275707245,0.019978148862719536,0,0.5232481956481934,0.12291079014539719,0.8103008270263672,0.7274582386016846,-0.3090839684009552,0.24786828458309174,-0.5602079033851624,1
0.5051255226135254,0.11935830116271973,0.8404284715652466,0.7481240034103394,-0.28508853912353516,0.20362012088298798,-0.5635368824005127,0.4652748107910156,0.14055900275707245,0.019978148862719536,0,0.5255631804466248,0.12331829220056534,0.8059592247009277,0.7248473167419434,-0.31209802627563477,0.2530317008495331,-0.5596124529838562,1
0.508197009563446,0.11975011974573135,0.8369660973548889,0.7458842992782593,-0.2880464792251587,0.20899567008018494,-0.5630333423614502,0.4652748107910156,0.14055900275707245,0.019978148862719536,0,0.5277858376502991,0.12372633814811707,0.8015236258506775,0.722195565700531,-0.3151167631149292,0.25816476345062256,-0.5590043663978577,1
0.5111892819404602,0.12014485150575638,0.8333980441093445,0.743599534034729,-0.29101312160491943,0.2143505960702896,-0.5625166296958923,0.4652748107910156,0.14055900275707245,0.019978148862719536,0,0.5299146771430969,0.12413471937179565,0.7969954609870911,0.7195035815238953,-0.31813979148864746,0.26326659321784973,-0.558383584022522,1
0.5140995383262634,0.12054206430912018,0.8297261595726013,0.7412700057029724,-0.2939872741699219,0.2196829617023468,-0.5619872212409973,0.4652748107910156,0.14055900275707245,0.019978148862719536,0,0.5319492220878601,0.1245434507727623,0.7923755645751953,0.7167714834213257,-0.321167528629303,0.2683374285697937,-0.5577500462532043,1
0.5169267654418945,0.12094162404537201,0.825951099395752,0.7388961911201477,-0.29696881771087646,0.22499211132526398,-0.5614449381828308,0.4652748107910156,0.14055900275707245,0.019978148862719536,0,0.5338876843452454,0.12495186179876328,0.7876662015914917,0.7139995098114014,-0.3241989016532898,0.27337661385536194,-0.5571040511131287,1
0.5196690559387207,0.12134330719709396,0.8220740556716919,0.7364785671234131,-0.29995766282081604,0.2302771657705307,-0.5608896017074585,0.4652748107910156,0.14055900275707245,0.019978148862719536,0,0.5357299447059631,0.12535998225212097,0.7828674912452698,0.7111877799034119,-0.32723477482795715,0.2783845067024231,-0.556445300579071,1
0.5223242044448853,0.12174691259860992,0.8180968761444092,0.7340174913406372,-0.3029528260231018,0.23553673923015594,-0.5603216290473938,0.4652748107910156,0.14055900275707245,0.019978148862719536,0,0.5374743342399597,0.1257675588130951,0.7779817581176758,0.7083368897438049,-0.33027419447898865,0.2833596467971802,-0.5557742714881897,1
0.5248916149139404,0.12215206772089005,0.8140202760696411,0.7315131425857544,-0.3059543967247009,0.2407703399658203,-0.5597409605979919,0.4652748107910156,0.14055900275707245,0.019978148862719536,0,0.5391204953193665,0.12617440521717072,0.773009717464447,0.7054469585418701,-0.3333178460597992,0.2883026897907257,-0.5550902485847473,1
0.5273695588111877,0.12255852669477463,0.8098456263542175,0.728966236114502,-0.3089618980884552,0.24597719311714172,-0.5591474771499634,0.4652748107910156,0.14055900275707245,0.019978148862719536,0,0.5406669974327087,0.12658026814460754,0.7679531574249268,0.7025182843208313,-0.33636510372161865,0.29321303963661194,-0.5543938875198364,1
0.5297567248344421,0.12296633422374725,0.8055741190910339,0.7263767719268799,-0.3119754195213318,0.2511567771434784,-0.5585412383079529,0.4652748107910156,0.14055900275707245,0.019978148862719536,0,0.5421131253242493,0.12698493897914886,0.7628133296966553,0.6995510458946228,-0.33941590785980225,0.2980903685092926,-0.5536850690841675,1
0.5320512056350708,0.12337501347064972,0.8012075424194336,0.7237452268600464,-0.31499406695365906,0.25630807876586914,-0.5579225420951843,0.4652748107910156,0.14055900275707245,0.019978148862719536,0,0.5434579253196716,0.12738817930221558,0.7575918436050415,0.6965457797050476,-0.34247010946273804,0.30293428897857666,-0.5529637932777405,1
0.5342524647712708,0.12378443777561188,0.7967467904090881,0.7210723757743835,-0.31801775097846985,0.2614304721355438,-0.5572910904884338,0.4652748107910156,0.14055900275707245,0.019978148862719536,0,0.5447750687599182,0.1278149038553238,0.7519558072090149,0.6933112144470215,-0.3457189202308655,0.30804410576820374,-0.5521836280822754,1
0.5363634824752808,0.12419505417346954,0.7921736240386963,0.7183443903923035,-0.3210577666759491,0.2665465772151947,-0.5566471815109253,0.4652748107910156,0.14055900275707245,0.019978148862719536,0,0.5459761023521423,0.12823930382728577,0.7462306022644043,0.6900339722633362,-0.34897154569625854,0.3131159543991089,-0.5513893961906433,1
0.5383854508399963,0.12460818141698837,0.787484884262085,0.7155603170394897,-0.32411766052246094,0.2716587781906128,-0.5559878945350647,0.4652748107910156,0.14055900275707245,0.019978148862719536,0,0.5470593571662903,0.12866148352622986,0.740418553352356,0.6867150068283081,-0.3522273302078247,0.31814882159233093,-0.5505812168121338,1
0.5403172969818115,0.12502343952655792,0.7826806902885437,0.7127209901809692,-0.327197402715683,0.2767646014690399,-0.55531245470047,0.4652748107910156,0.14055900275707245,0.019978148862719536,0,0.5480250120162964,0.12908078730106354,0.7345206141471863,0.6833540797233582,-0.35548678040504456,0.32314327359199524,-0.5497587323188782,1
0.5421568155288696,0.1254407912492752,0.7777624130249023,0.7098270058631897,-0.3302965760231018,0.28186172246932983,-0.5546202659606934,0.4652748107910156,0.14055900275707245,0.019978148862719536,0,0.5488712191581726,0.12949727475643158,0.7285394668579102,0.6799520254135132,-0.35874927043914795,0.3280979096889496,-0.5489224791526794,1
0.5439013242721558,0.12585937976837158,0.7727320194244385,0.7068794369697571,-0.3334132730960846,0.2869475781917572,-0.5539115071296692,0.4652748107910156,0.14055900275707245,0.019978148862719536,0,0.5495977997779846,0.12991052865982056,0.7224759459495544,0.6765087246894836,-0.36201509833335876,0.33301350474357605,-0.5480719208717346,1
0.5455477237701416,0.12627898156642914,0.7675920724868774,0.703879177570343,-0.33654624223709106,0.2920188903808594,-0.5531867146492004,0.4652748107910156,0.14055900275707245,0.019978148862719536,0,0.5502031445503235,0.13032004237174988,0.7163331508636475,0.6730251312255859,-0.3652832806110382,0.3378887176513672,-0.547207772731781,1
0.5470930933952332,0.1266990453004837,0.7623451948165894,0.7008274793624878,-0.3396943509578705,0.2970731258392334,-0.5524455308914185,0.4652748107910156,0.14055900275707245,0.019978148862719536,0,0.550687313079834,0.1307259202003479,0.7101117968559265,0.6695010662078857,-0.3685547709465027,0.34272390604019165,-0.5463295578956604,1
0.548535168170929,0.12711893022060394,0.7569937705993652,0.6977247595787048,-0.34285616874694824,0.3021080195903778,-0.5516887307167053,0.4652748107910156,0.14055900275707245,0.019978148862719536,0,0.5510491728782654,0.1311274915933609,0.7038138508796692,0.665937066078186,-0.3718288540840149,0.34751883149147034,-0.545437216758728,1
0.5498708486557007,0.1275387555360794,0.7515407204627991,0.6945727467536926,-0.34603041410446167,0.30712053179740906,-0.5509160161018372,0.4652748107910156,0.14055900275707245,0.019978148862719536,0,0.5512878894805908,0.13152487576007843,0.6974417567253113,0.6623335480690002,-0.37510544061660767,0.3522725999355316,-0.5445310473442078,1
0.5510981678962708,0.12795759737491608,0.7459881901741028,0.6913719177246094,-0.3492160439491272,0.31210941076278687,-0.5501278042793274,0.4652748107910156,0.14055900275707245,0.019978148862719536,0,0.5514025688171387,0.13191735744476318,0.6909973621368408,0.6586910486221313,-0.3783840239048004,0.3569851517677307,-0.5436111688613892,1
0.5522148609161377,0.12837538123130798,0.7403389811515808,0.6881232261657715,-0.3524121940135956,0.3170720040798187,-0.5493244528770447,0.4652748107910156,0.14055900275707245,0.019978148862719536,0,0.5513927936553955,0.1323050856590271,0.6844823360443115,0.6550096869468689,-0.3816651403903961,0.36165621876716614,-0.5426774024963379,1
0.5532190799713135,0.12879139184951782,0.7345957159996033,0.6848273277282715,-0.35561785101890564,0.3220072388648987,-0.5485059022903442,0.4652748107910156,0.14055900275707245,0.019978148862719536,0,0.5512580871582031,0.13268734514713287,0.6778985857963562,0.6512899994850159,-0.38494810461997986,0.36628565192222595,-0.541729748249054,1
0.5541085600852966,0.12920579314231873,0.7287608981132507,0.6814854145050049,-0.3588320314884186,0.3269129693508148,-0.5476722717285156,0.4652748107910156,0.14055900275707245,0.019978148862719536,0,0.5509973764419556,0.13306428492069244,0.671248197555542,0.6475322246551514,-0.3882330656051636,0.37087294459342957,-0.5407682061195374,1
0.5548818707466125,0.12961764633655548,0.7228370904922485,0.6780981421470642,-0.3620540499687195,0.33178776502609253,-0.5468240976333618,0.4652748107910156,0.14055900275707245,0.019978148862719536,0,0.5506107211112976,0.13343515992164612,0.6645328402519226,0.643736720085144,-0.39151981472969055,0.375418096780777,-0.5397930145263672,1
0.555537223815918,0.13002702593803406,0.7168269157409668,0.6746663451194763,-0.3652830719947815,0.3366304934024811,-0.5459610223770142,0.4652748107910156,0.14055900275707245,0.019978148862719536,0,0.550096869468689,0.13380013406276703,0.6577548980712891,0.6399040818214417,-0.3948081433773041,0.37992048263549805,-0.5388038754463196,1
0.5560734272003174,0.13043327629566193,0.7107325792312622,0.6711906790733337,-0.36851850152015686,0.34143951535224915,-0.5450835824012756,0.4652748107910156,0.14055900275707245,0.019978148862719536,0,0.5494559407234192,0.13415849208831787,0.650916337966919,0.6360346674919128,-0.3980977237224579,0.3843801021575928,-0.5378011465072632,1
0.5564889907836914,0.13083605468273163,0.704556405544281,0.6676717400550842,-0.3717598617076874,0.346214234828949,-0.5441917777061462,0.4652748107910156,0.14055900275707245,0.019978148862719536,0,0.5486873388290405,0.1345103681087494,0.6440182328224182,0.6321284770965576,-0.4013892412185669,0.38879653811454773,-0.536784291267395,1
0.5567827224731445,0.1312353014945984,0.6983011960983276,0.6641104221343994,-0.3750065565109253,0.3509529232978821,-0.5432857275009155,0.4652748107910156,0.14055900275707245,0.019978148862719536,0,0.5477901697158813,0.134855255484581,0.6370640397071838,0.6281866431236267,-0.40468132495880127,0.3931693732738495,-0.5357539653778076,1
0.5569537281990051,0.1316305249929428,0.6919687390327454,0.6605074405670166,-0.37825798988342285,0.35565537214279175,-0.5423652529716492,0.4652748107910156,0.14055900275707245,0.019978148862719536,0,0.5467645525932312,0.1351926624774933,0.6300545930862427,0.6242087483406067,-0.4079746603965759,0.3974989056587219,-0.5347098708152771,1
0.5570008158683777,0.13202118873596191,0.6855618953704834,0.6568631529808044,-0.38151368498802185,0.3603198826313019,-0.5414310693740845,0.4652748107910156,0.14055900275707245,0.019978148862719536,0,0.5456094145774841,0.13552269339561462,0.6229931712150574,0.6201961040496826,-0.4112684726715088,0.40178385376930237,-0.533652126789093,1
0.5569228529930115,0.13240721821784973,0.6790828704833984,0.653178334236145,-0.3847731351852417,0.3649463653564453,-0.5404828190803528,0.4652748107910156,0.14055900275707245,0.019978148862719536,0,0.5443252921104431,0.13584469258785248,0.6158803701400757,0.6161482334136963,-0.41456329822540283,0.4060250222682953,-0.5325807929039001,1
0.5567193031311035,0.13278834521770477,0.6725337505340576,0.6494539976119995,-0.38803577423095703,0.3695334196090698,-0.5395207405090332,0.4652748107910156,0.14055900275707245,0.019978148862719536,0,0.5429114699363708,0.13615848124027252,0.6087192893028259,0.6120657920837402,-0.4178585708141327,0.4102213680744171,-0.531495988368988,1
0.5563889145851135,0.13316401839256287,0.6659172773361206,0.6456900238990784,-0.39130163192749023,0.3740808963775635,-0.5385450124740601,0.4652748107910156,0.14055900275707245,0.019978148862719536,0,0.5413678288459778,0.1364639401435852,0.6015111207962036,0.6079493165016174,-0.4211544990539551,0.41437339782714844,-0.5303972363471985,1
0.5559313893318176,0.13353396952152252,0.6592355966567993,0.6418877243995667,-0.3945698142051697,0.3785877525806427,-0.5375556945800781,0.4652748107910156,0.14055900275707245,0.019978148862719536,0,0.5396938323974609,0.1367608606815338,0.5942590236663818,0.60379958152771,-0.42445021867752075,0.4184797704219818,-0.5292851328849792,1
0.5553462505340576,0.13389767706394196,0.6524903178215027,0.6380468010902405,-0.3978405296802521,0.38305383920669556,-0.5365528464317322,0.4652748107910156,0.14055900275707245,0.019978148862719536,0,0.537889301776886,0.1370486319065094,0.5869642496109009,0.5996161103248596,-0.42774641513824463,0.42254123091697693,-0.5281593799591064,1
0.5546323657035828,0.13425549864768982,0.645684540271759,0.6341686844825745,-0.40111303329467773,0.3874779939651489,-0.5355361700057983,0.4652748107910156,0.14055900275707245,0.019978148862719536,0,0.535954475402832,0.13732731342315674,0.579629123210907,0.5954001545906067,-0.4310421943664551,0.42655712366104126,-0.5270201563835144,1
0.5537897944450378,0.13460630178451538,0.6388198733329773,0.6302534937858582,-0.4043874144554138,0.3918602168560028,-0.53450608253479,0.4652748107910156,0.14055900275707245,0.019978148862719536,0,0.5338889956474304,0.1375962644815445,0.5722554922103882,0.5911515355110168,-0.4343380033969879,0.4305274188518524,-0.5258673429489136,1
0.552817702293396,0.1349504142999649,0.6318989396095276,0.6263017654418945,-0.407662957906723,0.3962000012397766,-0.5334628224372864,0.4652748107910156,0.14055900275707245,0.019978148862719536,0,0.531692624092102,0.13785555958747864,0.5648459196090698,0.5868709683418274,-0.4376333951950073,0.43445149064064026,-0.5247011184692383,1
0.5517157316207886,0.1352871209383011,0.624923586845398,0.6223138570785522,-0.4109397828578949,0.4004966914653778,-0.5324060916900635,0.4652748107910156,0.14055900275707245,0.019978148862719536,0,0.5293656587600708,0.13810476660728455,0.5574020743370056,0.5825588703155518,-0.4409283399581909,0.4383296072483063,-0.5235212445259094,1
0.5504831671714783,0.13561655580997467,0.6178969740867615,0.6182911992073059,-0.41421714425086975,0.40474939346313477,-0.5313360691070557,0.4652748107910156,0.14055900275707245,0.019978148862719536,0,0.5269079208374023,0.1383434236049652,0.5499261617660522,0.5782155394554138,-0.4442225396633148,0.4421614110469818,-0.522327721118927,1
0.5491202473640442,0.13593780994415283,0.6108202338218689,0.6142332553863525,-0.41749513149261475,0.40895846486091614,-0.5302529335021973,0.4652748107910156,0.14055900275707245,0.019978148862719536,0,0.5243196487426758,0.1385716050863266,0.5424199104309082,0.5738412141799927,-0.4475162923336029,0.4459467828273773,-0.5211207866668701,1
0.547626793384552,0.13625091314315796,0.6036959886550903,0.610140860080719,-0.42077353596687317,0.4131231904029846,-0.5291567444801331,0.4652748107910156,0.14055900275707245,0.019978148862719536,0,0.5216003060340881,0.13878867030143738,0.534886360168457,0.5694366693496704,-0.45080864429473877,0.44968491792678833,-0.5199007987976074,1
0.5460020899772644,0.13655556738376617,0.5965262651443481,0.6060147285461426,-0.424051970243454,0.41724324226379395,-0.5280474424362183,0.4652748107910156,0.14055900275707245,0.019978148862719536,0,0.5187502503395081,0.1389947086572647,0.5273271799087524,0.5650025010108948,-0.45409977436065674,0.45337599515914917,-0.5186672210693359,1
0.5442461967468262,0.13685157895088196,0.5893133878707886,0.6018550395965576,-0.4273304343223572,0.4213181138038635,-0.5269250869750977,0.4652748107910156,0.14055900275707245,0.019978148862719536,0,0.5157699584960938,0.13918910920619965,0.5197442173957825,0.5605385303497314,-0.45738983154296875,0.45702022314071655,-0.5174201726913452,1
0.5423586368560791,0.13713867962360382,0.5820596218109131,0.5976628065109253,-0.4306083023548126,0.4253476560115814,-0.5257897973060608,0.4652748107910156,0.14055900275707245,0.019978148862719536,0,0.5126591920852661,0.13937203586101532,0.5121396780014038,0.556045651435852,-0.46067842841148376,0.4606165587902069,-0.5161598324775696,1
0.5403398275375366,0.13741618394851685,0.5747671723365784,0.5934379696846008,-0.4338856041431427,0.42933157086372375,-0.5246416926383972,0.4652748107910156,0.14055900275707245,0.019978148862719536,0,0.5094184875488281,0.13954275846481323,0.5045159459114075,0.5515241026878357,-0.4639652371406555,0.4641655385494232,-0.514886200428009,1
0.5381895303726196,0.1376844048500061,0.5674377083778381,0.5891812443733215,-0.4371626377105713,0.4332694709300995,-0.5234804153442383,0.4652748107910156,0.14055900275707245,0.019978148862719536,0,0.5060476064682007,0.13970138132572174,0.4968746304512024,0.5469741821289062,-0.46725061535835266,0.4676666855812073,-0.5135989785194397,1
0.5359073877334595,0.13794247806072235,0.5600744485855103,0.5848932862281799,-0.44043806195259094,0.4371609091758728,-0.5223067402839661,0.4652748107910156,0.14055900275707245,0.019978148862719536,0,0.5025473237037659,0.13984738290309906,0.48921847343444824,0.542396605014801,-0.4705337584018707,0.47111982107162476,-0.512298583984375,1
0.5334939360618591,0.13819031417369843,0.5526782274246216,0.5805739760398865,-0.44371268153190613,0.44100624322891235,-0.5211202502250671,0.4652748107910156,0.14055900275707245,0.019978148862719536,0,0.4989176094532013,0.1399807631969452,0.4815490245819092,0.5377915501594543,-0.47381508350372314,0.47452470660209656,-0.5109850168228149,1
0.5309491753578186,0.13842786848545074,0.5452519059181213,0.5762245655059814,-0.44698601961135864,0.44480451941490173,-0.5199206471443176,0.4652748107910156,0.14055900275707245,0.019978148862719536,0,0.49515900015830994,0.14010098576545715,0.4738687574863434,0.5331596732139587,-0.47709396481513977,0.47788140177726746,-0.5096580982208252,1
0.5282731652259827,0.1386546641588211,0.5377972722053528,0.5718448162078857,-0.45025816559791565,0.44855618476867676,-0.5187084674835205,0.4652748107910156,0.14055900275707245,0.019978148862719536,0,0.49127161502838135,0.1402081549167633,0.4661795496940613,0.5285012125968933,-0.4803707003593445,0.4811895787715912,-0.5083177089691162,1
0.5254660248756409,0.13887061178684235,0.5303167700767517,0.5674357414245605,-0.4535283148288727,0.45226022601127625,-0.5174838304519653,0.4652748107910156,0.14055900275707245,0.019978148862719536,0,0.48725613951683044,0.14030180871486664,0.4584839344024658,0.5238170027732849,-0.48364460468292236,0.48444879055023193,-0.5069645047187805,1
0.522527813911438,0.13907505571842194,0.52281254529953,0.5629972815513611,-0.4567967653274536,0.455917090177536,-0.5162462592124939,0.4652748107910156,0.14055900275707245,0.019978148862719536,0,0.48311302065849304,0.1403815597295761,0.45078325271606445,0.5191066265106201,-0.4869162440299988,0.4876593351364136,-0.5055978298187256,1
0.5194585919380188,0.13926813006401062,0.5152868628501892,0.5585308074951172,-0.4600629508495331,0.4595259726047516,-0.5149964094161987,0.4652748107910156,0.14055900275707245,0.019978148862719536,0,0.4788425862789154,0.14044751226902008,0.44308000802993774,0.514371395111084,-0.49018481373786926,0.4908207654953003,-0.5042179822921753,1
0.5162590742111206,0.1394493728876114,0.5077412128448486,0.5540359616279602,-0.4633271098136902,0.46308717131614685,-0.5137338638305664,0.4652748107910156,0.14055900275707245,0.019978148862719536,0,0.4744454026222229,0.140499085187912,0.43537670373916626,0.5096113681793213,-0.4934502840042114,0.4939331114292145,-0.502825140953064,1
0.5129292011260986,0.13961853086948395,0.5001784563064575,0.5495135188102722,-0.4665888249874115,0.4666000008583069,-0.512458860874176,0.4652748107910156,0.14055900275707245,0.019978148862719536,0,0.4699217677116394,0.14053639769554138,0.4276750683784485,0.5048271417617798,-0.4967125952243805,0.49699583649635315,-0.5014191269874573,1
0.5094696283340454,0.1397753655910492,0.49260008335113525,0.5449637770652771,-0.4698481559753418,0.4700649678707123,-0.511171281337738,0.4652748107910156,0.14055900275707245,0.019978148862719536,0,0.4652728736400604,0.1405588686466217,0.4199769198894501,0.5000188946723938,-0.4999716579914093,0.5000093579292297,-0.5,1
0.5058805346488953,0.13991962373256683,0.48500856757164,0.5403872728347778,-0.47310471534729004,0.47348108887672424,-0.5098715424537659,0.4652748107910156,0.14055900275707245,0.019978148862719536,0,0.5058805346488953,0.13991962373256683,0.48500856757164,0.5403872728347778,-0.47310471534729004,0.47348108887672424,-0.5098715424537659,1
0.5031869411468506,0.13992299139499664,0.47754496335983276,0.5366237163543701,-0.47728243470191956,0.47711843252182007,-0.5065515041351318,0.4652748107910156,0.14055900275707245,0.019978148862719536,0,0.5061770081520081,0.13997146487236023,0.4824492633342743,0.5399877429008484,-0.47337689995765686,0.4737671911716461,-0.5097765326499939,1
0.5016106963157654,0.13996055722236633,0.47023242712020874,0.5328757166862488,-0.4813621938228607,0.4808368682861328,-0.5031200647354126,0.4652748107910156,0.14055900275707245,0.019978148862719536,0,0.506458044052124,0.1400223970413208,0.47989097237586975,0.539588212966919,-0.4736490249633789,0.4740528166294098,-0.5096813440322876,1
0.5010793209075928,0.14003825187683105,0.46317511796951294,0.5293341875076294,-0.4851313531398773,0.48429256677627563,-0.49991360306739807,0.4652748107910156,0.14055900275707245,0.019978148862719536,0,0.5067240595817566,0.14007246494293213,0.4773336350917816,0.5391883254051208,-0.47392112016677856,0.4743380546569824,-0.5095862150192261,1
0.5010558366775513,0.14007365703582764,0.45685794949531555,0.5262003540992737,-0.48834776878356934,0.48729851841926575,-0.4971616566181183,0.4652748107910156,0.14055900275707245,0.019978148862719536,0,0.5069750547409058,0.1401214599609375,0.4747770130634308,0.5387881398200989,-0.4741933047771454,0.4746229946613312,-0.5094908475875854,1
0.5012178421020508,0.1400778591632843,0.4515819549560547,0.5236507058143616,-0.49088016152381897,0.4897029399871826,-0.4949924349784851,0.4652748107910156,0.14055900275707245,0.019978148862719536,0,0.5072108507156372,0.14016976952552795,0.47222185134887695,0.5383879542350769,-0.4744654893875122,0.47490742802619934,-0.5093954801559448,1
0.5014880299568176,0.1400766521692276,0.4474356770515442,0.521755039691925,-0.4927080571651459,0.4914592206478119,-0.4934351444244385,0.4652748107910156,0.14055900275707245,0.019978148862719536,0,0.5074313879013062,0.14021718502044678,0.46966785192489624,0.537987470626831,-0.47473761439323425,0.4751916825771332,-0.5093000531196594,1
0.5018623471260071,0.14008238911628723,0.44444218277931213,0.5205352306365967,-0.4938364624977112,0.4925614893436432,-0.49249550700187683,0.4652748107910156,0.14055900275707245,0.019978148862719536,0,0.5076369047164917,0.14026369154453278,0.4671153426170349,0.5375869274139404,-0.4750097692012787,0.4754753112792969,-0.5092045664787292,1
0.5023548007011414,0.1400999277830124,0.4426029622554779,0.5199949741363525,-0.49427565932273865,0.4930160343647003,-0.49217069149017334,0.4652748107910156,0.14055900275707245,0.019978148862719536,0,0.5078272223472595,0.14030931890010834,0.4645642638206482,0.5371861457824707,-0.475281685590744,0.47575873136520386,-0.5091089010238647,1
0.5029789209365845,0.14013026654720306,0.4419150650501251,0.5201306939125061,-0.4940336048603058,0.4928307831287384,-0.49245572090148926,0.4652748107910156,0.14055900275707245,0.019978148862719536,0,0.5080025792121887,0.14035403728485107,0.462014377117157,0.5367853045463562,-0.4755537509918213,0.4760417342185974,-0.5090131759643555,1
0.5037423968315125,0.14017391204833984,0.44237321615219116,0.5209347009658813,-0.49311697483062744,0.4920121729373932,-0.4933422803878784,0.4652748107910156,0.14055900275707245,0.019978148862719536,0,0.5081627368927002,0.14039790630340576,0.4594666063785553,0.5363841652870178,-0.47582578659057617,0.4763241112232208,-0.508917510509491,1
0.5044316053390503,0.14019858837127686,0.44330400228500366,0.5220553874969482,-0.49185696244239807,0.4908887445926666,-0.4945332705974579,0.4652748107910156,0.14055900275707245,0.019978148862719536,0,0.5083080530166626,0.14044064283370972,0.4569200575351715,0.5359825491905212,-0.47609785199165344,0.4766066074371338,-0.5088216662406921,1
0.5049914717674255,0.1402195543050766,0.4441404938697815,0.5231673717498779,-0.49059730768203735,0.4897633194923401,-0.495723694562912,0.4652748107910156,0.14055900275707245,0.019978148862719536,0,0.5084382891654968,0.14048270881175995,0.45437556505203247,0.5355812907218933,-0.47636985778808594,0.4768885374069214,-0.508725643157959,1
0.5054703950881958,0.1402459293603897,0.4447292387485504,0.5241776704788208,-0.48943963646888733,0.48872560262680054,-0.496823787689209,0.4652748107910156,0.14055900275707245,0.019978148862719536,0,0.5085533857345581,0.14052385091781616,0.45183268189430237,0.5351793766021729,-0.47664207220077515,0.47717010974884033,-0.5086294412612915,1
0.5058978199958801,0.14027667045593262,0.44503429532051086,0.5250615477561951,-0.48840832710266113,0.487800657749176,-0.49781325459480286,0.4652748107910156,0.14055900275707245,0.019978148862719536,0,0.508653461933136,0.14056405425071716,0.44929182529449463,0.5347773432731628,-0.4769141376018524,0.4774513244628906,-0.5085333585739136,1
0.5062882900238037,0.14030981063842773,0.4450603723526001,0.5258174538612366,-0.4875042140483856,0.48699185252189636,-0.4986928701400757,0.4652748107910156,0.14055900275707245,0.019978148862719536,0,0.50873863697052,0.14060337841510773,0.4467533230781555,0.5343751907348633,-0.47718626260757446,0.4777320921421051,-0.5084370970726013,1
0.5066493153572083,0.14034461975097656,0.44482535123825073,0.526452898979187,-0.4867200553417206,0.48629334568977356,-0.4994693696498871,0.4652748107910156,0.14055900275707245,0.019978148862719536,0,0.5088088512420654,0.14064180850982666,0.44421660900115967,0.5339726805686951,-0.47745847702026367,0.4780127704143524,-0.5083407163619995,1
0.5069844722747803,0.14037998020648956,0.4443526566028595,0.5269783139228821,-0.48604533076286316,0.4856962263584137,-0.5001528263092041,0.4652748107910156,0.14055900275707245,0.019978148862719536,0,0.5088640451431274,0.14067932963371277,0.44168245792388916,0.5335702896118164,-0.47773054242134094,0.47829267382621765,-0.5082443952560425,1
0.5072957277297974,0.1404162049293518,0.44366514682769775,0.52740478515625,-0.48546987771987915,0.4851909577846527,-0.5007522702217102,0.4652748107910156,0.14055900275707245,0.019978148862719536,0,0.5089044570922852,0.14071573317050934,0.4391503930091858,0.5331674814224243,-0.47800251841545105,0.47857236862182617,-0.5081480145454407,1
0.5075846910476685,0.14045247435569763,0.44278475642204285,0.5277422070503235,-0.4849836528301239,0.48476868867874146,-0.5012767314910889,0.4652748107910156,0.14055900275707245,0.019978148862719536,0,0.5089296102523804,0.14075137674808502,0.4366214871406555,0.5327649116516113,-0.4782741665840149,0.47885167598724365,-0.5080516338348389,1
0.5078517198562622,0.1404891461133957,0.4417312443256378,0.527999997138977,-0.4845777750015259,0.4844205975532532,-0.5017338991165161,0.4652748107910156,0.14055900275707245,0.019978148862719536,0,0.5089401006698608,0.14078615605831146,0.4340944290161133,0.5323618054389954,-0.47854626178741455,0.4791305363178253,-0.5079548954963684,1
0.5080975294113159,0.14052589237689972,0.44052305817604065,0.5281869173049927,-0.4842437207698822,0.48413902521133423,-0.5021312832832336,0.4652748107910156,0.14055900275707245,0.019978148862719536,0,0.5089355707168579,0.1408199965953827,0.4315703511238098,0.5319586396217346,-0.47881829738616943,0.47940903902053833,-0.507858157157898,1
0.508322536945343,0.14056235551834106,0.4391760230064392,0.5283100605010986,-0.4839741587638855,0.4839174151420593,-0.5024753212928772,0.4652748107910156,0.14055900275707245,0.019978148862719536,0,0.5089162588119507,0.1408529281616211,0.4290485382080078,0.5315549969673157,-0.4790904223918915,0.4796874523162842,-0.5077612996101379,1
0.5085266828536987,0.14059887826442719,0.4377058744430542,0.5283770561218262,-0.48376190662384033,0.48374855518341064,-0.5027716755867004,0.4652748107910156,0.14055900275707245,0.019978148862719536,0,0.5088822245597839,0.14088493585586548,0.4265297055244446,0.5311514735221863,-0.4793623387813568,0.4799652099609375,-0.5076643228530884,1
0.508710503578186,0.14063499867916107,0.4361247718334198,0.5283930897712708,-0.48360127210617065,0.483627587556839,-0.5030256509780884,0.4652748107910156,0.14055900275707245,0.019978148862719536,0,0.5088331699371338,0.14091598987579346,0.4240138828754425,0.5307475924491882,-0.47963428497314453,0.48024263978004456,-0.5075674653053284,1
0.5088737607002258,0.1406707912683487,0.43444550037384033,0.5283643007278442,-0.48348671197891235,0.48354896903038025,-0.5032416582107544,0.4652748107910156,0.14055900275707245,0.019978148862719536,0,0.5087694525718689,0.140946164727211,0.42150089144706726,0.5303435921669006,-0.47990646958351135,0.4805200397968292,-0.5074701309204102,1
0.5090169906616211,0.1407063901424408,0.43267789483070374,0.5282951593399048,-0.48341336846351624,0.4835081398487091,-0.5034237504005432,0.4652748107910156,0.14055900275707245,0.019978148862719536,0,0.5086909532546997,0.1409752070903778,0.418990820646286,0.5299392342567444,-0.4801785349845886,0.4807969033718109,-0.5073729157447815,1
0.5091400742530823,0.14074131846427917,0.43083202838897705,0.5281898379325867,-0.4833768606185913,0.4835013449192047,-0.50357586145401,0.4652748107910156,0.14055900275707245,0.019978148862719536,0,0.5085974335670471,0.14100348949432373,0.4164844751358032,0.5295348763465881,-0.4804503619670868,0.48107317090034485,-0.5072758793830872,1
0.5092436075210571,0.1407756209373474,0.4289163649082184,0.528052568435669,-0.4833731949329376,0.483524888753891,-0.503700852394104,0.4652748107910156,0.14055900275707245,0.019978148862719536,0,0.5084894299507141,0.14103087782859802,0.41398099064826965,0.529130220413208,-0.48072242736816406,0.48134922981262207,-0.5071783661842346,1
0.5093271136283875,0.14080949127674103,0.42693865299224854,0.5278867483139038,-0.4833989441394806,0.4835749864578247,-0.5038018226623535,0.4652748107910156,0.14055900275707245,0.019978148862719536,0,0.5083667039871216,0.1410573124885559,0.41148120164871216,0.5287255644798279,-0.48099422454833984,0.4816247224807739,-0.5070812702178955,1
0.5093914270401001,0.14084254205226898,0.4249054193496704,0.5276948809623718,-0.48345091938972473,0.483649343252182,-0.503881573677063,0.4652748107910156,0.14055900275707245,0.019978148862719536,0,0.5082293152809143,0.14108282327651978,0.4089844822883606,0.5283207297325134,-0.48126617074012756,0.48190009593963623,-0.5069835782051086,1
0.5094360709190369,0.14087501168251038,0.4228234887123108,0.5274801254272461,-0.48352646827697754,0.48374488949775696,-0.5039420127868652,0.4652748107910156,0.14055900275707245,0.019978148862719536,0,0.5080772042274475,0.14110741019248962,0.4064914584159851,0.5279157161712646,-0.4815380871295929,0.48217496275901794,-0.5068860054016113,1
0.5094617009162903,0.14090664684772491,0.42069804668426514,0.527245283126831,-0.483622670173645,0.4838595688343048,-0.5039854049682617,0.4652748107910156,0.14055900275707245,0.019978148862719536,0,0.507910430431366,0.14113104343414307,0.4040021300315857,0.5275102257728577,-0.4818100035190582,0.482449471950531,-0.5067883133888245,1
0.5094683170318604,0.14093755185604095,0.41853395104408264,0.5269918441772461,-0.48373791575431824,0.48399123549461365,-0.5040135979652405,0.4652748107910156,0.14055900275707245,0.019978148862719536,0,0.507729172706604,0.14115357398986816,0.40151602029800415,0.5271044969558716,-0.48208215832710266,0.4827239215373993,-0.5066904425621033,1
0.509456217288971,0.14096763730049133,0.41633570194244385,0.5267220139503479,-0.4838697612285614,0.48413795232772827,-0.5040282011032104,0.4652748107910156,0.14055900275707245,0.019978148862719536,0,0.5075331926345825,0.14117532968521118,0.3990345597267151,0.5266991257667542,-0.48235374689102173,0.4829973578453064,-0.5065928101539612,1
0.5094253420829773,0.14099696278572083,0.4141077995300293,0.5264377593994141,-0.4840162694454193,0.4842979609966278,-0.5040305852890015,0.4652748107910156,0.14055900275707245,0.019978148862719536,0,0.5073226690292358,0.14119616150856018,0.3965562582015991,0.5262930393218994,-0.4826258718967438,0.4832709729671478,-0.5064948201179504,1
0.5093762278556824,0.141025573015213,0.41185298562049866,0.5261402726173401,-0.48417648673057556,0.4844701290130615,-0.504021942615509,0.4652748107910156,0.14055900275707245,0.019978148862719536,0,0.507097601890564,0.14121603965759277,0.3940824270248413,0.5258872509002686,-0.4828976094722748,0.4835439920425415,-0.5063967704772949,1
0.5093088746070862,0.1410531997680664,0.40957552194595337,0.5258315801620483,-0.4843481481075287,0.4846525490283966,-0.5040038824081421,0.4652748107910156,0.14055900275707245,0.019978148862719536,0,0.5068581104278564,0.14123499393463135,0.3916124701499939,0.5254809260368347,-0.48316940665245056,0.48381665349006653,-0.5062987208366394,1
0.509223461151123,0.1410798728466034,0.4072776138782501,0.5255120396614075,-0.4845304787158966,0.4848443865776062,-0.5039772987365723,0.4652748107910156,0.14055900275707245,0.019978148862719536,0,0.5066042542457581,0.1412530243396759,0.3891466557979584,0.5250746011734009,-0.48344141244888306,0.4840889871120453,-0.5062004923820496,1
0.5091204047203064,0.14110566675662994,0.40496203303337097,0.5251832604408264,-0.4847223162651062,0.4850447177886963,-0.5039429068565369,0.4652748107910156,0.14055900275707245,0.019978148862719536,0,0.5063356757164001,0.14127007126808167,0.386685311794281,0.5246680378913879,-0.48371320962905884,0.4843606650829315,-0.5061023235321045,1
0.5089998245239258,0.14113053679466248,0.40263092517852783,0.524846076965332,-0.4849223792552948,0.4852524399757385,-0.5039015412330627,0.4652748107910156,0.14055900275707245,0.019978148862719536,0,0.50605309009552,0.1412860006093979,0.384227991104126,0.5242612361907959,-0.48398488759994507,0.4846324622631073,-0.5060040950775146,1
0.508861780166626,0.1411544680595398,0.4002867639064789,0.5245015621185303,-0.4851301312446594,0.4854665994644165,-0.5038540959358215,0.4652748107910156,0.14055900275707245,0.019978148862719536,0,0.5057559013366699,0.14130118489265442,0.38177528977394104,0.5238541960716248,-0.4842568039894104,0.48490360379219055,-0.5059055685997009,1
0.5087063908576965,0.14117753505706787,0.3979310393333435,0.5241500735282898,-0.48534461855888367,0.4856868088245392,-0.5038011074066162,0.4652748107910156,0.14055900275707245,0.019978148862719536,0,0.505444347858429,0.14131543040275574,0.3793269395828247,0.5234469175338745,-0.4845287501811981,0.4851745367050171,-0.5058070421218872,1
0.5085341930389404,0.14119969308376312,0.3955659866333008,0.5237930417060852,-0.4855649769306183,0.4859118163585663,-0.5037432312965393,0.4652748107910156,0.14055900275707245,0.019978148862719536,0,0.5051184296607971,0.14132869243621826,0.37688353657722473,0.5230398178100586,-0.48480045795440674,0.48544496297836304,-0.5057084560394287,1
0.5083451271057129,0.1412207931280136,0.3931926190853119,0.523430347442627,-0.48579052090644836,0.48614150285720825,-0.5036810040473938,0.4652748107910156,0.14055900275707245,0.019978148862719536,0,0.504778265953064,0.14134103059768677,0.37444448471069336,0.522632360458374,-0.4850723147392273,0.48571500182151794,-0.5056096315383911,1
0.5081395506858826,0.14124101400375366,0.3908122777938843,0.5230628252029419,-0.4860210120677948,0.48637521266937256,-0.5036148428916931,0.4652748107910156,0.14055900275707245,0.019978148862719536,0,0.5044238567352295,0.14135241508483887,0.3720104694366455,0.5222246050834656,-0.4853440225124359,0.4859846532344818,-0.5055109858512878,1
0.5079174041748047,0.14126017689704895,0.3884267508983612,0.5226913094520569,-0.48625561594963074,0.48661231994628906,-0.5035451650619507,0.4652748107910156,0.14055900275707245,0.019978148862719536,0,0.5040552020072937,0.14136286079883575,0.3695809245109558,0.5218167304992676,-0.485615998506546,0.4862540364265442,-0.5054121017456055,1
0.5076789855957031,0.1412784904241562,0.38603702187538147,0.5223159193992615,-0.4864937663078308,0.4868522882461548,-0.5034726858139038,0.4652748107910156,0.14055900275707245,0.019978148862719536,0,0.5036724209785461,0.14137235283851624,0.3671567738056183,0.5214088559150696,-0.48588764667510986,0.4865227937698364,-0.5053132176399231,1
0.5074242353439331,0.141295924782753,0.38364386558532715,0.5219369530677795,-0.48673543334007263,0.4870949983596802,-0.5033972263336182,0.4652748107910156,0.14055900275707245,0.019978148862719536,0,0.5032755732536316,0.14138071238994598,0.36473730206489563,0.5210004448890686,-0.4861593544483185,0.486791729927063,-0.5052140355110168,1
0.5071537494659424,0.1413121521472931,0.3812481462955475,0.5215549468994141,-0.48697999119758606,0.4873402416706085,-0.5033193230628967,0.4652748107910156,0.14055900275707245,0.019978148862719536,0,0.5028647184371948,0.14138832688331604,0.3623232841491699,0.5205922722816467,-0.4864310324192047,0.48705974221229553,-0.5051151514053345,1
0.5068672299385071,0.14132751524448395,0.37885087728500366,0.5211700797080994,-0.48722729086875916,0.4875873923301697,-0.5032392144203186,0.4652748107910156,0.14055900275707245,0.019978148862719536,0,0.5024396181106567,0.1413949728012085,0.359914094209671,0.5201836228370667,-0.48670297861099243,0.4873276352882385,-0.5050157308578491,1
0.5065651535987854,0.14134204387664795,0.3764525055885315,0.5207829475402832,-0.4874768555164337,0.48783642053604126,-0.5031570792198181,0.4652748107910156,0.14055900275707245,0.019978148862719536,0,0.5020003914833069,0.14140066504478455,0.35751062631607056,0.5197749137878418,-0.4869747459888458,0.4875950217247009,-0.5049164891242981,1
0.5062474012374878,0.14135555922985077,0.37405407428741455,0.520393431186676,-0.4877285957336426,0.4880870282649994,-0.50307297706604,0.4652748107910156,0.14055900275707245,0.019978148862719536,0,0.5015473365783691,0.14140541851520538,0.35511213541030884,0.5193659067153931,-0.48724666237831116,0.4878621995449066,-0.5048169493675232,1
0.5059142112731934,0.1413680762052536,0.37165606021881104,0.5200019478797913,-0.4879820644855499,0.4883389472961426,-0.5029875040054321,0.4652748107910156,0.14055900275707245,0.019978148862719536,0,0.5010802149772644,0.14140918850898743,0.3527194559574127,0.5189568996429443,-0.48751822113990784,0.48812904953956604,-0.5047174692153931,1
0.5055656433105469,0.14137955009937286,0.3692588210105896,0.5196084976196289,-0.4882374107837677,0.4885921776294708,-0.5029003620147705,0.4652748107910156,0.14055900275707245,0.019978148862719536,0,0.5005992650985718,0.14141204953193665,0.35033226013183594,0.5185476541519165,-0.48778992891311646,0.4883953332901001,-0.5046179890632629,1
0.505202054977417,0.14138999581336975,0.36686334013938904,0.5192134976387024,-0.4884939193725586,0.48884621262550354,-0.502812385559082,0.4652748107910156,0.14055900275707245,0.019978148862719536,0,0.5001041889190674,0.14141373336315155,0.34795087575912476,0.5181381702423096,-0.4880615174770355,0.48866117000579834,-0.5045185089111328,1
0.5048232674598694,0.14139969646930695,0.3644697964191437,0.5188172459602356,-0.4887518882751465,0.48910096287727356,-0.5027230978012085,0.4652748107910156,0.14055900275707245,0.019978148862719536,0,0.49959543347358704,0.14141465723514557,0.3455747663974762,0.5177285075187683,-0.488333135843277,0.48892685770988464,-0.5044187903404236,1
0.5044295787811279,0.14140835404396057,0.3620789051055908,0.5184198021888733,-0.4890107810497284,0.4893561601638794,-0.5026328563690186,0.4652748107910156,0.14055900275707245,0.019978148862719536,0,0.4990729093551636,0.14141464233398438,0.34320470690727234,0.517318606376648,-0.48860493302345276,0.4891921579837799,-0.50431889295578,1
0.5040211081504822,0.1414160579442978,0.3596903681755066,0.5180209279060364,-0.48927080631256104,0.48961231112480164,-0.5025416612625122,0.4652748107910156,0.14055900275707245,0.019978148862719536,0,0.4985365867614746,0.14141365885734558,0.34084051847457886,0.516908586025238,-0.4888765215873718,0.48945701122283936,-0.504219114780426,1
0.5035977363586426,0.14142271876335144,0.35730522871017456,0.5176212191581726,-0.4895315170288086,0.4898685812950134,-0.5024498701095581,0.4652748107910156,0.14055900275707245,0.019978148862719536,0,0.4979865252971649,0.14141173660755157,0.3384820818901062,0.516498327255249,-0.48914840817451477,0.4897216558456421,-0.5041189789772034,1
0.503159761428833,0.1414284110069275,0.35492339730262756,0.5172204971313477,-0.4897933900356293,0.4901254177093506,-0.5023568868637085,0.4652748107910156,0.14055900275707245,0.019978148862719536,0,0.49742281436920166,0.14140887558460236,0.33613017201423645,0.5160881876945496,-0.4894199073314667,0.4899856746196747,-0.5040188431739807,1
0.5027071833610535,0.14143311977386475,0.3525455892086029,0.5168190002441406,-0.49005553126335144,0.49038225412368774,-0.5022637248039246,0.4652748107910156,0.14055900275707245,0.019978148862719536,0,0.49684545397758484,0.14140504598617554,0.3337840735912323,0.5156775116920471,-0.48969167470932007,0.4902495741844177,-0.5039187073707581,1
0.5022402405738831,0.14143683016300201,0.35017114877700806,0.5164162516593933,-0.49031862616539,0.4906398057937622,-0.502169668674469,0.4652748107910156,0.14055900275707245,0.019978148862719536,0,0.49625450372695923,0.1414000689983368,0.33144429326057434,0.5152667164802551,-0.48996326327323914,0.49051302671432495,-0.5038185715675354,1
0.5017588138580322,0.1414397656917572,0.3478015959262848,0.5160132646560669,-0.490582138299942,0.490896999835968,-0.5020751357078552,0.4652748107910156,0.14055900275707245,0.019978148862719536,0,0.4956497251987457,0.14139430224895477,0.3291110396385193,0.5148557424545288,-0.4902348220348358,0.4907759726047516,-0.5037183165550232,1
0.5012629628181458,0.14144150912761688,0.3454362750053406,0.5156092643737793,-0.4908461570739746,0.49115458130836487,-0.5019803047180176,0.4652748107910156,0.14055900275707245,0.019978148862719536,0,0.4950317144393921,0.14138759672641754,0.3267838954925537,0.5144447684288025,-0.4905065596103668,0.4910386800765991,-0.5036178827285767,1
0.5007529854774475,0.14144250750541687,0.34307587146759033,0.5152052044868469,-0.49111026525497437,0.4914117753505707,-0.5018851161003113,0.4652748107910156,0.14055900275707245,0.019978148862719536,0,0.49440014362335205,0.14137999713420868,0.32446345686912537,0.5140336155891418,-0.4907781183719635,0.4913007915019989,-0.5035174489021301,1
0.500228762626648,0.14144232869148254,0.34072035551071167,0.5148000717163086,-0.4913749098777771,0.49166926741600037,-0.5017896890640259,0.4652748107910156,0.14055900275707245,0.019978148862719536,0,0.4937549829483032,0.14137135446071625,0.3221496045589447,0.5136222243309021,-0.49104955792427063,0.4915628433227539,-0.5034167766571045,1
0.499690443277359,0.14144131541252136,0.33837005496025085,0.5143948197364807,-0.4916398525238037,0.4919265806674957,-0.5016935467720032,0.4652748107910156,0.14055900275707245,0.019978148862719536,0,0.49309664964675903,0.141361802816391,0.31984224915504456,0.513210654258728,-0.4913212060928345,0.49182429909706116,-0.5033160448074341,1
0.4991382956504822,0.14143918454647064,0.3360251486301422,0.5139890909194946,-0.4919048547744751,0.4921835958957672,-0.5015974044799805,0.4652748107910156,0.14055900275707245,0.019978148862719536,0,0.4924249053001404,0.14135129749774933,0.3175417184829712,0.5127989649772644,-0.49159279465675354,0.4920853078365326,-0.5032154321670532,1
0.4985720217227936,0.14143630862236023,0.33368608355522156,0.5135830640792847,-0.4921700954437256,0.4924403727054596,-0.501501202583313,0.4652748107910156,0.14055900275707245,0.019978148862719536,0,0.4917398691177368,0.14133983850479126,0.31524813175201416,0.5123870372772217,-0.49186426401138306,0.49234604835510254,-0.5031147003173828,1
0.49799206852912903,0.14143240451812744,0.33135223388671875,0.5131766200065613,-0.4924357831478119,0.492697149515152,-0.501404345035553,0.4652748107910156,0.14055900275707245,0.019978148862719536,0,0.4910416305065155,0.14132724702358246,0.3129611313343048,0.5119748711585999,-0.49213576316833496,0.49260666966438293,-0.5030136704444885,1
0.49739816784858704,0.14142756164073944,0.32902443408966064,0.5127698183059692,-0.49270129203796387,0.49295365810394287,-0.5013074278831482,0.4652748107910156,0.14055900275707245,0.019978148862719536,0,0.49033015966415405,0.14131388068199158,0.3106813430786133,0.5115624666213989,-0.49240726232528687,0.49286678433418274,-0.5029126405715942,1
0.49679073691368103,0.14142179489135742,0.3267022967338562,0.512362539768219,-0.49296724796295166,0.4932100176811218,-0.5012102723121643,0.4652748107910156,0.14055900275707245,0.019978148862719536,0,0.48960554599761963,0.1412995606660843,0.30840829014778137,0.5111500024795532,-0.4926789104938507,0.49312639236450195,-0.5028115510940552,1
0.4961695075035095,0.1414148211479187,0.32438668608665466,0.511955201625824,-0.4932330250740051,0.49346572160720825,-0.5011132955551147,0.4652748107910156,0.14055900275707245,0.019978148862719536,0,0.48886770009994507,0.1412842869758606,0.30614274740219116,0.5107374787330627,-0.492950439453125,0.4933856427669525,-0.5027103424072266,1
0.4955347180366516,0.14140711724758148,0.32207685708999634,0.5115474462509155,-0.4934990704059601,0.49372151494026184,-0.501015841960907,0.4652748107910156,0.14055900275707245,0.019978148862719536,0,0.48811691999435425,0.14126808941364288,0.303884357213974,0.5103245973587036,-0.49322178959846497,0.49364447593688965,-0.5026091933250427,1
0.49488627910614014,0.14139840006828308,0.3197736144065857,0.5111395120620728,-0.49376511573791504,0.4939769208431244,-0.5009182691574097,0.4652748107910156,0.14055900275707245,0.019978148862719536,0,0.48735305666923523,0.14125093817710876,0.3016331195831299,0.5099117159843445,-0.49349334836006165,0.49390292167663574,-0.5025078058242798,1
0.4942244291305542,0.14138877391815186,0.3174768090248108,0.5107313394546509,-0.4940311312675476,0.49423202872276306,-0.5008205771446228,0.4652748107910156,0.14055900275707245,0.019978148862719536,0,0.486576110124588,0.14123278856277466,0.29938945174217224,0.509498655796051,-0.49376481771469116,0.49416106939315796,-0.5024064183235168,1
0.49354931712150574,0.14137816429138184,0.31518661975860596,0.5103231072425842,-0.49429717659950256,0.49448665976524353,-0.5007228851318359,0.4652748107910156,0.14055900275707245,0.019978148862719536,0,0.48578640818595886,0.1412135362625122,0.2971532642841339,0.5090852975845337,-0.4940360188484192,0.49441900849342346,-0.5023049712181091,1
0.4928607940673828,0.1413666009902954,0.31290316581726074,0.5099146366119385,-0.4945632815361023,0.4947411119937897,-0.5006250739097595,0.4652748107910156,0.14055900275707245,0.019978148862719536,0,0.48498380184173584,0.14119353890419006,0.29492440819740295,0.5086719393730164,-0.4943074584007263,0.49467623233795166,-0.5022035241127014,1
0.49215877056121826,0.14135411381721497,0.3106265664100647,0.5095059275627136,-0.49482935667037964,0.4949950575828552,-0.5005271434783936,0.4652748107910156,0.14055900275707245,0.019978148862719536,0,0.48416846990585327,0.1411725878715515,0.29270341992378235,0.5082582831382751,-0.4945787787437439,0.494933158159256,-0.5021019577980042,1
0.49144360423088074,0.14134064316749573,0.3083570897579193,0.5090972185134888,-0.4950954020023346,0.4952487051486969,-0.5004291534423828,0.4652748107910156,0.14055900275707245,0.019978148862719536,0,0.4833403527736664,0.14115066826343536,0.29048973321914673,0.5078445076942444,-0.4948502779006958,0.49518993496894836,-0.502000093460083,1
0.4907154142856598,0.14132623374462128,0.30609452724456787,0.5086880922317505,-0.4953615069389343,0.495501846075058,-0.5003312230110168,0.4652748107910156,0.14055900275707245,0.019978148862719536,0,0.48249945044517517,0.1411278247833252,0.28828415274620056,0.5074304938316345,-0.4951217770576477,0.4954460859298706,-0.5018981695175171,1
0.48997408151626587,0.1413106769323349,0.3038385808467865,0.5082785487174988,-0.4956275224685669,0.495755136013031,-0.5002330541610718,0.4652748107910156,0.14055900275707245,0.019978148862719536,0,0.4816458225250244,0.14110402762889862,0.28608646988868713,0.5070163607597351,-0.4953930079936981,0.49570196866989136,-0.5017963647842407,1
0.4892197251319885,0.14129438996315002,0.3015903830528259,0.507869303226471,-0.4958934187889099,0.49600741267204285,-0.5001350045204163,0.4652748107910156,0.14055900275707245,0.019978148862719536,0,0.48077961802482605,0.14107927680015564,0.28389620780944824,0.5066018104553223,-0.4956648051738739,0.4959576725959778,-0.5016941428184509,1
0.48845213651657104,0.14127711951732635,0.29934924840927124,0.5074597001075745,-0.49615952372550964,0.4962596297264099,-0.5000365972518921,0.4652748107910156,0.14055900275707245,0.019978148862719536,0,0.47990092635154724,0.14105342328548431,0.2817144989967346,0.5061873197555542,-0.49593567848205566,0.4962129294872284,-0.5015921592712402,1
0.4876716434955597,0.14125891029834747,0.2971157133579254,0.5070502161979675,-0.4964253902435303,0.4965113401412964,-0.4999382793903351,0.4652748107910156,0.14055900275707245,0.019978148862719536,0,0.47900962829589844,0.1410268098115921,0.2795405983924866,0.5057726502418518,-0.49620717763900757,0.4964677393436432,-0.5014898777008057,1
0.4868784248828888,0.14123976230621338,0.2948896288871765,0.5066404938697815,-0.4966912865638733,0.4967624843120575,-0.49984002113342285,0.4652748107910156,0.14055900275707245,0.019978148862719536,0,0.47810593247413635,0.14099924266338348,0.2773750424385071,0.5053580403327942,-0.496478408575058,0.49672195315361023,-0.5013877153396606,1
0.4860724210739136,0.14121969044208527,0.29267123341560364,0.5062307119369507,-0.49695685505867004,0.4970133602619171,-0.49974188208580017,0.4652748107910156,0.14055900275707245,0.019978148862719536,0,0.477189838886261,0.14097073674201965,0.2752176523208618,0.5049429535865784,-0.4967496991157532,0.4969760477542877,-0.5012854337692261,1
0.48525357246398926,0.14119865000247955,0.29046040773391724,0.5058208107948303,-0.49722257256507874,0.49726369976997375,-0.49964362382888794,0.4652748107910156,0.14055900275707245,0.019978148862719536,0,0.4762614667415619,0.1409413069486618,0.27306872606277466,0.5045280456542969,-0.49702081084251404,0.49722957611083984,-0.5011829733848572,1
0.48442205786705017,0.14117667078971863,0.2882575988769531,0.5054109692573547,-0.49748796224594116,0.49751365184783936,-0.49954527616500854,0.4652748107910156,0.14055900275707245,0.019978148862719536,0,0.47532087564468384,0.14091095328330994,0.27092787623405457,0.504112720489502,-0.4972922205924988,0.4974828064441681,-0.5010804533958435,1
0.4835779368877411,0.1411537528038025,0.28606224060058594,0.5050007700920105,-0.49775373935699463,0.49776333570480347,-0.4994467496871948,0.4652748107910156,0.14055900275707245,0.019978148862719536,0,0.4743678569793701,0.14087960124015808,0.26879581809043884,0.5036971569061279,-0.4975634515285492,0.49773573875427246,-0.5009778738021851,1
0.48272114992141724,0.14112989604473114,0.2838749289512634,0.5045903921127319,-0.49801918864250183,0.49801260232925415,-0.49934840202331543,0.4652748107910156,0.14055900275707245,0.019978148862719536,0,0.47340279817581177,0.14084720611572266,0.26667189598083496,0.5032813549041748,-0.4978347718715668,0.49798837304115295,-0.5008751749992371,1
0.48185181617736816,0.14110510051250458,0.2816956043243408,0.5041801333427429,-0.49828457832336426,0.498261421918869,-0.4992498457431793,0.4652748107910156,0.14055900275707245,0.019978148862719536,0,0.472425639629364,0.14081402122974396,0.26455679535865784,0.5028655529022217,-0.49810585379600525,0.49824047088623047,-0.5007725954055786,1
0.4809699058532715,0.1410793513059616,0.27952438592910767,0.5037696361541748,-0.4985499978065491,0.49850982427597046,-0.49915120005607605,0.4652748107910156,0.14055900275707245,0.019978148862719536,0,0.47143620252609253,0.14077991247177124,0.2624503970146179,0.5024494528770447,-0.4983772337436676,0.4984923005104065,-0.500669538974762,1
0.48007556796073914,0.14105267822742462,0.27736136317253113,0.5033589005470276,-0.4988153278827667,0.4987577795982361,-0.4990527927875519,0.4652748107910156,0.14055900275707245,0.019978148862719536,0,0.47043508291244507,0.1407448649406433,0.26035264134407043,0.5020334720611572,-0.49864840507507324,0.4987436830997467,-0.5005665421485901,1
0.47916918992996216,0.14102508127689362,0.27520647644996643,0.5029484033584595,-0.4990803301334381,0.4990052282810211,-0.4989542067050934,0.4652748107910156,0.14055900275707245,0.019978148862719536,0,0.46942174434661865,0.14070889353752136,0.25826388597488403,0.5016170740127563,-0.49891960620880127,0.49899473786354065,-0.500463604927063,1
0.4782503843307495,0.1409965455532074,0.2730599641799927,0.5025376677513123,-0.4993455410003662,0.4992522597312927,-0.4988556504249573,0.4652748107910156,0.14055900275707245,0.019978148862719536,0,0.4683966338634491,0.1406719982624054,0.25618410110473633,0.5012007355690002,-0.49919068813323975,0.49924522638320923,-0.5003605484962463,1
0.4773193299770355,0.14096708595752716,0.2709219455718994,0.5021268129348755,-0.4996104836463928,0.4994989335536957,-0.49875718355178833,0.4652748107910156,0.14055900275707245,0.019978148862719536,0,0.4673596918582916,0.14063416421413422,0.2541128993034363,0.5007839202880859,-0.4994620382785797,0.4994955360889435,-0.500257134437561,1
0.47637611627578735,0.1409367173910141,0.26879242062568665,0.5017159581184387,-0.4998753070831299,0.49974504113197327,-0.4986586570739746,0.4652748107910156,0.14055900275707245,0.019978148862719536,0,0.4663110375404358,0.1405954509973526,0.25205111503601074,0.5003671646118164,-0.4997331202030182,0.49974536895751953,-0.5001540780067444,1
0.4754207730293274,0.14090539515018463,0.26667144894599915,0.5013050436973572,-0.5001401901245117,0.499990850687027,-0.49855998158454895,0.4652748107910156,0.14055900275707245,0.019978148862719536,0,0.46525079011917114,0.14055559039115906,0.24999825656414032,0.49995020031929016,-0.5000041127204895,0.49999508261680603,-0.5000506043434143,1
0.474453330039978,0.14087314903736115,0.2645590305328369,0.5008938312530518,-0.5004048943519592,0.5002361536026001,-0.4984615743160248,0.4652748107910156,0.14055900275707245,0.019978148862719536,1,0.474453330039978,0.14087314903736115,0.2645590305328369,0.5008938312530518,-0.5004048943519592,0.5002361536026001,-0.4984615743160248,0
0.47395920753479004,0.14084815979003906,0.2631756067276001,0.5002965927124023,-0.5010064244270325,0.5007447004318237,-0.49794626235961914,0.4652748107910156,0.14055900275707245,0.019978148862719536,1,0.474453330039978,0.14087314903736115,0.2645590305328369,0.5008938312530518,-0.5004048943519592,0.5002361536026001,-0.4984615743160248,0
0.47392505407333374,0.1408538520336151,0.2625335454940796,0.4998578429222107,-0.5014508962631226,0.5011284947395325,-0.4975533187389374,0.4652748107910156,0.14055900275707245,0.019978148862719536,1,0.474453330039978,0.14087314903736115,0.2645590305328369,0.5008938312530518,-0.5004048943519592,0.5002361536026001,-0.4984615743160248,0
0.4739546477794647,0.14085164666175842,0.2621605694293976,0.4996007978916168,-0.5017019510269165,0.5013545155525208,-0.4973306357860565,0.4652748107910156,0.14055900275707245,0.019978148862719536,1,0.474453330039978,0.14087314903736115,0.2645590305328369,0.5008938312530518,-0.5004048943519592,0.5002361536026001,-0.4984615743160248,0
0.4739879369735718,0.14084933698177338,0.26189133524894714,0.49941444396972656,-0.5018823742866516,0.5015184879302979,-0.49717050790786743,0.4652748107910156,0.14055900275707245,0.019978148862719536,1,0.474453330039978,0.14087314903736115,0.2645590305328369,0.5008938312530518,-0.5004048943519592,0.5002361536026001,-0.4984615743160248,0
0.4740186333656311,0.1408482939004898,0.2616724967956543,0.49926289916038513,-0.5020293593406677,0.5016518831253052,-0.4970396161079407,0.4652748107910156,0.14055900275707245,0.019978148862719536,1,0.474453330039978,0.14087314903736115,0.2645590305328369,0.5008938312530518,-0.5004048943519592,0.5002361536026001,-0.4984615743160248,0
0.47404608130455017,0.14084811508655548,0.26148372888565063,0.49913251399993896,-0.5021564960479736,0.5017665028572083,-0.4969263970851898,0.4652748107910156,0.14055900275707245,0.019978148862719536,1,0.474453330039978,0.14087314903736115,0.2645590305328369,0.5008938312530518,-0.5004048943519592,0.5002361536026001,-0.4984615743160248,0
0.47407183051109314,0.14084529876708984,0.2613207697868347,0.49901604652404785,-0.5022674202919006,0.5018649697303772,-0.4968319535255432,0.465182900428772,0.14113272726535797,0.020217610523104668,1,0.474453330039978,0.14087314903736115,0.2645590305328369,0.5008938312530518,-0.5004048943519592,0.5002361536026001,-0.4984615743160248,0
0.47409430146217346,0.1408451646566391,0.2611745595932007,0.49891480803489685,-0.5023659467697144,0.5019539594650269,-0.4967440366744995,0.4650963842868805,0.1414458304643631,0.020340481773018837,1,0.47409430146217346,0.1408451646566391,0.2611745595932007,0.49891480803489685,-0.5023659467697144,0.5019539594650269,-0.4967440366744995,0
0.47408270835876465,0.14084874093532562,0.2608484923839569,0.49872371554374695,-0.5025594830513,0.5021200180053711,-0.4965721666812897,0.46491384506225586,0.14133839309215546,0.020043853670358658,1,0.48103564977645874,0.1409870982170105,0.26822271943092346,0.5034885406494141,-0.4992615282535553,0.4990859627723694,-0.4981469511985779,0
0.4745778739452362,0.14088940620422363,0.26085323095321655,0.4987371563911438,-0.5027242302894592,0.5022034049034119,-0.49630773067474365,0.4652356803417206,0.14124371111392975,0.01998794823884964,1,0.487833172082901,0.1411108821630478,0.27536001801490784,0.5080409049987793,-0.49615365266799927,0.496173232793808,-0.49953773617744446,0
0.47566449642181396,0.14094117283821106,0.2613998353481293,0.49910327792167664,-0.5026661157608032,0.5020824074745178,-0.49612075090408325,0.46631506085395813,0.14124451577663422,0.020433109253644943,1,0.4944847524166107,0.1412164717912674,0.28258317708969116,0.5125709772109985,-0.49304303526878357,0.49321648478507996,-0.5009161233901978,0
0.4773316979408264,0.1409987360239029,0.2625517249107361,0.4998635947704315,-0.5023244023323059,0.5017113089561462,-0.4960769712924957,0.46830904483795166,0.1413678377866745,0.021366147324442863,1,0.5009887218475342,0.14130383729934692,0.28989022970199585,0.5170789361000061,-0.4899289011955261,0.4902155101299286,-0.5022826194763184,0
0.4795346260070801,0.14106111228466034,0.264305979013443,0.5010135173797607,-0.5016916990280151,0.501082181930542,-0.4961928427219391,0.4711141586303711,0.14158661663532257,0.02286689169704914,1,0.5073428750038147,0.14137353003025055,0.29727739095687866,0.521563708782196,-0.4868120849132538,0.4871704876422882,-0.5036367774009705,0
0.4822167158126831,0.14112763106822968,0.2666296362876892,0.5025275349617004,-0.5007839202880859,0.5002049803733826,-0.4964638352394104,0.47465619444847107,0.141887366771698,0.02491873875260353,1,0.5135455131530762,0.14142559468746185,0.30474281311035156,0.5260260701179504,-0.4836921691894531,0.48408108949661255,-0.5049790740013123,0
0.4853200912475586,0.1411963254213333,0.2694797217845917,0.5043720602989197,-0.49962344765663147,0.49909719824790955,-0.4968772530555725,0.47885650396347046,0.14227207005023956,0.027485543861985207,1,0.5195946097373962,0.14145994186401367,0.3122823238372803,0.5304644703865051,-0.4805698096752167,0.48094841837882996,-0.5063088536262512,0
0.4887881278991699,0.14126567542552948,0.27281129360198975,0.5065115094184875,-0.49823689460754395,0.4977779984474182,-0.49741628766059875,0.48363637924194336,0.14272205531597137,0.030530909076333046,1,0.5254887342453003,0.14147715270519257,0.3198941946029663,0.5348792672157288,-0.4774448275566101,0.4777716398239136,-0.5076266527175903,0
0.49256631731987,0.14133378863334656,0.2765796184539795,0.5089107155799866,-0.496650367975235,0.49626678228378296,-0.4980637729167938,0.48891785740852356,0.1432247906923294,0.03401657193899155,1,0.5312259197235107,0.1414773166179657,0.3275740146636963,0.5392693877220154,-0.4743178188800812,0.4745517075061798,-0.5089318752288818,0
0.496593177318573,0.1413978636264801,0.2807275354862213,0.5115269422531128,-0.4948977828025818,0.4945908784866333,-0.4987947940826416,0.49460864067077637,0.14376311004161835,0.037891238927841187,1,0.5368046760559082,0.1414603739976883,0.3353201448917389,0.5436353087425232,-0.4711880385875702,0.47128838300704956,-0.5102251172065735,0
0.5008265972137451,0.141456738114357,0.2852177023887634,0.5143306255340576,-0.4930015206336975,0.49276673793792725,-0.4995942711830139,0.5006459951400757,0.14433901011943817,0.04212457686662674,1,0.5422234535217285,0.1414269655942917,0.343128502368927,0.5479758977890015,-0.46805644035339355,0.4679817855358124,-0.5115060806274414,0
0.5052290558815002,0.14150920510292053,0.2900215685367584,0.5172987580299377,-0.4909777045249939,0.49080583453178406,-0.5004521608352661,0.5069621205329895,0.1449476033449173,0.04674849286675453,1,0.5474807620048523,0.14137713611125946,0.35099637508392334,0.5522914528846741,-0.4649227559566498,0.4646320641040802,-0.512774646282196,0
0.5097664594650269,0.14155420660972595,0.2951139807701111,0.5204111933708191,-0.48884066939353943,0.4887183606624603,-0.5013594627380371,0.5135421752929688,0.1455872803926468,0.051633868366479874,1,0.5525752305984497,0.14131084084510803,0.3589203953742981,0.5565811991691589,-0.46178725361824036,0.461239755153656,-0.5140308737754822,0
0.5144078135490417,0.14159052073955536,0.3004734516143799,0.5236501097679138,-0.4866020679473877,0.4865123927593231,-0.5023093223571777,0.5203329920768738,0.14624786376953125,0.05679436773061752,1,0.5575050115585327,0.1412288248538971,0.3668981194496155,0.5608450770378113,-0.45865002274513245,0.45780429244041443,-0.5152748823165894,0
0.5191254615783691,0.14161716401576996,0.30607903003692627,0.526999294757843,-0.4842727780342102,0.4841955602169037,-0.503295361995697,0.5272657871246338,0.14690902829170227,0.06229189410805702,1,0.5622692108154297,0.14113107323646545,0.37492549419403076,0.5650823712348938,-0.4555113613605499,0.45432648062705994,-0.5165063142776489,0
0.5238935351371765,0.1416335552930832,0.3119136691093445,0.5304450392723083,-0.4818620979785919,0.48177412152290344,-0.5043118596076965,0.5343475341796875,0.14758893847465515,0.06801345199346542,1,0.5668666362762451,0.1410176306962967,0.38299959897994995,0.5692927837371826,-0.4523709714412689,0.45080626010894775,-0.5177256464958191,0
0.5286893844604492,0.1416386067867279,0.31796008348464966,0.5339741706848145,-0.47937846183776855,0.47925448417663574,-0.5053542256355286,0.5415365695953369,0.1482858508825302,0.0739668533205986,1,0.5712958574295044,0.14088918268680573,0.3911173939704895,0.5734763741493225,-0.44922935962677,0.44724375009536743,-0.5189324021339417,0
0.5334917306900024,0.14163202047348022,0.3242029547691345,0.5375751852989197,-0.4768297076225281,0.4766418933868408,-0.5064175128936768,0.5487673878669739,0.14896565675735474,0.0802081972360611,1,0.5755558013916016,0.14074578881263733,0.3992757797241211,0.5776322484016418,-0.4460865259170532,0.44363903999328613,-0.5201270580291748,0
0.5382817983627319,0.14161303639411926,0.3306289315223694,0.5412380695343018,-0.4742221236228943,0.473940908908844,-0.5074985027313232,0.5560640692710876,0.14966131746768951,0.08663855493068695,1,0.5796454548835754,0.14058774709701538,0.40747079253196716,0.5817604064941406,-0.44294264912605286,0.43999260663986206,-0.5213088989257812,0
0.5430424809455872,0.14158137142658234,0.33722394704818726,0.5449532270431519,-0.4715622067451477,0.47115591168403625,-0.5085932612419128,0.5633918642997742,0.15035319328308105,0.09326404333114624,1,0.5835639834403992,0.14041511714458466,0.41569966077804565,0.5858603119850159,-0.4397977888584137,0.43630450963974,-0.5224786996841431,0
0.5477583408355713,0.1415366232395172,0.3439762592315674,0.5487126111984253,-0.46885496377944946,0.46829092502593994,-0.5096989870071411,0.5707166194915771,0.15103861689567566,0.10009320080280304,1,0.5873103141784668,0.14022859930992126,0.42395853996276855,0.5899314284324646,-0.4366524815559387,0.4325753152370453,-0.5236353874206543,0
0.5524151921272278,0.14147859811782837,0.3508744239807129,0.5525084137916565,-0.46610555052757263,0.4653495252132416,-0.5108128190040588,0.5780328512191772,0.15174995362758636,0.10712197422981262,1,0.5908834934234619,0.1400282382965088,0.4322448968887329,0.5939738154411316,-0.433506041765213,0.4288043677806854,-0.5247802138328552,0
0.5570008754730225,0.14140696823596954,0.35790836811065674,0.5563344955444336,-0.4633178412914276,0.46233445405960083,-0.511932909488678,0.5852875113487244,0.15241095423698425,0.11433803290128708,1,0.594282865524292,0.13981416821479797,0.44055473804473877,0.5979868173599243,-0.4303593039512634,0.42499274015426636,-0.5259121656417847,0
0.5615037083625793,0.14132152497768402,0.3650672733783722,0.5601838827133179,-0.4604964554309845,0.45924943685531616,-0.5130564570426941,0.5924801230430603,0.15304698050022125,0.12172623723745346,1,0.5975078344345093,0.13958711922168732,0.44888484477996826,0.6019701957702637,-0.4272122383117676,0.4211399257183075,-0.5270318388938904,0
0.5659136772155762,0.14122223854064941,0.37234213948249817,0.5640517473220825,-0.45764434337615967,0.4560965597629547,-0.5141820907592773,0.5996145606040955,0.15368324518203735,0.12926936149597168,1,0.6005575060844421,0.13934718072414398,0.4572318494319916,0.6059237122535706,-0.42406490445137024,0.41724637150764465,-0.5281389355659485,0
0.5702211856842041,0.14110928773880005,0.37972474098205566,0.5679330825805664,-0.45476463437080383,0.4528782069683075,-0.5153080224990845,0.6066461205482483,0.1543050855398178,0.13698993623256683,1,0.603431224822998,0.13909439742565155,0.4655928611755371,0.6098469495773315,-0.4209170937538147,0.4133124053478241,-0.5292335748672485,0
0.5744182467460632,0.14098238945007324,0.387206107378006,0.5718234181404114,-0.45186010003089905,0.4495967626571655,-0.5164330005645752,0.6136152148246765,0.15492956340312958,0.14483077824115753,1,0.6061285138130188,0.13882988691329956,0.47396382689476013,0.613739550113678,-0.41776978969573975,0.40933799743652344,-0.5303153395652771,0
0.5784974098205566,0.14084170758724213,0.39477837085723877,0.5757184028625488,-0.4489336311817169,0.4462544620037079,-0.5175555348396301,0.6204956769943237,0.1555442214012146,0.15279501676559448,1,0.6086492538452148,0.13855312764644623,0.4823415279388428,0.6176009774208069,-0.41462260484695435,0.40532368421554565,-0.5313848257064819,0
0.5824517011642456,0.14068728685379028,0.40243449807167053,0.57961505651474,-0.4459870755672455,0.442852646112442,-0.5186747312545776,0.627261221408844,0.15614382922649384,0.16088980436325073,1,0.6109927892684937,0.13826455175876617,0.4907224178314209,0.6214309930801392,-0.4114754796028137,0.4012696444988251,-0.5324416160583496,0
0.586275041103363,0.1405191719532013,0.4101671576499939,0.5835094451904297,-0.44302257895469666,0.4393934905529022,-0.519789457321167,0.6339027881622314,0.15672774612903595,0.1691080927848816,1,0.6131589412689209,0.13796491920948029,0.49910324811935425,0.6252294778823853,-0.4083288013935089,0.3971758782863617,-0.5334855914115906,0
0.5899621844291687,0.14033757150173187,0.41796934604644775,0.5873990654945374,-0.44004201889038086,0.43587836623191833,-0.5208986401557922,0.6404135823249817,0.15729600191116333,0.17744216322898865,1,0.6151471734046936,0.13765428960323334,0.507480800151825,0.628995954990387,-0.40518271923065186,0.39304259419441223,-0.5345171689987183,0
0.5935081839561462,0.14014269411563873,0.4258347749710083,0.5912810564041138,-0.4370470941066742,0.4323086738586426,-0.5220017433166504,0.6467874050140381,0.15784849226474762,0.18588462471961975,1,0.6169577836990356,0.13733284175395966,0.5158511400222778,0.6327297687530518,-0.402037113904953,0.3888704478740692,-0.5355361700057983,0
0.5969083905220032,0.1399347484111786,0.433757483959198,0.5951527953147888,-0.4340391159057617,0.4286857545375824,-0.5230979919433594,0.6530184149742126,0.15838523209095,0.19442862272262573,1,0.618590235710144,0.13700135052204132,0.5242109894752502,0.6364309191703796,-0.39889270067214966,0.3846593499183655,-0.5365419983863831,0
0.6001590490341187,0.1397138237953186,0.4417313039302826,0.5990123748779297,-0.43101951479911804,0.4250107407569885,-0.5241870880126953,0.6591013073921204,0.1589062511920929,0.20306764543056488,1,0.6200448274612427,0.13665996491909027,0.5325570702552795,0.6400992274284363,-0.39574891328811646,0.38040968775749207,-0.5375353693962097,0
0.6032565832138062,0.13948020339012146,0.4497506022453308,0.6028576493263245,-0.4279894232749939,0.421284943819046,-0.5252681970596313,0.6650310754776001,0.15941153466701508,0.21179547905921936,1,0.6213952302932739,0.13628660142421722,0.5414060354232788,0.6439602375030518,-0.39240962266921997,0.37585198879241943,-0.5385768413543701,0
0.6062169671058655,0.1392349898815155,0.45784375071525574,0.6067029237747192,-0.42494237422943115,0.41749492287635803,-0.5263397097587585,0.6708300113677979,0.15990586578845978,0.2206418216228485,1,0.6225446462631226,0.13590285181999207,0.5502315759658813,0.6477831602096558,-0.3890717327594757,0.37125104665756226,-0.5396041870117188,0
0.6090337038040161,0.13897661864757538,0.4660138487815857,0.6105507612228394,-0.42187178134918213,0.4136357009410858,-0.5274063944816589,0.6764975786209106,0.16038738191127777,0.22961203753948212,1,0.6234936118125916,0.13550913333892822,0.5590294599533081,0.6515675783157349,-0.3857353925704956,0.36660751700401306,-0.5406169891357422,0
0.6116991639137268,0.13870355486869812,0.47425585985183716,0.6143978238105774,-0.4187767803668976,0.4097076654434204,-0.5284703373908997,0.6820253729820251,0.16085505485534668,0.23870129883289337,1,0.6242421865463257,0.1351061463356018,0.5677952170372009,0.6553131937980652,-0.3824008107185364,0.3619213104248047,-0.54161536693573,0
0.6142061352729797,0.1384168118238449,0.4825620949268341,0.6182417869567871,-0.41565951704978943,0.4057115614414215,-0.5295302271842957,0.6874043941497803,0.1613083928823471,0.247902050614357,1,0.6247910261154175,0.13469378650188446,0.5765254497528076,0.6590195298194885,-0.3790678381919861,0.3571929633617401,-0.5425992608070374,0
0.6165494322776794,0.13811632990837097,0.4909244775772095,0.6220791339874268,-0.41252124309539795,0.4016494154930115,-0.5305860638618469,0.6926262974739075,0.16174732148647308,0.25720593333244324,1,0.6251404881477356,0.13427279889583588,0.5852150917053223,0.6626859307289124,-0.37573713064193726,0.35242292284965515,-0.5435686707496643,0
0.6187232136726379,0.13780269026756287,0.4993344843387604,0.6259064078330994,-0.4093647599220276,0.39752310514450073,-0.5316362380981445,0.697683572769165,0.16217169165611267,0.26660436391830444,1,0.6252907514572144,0.1338437795639038,0.59386146068573,0.6663128137588501,-0.3724082112312317,0.3476107120513916,-0.5445237755775452,0
0.6207238435745239,0.13747647404670715,0.507784366607666,0.6297211647033691,-0.40619122982025146,0.3933343291282654,-0.5326800346374512,0.7025694847106934,0.16258151829242706,0.27608877420425415,1,0.625243067741394,0.13340675830841064,0.6024593114852905,0.669899046421051,-0.3690817356109619,0.34275755286216736,-0.5454642176628113,0
0.6225470900535583,0.13713786005973816,0.5162659883499146,0.6335199475288391,-0.4030035734176636,0.3890850841999054,-0.53371661901474,0.7072779536247253,0.16297686100006104,0.28565096855163574,1,0.6249979138374329,0.13296234607696533,0.6110051870346069,0.6734445095062256,-0.36575746536254883,0.3378632664680481,-0.5463902354240417,0
0.6241899728775024,0.13678745925426483,0.5247719883918762,0.6373011469841003,-0.39980244636535645,0.3847764730453491,-0.5347449779510498,0.711803674697876,0.16335782408714294,0.2952829599380493,1,0.6245562434196472,0.13251104950904846,0.6194945573806763,0.6769487857818604,-0.36243611574172974,0.33292868733406067,-0.5473013520240784,0
0.6256499290466309,0.13642533123493195,0.5332950353622437,0.6410617232322693,-0.3965895473957062,0.38041070103645325,-0.5357650518417358,0.7161417603492737,0.1637246012687683,0.30497708916664124,1,0.623918354511261,0.13205349445343018,0.627924382686615,0.6804116368293762,-0.3591171205043793,0.3279534876346588,-0.5481982827186584,0
0.6269243359565735,0.1360524445772171,0.5418277978897095,0.6448000073432922,-0.3933665454387665,0.3759886920452118,-0.5367757081985474,0.7202879786491394,0.1640772670507431,0.31472593545913696,1,0.6230862736701965,0.13158969581127167,0.6362892985343933,0.6838324069976807,-0.35580137372016907,0.3229384422302246,-0.5490803718566895,0
0.6280107498168945,0.1356685608625412,0.5503649115562439,0.6485139727592468,-0.3901338577270508,0.37151187658309937,-0.5377768874168396,0.7242386341094971,0.16441607475280762,0.32452231645584106,1,0.6220602989196777,0.13112027943134308,0.6445867419242859,0.6872111558914185,-0.35248827934265137,0.31788361072540283,-0.5499479174613953,0
0.6289085149765015,0.135274738073349,0.558897852897644,0.6522015333175659,-0.38689395785331726,0.3669819235801697,-0.538767397403717,0.727990448474884,0.16474133729934692,0.33435943722724915,1,0.6208417415618896,0.13064591586589813,0.6528120040893555,0.6905473470687866,-0.34917840361595154,0.31278932094573975,-0.5508008003234863,0
0.6296153664588928,0.13487106561660767,0.5674222111701965,0.6558615565299988,-0.3836466372013092,0.36239922046661377,-0.5397477149963379,0.7315405607223511,0.16505320370197296,0.34423041343688965,1,0.6194321513175964,0.1301666498184204,0.6609611511230469,0.6938403844833374,-0.3458719849586487,0.3076563775539398,-0.5516390204429626,0
0.6301306486129761,0.13445812463760376,0.5759310722351074,0.6594924330711365,-0.38039323687553406,0.3577653467655182,-0.5407166481018066,0.7348865270614624,0.16535203158855438,0.3541288375854492,1,0.617832601070404,0.12968310713768005,0.6690307259559631,0.6970900297164917,-0.34256887435913086,0.30248457193374634,-0.552462637424469,0
0.6304531097412109,0.13403622806072235,0.5844193696975708,0.6630927920341492,-0.3771345913410187,0.3530808091163635,-0.5416745543479919,0.7380261421203613,0.16563811898231506,0.3640483617782593,1,0.6161549091339111,0.12922462821006775,0.6765490770339966,0.7001086473464966,-0.33946356177330017,0.2975822389125824,-0.5532242655754089,0
0.6305753588676453,0.13360603153705597,0.592848002910614,0.6666467785835266,-0.3738793134689331,0.348363995552063,-0.5426221489906311,0.7409425973892212,0.1659083366394043,0.37394678592681885,1,0.6143115758895874,0.1287628710269928,0.6839902400970459,0.7030883431434631,-0.336361289024353,0.29264625906944275,-0.5539728999137878,0
0.6305030584335327,0.1331702023744583,0.6012055277824402,0.6701508164405823,-0.37063518166542053,0.34362152218818665,-0.5435546040534973,0.7436350584030151,0.16616500914096832,0.38380762934684753,1,0.6123040318489075,0.12829872965812683,0.6913505792617798,0.7060286998748779,-0.3332628011703491,0.2876770794391632,-0.5547082424163818,0
0.6302416324615479,0.1327299177646637,0.6094865202903748,0.6736050248146057,-0.36740413308143616,0.33885523676872253,-0.544469952583313,0.746107280254364,0.16640953719615936,0.39362451434135437,1,0.6101332902908325,0.12783223390579224,0.6986278295516968,0.7089296579360962,-0.3301674425601959,0.2826744318008423,-0.5554307103157043,0
0.6297949552536011,0.13228517770767212,0.6176891326904297,0.6770095229148865,-0.3641858398914337,0.33406534790992737,-0.5453686714172363,0.7483629584312439,0.16664263606071472,0.4033941924571991,1,0.6078011393547058,0.12736359238624573,0.7058178782463074,0.7117904424667358,-0.32707613706588745,0.27763959765434265,-0.5561400651931763,0
0.6291660070419312,0.1318361908197403,0.6258115172386169,0.6803655028343201,-0.36098000407218933,0.3292517066001892,-0.5462504029273987,0.750405490398407,0.16686475276947021,0.4131146967411041,1,0.6053085327148438,0.12689357995986938,0.712918758392334,0.7146113514900208,-0.3239881992340088,0.27257195115089417,-0.5568363666534424,0
0.6283571124076843,0.13138368725776672,0.6338528394699097,0.6836737394332886,-0.35778573155403137,0.32441312074661255,-0.5471157431602478,0.7522377967834473,0.16707630455493927,0.42278462648391724,1,0.6026576161384583,0.12642234563827515,0.7199265360832214,0.7173916101455688,-0.3209046423435211,0.26747244596481323,-0.5575193762779236,0
0.6273707151412964,0.13092714548110962,0.641811728477478,0.686934769153595,-0.35460224747657776,0.3195497393608093,-0.5479651093482971,0.7538625597953796,0.16727790236473083,0.4324027895927429,1,0.5998497605323792,0.12595002353191376,0.7268387079238892,0.7201312184333801,-0.3178249001502991,0.2623409330844879,-0.5581895112991333,0
0.6262085437774658,0.13046744465827942,0.6496877074241638,0.69014972448349,-0.35142871737480164,0.3146602511405945,-0.548798680305481,0.7552822232246399,0.16746993362903595,0.4419678747653961,1,0.5968870520591736,0.1254773736000061,0.7336516976356506,0.7228299975395203,-0.3147493600845337,0.2571783661842346,-0.5588459372520447,0
0.6248724460601807,0.13000473380088806,0.657478928565979,0.6933190226554871,-0.3482646346092224,0.3097445070743561,-0.549616813659668,0.7564989924430847,0.16765297949314117,0.4514785706996918,1,0.5937705636024475,0.12500455975532532,0.7403634190559387,0.725487470626831,-0.311678022146225,0.251984179019928,-0.5594895482063293,0
0.6233637928962708,0.12953896820545197,0.6651849746704102,0.6964434385299683,-0.3451088070869446,0.30480125546455383,-0.5504202842712402,0.7575149536132812,0.16782745718955994,0.4609333276748657,1,0.5905026197433472,0.12453193217515945,0.7469701766967773,0.7281034588813782,-0.30861127376556396,0.2467595487833023,-0.5601196885108948,0
0.6216846704483032,0.1290707290172577,0.6728035807609558,0.6995232701301575,-0.3419610857963562,0.2998304069042206,-0.5512089729309082,0.7583320140838623,0.16799385845661163,0.47033053636550903,1,0.5870850682258606,0.12405958771705627,0.7534694671630859,0.7306772470474243,-0.30554914474487305,0.24150456488132477,-0.560736894607544,0
0.6198363304138184,0.12859997153282166,0.6803337931632996,0.7025590538978577,-0.3388207256793976,0.29483139514923096,-0.5519834160804749,0.7589520215988159,0.16815264523029327,0.47966834902763367,1,0.5835195183753967,0.12358829379081726,0.7598586082458496,0.7332092523574829,-0.3024914860725403,0.23621930181980133,-0.5613406896591187,0
0.6178205013275146,0.12812753021717072,0.6877734661102295,0.7055510878562927,-0.33568719029426575,0.28980356454849243,-0.5527436137199402,0.7593767642974854,0.16830429434776306,0.48894479870796204,1,0.5798081159591675,0.12311820685863495,0.7661346793174744,0.7356988787651062,-0.29943856596946716,0.23090407252311707,-0.5619313716888428,0
0.6156386137008667,0.12765328586101532,0.6951210498809814,0.7084994316101074,-0.3325604796409607,0.28474676609039307,-0.5534900426864624,0.7596078515052795,0.1684492528438568,0.4981578290462494,1,0.5759527683258057,0.1226494237780571,0.7722950577735901,0.7381460070610046,-0.2963903248310089,0.22555944323539734,-0.562508761882782,0
0.6132926344871521,0.12717783451080322,0.7023741602897644,0.7114048600196838,-0.3294398784637451,0.27966082096099854,-0.5542222261428833,0.7596470713615417,0.16858792304992676,0.5073052048683167,1,0.5719559192657471,0.122182697057724,0.7783366441726685,0.7405502200126648,-0.29334715008735657,0.22018557786941528,-0.5630728006362915,0
0.6107839941978455,0.12670113146305084,0.7095311284065247,0.7142667770385742,-0.32632511854171753,0.27454543113708496,-0.5549409985542297,0.7594960331916809,0.16872082650661469,0.5163846611976624,1,0.5678194165229797,0.1217181384563446,0.7842570543289185,0.7429112792015076,-0.2903090715408325,0.21478308737277985,-0.5636236667633057,0
0.6081141233444214,0.12622395157814026,0.7165895104408264,0.7170857787132263,-0.32321611046791077,0.2694002389907837,-0.5556462407112122,0.7591564059257507,0.16884829103946686,0.5253937244415283,1,0.5632739663124084,0.12122715264558792,0.7904117703437805,0.7453723549842834,-0.28708693385124207,0.20901185274124146,-0.5641941428184509,0
0.6052801609039307,0.12574514746665955,0.7235734462738037,0.7198737263679504,-0.32010459899902344,0.2642061412334442,-0.5563361048698425,0.7586317658424377,0.16897323727607727,0.5343621969223022,1,0.5585758090019226,0.12073933333158493,0.7964240908622742,0.7477841973304749,-0.283870667219162,0.2032085359096527,-0.5647498369216919,0
0.6022756099700928,0.1252635419368744,0.7304853796958923,0.7226317524909973,-0.3169841170310974,0.2589569091796875,-0.5570149421691895,0.7579198479652405,0.16909420490264893,0.5432964563369751,1,0.5537282228469849,0.12025507539510727,0.8022902011871338,0.7501466274261475,-0.2806606590747833,0.19737422466278076,-0.5652901530265808,0
0.5990964770317078,0.12477938830852509,0.737322986125946,0.7253592610359192,-0.3138532042503357,0.25365138053894043,-0.5576835870742798,0.7570175528526306,0.1692110151052475,0.5521941781044006,1,0.548734188079834,0.1197749674320221,0.8080072402954102,0.7524592280387878,-0.2774571478366852,0.19150908291339874,-0.5658150911331177,0
0.59574294090271,0.12429284304380417,0.7440802454948425,0.7280542850494385,-0.31071245670318604,0.24829043447971344,-0.5583426356315613,0.7559229135513306,0.1693241000175476,0.561050295829773,1,0.5435958504676819,0.11929889768362045,0.8135730028152466,0.7547217011451721,-0.27425962686538696,0.18561306595802307,-0.5663254857063293,0
0.5922142267227173,0.1238049566745758,0.7507520318031311,0.7307157516479492,-0.3075624704360962,0.24287496507167816,-0.5589914917945862,0.7546350359916687,0.1694338470697403,0.569858193397522,1,0.5383166074752808,0.11882748454809189,0.8189842104911804,0.7569336891174316,-0.27106884121894836,0.17968717217445374,-0.566820502281189,0
0.5885122418403625,0.12331635504961014,0.7573315501213074,0.7333417534828186,-0.3044045567512512,0.2374068647623062,-0.5596298575401306,0.7531535625457764,0.16954079270362854,0.5786110162734985,1,0.5328998565673828,0.1183612272143364,0.824237585067749,0.7590950131416321,-0.2678850293159485,0.1737319529056549,-0.5673001408576965,0
0.5846380591392517,0.1228276789188385,0.7638129591941833,0.7359310388565063,-0.3012396991252899,0.23188740015029907,-0.5602573156356812,0.7514786720275879,0.16964542865753174,0.5873016119003296,1,0.5273480415344238,0.11790008097887039,0.8293312788009644,0.7612054347991943,-0.26470768451690674,0.1677474081516266,-0.5677648186683655,0
0.5805944800376892,0.12233913689851761,0.7701895833015442,0.7384819388389587,-0.2980690896511078,0.22631865739822388,-0.5608735084533691,0.749610960483551,0.1697482019662857,0.5959230065345764,1,0.5216647982597351,0.11744457483291626,0.8342622518539429,0.7632646560668945,-0.26153746247291565,0.16173428297042847,-0.5682141184806824,0
0.5763832330703735,0.12185177206993103,0.7764559984207153,0.7409930229187012,-0.29489389061927795,0.2207024097442627,-0.5614777207374573,0.7475515604019165,0.1698494255542755,0.6044684052467346,1,0.5158528089523315,0.11699499934911728,0.839028000831604,0.7652720212936401,-0.25837427377700806,0.1556926965713501,-0.5686485767364502,0
0.57200688123703,0.12136580049991608,0.7826066017150879,0.7434630990028381,-0.29171523451805115,0.21503962576389313,-0.5620700120925903,0.7453015446662903,0.16994954645633698,0.6129312515258789,1,0.5099154710769653,0.11655190587043762,0.843626081943512,0.7672280073165894,-0.25521817803382874,0.14962349832057953,-0.5690674185752869,0
0.5674685835838318,0.12088184803724289,0.78863525390625,0.7458908557891846,-0.28853434324264526,0.20933309197425842,-0.5626494288444519,0.7428624629974365,0.17004895210266113,0.6213052868843079,1,0.5038560628890991,0.11611519008874893,0.8480541110038757,0.769131600856781,-0.2520694434642792,0.14352662861347198,-0.5694712400436401,0
0.5627707242965698,0.12040030211210251,0.7945374846458435,0.7482753396034241,-0.28535154461860657,0.20358292758464813,-0.5632160305976868,0.7402361035346985,0.17014802992343903,0.629584550857544,1,0.49767863750457764,0.11568532884120941,0.8523092865943909,0.7709831595420837,-0.24892839789390564,0.13740311563014984,-0.5698595643043518,0
0.5579161047935486,0.11992157250642776,0.8003085255622864,0.7506155967712402,-0.28216806054115295,0.19779115915298462,-0.5637695789337158,0.7374241948127747,0.17024721205234528,0.637763261795044,1,0.49138587713241577,0.11526264995336533,0.8563897013664246,0.772782027721405,-0.24579492211341858,0.13125298917293549,-0.5702328085899353,0
0.5529077649116516,0.11944644153118134,0.8059434294700623,0.7529102563858032,-0.27898457646369934,0.1919589340686798,-0.5643096566200256,0.7344288229942322,0.17034687101840973,0.6458360552787781,1,0.48498111963272095,0.1148475706577301,0.8602932095527649,0.7745282053947449,-0.2426690012216568,0.12507657706737518,-0.5705904960632324,0
0.5477491617202759,0.11897491663694382,0.811437726020813,0.7551587820053101,-0.2758018374443054,0.1860874593257904,-0.5648362636566162,0.7312521934509277,0.17044737935066223,0.6537977457046509,1,0.47846847772598267,0.11444000154733658,0.8640173673629761,0.7762211561203003,-0.2395511120557785,0.11887479573488235,-0.5709330439567566,0
0.5424428582191467,0.1185077354311943,0.8167874217033386,0.7573605179786682,-0.27262037992477417,0.18017788231372833,-0.5653486847877502,0.7278966903686523,0.17054913938045502,0.6616432666778564,1,0.4718509912490845,0.11404041945934296,0.8675605654716492,0.7778610587120056,-0.2364412248134613,0.11264793574810028,-0.5712601542472839,0
0.5369923710823059,0.11804530024528503,0.8219884634017944,0.7595143914222717,-0.26944082975387573,0.1742311716079712,-0.5658470392227173,0.7243648171424866,0.17065250873565674,0.6693679094314575,1,0.4651327133178711,0.11364920437335968,0.8709202408790588,0.7794474363327026,-0.2333393692970276,0.10639666765928268,-0.5715717077255249,0
0.5314006209373474,0.11758773028850555,0.8270373344421387,0.7616198658943176,-0.2662637531757355,0.16824837028980255,-0.5663315057754517,0.7206589579582214,0.1707579344511032,0.6769670844078064,1,0.45831674337387085,0.11326628923416138,0.8740948438644409,0.7809799313545227,-0.2302456796169281,0.10012085735797882,-0.5718680620193481,0
0.525671124458313,0.11713559180498123,0.8319299221038818,0.7636762857437134,-0.26308944821357727,0.16223031282424927,-0.5668013691902161,0.7167819738388062,0.1708657294511795,0.6844364404678345,1,0.45140698552131653,0.1128920465707779,0.8770825266838074,0.7824584245681763,-0.22716030478477478,0.0938214361667633,-0.5721490383148193,0
0.5198075175285339,0.11668921262025833,0.836663007736206,0.7656829357147217,-0.25991860032081604,0.15617820620536804,-0.5672568082809448,0.7127366065979004,0.17097631096839905,0.6917717456817627,1,0.44440698623657227,0.11252672225236893,0.8798817992210388,0.7838826775550842,-0.2240833193063736,0.08749861270189285,-0.572414755821228,0
0.5138131380081177,0.1162489578127861,0.8412331342697144,0.7676392793655396,-0.2567517161369324,0.15009275078773499,-0.5676975846290588,0.7085257172584534,0.1710900068283081,0.6989690065383911,1,0.437320739030838,0.11217069625854492,0.8824905157089233,0.7852526307106018,-0.2210148572921753,0.08115340769290924,-0.5726645588874817,0
0.5076916217803955,0.11581530421972275,0.8456370234489441,0.7695450782775879,-0.253589004278183,0.14397504925727844,-0.5681233406066895,0.7041523456573486,0.17120715975761414,0.7060242295265198,1,0.43015187978744507,0.11182379722595215,0.8849072456359863,0.7865679860115051,-0.21795493364334106,0.07478545606136322,-0.5728992819786072,0
0.501446008682251,0.11538836359977722,0.8498719334602356,0.7713993787765503,-0.2504309415817261,0.1378253847360611,-0.5685344934463501,0.6996195316314697,0.17132814228534698,0.7129337787628174,1,0.4229046702384949,0.11148644238710403,0.8871303200721741,0.7878282070159912,-0.2149042785167694,0.06839627027511597,-0.5731184482574463,0
0.49508076906204224,0.11496847122907639,0.8539345860481262,0.7732018828392029,-0.2472779005765915,0.13164497911930084,-0.5689306259155273,0.6949304938316345,0.1714532971382141,0.7196939587593079,1,0.4155826270580292,0.11115892976522446,0.8891585469245911,0.7890336513519287,-0.2118624448776245,0.06198563799262047,-0.5733218789100647,0
0.4885985553264618,0.11455608159303665,0.8578226566314697,0.7749523520469666,-0.24412979185581207,0.1254340410232544,-0.5693116784095764,0.6900884509086609,0.17158293724060059,0.726301372051239,1,0.4081893861293793,0.11084113270044327,0.890990674495697,0.7901836037635803,-0.20882946252822876,0.05555390566587448,-0.5735101103782654,0
0.4820038378238678,0.1141514852643013,0.861532986164093,0.776650071144104,-0.2409876137971878,0.1191939264535904,-0.569677472114563,0.6850965619087219,0.17171746492385864,0.7327526807785034,1,0.40072906017303467,0.11053335666656494,0.8926251530647278,0.7912781834602356,-0.20580565929412842,0.049101900309324265,-0.5736827254295349,0
0.47529950737953186,0.1137547641992569,0.8650638461112976,0.7782946825027466,-0.2378508299589157,0.11292513459920883,-0.5700282454490662,0.6799583435058594,0.17185714840888977,0.7390446066856384,1,0.3932058811187744,0.11023574322462082,0.8940609693527222,0.7923168540000916,-0.20279136300086975,0.04263025149703026,-0.5738399624824524,0
0.4684903919696808,0.11336636543273926,0.8684118986129761,0.7798858880996704,-0.23472049832344055,0.10662820935249329,-0.5703635215759277,0.6746771335601807,0.17200231552124023,0.7451740503311157,1,0.3856234550476074,0.10994859784841537,0.8952969908714294,0.7932999730110168,-0.1997864842414856,0.0361393578350544,-0.5739811658859253,0
0.4615793228149414,0.11298652738332748,0.8715755343437195,0.7814233899116516,-0.23159627616405487,0.10030386596918106,-0.5706835389137268,0.6692563891410828,0.1721532791852951,0.7511380314826965,1,0.3779856264591217,0.10967176407575607,0.8963322639465332,0.7942266464233398,-0.19679097831249237,0.029629196971654892,-0.5741073489189148,0
0.4545714259147644,0.11261548846960068,0.8745518326759338,0.7829065322875977,-0.2284790426492691,0.0939532145857811,-0.5709880590438843,0.6636996269226074,0.17231039702892303,0.7569337487220764,1,0.3702969551086426,0.10940548777580261,0.8971657752990723,0.7950974106788635,-0.19380517303943634,0.023101137951016426,-0.574217677116394,0
0.4474695026874542,0.11225331574678421,0.8773396611213684,0.7843353152275085,-0.22536839544773102,0.08757617324590683,-0.5712770819664001,0.6580106019973755,0.17247389256954193,0.7625585198402405,1,0.3625604212284088,0.1091499999165535,0.8977970480918884,0.7959117293357849,-0.1908288449048996,0.016554540023207664,-0.5743123888969421,0
