0.3625604212284088,0.1091499999165535,0.8977970480918884,0.7959117293357849,-0.1908288449048996,0.016554540023207664,-0.5743123888969421,0.6726934909820557,0.031156376004219055,0.019999999552965164,0,0.3625604212284088,0.1091499999165535,0.8977970480918884,0.7959117293357849,-0.1908288449048996,0.016554540023207664,-0.5743123888969421,1
0.3628040552139282,0.10916154831647873,0.8976776003837585,0.7959170937538147,-0.19090838730335236,0.016660241410136223,-0.5742754340171814,0.6726934909820557,0.031156376004219055,0.01981772482395172,0,0.3625604212284088,0.1091499999165535,0.8977970480918884,0.7959117293357849,-0.1908288449048996,0.016554540023207664,-0.5743123888969421,1
0.3632446825504303,0.10916890949010849,0.8974825739860535,0.7959179878234863,-0.1910729855298996,0.016885489225387573,-0.574212908744812,0.6726934909820557,0.031156376004219055,0.019884353503584862,0,0.3625604212284088,0.1091499999165535,0.8977970480918884,0.7959117293357849,-0.1908288449048996,0.016554540023207664,-0.5743123888969421,1
0.36376747488975525,0.10917111486196518,0.8972581028938293,0.7959133982658386,-0.1912766695022583,0.017166968435049057,-0.5741432309150696,0.6726934909820557,0.031156376004219055,0.019923372194170952,0,0.3625604212284088,0.1091499999165535,0.8977970480918884,0.7959117293357849,-0.1908288449048996,0.016554540023207664,-0.5743123888969421,1
0.3643089532852173,0.10917005687952042,0.8970283269882202,0.7959052920341492,-0.1914910078048706,0.01746424101293087,-0.5740739107131958,0.6726934909820557,0.031156376004219055,0.019946129992604256,0,0.3625604212284088,0.1091499999165535,0.8977970480918884,0.7959117293357849,-0.1908288449048996,0.016554540023207664,-0.5743123888969421,1
0.36483412981033325,0.10916749387979507,0.8968064785003662,0.7958957552909851,-0.19170089066028595,0.017755331471562386,-0.5740082263946533,0.6726934909820557,0.031156376004219055,0.019959425553679466,0,0.3625604212284088,0.1091499999165535,0.8977970480918884,0.7959117293357849,-0.1908288449048996,0.016554540023207664,-0.5743123888969421,1
0.3653259873390198,0.10916423052549362,0.8965990543365479,0.7958859801292419,-0.19189804792404175,0.01802937313914299,-0.5739471912384033,0.6726934909820557,0.031156376004219055,0.019967196509242058,0,0.3625604212284088,0.1091499999165535,0.8977970480918884,0.7959117293357849,-0.1908288449048996,0.016554540023207664,-0.5743123888969421,1
0.36577728390693665,0.10916095972061157,0.89640873670578,0.7958768010139465,-0.19207923114299774,0.01828133687376976,-0.5738914608955383,0.6726934909820557,0.031156376004219055,0.01997174322605133,0,0.3625604212284088,0.1091499999165535,0.8977970480918884,0.7959117293357849,-0.1908288449048996,0.016554540023207664,-0.5743123888969421,1
0.366186261177063,0.10915781557559967,0.8962359428405762,0.7958679795265198,-0.1922435611486435,0.018509861081838608,-0.5738412737846375,0.6726934909820557,0.031156376004219055,0.019974403083324432,0,0.3625604212284088,0.1091499999165535,0.8977970480918884,0.7959117293357849,-0.1908288449048996,0.016554540023207664,-0.5743123888969421,1
0.3665536642074585,0.1091550812125206,0.8960806727409363,0.7958602905273438,-0.19239117205142975,0.01871492713689804,-0.5737957954406738,0.6726934909820557,0.031156376004219055,0.01997595839202404,0,0.3625604212284088,0.1091499999165535,0.8977970480918884,0.7959117293357849,-0.1908288449048996,0.016554540023207664,-0.5743123888969421,1
0.36688217520713806,0.10915274918079376,0.895941436290741,0.7958534359931946,-0.1925230473279953,0.018898339942097664,-0.5737552642822266,0.6726934909820557,0.031156376004219055,0.019976869225502014,0,0.3625604212284088,0.1091499999165535,0.8977970480918884,0.7959117293357849,-0.1908288449048996,0.016554540023207664,-0.5743123888969421,1
0.3671749234199524,0.10915068536996841,0.8958170413970947,0.7958471775054932,-0.1926405429840088,0.019061513245105743,-0.5737189054489136,0.6726934909820557,0.031156376004219055,0.019977401942014694,0,0.3625604212284088,0.1091499999165535,0.8977970480918884,0.7959117293357849,-0.1908288449048996,0.016554540023207664,-0.5743123888969421,1
0.36743536591529846,0.10914917290210724,0.8957062363624573,0.7958419322967529,-0.19274485111236572,0.019206577911973,-0.5736864805221558,0.6726934909820557,0.031156376004219055,0.019977713003754616,0,0.3625604212284088,0.1091499999165535,0.8977970480918884,0.7959117293357849,-0.1908288449048996,0.016554540023207664,-0.5743123888969421,1
0.3676663637161255,0.10914792865514755,0.8956077694892883,0.7958371639251709,-0.19283725321292877,0.019334783777594566,-0.5736575722694397,0.6726934909820557,0.031156376004219055,0.01997789368033409,0,0.3625604212284088,0.1091499999165535,0.8977970480918884,0.7959117293357849,-0.1908288449048996,0.016554540023207664,-0.5743123888969421,1
0.3678717017173767,0.10914682596921921,0.8955199718475342,0.7958332300186157,-0.1929192990064621,0.019448645412921906,-0.573631763458252,0.6726934909820557,0.031156376004219055,0.019978001713752747,0,0.3625604212284088,0.1091499999165535,0.8977970480918884,0.7959117293357849,-0.1908288449048996,0.016554540023207664,-0.5743123888969421,1
0.3680533766746521,0.10914600640535355,0.8954421877861023,0.795829713344574,-0.19299162924289703,0.01954904943704605,-0.5736088156700134,0.6726934909820557,0.031156376004219055,0.01997806318104267,0,0.3625604212284088,0.1091499999165535,0.8977970480918884,0.7959117293357849,-0.1908288449048996,0.016554540023207664,-0.5743123888969421,1
0.3682141900062561,0.10914544761180878,0.8953732252120972,0.79582679271698,-0.19305557012557983,0.01963799074292183,-0.5735883712768555,0.6726934909820557,0.031156376004219055,0.019978100433945656,0,0.3625604212284088,0.1091499999165535,0.8977970480918884,0.7959117293357849,-0.1908288449048996,0.016554540023207664,-0.5743123888969421,1
0.3683570623397827,0.10914503037929535,0.8953116536140442,0.7958241105079651,-0.19311225414276123,0.019716612994670868,-0.5735701322555542,0.6726934909820557,0.031156376004219055,0.019978120923042297,0,0.3625604212284088,0.1091499999165535,0.8977970480918884,0.7959117293357849,-0.1908288449048996,0.016554540023207664,-0.5743123888969421,1
0.36848360300064087,0.10914475470781326,0.8952572345733643,0.7958218455314636,-0.1931624412536621,0.019786084070801735,-0.5735539793968201,0.6726934909820557,0.031156376004219055,0.019978133961558342,0,0.3625604212284088,0.1091499999165535,0.8977970480918884,0.7959117293357849,-0.1908288449048996,0.016554540023207664,-0.5743123888969421,1
0.36859551072120667,0.10914462059736252,0.8952088356018066,0.7958201169967651,-0.19320662319660187,0.019847365096211433,-0.5735394358634949,0.6726934909820557,0.031156376004219055,0.01997814141213894,0,0.3625604212284088,0.1091499999165535,0.8977970480918884,0.7959117293357849,-0.1908288449048996,0.016554540023207664,-0.5743123888969421,1
0.36869457364082336,0.10914447903633118,0.8951660394668579,0.7958184480667114,-0.1932457685470581,0.01990160159766674,-0.5735267996788025,0.6726934909820557,0.031156376004219055,0.019978145137429237,0,0.3625604212284088,0.1091499999165535,0.8977970480918884,0.7959117293357849,-0.1908288449048996,0.016554540023207664,-0.5743123888969421,1
0.3687824606895447,0.10914447903633118,0.8951278328895569,0.795816957950592,-0.19328033924102783,0.01994943805038929,-0.5735154151916504,0.6726934909820557,0.031156376004219055,0.019978148862719536,0,0.3625604212284088,0.1091499999165535,0.8977970480918884,0.7959117293357849,-0.1908288449048996,0.016554540023207664,-0.5743123888969421,1
0.36886000633239746,0.10914461314678192,0.895094096660614,0.7958159446716309,-0.19331079721450806,0.019991593435406685,-0.5735051035881042,0.6726934909820557,0.031156376004219055,0.019978148862719536,0,0.3625604212284088,0.1091499999165535,0.8977970480918884,0.7959117293357849,-0.1908288449048996,0.016554540023207664,-0.5743123888969421,1
0.36892861127853394,0.10914474725723267,0.8950642347335815,0.7958149909973145,-0.19333770871162415,0.02002882771193981,-0.5734960436820984,0.6726934909820557,0.031156376004219055,0.019978148862719536,0,0.3625604212284088,0.1091499999165535,0.8977970480918884,0.7959117293357849,-0.1908288449048996,0.016554540023207664,-0.5743123888969421,1
0.3689894676208496,0.10914488881826401,0.8950377106666565,0.7958140969276428,-0.1933615803718567,0.020061763003468513,-0.5734882354736328,0.6726934909820557,0.031156376004219055,0.019978148862719536,0,0.3625604212284088,0.1091499999165535,0.8977970480918884,0.7959117293357849,-0.1908288449048996,0.016554540023207664,-0.5743123888969421,1
0.3690434694290161,0.10914502292871475,0.8950141072273254,0.7958134412765503,-0.1933826208114624,0.020090937614440918,-0.5734809041023254,0.6726934909820557,0.031156376004219055,0.019978148862719536,0,0.3625604212284088,0.1091499999165535,0.8977970480918884,0.7959117293357849,-0.1908288449048996,0.016554540023207664,-0.5743123888969421,1
0.3690912425518036,0.10914530605077744,0.8949931859970093,0.7958129048347473,-0.1934012621641159,0.02011662721633911,-0.5734745860099792,0.6726934909820557,0.031156376004219055,0.019978148862719536,0,0.3625604212284088,0.1091499999165535,0.8977970480918884,0.7959117293357849,-0.1908288449048996,0.016554540023207664,-0.5743123888969421,1
0.3691335916519165,0.10914543271064758,0.8949745893478394,0.7958122491836548,-0.19341766834259033,0.02013932727277279,-0.5734689831733704,0.6726934909820557,0.031156376004219055,0.019978148862719536,0,0.3625604212284088,0.1091499999165535,0.8977970480918884,0.7959117293357849,-0.1908288449048996,0.016554540023207664,-0.5743123888969421,1
0.369171142578125,0.10914570838212967,0.894957959651947,0.7958120107650757,-0.19343216717243195,0.020159302279353142,-0.5734638571739197,0.6726934909820557,0.031156376004219055,0.019978148862719536,0,0.3625604212284088,0.1091499999165535,0.8977970480918884,0.7959117293357849,-0.1908288449048996,0.016554540023207664,-0.5743123888969421,1
0.36920416355133057,0.10914599150419235,0.8949434161186218,0.795811653137207,-0.19344498217105865,0.020176958292722702,-0.5734593868255615,0.6726934909820557,0.031156376004219055,0.019978148862719536,0,0.3625604212284088,0.1091499999165535,0.8977970480918884,0.7959117293357849,-0.1908288449048996,0.016554540023207664,-0.5743123888969421,1
0.36923354864120483,0.1091461256146431,0.8949304223060608,0.7958112955093384,-0.1934562772512436,0.020192500203847885,-0.5734555721282959,0.6726934909820557,0.031156376004219055,0.019978148862719536,0,0.36923354864120483,0.1091461256146431,0.8949304223060608,0.7958112955093384,-0.1934562772512436,0.020192500203847885,-0.5734555721282959,1
0.3694966435432434,0.10915748029947281,0.8948008418083191,0.7958157062530518,-0.1935444176197052,0.020310046151280403,-0.5734154582023621,0.6726934909820557,0.031156376004219055,0.019978148862719536,0,0.3755454421043396,0.10870857536792755,0.8940438628196716,0.7944961190223694,-0.19676055014133453,0.025865139439702034,-0.5739269852638245,1
0.3702852725982666,0.10913918167352676,0.8946146965026855,0.7957198619842529,-0.19389164447784424,0.020895928144454956,-0.5734102725982666,0.6726934909820557,0.031156376004219055,0.019978148862719536,0,0.38183265924453735,0.10825652629137039,0.8930522203445435,0.7931402921676636,-0.20006334781646729,0.03152890503406525,-0.5743769407272339,1
0.3716086447238922,0.10908236354589462,0.8943637013435364,0.7955074310302734,-0.19452667236328125,0.021976636722683907,-0.5734494924545288,0.6726934909820557,0.031156376004219055,0.019978148862719536,0,0.3880932927131653,0.10779005289077759,0.8919562101364136,0.7917444705963135,-0.20336419343948364,0.03718293085694313,-0.5748053193092346,1
0.3734391927719116,0.10898734629154205,0.894039511680603,0.7951841354370117,-0.19543352723121643,0.023520976305007935,-0.5735283493995667,0.6726934909820557,0.031156376004219055,0.019978148862719536,0,0.39432623982429504,0.10730929672718048,0.8907557725906372,0.7903082370758057,-0.2066630721092224,0.04282764717936516,-0.5752121806144714,1
0.37573811411857605,0.10885578393936157,0.893637478351593,0.7947564125061035,-0.1965911090373993,0.025490274652838707,-0.5736412405967712,0.6726934909820557,0.031156376004219055,0.019978148862719536,0,0.40052950382232666,0.10681430250406265,0.889451801776886,0.7888320088386536,-0.2099601924419403,0.04846242442727089,-0.5755971670150757,1
0.37846341729164124,0.10868984460830688,0.893153965473175,0.7942312955856323,-0.19797693192958832,0.027846118435263634,-0.5737825632095337,0.6726934909820557,0.031156376004219055,0.019978148862719536,0,0.4067021310329437,0.10630522668361664,0.8880442976951599,0.7873162031173706,-0.21325524151325226,0.05408702418208122,-0.5759600400924683,1
0.3815712332725525,0.10849149525165558,0.8925875425338745,0.7936141490936279,-0.19956855475902557,0.030549505725502968,-0.5739473104476929,0.6726934909820557,0.031156376004219055,0.019978148862719536,0,0.41284239292144775,0.1057821661233902,0.8865335583686829,0.7857606410980225,-0.2165483832359314,0.05970146507024765,-0.5763009190559387,1
0.38502126932144165,0.10826275497674942,0.8919356465339661,0.7929105162620544,-0.20134547352790833,0.033565495163202286,-0.5741308331489563,0.6726934909820557,0.031156376004219055,0.019978148862719536,0,0.4189482629299164,0.10524510592222214,0.884920597076416,0.7841653823852539,-0.219838947057724,0.06530474126338959,-0.5766200423240662,1
0.3887748718261719,0.1080048531293869,0.891196608543396,0.792124330997467,-0.20328819751739502,0.0368611216545105,-0.5743292570114136,0.6726934909820557,0.031156376004219055,0.019978148862719536,0,0.4250188171863556,0.10469449311494827,0.8832054138183594,0.7825312614440918,-0.22312727570533752,0.07089704275131226,-0.576916515827179,1
0.3927970230579376,0.10771933197975159,0.8903684020042419,0.7912597060203552,-0.2053793966770172,0.04040631651878357,-0.5745386481285095,0.6726934909820557,0.031156376004219055,0.019978148862719536,0,0.43105220794677734,0.10413027554750443,0.8813887238502502,0.780858039855957,-0.22641311585903168,0.0764780193567276,-0.5771905779838562,1
0.39705556631088257,0.10740762948989868,0.8894491195678711,0.7903202176094055,-0.20760299265384674,0.04417410120368004,-0.5747552514076233,0.6726934909820557,0.031156376004219055,0.019978148862719536,0,0.43704718351364136,0.10355265438556671,0.8794710040092468,0.7791457772254944,-0.2296963632106781,0.08204758167266846,-0.5774422287940979,1
0.40152066946029663,0.107070691883564,0.8884371519088745,0.7893084287643433,-0.20994438230991364,0.04813961684703827,-0.5749764442443848,0.6726934909820557,0.031156376004219055,0.019978148862719536,0,0.4430023729801178,0.10296174883842468,0.8774526119232178,0.7773950099945068,-0.23297707736492157,0.08760519325733185,-0.5776710510253906,1
0.4061669111251831,0.10670940577983856,0.8873302936553955,0.7882274985313416,-0.21239110827445984,0.052281226962804794,-0.5751991271972656,0.6726934909820557,0.031156376004219055,0.019978148862719536,0,0.44891557097435,0.10235772281885147,0.8753346800804138,0.7756057381629944,-0.23625490069389343,0.09315043687820435,-0.5778772830963135,1
0.41096967458724976,0.10632481426000595,0.8861273527145386,0.7870796918869019,-0.21493130922317505,0.056578610092401505,-0.5754205584526062,0.6726934909820557,0.031156376004219055,0.019978148862719536,0,0.454786092042923,0.1017407476902008,0.8731171488761902,0.7737782597541809,-0.23952987790107727,0.0986831858754158,-0.5780606269836426,1
0.4159078001976013,0.10591786354780197,0.88482666015625,0.7858673334121704,-0.21755491197109222,0.061014655977487564,-0.5756382942199707,0.6726934909820557,0.031156376004219055,0.019978148862719536,0,0.4606124460697174,0.10111097991466522,0.8708006739616394,0.7719126343727112,-0.24280212819576263,0.1042034775018692,-0.5782210230827332,1
0.4209614396095276,0.10548917204141617,0.8834272027015686,0.7845924496650696,-0.2202521711587906,0.06557261198759079,-0.5758506059646606,0.6726934909820557,0.031156376004219055,0.019978148862719536,0,0.46639275550842285,0.10046863555908203,0.8683863282203674,0.7700090408325195,-0.24607118964195251,0.10971051454544067,-0.5783584713935852,1
0.4261135160923004,0.10503941774368286,0.8819276690483093,0.7832567095756531,-0.2230154126882553,0.07023879885673523,-0.576055109500885,0.6726934909820557,0.031156376004219055,0.019978148862719536,0,0.4721255302429199,0.09981387853622437,0.8658745288848877,0.7680680155754089,-0.24933700263500214,0.11520427465438843,-0.5784726142883301,1
0.43134820461273193,0.10456924140453339,0.8803271055221558,0.7818619608879089,-0.22583696246147156,0.07500017434358597,-0.5762503147125244,0.6726934909820557,0.031156376004219055,0.019978148862719536,0,0.4778096079826355,0.09914671629667282,0.8632659316062927,0.7660892009735107,-0.25259944796562195,0.12068434804677963,-0.5785637497901917,1
0.43665096163749695,0.10407934337854385,0.8786250948905945,0.78041011095047,-0.22871007025241852,0.07984490692615509,-0.576434314250946,0.6726934909820557,0.031156376004219055,0.019978148862719536,0,0.4834435284137726,0.09846772253513336,0.8605613112449646,0.7640733122825623,-0.25585851073265076,0.12615062296390533,-0.5786314606666565,1
0.4420085847377777,0.1035703644156456,0.8768211603164673,0.7789024114608765,-0.2316288948059082,0.08476300537586212,-0.5766059160232544,0.6726934909820557,0.031156376004219055,0.019978148862719536,0,0.48902592062950134,0.09777691215276718,0.8577611446380615,0.7620204091072083,-0.25911426544189453,0.1316026896238327,-0.5786756277084351,1
0.44740983843803406,0.10304287075996399,0.874914824962616,0.7773401141166687,-0.23458820581436157,0.08974503725767136,-0.5767638087272644,0.6726934909820557,0.031156376004219055,0.019978148862719536,0,0.49455568194389343,0.097074493765831,0.8548663854598999,0.7599305510520935,-0.26236656308174133,0.13704058527946472,-0.5786961317062378,1
0.45284393429756165,0.10249727219343185,0.8729058504104614,0.7757248878479004,-0.2375832051038742,0.09478264302015305,-0.5769067406654358,0.6726934909820557,0.031156376004219055,0.019978148862719536,0,0.500030517578125,0.0963607057929039,0.851877748966217,0.7578040361404419,-0.26561489701271057,0.14246328175067902,-0.578693151473999,1
0.45830151438713074,0.10193407535552979,0.8707942366600037,0.7740576863288879,-0.24060969054698944,0.09986836463212967,-0.5770336985588074,0.6726934909820557,0.031156376004219055,0.019978148862719536,0,0.5054501891136169,0.09563574194908142,0.8487957715988159,0.7556414008140564,-0.2688596844673157,0.14787143468856812,-0.5786662101745605,1
0.46377310156822205,0.10135384649038315,0.8685804009437561,0.7723398208618164,-0.24366381764411926,0.10499545186758041,-0.5771439075469971,0.6726934909820557,0.031156376004219055,0.019978148862719536,0,0.5108121037483215,0.09489987790584564,0.8456219434738159,0.7534424066543579,-0.2721003592014313,0.15326379239559174,-0.5786157250404358,1
0.4692515432834625,0.1007571741938591,0.8662640452384949,0.7705724835395813,-0.24674206972122192,0.11015799641609192,-0.5772361755371094,0.6726934909820557,0.031156376004219055,0.019978148862719536,0,0.5161157846450806,0.09415329992771149,0.8423564434051514,0.7512073516845703,-0.2753371000289917,0.1586408019065857,-0.5785412192344666,1
0.47472861409187317,0.10014437884092331,0.8638463020324707,0.7687564492225647,-0.24984152615070343,0.11535025388002396,-0.5773101449012756,0.6726934909820557,0.031156376004219055,0.019978148862719536,0,0.5213600993156433,0.09339626133441925,0.83899986743927,0.748936653137207,-0.27856987714767456,0.1640024185180664,-0.5784426331520081,1
0.48019883036613464,0.09951595962047577,0.8613267540931702,0.7668929696083069,-0.25295957922935486,0.12056783586740494,-0.5773646235466003,0.6726934909820557,0.031156376004219055,0.019978148862719536,0,0.5265427827835083,0.09262903779745102,0.8355540037155151,0.7466302514076233,-0.28179848194122314,0.16934755444526672,-0.5783200860023499,1
0.48565489053726196,0.09887252002954483,0.8587068319320679,0.764983057975769,-0.25609323382377625,0.12580551207065582,-0.5773993730545044,0.6726934909820557,0.031156376004219055,0.019978148862719536,0,0.5316633582115173,0.09185166656970978,0.8320189118385315,0.7442888021469116,-0.28502264618873596,0.17467650771141052,-0.5781732201576233,1
0.4910924434661865,0.0982140600681305,0.8559864163398743,0.7630271911621094,-0.2592409551143646,0.1310599148273468,-0.5774139165878296,0.6726934909820557,0.031156376004219055,0.019978148862719536,0,0.5367198586463928,0.09106481075286865,0.8283961415290833,0.7419121861457825,-0.2882426083087921,0.17998872697353363,-0.5780020952224731,1
0.496505469083786,0.0975414291024208,0.8531665802001953,0.7610267400741577,-0.2624002695083618,0.13632744550704956,-0.5774073600769043,0.6726934909820557,0.031156376004219055,0.019978148862719536,0,0.5417116284370422,0.09026850759983063,0.8246859312057495,0.7395008206367493,-0.29145827889442444,0.18528389930725098,-0.5778065919876099,1
0.501889705657959,0.09685490280389786,0.8502480983734131,0.7589819431304932,-0.26556962728500366,0.1416046917438507,-0.5773795247077942,0.6726934909820557,0.031156376004219055,0.019978148862719536,0,0.5466371178627014,0.08946305513381958,0.8208896517753601,0.737054705619812,-0.2946692407131195,0.1905621737241745,-0.5775866508483887,1
0.5072404742240906,0.09615479409694672,0.8472316265106201,0.7568939328193665,-0.2687472701072693,0.14688855409622192,-0.5773302316665649,0.6726934909820557,0.031156376004219055,0.019978148862719536,0,0.551494836807251,0.08864875137805939,0.8170081377029419,0.7345744967460632,-0.2978754937648773,0.19582314789295197,-0.5773419737815857,1
0.5125540494918823,0.09544161707162857,0.8441182971000671,0.7547633647918701,-0.27193185687065125,0.15217675268650055,-0.5772585868835449,0.6726934909820557,0.031156376004219055,0.019978148862719536,0,0.5562837719917297,0.08782581984996796,0.8130425810813904,0.7320599555969238,-0.3010769486427307,0.20106612145900726,-0.5770729184150696,1
0.5178266167640686,0.09471575915813446,0.8409087657928467,0.7525909543037415,-0.2751220166683197,0.15746644139289856,-0.5771645903587341,0.6726934909820557,0.031156376004219055,0.019978148862719536,0,0.5610027313232422,0.08699459582567215,0.8089936375617981,0.7295117974281311,-0.30427345633506775,0.2062915414571762,-0.5767789483070374,1
0.5230545401573181,0.09397757053375244,0.8376044034957886,0.7503772974014282,-0.278316468000412,0.16275568306446075,-0.5770478844642639,0.6726934909820557,0.031156376004219055,0.019978148862719536,0,0.5656507015228271,0.08615532517433167,0.8048622608184814,0.7269296050071716,-0.3074653148651123,0.21149872243404388,-0.5764603018760681,1
0.5282355546951294,0.09322720766067505,0.8342054486274719,0.7481229305267334,-0.2815146744251251,0.16804306209087372,-0.5769082307815552,0.6726934909820557,0.031156376004219055,0.019978148862719536,0,0.5702260732650757,0.08530832827091217,0.8006498217582703,0.7243143320083618,-0.31065189838409424,0.2166871577501297,-0.5761168599128723,1
0.5333651900291443,0.09246554225683212,0.8307137489318848,0.7458285689353943,-0.28471508622169495,0.17332568764686584,-0.5767452120780945,0.6726934909820557,0.031156376004219055,0.019978148862719536,0,0.57472825050354,0.08445391803979874,0.7963570356369019,0.7216659784317017,-0.3138335645198822,0.2218572497367859,-0.5757482647895813,1
0.5384417772293091,0.09169253706932068,0.8271299004554749,0.7434949278831482,-0.28791698813438416,0.17860271036624908,-0.5765588283538818,0.6726934909820557,0.031156376004219055,0.019978148862719536,0,0.5791552662849426,0.08359218388795853,0.7919851541519165,0.7189844846725464,-0.31700974702835083,0.2270081341266632,-0.5753549337387085,1
0.5434622168540955,0.09090868383646011,0.8234550952911377,0.741122305393219,-0.2911197543144226,0.1838725507259369,-0.5763486623764038,0.6726934909820557,0.031156376004219055,0.019978148862719536,0,0.5835062861442566,0.08272383362054825,0.7875354886054993,0.7162706255912781,-0.3201805353164673,0.23213963210582733,-0.5749363899230957,1
0.5484238862991333,0.09011438488960266,0.8196907043457031,0.7387115955352783,-0.2943224012851715,0.18913321197032928,-0.5761145353317261,0.6726934909820557,0.031156376004219055,0.019978148862719536,0,0.5877808332443237,0.08184895664453506,0.7830085158348083,0.7135241031646729,-0.32334640622138977,0.23725223541259766,-0.5744925737380981,1
0.5533251166343689,0.08930990844964981,0.8158374428749084,0.7362627387046814,-0.29752466082572937,0.19438445568084717,-0.575856626033783,0.6726934909820557,0.031156376004219055,0.019978148862719536,0,0.5919768214225769,0.08096795529127121,0.7784061431884766,0.710745632648468,-0.326506108045578,0.24234461784362793,-0.5740238428115845,1
0.5581632852554321,0.08849593251943588,0.8118964433670044,0.7337766885757446,-0.30072566866874695,0.19962459802627563,-0.5755742192268372,0.6726934909820557,0.031156376004219055,0.019978148862719536,0,0.5960942506790161,0.08008105307817459,0.7737283110618591,0.7079349756240845,-0.32966098189353943,0.247417613863945,-0.5735295414924622,1
0.5629363656044006,0.08767231553792953,0.8078690767288208,0.7312538623809814,-0.3039247989654541,0.20485247671604156,-0.5752676725387573,0.6726934909820557,0.031156376004219055,0.019978148862719536,0,0.6001307964324951,0.0791889950633049,0.7689776420593262,0.7050932049751282,-0.33280977606773376,0.2524699568748474,-0.5730096697807312,1
0.5676425099372864,0.08683975040912628,0.803756594657898,0.72869473695755,-0.30712178349494934,0.2100675255060196,-0.5749363899230957,0.6726934909820557,0.031156376004219055,0.019978148862719536,0,0.6040862798690796,0.0782914012670517,0.7641542553901672,0.7022197842597961,-0.3359528183937073,0.2575019299983978,-0.572464644908905,1
0.5722794532775879,0.08599875122308731,0.7995601296424866,0.7260996103286743,-0.31031596660614014,0.2152685523033142,-0.5745804905891418,0.6726934909820557,0.031156376004219055,0.019978148862719536,0,0.6079593896865845,0.0773889571428299,0.7592596411705017,0.6993152499198914,-0.339089959859848,0.26251330971717834,-0.5718940496444702,1
0.5768458843231201,0.08514916896820068,0.7952808141708374,0.7234688997268677,-0.3135070204734802,0.22045452892780304,-0.5742000937461853,0.6726934909820557,0.031156376004219055,0.019978148862719536,0,0.6117494702339172,0.07648200541734695,0.7542946934700012,0.6963799595832825,-0.3422212302684784,0.2675040066242218,-0.5712977051734924,1
0.5813400745391846,0.0842917412519455,0.790919840335846,0.7208030819892883,-0.31669479608535767,0.22562527656555176,-0.5737947225570679,0.6726934909820557,0.031156376004219055,0.019978148862719536,0,0.6154547333717346,0.07557090371847153,0.7492613792419434,0.6934140920639038,-0.3453463315963745,0.2724730968475342,-0.5706760883331299,1
0.585760235786438,0.08342679589986801,0.7864785194396973,0.718102753162384,-0.3198787271976471,0.23077969253063202,-0.5733643770217896,0.6726934909820557,0.031156376004219055,0.019978148862719536,0,0.6190747022628784,0.07465572655200958,0.7441604137420654,0.6904178261756897,-0.3484652042388916,0.27742111682891846,-0.5700287222862244,1
0.5901048183441162,0.08255483210086823,0.7819581627845764,0.7153683304786682,-0.32305842638015747,0.23591706156730652,-0.5729088187217712,0.6726934909820557,0.031156376004219055,0.019978148862719536,0,0.6226087212562561,0.07373732328414917,0.7389927506446838,0.6873914003372192,-0.35157787799835205,0.28234758973121643,-0.5693555474281311,1
0.5943723320960999,0.08167574554681778,0.7773600220680237,0.7125998735427856,-0.3262336552143097,0.24103692173957825,-0.5724283456802368,0.6726934909820557,0.031156376004219055,0.019978148862719536,0,0.6260550618171692,0.07281579077243805,0.7337602972984314,0.684335470199585,-0.3546842634677887,0.2872520387172699,-0.5686565041542053,1
0.5985615849494934,0.08079028874635696,0.772685170173645,0.7097979187965393,-0.3294040560722351,0.2461388111114502,-0.5719225406646729,0.6726934909820557,0.031156376004219055,0.019978148862719536,0,0.6294137239456177,0.07189150899648666,0.7284634709358215,0.6812499761581421,-0.357784241437912,0.29213452339172363,-0.5679314732551575,1
0.6026711463928223,0.07989859580993652,0.7679348587989807,0.7069627642631531,-0.33256983757019043,0.25122228264808655,-0.5713914632797241,0.6726934909820557,0.031156376004219055,0.019978148862719536,0,0.6326828598976135,0.07096484303474426,0.7231046557426453,0.6781352162361145,-0.3608776330947876,0.2969944477081299,-0.567180871963501,1
0.6066992878913879,0.0790017694234848,0.763110876083374,0.704095184803009,-0.3357301950454712,0.2562861144542694,-0.5708349347114563,0.6726934909820557,0.031156376004219055,0.019978148862719536,0,0.6358619928359985,0.07003612816333771,0.7176845073699951,0.6749916076660156,-0.3639644682407379,0.3018319010734558,-0.5664041638374329,1
0.6106453537940979,0.07809906452894211,0.7582140564918518,0.7011950016021729,-0.3388850688934326,0.2613305449485779,-0.5702532529830933,0.6726934909820557,0.031156376004219055,0.019978148862719536,0,0.6389508247375488,0.06910572201013565,0.7122039794921875,0.6718193292617798,-0.3670446276664734,0.30664679408073425,-0.5656012296676636,1
0.6145076155662537,0.07719134539365768,0.7532459497451782,0.6982628107070923,-0.34203436970710754,0.266355037689209,-0.5696458220481873,0.6726934909820557,0.031156376004219055,0.019978148862719536,0,0.6419476270675659,0.06817404925823212,0.7066652178764343,0.6686187386512756,-0.37011781334877014,0.31143832206726074,-0.5647724866867065,1
0.6182853579521179,0.07627898454666138,0.7482077479362488,0.6952990293502808,-0.34517771005630493,0.27135905623435974,-0.5690128803253174,0.6726934909820557,0.031156376004219055,0.019978148862719536,0,0.6448522210121155,0.06724143028259277,0.7010687589645386,0.6653897166252136,-0.37318435311317444,0.31620723009109497,-0.5639173984527588,1
0.6219769716262817,0.07536256313323975,0.7431009411811829,0.6923041343688965,-0.34831494092941284,0.27634209394454956,-0.5683543086051941,0.6726934909820557,0.031156376004219055,0.019978148862719536,0,0.6476632952690125,0.06630826741456985,0.6954166293144226,0.6621332764625549,-0.37624362111091614,0.32095199823379517,-0.563036322593689,1
0.6255818605422974,0.07444217056035995,0.7379264831542969,0.6892780661582947,-0.3514461815357208,0.2813040316104889,-0.5676699876785278,0.6726934909820557,0.031156376004219055,0.019978148862719536,0,0.6503804922103882,0.06537466496229172,0.6897097229957581,0.6588490009307861,-0.3792960047721863,0.3256734311580658,-0.5621291399002075,1
0.6290984153747559,0.07351822406053543,0.7326863408088684,0.6862215399742126,-0.35457074642181396,0.28624409437179565,-0.5669601559638977,0.6726934909820557,0.031156376004219055,0.019978148862719536,0,0.6530031561851501,0.0644414871931076,0.6839492917060852,0.6555376052856445,-0.38234132528305054,0.3303712010383606,-0.561195433139801,1
0.6325263381004333,0.07259101420640945,0.7273811101913452,0.6831344962120056,-0.3576890528202057,0.2911625802516937,-0.5662243962287903,0.6726934909820557,0.031156376004219055,0.019978148862719536,0,0.6555299758911133,0.06350891292095184,0.6781373023986816,0.6521991491317749,-0.3853794038295746,0.33504462242126465,-0.5602356195449829,1
0.6358639001846313,0.07166122645139694,0.7220128774642944,0.6800176501274109,-0.3608006536960602,0.2960582971572876,-0.5654628276824951,0.6726934909820557,0.031156376004219055,0.019978148862719536,0,0.6579606533050537,0.06257729977369308,0.6722747683525085,0.6488340497016907,-0.38841012120246887,0.3396936058998108,-0.5592495203018188,1
0.6391102075576782,0.07072919607162476,0.7165830135345459,0.6768714189529419,-0.36390525102615356,0.30093151330947876,-0.5646753311157227,0.6726934909820557,0.031156376004219055,0.019978148862719536,0,0.6602944135665894,0.06164700910449028,0.6663631200790405,0.6454426050186157,-0.3914335370063782,0.3443183898925781,-0.558236837387085,1
0.6422650814056396,0.06979498267173767,0.7110922336578369,0.6736958026885986,-0.36700284481048584,0.30578184127807617,-0.5638619661331177,0.6726934909820557,0.031156376004219055,0.019978148862719536,0,0.662530779838562,0.06071845814585686,0.6604034900665283,0.6420249342918396,-0.39444950222969055,0.34891825914382935,-0.5571978688240051,1
0.6453267335891724,0.0688592866063118,0.7055425047874451,0.6704912781715393,-0.3700932264328003,0.3106088936328888,-0.5630226731300354,0.6726934909820557,0.031156376004219055,0.019978148862719536,0,0.6646687984466553,0.059792034327983856,0.6543979048728943,0.6385813355445862,-0.39745786786079407,0.3534933924674988,-0.5561325550079346,1
0.6482948660850525,0.06792223453521729,0.6999351382255554,0.667258083820343,-0.3731765151023865,0.315412312746048,-0.562157392501831,0.6726934909820557,0.031156376004219055,0.019978148862719536,0,0.6667081117630005,0.05886812508106232,0.648347020149231,0.6351123452186584,-0.4004586338996887,0.3580434322357178,-0.5550404787063599,1
0.651168167591095,0.06698466837406158,0.6942717432975769,0.6639967560768127,-0.37625253200531006,0.3201919198036194,-0.5612658858299255,0.6726934909820557,0.031156376004219055,0.019978148862719536,0,0.6686477661132812,0.05794708803296089,0.6422533988952637,0.6316182613372803,-0.40345147252082825,0.3625677227973938,-0.5539222359657288,1
0.653946042060852,0.06604626774787903,0.6885536909103394,0.6607074737548828,-0.3793206512928009,0.3249473571777344,-0.5603485703468323,0.6726934909820557,0.031156376004219055,0.019978148862719536,0,0.6704873442649841,0.05702934041619301,0.6361175179481506,0.6280990839004517,-0.40643659234046936,0.3670666217803955,-0.5527772903442383,1
0.6566277146339417,0.06510812044143677,0.6827822923660278,0.6573907732963562,-0.38238123059272766,0.32967811822891235,-0.5594052672386169,0.6726934909820557,0.031156376004219055,0.019978148862719536,0,0.6722267866134644,0.05611502379179001,0.6299407482147217,0.6245551705360413,-0.4094139039516449,0.37154024839401245,-0.5516056418418884,1
0.6592128872871399,0.06417008489370346,0.6769586205482483,0.6540464758872986,-0.38543421030044556,0.33438464999198914,-0.5584357380867004,0.6726934909820557,0.031156376004219055,0.019978148862719536,0,0.6738647222518921,0.05520503968000412,0.6237255334854126,0.6209871768951416,-0.41238299012184143,0.37598732113838196,-0.5504077076911926,1
0.6617000102996826,0.06323311477899551,0.6710847616195679,0.6506754755973816,-0.3884792923927307,0.3390659689903259,-0.5574399828910828,0.6726934909820557,0.031156376004219055,0.019978148862719536,0,0.6754013299942017,0.0542994923889637,0.6174722909927368,0.6173949837684631,-0.41534423828125,0.3804086148738861,-0.5491828322410583,1
0.664088785648346,0.06229707971215248,0.6651621460914612,0.64727783203125,-0.39151638746261597,0.34372207522392273,-0.556418240070343,0.6726934909820557,0.031156376004219055,0.019978148862719536,0,0.6768355369567871,0.05339885875582695,0.6111832857131958,0.6137791275978088,-0.41829708218574524,0.3848034739494324,-0.5479316115379333,1
0.6663786172866821,0.0613626167178154,0.659191906452179,0.6438537836074829,-0.39454564452171326,0.3483530580997467,-0.5553702712059021,0.6726934909820557,0.031156376004219055,0.019978148862719536,0,0.6781674027442932,0.05250343307852745,0.604859471321106,0.6101397275924683,-0.4212418496608734,0.389171838760376,-0.5466534495353699,1
0.6685691475868225,0.06042982265353203,0.6531753540039062,0.640403687953949,-0.3975665867328644,0.3529583513736725,-0.5542961359024048,0.6726934909820557,0.031156376004219055,0.019978148862719536,0,0.6793961524963379,0.051613699644804,0.5985027551651001,0.6064773797988892,-0.42417818307876587,0.39351344108581543,-0.5453486442565918,1
0.670659065246582,0.059499647468328476,0.6471145749092102,0.6369279623031616,-0.4005793035030365,0.3575378656387329,-0.5531957149505615,0.6726934909820557,0.031156376004219055,0.019978148862719536,0,0.6805214285850525,0.05072997510433197,0.5921145081520081,0.6027920246124268,-0.4271062910556793,0.3978281319141388,-0.5440172553062439,1
0.6726481318473816,0.058571964502334595,0.6410107612609863,0.6334268450737,-0.4035837650299072,0.3620912432670593,-0.5520692467689514,0.6726934909820557,0.031156376004219055,0.019978148862719536,0,0.6815431118011475,0.04985271394252777,0.5856959819793701,0.5990842580795288,-0.43002572655677795,0.40211567282676697,-0.5426591038703918,1
0.6745357513427734,0.057647690176963806,0.6348655223846436,0.6299008727073669,-0.40657976269721985,0.36661821603775024,-0.550916314125061,0.6726934909820557,0.031156376004219055,0.019978148862719536,0,0.6824963092803955,0.048946067690849304,0.5789798498153687,0.5951982140541077,-0.4330577552318573,0.4065530002117157,-0.5412158370018005,1
0.6763222217559814,0.05672435462474823,0.6286652088165283,0.6263402104377747,-0.40957391262054443,0.37112972140312195,-0.5497360825538635,0.6726934909820557,0.031156376004219055,0.019978148862719536,0,0.6833360195159912,0.048047326505184174,0.5722346901893616,0.591288685798645,-0.4360799491405487,0.41096031665802,-0.5397438406944275,1
0.6780090928077698,0.05580218881368637,0.6224069595336914,0.6227430105209351,-0.4125688970088959,0.37562867999076843,-0.5485262274742126,0.6726934909820557,0.031156376004219055,0.019978148862719536,0,0.6840620636940002,0.047157127410173416,0.5654615759849548,0.5873555541038513,-0.4390932619571686,0.41533783078193665,-0.5382423996925354,1
0.6795966029167175,0.054881494492292404,0.6160906553268433,0.6191093921661377,-0.41556504368782043,0.38011494278907776,-0.5472859144210815,0.6726934909820557,0.031156376004219055,0.019978148862719536,0,0.6846742630004883,0.04627539590001106,0.558662474155426,0.5833992958068848,-0.44209688901901245,0.4196852147579193,-0.5367120504379272,1
0.6810839176177979,0.053962670266628265,0.6097175478935242,0.6154401898384094,-0.41856181621551514,0.3845878839492798,-0.5460141897201538,0.6726934909820557,0.031156376004219055,0.019978148862719536,0,0.6851717829704285,0.0454028844833374,0.5518395900726318,0.5794203877449036,-0.44509074091911316,0.424002081155777,-0.5351527333259583,1
0.6824695467948914,0.053046196699142456,0.6032903790473938,0.6117361783981323,-0.4215584099292755,0.3890461325645447,-0.5447112917900085,0.6726934909820557,0.031156376004219055,0.019978148862719536,0,0.6855542659759521,0.04454004019498825,0.5449947118759155,0.575419008731842,-0.4480747580528259,0.42828842997550964,-0.5335644483566284,1
0.6837517023086548,0.05213303118944168,0.5968123078346252,0.6079987287521362,-0.42455413937568665,0.3934878706932068,-0.5433771014213562,0.6726934909820557,0.031156376004219055,0.019978148862719536,0,0.6858223080635071,0.04368750378489494,0.5381289124488831,0.5713958740234375,-0.45104894042015076,0.43254393339157104,-0.5319467186927795,1
0.6849290132522583,0.051223721355199814,0.5902861952781677,0.6042286157608032,-0.42754754424095154,0.39791157841682434,-0.542012095451355,0.6726934909820557,0.031156376004219055,0.019978148862719536,0,0.6859749555587769,0.04284525662660599,0.5312442183494568,0.5673508644104004,-0.4540133774280548,0.4367683231830597,-0.5303000807762146,1
0.6859999895095825,0.05031893774867058,0.5837149620056152,0.6004271507263184,-0.4305381774902344,0.4023158848285675,-0.5406162738800049,0.6726934909820557,0.031156376004219055,0.019978148862719536,0,0.6860122084617615,0.042014095932245255,0.5243425369262695,0.5632846355438232,-0.4569675326347351,0.44096168875694275,-0.5286244750022888,1
0.6869632005691528,0.049419473856687546,0.5771012902259827,0.5965951085090637,-0.433525025844574,0.40669959783554077,-0.539189875125885,0.6726934909820557,0.031156376004219055,0.019978148862719536,0,0.6859338879585266,0.04119421914219856,0.5174256563186646,0.5591975450515747,-0.459911584854126,0.4451236128807068,-0.5269196629524231,1
0.6878176331520081,0.04852578043937683,0.5704482197761536,0.5927334427833557,-0.4365077316761017,0.4110615849494934,-0.5377325415611267,0.6726934909820557,0.031156376004219055,0.019978148862719536,0,0.6857399940490723,0.04038643836975098,0.5104950666427612,0.5550898313522339,-0.46284565329551697,0.4492540657520294,-0.5251856446266174,1
0.6885617971420288,0.04763868823647499,0.5637592673301697,0.5888434648513794,-0.43948492407798767,0.415399968624115,-0.5362454056739807,0.6726934909820557,0.031156376004219055,0.019978148862719536,0,0.6854302883148193,0.03959071636199951,0.5035524964332581,0.5509617328643799,-0.46576935052871704,0.45335283875465393,-0.5234224796295166,1
0.6891946196556091,0.046758852899074554,0.5570366978645325,0.5849258899688721,-0.44245633482933044,0.4197142720222473,-0.5347279906272888,0.6726934909820557,0.031156376004219055,0.019978148862719536,0,0.6850047707557678,0.03880771994590759,0.49660056829452515,0.5468140840530396,-0.46868225932121277,0.4574194848537445,-0.5216307044029236,1
0.6897155046463013,0.045886795967817307,0.5502830147743225,0.5809816718101501,-0.44542115926742554,0.4240034222602844,-0.5331803560256958,0.6726934909820557,0.031156376004219055,0.019978148862719536,0,0.6844632625579834,0.03803809732198715,0.4896400570869446,0.5426468253135681,-0.4715851843357086,0.46145424246788025,-0.519809365272522,1
0.6901236176490784,0.04502296447753906,0.5435010194778442,0.5770110487937927,-0.44837936758995056,0.42826640605926514,-0.531603217124939,0.6726934909820557,0.031156376004219055,0.019978148862719536,0,0.6838061213493347,0.03728175163269043,0.48267263174057007,0.5384603142738342,-0.4744774401187897,0.46545690298080444,-0.5179588794708252,1
0.6904182434082031,0.04416811093688011,0.5366930961608887,0.5730155110359192,-0.45132988691329956,0.43250250816345215,-0.5299961566925049,0.6726934909820557,0.031156376004219055,0.019978148862719536,0,0.6830328106880188,0.0365394726395607,0.47570109367370605,0.5342552661895752,-0.4773588478565216,0.4694267809391022,-0.5160796046257019,1
0.6905986666679382,0.04332295432686806,0.5298619270324707,0.5689954161643982,-0.4542725384235382,0.436710923910141,-0.5283597707748413,0.6726934909820557,0.031156376004219055,0.019978148862719536,0,0.6821436882019043,0.03581155836582184,0.46872618794441223,0.5300314426422119,-0.48022979497909546,0.47336462140083313,-0.5141711235046387,1
0.6906647086143494,0.04248739778995514,0.5230093002319336,0.5649513006210327,-0.457207053899765,0.44089144468307495,-0.5266937613487244,0.6726934909820557,0.031156376004219055,0.019978148862719536,0,0.6811386346817017,0.03509875386953354,0.4617506265640259,0.5257900357246399,-0.48308971524238586,0.4772689640522003,-0.5122337937355042,1
0.6906158328056335,0.041662730276584625,0.5161378383636475,0.5608842372894287,-0.4601331055164337,0.44504281878471375,-0.5249983072280884,0.6726934909820557,0.031156376004219055,0.019978148862719536,0,0.68001788854599,0.03440094739198685,0.45477551221847534,0.5215306282043457,-0.4859388768672943,0.48114073276519775,-0.5102671980857849,1
0.6904516220092773,0.040849246084690094,0.5092500448226929,0.5567946434020996,-0.463049978017807,0.44916462898254395,-0.5232738256454468,0.6726934909820557,0.031156376004219055,0.019978148862719536,0,0.6787815690040588,0.033718813210725784,0.4478026032447815,0.5172539353370667,-0.4887770712375641,0.48497945070266724,-0.5082716941833496,1
0.6901717185974121,0.04004716873168945,0.5023478865623474,0.5526829957962036,-0.4659576714038849,0.45325666666030884,-0.52152019739151,0.6726934909820557,0.031156376004219055,0.019978148862719536,0,0.677429735660553,0.0330527201294899,0.4408343434333801,0.5129603743553162,-0.4916038513183594,0.4887847602367401,-0.5062475800514221,1
0.6897761225700378,0.03925704583525658,0.4954337477684021,0.5485501885414124,-0.46885567903518677,0.4573180675506592,-0.5197376608848572,0.6726934909820557,0.031156376004219055,0.019978148862719536,0,0.6759626865386963,0.032403379678726196,0.43387141823768616,0.5086502432823181,-0.49441996216773987,0.4925568699836731,-0.5041938424110413,1
0.6892645359039307,0.03847957402467728,0.4885096251964569,0.5443965196609497,-0.4717438519001007,0.46134865283966064,-0.5179260969161987,0.6726934909820557,0.031156376004219055,0.019978148862719536,0,0.6743804812431335,0.03177065774798393,0.42691662907600403,0.5043238997459412,-0.4972246289253235,0.49629518389701843,-0.5021116733551025,1
0.6886367797851562,0.03771519288420677,0.48157745599746704,0.540222704410553,-0.47462210059165955,0.46534815430641174,-0.5160855650901794,0.6726934909820557,0.031156376004219055,0.019978148862719536,0,0.6726836562156677,0.03115517646074295,0.41997113823890686,0.4999818205833435,-0.5000177621841431,0.49999991059303284,-0.5000004768371582,1
0.6878932118415833,0.03696407005190849,0.47463881969451904,0.5360288023948669,-0.47749024629592896,0.4693162739276886,-0.5142161846160889,0.6726934909820557,0.031156376004219055,0.019978148862719536,0,0.6878932118415833,0.03696407005190849,0.47463881969451904,0.5360288023948669,-0.47749024629592896,0.4693162739276886,-0.5142161846160889,1
0.6878591179847717,0.03670847415924072,0.4675963521003723,0.5328264832496643,-0.4807376265525818,0.47351959347724915,-0.5106528401374817,0.6726934909820557,0.031156376004219055,0.019978148862719536,0,0.6882661581039429,0.036847978830337524,0.47229501605033875,0.5356704592704773,-0.47772082686424255,0.46963733434677124,-0.5140823721885681,1
0.6882556676864624,0.03666173666715622,0.46106287837028503,0.5301101803779602,-0.483622670173645,0.4772580862045288,-0.5072640776634216,0.6726934909820557,0.031156376004219055,0.019978148862719536,0,0.6886280179023743,0.03673294559121132,0.4699503779411316,0.535311758518219,-0.477951318025589,0.4699583351612091,-0.5139482617378235,1
0.6887566447257996,0.03663519397377968,0.455483615398407,0.5278987884521484,-0.48595383763313293,0.48026978969573975,-0.504492461681366,0.6726934909820557,0.031156376004219055,0.019978148862719536,0,0.6889790892601013,0.03661900386214256,0.4676057994365692,0.5349529385566711,-0.4781818091869354,0.4702790081501007,-0.5138142108917236,1
0.6892702579498291,0.03659608215093613,0.4510083794593811,0.5262143611907959,-0.4876958131790161,0.4825255870819092,-0.5024142861366272,0.6726934909820557,0.031156376004219055,0.019978148862719536,0,0.6893191337585449,0.03650619089603424,0.465260773897171,0.5345939993858337,-0.47841233015060425,0.4705996513366699,-0.5136797428131104,1
0.6897826194763184,0.03654372692108154,0.44768545031547546,0.5250712037086487,-0.4888487756252289,0.48402395844459534,-0.5010466575622559,0.6726934909820557,0.031156376004219055,0.019978148862719536,0,0.6896480321884155,0.036394428461790085,0.46291595697402954,0.5342350602149963,-0.4786425530910492,0.4709199368953705,-0.5135451555252075,1
0.6903025507926941,0.036480315029621124,0.4455282986164093,0.52447509765625,-0.4894201457500458,0.4847710132598877,-0.5003906488418579,0.6726934909820557,0.031156376004219055,0.019978148862719536,0,0.689966082572937,0.036283738911151886,0.460570752620697,0.5338757038116455,-0.47887295484542847,0.4712400734424591,-0.5134103298187256,1
0.6908408999443054,0.036407455801963806,0.44453805685043335,0.524425745010376,-0.4894179403781891,0.48477476835250854,-0.500440776348114,0.6726934909820557,0.031156376004219055,0.019978148862719536,0,0.6902731657028198,0.03617417812347412,0.4582258462905884,0.533516526222229,-0.4791030287742615,0.47155991196632385,-0.5132752060890198,1
0.6913065314292908,0.03632378205657005,0.4443718492984772,0.5247621536254883,-0.4890005886554718,0.4842506945133209,-0.5010032653808594,0.6726934909820557,0.031156376004219055,0.019978148862719536,0,0.6905690431594849,0.0360654816031456,0.45588088035583496,0.5331569910049438,-0.47933319211006165,0.4718796908855438,-0.5131401419639587,1
0.6916319727897644,0.036241307854652405,0.4444117546081543,0.5251973867416382,-0.4884657859802246,0.4835814833641052,-0.5017148852348328,0.6726934909820557,0.031156376004219055,0.019978148862719536,0,0.6908541917800903,0.03595811873674393,0.45353612303733826,0.5327975153923035,-0.47956323623657227,0.4721989929676056,-0.5130048990249634,1
0.69188392162323,0.03616838902235031,0.4444095492362976,0.5256280303001404,-0.4879312813282013,0.4829079210758209,-0.5024322867393494,0.6726934909820557,0.031156376004219055,0.019978148862719536,0,0.6911282539367676,0.03585188090801239,0.45119157433509827,0.5324380993843079,-0.4797932207584381,0.47251802682876587,-0.5128691792488098,1
0.6921049952507019,0.036101847887039185,0.44426238536834717,0.5260141491889954,-0.4874398112297058,0.48228582739830017,-0.5031023025512695,0.6726934909820557,0.031156376004219055,0.019978148862719536,0,0.6913914084434509,0.0357467457652092,0.44884711503982544,0.5320783257484436,-0.48002317547798157,0.472836971282959,-0.5127333402633667,1
0.6923156976699829,0.03603685274720192,0.4439329504966736,0.526339590549469,-0.4870070219039917,0.48173731565475464,-0.503706157207489,0.6726934909820557,0.031156376004219055,0.019978148862719536,0,0.691643476486206,0.03564271330833435,0.4465029835700989,0.531718373298645,-0.48025310039520264,0.47315558791160583,-0.5125975012779236,1
0.69252610206604,0.035970862954854965,0.44341304898262024,0.5266005396842957,-0.4866366684436798,0.48126888275146484,-0.5042389035224915,0.6726934909820557,0.031156376004219055,0.019978148862719536,0,0.691884458065033,0.035539861768484116,0.4441596269607544,0.5313586592674255,-0.4804827570915222,0.4734738767147064,-0.5124614834785461,1
0.6927394270896912,0.03590220957994461,0.44271016120910645,0.5267985463142395,-0.48632675409317017,0.4808790385723114,-0.5047027468681335,0.6726934909820557,0.031156376004219055,0.019978148862719536,0,0.6921147704124451,0.03543808311223984,0.4418160617351532,0.5309983491897583,-0.4807126522064209,0.4737921357154846,-0.5123250484466553,1
0.692956805229187,0.03583024814724922,0.4418359398841858,0.5269371271133423,-0.4860735833644867,0.4805636405944824,-0.5051020979881287,0.6726934909820557,0.031156376004219055,0.019978148862719536,0,0.6923338770866394,0.035337433218955994,0.4394732415676117,0.5306382775306702,-0.4809423089027405,0.4741102457046509,-0.5121884942054749,1
0.6931774616241455,0.03575481101870537,0.44080662727355957,0.527022123336792,-0.48587173223495483,0.4803158938884735,-0.505443274974823,0.6726934909820557,0.031156376004219055,0.019978148862719536,0,0.6925420165061951,0.03523767367005348,0.437130868434906,0.5302777290344238,-0.4811718463897705,0.4744281768798828,-0.5120517015457153,1
0.6934003829956055,0.035676512867212296,0.4396359920501709,0.5270583629608154,-0.4857167601585388,0.48012953996658325,-0.5057314038276672,0.6726934909820557,0.031156376004219055,0.019978148862719536,0,0.6927391886711121,0.035139307379722595,0.43478909134864807,0.5299172401428223,-0.4814014434814453,0.47474583983421326,-0.5119145512580872,1
0.6936236023902893,0.03559583052992821,0.43833938241004944,0.5270510315895081,-0.48560380935668945,0.4799981415271759,-0.505972146987915,0.6726934909820557,0.031156376004219055,0.019978148862719536,0,0.6929253935813904,0.03504205495119095,0.43244820833206177,0.5295567512512207,-0.48163095116615295,0.4750630855560303,-0.5117776393890381,1
0.6938464641571045,0.03551255911588669,0.43692901730537415,0.5270043611526489,-0.48552849888801575,0.47991660237312317,-0.506170392036438,0.6726934909820557,0.031156376004219055,0.019978148862719536,0,0.6931007504463196,0.03494596853852272,0.43010789155960083,0.5291962623596191,-0.48186033964157104,0.4753800630569458,-0.5116400718688965,1
0.6940670013427734,0.035427436232566833,0.43541771173477173,0.5269230008125305,-0.4854865074157715,0.4798789322376251,-0.5063310265541077,0.6726934909820557,0.031156376004219055,0.019978148862719536,0,0.6932651996612549,0.03485099971294403,0.4277680516242981,0.5288353562355042,-0.4820898473262787,0.4756968915462494,-0.5115025639533997,1
0.6942839622497559,0.035341084003448486,0.43381592631340027,0.5268104672431946,-0.4854746460914612,0.47988051176071167,-0.506458044052124,0.6726934909820557,0.031156376004219055,0.019978148862719536,0,0.6934186220169067,0.03475718945264816,0.42542922496795654,0.5284745693206787,-0.48231902718544006,0.4760133922100067,-0.5113649964332581,1
0.6944965124130249,0.035253383219242096,0.43213334679603577,0.5266701579093933,-0.48548948764801025,0.47991693019866943,-0.5065551996231079,0.6726934909820557,0.031156376004219055,0.019978148862719536,0,0.6935611963272095,0.03466452285647392,0.42309093475341797,0.5281134247779846,-0.48254838585853577,0.47633013129234314,-0.5112267136573792,1
0.6947029232978821,0.035164713859558105,0.430379718542099,0.5265053510665894,-0.4855276644229889,0.47998449206352234,-0.5066259503364563,0.6726934909820557,0.031156376004219055,0.019978148862719536,0,0.693692684173584,0.03457276150584221,0.4207541346549988,0.5277523398399353,-0.4827774167060852,0.4766460657119751,-0.5110889077186584,1
0.6949030160903931,0.03507568687200546,0.4285615384578705,0.5263184905052185,-0.48558732867240906,0.480079710483551,-0.5066725611686707,0.6726934909820557,0.031156376004219055,0.019978148862719536,0,0.6938134431838989,0.034482378512620926,0.41841787099838257,0.5273910164833069,-0.4830065071582794,0.476962149143219,-0.5109504461288452,1
0.6950953602790833,0.03498614579439163,0.4266873002052307,0.5261123180389404,-0.48566538095474243,0.4801991879940033,-0.506698727607727,0.6726934909820557,0.031156376004219055,0.019978148862719536,0,0.69392329454422,0.03439321368932724,0.4160827398300171,0.5270296931266785,-0.48323559761047363,0.477277934551239,-0.5108118653297424,1
0.6952797770500183,0.0348963662981987,0.42476212978363037,0.5258887410163879,-0.485760360956192,0.4803406000137329,-0.5067058801651001,0.6726934909820557,0.031156376004219055,0.019978148862719536,0,0.6940220594406128,0.034305159002542496,0.41374900937080383,0.5266682505607605,-0.4834645688533783,0.4775933027267456,-0.5106732845306396,1
0.6954553127288818,0.034806739538908005,0.4227924048900604,0.5256495475769043,-0.48587000370025635,0.4805009961128235,-0.5066967010498047,0.6726934909820557,0.031156376004219055,0.019978148862719536,0,0.6941100358963013,0.03421826660633087,0.4114161729812622,0.526306688785553,-0.48369356989860535,0.4779084622859955,-0.5105342268943787,1
0.6956217885017395,0.03471727669239044,0.42078208923339844,0.5253966450691223,-0.48599305748939514,0.48067888617515564,-0.506672203540802,0.6726934909820557,0.031156376004219055,0.019978148862719536,0,0.6941871643066406,0.03413256257772446,0.4090842604637146,0.5259448885917664,-0.48392254114151,0.4782235622406006,-0.5103950500488281,1
0.6957785487174988,0.03462805598974228,0.41873699426651,0.5251317024230957,-0.48612749576568604,0.4808718264102936,-0.5066350102424622,0.6726934909820557,0.031156376004219055,0.019978148862719536,0,0.6942532062530518,0.03404805064201355,0.4067540168762207,0.5255831480026245,-0.4841511845588684,0.47853827476501465,-0.5102556943893433,1
0.695925235748291,0.034539371728897095,0.4166601300239563,0.5248556733131409,-0.48627251386642456,0.481078177690506,-0.5065858364105225,0.6726934909820557,0.031156376004219055,0.019978148862719536,0,0.6943086385726929,0.03396466001868248,0.4044250249862671,0.5252212882041931,-0.48437991738319397,0.4788528382778168,-0.5101162195205688,1
0.6960616111755371,0.03445127233862877,0.4145556688308716,0.5245700478553772,-0.48642659187316895,0.48129627108573914,-0.506526529788971,0.6726934909820557,0.031156376004219055,0.019978148862719536,0,0.6943530440330505,0.033882226794958115,0.40209731459617615,0.5248591899871826,-0.4846084415912628,0.4791673421859741,-0.5099765062332153,1
0.696187436580658,0.03436371311545372,0.4124266803264618,0.5242758393287659,-0.48658910393714905,0.48152491450309753,-0.5064579248428345,0.6726934909820557,0.031156376004219055,0.019978148862719536,0,0.6943866610527039,0.03380119055509567,0.39977094531059265,0.5244970321655273,-0.48483705520629883,0.47948139905929565,-0.509836733341217,1
0.6963024139404297,0.0342768169939518,0.41027581691741943,0.523973822593689,-0.48675861954689026,0.48176291584968567,-0.5063812136650085,0.6726934909820557,0.031156376004219055,0.019978148862719536,0,0.6944094896316528,0.033721379935741425,0.3974459767341614,0.5241347551345825,-0.48506563901901245,0.4797952473163605,-0.5096964240074158,1
0.6964065432548523,0.0341910719871521,0.40810543298721313,0.5236650109291077,-0.48693475127220154,0.4820094108581543,-0.506296694278717,0.6726934909820557,0.031156376004219055,0.019978148862719536,0,0.6944214105606079,0.03364270180463791,0.3951226472854614,0.5237723588943481,-0.4852941632270813,0.4801088571548462,-0.509556233882904,1
0.6964995861053467,0.03410598635673523,0.4059181809425354,0.5233501195907593,-0.48711657524108887,0.4822629988193512,-0.5062057971954346,0.6726934909820557,0.031156376004219055,0.019978148862719536,0,0.6944225430488586,0.03356524556875229,0.3928012549877167,0.5234100222587585,-0.4855223596096039,0.4804222285747528,-0.5094157457351685,1
0.6965814232826233,0.03402160108089447,0.40371593832969666,0.5230295658111572,-0.4873034954071045,0.48252344131469727,-0.5061091184616089,0.6726934909820557,0.031156376004219055,0.019978148862719536,0,0.6944130063056946,0.03348894417285919,0.3904809355735779,0.5230475068092346,-0.4857507646083832,0.4807352125644684,-0.509274959564209,1
0.696651816368103,0.03393840789794922,0.4015007019042969,0.5227044820785522,-0.48749491572380066,0.4827892482280731,-0.5060070157051086,0.6726934909820557,0.031156376004219055,0.019978148862719536,0,0.6943923234939575,0.033413857221603394,0.3881627917289734,0.5226848125457764,-0.48597896099090576,0.48104822635650635,-0.50913405418396,1
0.6967111825942993,0.03385617956519127,0.39927417039871216,0.5223749279975891,-0.48769041895866394,0.4830600321292877,-0.5059006214141846,0.6726934909820557,0.031156376004219055,0.019978148862719536,0,0.6943609714508057,0.0333399698138237,0.38584649562835693,0.5223220586776733,-0.48620718717575073,0.4813607931137085,-0.5089931488037109,1
0.6967589855194092,0.03377491235733032,0.3970373570919037,0.5220414996147156,-0.4878891110420227,0.4833355247974396,-0.5057899951934814,0.6726934909820557,0.031156376004219055,0.019978148862719536,0,0.6943190693855286,0.03326699882745743,0.38353127241134644,0.5219589471817017,-0.48643529415130615,0.4816734492778778,-0.5088517069816589,1
0.6967954039573669,0.033694591373205185,0.3947920799255371,0.5217047929763794,-0.48809102177619934,0.4836147427558899,-0.5056758522987366,0.6726934909820557,0.031156376004219055,0.019978148862719536,0,0.6942662596702576,0.03319548815488815,0.381218284368515,0.52159583568573,-0.48666349053382874,0.4819857180118561,-0.5087103247642517,1
0.6968205571174622,0.03361552953720093,0.39253896474838257,0.5213648080825806,-0.48829588294029236,0.48389750719070435,-0.5055580735206604,0.6726934909820557,0.031156376004219055,0.019978148862719536,0,0.6942026615142822,0.033125199377536774,0.37890756130218506,0.5212328433990479,-0.4868912398815155,0.4822976291179657,-0.5085686445236206,1
0.6968343257904053,0.033537473529577255,0.3902796506881714,0.5210223197937012,-0.488503098487854,0.4841829836368561,-0.5054376125335693,0.6726934909820557,0.031156376004219055,0.019978148862719536,0,0.6941282749176025,0.033056072890758514,0.37659844756126404,0.5208696126937866,-0.48711922764778137,0.4826095402240753,-0.5084267258644104,1
0.6968366503715515,0.033460624516010284,0.38801467418670654,0.520677387714386,-0.488712340593338,0.4844713807106018,-0.5053145885467529,0.6726934909820557,0.031156376004219055,0.019978148862719536,0,0.6940432786941528,0.03298817202448845,0.37429118156433105,0.5205060243606567,-0.4873473346233368,0.48292121291160583,-0.5082845687866211,1
0.6968275904655457,0.03338479995727539,0.3857450485229492,0.5203301310539246,-0.4889236092567444,0.4847619831562042,-0.505189061164856,0.6726934909820557,0.031156376004219055,0.019978148862719536,0,0.6939473748207092,0.032921478152275085,0.3719865381717682,0.5201427340507507,-0.48757511377334595,0.48323237895965576,-0.5081421732902527,1
0.696807324886322,0.0333104133605957,0.38347136974334717,0.5199810862541199,-0.4891367256641388,0.48505452275276184,-0.5050613880157471,0.6726934909820557,0.031156376004219055,0.019978148862719536,0,0.6938409209251404,0.032856009900569916,0.3696836233139038,0.5197791457176208,-0.4878028631210327,0.4835435748100281,-0.50799959897995,1
0.6967756152153015,0.0332367978990078,0.38119447231292725,0.5196301341056824,-0.4893508851528168,0.48534905910491943,-0.5049320459365845,0.6726934909820557,0.031156376004219055,0.019978148862719536,0,0.6937237977981567,0.03279171511530876,0.3673830032348633,0.5194153785705566,-0.4880305230617523,0.4838542342185974,-0.507857084274292,1
0.6967326998710632,0.03316468745470047,0.37891483306884766,0.5192777514457703,-0.48956677317619324,0.48564502596855164,-0.5048006772994995,0.6726934909820557,0.031156376004219055,0.019978148862719536,0,0.6935960054397583,0.03272838145494461,0.3650847375392914,0.5190515518188477,-0.48825803399086,0.4841649532318115,-0.5077143311500549,1
0.6966782212257385,0.03309360519051552,0.37663358449935913,0.5189240574836731,-0.4897835850715637,0.4859422445297241,-0.504668116569519,0.6726934909820557,0.031156376004219055,0.019978148862719536,0,0.6934573650360107,0.03266655281186104,0.36278897523880005,0.5186877846717834,-0.4884853661060333,0.484475314617157,-0.5075712203979492,1
0.6966127157211304,0.03302375227212906,0.3743501305580139,0.5185688138008118,-0.49000149965286255,0.486240953207016,-0.5045338869094849,0.6726934909820557,0.031156376004219055,0.019978148862719536,0,0.6933082938194275,0.032605916261672974,0.36049526929855347,0.5183237195014954,-0.48871293663978577,0.4847854673862457,-0.507427990436554,1
0.696536123752594,0.0329551175236702,0.372065931558609,0.5182128548622131,-0.4902202785015106,0.48654019832611084,-0.5043987035751343,0.6726934909820557,0.031156376004219055,0.019978148862719536,0,0.6931484937667847,0.032546497881412506,0.3582039475440979,0.5179595947265625,-0.4889402687549591,0.4850953221321106,-0.5072845816612244,1
0.6964481472969055,0.03288749232888222,0.3697810173034668,0.5178556442260742,-0.4904397428035736,0.48684054613113403,-0.5042624473571777,0.6726934909820557,0.031156376004219055,0.019978148862719536,0,0.6929779648780823,0.032488323748111725,0.35591527819633484,0.5175952911376953,-0.4891676902770996,0.48540517687797546,-0.5071408152580261,1
0.6963489651679993,0.03282112628221512,0.36749598383903503,0.5174974799156189,-0.49065983295440674,0.48714154958724976,-0.5041252970695496,0.6726934909820557,0.031156376004219055,0.019978148862719536,0,0.6927969455718994,0.03243134170770645,0.3536287844181061,0.5172308683395386,-0.4893951416015625,0.4857146441936493,-0.5069968700408936,1
0.6962389945983887,0.032756004482507706,0.3652108609676361,0.5171388983726501,-0.49088042974472046,0.4874429404735565,-0.503987193107605,0.6726934909820557,0.031156376004219055,0.019978148862719536,0,0.6926053762435913,0.032375603914260864,0.3513450026512146,0.5168665051460266,-0.48962241411209106,0.48602381348609924,-0.5068526268005371,1
0.696117639541626,0.03269241377711296,0.36292582750320435,0.5167794227600098,-0.4911017417907715,0.4877449870109558,-0.5038480162620544,0.6726934909820557,0.031156376004219055,0.019978148862719536,0,0.6924031972885132,0.032321102917194366,0.34906405210494995,0.5165019631385803,-0.48984959721565247,0.4863329529762268,-0.5067083239555359,1
0.6959856152534485,0.03262977674603462,0.3606414198875427,0.5164191722869873,-0.49132347106933594,0.4880474805831909,-0.5037081837654114,0.6726934909820557,0.031156376004219055,0.019978148862719536,0,0.692190408706665,0.032267551869153976,0.3467857837677002,0.5161371231079102,-0.4900765120983124,0.48664164543151855,-0.5065641403198242,1
0.695842444896698,0.03256814554333687,0.35835808515548706,0.5160585641860962,-0.49154531955718994,0.4883502125740051,-0.5035679936408997,0.6726934909820557,0.031156376004219055,0.019978148862719536,0,0.6919671297073364,0.032215479761362076,0.34450989961624146,0.5157723426818848,-0.49030357599258423,0.4869503676891327,-0.50641930103302,1
0.6956882476806641,0.03250804543495178,0.3560759723186493,0.5156973600387573,-0.4917674660682678,0.4886530637741089,-0.5034273266792297,0.6726934909820557,0.031156376004219055,0.019978148862719536,0,0.6917332410812378,0.032164670526981354,0.34223753213882446,0.5154075622558594,-0.49053046107292175,0.4872584342956543,-0.5062747001647949,1
0.695523202419281,0.03244912996888161,0.3537946045398712,0.5153355598449707,-0.49199026823043823,0.4889563024044037,-0.5032856464385986,0.6726934909820557,0.031156376004219055,0.019978148862719536,0,0.691489040851593,0.032115060836076736,0.3399673104286194,0.5150425434112549,-0.49075737595558167,0.4875665605068207,-0.5061295032501221,1
0.6953471899032593,0.032391250133514404,0.3515152335166931,0.514973521232605,-0.49221283197402954,0.4892596900463104,-0.5031437873840332,0.6726934909820557,0.031156376004219055,0.019978148862719536,0,0.6912342309951782,0.0320667140185833,0.33770039677619934,0.5146775841712952,-0.4909840226173401,0.48787426948547363,-0.505984365940094,1
0.6951605677604675,0.03233487159013748,0.34923723340034485,0.5146111249923706,-0.4924359917640686,0.4895630478858948,-0.5030011534690857,0.6726934909820557,0.031156376004219055,0.019978148862719536,0,0.6909688711166382,0.03201959654688835,0.33543622493743896,0.5143123269081116,-0.4912109076976776,0.48818206787109375,-0.5058388710021973,1
0.6949627995491028,0.03227950260043144,0.34696102142333984,0.5142481923103333,-0.4926591217517853,0.4898667633533478,-0.5028582215309143,0.6726934909820557,0.031156376004219055,0.019978148862719536,0,0.6906931400299072,0.031973712146282196,0.3331752419471741,0.513947069644928,-0.4914376735687256,0.48848918080329895,-0.5056931972503662,1
0.694754421710968,0.032225627452135086,0.34468701481819153,0.5138850212097168,-0.4928824007511139,0.4901700019836426,-0.5027149319648743,0.6726934909820557,0.031156376004219055,0.019978148862719536,0,0.6904069185256958,0.03192909061908722,0.3309169411659241,0.5135815143585205,-0.49166446924209595,0.48879656195640564,-0.5055471062660217,1
0.6945354342460632,0.03217271342873573,0.3424150049686432,0.5135215520858765,-0.4931056797504425,0.49047356843948364,-0.5025712847709656,0.6726934909820557,0.031156376004219055,0.019978148862719536,0,0.6901103258132935,0.031885407865047455,0.328662246465683,0.513215959072113,-0.49189093708992004,0.4891033172607422,-0.5054014921188354,1
0.6943055987358093,0.032121069729328156,0.3401453197002411,0.513157844543457,-0.49332907795906067,0.4907769560813904,-0.5024273991584778,0.6726934909820557,0.031156376004219055,0.019978148862719536,0,0.6898033618927002,0.03184325993061066,0.3264105021953583,0.5128504037857056,-0.492117315530777,0.48941004276275635,-0.5052551627159119,1
0.6940650939941406,0.032070934772491455,0.33787801861763,0.5127938985824585,-0.4935525953769684,0.4910801947116852,-0.5022831559181213,0.6726934909820557,0.031156376004219055,0.019978148862719536,0,0.6894859671592712,0.03180234879255295,0.3241618275642395,0.5124845504760742,-0.49234384298324585,0.4897165894508362,-0.5051085352897644,1
0.6938138604164124,0.03202178329229355,0.33561334013938904,0.5124298334121704,-0.4937759041786194,0.4913833737373352,-0.502138614654541,0.6726934909820557,0.031156376004219055,0.019978148862719536,0,0.6891580820083618,0.031762704253196716,0.32191675901412964,0.5121187567710876,-0.49257010221481323,0.4900228977203369,-0.5049618482589722,1
0.6935521364212036,0.031973883509635925,0.3333512544631958,0.5120656490325928,-0.4939994215965271,0.49168631434440613,-0.5019938349723816,0.6726934909820557,0.031156376004219055,0.019978148862719536,0,0.6888198256492615,0.03172428905963898,0.3196752965450287,0.5117530226707458,-0.49279624223709106,0.4903285503387451,-0.5048153400421143,1
0.6932796239852905,0.031927235424518585,0.33109211921691895,0.5117011070251465,-0.4942227602005005,0.49198925495147705,-0.5018488764762878,0.6726934909820557,0.031156376004219055,0.019978148862719536,0,0.6884714961051941,0.03168710321187973,0.3174363672733307,0.5113868117332458,-0.4930226802825928,0.4906345307826996,-0.504668116569519,1
0.6929969191551208,0.03188181668519974,0.328835666179657,0.5113366842269897,-0.4944460391998291,0.4922918379306793,-0.501703679561615,0.6726934909820557,0.031156376004219055,0.019978148862719536,0,0.6881126761436462,0.03165120631456375,0.3152015209197998,0.5110206007957458,-0.4932487905025482,0.49093976616859436,-0.5045211315155029,1
0.692703366279602,0.031837671995162964,0.32658201456069946,0.51097172498703,-0.4946694076061249,0.4925943613052368,-0.501558244228363,0.6726934909820557,0.031156376004219055,0.019978148862719536,0,0.6877437829971313,0.031616516411304474,0.31297001242637634,0.510654628276825,-0.4934748411178589,0.49124497175216675,-0.5043736696243286,1
0.6923994421958923,0.031794775277376175,0.3243311643600464,0.5106068253517151,-0.49489283561706543,0.4928966760635376,-0.5014124512672424,0.6726934909820557,0.031156376004219055,0.019978148862719536,0,0.6873644590377808,0.03158285841345787,0.3107417821884155,0.5102881193161011,-0.4937008023262024,0.491550087928772,-0.50422602891922,1
0.6920850276947021,0.03175312280654907,0.32208332419395447,0.5102416276931763,-0.49511629343032837,0.4931989014148712,-0.5012665390968323,0.6726934909820557,0.031156376004219055,0.019978148862719536,0,0.686974823474884,0.031550679355859756,0.3085174858570099,0.5099216103553772,-0.49392685294151306,0.4918549358844757,-0.5040782690048218,1
0.6917601823806763,0.03171270713210106,0.3198394477367401,0.5098767876625061,-0.4953393042087555,0.4935005009174347,-0.5011206269264221,0.6726934909820557,0.031156376004219055,0.019978148862719536,0,0.6865751147270203,0.03151978179812431,0.30629652738571167,0.5095550417900085,-0.49415281414985657,0.4921596050262451,-0.5039301514625549,1
0.6914247870445251,0.03167380392551422,0.3175981044769287,0.5095112919807434,-0.4955627918243408,0.4938022494316101,-0.5009740591049194,0.6726934909820557,0.031156376004219055,0.019978148862719536,0,0.6861650943756104,0.03149014338850975,0.3040793538093567,0.5091882944107056,-0.49437859654426575,0.49246394634246826,-0.5037818551063538,1
0.6910790801048279,0.03163592517375946,0.3153601288795471,0.5091459155082703,-0.4957858622074127,0.4941038489341736,-0.5008275508880615,0.6726934909820557,0.031156376004219055,0.019978148862719536,0,0.6857448220252991,0.031461749225854874,0.30186599493026733,0.5088213682174683,-0.49460452795028687,0.49276816844940186,-0.5036333799362183,1
0.690723180770874,0.031599260866642,0.31312575936317444,0.5087805390357971,-0.49600887298583984,0.4944048523902893,-0.5006808042526245,0.6726934909820557,0.031156376004219055,0.019978148862719536,0,0.6853145360946655,0.031434617936611176,0.2996566891670227,0.5084546804428101,-0.49483007192611694,0.49307191371917725,-0.5034849643707275,1
0.6903567314147949,0.031563881784677505,0.3108949065208435,0.5084149241447449,-0.4962317645549774,0.49470558762550354,-0.5005342364311218,0.6726934909820557,0.031156376004219055,0.019978148862719536,0,0.6848739981651306,0.03140874207019806,0.29745081067085266,0.5080875158309937,-0.49505582451820374,0.4933755695819855,-0.5033360123634338,1
0.6899800896644592,0.031529735773801804,0.30866727232933044,0.5080493688583374,-0.4964545667171478,0.49500641226768494,-0.5003870725631714,0.6726934909820557,0.031156376004219055,0.019978148862719536,0,0.6844233274459839,0.03138411045074463,0.29524895548820496,0.507720410823822,-0.4952814280986786,0.49367910623550415,-0.5031869411468506,1
0.6895930171012878,0.031496576964855194,0.3064440190792084,0.5076837539672852,-0.49667713046073914,0.49530652165412903,-0.5002403855323792,0.6726934909820557,0.031156376004219055,0.019978148862719536,0,0.6839627027511597,0.03136052191257477,0.29305148124694824,0.5073534250259399,-0.4955067038536072,0.49398207664489746,-0.5030378699302673,1
0.6891957521438599,0.03146495670080185,0.3042239546775818,0.5073179006576538,-0.49689987301826477,0.4956066906452179,-0.5000931024551392,0.6726934909820557,0.031156376004219055,0.019978148862719536,0,0.6834918260574341,0.03133842349052429,0.2908577024936676,0.506986141204834,-0.4957321584224701,0.49428513646125793,-0.5028885006904602,1
0.6887882947921753,0.031434815376996994,0.30200740694999695,0.5069521069526672,-0.4971224367618561,0.49590641260147095,-0.4999455213546753,0.6726934909820557,0.031156376004219055,0.019978148862719536,0,0.6830110549926758,0.03131759166717529,0.28866803646087646,0.5066186785697937,-0.49595752358436584,0.49458765983581543,-0.5027390122413635,1
0.6883705854415894,0.03140569478273392,0.2997948229312897,0.5065862536430359,-0.49734485149383545,0.49620604515075684,-0.4997979700565338,0.6726934909820557,0.031156376004219055,0.019978148862719536,0,0.6825201511383057,0.03129803389310837,0.2864825427532196,0.5062512755393982,-0.49618276953697205,0.49489012360572815,-0.5025891661643982,1
0.6879428625106812,0.031377822160720825,0.2975859045982361,0.5062202215194702,-0.4975673258304596,0.49650514125823975,-0.49965015053749084,0.6726934909820557,0.031156376004219055,0.019978148862719536,0,0.6820192337036133,0.03127971291542053,0.28430110216140747,0.5058835744857788,-0.496408075094223,0.49519237875938416,-0.5024392604827881,1
0.6875047087669373,0.03135097771883011,0.29538121819496155,0.5058540105819702,-0.4977896213531494,0.49680429697036743,-0.4995024502277374,0.6726934909820557,0.031156376004219055,0.019978148862719536,0,0.681508481502533,0.03126267343759537,0.28212398290634155,0.505515992641449,-0.4966331422328949,0.4954942464828491,-0.5022891163825989,1
0.6870566606521606,0.03132561221718788,0.2931804656982422,0.5054880380630493,-0.4980115592479706,0.4971027672290802,-0.49935460090637207,0.6726934909820557,0.031156376004219055,0.019978148862719536,0,0.6809875965118408,0.031246904283761978,0.27995118498802185,0.5051481127738953,-0.49685826897621155,0.4957960844039917,-0.5021386742591858,1
0.6865983009338379,0.03130149468779564,0.2909834086894989,0.5051217675209045,-0.4982336759567261,0.49740132689476013,-0.49920642375946045,0.6726934909820557,0.031156376004219055,0.019978148862719536,0,0.6804569959640503,0.031232384964823723,0.27778246998786926,0.5047802925109863,-0.49708327651023865,0.49609771370887756,-0.5019879937171936,1
0.6861300468444824,0.03127865865826607,0.28879043459892273,0.5047555565834045,-0.49845555424690247,0.49769964814186096,-0.49905794858932495,0.6726934909820557,0.031156376004219055,0.019978148862719536,0,0.6799163818359375,0.03121887519955635,0.2756182551383972,0.5044121742248535,-0.4973083436489105,0.4963988661766052,-0.5018373131752014,1
0.6856517195701599,0.03125705197453499,0.2866019010543823,0.5043892860412598,-0.4986775815486908,0.4979974329471588,-0.49890950322151184,0.6726934909820557,0.031156376004219055,0.019978148862719536,0,0.6793656945228577,0.03120691329240799,0.2734583914279938,0.5040440559387207,-0.49753323197364807,0.49670010805130005,-0.5016862750053406,1
0.6851633191108704,0.031236737966537476,0.2844175696372986,0.5040228366851807,-0.49889931082725525,0.49829480051994324,-0.4987610876560211,0.6726934909820557,0.031156376004219055,0.019978148862719536,0,0.6788052916526794,0.03119621053338051,0.27130332589149475,0.5036759376525879,-0.49775806069374084,0.4970007836818695,-0.501535177230835,1
0.6846650242805481,0.03121766448020935,0.28223732113838196,0.5036564469337463,-0.49912089109420776,0.4985920190811157,-0.49861249327659607,0.6726934909820557,0.031156376004219055,0.019978148862719536,0,0.6782351732254028,0.03118676319718361,0.2691524624824524,0.5033076405525208,-0.49798282980918884,0.49730125069618225,-0.501383900642395,1
0.684156596660614,0.03119984269142151,0.28006163239479065,0.5032901763916016,-0.4993422329425812,0.49888893961906433,-0.4984637498855591,0.6726934909820557,0.031156376004219055,0.019978148862719536,0,0.6776549816131592,0.031178580597043037,0.26700645685195923,0.5029394030570984,-0.49820736050605774,0.49760153889656067,-0.5012324452400208,1
0.6836385130882263,0.031183280050754547,0.2778899669647217,0.5029236674308777,-0.49956345558166504,0.49918559193611145,-0.4983147978782654,0.6726934909820557,0.031156376004219055,0.019978148862719536,0,0.6770652532577515,0.03117167390882969,0.2648647129535675,0.5025706887245178,-0.4984321594238281,0.4979017674922943,-0.5010806322097778,1
0.6831102967262268,0.031168000772595406,0.2757229208946228,0.502557098865509,-0.4997848570346832,0.49948179721832275,-0.4981659948825836,0.6726934909820557,0.031156376004219055,0.019978148862719536,0,0.6764657497406006,0.031166020780801773,0.2627280056476593,0.5022022724151611,-0.49865657091140747,0.49820151925086975,-0.5009287595748901,1
0.6825722455978394,0.031153947114944458,0.27356037497520447,0.5021907091140747,-0.5000059604644775,0.499777615070343,-0.498016893863678,0.6726934909820557,0.031156376004219055,0.019978148862719536,0,0.6758564114570618,0.031161664053797722,0.2605959177017212,0.5018336772918701,-0.49888095259666443,0.4985012114048004,-0.5007765889167786,1
0.6820242404937744,0.031141189858317375,0.27140241861343384,0.501824140548706,-0.5002269148826599,0.5000733137130737,-0.4978676438331604,0.6726934909820557,0.031156376004219055,0.019978148862719536,0,0.6752374768257141,0.031158309429883957,0.2584685981273651,0.5014647245407104,-0.4991053640842438,0.498800665140152,-0.500624418258667,1
0.6814665794372559,0.031129412353038788,0.26924872398376465,0.5014575123786926,-0.5004476308822632,0.5003690123558044,-0.4977182149887085,0.6726934909820557,0.031156376004219055,0.019978148862719536,0,0.6746088862419128,0.031156467273831367,0.25634604692459106,0.5010960102081299,-0.49932974576950073,0.4990996718406677,-0.500471830368042,1
0.6808989644050598,0.031119156628847122,0.26709967851638794,0.5010907053947449,-0.500668466091156,0.500664234161377,-0.49756863713264465,0.6726934909820557,0.031156376004219055,0.019978148862719536,0,0.6739704608917236,0.031155910342931747,0.254228413105011,0.5007269382476807,-0.4995540380477905,0.4993986189365387,-0.5003190636634827,1
0.6803216338157654,0.031110133975744247,0.26495543122291565,0.5007238388061523,-0.5008891820907593,0.5009589791297913,-0.4974190890789032,0.6726934909820557,0.031156376004219055,0.019978148862719536,0,0.6733225584030151,0.031156636774539948,0.25211554765701294,0.5003577470779419,-0.49977847933769226,0.49969741702079773,-0.5001659989356995,1
0.6797345876693726,0.031102409586310387,0.2628159523010254,0.5003570914268494,-0.5011097192764282,0.5012534856796265,-0.49726933240890503,0.6726934909820557,0.031156376004219055,0.019978148862719536,0,0.6726651191711426,0.03115859255194664,0.25000783801078796,0.499988853931427,-0.5000023245811462,0.4999958574771881,-0.5000128746032715,1
0.6791377663612366,0.03109593316912651,0.2606809735298157,0.4999902844429016,-0.5013300180435181,0.5015478730201721,-0.49711936712265015,0.6726934909820557,0.031156376004219055,0.019978148862719536,1,0.6791377663612366,0.03109593316912651,0.2606809735298157,0.4999902844429016,-0.5013300180435181,0.5015478730201721,-0.49711936712265015,0
0.6790011525154114,0.031101927161216736,0.25909191370010376,0.49946457147598267,-0.5018418431282043,0.5021864771842957,-0.4964863061904907,0.6726934909820557,0.031156376004219055,0.019978148862719536,1,0.6791377663612366,0.03109593316912651,0.2606809735298157,0.4999902844429016,-0.5013300180435181,0.5015478730201721,-0.49711936712265015,0
0.679083526134491,0.031092863529920578,0.258045494556427,0.4990420937538147,-0.5022589564323425,0.5027174949645996,-0.49595150351524353,0.6726934909820557,0.031156376004219055,0.019978148862719536,1,0.6791377663612366,0.03109593316912651,0.2606809735298157,0.4999902844429016,-0.5013300180435181,0.5015478730201721,-0.49711936712265015,0
0.6791640520095825,0.031077967956662178,0.257250040769577,0.4987259805202484,-0.5025664567947388,0.5031149983406067,-0.4955548346042633,0.6726934909820557,0.031156376004219055,0.019978148862719536,1,0.6791377663612366,0.03109593316912651,0.2606809735298157,0.4999902844429016,-0.5013300180435181,0.5015478730201721,-0.49711936712265015,0
0.6792336702346802,0.0310650821775198,0.25660160183906555,0.49846959114074707,-0.5028151869773865,0.503436803817749,-0.4952336251735687,0.6726934909820557,0.031156376004219055,0.019978148862719536,1,0.6791377663612366,0.03109593316912651,0.2606809735298157,0.4999902844429016,-0.5013300180435181,0.5015478730201721,-0.49711936712265015,0
0.6792945861816406,0.031054718419909477,0.25605064630508423,0.49825289845466614,-0.5030255913734436,0.5037087798118591,-0.4949614107608795,0.6726934909820557,0.031156376004219055,0.019978148862719536,1,0.6791377663612366,0.03109593316912651,0.2606809735298157,0.4999902844429016,-0.5013300180435181,0.5015478730201721,-0.49711936712265015,0
0.6793479919433594,0.03104677051305771,0.25557252764701843,0.498065322637558,-0.5032082796096802,0.503943681716919,-0.49472522735595703,0.6726934909820557,0.031156376004219055,0.019978148862719536,1,0.6791377663612366,0.03109593316912651,0.2606809735298157,0.4999902844429016,-0.5013300180435181,0.5015478730201721,-0.49711936712265015,0
0.6793957948684692,0.031035136431455612,0.2551575303077698,0.4978986084461212,-0.5033676028251648,0.5041462182998657,-0.49452462792396545,0.6726465821266174,0.03176336735486984,0.020297374576330185,1,0.6791377663612366,0.03109593316912651,0.2606809735298157,0.4999902844429016,-0.5013300180435181,0.5015478730201721,-0.49711936712265015,0
0.6794382333755493,0.03102666698396206,0.2547902762889862,0.49775394797325134,-0.5035065412521362,0.504326343536377,-0.49434491991996765,0.6725519895553589,0.03216977417469025,0.020299071446061134,1,0.6794382333755493,0.03102666698396206,0.2547902762889862,0.49775394797325134,-0.5035065412521362,0.504326343536377,-0.49434491991996765,0
0.6794871687889099,0.031029097735881805,0.25418445467948914,0.4975340664386749,-0.5037276744842529,0.5046011805534363,-0.4940605163574219,0.6723856925964355,0.032115381211042404,0.01978321559727192,1,0.6833893656730652,0.03138633817434311,0.2626459002494812,0.502163290977478,-0.5006771087646484,0.500575602054596,-0.4965667426586151,0
0.6798940896987915,0.03105657920241356,0.25390422344207764,0.4975295960903168,-0.503873884677887,0.5047607421875,-0.49375277757644653,0.6725829243659973,0.03204772621393204,0.01967136561870575,1,0.6871894001960754,0.03177277371287346,0.270571768283844,0.5065560340881348,-0.4978356957435608,0.49678996205329895,-0.4987587332725525,0
0.680643618106842,0.03110683336853981,0.2541910707950592,0.49785518646240234,-0.5038225054740906,0.5046642422676086,-0.4935758113861084,0.6732502579689026,0.03201659396290779,0.019953470677137375,1,0.6908365488052368,0.032185595482587814,0.2785660922527313,0.5109321475028992,-0.49498212337493896,0.49296945333480835,-0.5009211897850037,0
0.6817137002944946,0.031181341037154198,0.2551373243331909,0.49854838848114014,-0.5035278797149658,0.5042530298233032,-0.4935969412326813,0.6745679378509521,0.03206523135304451,0.020717771723866463,1,0.6943293213844299,0.03262411803007126,0.28662580251693726,0.5152912139892578,-0.4921163320541382,0.4891144633293152,-0.5030542016029358,0
0.6830748319625854,0.0312814898788929,0.25675904750823975,0.499609112739563,-0.5029810070991516,0.5035126209259033,-0.4938378930091858,0.6765303611755371,0.03219040483236313,0.022055841982364655,1,0.6976665258407593,0.03308848291635513,0.29474735260009766,0.5196326971054077,-0.4892389476299286,0.485225111246109,-0.5051569938659668,0
0.6846912503242493,0.03140748664736748,0.25903406739234924,0.5010172128677368,-0.5021904706954956,0.5024513602256775,-0.49429649114608765,0.679025411605835,0.032382361590862274,0.02402541972696781,1,0.7008469700813293,0.03357796370983124,0.3029278814792633,0.523956298828125,-0.48634979128837585,0.481301873922348,-0.5072298049926758,0
0.6865235567092896,0.03156018629670143,0.26191431283950806,0.5027417540550232,-0.5011758208274841,0.5010931491851807,-0.49495357275009155,0.6819865703582764,0.03263534978032112,0.026593605056405067,1,0.703869104385376,0.03409213945269585,0.311164528131485,0.5282615423202515,-0.48344898223876953,0.4773445129394531,-0.5092728734016418,0
0.6885285377502441,0.03174065798521042,0.2653370797634125,0.5047445893287659,-0.49996381998062134,0.4994707405567169,-0.4957801103591919,0.6853410005569458,0.032945916056632996,0.029706070199608803,1,0.7067320942878723,0.03463030233979225,0.319454550743103,0.5325482487678528,-0.48053643107414246,0.4733533263206482,-0.511286199092865,0
0.6906739473342896,0.03194886073470116,0.26924949884414673,0.5069940686225891,-0.49857568740844727,0.4976104199886322,-0.4967525005340576,0.6890329122543335,0.03331151232123375,0.033317387104034424,1,0.7094348669052124,0.03519248217344284,0.32779407501220703,0.5368159413337708,-0.47761252522468567,0.4693283140659332,-0.5132696032524109,0
0.6929301023483276,0.032185181975364685,0.2736055850982666,0.5094621777534485,-0.4970296323299408,0.4955342411994934,-0.49785083532333374,0.6930122375488281,0.033729810267686844,0.03738795965909958,1,0.7119759321212769,0.03577794134616852,0.3361808657646179,0.5410642623901367,-0.4746772050857544,0.4652699828147888,-0.5152230858802795,0
0.6952695846557617,0.0324493870139122,0.27836546301841736,0.5121240615844727,-0.49534159898757935,0.49326133728027344,-0.49905794858932495,0.6972331404685974,0.03419859707355499,0.041882745921611786,1,0.7143547534942627,0.03638623654842377,0.34461161494255066,0.5452930331230164,-0.4717302620410919,0.461178183555603,-0.5171465873718262,0
0.6976667642593384,0.03274146467447281,0.2834918200969696,0.5149570107460022,-0.4935254156589508,0.49080991744995117,-0.5003573894500732,0.7016538381576538,0.034715984016656876,0.04677049070596695,1,0.716570258140564,0.03701680898666382,0.3530825972557068,0.549501359462738,-0.4687725603580475,0.4570535123348236,-0.519040048122406,0
0.7000985145568848,0.03306102380156517,0.28895264863967896,0.517940878868103,-0.491593599319458,0.4881945848464966,-0.5017358064651489,0.7062360644340515,0.03528686612844467,0.052023354917764664,1,0.718621551990509,0.03766894340515137,0.3615913987159729,0.5536891222000122,-0.46580347418785095,0.452895849943161,-0.5209037065505981,0
0.7025437355041504,0.03340834379196167,0.2947182059288025,0.5210577845573425,-0.4895574450492859,0.4854295551776886,-0.5031802654266357,0.7109451293945312,0.03590433672070503,0.05761627107858658,1,0.7205078601837158,0.03834261745214462,0.3701346218585968,0.5578562021255493,-0.46282345056533813,0.44870543479919434,-0.5227373242378235,0
0.7049828171730042,0.03378327563405037,0.3007626533508301,0.5242913365364075,-0.4874269366264343,0.48252642154693604,-0.504679799079895,0.7157496809959412,0.036556944251060486,0.06352457404136658,1,0.7222285270690918,0.03903690725564957,0.37870875000953674,0.5620019435882568,-0.45983242988586426,0.44448262453079224,-0.5245408415794373,0
0.7073982357978821,0.0341854952275753,0.30706149339675903,0.527627170085907,-0.4852103888988495,0.4794965386390686,-0.5062247514724731,0.7206207513809204,0.03725937381386757,0.06972816586494446,1,0.7237825989723206,0.039751529693603516,0.38731124997138977,0.5661259889602661,-0.45683056116104126,0.44022732973098755,-0.5263144969940186,0
0.7097738981246948,0.03461473062634468,0.31359317898750305,0.5310521721839905,-0.4829159677028656,0.4763489365577698,-0.5078063607215881,0.7255398631095886,0.03799637407064438,0.0762525200843811,1,0.7251697182655334,0.04048553854227066,0.395938515663147,0.5702279210090637,-0.45381802320480347,0.43593987822532654,-0.5280583500862122,0
0.7120957374572754,0.03507094457745552,0.3203381597995758,0.5345549583435059,-0.4805504083633423,0.4730924367904663,-0.5094171166419983,0.7304675579071045,0.03877662867307663,0.08299411833286285,1,0.726389467716217,0.04123891890048981,0.40458762645721436,0.5743078589439392,-0.45079469680786133,0.4316202998161316,-0.5297721028327942,0
0.7143503427505493,0.03555391728878021,0.3272777795791626,0.5381247997283936,-0.4781203866004944,0.4697344899177551,-0.5110498666763306,0.7353867292404175,0.039596784859895706,0.08995911478996277,1,0.7274410128593445,0.0420108400285244,0.41325467824935913,0.5783647298812866,-0.44776105880737305,0.4272692799568176,-0.5314557552337646,0
0.7165260314941406,0.03606293350458145,0.3343958556652069,0.541752278804779,-0.47563108801841736,0.46628278493881226,-0.5126986503601074,0.7402833104133606,0.040455203503370285,0.09715136885643005,1,0.7283241748809814,0.04280071705579758,0.4219372570514679,0.5823987126350403,-0.44471675157546997,0.4228866696357727,-0.5331093072891235,0
0.718612551689148,0.03659813851118088,0.3416764438152313,0.5454289317131042,-0.47308796644210815,0.4627426564693451,-0.5143579244613647,0.7451435327529907,0.041345175355672836,0.10460037738084793,1,0.729038417339325,0.04360773041844368,0.430632084608078,0.5864090323448181,-0.44166210293769836,0.41847267746925354,-0.534733235836029,0
0.7206000089645386,0.037158410996198654,0.3491058647632599,0.5491471290588379,-0.4704951047897339,0.4591204822063446,-0.5160232782363892,0.7499470114707947,0.04227662831544876,0.1122143417596817,1,0.7295836210250854,0.04443178325891495,0.4393351078033447,0.5903955101966858,-0.43859732151031494,0.41402751207351685,-0.5363270044326782,0
0.722480297088623,0.03774382919073105,0.35667091608047485,0.5529002547264099,-0.467856764793396,0.4554208219051361,-0.5176901817321777,0.7546781301498413,0.043244898319244385,0.11999807506799698,1,0.7299593687057495,0.04527207836508751,0.4480442404747009,0.5943579077720642,-0.4355222284793854,0.4095512330532074,-0.5378910899162292,0
0.7242456078529358,0.038353681564331055,0.3643592596054077,0.5566818714141846,-0.46517661213874817,0.4516485035419464,-0.5193549394607544,0.7593255639076233,0.04424811154603958,0.12795688211917877,1,0.7301656007766724,0.04612796753644943,0.45675528049468994,0.5982956290245056,-0.4324372410774231,0.40504440665245056,-0.5394250154495239,0
0.725889265537262,0.03898772597312927,0.3721603453159332,0.5604870319366455,-0.4624573886394501,0.4478068947792053,-0.5210147500038147,0.7638786435127258,0.04528306797146797,0.13608185946941376,1,0.730202317237854,0.04699885845184326,0.4654654264450073,0.6022085547447205,-0.4293421506881714,0.4005071818828583,-0.5409289598464966,0
0.7274050712585449,0.039644755423069,0.380063533782959,0.5643101334571838,-0.4597022235393524,0.4439002573490143,-0.5226666927337646,0.7683268785476685,0.04635125398635864,0.14436042308807373,1,0.7300692796707153,0.04788387939333916,0.47417140007019043,0.6060959696769714,-0.42623719573020935,0.3959396481513977,-0.5424032211303711,0
0.7287876605987549,0.0403248593211174,0.3880583941936493,0.568146824836731,-0.45691439509391785,0.4399317800998688,-0.5243076086044312,0.7726603746414185,0.04750687628984451,0.15276531875133514,1,0.7297664880752563,0.04878294840455055,0.4828698933124542,0.609957754611969,-0.42312273383140564,0.3913421034812927,-0.5438474416732788,0
0.7300323843955994,0.04102698713541031,0.3961363136768341,0.571993350982666,-0.45409512519836426,0.4359048306941986,-0.5259355306625366,0.7768629789352417,0.04864001274108887,0.16132140159606934,1,0.7292941808700562,0.04969518631696701,0.4915577471256256,0.6137936115264893,-0.4199983775615692,0.3867145776748657,-0.5452618598937988,0
0.7311348915100098,0.04175060987472534,0.4042884111404419,0.5758455991744995,-0.4512473940849304,0.43182173371315,-0.5275484919548035,0.7809367179870605,0.04978514090180397,0.17000924050807953,1,0.7286525964736938,0.050619937479496,0.5002315640449524,0.617603063583374,-0.41686463356018066,0.38205772638320923,-0.546646237373352,0
0.7320915460586548,0.04249497875571251,0.41250669956207275,0.5797005295753479,-0.4483727514743805,0.42768532037734985,-0.5291450023651123,0.7848753333091736,0.050964903086423874,0.17881056666374207,1,0.7278416156768799,0.051556337624788284,0.5088885426521301,0.621385931968689,-0.4137211740016937,0.37737134099006653,-0.5480010509490967,0
0.7328987121582031,0.04325941205024719,0.42078378796577454,0.5835550427436829,-0.44547295570373535,0.42349734902381897,-0.5307233929634094,0.7886719703674316,0.052178896963596344,0.18771706521511078,1,0.7268617153167725,0.052504248917102814,0.5175248980522156,0.6251416206359863,-0.41056835651397705,0.3726558983325958,-0.5493260025978088,0
0.7335536479949951,0.044043637812137604,0.4291122853755951,0.5874065160751343,-0.4425494968891144,0.4192602336406708,-0.5322821140289307,0.7923220992088318,0.05342681705951691,0.19672060012817383,1,0.7257136106491089,0.05346279591321945,0.5261374711990356,0.6288700103759766,-0.40740644931793213,0.3679114580154419,-0.5506211519241333,0
0.7340537905693054,0.04484661668539047,0.4374856948852539,0.5912526845932007,-0.439603716135025,0.41497549414634705,-0.5338203310966492,0.7958207130432129,0.05470704659819603,0.20581422746181488,1,0.7245516777038574,0.05432330071926117,0.5337706804275513,0.6321607828140259,-0.4045883119106293,0.363670289516449,-0.5517471432685852,0
0.7343824505805969,0.04566207528114319,0.4458441436290741,0.5950647592544556,-0.4366512894630432,0.41066908836364746,-0.5353358387947083,0.7991315126419067,0.05600372701883316,0.21493791043758392,1,0.7232570648193359,0.05519096925854683,0.5413807034492493,0.6354294419288635,-0.4017626941204071,0.3594064712524414,-0.5528500080108643,0
0.7345477938652039,0.04648818448185921,0.4541623294353485,0.5988330245018005,-0.4337047338485718,0.4063561260700226,-0.5368183255195618,0.8022500872612,0.0573139488697052,0.22406159341335297,1,0.7218303680419922,0.056065890938043594,0.5489650964736938,0.6386755108833313,-0.39893028140068054,0.3551202714443207,-0.5539292693138123,0
0.734557569026947,0.04732290282845497,0.46243026852607727,0.6025553941726685,-0.430767297744751,0.402041494846344,-0.5382648706436157,0.8051878809928894,0.05867622420191765,0.2331644743680954,1,0.7202720642089844,0.056947339326143265,0.5565211176872253,0.6418991088867188,-0.39609089493751526,0.3508121371269226,-0.5549850463867188,0
0.7344165444374084,0.04816557466983795,0.4706442356109619,0.6062325239181519,-0.42783960700035095,0.39772680401802063,-0.5396746397018433,0.8079254627227783,0.06001012772321701,0.24225978553295135,1,0.7185821533203125,0.05783463269472122,0.5640474557876587,0.6450996994972229,-0.39324429631233215,0.3464817404747009,-0.5560176968574524,0
0.7341283559799194,0.04901565983891487,0.4788045287132263,0.6098659038543701,-0.4249211549758911,0.39341115951538086,-0.5410482883453369,0.8104809522628784,0.06134004518389702,0.2513394355773926,1,0.7167617082595825,0.05872778967022896,0.5715410113334656,0.6482771039009094,-0.39039114117622375,0.34212982654571533,-0.5570266246795654,0
0.7336958646774292,0.04987243935465813,0.4869113266468048,0.6134570837020874,-0.422010600566864,0.3890937268733978,-0.5423868298530579,0.8128651976585388,0.06268628686666489,0.26039832830429077,1,0.7148107886314392,0.05962613597512245,0.5789999961853027,0.6514312624931335,-0.3875311017036438,0.33775627613067627,-0.5580121874809265,0
0.7331210374832153,0.05073580890893936,0.4949662983417511,0.6170079708099365,-0.4191068708896637,0.3847726881504059,-0.5436916351318359,0.8150818943977356,0.06404951214790344,0.2694365978240967,1,0.7127299904823303,0.0605289489030838,0.5864226222038269,0.6545616984367371,-0.38466402888298035,0.3333607017993927,-0.5589749813079834,0
0.7324055433273315,0.05160514637827873,0.5029715895652771,0.6205201745033264,-0.4162083566188812,0.38044625520706177,-0.544964075088501,0.8171290755271912,0.06542521715164185,0.2784573435783386,1,0.7105202078819275,0.061436258256435394,0.5938058495521545,0.6576683521270752,-0.3817906677722931,0.3289444148540497,-0.5599139928817749,0
0.7315509915351868,0.05248074233531952,0.5109280943870544,0.623995840549469,-0.41331419348716736,0.3761129677295685,-0.546204686164856,0.8190089464187622,0.06681238859891891,0.2874618172645569,1,0.7078806161880493,0.0624614842236042,0.6020627617835999,0.6611344218254089,-0.37855035066604614,0.32395076751708984,-0.5609426498413086,0
0.7305634617805481,0.053367890417575836,0.5188889503479004,0.6274608373641968,-0.410407692193985,0.37174585461616516,-0.5474151372909546,0.8207431435585022,0.06822217255830765,0.2965075969696045,1,0.7050795555114746,0.06349087506532669,0.6102644205093384,0.6645697355270386,-0.375301718711853,0.3189307749271393,-0.561941921710968,0
0.7294314503669739,0.054268356412649155,0.5268727540969849,0.6309236884117126,-0.40747764706611633,0.3673299551010132,-0.5486036539077759,0.822330892086029,0.0696563795208931,0.3056187033653259,1,0.7021176218986511,0.06452378630638123,0.6184077262878418,0.6679737567901611,-0.3720451295375824,0.31388455629348755,-0.562911868095398,0
0.7281467914581299,0.05518253892660141,0.5348843932151794,0.6343852281570435,-0.40452003479003906,0.36286020278930664,-0.5497738718986511,0.8237667083740234,0.07111500948667526,0.314801424741745,1,0.6989965438842773,0.0655592754483223,0.6264896988868713,0.6713464260101318,-0.3687804043292999,0.30881258845329285,-0.5638525485992432,0
0.7267043590545654,0.056110531091690063,0.5429220795631409,0.6378449201583862,-0.40153416991233826,0.35833513736724854,-0.5509265661239624,0.8250454664230347,0.07259757816791534,0.3240545392036438,1,0.6957167387008667,0.06659729033708572,0.6345075368881226,0.6746872663497925,-0.3655077815055847,0.3037146031856537,-0.5647640228271484,0
0.7251009941101074,0.05705147236585617,0.5509805679321289,0.6413004994392395,-0.39852041006088257,0.3537555932998657,-0.5520616769790649,0.826162576675415,0.07410342246294022,0.33337315917015076,1,0.6922797560691833,0.0676368996500969,0.6424580216407776,0.677996039390564,-0.3622273802757263,0.2985912263393402,-0.5656463503837585,0
0.7233348488807678,0.05800512060523033,0.5590534210205078,0.6447498202323914,-0.39548036456108093,0.3491228520870209,-0.5531781911849976,0.8271142840385437,0.0756315216422081,0.3427504897117615,1,0.6886869668960571,0.06867741048336029,0.6503381133079529,0.6812722682952881,-0.35893940925598145,0.29344290494918823,-0.5664995908737183,0
0.7214047312736511,0.05897021293640137,0.5671333074569702,0.6481903791427612,-0.39241528511047363,0.344439297914505,-0.5542752742767334,0.8278971910476685,0.07718086242675781,0.35217905044555664,1,0.684939980506897,0.06971798092126846,0.6581445336341858,0.684515655040741,-0.3556439280509949,0.2882700562477112,-0.5673235654830933,0
0.7193103432655334,0.05994590371847153,0.5752131938934326,0.6516199707984924,-0.3893263339996338,0.33970651030540466,-0.555351972579956,0.8285085558891296,0.07875034213066101,0.36165115237236023,1,0.6814804673194885,0.07064293324947357,0.6650198698043823,0.6873709559440613,-0.3527084290981293,0.2836512327194214,-0.5680315494537354,0
0.7170540690422058,0.06092553585767746,0.5832372307777405,0.6550129652023315,-0.38623034954071045,0.3349536657333374,-0.5564082860946655,0.8289356827735901,0.08032674342393875,0.3711032569408417,1,0.6779009103775024,0.07156720012426376,0.6718330383300781,0.6902000904083252,-0.34976691007614136,0.27901291847229004,-0.5687167644500732,0
0.7146521806716919,0.061905600130558014,0.5911805033683777,0.6583604216575623,-0.38313987851142883,0.3301968574523926,-0.5574363470077515,0.8291825652122498,0.08190654963254929,0.3805050849914551,1,0.6742026209831238,0.07249004393815994,0.6785818934440613,0.6930021643638611,-0.34681978821754456,0.27435582876205444,-0.5693793296813965,0
0.7121133804321289,0.0628848448395729,0.5990342497825623,0.6616613864898682,-0.38005831837654114,0.3254415988922119,-0.5584331750869751,0.8292554616928101,0.08348831534385681,0.3898437023162842,1,0.6703862547874451,0.07341156899929047,0.6852645874023438,0.6957777738571167,-0.3438670039176941,0.2696797549724579,-0.5700188875198364,0
0.7094439268112183,0.06386219710111618,0.6067939400672913,0.6649155020713806,-0.3769872486591339,0.32068949937820435,-0.5593980550765991,0.8291594386100769,0.08507124334573746,0.3991137742996216,1,0.6664533615112305,0.07433107495307922,0.6918786764144897,0.6985262036323547,-0.3409087657928467,0.26498517394065857,-0.5706356763839722,0
0.7066477537155151,0.06483720988035202,0.6144596338272095,0.6681243181228638,-0.37392595410346985,0.31594058871269226,-0.5603309273719788,0.8288987278938293,0.08665496110916138,0.40831390023231506,1,0.6624049544334412,0.0752478688955307,0.6984227895736694,0.7012472748756409,-0.3379449248313904,0.2602721154689789,-0.5712300539016724,0
0.703727662563324,0.06580912321805954,0.622031569480896,0.6712886095046997,-0.37087398767471313,0.31119439005851746,-0.5612326264381409,0.8284767866134644,0.08823936432600021,0.4174446165561676,1,0.6582418084144592,0.07616206258535385,0.7048949003219604,0.7039411664009094,-0.3349754214286804,0.2555404603481293,-0.5718016624450684,0
0.7006849050521851,0.06677824258804321,0.6295121312141418,0.6744105219841003,-0.36782997846603394,0.3064485788345337,-0.5621037483215332,0.8278966546058655,0.08982424437999725,0.42650723457336426,1,0.6539660096168518,0.07707291841506958,0.7112926244735718,0.7066072821617126,-0.3320009112358093,0.25079119205474854,-0.5723505616188049,0
0.6975212097167969,0.06774415820837021,0.6369026303291321,0.6774915456771851,-0.36479249596595764,0.30170196294784546,-0.5629454255104065,0.8271607160568237,0.09140974283218384,0.4355035126209259,1,0.6495780944824219,0.07797972857952118,0.717614471912384,0.7092452645301819,-0.3290210962295532,0.24602405726909637,-0.5728772282600403,0
0.6942378282546997,0.0687069222331047,0.6442046165466309,0.680532693862915,-0.3617609739303589,0.29695260524749756,-0.563758134841919,0.8262712359428406,0.09299584478139877,0.4444350004196167,1,0.6445095539093018,0.0789949893951416,0.7246333956718445,0.71217942237854,-0.32566264271736145,0.24064002931118011,-0.5734427571296692,0
0.6908226609230042,0.06967227160930634,0.6514649391174316,0.683557391166687,-0.35871803760528564,0.29217109084129333,-0.5645411610603333,0.8252303004264832,0.09459496289491653,0.4533567428588867,1,0.6393032073974609,0.08000467717647552,0.731550931930542,0.7150779366493225,-0.3222976624965668,0.23523376882076263,-0.5739796757698059,0
0.6872599124908447,0.07064267992973328,0.658700168132782,0.6865723729133606,-0.3556523025035858,0.2873419523239136,-0.5653002262115479,0.8240310549736023,0.09620971232652664,0.4622919261455536,1,0.6339606046676636,0.08100792020559311,0.7383647561073303,0.7179401516914368,-0.31892651319503784,0.22980590164661407,-0.5744884610176086,0
0.6835415959358215,0.07161804288625717,0.665913999080658,0.6895783543586731,-0.3525594472885132,0.28245946764945984,-0.5660388469696045,0.822667121887207,0.09784048795700073,0.4712470471858978,1,0.6284837126731873,0.08200417459011078,0.7450725436210632,0.7207658290863037,-0.3155491054058075,0.22435645759105682,-0.5749690532684326,0
0.6796632409095764,0.07259850203990936,0.6731048226356506,0.6925744414329529,-0.3494390547275543,0.27752256393432617,-0.5667574405670166,0.8211342692375183,0.09948673844337463,0.48022112250328064,1,0.6228752136230469,0.08299262076616287,0.7516710758209229,0.7235547304153442,-0.3121655285358429,0.21888592839241028,-0.5754216313362122,0
0.6756232976913452,0.07358349114656448,0.6802674531936646,0.6955586075782776,-0.3462913930416107,0.27253180742263794,-0.5674564838409424,0.8194296956062317,0.10114753246307373,0.4892091751098633,1,0.6171362996101379,0.08397316932678223,0.7581584453582764,0.7263066172599792,-0.3087761700153351,0.2133946716785431,-0.5758460164070129,0
0.6714221239089966,0.074571892619133,0.6873955726623535,0.698529064655304,-0.3431173861026764,0.2674888074398041,-0.5681349039077759,0.8175516128540039,0.1028217300772667,0.49820441007614136,1,0.6112697720527649,0.08494503796100616,0.7645319104194641,0.7290211915969849,-0.3053807020187378,0.20788301527500153,-0.5762423872947693,0
0.6670602560043335,0.07556277513504028,0.6944825649261475,0.7014834880828857,-0.3399183750152588,0.26239562034606934,-0.5687925219535828,0.8154991865158081,0.10450797528028488,0.5071991086006165,1,0.605277955532074,0.08590768277645111,0.770788848400116,0.7316980361938477,-0.3019798994064331,0.20235110819339752,-0.5766109228134155,0
0.6625397205352783,0.07655516266822815,0.7015209197998047,0.7044196128845215,-0.3366960287094116,0.257254958152771,-0.5694282054901123,0.8132718801498413,0.10620495676994324,0.5161853432655334,1,0.5998479723930359,0.08675500005483627,0.7762516140937805,0.734045684337616,-0.29895177483558655,0.19741685688495636,-0.5769152641296387,0
0.6578831076622009,0.07754158973693848,0.7084634900093079,0.7073149681091309,-0.33346784114837646,0.25209879875183105,-0.5700445175170898,0.8108783960342407,0.1078987717628479,0.5251051187515259,1,0.5943222045898438,0.08759447187185287,0.7816187739372253,0.7363631129264832,-0.29591965675354004,0.19246722757816315,-0.5771977305412292,0
0.653110146522522,0.07851997017860413,0.7152897715568542,0.7101632356643677,-0.3302459120750427,0.24694287776947021,-0.5706354379653931,0.8083301782608032,0.10958535224199295,0.5339298844337463,1,0.5887022614479065,0.08842550218105316,0.7868889570236206,0.7386503219604492,-0.29288312792778015,0.18750226497650146,-0.5774582028388977,0
0.6482326984405518,0.07948832213878632,0.7219913005828857,0.712962806224823,-0.3270345628261566,0.2417934089899063,-0.5711989402770996,0.8056360483169556,0.11126324534416199,0.5426471829414368,1,0.5829897522926331,0.08924751728773117,0.7920608520507812,0.7409067749977112,-0.2898421287536621,0.18252217769622803,-0.5776973366737366,0
0.6432578563690186,0.08044581115245819,0.7285646200180054,0.715714156627655,-0.32383492588996887,0.23665280640125275,-0.571733832359314,0.8028021454811096,0.11293171346187592,0.5512518882751465,1,0.5771865248680115,0.09006060659885406,0.7971325516700745,0.7431326508522034,-0.2867974042892456,0.17752747237682343,-0.577914297580719,0
0.6381894946098328,0.08139179646968842,0.7350091934204102,0.7184177041053772,-0.32064753770828247,0.23152115941047668,-0.5722403526306152,0.7998329401016235,0.11459052562713623,0.5597429275512695,1,0.5712941288948059,0.09086419641971588,0.8021026849746704,0.7453277111053467,-0.2837485671043396,0.17251794040203094,-0.5781098008155823,0
0.6330296993255615,0.08232645690441132,0.7413268089294434,0.7210753560066223,-0.31747105717658997,0.2263973504304886,-0.572718620300293,0.7967315316200256,0.11623968183994293,0.5681212544441223,1,0.5653138160705566,0.09165797382593155,0.8069702982902527,0.7474914193153381,-0.2806956470012665,0.16749364137649536,-0.578283965587616,0
0.6277808547019958,0.08324972540140152,0.7475186586380005,0.7236880660057068,-0.31430506706237793,0.22127996385097504,-0.5731691718101501,0.7935004830360413,0.11787937581539154,0.5763887166976929,1,0.5592485070228577,0.0924413725733757,0.8117327690124512,0.7496238350868225,-0.2776390314102173,0.1624557077884674,-0.5784364938735962,0
0.6224431395530701,0.08416159451007843,0.7535866498947144,0.7262572646141052,-0.3111480474472046,0.21616749465465546,-0.5735929012298584,0.7901418209075928,0.11950978636741638,0.5845474004745483,1,0.5530992746353149,0.0932144969701767,0.8163896203041077,0.7517247200012207,-0.27457869052886963,0.1574036329984665,-0.5785675644874573,0
0.6170175075531006,0.08506206423044205,0.7595331072807312,0.7287843823432922,-0.3079984486103058,0.21105793118476868,-0.5739902257919312,0.7866572141647339,0.12113106995820999,0.5925994515419006,1,0.546083390712738,0.09407129883766174,0.8215002417564392,0.7540504932403564,-0.2711312770843506,0.1517036259174347,-0.578689455986023,0
0.6114755868911743,0.08595678210258484,0.7653933167457581,0.7312888503074646,-0.30483946204185486,0.2059183269739151,-0.5743579268455505,0.7830302715301514,0.12275581061840057,0.6005918383598328,1,0.5389665961265564,0.0949137955904007,0.8264729976654053,0.7563357949256897,-0.2676793336868286,0.1459866464138031,-0.578784704208374,0
0.6057993173599243,0.08684755116701126,0.7711807489395142,0.7337759137153625,-0.30165916681289673,0.2007334977388382,-0.5747005343437195,0.7792490720748901,0.12438692897558212,0.6085460186004639,1,0.5317507982254028,0.09574197232723236,0.8313064575195312,0.7585806250572205,-0.264222651720047,0.1402522474527359,-0.5788533091545105,0
0.5999799370765686,0.08773504197597504,0.7768988609313965,0.7362456321716309,-0.2984534204006195,0.19549797475337982,-0.5750202536582947,0.775306761264801,0.12602466344833374,0.6164683103561401,1,0.5244395136833191,0.096555195748806,0.8359982967376709,0.7607845664024353,-0.2607618570327759,0.1345018744468689,-0.578894853591919,0
0.5940144062042236,0.08861852437257767,0.7825455665588379,0.7386972904205322,-0.29522082209587097,0.1902102530002594,-0.5753180384635925,0.7711999416351318,0.12766851484775543,0.6243578791618347,1,0.5170354247093201,0.0973530188202858,0.8405468463897705,0.7629472613334656,-0.25729700922966003,0.1287355273962021,-0.5789100527763367,0
0.5879027247428894,0.08949761837720871,0.7881168723106384,0.7411291599273682,-0.2919619679450989,0.18487073481082916,-0.5755940675735474,0.7669275999069214,0.12931740283966064,0.6322101950645447,1,0.509540855884552,0.09813513606786728,0.8449505567550659,0.7650686502456665,-0.2538280189037323,0.12295324355363846,-0.5788987874984741,0
0.5816471576690674,0.09037140756845474,0.793606698513031,0.7435393333435059,-0.2886779010295868,0.17948128283023834,-0.575847864151001,0.7624901533126831,0.1309700310230255,0.6400188207626343,1,0.5019588470458984,0.09890089929103851,0.8492076396942139,0.7671482563018799,-0.2503548860549927,0.11715535819530487,-0.5788614153862,0
0.5752503871917725,0.09123876690864563,0.7990092635154724,0.7459254860877991,-0.28536996245384216,0.1740443855524063,-0.5760794878005981,0.757888913154602,0.13262498378753662,0.6477764844894409,1,0.4942925274372101,0.09965037554502487,0.8533164858818054,0.7691861391067505,-0.2468782514333725,0.111342653632164,-0.5787975788116455,0
0.5687165856361389,0.09209895879030228,0.8043179512023926,0.7482864260673523,-0.28203991055488586,0.16856275498867035,-0.5762876272201538,0.7531258463859558,0.13428086042404175,0.6554756164550781,1,0.4874091148376465,0.10030242800712585,0.8568431735038757,0.7709622383117676,-0.24378451704978943,0.1061631515622139,-0.5787188410758972,0
0.562084436416626,0.09294566512107849,0.8094999194145203,0.7506028413772583,-0.2787053883075714,0.16307079792022705,-0.576477587223053,0.748228907585144,0.13592426478862762,0.6630696654319763,1,0.48046350479125977,0.1009407490491867,0.8602501153945923,0.7727048993110657,-0.24068811535835266,0.10097242146730423,-0.5786197185516357,0
0.5553779006004333,0.09377627819776535,0.81453937292099,0.7528702020645142,-0.2753787636756897,0.15758508443832397,-0.5766453742980957,0.7432156205177307,0.1375511735677719,0.6705331802368164,1,0.47345706820487976,0.10156548023223877,0.8635368943214417,0.7744139432907104,-0.2375888079404831,0.09577011317014694,-0.5785002708435059,0
0.5486100316047668,0.09459008276462555,0.8194292783737183,0.7550877332687378,-0.27206435799598694,0.15211185812950134,-0.5767889618873596,0.7380973100662231,0.1391601413488388,0.6778549551963806,1,0.4663924276828766,0.10217618197202682,0.8667022585868835,0.7760894298553467,-0.23448683321475983,0.09055695682764053,-0.5783601403236389,0
0.5417882800102234,0.09538620710372925,0.8241671919822693,0.7572555541992188,-0.2687639892101288,0.14665375649929047,-0.5769076347351074,0.7328808307647705,0.14075081050395966,0.6850308179855347,1,0.45927146077156067,0.10277266055345535,0.8697450757026672,0.7777309417724609,-0.23138228058815002,0.08533303439617157,-0.5781998634338379,0
0.5349167585372925,0.0961645245552063,0.828753650188446,0.7593749165534973,-0.2654780447483063,0.14121085405349731,-0.5770012736320496,0.7275705337524414,0.14232319593429565,0.6920602917671204,1,0.4520966112613678,0.1033545434474945,0.8726646304130554,0.779338002204895,-0.2282753586769104,0.08009881526231766,-0.5780195593833923,0
0.5279974937438965,0.09692531079053879,0.8331896066665649,0.7614468336105347,-0.26220595836639404,0.13578222692012787,-0.5770701169967651,0.7221692204475403,0.1438775360584259,0.6989446878433228,1,0.44486939907073975,0.10392196476459503,0.875460147857666,0.7809112668037415,-0.2251659780740738,0.07485418766736984,-0.5778189301490784,0
0.5210309624671936,0.09766852110624313,0.8374777436256409,0.7634725570678711,-0.2589462101459503,0.13036617636680603,-0.5771145224571228,0.7166787385940552,0.14541427791118622,0.7056863307952881,1,0.43759241700172424,0.10447454452514648,0.8781304955482483,0.7824500203132629,-0.22205425798892975,0.06959953159093857,-0.5775982737541199,0
0.5140179395675659,0.09839452058076859,0.8416198492050171,0.7654532790184021,-0.2556977868080139,0.12496073544025421,-0.5771348476409912,0.7111004590988159,0.14693376421928406,0.7122877836227417,1,0.4302678406238556,0.10501197725534439,0.8806749582290649,0.7839540243148804,-0.21894018352031708,0.06433499604463577,-0.5773579478263855,0
0.5069580674171448,0.09910345077514648,0.8456182479858398,0.767390251159668,-0.25245919823646545,0.11956360191106796,-0.5771318078041077,0.7054353952407837,0.14843639731407166,0.7187516689300537,1,0.4207834303379059,0.10568083822727203,0.8837603330612183,0.785836935043335,-0.21493324637413025,0.05755239725112915,-0.5770196318626404,0
0.4997585117816925,0.09980518370866776,0.8495159149169922,0.7693175673484802,-0.2491924911737442,0.11409815400838852,-0.5770918726921082,0.699608564376831,0.1499488353729248,0.7251527309417725,1,0.41122904419898987,0.10632426291704178,0.8866347670555115,0.7876622080802917,-0.2109232246875763,0.050754573196172714,-0.5766485929489136,0
0.4923730790615082,0.10050297528505325,0.8533340692520142,0.7712422609329224,-0.2458713948726654,0.1085302010178566,-0.5770214200019836,0.6935828328132629,0.15147697925567627,0.7315316200256348,1,0.4016083776950836,0.10694196820259094,0.8892967700958252,0.7894293069839478,-0.20690996944904327,0.043942105025053024,-0.5762454271316528,0
0.48478206992149353,0.10119717568159103,0.8570766448974609,0.7731625437736511,-0.24248740077018738,0.10284823179244995,-0.5769243240356445,0.6873400807380676,0.1530209481716156,0.7378993034362793,1,0.39192622900009155,0.10753365606069565,0.8917453289031982,0.7911381721496582,-0.20289362967014313,0.03711507469415665,-0.575809895992279,0
0.47698068618774414,0.10188671201467514,0.8607382774353027,0.7750750184059143,-0.23903878033161163,0.09705144912004471,-0.5768016576766968,0.6808736324310303,0.15457896888256073,0.7442523241043091,1,0.38218778371810913,0.1080990731716156,0.893979012966156,0.7927884459495544,-0.19887453317642212,0.030274858698248863,-0.5753423571586609,0
0.4689719080924988,0.10257016867399216,0.8643094897270203,0.7769750356674194,-0.23552700877189636,0.0911429300904274,-0.576653778553009,0.6741835474967957,0.15614834427833557,0.7505797743797302,1,0.37239786982536316,0.10863795876502991,0.8959964513778687,0.794379711151123,-0.19485299289226532,0.023421239107847214,-0.5748429894447327,0
0.4607635736465454,0.10324567556381226,0.8677782416343689,0.7788583040237427,-0.2319561243057251,0.08512891083955765,-0.5764800310134888,0.6672739386558533,0.1577259749174118,0.7568672299385071,1,0.3625604212284088,0.1091499999165535,0.8977970480918884,0.7959117293357849,-0.1908288449048996,0.016554540023207664,-0.5743123888969421,0
