0.3625604212284088,0.1091499999165535,0.8977970480918884,0.7959117293357849,-0.1908288449048996,0.016554540023207664,-0.5743123888969421,0.7919726967811584,0.14351417124271393,0.019999999552965164,0,0.3625604212284088,0.1091499999165535,0.8977970480918884,0.7959117293357849,-0.1908288449048996,0.016554540023207664,-0.5743123888969421,1
0.3628040552139282,0.10916154831647873,0.8976776003837585,0.7959170937538147,-0.19090838730335236,0.016660241410136223,-0.5742754340171814,0.7919726967811584,0.14351417124271393,0.01981772482395172,0,0.3625604212284088,0.1091499999165535,0.8977970480918884,0.7959117293357849,-0.1908288449048996,0.016554540023207664,-0.5743123888969421,1
0.3632446825504303,0.10916890949010849,0.8974825739860535,0.7959179878234863,-0.1910729855298996,0.016885489225387573,-0.574212908744812,0.7919726967811584,0.14351417124271393,0.019884353503584862,0,0.3625604212284088,0.1091499999165535,0.8977970480918884,0.7959117293357849,-0.1908288449048996,0.016554540023207664,-0.5743123888969421,1
0.36376747488975525,0.10917111486196518,0.8972581028938293,0.7959133982658386,-0.1912766695022583,0.017166968435049057,-0.5741432309150696,0.7919726967811584,0.14351417124271393,0.019923372194170952,0,0.3625604212284088,0.1091499999165535,0.8977970480918884,0.7959117293357849,-0.1908288449048996,0.016554540023207664,-0.5743123888969421,1
0.3643089532852173,0.10917005687952042,0.8970283269882202,0.7959052920341492,-0.1914910078048706,0.01746424101293087,-0.5740739107131958,0.7919726967811584,0.14351417124271393,0.019946129992604256,0,0.3625604212284088,0.1091499999165535,0.8977970480918884,0.7959117293357849,-0.1908288449048996,0.016554540023207664,-0.5743123888969421,1
0.36483412981033325,0.10916749387979507,0.8968064785003662,0.7958957552909851,-0.19170089066028595,0.017755331471562386,-0.5740082263946533,0.7919726967811584,0.14351417124271393,0.019959425553679466,0,0.3625604212284088,0.1091499999165535,0.8977970480918884,0.7959117293357849,-0.1908288449048996,0.016554540023207664,-0.5743123888969421,1
0.3653259873390198,0.10916423052549362,0.8965990543365479,0.7958859801292419,-0.19189804792404175,0.01802937313914299,-0.5739471912384033,0.7919726967811584,0.14351417124271393,0.019967196509242058,0,0.3625604212284088,0.1091499999165535,0.8977970480918884,0.7959117293357849,-0.1908288449048996,0.016554540023207664,-0.5743123888969421,1
0.36577728390693665,0.10916095972061157,0.89640873670578,0.7958768010139465,-0.19207923114299774,0.01828133687376976,-0.5738914608955383,0.7919726967811584,0.14351417124271393,0.01997174322605133,0,0.3625604212284088,0.1091499999165535,0.8977970480918884,0.7959117293357849,-0.1908288449048996,0.016554540023207664,-0.5743123888969421,1
0.366186261177063,0.10915781557559967,0.8962359428405762,0.7958679795265198,-0.1922435611486435,0.018509861081838608,-0.5738412737846375,0.7919726967811584,0.14351417124271393,0.019974403083324432,0,0.3625604212284088,0.1091499999165535,0.8977970480918884,0.7959117293357849,-0.1908288449048996,0.016554540023207664,-0.5743123888969421,1
0.3665536642074585,0.1091550812125206,0.8960806727409363,0.7958602905273438,-0.19239117205142975,0.01871492713689804,-0.5737957954406738,0.7919726967811584,0.14351417124271393,0.01997595839202404,0,0.3625604212284088,0.1091499999165535,0.8977970480918884,0.7959117293357849,-0.1908288449048996,0.016554540023207664,-0.5743123888969421,1
0.36688217520713806,0.10915274918079376,0.895941436290741,0.7958534359931946,-0.1925230473279953,0.018898339942097664,-0.5737552642822266,0.7919726967811584,0.14351417124271393,0.019976869225502014,0,0.3625604212284088,0.1091499999165535,0.8977970480918884,0.7959117293357849,-0.1908288449048996,0.016554540023207664,-0.5743123888969421,1
0.3671749234199524,0.10915068536996841,0.8958170413970947,0.7958471775054932,-0.1926405429840088,0.019061513245105743,-0.5737189054489136,0.7919726967811584,0.14351417124271393,0.019977401942014694,0,0.3625604212284088,0.1091499999165535,0.8977970480918884,0.7959117293357849,-0.1908288449048996,0.016554540023207664,-0.5743123888969421,1
0.36743536591529846,0.10914917290210724,0.8957062363624573,0.7958419322967529,-0.19274485111236572,0.019206577911973,-0.5736864805221558,0.7919726967811584,0.14351417124271393,0.019977713003754616,0,0.3625604212284088,0.1091499999165535,0.8977970480918884,0.7959117293357849,-0.1908288449048996,0.016554540023207664,-0.5743123888969421,1
0.3676663637161255,0.10914792865514755,0.8956077694892883,0.7958371639251709,-0.19283725321292877,0.019334783777594566,-0.5736575722694397,0.7919726967811584,0.14351417124271393,0.01997789368033409,0,0.3625604212284088,0.1091499999165535,0.8977970480918884,0.7959117293357849,-0.1908288449048996,0.016554540023207664,-0.5743123888969421,1
0.3678717017173767,0.10914682596921921,0.8955199718475342,0.7958332300186157,-0.1929192990064621,0.019448645412921906,-0.573631763458252,0.7919726967811584,0.14351417124271393,0.019978001713752747,0,0.3625604212284088,0.1091499999165535,0.8977970480918884,0.7959117293357849,-0.1908288449048996,0.016554540023207664,-0.5743123888969421,1
0.3680533766746521,0.10914600640535355,0.8954421877861023,0.795829713344574,-0.19299162924289703,0.01954904943704605,-0.5736088156700134,0.7919726967811584,0.14351417124271393,0.01997806318104267,0,0.3625604212284088,0.1091499999165535,0.8977970480918884,0.7959117293357849,-0.1908288449048996,0.016554540023207664,-0.5743123888969421,1
0.3682141900062561,0.10914544761180878,0.8953732252120972,0.79582679271698,-0.19305557012557983,0.01963799074292183,-0.5735883712768555,0.7919726967811584,0.14351417124271393,0.019978100433945656,0,0.3625604212284088,0.1091499999165535,0.8977970480918884,0.7959117293357849,-0.1908288449048996,0.016554540023207664,-0.5743123888969421,1
0.3683570623397827,0.10914503037929535,0.8953116536140442,0.7958241105079651,-0.19311225414276123,0.019716612994670868,-0.5735701322555542,0.7919726967811584,0.14351417124271393,0.019978120923042297,0,0.3625604212284088,0.1091499999165535,0.8977970480918884,0.7959117293357849,-0.1908288449048996,0.016554540023207664,-0.5743123888969421,1
0.36848360300064087,0.10914475470781326,0.8952572345733643,0.7958218455314636,-0.1931624412536621,0.019786084070801735,-0.5735539793968201,0.7919726967811584,0.14351417124271393,0.019978133961558342,0,0.3625604212284088,0.1091499999165535,0.8977970480918884,0.7959117293357849,-0.1908288449048996,0.016554540023207664,-0.5743123888969421,1
0.36859551072120667,0.10914462059736252,0.8952088356018066,0.7958201169967651,-0.19320662319660187,0.019847365096211433,-0.5735394358634949,0.7919726967811584,0.14351417124271393,0.01997814141213894,0,0.3625604212284088,0.1091499999165535,0.8977970480918884,0.7959117293357849,-0.1908288449048996,0.016554540023207664,-0.5743123888969421,1
0.36869457364082336,0.10914447903633118,0.8951660394668579,0.7958184480667114,-0.1932457685470581,0.01990160159766674,-0.5735267996788025,0.7919726967811584,0.14351417124271393,0.019978145137429237,0,0.3625604212284088,0.1091499999165535,0.8977970480918884,0.7959117293357849,-0.1908288449048996,0.016554540023207664,-0.5743123888969421,1
0.3687824606895447,0.10914447903633118,0.8951278328895569,0.795816957950592,-0.19328033924102783,0.01994943805038929,-0.5735154151916504,0.7919726967811584,0.14351417124271393,0.019978148862719536,0,0.3625604212284088,0.1091499999165535,0.8977970480918884,0.7959117293357849,-0.1908288449048996,0.016554540023207664,-0.5743123888969421,1
0.36886000633239746,0.10914461314678192,0.895094096660614,0.7958159446716309,-0.19331079721450806,0.019991593435406685,-0.5735051035881042,0.7919726967811584,0.14351417124271393,0.019978148862719536,0,0.3625604212284088,0.1091499999165535,0.8977970480918884,0.7959117293357849,-0.1908288449048996,0.016554540023207664,-0.5743123888969421,1
0.36892861127853394,0.10914474725723267,0.8950642347335815,0.7958149909973145,-0.19333770871162415,0.02002882771193981,-0.5734960436820984,0.7919726967811584,0.14351417124271393,0.019978148862719536,0,0.3625604212284088,0.1091499999165535,0.8977970480918884,0.7959117293357849,-0.1908288449048996,0.016554540023207664,-0.5743123888969421,1
0.3689894676208496,0.10914488881826401,0.8950377106666565,0.7958140969276428,-0.1933615803718567,0.020061763003468513,-0.5734882354736328,0.7919726967811584,0.14351417124271393,0.019978148862719536,0,0.3625604212284088,0.1091499999165535,0.8977970480918884,0.7959117293357849,-0.1908288449048996,0.016554540023207664,-0.5743123888969421,1
0.3690434694290161,0.10914502292871475,0.8950141072273254,0.7958134412765503,-0.1933826208114624,0.020090937614440918,-0.5734809041023254,0.7919726967811584,0.14351417124271393,0.019978148862719536,0,0.3625604212284088,0.1091499999165535,0.8977970480918884,0.7959117293357849,-0.1908288449048996,0.016554540023207664,-0.5743123888969421,1
0.3690912425518036,0.10914530605077744,0.8949931859970093,0.7958129048347473,-0.1934012621641159,0.02011662721633911,-0.5734745860099792,0.7919726967811584,0.14351417124271393,0.019978148862719536,0,0.3625604212284088,0.1091499999165535,0.8977970480918884,0.7959117293357849,-0.1908288449048996,0.016554540023207664,-0.5743123888969421,1
0.3691335916519165,0.10914543271064758,0.8949745893478394,0.7958122491836548,-0.19341766834259033,0.02013932727277279,-0.5734689831733704,0.7919726967811584,0.14351417124271393,0.019978148862719536,0,0.3625604212284088,0.1091499999165535,0.8977970480918884,0.7959117293357849,-0.1908288449048996,0.016554540023207664,-0.5743123888969421,1
0.369171142578125,0.10914570838212967,0.894957959651947,0.7958120107650757,-0.19343216717243195,0.020159302279353142,-0.5734638571739197,0.7919726967811584,0.14351417124271393,0.019978148862719536,0,0.3625604212284088,0.1091499999165535,0.8977970480918884,0.7959117293357849,-0.1908288449048996,0.016554540023207664,-0.5743123888969421,1
0.36920416355133057,0.10914599150419235,0.8949434161186218,0.795811653137207,-0.19344498217105865,0.020176958292722702,-0.5734593868255615,0.7919726967811584,0.14351417124271393,0.019978148862719536,0,0.3625604212284088,0.1091499999165535,0.8977970480918884,0.7959117293357849,-0.1908288449048996,0.016554540023207664,-0.5743123888969421,1
0.36923354864120483,0.1091461256146431,0.8949304223060608,0.7958112955093384,-0.1934562772512436,0.020192500203847885,-0.5734555721282959,0.7919726967811584,0.14351417124271393,0.019978148862719536,0,0.36923354864120483,0.1091461256146431,0.8949304223060608,0.7958112955093384,-0.1934562772512436,0.020192500203847885,-0.5734555721282959,1
0.3694966435432434,0.10915748029947281,0.8948008418083191,0.7958157062530518,-0.1935444176197052,0.020310046151280403,-0.5734154582023621,0.7919726967811584,0.14351417124271393,0.019978148862719536,0,0.3757001757621765,0.10930844396352768,0.8932008147239685,0.7949338555335999,-0.19632311165332794,0.02634304203093052,-0.5734485387802124,1
0.37024739384651184,0.10918425768613815,0.8945574760437012,0.7957482933998108,-0.19383184611797333,0.02091948129236698,-0.5733899474143982,0.7919726967811584,0.14351417124271393,0.019978148862719536,0,0.38214871287345886,0.1094764992594719,0.8913942575454712,0.7940069437026978,-0.1991974413394928,0.03247753903269768,-0.5734269618988037,1
0.37152454257011414,0.10922625660896301,0.8941828012466431,0.7956047654151917,-0.19435757398605347,0.02205078862607479,-0.5733687877655029,0.7919726967811584,0.14351417124271393,0.019978148862719536,0,0.3885783553123474,0.1096501275897026,0.8895105719566345,0.7930306792259216,-0.202079176902771,0.03859579190611839,-0.573390543460846,1
0.3733189105987549,0.10928072780370712,0.8936691880226135,0.7953874468803406,-0.195118710398674,0.02367997355759144,-0.5733467936515808,0.7919726967811584,0.14351417124271393,0.019978148862719536,0,0.39498788118362427,0.10982932895421982,0.8875504732131958,0.7920050024986267,-0.20496806502342224,0.04469769075512886,-0.5733394622802734,1
0.37559977173805237,0.10934611409902573,0.8930165767669678,0.7950994968414307,-0.19610166549682617,0.02577047608792782,-0.5733208060264587,0.7919726967811584,0.14351417124271393,0.019978148862719536,0,0.40137678384780884,0.11001402139663696,0.8855137825012207,0.790930449962616,-0.20786425471305847,0.05078278109431267,-0.5732734203338623,1
0.3783288300037384,0.10942108929157257,0.8922280073165894,0.7947428226470947,-0.19729018211364746,0.02828281931579113,-0.5732892155647278,0.7919726967811584,0.14351417124271393,0.019978148862719536,0,0.40774354338645935,0.1102040633559227,0.8834010362625122,0.7898068428039551,-0.21076737344264984,0.056850239634513855,-0.5731931328773499,1
0.3814639747142792,0.10950522124767303,0.8913081288337708,0.7943194508552551,-0.19866622984409332,0.03117593377828598,-0.5732507109642029,0.7919726967811584,0.14351417124271393,0.019978148862719536,0,0.41408729553222656,0.11039970070123672,0.8812125325202942,0.7886344194412231,-0.21367758512496948,0.06289969384670258,-0.5730978846549988,1
0.3849636912345886,0.10959775000810623,0.8902615308761597,0.7938308715820312,-0.2002120316028595,0.034411489963531494,-0.5732044577598572,0.7919726967811584,0.14351417124271393,0.019978148862719536,0,0.4204076826572418,0.1106007844209671,0.8789481520652771,0.787413477897644,-0.2165946364402771,0.06893125921487808,-0.5729879140853882,1
0.38878804445266724,0.10969877243041992,0.889093279838562,0.7932784557342529,-0.20191095769405365,0.03795294463634491,-0.5731498599052429,0.7919726967811584,0.14351417124271393,0.019978148862719536,0,0.4267032742500305,0.11080724000930786,0.8766086101531982,0.7861442565917969,-0.21951855719089508,0.0749443992972374,-0.5728630423545837,1
0.3929007053375244,0.10980791598558426,0.8878074288368225,0.7926629185676575,-0.20374749600887299,0.04176681116223335,-0.5730863809585571,0.7919726967811584,0.14351417124271393,0.019978148862719536,0,0.43297305703163147,0.111019067466259,0.8741939663887024,0.7848267555236816,-0.22244910895824432,0.0809384137392044,-0.5727235674858093,1
0.39726778864860535,0.10992493480443954,0.8864079117774963,0.7919850945472717,-0.20570756494998932,0.045822784304618835,-0.5730133652687073,0.7919726967811584,0.14351417124271393,0.019978148862719536,0,0.4392162561416626,0.11123619973659515,0.8717048168182373,0.7834612131118774,-0.22538648545742035,0.086913101375103,-0.5725692510604858,1
0.40185871720314026,0.11004999279975891,0.8848981261253357,0.7912456393241882,-0.2077784687280655,0.0500931516289711,-0.5729303359985352,0.7919726967811584,0.14351417124271393,0.019978148862719536,0,0.44543182849884033,0.11145848035812378,0.8691413402557373,0.7820478081703186,-0.22833004593849182,0.09286800771951675,-0.5724003314971924,1
0.4066465198993683,0.11018294095993042,0.8832809925079346,0.79044508934021,-0.2099490612745285,0.05455351993441582,-0.572836697101593,0.7919726967811584,0.14351417124271393,0.019978148862719536,0,0.4516192376613617,0.111686110496521,0.8665037155151367,0.780586838722229,-0.231280118227005,0.09880301356315613,-0.5722164511680603,1
0.4116058349609375,0.11032356321811676,0.8815593719482422,0.7895841598510742,-0.21220891177654266,0.05918087810277939,-0.5727317929267883,0.7919726967811584,0.14351417124271393,0.019978148862719536,0,0.45777663588523865,0.11191897094249725,0.8637925982475281,0.7790783643722534,-0.23423640429973602,0.10471729189157486,-0.5720178484916687,1
0.4167150557041168,0.11047197133302689,0.8797354698181152,0.7886630892753601,-0.21454907953739166,0.06395582109689713,-0.5726157426834106,0.7919726967811584,0.14351417124271393,0.019978148862719536,0,0.4639040231704712,0.11215698719024658,0.8610081672668457,0.777522623538971,-0.23719900846481323,0.11061055213212967,-0.5718045234680176,1
0.4219529628753662,0.11062793433666229,0.8778120279312134,0.7876827120780945,-0.2169610857963562,0.06885958462953568,-0.5724875926971436,0.7919726967811584,0.14351417124271393,0.019978148862719536,0,0.4700000584125519,0.11240009218454361,0.8581508994102478,0.7759199738502502,-0.24016766250133514,0.11648251861333847,-0.5715761780738831,1
0.4273030161857605,0.11079131811857224,0.8757903575897217,0.7866432070732117,-0.21943821012973785,0.07387679815292358,-0.5723473429679871,0.7919726967811584,0.14351417124271393,0.019978148862719536,0,0.47606363892555237,0.11264827102422714,0.855221152305603,0.7742704153060913,-0.24314214289188385,0.1223328486084938,-0.5713333487510681,1
0.4327485263347626,0.11096213012933731,0.8736727833747864,0.7855451107025146,-0.221973717212677,0.07899283617734909,-0.572194516658783,0.7919726967811584,0.14351417124271393,0.019978148862719536,0,0.48209449648857117,0.11290127038955688,0.8522193431854248,0.7725740671157837,-0.2461227923631668,0.12816154956817627,-0.5710756778717041,1
0.43827539682388306,0.11114037036895752,0.8714609146118164,0.7843892574310303,-0.22456197440624237,0.08419433981180191,-0.5720285773277283,0.7919726967811584,0.14351417124271393,0.019978148862719536,0,0.4880908727645874,0.1131594106554985,0.8491460084915161,0.7708313465118408,-0.24910897016525269,0.13396726548671722,-0.5708032846450806,1
0.44387054443359375,0.1113257184624672,0.8691563010215759,0.7831757664680481,-0.2271975427865982,0.08946982771158218,-0.5718497037887573,0.7919726967811584,0.14351417124271393,0.019978148862719536,0,0.4940524101257324,0.1134224534034729,0.8460013270378113,0.7690426111221313,-0.25210100412368774,0.139750137925148,-0.5705159306526184,1
0.4495222866535187,0.11151809245347977,0.8667603731155396,0.7819053530693054,-0.22987620532512665,0.09480888396501541,-0.5716572999954224,0.7919726967811584,0.14351417124271393,0.019978148862719536,0,0.49997836351394653,0.1136903464794159,0.8427858948707581,0.7672077417373657,-0.2550986707210541,0.14551006257534027,-0.5702138543128967,1
0.4552203118801117,0.11171744018793106,0.8642750978469849,0.7805785536766052,-0.2325936257839203,0.10020233690738678,-0.5714513659477234,0.7919726967811584,0.14351417124271393,0.019978148862719536,0,0.5058673620223999,0.1139630451798439,0.8395000100135803,0.7653270363807678,-0.2581017315387726,0.15124627947807312,-0.5698969960212708,1
0.4609551429748535,0.11192366480827332,0.8617013096809387,0.7791961431503296,-0.23534630239009857,0.10564157366752625,-0.571231484413147,0.7919726967811584,0.14351417124271393,0.019978148862719536,0,0.5117186903953552,0.11424049735069275,0.8361443877220154,0.763400673866272,-0.2611101269721985,0.1569584459066391,-0.5695654153823853,1
0.46671849489212036,0.11213670670986176,0.8590406179428101,0.7777583003044128,-0.23813071846961975,0.11111892014741898,-0.5709977149963379,0.7919726967811584,0.14351417124271393,0.019978148862719536,0,0.51753169298172,0.11452262848615646,0.8327194452285767,0.7614291906356812,-0.2641240358352661,0.1626463681459427,-0.5692188143730164,1
0.4725024998188019,0.11235623061656952,0.8562943935394287,0.7762656211853027,-0.24094422161579132,0.11662784963846207,-0.570749819278717,0.7919726967811584,0.14351417124271393,0.019978148862719536,0,0.5233051180839539,0.11480917781591415,0.8292256593704224,0.7594124674797058,-0.2671428918838501,0.16830967366695404,-0.5688577890396118,1
0.47830069065093994,0.11258234083652496,0.8534635305404663,0.7747191190719604,-0.24378438293933868,0.12216208130121231,-0.570487380027771,0.7919726967811584,0.14351417124271393,0.019978148862719536,0,0.5290386080741882,0.11510049551725388,0.8256630897521973,0.7573508620262146,-0.27016696333885193,0.17394796013832092,-0.5684818625450134,1
0.4841068387031555,0.11281483620405197,0.8505492210388184,0.7731188535690308,-0.24664844572544098,0.12771612405776978,-0.5702106356620789,0.7919726967811584,0.14351417124271393,0.019978148862719536,0,0.5347307324409485,0.11539632081985474,0.8220328688621521,0.7552446722984314,-0.27319571375846863,0.17956069111824036,-0.5680910348892212,1
0.4899149537086487,0.11305342614650726,0.8475531339645386,0.7714654207229614,-0.24953441321849823,0.133285254240036,-0.5699198246002197,0.7919726967811584,0.14351417124271393,0.019978148862719536,0,0.5403810143470764,0.11569657921791077,0.8183351755142212,0.7530941963195801,-0.2762296795845032,0.18514777719974518,-0.5676853656768799,1
0.49571990966796875,0.11329827457666397,0.8444759845733643,0.7697598934173584,-0.25244054198265076,0.13886471092700958,-0.5696139931678772,0.7919726967811584,0.14351417124271393,0.019978148862719536,0,0.5459886193275452,0.11600121855735779,0.8145704865455627,0.7508991956710815,-0.2792683243751526,0.1907089799642563,-0.567264974117279,1
0.5015172362327576,0.11354923248291016,0.8413189649581909,0.7680022120475769,-0.25536492466926575,0.14445039629936218,-0.5692937970161438,0.7919726967811584,0.14351417124271393,0.019978148862719536,0,0.5515521168708801,0.11631016433238983,0.8107399344444275,0.7486605048179626,-0.28231123089790344,0.19624318182468414,-0.566830039024353,1
0.5073028802871704,0.11380591243505478,0.8380830883979797,0.766193151473999,-0.25830626487731934,0.15003930032253265,-0.5689588189125061,0.7919726967811584,0.14351417124271393,0.019978148862719536,0,0.5570716857910156,0.11662314087152481,0.8068432211875916,0.7463780641555786,-0.2853590250015259,0.2017512321472168,-0.5663800239562988,1
0.513073205947876,0.11406851559877396,0.8347692489624023,0.764333188533783,-0.2612634301185608,0.15562772750854492,-0.5686088800430298,0.7919726967811584,0.14351417124271393,0.019978148862719536,0,0.562545657157898,0.11694048345088959,0.8028814196586609,0.7440522313117981,-0.28841131925582886,0.2072317898273468,-0.5659152865409851,1
0.5188241004943848,0.11433660238981247,0.831378698348999,0.7624229788780212,-0.2642344832420349,0.16121263802051544,-0.5682443976402283,0.7919726967811584,0.14351417124271393,0.019978148862719536,0,0.5679734945297241,0.11726195365190506,0.7988550066947937,0.7416832447052002,-0.29146766662597656,0.21268470585346222,-0.5654358267784119,1
0.5245527625083923,0.11461038887500763,0.8279123306274414,0.7604629397392273,-0.26721903681755066,0.16679149866104126,-0.5678650140762329,0.7919726967811584,0.14351417124271393,0.019978148862719536,0,0.5733546614646912,0.11758743971586227,0.7947643399238586,0.7392712831497192,-0.29452839493751526,0.2181101143360138,-0.5649415254592896,1
0.530255913734436,0.11488962173461914,0.8243711590766907,0.7584536075592041,-0.2702155113220215,0.1723615676164627,-0.5674707293510437,0.7919726967811584,0.14351417124271393,0.019978148862719536,0,0.578687846660614,0.11791688203811646,0.7906104326248169,0.7368168234825134,-0.29759296774864197,0.22350703179836273,-0.5644323825836182,1
0.5359314680099487,0.11517410725355148,0.8207558989524841,0.7563954591751099,-0.27322354912757874,0.17792126536369324,-0.5670614242553711,0.7919726967811584,0.14351417124271393,0.019978148862719536,0,0.5839723944664001,0.11825020611286163,0.7863935828208923,0.734319806098938,-0.30066174268722534,0.22887566685676575,-0.5639084577560425,1
0.5415761470794678,0.11546378582715988,0.8170678615570068,0.7542888522148132,-0.27624186873435974,0.18346799910068512,-0.5666375756263733,0.7919726967811584,0.14351417124271393,0.019978148862719536,0,0.589207649230957,0.11858734488487244,0.782114565372467,0.7317807674407959,-0.30373433232307434,0.23421509563922882,-0.5633698105812073,1
0.5471880435943604,0.11575839668512344,0.8133077025413513,0.7521345019340515,-0.27926984429359436,0.18900027871131897,-0.5661987066268921,0.7919726967811584,0.14351417124271393,0.019978148862719536,0,0.5943928956985474,0.1189279779791832,0.7777738571166992,0.7291997671127319,-0.3068104684352875,0.23952554166316986,-0.5628165006637573,1
0.5527650117874146,0.11605812609195709,0.809476375579834,0.7499327063560486,-0.28230682015419006,0.19451633095741272,-0.5657446980476379,0.7919726967811584,0.14351417124271393,0.019978148862719536,0,0.5995275974273682,0.11927251517772675,0.7733718156814575,0.7265769839286804,-0.3098907768726349,0.2448069304227829,-0.562248170375824,1
0.5583052635192871,0.11636269837617874,0.8055745363235474,0.7476840019226074,-0.28535225987434387,0.2000146210193634,-0.5652758479118347,0.7919726967811584,0.14351417124271393,0.019978148862719536,0,0.6046101450920105,0.11962059140205383,0.7689098119735718,0.7239130139350891,-0.3129742741584778,0.25005796551704407,-0.5616653561592102,1
0.5638066530227661,0.116672083735466,0.8016032576560974,0.7453886270523071,-0.28840577602386475,0.20549412071704865,-0.5647919178009033,0.7919726967811584,0.14351417124271393,0.019978148862719536,0,0.6096405982971191,0.11997217684984207,0.7643879652023315,0.7212080359458923,-0.3160612881183624,0.25527897477149963,-0.5610675811767578,1
0.569267749786377,0.11698600649833679,0.7975632548332214,0.7430473566055298,-0.2914665639400482,0.21095313131809235,-0.5642930269241333,0.7919726967811584,0.14351417124271393,0.019978148862719536,0,0.6146178245544434,0.1203271821141243,0.7598070502281189,0.7184622287750244,-0.31915155053138733,0.2604696452617645,-0.5604550242424011,1
0.5746862292289734,0.11730460077524185,0.7934557795524597,0.7406604886054993,-0.2945340573787689,0.21639011800289154,-0.5637792348861694,0.7919726967811584,0.14351417124271393,0.019978148862719536,0,0.6195409893989563,0.12068551033735275,0.7551677823066711,0.7156757712364197,-0.32224491238594055,0.26562926173210144,-0.5598279237747192,1
0.5800610184669495,0.1176275983452797,0.7892816066741943,0.7382283210754395,-0.2976078391075134,0.22180452942848206,-0.5632505416870117,0.7919726967811584,0.14351417124271393,0.019978148862719536,0,0.624409556388855,0.12104683369398117,0.7504709362983704,0.7128490805625916,-0.32534122467041016,0.27075791358947754,-0.5591862201690674,1
0.5853907465934753,0.11795473843812943,0.7850412726402283,0.7357512712478638,-0.3006877601146698,0.22719521820545197,-0.5627069473266602,0.7919726967811584,0.14351417124271393,0.019978148862719536,0,0.6292226910591125,0.12141156941652298,0.7457170486450195,0.7099826335906982,-0.32844078540802,0.27585476636886597,-0.5585296154022217,1
0.5906742811203003,0.1182863786816597,0.7807353734970093,0.7332299947738647,-0.3037734925746918,0.23256146907806396,-0.5621481537818909,0.7919726967811584,0.14351417124271393,0.019978148862719536,0,0.6339796781539917,0.12177938222885132,0.7409068942070007,0.7070766091346741,-0.3315429985523224,0.2809204161167145,-0.5578579902648926,1
0.5959096550941467,0.11862199008464813,0.776365339756012,0.7306647300720215,-0.3068644106388092,0.23790185153484344,-0.5615744590759277,0.7919726967811584,0.14351417124271393,0.019978148862719536,0,0.6386802792549133,0.12215018272399902,0.7360408306121826,0.7041309475898743,-0.33464810252189636,0.28595390915870667,-0.5571718811988831,1
0.6010962724685669,0.11896152794361115,0.7719317674636841,0.7280557751655579,-0.30996033549308777,0.2432163804769516,-0.560985803604126,0.7919726967811584,0.14351417124271393,0.019978148862719536,0,0.6433231830596924,0.12252388149499893,0.731120228767395,0.7011462450027466,-0.3377557396888733,0.29095497727394104,-0.5564711093902588,1
0.6062325239181519,0.11930514127016068,0.7674353718757629,0.7254036664962769,-0.313060998916626,0.2485034167766571,-0.5603823661804199,0.7919726967811584,0.14351417124271393,0.019978148862719536,0,0.6479080319404602,0.12290038913488388,0.7261452674865723,0.6981227397918701,-0.3408661484718323,0.2959234118461609,-0.5557554364204407,1
0.6113173961639404,0.11965249478816986,0.7628772258758545,0.722708523273468,-0.31616607308387756,0.2537631690502167,-0.5597639083862305,0.7919726967811584,0.14351417124271393,0.019978148862719536,0,0.6524338126182556,0.1232796236872673,0.7211170196533203,0.6950609087944031,-0.3439786434173584,0.30085888504981995,-0.5550251007080078,1
0.6163504123687744,0.12000355124473572,0.7582575678825378,0.7199710011482239,-0.3192753195762634,0.2589944005012512,-0.5591304302215576,0.7919726967811584,0.14351417124271393,0.019978148862719536,0,0.65690016746521,0.12366123497486115,0.7160361409187317,0.6919606924057007,-0.3470933735370636,0.30576109886169434,-0.5542803406715393,1
0.6213293671607971,0.12035821378231049,0.7535781264305115,0.7171915769577026,-0.32238835096359253,0.2641964256763458,-0.5584819912910461,0.7919726967811584,0.14351417124271393,0.019978148862719536,0,0.6613065600395203,0.12404562532901764,0.710902988910675,0.6888225674629211,-0.35021042823791504,0.3106299042701721,-0.5535205602645874,1
0.6262542009353638,0.12071637064218521,0.7488390207290649,0.7143703103065491,-0.3255048394203186,0.26936861872673035,-0.5578189492225647,0.7919726967811584,0.14351417124271393,0.019978148862719536,0,0.6656520962715149,0.12443246692419052,0.7057188749313354,0.6856471300125122,-0.3533293902873993,0.31546488404273987,-0.5527459979057312,1
0.6311237812042236,0.1210780218243599,0.7440412640571594,0.7115077376365662,-0.3286251127719879,0.2745109498500824,-0.5571407675743103,0.7919726967811584,0.14351417124271393,0.019978148862719536,0,0.6699360013008118,0.12482167035341263,0.7004843950271606,0.6824342608451843,-0.3564504384994507,0.32026562094688416,-0.5519568920135498,1
0.6359370946884155,0.1214429959654808,0.7391855716705322,0.7086041569709778,-0.33174869418144226,0.27962249517440796,-0.5564477443695068,0.7919726967811584,0.14351417124271393,0.019978148862719536,0,0.6741581559181213,0.1252131164073944,0.6951999664306641,0.6791843771934509,-0.3595731556415558,0.325032114982605,-0.5511530637741089,1
0.6406933665275574,0.12181101739406586,0.7342728972434998,0.7056601047515869,-0.3348749577999115,0.2847030460834503,-0.55573970079422,0.7919726967811584,0.14351417124271393,0.019978148862719536,0,0.6783170700073242,0.1256067454814911,0.6898671984672546,0.6758978366851807,-0.3626974821090698,0.32976391911506653,-0.550334632396698,1
0.6453916430473328,0.12218222767114639,0.7293041348457336,0.7026755809783936,-0.3380041718482971,0.2897516191005707,-0.5550172328948975,0.7919726967811584,0.14351417124271393,0.019978148862719536,0,0.6824132800102234,0.12600217759609222,0.6844859719276428,0.6725748777389526,-0.36582350730895996,0.33446115255355835,-0.5495014190673828,1
0.6500312685966492,0.12255627661943436,0.7242799997329712,0.699651300907135,-0.3411361575126648,0.2947682738304138,-0.5542795062065125,0.7919726967811584,0.14351417124271393,0.019978148862719536,0,0.6864452362060547,0.12639981508255005,0.6790574789047241,0.6692159175872803,-0.3689510226249695,0.33912280201911926,-0.5486536026000977,1
0.6546111106872559,0.12293336540460587,0.7192013263702393,0.6965873837471008,-0.3442704975605011,0.2997523844242096,-0.5535270571708679,0.7919726967811584,0.14351417124271393,0.019978148862719536,0,0.6904124617576599,0.1267993450164795,0.6735829710960388,0.6658213138580322,-0.37207964062690735,0.34374889731407166,-0.5477913618087769,1
0.6591305732727051,0.12331333756446838,0.7140690088272095,0.6934844851493835,-0.34740716218948364,0.3047031760215759,-0.5527597665786743,0.7919726967811584,0.14351417124271393,0.019978148862719536,0,0.6943151950836182,0.1272006332874298,0.6680622696876526,0.6623911261558533,-0.3752097189426422,0.34833958745002747,-0.5469141602516174,1
0.6635888814926147,0.12369567155838013,0.7088840007781982,0.6903426647186279,-0.3505457043647766,0.30962073802948,-0.5519778728485107,0.7919726967811584,0.14351417124271393,0.019978148862719536,0,0.6981519460678101,0.12760362029075623,0.6624969244003296,0.6589259505271912,-0.3783406615257263,0.35289421677589417,-0.5460224151611328,1
0.6679854393005371,0.12408099323511124,0.7036468386650085,0.6871623992919922,-0.3536865711212158,0.31450435519218445,-0.5511809587478638,0.7919726967811584,0.14351417124271393,0.019978148862719536,0,0.7019224762916565,0.1280081570148468,0.6568877696990967,0.655426025390625,-0.38147270679473877,0.35741233825683594,-0.5451160669326782,1
0.6723194122314453,0.12446843832731247,0.6983585357666016,0.6839441657066345,-0.35682904720306396,0.31935420632362366,-0.550369143486023,0.7919726967811584,0.14351417124271393,0.019978148862719536,0,0.7056264877319336,0.12841390073299408,0.6512351632118225,0.6518913507461548,-0.38460567593574524,0.3618943989276886,-0.5441952347755432,1
0.6765902042388916,0.12485870718955994,0.6930197477340698,0.6806879639625549,-0.35997334122657776,0.324169397354126,-0.5495426058769226,0.7919726967811584,0.14351417124271393,0.019978148862719536,0,0.7092629075050354,0.12882128357887268,0.6455404758453369,0.6483229994773865,-0.3877390921115875,0.36633923649787903,-0.5432596802711487,1
0.6807968020439148,0.125250905752182,0.6876320242881775,0.6773946285247803,-0.36311882734298706,0.3289494514465332,-0.5487015247344971,0.7919726967811584,0.14351417124271393,0.019978148862719536,0,0.712831974029541,0.12922997772693634,0.6398038268089294,0.6447205543518066,-0.3908734917640686,0.3707473874092102,-0.5423095226287842,1
0.6849390864372253,0.1256452053785324,0.6821954250335693,0.6740641593933105,-0.3662656843662262,0.33369457721710205,-0.547845721244812,0.7919726967811584,0.14351417124271393,0.019978148862719536,0,0.7163324356079102,0.12963978946208954,0.634026825428009,0.6410846710205078,-0.3940083980560303,0.37511804699897766,-0.5413447618484497,1
0.6890161633491516,0.12604178488254547,0.6767109632492065,0.6706967353820801,-0.3694138824939728,0.33840423822402954,-0.5469750761985779,0.7919726967811584,0.14351417124271393,0.019978148862719536,0,0.719763994216919,0.13005071878433228,0.628210186958313,0.6374157071113586,-0.39714348316192627,0.37945133447647095,-0.54036545753479,1
0.6930274367332458,0.12644027173519135,0.6711796522140503,0.6672930717468262,-0.3725632429122925,0.3430781662464142,-0.5460895299911499,0.7919726967811584,0.14351417124271393,0.019978148862719536,0,0.7231264114379883,0.13046254217624664,0.6223545074462891,0.6337140202522278,-0.4002787172794342,0.3837469816207886,-0.5393714308738708,1
0.6969719529151917,0.12684054672718048,0.665602445602417,0.6638534665107727,-0.37571319937705994,0.34771594405174255,-0.5451894998550415,0.7919726967811584,0.14351417124271393,0.019978148862719536,0,0.7264189720153809,0.13087525963783264,0.6164608001708984,0.6299798488616943,-0.40341421961784363,0.3880045711994171,-0.5383630990982056,1
0.7008494734764099,0.1272428184747696,0.6599804162979126,0.6603783369064331,-0.37886402010917664,0.35231679677963257,-0.5442749857902527,0.7919726967811584,0.14351417124271393,0.019978148862719536,0,0.729641318321228,0.13128845393657684,0.6105299592018127,0.6262134313583374,-0.40654951333999634,0.39222410321235657,-0.5373401641845703,1
0.7046594619750977,0.12764668464660645,0.6543141007423401,0.656868040561676,-0.3820153772830963,0.35688114166259766,-0.54334557056427,0.7919726967811584,0.14351417124271393,0.019978148862719536,0,0.7327929735183716,0.13170257210731506,0.6045628190040588,0.6224151849746704,-0.40968504548072815,0.39640504121780396,-0.5363026261329651,1
0.7084012627601624,0.12805205583572388,0.6486042737960815,0.6533224582672119,-0.38516736030578613,0.3614084720611572,-0.5424017310142517,0.7919726967811584,0.14351417124271393,0.019978148862719536,0,0.7358733415603638,0.13211722671985626,0.5985603928565979,0.6185856461524963,-0.4128200113773346,0.40054750442504883,-0.5352504849433899,1
0.7120740413665771,0.12845878303050995,0.6428524255752563,0.6497425436973572,-0.38831964135169983,0.365898460149765,-0.5414431095123291,0.7919726967811584,0.14351417124271393,0.019978148862719536,0,0.7388821840286255,0.13253231346607208,0.5925233364105225,0.6147249341011047,-0.41595470905303955,0.40465107560157776,-0.534183919429779,1
0.7156776785850525,0.12886659801006317,0.6370588541030884,0.6461282968521118,-0.3914719521999359,0.37035083770751953,-0.5404702425003052,0.7919726967811584,0.14351417124271393,0.019978148862719536,0,0.7418189644813538,0.13294772803783417,0.5864529013633728,0.6108334064483643,-0.41908901929855347,0.40871527791023254,-0.533102810382843,1
0.7192116975784302,0.1292761117219925,0.631224513053894,0.6424802541732788,-0.3946247398853302,0.37476545572280884,-0.5394823551177979,0.7919726967811584,0.14351417124271393,0.019978148862719536,0,0.7446831464767456,0.13336338102817535,0.5803498029708862,0.6069116592407227,-0.4222226142883301,0.41274020075798035,-0.5320071578025818,1
0.7226755619049072,0.12968645989894867,0.6253503561019897,0.6387984752655029,-0.39777740836143494,0.37914198637008667,-0.5384801030158997,0.7919726967811584,0.14351417124271393,0.019978148862719536,0,0.7475894093513489,0.13379640877246857,0.5739585161209106,0.6027942895889282,-0.42548608779907227,0.41689109802246094,-0.5308506488800049,1
0.7260732054710388,0.13009901344776154,0.6194268465042114,0.6350736618041992,-0.4009355902671814,0.3834903836250305,-0.5374636650085449,0.7919726967811584,0.14351417124271393,0.019978148862719536,0,0.750416100025177,0.13422948122024536,0.5675340890884399,0.5986449718475342,-0.4287482798099518,0.42099863290786743,-0.5296783447265625,1
0.7294080257415771,0.13051410019397736,0.6134482026100159,0.6313036680221558,-0.4041028320789337,0.3878130614757538,-0.5364304184913635,0.7919726967811584,0.14351417124271393,0.019978148862719536,0,0.7531630396842957,0.1346624344587326,0.5610767006874084,0.594463586807251,-0.4320099353790283,0.42506295442581177,-0.5284902453422546,1
0.7326807379722595,0.13093137741088867,0.6074128150939941,0.6274886131286621,-0.40727996826171875,0.3921101987361908,-0.5353788733482361,0.7919726967811584,0.14351417124271393,0.019978148862719536,0,0.7558294534683228,0.13509482145309448,0.5545886754989624,0.5902506709098816,-0.4352700114250183,0.4290836453437805,-0.5272867679595947,1
0.7358902096748352,0.13135099411010742,0.6013211011886597,0.6236287355422974,-0.4104667901992798,0.3963809013366699,-0.5343090891838074,0.7919726967811584,0.14351417124271393,0.019978148862719536,0,0.7584152221679688,0.13552717864513397,0.548069953918457,0.5860068798065186,-0.4385289251804352,0.4330603778362274,-0.526067316532135,1
0.7390350103378296,0.13177235424518585,0.5951746702194214,0.619725227355957,-0.4136628210544586,0.4006238877773285,-0.5332205891609192,0.7919726967811584,0.14351417124271393,0.019978148862719536,0,0.7609198689460754,0.13595899939537048,0.541522204875946,0.581732451915741,-0.4417862594127655,0.43699318170547485,-0.5248324871063232,1
0.7421136498451233,0.13219502568244934,0.5889757871627808,0.6157787442207336,-0.4168667793273926,0.4048374891281128,-0.5321138501167297,0.7919726967811584,0.14351417124271393,0.019978148862719536,0,0.7633430361747742,0.13639023900032043,0.5349464416503906,0.5774279236793518,-0.4450419247150421,0.4408816993236542,-0.5235818028450012,1
0.7451242208480835,0.13261911273002625,0.5827261209487915,0.611790657043457,-0.4200778603553772,0.40902024507522583,-0.5309889316558838,0.7919726967811584,0.14351417124271393,0.019978148862719536,0,0.7656844258308411,0.1368207484483719,0.5283434391021729,0.5730934739112854,-0.4482957720756531,0.4447256326675415,-0.5223158001899719,1
0.7480648756027222,0.13304422795772552,0.5764282941818237,0.6077619194984436,-0.42329561710357666,0.4131702780723572,-0.5298457145690918,0.7919726967811584,0.14351417124271393,0.019978148862719536,0,0.7679435610771179,0.1372504085302353,0.521714448928833,0.5687295198440552,-0.451547771692276,0.44852519035339355,-0.5210339426994324,1
0.7509342432022095,0.1334705650806427,0.5700843930244446,0.6036935448646545,-0.42651858925819397,0.4172867238521576,-0.5286847352981567,0.7919726967811584,0.14351417124271393,0.019978148862719536,0,0.7701202034950256,0.1376790851354599,0.5150606632232666,0.5643368363380432,-0.4547975957393646,0.45227959752082825,-0.519736647605896,1
0.7537303566932678,0.13389703631401062,0.563697099685669,0.5995869040489197,-0.4297458827495575,0.42136797308921814,-0.527506411075592,0.7919726967811584,0.14351417124271393,0.019978148862719536,0,0.7722141146659851,0.13810668885707855,0.5083827972412109,0.5599152445793152,-0.4580453336238861,0.4559892416000366,-0.5184236764907837,1
0.7564522624015808,0.13432443141937256,0.5572678446769714,0.5954424738883972,-0.4329772889614105,0.4254128932952881,-0.5263105630874634,0.7919726967811584,0.14351417124271393,0.019978148862719536,0,0.7742248773574829,0.13853304088115692,0.501682460308075,0.5554657578468323,-0.46129077672958374,0.45965325832366943,-0.517095148563385,1
0.7590984106063843,0.13475200533866882,0.5507994890213013,0.591261625289917,-0.4362114369869232,0.4294201731681824,-0.525097668170929,0.7919726967811584,0.14351417124271393,0.019978148862719536,0,0.7761523127555847,0.13895806670188904,0.49496006965637207,0.5509880185127258,-0.4645337760448456,0.46327221393585205,-0.5157511830329895,1
0.7616676688194275,0.13517965376377106,0.5442936420440674,0.5870449542999268,-0.4394480288028717,0.433388888835907,-0.5238678455352783,0.7919726967811584,0.14351417124271393,0.019978148862719536,0,0.7779961228370667,0.13938163220882416,0.48821762204170227,0.5464833378791809,-0.4677739143371582,0.4668452739715576,-0.5143918991088867,1
0.764159083366394,0.13560721278190613,0.5377523303031921,0.5827934741973877,-0.44268643856048584,0.437318354845047,-0.5226214528083801,0.7919726967811584,0.14351417124271393,0.019978148862719536,0,0.7797558307647705,0.13980358839035034,0.48145556449890137,0.5419517159461975,-0.47101134061813354,0.47037261724472046,-0.5130166411399841,1
0.7665717601776123,0.13603486120700836,0.5311772227287292,0.5785081386566162,-0.44592589139938354,0.44120728969573975,-0.5213581919670105,0.7919726967811584,0.14351417124271393,0.019978148862719536,0,0.7814316749572754,0.14022386074066162,0.47467443346977234,0.5373932123184204,-0.47424620389938354,0.47385427355766296,-0.5116258859634399,1
0.7689045667648315,0.13646215200424194,0.5245702862739563,0.5741897225379944,-0.4491659998893738,0.44505542516708374,-0.5200785994529724,0.7919726967811584,0.14351417124271393,0.019978148862719536,0,0.7830227613449097,0.1406422257423401,0.4678768515586853,0.5328090190887451,-0.4774777591228485,0.4772893190383911,-0.5102200508117676,1
0.7711569666862488,0.13688869774341583,0.5179329514503479,0.5698385238647461,-0.45240646600723267,0.4488619565963745,-0.5187826156616211,0.7919726967811584,0.14351417124271393,0.019978148862719536,0,0.7845296263694763,0.14105869829654694,0.4610627591609955,0.5281988382339478,-0.480706125497818,0.48067814111709595,-0.5087985992431641,1
0.7733281254768372,0.13731488585472107,0.5112673044204712,0.5654557943344116,-0.45564642548561096,0.4526257812976837,-0.5174705386161804,0.7919726967811584,0.14351417124271393,0.019978148862719536,0,0.7859514355659485,0.14147308468818665,0.4542340934276581,0.5235635638237,-0.4839310348033905,0.48402032256126404,-0.507361888885498,1
0.7754174470901489,0.13774007558822632,0.5045746564865112,0.561042070388794,-0.4588857889175415,0.4563470184803009,-0.5161424875259399,0.7919726967811584,0.14351417124271393,0.019978148862719536,0,0.7872885465621948,0.14188525080680847,0.44739097356796265,0.5189034938812256,-0.48715272545814514,0.4873160123825073,-0.5059095025062561,1
0.7774242162704468,0.13816437125205994,0.4978567659854889,0.5565980672836304,-0.4621238708496094,0.4600244462490082,-0.5147985219955444,0.7919726967811584,0.14351417124271393,0.019978148862719536,0,0.788540244102478,0.14229509234428406,0.44053518772125244,0.5142186880111694,-0.49037083983421326,0.49056491255760193,-0.5044418573379517,1
0.7793482542037964,0.13858769834041595,0.49111446738243103,0.5521239638328552,-0.4653611183166504,0.4636583626270294,-0.5134385228157043,0.7919726967811584,0.14351417124271393,0.019978148862719536,0,0.7897068858146667,0.14270247519016266,0.43366777896881104,0.509510338306427,-0.49358487129211426,0.4937666058540344,-0.5029588937759399,1
0.7811886072158813,0.13900989294052124,0.48435014486312866,0.5476210713386536,-0.46859630942344666,0.4672475755214691,-0.5120627284049988,0.7919726967811584,0.14351417124271393,0.019978148862719536,0,0.7907879948616028,0.1431073248386383,0.4267898201942444,0.5047781467437744,-0.496795117855072,0.4969213902950287,-0.5014605522155762,1
0.7829453945159912,0.1394302397966385,0.4775647222995758,0.5430896282196045,-0.471829354763031,0.4707920551300049,-0.5106716156005859,0.7919726967811584,0.14351417124271393,0.019978148862719536,0,0.7917836308479309,0.14350946247577667,0.41990214586257935,0.5000226497650146,-0.5000016093254089,0.5000288486480713,-0.4999467432498932,1
0.7846177816390991,0.1398494988679886,0.470759779214859,0.5385304093360901,-0.47506022453308105,0.4742913246154785,-0.5092645883560181,0.7919726967811584,0.14351417124271393,0.019978148862719536,0,0.7846177816390991,0.1398494988679886,0.470759779214859,0.5385304093360901,-0.47506022453308105,0.4742913246154785,-0.5092645883560181,1
0.7861733436584473,0.14005103707313538,0.4646703600883484,0.5356103777885437,-0.4782499074935913,0.4771870970726013,-0.5066466927528381,0.7919726967811584,0.14351417124271393,0.019978148862719536,0,0.7851700186729431,0.13990481197834015,0.46860140562057495,0.5381630659103394,-0.4752974808216095,0.4745522141456604,-0.5091884136199951,1
0.7875553965568542,0.14015093445777893,0.45960578322410583,0.5333636403083801,-0.4806436598300934,0.4795128405094147,-0.5045514702796936,0.7919726967811584,0.14351417124271393,0.019978148862719536,0,0.7857123017311096,0.13995978236198425,0.4664410650730133,0.5377956628799438,-0.4755346179008484,0.47481289505958557,-0.5091122388839722,1
0.7887827157974243,0.14021219313144684,0.45557332038879395,0.5317386984825134,-0.48232942819595337,0.4811747074127197,-0.5030736327171326,0.7919726967811584,0.14351417124271393,0.019978148862719536,0,0.7862448692321777,0.1400146782398224,0.4642784595489502,0.5374280214309692,-0.47577208280563354,0.4750731587409973,-0.5090357661247253,1
0.789873480796814,0.14025743305683136,0.4525753855705261,0.530738890171051,-0.48333197832107544,0.482176810503006,-0.5022069811820984,0.7919726967811584,0.14351417124271393,0.019978148862719536,0,0.7867676019668579,0.14006897807121277,0.46211379766464233,0.5370602607727051,-0.4760093688964844,0.47533315420150757,-0.5089593529701233,1
0.7908267974853516,0.14028921723365784,0.45042943954467773,0.5302495956420898,-0.48378199338912964,0.482645720243454,-0.5018399953842163,0.7919726967811584,0.14351417124271393,0.019978148862719536,0,0.7872804403305054,0.1401229351758957,0.45994725823402405,0.5366923213005066,-0.47624650597572327,0.4755929112434387,-0.508882999420166,1
0.79161137342453,0.14029942452907562,0.44863688945770264,0.5299265384674072,-0.4840375781059265,0.4829353988170624,-0.5016560554504395,0.7919726967811584,0.14351417124271393,0.019978148862719536,0,0.7877835035324097,0.14017654955387115,0.4577789306640625,0.5363244414329529,-0.47648364305496216,0.47585219144821167,-0.5088065266609192,1
0.792221188545227,0.14029854536056519,0.4471294581890106,0.5297013521194458,-0.48417818546295166,0.4831165671348572,-0.5015838742256165,0.7919726967811584,0.14351417124271393,0.019978148862719536,0,0.7882767915725708,0.14022979140281677,0.4556085169315338,0.5359561443328857,-0.47672078013420105,0.47611141204833984,-0.5087299942970276,1
0.7926572561264038,0.14029324054718018,0.44590845704078674,0.5295713543891907,-0.4842119514942169,0.4831930100917816,-0.5016147494316101,0.7919726967811584,0.14351417124271393,0.019978148862719536,0,0.7887600064277649,0.14028269052505493,0.45343637466430664,0.5355878472328186,-0.4769580066204071,0.47637033462524414,-0.5086531043052673,1
0.7929297089576721,0.14028716087341309,0.4449670910835266,0.5295368432998657,-0.4841417074203491,0.48316600918769836,-0.5017451047897339,0.7919726967811584,0.14351417124271393,0.019978148862719536,0,0.7892335653305054,0.14033560454845428,0.45126229524612427,0.5352193117141724,-0.47719523310661316,0.47662878036499023,-0.5085763335227966,1
0.7931108474731445,0.1402909755706787,0.4441782534122467,0.5295709371566772,-0.4840008318424225,0.48306283354759216,-0.501944363117218,0.7919726967811584,0.14351417124271393,0.019978148862719536,0,0.7896971702575684,0.14038778841495514,0.4490864872932434,0.5348505973815918,-0.47743260860443115,0.4768869876861572,-0.5084994435310364,1
0.7932614088058472,0.14030614495277405,0.4434024691581726,0.529626190662384,-0.4838390052318573,0.4829331636428833,-0.5021666884422302,0.7919726967811584,0.14351417124271393,0.019978148862719536,0,0.7901507019996643,0.14043967425823212,0.4469093680381775,0.5344818830490112,-0.4776695668697357,0.47714486718177795,-0.5084226131439209,1
0.7934107780456543,0.1403302401304245,0.4425662159919739,0.5296716094017029,-0.48368680477142334,0.4828086197376251,-0.5023851990699768,0.7919726967811584,0.14351417124271393,0.019978148862719536,0,0.7905945181846619,0.14049118757247925,0.4447302520275116,0.534112811088562,-0.4779069125652313,0.4774024486541748,-0.5083455443382263,1
0.7935739755630493,0.14036089181900024,0.4416341185569763,0.5296915769577026,-0.4835593104362488,0.48270562291145325,-0.5025858879089355,0.7919726967811584,0.14351417124271393,0.019978148862719536,0,0.7910283803939819,0.14054234325885773,0.442549467086792,0.533743679523468,-0.47814422845840454,0.47765979170799255,-0.508268415927887,1
0.7937570810317993,0.1403956115245819,0.44059276580810547,0.5296788811683655,-0.48346278071403503,0.4826318025588989,-0.5027629137039185,0.7919726967811584,0.14351417124271393,0.019978148862719536,0,0.7914524078369141,0.14059346914291382,0.440367192029953,0.5333744287490845,-0.478381484746933,0.47791677713394165,-0.5081911087036133,1
0.7939619421958923,0.14043298363685608,0.43944066762924194,0.5296319127082825,-0.48339876532554626,0.4825892746448517,-0.5029147863388062,0.7919726967811584,0.14351417124271393,0.019978148862719536,0,0.7918664813041687,0.140643909573555,0.4381834864616394,0.5330051779747009,-0.4786186218261719,0.4781734049320221,-0.5081139206886292,1
0.794187605381012,0.140472412109375,0.43818241357803345,0.5295512676239014,-0.4833662807941437,0.4825775921344757,-0.5030420422554016,0.7919726967811584,0.14351417124271393,0.019978148862719536,0,0.7922705411911011,0.1406940072774887,0.4359985888004303,0.5326356887817383,-0.4788556396961212,0.4784296452999115,-0.5080368518829346,1
0.7944324612617493,0.1405128836631775,0.43682458996772766,0.5294389128684998,-0.4833635687828064,0.4825952351093292,-0.5031458735466003,0.7919726967811584,0.14351417124271393,0.019978148862719536,0,0.7926648855209351,0.14074373245239258,0.43381184339523315,0.5322659015655518,-0.4790930151939392,0.4786858558654785,-0.5079594254493713,1
0.7946934700012207,0.14055432379245758,0.43537667393684387,0.5292975306510925,-0.48338812589645386,0.4826396107673645,-0.5032286643981934,0.7919726967811584,0.14351417124271393,0.019978148862719536,0,0.7930489778518677,0.140793114900589,0.43162408471107483,0.5318960547447205,-0.4793300926685333,0.4789416491985321,-0.5078820586204529,1
0.7949683666229248,0.1405966579914093,0.4338461458683014,0.5291297435760498,-0.483437180519104,0.48270824551582336,-0.5032920837402344,0.7919726967811584,0.14351417124271393,0.019978148862719536,0,0.7934232950210571,0.14084210991859436,0.42943477630615234,0.5315262079238892,-0.47956714034080505,0.4791971743106842,-0.5078043937683105,1
0.7952544093132019,0.14063943922519684,0.432241827249527,0.5289384126663208,-0.4835083782672882,0.48279842734336853,-0.5033383369445801,0.7919726967811584,0.14351417124271393,0.019978148862719536,0,0.7937875986099243,0.14089106023311615,0.427244633436203,0.5311562418937683,-0.47980427742004395,0.47945213317871094,-0.5077266097068787,1
0.7955492734909058,0.14068259298801422,0.4305708706378937,0.5287256836891174,-0.4835992455482483,0.4829082190990448,-0.5033692121505737,0.7919726967811584,0.14351417124271393,0.019978148862719536,0,0.7941421270370483,0.14093932509422302,0.42505282163619995,0.530785858631134,-0.4800415635108948,0.47970715165138245,-0.5076490044593811,1
0.7958503365516663,0.1407259851694107,0.42884111404418945,0.5284944772720337,-0.4837072491645813,0.4830349087715149,-0.5033866763114929,0.7919726967811584,0.14351417124271393,0.019978148862719536,0,0.7944864630699158,0.14098724722862244,0.42286014556884766,0.5304154753684998,-0.4802786707878113,0.479961633682251,-0.5075711607933044,1
0.7961560487747192,0.1407696008682251,0.4270583689212799,0.5282464027404785,-0.48383069038391113,0.4831768870353699,-0.5033921599388123,0.7919726967811584,0.14351417124271393,0.019978148862719536,0,0.7948209643363953,0.141034796833992,0.4206661581993103,0.5300447940826416,-0.48051580786705017,0.48021599650382996,-0.5074933767318726,1
0.7964644432067871,0.1408136636018753,0.4252283573150635,0.5279837846755981,-0.4839679002761841,0.4833320081233978,-0.503386914730072,0.7919726967811584,0.14351417124271393,0.019978148862719536,0,0.7951453924179077,0.14108197391033173,0.4184713661670685,0.5296741127967834,-0.48075300455093384,0.48046985268592834,-0.5074154734611511,1
0.7967739105224609,0.1408577859401703,0.42335644364356995,0.5277079939842224,-0.4841170608997345,0.48349881172180176,-0.5033724904060364,0.7919726967811584,0.14351417124271393,0.019978148862719536,0,0.7954598665237427,0.1411287486553192,0.4162753224372864,0.5293031930923462,-0.48099008202552795,0.48072361946105957,-0.5073375105857849,1
0.7970828413963318,0.14090190827846527,0.4214472770690918,0.5274204611778259,-0.4842767119407654,0.48367607593536377,-0.5033499598503113,0.7919726967811584,0.14351417124271393,0.019978148862719536,0,0.7957643866539001,0.14117549359798431,0.41407835483551025,0.5289321541786194,-0.4812275469303131,0.48097699880599976,-0.5072591304779053,1
0.7973902821540833,0.14094600081443787,0.4195043444633484,0.5271223783493042,-0.48444610834121704,0.4838623106479645,-0.503320038318634,0.7919726967811584,0.14351417124271393,0.019978148862719536,0,0.7960590720176697,0.1412215530872345,0.4118805527687073,0.5285610556602478,-0.48146456480026245,0.4812299907207489,-0.5071812272071838,1
0.7976950407028198,0.14099030196666718,0.4175320565700531,0.5268157720565796,-0.4846234917640686,0.4840564429759979,-0.503283679485321,0.7919726967811584,0.14351417124271393,0.019978148862719536,0,0.7963436245918274,0.14126721024513245,0.40968188643455505,0.5281898379325867,-0.4817016124725342,0.48148268461227417,-0.507102906703949,1
0.7979960441589355,0.14103448390960693,0.4155333340167999,0.5265007615089417,-0.4848082661628723,0.48425763845443726,-0.5032418370246887,0.7919726967811584,0.14351417124271393,0.019978148862719536,0,0.7966179847717285,0.14131247997283936,0.4074828326702118,0.5278186202049255,-0.4819386303424835,0.48173508048057556,-0.5070245862007141,1
0.7982925772666931,0.14107884466648102,0.41351062059402466,0.526178777217865,-0.4849996864795685,0.48446473479270935,-0.5031949281692505,0.7919726967811584,0.14351417124271393,0.019978148862719536,0,0.7968827486038208,0.1413574367761612,0.4052824079990387,0.5274469256401062,-0.48217567801475525,0.48198723793029785,-0.5069462656974792,1
0.7985837459564209,0.1411229819059372,0.41146713495254517,0.5258503556251526,-0.485196590423584,0.4846772253513336,-0.5031436681747437,0.7919726967811584,0.14351417124271393,0.019978148862719536,0,0.7971371412277222,0.1414019614458084,0.40308165550231934,0.5270753502845764,-0.48241281509399414,0.4822390377521515,-0.5068678259849548,1
0.7988690733909607,0.14116722345352173,0.409405380487442,0.5255166888237,-0.48539823293685913,0.48489412665367126,-0.5030887126922607,0.7919726967811584,0.14351417124271393,0.019978148862719536,0,0.7973816990852356,0.14144639670848846,0.40087997913360596,0.5267034769058228,-0.48264995217323303,0.48249053955078125,-0.5067892670631409,1
0.7991479635238647,0.14121122658252716,0.40732643008232117,0.5251777172088623,-0.4856047034263611,0.48511552810668945,-0.5030301809310913,0.7919726967811584,0.14351417124271393,0.019978148862719536,0,0.7976163029670715,0.14149019122123718,0.3986777067184448,0.5263314247131348,-0.4828871488571167,0.48274174332618713,-0.5067105889320374,1
0.7994198799133301,0.1412549465894699,0.4052327871322632,0.524834394454956,-0.4858148694038391,0.4853401482105255,-0.5029689073562622,0.7919726967811584,0.14351417124271393,0.019978148862719536,0,0.79784095287323,0.14153358340263367,0.3964749276638031,0.5259591937065125,-0.48312416672706604,0.4829927086830139,-0.5066318511962891,1
0.7996844053268433,0.14129842817783356,0.4031261205673218,0.524487316608429,-0.48602813482284546,0.48556774854660034,-0.502905011177063,0.7919726967811584,0.14351417124271393,0.019978148862719536,0,0.7980554103851318,0.1415765881538391,0.3942718505859375,0.5255869626998901,-0.48336124420166016,0.48324325680732727,-0.5065531134605408,1
0.7999411821365356,0.1413419097661972,0.40100741386413574,0.5241367220878601,-0.48624464869499207,0.4857980012893677,-0.5028389692306519,0.7919726967811584,0.14351417124271393,0.019978148862719536,0,0.7982598543167114,0.14161919057369232,0.3920680284500122,0.5252144932746887,-0.483598530292511,0.4834935665130615,-0.5064742565155029,1
0.800189733505249,0.14138509333133698,0.39887863397598267,0.523783266544342,-0.48646363615989685,0.48603054881095886,-0.5027707815170288,0.7919726967811584,0.14351417124271393,0.019978148862719536,0,0.7984545230865479,0.1416614055633545,0.38986390829086304,0.5248419046401978,-0.48383551836013794,0.48374369740486145,-0.5063953399658203,1
0.8004301190376282,0.14142824709415436,0.3967403173446655,0.5234271883964539,-0.4866849482059479,0.4862649142742157,-0.5027008056640625,0.7919726967811584,0.14351417124271393,0.019978148862719536,0,0.7986387014389038,0.1417035311460495,0.38765949010849,0.5244691967964172,-0.48407280445098877,0.483993262052536,-0.5063161849975586,1
0.8006617426872253,0.14147108793258667,0.39459359645843506,0.5230684280395508,-0.48690831661224365,0.4865012764930725,-0.502629280090332,0.7919726967811584,0.14351417124271393,0.019978148862719536,0,0.7988132238388062,0.14174498617649078,0.385454922914505,0.5240963697433472,-0.4843096435070038,0.4842424988746643,-0.506237268447876,1
0.8008846044540405,0.14151358604431152,0.39243966341018677,0.5227077603340149,-0.48713335394859314,0.48673877120018005,-0.5025565028190613,0.7919726967811584,0.14351417124271393,0.019978148862719536,0,0.7989776730537415,0.14178605377674103,0.3832496106624603,0.5237234234809875,-0.4845467507839203,0.4844917953014374,-0.5061579346656799,1
0.8010983467102051,0.14155574142932892,0.3902793228626251,0.522345244884491,-0.4873599112033844,0.48697739839553833,-0.502482533454895,0.7919726967811584,0.14351417124271393,0.019978148862719536,0,0.799132227897644,0.14182668924331665,0.3810443580150604,0.5233502388000488,-0.48478376865386963,0.48474064469337463,-0.5060787796974182,1
0.8013031482696533,0.14159783720970154,0.38811275362968445,0.521980881690979,-0.4875880479812622,0.4872173070907593,-0.5024071931838989,0.7919726967811584,0.14351417124271393,0.019978148862719536,0,0.7992764711380005,0.14186695218086243,0.378839373588562,0.5229771137237549,-0.4850206971168518,0.48498886823654175,-0.5059996247291565,1
0.801498532295227,0.1416396051645279,0.3859410881996155,0.5216149091720581,-0.4878173768520355,0.4874580502510071,-0.5023311376571655,0.7919726967811584,0.14351417124271393,0.019978148862719536,0,0.7994108200073242,0.14190711081027985,0.37663379311561584,0.5226036906242371,-0.48525771498680115,0.4852369725704193,-0.5059201717376709,1
0.8016846179962158,0.14168068766593933,0.38376498222351074,0.5212476849555969,-0.48804765939712524,0.48769938945770264,-0.5022544860839844,0.7919726967811584,0.14351417124271393,0.019978148862719536,0,0.7995351552963257,0.14194656908512115,0.3744281530380249,0.5222300887107849,-0.4854949414730072,0.4854848384857178,-0.5058407187461853,1
0.8018609881401062,0.14172200858592987,0.3815850019454956,0.5208794474601746,-0.4882788360118866,0.4879413843154907,-0.5021767616271973,0.7919726967811584,0.14351417124271393,0.019978148862719536,0,0.7996494770050049,0.14198563992977142,0.37222251296043396,0.5218563079833984,-0.4857320785522461,0.4857324957847595,-0.5057609677314758,1
0.8020278811454773,0.1417626589536667,0.3794011175632477,0.5205099582672119,-0.48851069808006287,0.4881838858127594,-0.502098560333252,0.7919726967811584,0.14351417124271393,0.019978148862719536,0,0.7997538447380066,0.14202430844306946,0.3700169026851654,0.5214823484420776,-0.4859691560268402,0.485979825258255,-0.5056814551353455,1
0.8021848797798157,0.14180320501327515,0.377214640378952,0.5201399326324463,-0.48874324560165405,0.48842644691467285,-0.5020198822021484,0.7919726967811584,0.14351417124271393,0.019978148862719536,0,0.7998480796813965,0.14206255972385406,0.36781150102615356,0.5211083292961121,-0.4862062335014343,0.4862268269062042,-0.5056015253067017,1
0.8023324608802795,0.14184309542179108,0.3750249445438385,0.5197687149047852,-0.48897653818130493,0.4886696934700012,-0.5019406080245972,0.7919726967811584,0.14351417124271393,0.019978148862719536,0,0.7999323010444641,0.14210040867328644,0.3656062185764313,0.5207341909408569,-0.48644310235977173,0.4864734411239624,-0.5055219531059265,1
0.8024701476097107,0.14188289642333984,0.3728329539299011,0.519396960735321,-0.4892100691795349,0.4889128506183624,-0.5018609762191772,0.7919726967811584,0.14351417124271393,0.019978148862719536,0,0.800006628036499,0.14213818311691284,0.36340099573135376,0.520359992980957,-0.48668038845062256,0.48671969771385193,-0.5054419636726379,1
0.8025978803634644,0.14192229509353638,0.3706393241882324,0.5190244913101196,-0.48944416642189026,0.48915615677833557,-0.5017810463905334,0.7919726967811584,0.14351417124271393,0.019978148862719536,0,0.8000708222389221,0.14217522740364075,0.3611961305141449,0.5199856758117676,-0.4869172275066376,0.4869658946990967,-0.5053620338439941,1
0.8027157187461853,0.14196129143238068,0.36844339966773987,0.5186512470245361,-0.4896787405014038,0.48939961194992065,-0.5017005801200867,0.7919726967811584,0.14351417124271393,0.019978148862719536,0,0.8001250624656677,0.14221186935901642,0.358991801738739,0.5196111798286438,-0.48715415596961975,0.4872114360332489,-0.5052820444107056,1
0.8028236627578735,0.1420002281665802,0.36624622344970703,0.5182780027389526,-0.4899134337902069,0.4896427392959595,-0.5016199350357056,0.7919726967811584,0.14351417124271393,0.019978148862719536,0,0.8001691699028015,0.14224812388420105,0.3567875027656555,0.5192365050315857,-0.4873912036418915,0.4874568283557892,-0.5052019357681274,1
0.8029216527938843,0.1420384645462036,0.36404794454574585,0.5179038643836975,-0.4901483654975891,0.48988625407218933,-0.5015391111373901,0.7919726967811584,0.14351417124271393,0.019978148862719536,0,0.8002033829689026,0.14228393137454987,0.3545837104320526,0.5188616514205933,-0.48762810230255127,0.487701952457428,-0.5051218867301941,1
0.8030098080635071,0.1420762836933136,0.36184805631637573,0.517529308795929,-0.49038374423980713,0.4901295304298401,-0.5014579892158508,0.7919726967811584,0.14351417124271393,0.019978148862719536,0,0.8002276420593262,0.14231935143470764,0.35238009691238403,0.5184866786003113,-0.487865149974823,0.4879467189311981,-0.5050416588783264,1
0.8030877113342285,0.14211402833461761,0.3596476912498474,0.5171544551849365,-0.4906193017959595,0.4903726279735565,-0.5013766884803772,0.7919726967811584,0.14351417124271393,0.019978148862719536,0,0.8002416491508484,0.14235466718673706,0.35017722845077515,0.5181116461753845,-0.48810216784477234,0.4881912171840668,-0.5049613118171692,1
0.8031558394432068,0.14215102791786194,0.357446551322937,0.5167790651321411,-0.49085503816604614,0.49061575531959534,-0.5012951493263245,0.7919726967811584,0.14351417124271393,0.019978148862719536,0,0.8002458810806274,0.1423892378807068,0.3479749858379364,0.5177364945411682,-0.4883390963077545,0.488435298204422,-0.504880964756012,1
0.803213894367218,0.1421879529953003,0.3552447557449341,0.5164033770561218,-0.49109095335006714,0.4908587336540222,-0.5012133121490479,0.7919726967811584,0.14351417124271393,0.019978148862719536,0,0.8002399802207947,0.14242342114448547,0.3457731008529663,0.5173609256744385,-0.48857611417770386,0.48867934942245483,-0.5048004984855652,1
0.8032617568969727,0.14222446084022522,0.3530430495738983,0.5160276889801025,-0.4913266897201538,0.49110132455825806,-0.5011315941810608,0.7919726967811584,0.14351417124271393,0.019978148862719536,0,0.8002241253852844,0.14245718717575073,0.3435717523097992,0.5169853568077087,-0.4888131618499756,0.4889228641986847,-0.5047198534011841,1
0.8033000230789185,0.14226029813289642,0.35084035992622375,0.515651285648346,-0.4915628433227539,0.4913439154624939,-0.5010496377944946,0.7919726967811584,0.14351417124271393,0.019978148862719536,0,0.8001983165740967,0.14249052107334137,0.34137120842933655,0.5166095495223999,-0.48905014991760254,0.4891663193702698,-0.504639208316803,1
0.803327739238739,0.1422959715127945,0.34863850474357605,0.5152751207351685,-0.4917987287044525,0.49158579111099243,-0.500967800617218,0.7919726967811584,0.14351417124271393,0.019978148862719536,0,0.8001624345779419,0.14252345263957977,0.33917170763015747,0.5162339210510254,-0.48928698897361755,0.4894092381000519,-0.5045584440231323,1
0.8033458590507507,0.1423312872648239,0.3464359939098358,0.5148984789848328,-0.4920349717140198,0.4918278455734253,-0.5008857846260071,0.7919726967811584,0.14351417124271393,0.019978148862719536,0,0.8001167178153992,0.14255627989768982,0.336972713470459,0.5158582329750061,-0.4895239472389221,0.48965170979499817,-0.5044776797294617,1
0.8033537864685059,0.14236614108085632,0.3442339301109314,0.5145218372344971,-0.4922710657119751,0.49206942319869995,-0.500803530216217,0.7919726967811584,0.14351417124271393,0.019978148862719536,0,0.8000609874725342,0.14258836209774017,0.33477458357810974,0.5154821276664734,-0.4897608757019043,0.48989415168762207,-0.504396915435791,1
0.8033515810966492,0.142400324344635,0.34203237295150757,0.5141448974609375,-0.4925070106983185,0.4923107326030731,-0.5007215142250061,0.7919726967811584,0.14351417124271393,0.019978148862719536,0,0.7999951839447021,0.1426200419664383,0.33257725834846497,0.5151059031486511,-0.4899977445602417,0.490136057138443,-0.504315972328186,1
0.8033393025398254,0.14243435859680176,0.33983084559440613,0.5137677192687988,-0.4927430748939514,0.49255168437957764,-0.5006392002105713,0.7919726967811584,0.14351417124271393,0.019978148862719536,0,0.7999194860458374,0.1426512897014618,0.33038094639778137,0.5147294998168945,-0.4902346134185791,0.49037784337997437,-0.504235029220581,1
0.803317129611969,0.14246797561645508,0.3376297354698181,0.5133903622627258,-0.4929792881011963,0.4927925765514374,-0.5005569458007812,0.7919726967811584,0.14351417124271393,0.019978148862719536,0,0.7998337149620056,0.14268210530281067,0.32818570733070374,0.5143530368804932,-0.49047160148620605,0.4906192719936371,-0.504153847694397,1
0.8032850027084351,0.14250119030475616,0.33542877435684204,0.5130127668380737,-0.49321550130844116,0.49303320050239563,-0.5004742741584778,0.7919726967811584,0.14351417124271393,0.019978148862719536,0,0.7997381091117859,0.14271250367164612,0.3259912431240082,0.5139763951301575,-0.4907084107398987,0.4908604621887207,-0.5040728449821472,1
0.8032426238059998,0.14253398776054382,0.33322882652282715,0.5126351118087769,-0.4934517741203308,0.4932733178138733,-0.5003917217254639,0.7919726967811584,0.14351417124271393,0.019978148862719536,0,0.7996323704719543,0.14274276793003082,0.3237980306148529,0.5135998129844666,-0.490945428609848,0.49110111594200134,-0.5039915442466736,1
0.8031902313232422,0.14256668090820312,0.3310299217700958,0.5122575163841248,-0.49368780851364136,0.49351319670677185,-0.5003090500831604,0.7919726967811584,0.14351417124271393,0.019978148862719536,0,0.7995167970657349,0.14277231693267822,0.3216058611869812,0.5132229924201965,-0.4911823570728302,0.49134165048599243,-0.5039101243019104,1
0.8031278848648071,0.14259862899780273,0.32883167266845703,0.5118797421455383,-0.4939239025115967,0.4937526285648346,-0.5002265572547913,0.7919726967811584,0.14351417124271393,0.019978148862719536,0,0.7993912696838379,0.1428014636039734,0.31941497325897217,0.5128458142280579,-0.49141913652420044,0.4915819764137268,-0.5038287043571472,1
0.8030556440353394,0.1426301747560501,0.32663416862487793,0.5115017890930176,-0.49415987730026245,0.49399179220199585,-0.5001440048217773,0.7919726967811584,0.14351417124271393,0.019978148862719536,0,0.7992558479309082,0.14283014833927155,0.3172253370285034,0.512468695640564,-0.4916561543941498,0.4918217360973358,-0.5037474036216736,1
0.8029733300209045,0.14266127347946167,0.3244372308254242,0.5111234784126282,-0.4943959712982178,0.4942307770252228,-0.5000612139701843,0.7919726967811584,0.14351417124271393,0.019978148862719536,0,0.7991106510162354,0.14285841584205627,0.3150368630886078,0.5120913982391357,-0.49189287424087524,0.49206143617630005,-0.5036658048629761,1
0.8028810620307922,0.1426919400691986,0.3222416341304779,0.5107453465461731,-0.4946317672729492,0.49446922540664673,-0.4999786615371704,0.7919726967811584,0.14351417124271393,0.019978148862719536,0,0.7989552617073059,0.14288654923439026,0.31284964084625244,0.5117140412330627,-0.4921298027038574,0.4923006296157837,-0.5035840272903442,1
0.8027786612510681,0.1427222043275833,0.32004737854003906,0.5103671550750732,-0.4948676824569702,0.49470722675323486,-0.4998959004878998,0.7919726967811584,0.14351417124271393,0.019978148862719536,0,0.7987899780273438,0.14291396737098694,0.31066402792930603,0.5113365054130554,-0.4923667013645172,0.4925396144390106,-0.5035024285316467,1
0.8026663064956665,0.14275206625461578,0.317854106426239,0.5099889039993286,-0.4951034188270569,0.4949449896812439,-0.4998133182525635,0.7919726967811584,0.14351417124271393,0.019978148862719536,0,0.7986148595809937,0.1429409384727478,0.3084799647331238,0.5109588503837585,-0.49260345101356506,0.4927782118320465,-0.5034207105636597,1
0.8025440573692322,0.14278148114681244,0.31566178798675537,0.5096102952957153,-0.4953393340110779,0.49518248438835144,-0.49973052740097046,0.7919726967811584,0.14351417124271393,0.019978148862719536,0,0.7984298467636108,0.14296744763851166,0.30629706382751465,0.5105809569358826,-0.4928402304649353,0.4930166006088257,-0.5033389329910278,1
0.802411675453186,0.14281046390533447,0.31347066164016724,0.5092316269874573,-0.49557507038116455,0.49541959166526794,-0.4996478259563446,0.7919726967811584,0.14351417124271393,0.019978148862719536,0,0.7982349395751953,0.14299356937408447,0.3041157126426697,0.5102030634880066,-0.4930770993232727,0.4932546019554138,-0.5032570362091064,1
0.8022696375846863,0.14283904433250427,0.3112806975841522,0.5088528394699097,-0.4958108365535736,0.4956563413143158,-0.4995648264884949,0.7919726967811584,0.14351417124271393,0.019978148862719536,0,0.7980301380157471,0.14301925897598267,0.30193576216697693,0.5098248720169067,-0.49331408739089966,0.4934924244880676,-0.503174901008606,1
0.8021175265312195,0.14286716282367706,0.30909264087677,0.5084741115570068,-0.496046245098114,0.4958927035331726,-0.49948227405548096,0.7919726967811584,0.14351417124271393,0.019978148862719536,0,0.7978153228759766,0.14304478466510773,0.2997579872608185,0.5094467401504517,-0.4935509264469147,0.4937297999858856,-0.503092885017395,1
0.8019554018974304,0.1428951621055603,0.30690592527389526,0.5080954432487488,-0.4962817430496216,0.49612852931022644,-0.4993993639945984,0.7919726967811584,0.14351417124271393,0.019978148862719536,0,0.7975908517837524,0.1430695652961731,0.29758143424987793,0.5090683698654175,-0.4937876760959625,0.49396684765815735,-0.503010630607605,1
0.8017832040786743,0.14292241632938385,0.30472061038017273,0.5077165365219116,-0.49651724100112915,0.49636420607566833,-0.4993165135383606,0.7919726967811584,0.14351417124271393,0.019978148862719536,0,0.7973565459251404,0.14309394359588623,0.2954065203666687,0.5086897611618042,-0.49402451515197754,0.4942038059234619,-0.5029284954071045,1
0.8016014099121094,0.14294928312301636,0.30253681540489197,0.5073375105857849,-0.49675267934799194,0.4965994656085968,-0.4992336630821228,0.7919726967811584,0.14351417124271393,0.019978148862719536,0,0.7971121668815613,0.14311785995960236,0.29323363304138184,0.5083113312721252,-0.4942612051963806,0.4944404065608978,-0.5028460025787354,1
0.8014095425605774,0.14297567307949066,0.30035480856895447,0.506958544254303,-0.4969879388809204,0.49683433771133423,-0.499150812625885,0.7919726967811584,0.14351417124271393,0.019978148862719536,0,0.7968583106994629,0.14314134418964386,0.29106250405311584,0.5079324245452881,-0.4944979250431061,0.4946765601634979,-0.5027637481689453,1
0.801185667514801,0.14299741387367249,0.29822230339050293,0.5065868496894836,-0.497213751077652,0.497062087059021,-0.49907663464546204,0.7919726967811584,0.14351417124271393,0.019978148862719536,0,0.7965941429138184,0.14316439628601074,0.2888934016227722,0.5075536370277405,-0.4947347342967987,0.4949124753475189,-0.5026812553405762,1
0.8009084463119507,0.14301352202892303,0.2962457537651062,0.5062588453292847,-0.4973932206630707,0.4972485899925232,-0.49904483556747437,0.7919726967811584,0.14351417124271393,0.019978148862719536,0,0.7963204383850098,0.14318729937076569,0.28672608733177185,0.5071747303009033,-0.4949716627597809,0.4951478838920593,-0.5025987029075623,1
0.8006070256233215,0.1430310308933258,0.2943619191646576,0.50596684217453,-0.4975382387638092,0.4974006414413452,-0.4990449547767639,0.7919726967811584,0.14351417124271393,0.019978148862719536,0,0.796036958694458,0.14320947229862213,0.2845604121685028,0.5067954659461975,-0.49520841240882874,0.49538323283195496,-0.5025160312652588,1
0.8002902269363403,0.14305055141448975,0.2925262451171875,0.5056952238082886,-0.49766433238983154,0.49753379821777344,-0.49906179308891296,0.7919726967811584,0.14351417124271393,0.019978148862719536,0,0.7957435250282288,0.14323118329048157,0.28239691257476807,0.5064161419868469,-0.49544528126716614,0.4956182837486267,-0.5024333000183105,1
0.7999630570411682,0.14307117462158203,0.29071128368377686,0.5054321885108948,-0.49778255820274353,0.4976584315299988,-0.4990859925746918,0.7919726967811584,0.14351417124271393,0.019978148862719536,0,0.7954401969909668,0.14325247704982758,0.28023606538772583,0.5060368180274963,-0.4956817626953125,0.49585285782814026,-0.5023506879806519,1
0.7996272444725037,0.14309225976467133,0.28890445828437805,0.5051726698875427,-0.49789804220199585,0.49777981638908386,-0.4991125464439392,0.7919726967811584,0.14351417124271393,0.019978148862719536,0,0.795127272605896,0.14327329397201538,0.2780764102935791,0.5056570768356323,-0.4959186911582947,0.49608734250068665,-0.5022676587104797,1
0.7992832064628601,0.14311359822750092,0.2871001362800598,0.5049138069152832,-0.49801313877105713,0.49790024757385254,-0.49913960695266724,0.7919726967811584,0.14351417124271393,0.019978148862719536,0,0.7948046922683716,0.14329370856285095,0.27591946721076965,0.5052773952484131,-0.4961552321910858,0.49632132053375244,-0.5021849274635315,1
0.7989315390586853,0.14313459396362305,0.2852958142757416,0.5046541094779968,-0.498128741979599,0.49802130460739136,-0.4991658926010132,0.7919726967811584,0.14351417124271393,0.019978148862719536,0,0.7944722175598145,0.143313929438591,0.27376437187194824,0.5048976540565491,-0.49639225006103516,0.49655503034591675,-0.502101719379425,1
0.7985718250274658,0.14315518736839294,0.28349214792251587,0.5043940544128418,-0.4982450604438782,0.49814242124557495,-0.49919191002845764,0.7919726967811584,0.14351417124271393,0.019978148862719536,0,0.7941299080848694,0.14333342015743256,0.27161163091659546,0.5045177340507507,-0.49662894010543823,0.4967883825302124,-0.5020186305046082,1
0.798204243183136,0.14317509531974792,0.2816886007785797,0.5041331648826599,-0.49836185574531555,0.4982641935348511,-0.49921733140945435,0.7919726967811584,0.14351417124271393,0.019978148862719536,0,0.7937778830528259,0.1433524489402771,0.2694617509841919,0.5041378140449524,-0.4968653619289398,0.49702152609825134,-0.5019356608390808,1
0.7978287935256958,0.14319467544555664,0.2798857092857361,0.5038716793060303,-0.49847909808158875,0.498386412858963,-0.49924221634864807,0.7919726967811584,0.14351417124271393,0.019978148862719536,0,0.7934162616729736,0.1433710753917694,0.26731356978416443,0.5037575960159302,-0.49710214138031006,0.4972543716430664,-0.5018523931503296,1
0.7974451184272766,0.14321386814117432,0.2780840992927551,0.5036100149154663,-0.4985966384410858,0.49850866198539734,-0.4992668330669403,0.7919726967811584,0.14351417124271393,0.019978148862719536,0,0.7930450439453125,0.14338922500610352,0.26516807079315186,0.5033771991729736,-0.49733880162239075,0.49748694896698,-0.5017691254615784,1
0.7970535755157471,0.14323239028453827,0.276283323764801,0.5033477544784546,-0.4987146258354187,0.49863138794898987,-0.49929100275039673,0.7919726967811584,0.14351417124271393,0.019978148862719536,0,0.7926638722419739,0.1434069126844406,0.26302483677864075,0.5029966831207275,-0.4975755214691162,0.49771907925605774,-0.501685619354248,1
0.7966541051864624,0.14325052499771118,0.27448415756225586,0.5030850768089294,-0.4988327622413635,0.4987540543079376,-0.4993152320384979,0.7919726967811584,0.14351417124271393,0.019978148862719536,0,0.7922730445861816,0.14342446625232697,0.26088452339172363,0.502616286277771,-0.49781209230422974,0.49795079231262207,-0.5016023516654968,1
0.7962464094161987,0.14326830208301544,0.2726859748363495,0.5028221011161804,-0.4989512860774994,0.4988768994808197,-0.49933892488479614,0.7919726967811584,0.14351417124271393,0.019978148862719536,0,0.7918726205825806,0.14344125986099243,0.25874626636505127,0.5022354125976562,-0.49804890155792236,0.498182475566864,-0.5015186071395874,1
0.795831024646759,0.1432853788137436,0.27088987827301025,0.5025590658187866,-0.49906954169273376,0.4989997446537018,-0.49936285614967346,0.7919726967811584,0.14351417124271393,0.019978148862719536,0,0.7914624810218811,0.14345762133598328,0.2566106915473938,0.501854419708252,-0.4982856512069702,0.49841389060020447,-0.5014349818229675,1
0.7954076528549194,0.1433020979166031,0.2690942883491516,0.5022954344749451,-0.49918845295906067,0.499122679233551,-0.4993862211704254,0.7919726967811584,0.14351417124271393,0.019978148862719536,0,0.7910428047180176,0.1434735208749771,0.2544775605201721,0.5014733672142029,-0.49852243065834045,0.4986449182033539,-0.5013512969017029,1
0.7949764132499695,0.14331844449043274,0.2673003673553467,0.502031683921814,-0.4993075132369995,0.4992457628250122,-0.49940937757492065,0.7919726967811584,0.14351417124271393,0.019978148862719536,1,0.7949764132499695,0.14331844449043274,0.2673003673553467,0.502031683921814,-0.4993075132369995,0.4992457628250122,-0.49940937757492065,0
0.7947714924812317,0.14333213865756989,0.26618367433547974,0.5015921592712402,-0.499759703874588,0.4996356964111328,-0.4990086853504181,0.7919726967811584,0.14351417124271393,0.019978148862719536,1,0.7949764132499695,0.14331844449043274,0.2673003673553467,0.502031683921814,-0.4993075132369995,0.4992457628250122,-0.49940937757492065,0
0.7947210669517517,0.14334289729595184,0.26576077938079834,0.5013418197631836,-0.5000176429748535,0.4998670816421509,-0.49876999855041504,0.7919726967811584,0.14351417124271393,0.019978148862719536,1,0.7949764132499695,0.14331844449043274,0.2673003673553467,0.502031683921814,-0.4993075132369995,0.4992457628250122,-0.49940937757492065,0
0.7946915030479431,0.14334402978420258,0.2655499577522278,0.5012105703353882,-0.5001502633094788,0.49998924136161804,-0.49864646792411804,0.7919726967811584,0.14351417124271393,0.019978148862719536,1,0.7949764132499695,0.14331844449043274,0.2673003673553467,0.502031683921814,-0.4993075132369995,0.4992457628250122,-0.49940937757492065,0
0.7946659922599792,0.1433408409357071,0.2654145359992981,0.5011191368103027,-0.5002403259277344,0.5000746250152588,-0.49856236577033997,0.7919726967811584,0.14351417124271393,0.019978148862719536,1,0.7949764132499695,0.14331844449043274,0.2673003673553467,0.502031683921814,-0.4993075132369995,0.4992457628250122,-0.49940937757492065,0
0.7946430444717407,0.14333714544773102,0.2653111219406128,0.5010457038879395,-0.5003118515014648,0.5001433491706848,-0.4984954595565796,0.7919726967811584,0.14351417124271393,0.019978148862719536,1,0.7949764132499695,0.14331844449043274,0.2673003673553467,0.502031683921814,-0.4993075132369995,0.4992457628250122,-0.49940937757492065,0
0.7946226000785828,0.14333295822143555,0.2652238607406616,0.500982403755188,-0.5003730654716492,0.5002025365829468,-0.49843829870224,0.7919726967811584,0.14351417124271393,0.019978148862719536,1,0.7949764132499695,0.14331844449043274,0.2673003673553467,0.502031683921814,-0.4993075132369995,0.4992457628250122,-0.49940937757492065,0
0.7946053147315979,0.14332564175128937,0.2651493549346924,0.5009250640869141,-0.5004263520240784,0.500252902507782,-0.49839186668395996,0.7919512987136841,0.14403529465198517,0.020169168710708618,1,0.7949764132499695,0.14331844449043274,0.2673003673553467,0.502031683921814,-0.4993075132369995,0.4992457628250122,-0.49940937757492065,0
0.7945898771286011,0.14331956207752228,0.26508069038391113,0.5008743405342102,-0.5004735589027405,0.5003003478050232,-0.4983479082584381,0.7918813228607178,0.14400118589401245,0.020336367189884186,1,0.7945898771286011,0.14331956207752228,0.26508069038391113,0.5008743405342102,-0.5004735589027405,0.5003003478050232,-0.4983479082584381,0
0.7945422530174255,0.14331361651420593,0.2648791968822479,0.5007581114768982,-0.5005868673324585,0.5004073977470398,-0.4982433319091797,0.7917275428771973,0.14387530088424683,0.020159538835287094,1,0.7956495881080627,0.14302149415016174,0.2731853425502777,0.5054566264152527,-0.49737221002578735,0.497283935546875,-0.4998430907726288,0
0.7946049571037292,0.14330072700977325,0.2650908827781677,0.5009040832519531,-0.5005951523780823,0.5003775954246521,-0.49811816215515137,0.7917957305908203,0.14376626908779144,0.020254507660865784,1,0.7965896129608154,0.14271721243858337,0.2813132405281067,0.5100169777870178,-0.494267076253891,0.4942237138748169,-0.5013237595558167,0
0.7947962880134583,0.14326871931552887,0.26588889956474304,0.5014161467552185,-0.5003727078437805,0.500120997428894,-0.49808430671691895,0.7922144532203674,0.14372839033603668,0.020885244011878967,1,0.7974095940589905,0.14240746200084686,0.28946295380592346,0.5145552754402161,-0.49115797877311707,0.49111971259117126,-0.5027901530265808,0
0.7951040863990784,0.14321257174015045,0.2672733664512634,0.5022873878479004,-0.49990811944007874,0.4996326267719269,-0.49816301465034485,0.7929831743240356,0.1437586098909378,0.022068295627832413,1,0.7981092929840088,0.14209209382534027,0.2976320683956146,0.5190711617469788,-0.48804548382759094,0.4879721999168396,-0.5042418837547302,0
0.7955129146575928,0.1431327611207962,0.26920315623283386,0.5034891963005066,-0.4992169141769409,0.49892619252204895,-0.4983508884906769,0.7940729856491089,0.1438475251197815,0.02377275750041008,1,0.7986881136894226,0.14177122712135315,0.30581969022750854,0.5235642790794373,-0.4849291145801544,0.4847812354564667,-0.5056790709495544,0
0.7960071563720703,0.143030047416687,0.27162620425224304,0.5049883723258972,-0.49832046031951904,0.49802035093307495,-0.498637318611145,0.7954487800598145,0.1439885050058365,0.025956900790333748,1,0.7991460561752319,0.14144502580165863,0.3140226900577545,0.5280339121818542,-0.4818093478679657,0.4815469980239868,-0.5071019530296326,0
0.796570897102356,0.14290641248226166,0.2744932174682617,0.5067534446716309,-0.4972396492958069,0.4969322383403778,-0.4990110695362091,0.7970753908157349,0.14417657256126404,0.028579099103808403,1,0.799482524394989,0.14111363887786865,0.32223987579345703,0.5324800610542297,-0.47868630290031433,0.4782695472240448,-0.508510172367096,0
0.7971895337104797,0.14276348054409027,0.277756929397583,0.5087544918060303,-0.49599477648735046,0.49567851424217224,-0.4994603991508484,0.7989194989204407,0.1444031149148941,0.03159979730844498,1,0.799697756767273,0.14077690243721008,0.33046913146972656,0.536902129650116,-0.4755597412586212,0.4749492406845093,-0.5099040269851685,0
0.7978452444076538,0.14260199666023254,0.2813827395439148,0.5109657049179077,-0.4946025311946869,0.49427297711372375,-0.49997657537460327,0.8009476661682129,0.14467158913612366,0.0349920392036438,1,0.7997910380363464,0.14043553173542023,0.33870846033096313,0.5412998795509338,-0.4724305272102356,0.4715860188007355,-0.5112831592559814,0
0.7985161542892456,0.142422154545784,0.28536054491996765,0.5133699774742126,-0.49307137727737427,0.4927215576171875,-0.500557005405426,0.8031295537948608,0.1449587494134903,0.03874829038977623,1,0.7997622489929199,0.14008943736553192,0.3469562232494354,0.5456728935241699,-0.46929827332496643,0.4681801497936249,-0.5126475095748901,0
0.7991783618927002,0.14222411811351776,0.289701908826828,0.5159592032432556,-0.4914014935493469,0.49102190136909485,-0.5012065768241882,0.8054410219192505,0.14526882767677307,0.042886070907115936,1,0.7996114492416382,0.13973872363567352,0.35521021485328674,0.5500208735466003,-0.4661630094051361,0.464731901884079,-0.5139974355697632,0
0.7998110055923462,0.14200915396213531,0.29441478848457336,0.5187270045280457,-0.48959213495254517,0.4891710877418518,-0.5019298195838928,0.8078614473342896,0.14559869468212128,0.04741780459880829,1,0.7993385791778564,0.13938356935977936,0.3634682297706604,0.5543431043624878,-0.46302539110183716,0.46124130487442017,-0.5153325796127319,0
0.8004007935523987,0.14177940785884857,0.299485445022583,0.5216615796089172,-0.4876486659049988,0.48717060685157776,-0.5027253031730652,0.810351550579071,0.14596131443977356,0.052378151565790176,1,0.7989433407783508,0.13902384042739868,0.3717288076877594,0.5586394667625427,-0.459884911775589,0.4577085077762604,-0.5166533589363098,0
0.8009365797042847,0.14153653383255005,0.30489030480384827,0.5247482657432556,-0.4855803847312927,0.4850265383720398,-0.5035872459411621,0.8129488825798035,0.14632053673267365,0.05765686184167862,1,0.7984258532524109,0.1386602371931076,0.3799898028373718,0.5629097819328308,-0.45674216747283936,0.4541337192058563,-0.5179590582847595,0
0.8014090061187744,0.14128142595291138,0.31060147285461426,0.5279709696769714,-0.4833976924419403,0.4827463626861572,-0.5045087933540344,0.8155670166015625,0.1467030942440033,0.06330721080303192,1,0.7977856993675232,0.13829270005226135,0.3882497549057007,0.5671536922454834,-0.45359691977500916,0.4505169093608856,-0.5192503333091736,0
0.8018104434013367,0.14101535081863403,0.31659063696861267,0.5313135981559753,-0.48111143708229065,0.48033830523490906,-0.5054826140403748,0.8182384967803955,0.14708510041236877,0.0692497193813324,1,0.7970234155654907,0.1379213035106659,0.39650604128837585,0.5713703632354736,-0.45044955611228943,0.44685858488082886,-0.5205270051956177,0
0.8021332621574402,0.14073894917964935,0.32283082604408264,0.5347616076469421,-0.4787316918373108,0.4778100550174713,-0.5065012574195862,0.8209332227706909,0.147471621632576,0.07547280192375183,1,0.7961388826370239,0.13754621148109436,0.40475672483444214,0.5755597949028015,-0.4473001956939697,0.44315895438194275,-0.5217886567115784,0
0.8023717403411865,0.1404530256986618,0.3292955756187439,0.5383003354072571,-0.4762684106826782,0.47516950964927673,-0.5075578093528748,0.8236083388328552,0.14786334335803986,0.08196483552455902,1,0.7951319217681885,0.13716764748096466,0.41300058364868164,0.5797215700149536,-0.4441486895084381,0.43941766023635864,-0.5230361223220825,0
0.8025203347206116,0.1401580423116684,0.3359615206718445,0.5419175028800964,-0.47373029589653015,0.47242337465286255,-0.5086463093757629,0.8262946605682373,0.14828895032405853,0.08872820436954498,1,0.794002890586853,0.13678541779518127,0.42123496532440186,0.583855152130127,-0.44099563360214233,0.43563562631607056,-0.5242685675621033,0
0.8025741577148438,0.13985450565814972,0.34280720353126526,0.5456016063690186,-0.47112494707107544,0.46957826614379883,-0.5097610354423523,0.8289114236831665,0.14868323504924774,0.09569074958562851,1,0.7927518486976624,0.13640032708644867,0.4294581413269043,0.587960422039032,-0.4378407597541809,0.4318126142024994,-0.5254862904548645,0
0.8025287985801697,0.13954296708106995,0.3498132526874542,0.5493423938751221,-0.4684595763683319,0.4666396379470825,-0.5108972787857056,0.8314847350120544,0.14908653497695923,0.1028582900762558,1,0.791378915309906,0.13601219654083252,0.43766823410987854,0.5920368432998657,-0.4346844553947449,0.42794880270957947,-0.5266891121864319,0
0.8023809194564819,0.13922373950481415,0.35696110129356384,0.5531307458877563,-0.4657404124736786,0.46361252665519714,-0.5120503902435303,0.8340155482292175,0.1494869440793991,0.11021377146244049,1,0.7898843288421631,0.13562120497226715,0.44586339592933655,0.5960842967033386,-0.43152672052383423,0.4240444302558899,-0.5278773307800293,0
0.8021270036697388,0.13889707624912262,0.36423495411872864,0.5569577217102051,-0.4629734754562378,0.4605023264884949,-0.5132166147232056,0.8365132808685303,0.14991343021392822,0.117765411734581,1,0.7882681488990784,0.1352275311946869,0.4540417492389679,0.6001022458076477,-0.4283675253391266,0.4200998544692993,-0.5290507078170776,0
0.8017640709877014,0.13856393098831177,0.3716200590133667,0.5608163475990295,-0.4601636826992035,0.4573126435279846,-0.5143923163414001,0.8388953804969788,0.15030626952648163,0.1254526823759079,1,0.7865311503410339,0.134831041097641,0.4622008204460144,0.6040900349617004,-0.4252074658870697,0.41611534357070923,-0.5302091240882874,0
0.8012901544570923,0.13822408020496368,0.37910354137420654,0.564700186252594,-0.457315057516098,0.45404714345932007,-0.515575110912323,0.8411981463432312,0.15069665014743805,0.1332838088274002,1,0.7846730351448059,0.13443243503570557,0.4703391492366791,0.6080478429794312,-0.4220461845397949,0.4120907485485077,-0.5313529968261719,0
0.8007028102874756,0.1378781646490097,0.38667234778404236,0.5686027407646179,-0.45443227887153625,0.4507099390029907,-0.5167617201805115,0.8434369564056396,0.15108995139598846,0.141249418258667,1,0.7826945185661316,0.13403168320655823,0.4784548282623291,0.6119751334190369,-0.41888418793678284,0.40802639722824097,-0.5324816703796387,0
0.8000004291534424,0.13752657175064087,0.3943158686161041,0.5725188851356506,-0.4515187740325928,0.4473038613796234,-0.5179498195648193,0.8455754518508911,0.15148025751113892,0.14933688938617706,1,0.7805956602096558,0.13362887501716614,0.4865458607673645,0.6158714890480042,-0.41572123765945435,0.40392279624938965,-0.533595860004425,0
0.7991812825202942,0.13716939091682434,0.40202412009239197,0.5764437317848206,-0.4485775828361511,0.44383156299591064,-0.5191380977630615,0.8475862741470337,0.15187789499759674,0.15755370259284973,1,0.7783770561218262,0.13322417438030243,0.4946103096008301,0.6197364926338196,-0.4125576913356781,0.39977991580963135,-0.534695029258728,0
0.7982442378997803,0.13680700957775116,0.40978819131851196,0.5803730487823486,-0.4456116557121277,0.440295547246933,-0.5203240513801575,0.8495404124259949,0.1522597372531891,0.16585779190063477,1,0.7760390043258667,0.132817804813385,0.5026466250419617,0.6235701441764832,-0.40939345955848694,0.3955976963043213,-0.5357794761657715,0
0.797188401222229,0.13643984496593475,0.4175989627838135,0.5843029022216797,-0.4426235556602478,0.4366985559463501,-0.5215061902999878,0.8513867855072021,0.15263624489307404,0.17425484955310822,1,0.7735820412635803,0.13240958750247955,0.5106523036956787,0.627371609210968,-0.40622878074645996,0.3913772404193878,-0.5368489027023315,0
0.7960126996040344,0.13606809079647064,0.4254491329193115,0.5882298946380615,-0.43961572647094727,0.4330422282218933,-0.5226834416389465,0.8530845642089844,0.15301473438739777,0.18274474143981934,1,0.7710065841674805,0.13200029730796814,0.5186256170272827,0.6311410069465637,-0.40306398272514343,0.3871179223060608,-0.5379034280776978,0
0.7947165369987488,0.13569240272045135,0.43333157896995544,0.592150866985321,-0.4365900158882141,0.429328590631485,-0.5238543748855591,0.8546934127807617,0.15338453650474548,0.19130967557430267,1,0.7683131098747253,0.13158981502056122,0.5265650749206543,0.634877622127533,-0.39989909529685974,0.3828202784061432,-0.5389431715011597,0
0.7932994365692139,0.13531234860420227,0.4412395656108856,0.5960628390312195,-0.4335484802722931,0.4255595803260803,-0.5250178575515747,0.8561980128288269,0.15374460816383362,0.19994275271892548,1,0.7655020356178284,0.13117830455303192,0.5344687104225159,0.6385812759399414,-0.39673393964767456,0.3784846365451813,-0.5399680137634277,0
0.7917609810829163,0.1349286437034607,0.4491669237613678,0.5999631285667419,-0.4304928183555603,0.4217369258403778,-0.5261731147766113,0.8575793504714966,0.154100239276886,0.2086402326822281,1,0.7625741362571716,0.1307658851146698,0.5423345565795898,0.64225172996521,-0.39356887340545654,0.3741108775138855,-0.540977954864502,0
0.7901009321212769,0.13454151153564453,0.45710840821266174,0.6038498282432556,-0.4274240732192993,0.4178614616394043,-0.5273194313049316,0.8588348627090454,0.15445157885551453,0.21739593148231506,1,0.7595301270484924,0.13035252690315247,0.5501604080200195,0.6458884477615356,-0.39040398597717285,0.3697001338005066,-0.5419728755950928,0
0.7883192896842957,0.13415132462978363,0.465058296918869,0.6077206134796143,-0.42434418201446533,0.4139349162578583,-0.5284557938575745,0.859978437423706,0.15481695532798767,0.22622129321098328,1,0.7563702464103699,0.12993891537189484,0.5579449534416199,0.6494912505149841,-0.38723960518836975,0.3652516007423401,-0.5429527759552002,0
0.7864156365394592,0.13375797867774963,0.47301211953163147,0.6115735173225403,-0.4212537109851837,0.40995869040489197,-0.5295819044113159,0.860949695110321,0.1551511138677597,0.235071063041687,1,0.7530953884124756,0.12952491641044617,0.5656863451004028,0.653059720993042,-0.38407567143440247,0.3607661724090576,-0.5439178347587585,0
0.7843904495239258,0.13336192071437836,0.48096516728401184,0.6154071092605591,-0.4181540310382843,0.4059334099292755,-0.5306969285011292,0.8618201613426208,0.15548262000083923,0.2439681589603424,1,0.7497063279151917,0.12911073863506317,0.5733823180198669,0.6565936207771301,-0.38091227412223816,0.35624364018440247,-0.5448678731918335,0
0.7822437286376953,0.13296332955360413,0.4889131784439087,0.6192193627357483,-0.41504621505737305,0.4018605351448059,-0.5318008065223694,0.8625682592391968,0.15581174194812775,0.2529045641422272,1,0.7462034821510315,0.1286964863538742,0.5810315608978271,0.6600925922393799,-0.3777496814727783,0.3516845703125,-0.5458029508590698,0
0.7799756526947021,0.13256238400936127,0.49685198068618774,0.6230090260505676,-0.41193118691444397,0.39774107933044434,-0.5328924655914307,0.863185703754425,0.15613718330860138,0.26187407970428467,1,0.7425878047943115,0.1282820999622345,0.5886321067810059,0.6635561585426331,-0.3745875954627991,0.3470892608165741,-0.5467231869697571,0
0.7775864005088806,0.1321595013141632,0.5047780871391296,0.6267750859260559,-0.4088093638420105,0.3935754597187042,-0.5339720845222473,0.8636713027954102,0.15645857155323029,0.2708722651004791,1,0.7388599514961243,0.12786830961704254,0.596182107925415,0.6669843196868896,-0.37142667174339294,0.34245774149894714,-0.5476283431053162,0
0.7750763893127441,0.13175487518310547,0.5126879215240479,0.6305161118507385,-0.4056817591190338,0.389364629983902,-0.5350391864776611,0.8640245795249939,0.15677577257156372,0.2798951268196106,1,0.7350209951400757,0.1274549812078476,0.6036794185638428,0.670376181602478,-0.3682669997215271,0.33779075741767883,-0.5485184192657471,0
0.7724458575248718,0.13134834170341492,0.5205779671669006,0.63423091173172,-0.402548611164093,0.38510969281196594,-0.5360934138298035,0.8642452359199524,0.1570887565612793,0.2889389097690582,1,0.731071412563324,0.12704220414161682,0.6111232042312622,0.6737322211265564,-0.3651082515716553,0.33308783173561096,-0.5493935346603394,0
0.769695520401001,0.13094070553779602,0.5284448862075806,0.6379184126853943,-0.3994114100933075,0.38081124424934387,-0.5371344089508057,0.864332914352417,0.1573975682258606,0.2979999780654907,1,0.7270122170448303,0.1266302615404129,0.618510901927948,0.6770514845848083,-0.36195093393325806,0.32834967970848083,-0.5502536296844482,0
0.766825795173645,0.13053156435489655,0.5362854599952698,0.6415776610374451,-0.39626991748809814,0.37647008895874023,-0.5381621718406677,0.8642873167991638,0.15770229697227478,0.3070748746395111,1,0.7228443026542664,0.1262192577123642,0.6258411407470703,0.6803337931632996,-0.3587951064109802,0.3235768675804138,-0.5510987639427185,0
0.7638369202613831,0.13012130558490753,0.5440974831581116,0.6452080011367798,-0.39312461018562317,0.37208622694015503,-0.5391766428947449,0.864108145236969,0.15800300240516663,0.3161602318286896,1,0.7185684442520142,0.12580910325050354,0.633112370967865,0.6835789680480957,-0.355640709400177,0.3187691569328308,-0.5519289970397949,0
0.7607300281524658,0.12971046566963196,0.5518773794174194,0.6488083600997925,-0.3899765908718109,0.3676608204841614,-0.5401772260665894,0.8637952208518982,0.15829983353614807,0.32525283098220825,1,0.7141859531402588,0.12540045380592346,0.6403222680091858,0.6867865324020386,-0.35248804092407227,0.31392723321914673,-0.5527440309524536,0
0.7575052976608276,0.1292988806962967,0.559622585773468,0.6523781418800354,-0.3868257701396942,0.3631943166255951,-0.5411639213562012,0.8633484244346619,0.15859290957450867,0.33434951305389404,1,0.7096976041793823,0.124993234872818,0.6474695205688477,0.6899564862251282,-0.34933727979660034,0.30905115604400635,-0.5535439252853394,0
0.7541631460189819,0.12888699769973755,0.567331075668335,0.6559168696403503,-0.3836723566055298,0.35868674516677856,-0.5421368479728699,0.8627676963806152,0.15888237953186035,0.3434472382068634,1,0.7051041722297668,0.12458760291337967,0.6545527577400208,0.6930882930755615,-0.3461883068084717,0.30414101481437683,-0.5543287396430969,0
0.7507047057151794,0.12847475707530975,0.5749996900558472,0.6594231724739075,-0.3805171251296997,0.35413944721221924,-0.5430957078933716,0.8620529174804688,0.15916849672794342,0.3525431454181671,1,0.7004066705703735,0.12418372184038162,0.6615700125694275,0.6961816549301147,-0.3430413007736206,0.29919734597206116,-0.5550987720489502,0
0.7471305727958679,0.12806253135204315,0.5826262831687927,0.6628970503807068,-0.37736016511917114,0.3495524525642395,-0.5440402030944824,0.861204206943512,0.15945136547088623,0.3616343140602112,1,0.695606529712677,0.12378145009279251,0.6685196757316589,0.6992361545562744,-0.33989661931991577,0.2942206561565399,-0.5558536052703857,0
0.7434417009353638,0.12765029072761536,0.5902081727981567,0.6663374304771423,-0.3742019534111023,0.34492620825767517,-0.5449707508087158,0.8602216243743896,0.1597311645746231,0.37071797251701355,1,0.6907047629356384,0.12338149547576904,0.6753998398780823,0.7022517323493958,-0.33675417304039,0.28921112418174744,-0.556593120098114,0
0.7396383881568909,0.1272384226322174,0.5977436304092407,0.6697441935539246,-0.3710426092147827,0.3402612507343292,-0.545886754989624,0.8591053485870361,0.1600079983472824,0.37979137897491455,1,0.6857022643089294,0.12298373878002167,0.6822094321250916,0.7052281498908997,-0.3336140811443329,0.2841685116291046,-0.5573177337646484,0
0.7357217073440552,0.12682685256004333,0.6052301526069641,0.6731163263320923,-0.3678823411464691,0.3355579078197479,-0.5467886924743652,0.8578555583953857,0.16028212010860443,0.3888518810272217,1,0.6806003451347351,0.12258833646774292,0.6889463663101196,0.7081646919250488,-0.33047664165496826,0.27909383177757263,-0.5580273270606995,0
0.7316924333572388,0.12641628086566925,0.6126652956008911,0.6764536499977112,-0.36472171545028687,0.3308168351650238,-0.5476756691932678,0.8564725518226624,0.1605536788702011,0.3978968560695648,1,0.6753996014595032,0.12219542264938354,0.6956098675727844,0.7110615372657776,-0.3273417055606842,0.27398672699928284,-0.5587217807769775,0
0.7275515794754028,0.1260063201189041,0.6200475096702576,0.6797555685043335,-0.3615606725215912,0.326038122177124,-0.5485483407974243,0.8549566268920898,0.16082289814949036,0.4069238305091858,1,0.670102059841156,0.12180518358945847,0.7021974921226501,0.7139182686805725,-0.3242094814777374,0.26884835958480835,-0.5594007968902588,0
0.7232998013496399,0.12559740245342255,0.6273742914199829,0.6830217242240906,-0.358399361371994,0.3212222456932068,-0.5494064688682556,0.8533080816268921,0.1610899418592453,0.41593027114868164,1,0.6647084355354309,0.12141747027635574,0.7087082266807556,0.7167342305183411,-0.32108017802238464,0.26367855072021484,-0.5600652098655701,0
0.7189384698867798,0.12518945336341858,0.6346435546875,0.6862511038780212,-0.3552383482456207,0.3163700997829437,-0.5502498745918274,0.8515273928642273,0.16135501861572266,0.42491376399993896,1,0.6592199802398682,0.12103297561407089,0.7151402831077576,0.7195096015930176,-0.3179539740085602,0.25847744941711426,-0.5607142448425293,0
0.7144680023193359,0.12478314340114594,0.6418536305427551,0.6894440650939941,-0.352077454328537,0.3114812672138214,-0.5510786771774292,0.8496150374412537,0.16161826252937317,0.4338718354701996,1,0.6536380052566528,0.12065152823925018,0.7214924693107605,0.7222438454627991,-0.3148307502269745,0.2532457113265991,-0.5613483786582947,0
0.709889829158783,0.12437810748815536,0.6490023732185364,0.6925995945930481,-0.3489172160625458,0.3065565526485443,-0.5518926382064819,0.8475713729858398,0.16187991201877594,0.44280219078063965,1,0.6479638814926147,0.12027332931756973,0.7277631163597107,0.7249367833137512,-0.31171080470085144,0.24798336625099182,-0.5619672536849976,0
0.7052045464515686,0.12397505342960358,0.6560878753662109,0.6957177519798279,-0.34575748443603516,0.3015962243080139,-0.5526918172836304,0.8453969955444336,0.1621401160955429,0.4517024755477905,1,0.642198920249939,0.11989850550889969,0.7339505553245544,0.7275881767272949,-0.30859434604644775,0.24269115924835205,-0.5625708699226379,0
0.700413703918457,0.12357359379529953,0.663108229637146,0.6987976431846619,-0.3425987958908081,0.29660072922706604,-0.553476095199585,0.8430924415588379,0.1623990535736084,0.460570365190506,1,0.6363441944122314,0.1195269376039505,0.7400538921356201,0.7301974296569824,-0.3054810166358948,0.2373690903186798,-0.5631596446037292,0
0.6955177783966064,0.12317438423633575,0.6700619459152222,0.7018391489982605,-0.3394411504268646,0.2915704548358917,-0.5542454719543457,0.8406583666801453,0.16265691816806793,0.46940362453460693,1,0.6304011344909668,0.11915925145149231,0.746071457862854,0.7327647805213928,-0.30237147212028503,0.2320174276828766,-0.5637332201004028,0
0.6905183792114258,0.12277711182832718,0.6769466996192932,0.7048418521881104,-0.33628448843955994,0.28650566935539246,-0.5550001263618469,0.8380954265594482,0.162913978099823,0.4782000482082367,1,0.6243708729743958,0.11879535019397736,0.7520021200180054,0.7352896332740784,-0.2992653548717499,0.22663657367229462,-0.5642917156219482,0
0.685416579246521,0.12238217890262604,0.6837610006332397,0.7078051567077637,-0.3331294059753418,0.2814066410064697,-0.5557398796081543,0.8354042768478394,0.16317030787467957,0.4869574308395386,1,0.618255615234375,0.11843535304069519,0.7578437924385071,0.7377718687057495,-0.2961633801460266,0.22122715413570404,-0.5648348331451416,0
0.6802129745483398,0.12198969721794128,0.6905032992362976,0.7107288837432861,-0.32997560501098633,0.27627384662628174,-0.5564648509025574,0.8325856924057007,0.16342605650424957,0.4956735372543335,1,0.6120561957359314,0.11807938665151596,0.763595700263977,0.7402111887931824,-0.2930651009082794,0.21578902006149292,-0.5653629302978516,0
0.674909234046936,0.12159986793994904,0.6971716284751892,0.7136129140853882,-0.3268234133720398,0.27110755443573,-0.5571746826171875,0.8296403288841248,0.16368146240711212,0.5043463110923767,1,0.60577392578125,0.1177276074886322,0.7692567110061646,0.7426072359085083,-0.2899708151817322,0.21032285690307617,-0.5658760070800781,0
0.6695064902305603,0.12121308594942093,0.7037642002105713,0.7164565920829773,-0.32367339730262756,0.2659081220626831,-0.5578693747520447,0.8265689611434937,0.16393673419952393,0.5129736065864563,1,0.5994105339050293,0.11737988889217377,0.7748250961303711,0.7449597716331482,-0.2868807315826416,0.2048289179801941,-0.5663739442825317,0
0.6640059947967529,0.12082895636558533,0.7102792859077454,0.7192593812942505,-0.32052525877952576,0.2606762647628784,-0.5585492253303528,0.8233725428581238,0.16419203579425812,0.5215533375740051,1,0.5929674506187439,0.11703681945800781,0.780299723148346,0.7472687363624573,-0.2837947905063629,0.1993076056241989,-0.5668565034866333,0
0.6584089398384094,0.12044793367385864,0.7167156338691711,0.7220214009284973,-0.31737902760505676,0.255411833524704,-0.5592140555381775,0.8200518488883972,0.16444754600524902,0.5300834774971008,1,0.5864458084106445,0.11669827252626419,0.7856795787811279,0.7495337128639221,-0.28071328997612,0.19375909864902496,-0.567324161529541,0
0.6527163982391357,0.12007036805152893,0.7230716943740845,0.7247421741485596,-0.31423500180244446,0.25011521577835083,-0.559863805770874,0.8166077733039856,0.1647033393383026,0.5385618805885315,1,0.5798478126525879,0.11636438965797424,0.7909629344940186,0.7517542839050293,-0.2776363492012024,0.18818411231040955,-0.5677765011787415,0
0.6469301581382751,0.11969591677188873,0.7293451428413391,0.7274208068847656,-0.31109362840652466,0.24478739500045776,-0.5604985952377319,0.8130412101745605,0.16495971381664276,0.5469866394996643,1,0.5731746554374695,0.11603529006242752,0.7961490154266357,0.7539305686950684,-0.2745639979839325,0.1825825721025467,-0.568213701248169,0
0.6410512328147888,0.11932499706745148,0.7355350852012634,0.7300578355789185,-0.3079545497894287,0.23942801356315613,-0.5611182451248169,0.8093531727790833,0.16521675884723663,0.5553557276725769,1,0.56642746925354,0.11571084707975388,0.8012368083000183,0.7560620307922363,-0.27149611711502075,0.17695482075214386,-0.5686360597610474,0
0.6350806355476379,0.11895795166492462,0.7416402697563171,0.7326526641845703,-0.3048180043697357,0.23403728008270264,-0.5617228150367737,0.8055446147918701,0.16547466814517975,0.5636671781539917,1,0.5596085786819458,0.11539162695407867,0.8062245845794678,0.7581487894058228,-0.2684330940246582,0.17130182683467865,-0.5690428614616394,0
0.6290205717086792,0.1185944452881813,0.7476580142974854,0.7352045774459839,-0.3016846179962158,0.22861658036708832,-0.5623121857643127,0.8016165494918823,0.16573366522789001,0.5719190239906311,1,0.5527194142341614,0.11507754027843475,0.8111114501953125,0.7601901292800903,-0.2653753161430359,0.16562360525131226,-0.5694345235824585,0
0.6228715777397156,0.11823511868715286,0.753588080406189,0.7377138733863831,-0.29855385422706604,0.22316502034664154,-0.5628864169120789,0.7975701093673706,0.16599377989768982,0.5801093578338623,1,0.5454695224761963,0.11475583165884018,0.8160937428474426,0.7622683048248291,-0.26219499111175537,0.15968185663223267,-0.5698267221450806,0
0.6166247725486755,0.1178785189986229,0.7594383955001831,0.7401861548423767,-0.29542210698127747,0.21767231822013855,-0.5634438395500183,0.7933987975120544,0.16625624895095825,0.5882502794265747,1,0.53814697265625,0.11443988978862762,0.8209642767906189,0.7642968893051147,-0.2590203881263733,0.15371370315551758,-0.5702022910118103,0
0.6102741360664368,0.11752451211214066,0.7652129530906677,0.7426221966743469,-0.2922850251197815,0.212133526802063,-0.5639866590499878,0.7890989780426025,0.16652092337608337,0.5963480472564697,1,0.5307534337043762,0.11413007229566574,0.8257217407226562,0.7662758231163025,-0.2558516561985016,0.1477193683385849,-0.570561408996582,0
0.6038180589675903,0.11717347055673599,0.7709120512008667,0.745021641254425,-0.28914132714271545,0.20654723048210144,-0.5645158886909485,0.7846692204475403,0.16678792238235474,0.6044034957885742,1,0.5232906341552734,0.11382605880498886,0.8303650617599487,0.7682046294212341,-0.252688467502594,0.14169910550117493,-0.5709041357040405,0
0.5972567200660706,0.11682604253292084,0.7765334248542786,0.7473835349082947,-0.2859906852245331,0.20091375708580017,-0.5650315880775452,0.7801092863082886,0.16705752909183502,0.612414538860321,1,0.5157607793807983,0.11352813988924026,0.8348932266235352,0.7700830101966858,-0.24953147768974304,0.1356537640094757,-0.571230411529541,0
0.5905919671058655,0.11648216098546982,0.7820741534233093,0.7497063875198364,-0.2828342020511627,0.19523435831069946,-0.5655338168144226,0.7754197120666504,0.1673300862312317,0.6203778982162476,1,0.5081655383110046,0.1132364571094513,0.83930504322052,0.7719109058380127,-0.24638041853904724,0.12958329916000366,-0.5715402364730835,0
0.5838255882263184,0.11614226549863815,0.7875310778617859,0.7519895434379578,-0.2796720564365387,0.18951016664505005,-0.5660222768783569,0.770601749420166,0.16760563850402832,0.6282893419265747,1,0.5005066990852356,0.11295109987258911,0.8435996770858765,0.7736880779266357,-0.24323545396327972,0.1234881579875946,-0.5718336701393127,0
0.5769601464271545,0.115806944668293,0.7929008603096008,0.7542313933372498,-0.2765052914619446,0.18374241888523102,-0.5664966702461243,0.7656568288803101,0.1678844690322876,0.6361446380615234,1,0.4927867650985718,0.11267215758562088,0.8477756977081299,0.7754141092300415,-0.2400970309972763,0.11736918985843658,-0.5721107721328735,0
0.5699992775917053,0.11547596007585526,0.7981794476509094,0.7564309239387512,-0.2733350694179535,0.17793308198451996,-0.566956639289856,0.760586678981781,0.16816669702529907,0.6439393758773804,1,0.4850071668624878,0.11239973455667496,0.8518324494361877,0.7770888805389404,-0.23696479201316833,0.11122670024633408,-0.5723714232444763,0
0.5629448890686035,0.1151501014828682,0.8033642172813416,0.7585873007774353,-0.2701622247695923,0.1720835417509079,-0.5674019455909729,0.7553931474685669,0.16845238208770752,0.6516693830490112,1,0.4771701693534851,0.11213409155607224,0.8557688593864441,0.7787123918533325,-0.2338392734527588,0.10506084561347961,-0.5726154446601868,0
0.5557999610900879,0.11482914537191391,0.8084520697593689,0.7606992125511169,-0.26698747277259827,0.1661950945854187,-0.5678322911262512,0.7500780820846558,0.16874167323112488,0.6593306064605713,1,0.46927744150161743,0.11187498271465302,0.8595843315124512,0.78028404712677,-0.23072002828121185,0.09887198358774185,-0.5728431940078735,0
0.5485678315162659,0.11451321095228195,0.813439667224884,0.7627657055854797,-0.2638118863105774,0.16026976704597473,-0.5682475566864014,0.7446433305740356,0.1690347045660019,0.6669192910194397,1,0.4613315463066101,0.1116226390004158,0.8632774353027344,0.7818037271499634,-0.2276078313589096,0.09266114234924316,-0.5730545520782471,0
0.5412511229515076,0.11420287936925888,0.8183245062828064,0.7647861242294312,-0.2606363594532013,0.15430834889411926,-0.5686473846435547,0.7390910387039185,0.16933152079582214,0.6744316816329956,1,0.45333412289619446,0.11137717217206955,0.8668475151062012,0.7832712531089783,-0.22450236976146698,0.08642833679914474,-0.5732495188713074,0
0.5338525772094727,0.11389809846878052,0.8231040835380554,0.7667595744132996,-0.25746122002601624,0.14831231534481049,-0.5690315961837769,0.7334231734275818,0.16963224112987518,0.6818644404411316,1,0.4452873468399048,0.11113864183425903,0.8702939748764038,0.784686267375946,-0.22140391170978546,0.08017410337924957,-0.5734281539916992,0
0.5263745188713074,0.11359900236129761,0.8277763724327087,0.7686853408813477,-0.2542872130870819,0.14228291809558868,-0.569399893283844,0.727641761302948,0.16993698477745056,0.689214289188385,1,0.43719303607940674,0.11090712249279022,0.8736159205436707,0.7860487699508667,-0.21831253170967102,0.07389891892671585,-0.5735902786254883,0
0.5188202857971191,0.1133057102560997,0.8323386907577515,0.7705627679824829,-0.25111526250839233,0.13622130453586578,-0.5697523951530457,0.7217487692832947,0.1702459305524826,0.6964783072471619,1,0.4290536940097809,0.11068271100521088,0.8768125176429749,0.7873585820198059,-0.2152283489704132,0.06760329008102417,-0.5737359523773193,0
0.511191725730896,0.11301854997873306,0.8367893099784851,0.7723914384841919,-0.24794550240039825,0.13012796640396118,-0.5700886845588684,0.7157462239265442,0.1705590933561325,0.7036536335945129,1,0.4208710193634033,0.11046559363603592,0.8798831701278687,0.7886154055595398,-0.2121516615152359,0.06128765270113945,-0.5738651752471924,0
0.5034919381141663,0.112737275660038,0.8411262631416321,0.7741703391075134,-0.24477840960025787,0.12400460243225098,-0.5704090595245361,0.7096361517906189,0.17087668180465698,0.7107375264167786,1,0.4126472771167755,0.11025553941726685,0.8828270435333252,0.7898188829421997,-0.2090822160243988,0.054952289909124374,-0.573978066444397,0
0.4957233667373657,0.11246256530284882,0.8453477621078491,0.7758994102478027,-0.2416146695613861,0.11785204708576202,-0.5707129240036011,0.7034206390380859,0.1711987555027008,0.7177274823188782,1,0.4043843448162079,0.11005276441574097,0.8856438398361206,0.7909689545631409,-0.20602044463157654,0.04859783872961998,-0.5740748643875122,0
0.48788875341415405,0.11219393461942673,0.849452018737793,0.7775777578353882,-0.238454669713974,0.11167128384113312,-0.5710006356239319,0.6971017122268677,0.17152543365955353,0.724621057510376,1,0.3960849344730377,0.10985731333494186,0.8883323073387146,0.792065441608429,-0.20296628773212433,0.04222468286752701,-0.5741550922393799,0
0.4799901247024536,0.11193210631608963,0.8534377217292786,0.7792052626609802,-0.23529863357543945,0.10546249151229858,-0.5712716579437256,0.6906813979148865,0.1718568056821823,0.731415867805481,1,0.38775038719177246,0.1096692681312561,0.8908926248550415,0.7931080460548401,-0.1999199241399765,0.035833291709423065,-0.5742189884185791,0
0.47203028202056885,0.11167658865451813,0.8573032021522522,0.7807811498641968,-0.23214703798294067,0.09922716021537781,-0.5715264081954956,0.6841617226600647,0.1721930205821991,0.7381096482276917,1,0.3793838620185852,0.10948863625526428,0.8933236598968506,0.794096827507019,-0.1968817561864853,0.029424520209431648,-0.5742664933204651,0
0.4640115201473236,0.11142802983522415,0.8610472679138184,0.7823053598403931,-0.2290003001689911,0.09296570718288422,-0.5717644095420837,0.6775448322296143,0.17253415286540985,0.7447004914283752,1,0.3709862232208252,0.10931549966335297,0.8956254124641418,0.7950313687324524,-0.19385118782520294,0.022997869178652763,-0.5742976665496826,0
0.45593583583831787,0.11118617653846741,0.8646687865257263,0.7837773561477661,-0.22585821151733398,0.08667895197868347,-0.5719859004020691,0.6708327531814575,0.1728803515434265,0.7511863112449646,1,0.3625604212284088,0.1091499999165535,0.8977970480918884,0.7959117293357849,-0.1908288449048996,0.016554540023207664,-0.5743123888969421,0
