0.3625604212284088,0.1091499999165535,0.8977970480918884,0.7959117293357849,-0.1908288449048996,0.016554540023207664,-0.5743123888969421,0.7094969153404236,-0.07493041455745697,0.019999999552965164,0,0.3625604212284088,0.1091499999165535,0.8977970480918884,0.7959117293357849,-0.1908288449048996,0.016554540023207664,-0.5743123888969421,1
0.3628040552139282,0.10916154831647873,0.8976776003837585,0.7959170937538147,-0.19090838730335236,0.016660241410136223,-0.5742754340171814,0.7094969153404236,-0.07493041455745697,0.01981772482395172,0,0.3625604212284088,0.1091499999165535,0.8977970480918884,0.7959117293357849,-0.1908288449048996,0.016554540023207664,-0.5743123888969421,1
0.3632446825504303,0.10916890949010849,0.8974825739860535,0.7959179878234863,-0.1910729855298996,0.016885489225387573,-0.574212908744812,0.7094969153404236,-0.07493041455745697,0.019884353503584862,0,0.3625604212284088,0.1091499999165535,0.8977970480918884,0.7959117293357849,-0.1908288449048996,0.016554540023207664,-0.5743123888969421,1
0.36376747488975525,0.10917111486196518,0.8972581028938293,0.7959133982658386,-0.1912766695022583,0.017166968435049057,-0.5741432309150696,0.7094969153404236,-0.07493041455745697,0.019923372194170952,0,0.3625604212284088,0.1091499999165535,0.8977970480918884,0.7959117293357849,-0.1908288449048996,0.016554540023207664,-0.5743123888969421,1
0.3643089532852173,0.10917005687952042,0.8970283269882202,0.7959052920341492,-0.1914910078048706,0.01746424101293087,-0.5740739107131958,0.7094969153404236,-0.07493041455745697,0.019946129992604256,0,0.3625604212284088,0.1091499999165535,0.8977970480918884,0.7959117293357849,-0.1908288449048996,0.016554540023207664,-0.5743123888969421,1
0.36483412981033325,0.10916749387979507,0.8968064785003662,0.7958957552909851,-0.19170089066028595,0.017755331471562386,-0.5740082263946533,0.7094969153404236,-0.07493041455745697,0.019959425553679466,0,0.3625604212284088,0.1091499999165535,0.8977970480918884,0.7959117293357849,-0.1908288449048996,0.016554540023207664,-0.5743123888969421,1
0.3653259873390198,0.10916423052549362,0.8965990543365479,0.7958859801292419,-0.19189804792404175,0.01802937313914299,-0.5739471912384033,0.7094969153404236,-0.07493041455745697,0.019967196509242058,0,0.3625604212284088,0.1091499999165535,0.8977970480918884,0.7959117293357849,-0.1908288449048996,0.016554540023207664,-0.5743123888969421,1
0.36577728390693665,0.10916095972061157,0.89640873670578,0.7958768010139465,-0.19207923114299774,0.01828133687376976,-0.5738914608955383,0.7094969153404236,-0.07493041455745697,0.01997174322605133,0,0.3625604212284088,0.1091499999165535,0.8977970480918884,0.7959117293357849,-0.1908288449048996,0.016554540023207664,-0.5743123888969421,1
0.366186261177063,0.10915781557559967,0.8962359428405762,0.7958679795265198,-0.1922435611486435,0.018509861081838608,-0.5738412737846375,0.7094969153404236,-0.07493041455745697,0.019974403083324432,0,0.3625604212284088,0.1091499999165535,0.8977970480918884,0.7959117293357849,-0.1908288449048996,0.016554540023207664,-0.5743123888969421,1
0.3665536642074585,0.1091550812125206,0.8960806727409363,0.7958602905273438,-0.19239117205142975,0.01871492713689804,-0.5737957954406738,0.7094969153404236,-0.07493041455745697,0.01997595839202404,0,0.3625604212284088,0.1091499999165535,0.8977970480918884,0.7959117293357849,-0.1908288449048996,0.016554540023207664,-0.5743123888969421,1
0.36688217520713806,0.10915274918079376,0.895941436290741,0.7958534359931946,-0.1925230473279953,0.018898339942097664,-0.5737552642822266,0.7094969153404236,-0.07493041455745697,0.019976869225502014,0,0.3625604212284088,0.1091499999165535,0.8977970480918884,0.7959117293357849,-0.1908288449048996,0.016554540023207664,-0.5743123888969421,1
0.3671749234199524,0.10915068536996841,0.8958170413970947,0.7958471775054932,-0.1926405429840088,0.019061513245105743,-0.5737189054489136,0.7094969153404236,-0.07493041455745697,0.019977401942014694,0,0.3625604212284088,0.1091499999165535,0.8977970480918884,0.7959117293357849,-0.1908288449048996,0.016554540023207664,-0.5743123888969421,1
0.36743536591529846,0.10914917290210724,0.8957062363624573,0.7958419322967529,-0.19274485111236572,0.019206577911973,-0.5736864805221558,0.7094969153404236,-0.07493041455745697,0.019977713003754616,0,0.3625604212284088,0.1091499999165535,0.8977970480918884,0.7959117293357849,-0.1908288449048996,0.016554540023207664,-0.5743123888969421,1
0.3676663637161255,0.10914792865514755,0.8956077694892883,0.7958371639251709,-0.19283725321292877,0.019334783777594566,-0.5736575722694397,0.7094969153404236,-0.07493041455745697,0.01997789368033409,0,0.3625604212284088,0.1091499999165535,0.8977970480918884,0.7959117293357849,-0.1908288449048996,0.016554540023207664,-0.5743123888969421,1
0.3678717017173767,0.10914682596921921,0.8955199718475342,0.7958332300186157,-0.1929192990064621,0.019448645412921906,-0.573631763458252,0.7094969153404236,-0.07493041455745697,0.019978001713752747,0,0.3625604212284088,0.1091499999165535,0.8977970480918884,0.7959117293357849,-0.1908288449048996,0.016554540023207664,-0.5743123888969421,1
0.3680533766746521,0.10914600640535355,0.8954421877861023,0.795829713344574,-0.19299162924289703,0.01954904943704605,-0.5736088156700134,0.7094969153404236,-0.07493041455745697,0.01997806318104267,0,0.3625604212284088,0.1091499999165535,0.8977970480918884,0.7959117293357849,-0.1908288449048996,0.016554540023207664,-0.5743123888969421,1
0.3682141900062561,0.10914544761180878,0.8953732252120972,0.79582679271698,-0.19305557012557983,0.01963799074292183,-0.5735883712768555,0.7094969153404236,-0.07493041455745697,0.019978100433945656,0,0.3625604212284088,0.1091499999165535,0.8977970480918884,0.7959117293357849,-0.1908288449048996,0.016554540023207664,-0.5743123888969421,1
0.3683570623397827,0.10914503037929535,0.8953116536140442,0.7958241105079651,-0.19311225414276123,0.019716612994670868,-0.5735701322555542,0.7094969153404236,-0.07493041455745697,0.019978120923042297,0,0.3625604212284088,0.1091499999165535,0.8977970480918884,0.7959117293357849,-0.1908288449048996,0.016554540023207664,-0.5743123888969421,1
0.36848360300064087,0.10914475470781326,0.8952572345733643,0.7958218455314636,-0.1931624412536621,0.019786084070801735,-0.5735539793968201,0.7094969153404236,-0.07493041455745697,0.019978133961558342,0,0.3625604212284088,0.1091499999165535,0.8977970480918884,0.7959117293357849,-0.1908288449048996,0.016554540023207664,-0.5743123888969421,1
0.36859551072120667,0.10914462059736252,0.8952088356018066,0.7958201169967651,-0.19320662319660187,0.019847365096211433,-0.5735394358634949,0.7094969153404236,-0.07493041455745697,0.01997814141213894,0,0.3625604212284088,0.1091499999165535,0.8977970480918884,0.7959117293357849,-0.1908288449048996,0.016554540023207664,-0.5743123888969421,1
0.36869457364082336,0.10914447903633118,0.8951660394668579,0.7958184480667114,-0.1932457685470581,0.01990160159766674,-0.5735267996788025,0.7094969153404236,-0.07493041455745697,0.019978145137429237,0,0.3625604212284088,0.1091499999165535,0.8977970480918884,0.7959117293357849,-0.1908288449048996,0.016554540023207664,-0.5743123888969421,1
0.3687824606895447,0.10914447903633118,0.8951278328895569,0.795816957950592,-0.19328033924102783,0.01994943805038929,-0.5735154151916504,0.7094969153404236,-0.07493041455745697,0.019978148862719536,0,0.3625604212284088,0.1091499999165535,0.8977970480918884,0.7959117293357849,-0.1908288449048996,0.016554540023207664,-0.5743123888969421,1
0.36886000633239746,0.10914461314678192,0.895094096660614,0.7958159446716309,-0.19331079721450806,0.019991593435406685,-0.5735051035881042,0.7094969153404236,-0.07493041455745697,0.019978148862719536,0,0.3625604212284088,0.1091499999165535,0.8977970480918884,0.7959117293357849,-0.1908288449048996,0.016554540023207664,-0.5743123888969421,1
0.36892861127853394,0.10914474725723267,0.8950642347335815,0.7958149909973145,-0.19333770871162415,0.02002882771193981,-0.5734960436820984,0.7094969153404236,-0.07493041455745697,0.019978148862719536,0,0.3625604212284088,0.1091499999165535,0.8977970480918884,0.7959117293357849,-0.1908288449048996,0.016554540023207664,-0.5743123888969421,1
0.3689894676208496,0.10914488881826401,0.8950377106666565,0.7958140969276428,-0.1933615803718567,0.020061763003468513,-0.5734882354736328,0.7094969153404236,-0.07493041455745697,0.019978148862719536,0,0.3625604212284088,0.1091499999165535,0.8977970480918884,0.7959117293357849,-0.1908288449048996,0.016554540023207664,-0.5743123888969421,1
0.3690434694290161,0.10914502292871475,0.8950141072273254,0.7958134412765503,-0.1933826208114624,0.020090937614440918,-0.5734809041023254,0.7094969153404236,-0.07493041455745697,0.019978148862719536,0,0.3625604212284088,0.1091499999165535,0.8977970480918884,0.7959117293357849,-0.1908288449048996,0.016554540023207664,-0.5743123888969421,1
0.3690912425518036,0.10914530605077744,0.8949931859970093,0.7958129048347473,-0.1934012621641159,0.02011662721633911,-0.5734745860099792,0.7094969153404236,-0.07493041455745697,0.019978148862719536,0,0.3625604212284088,0.1091499999165535,0.8977970480918884,0.7959117293357849,-0.1908288449048996,0.016554540023207664,-0.5743123888969421,1
0.3691335916519165,0.10914543271064758,0.8949745893478394,0.7958122491836548,-0.19341766834259033,0.02013932727277279,-0.5734689831733704,0.7094969153404236,-0.07493041455745697,0.019978148862719536,0,0.3625604212284088,0.1091499999165535,0.8977970480918884,0.7959117293357849,-0.1908288449048996,0.016554540023207664,-0.5743123888969421,1
0.369171142578125,0.10914570838212967,0.894957959651947,0.7958120107650757,-0.19343216717243195,0.020159302279353142,-0.5734638571739197,0.7094969153404236,-0.07493041455745697,0.019978148862719536,0,0.3625604212284088,0.1091499999165535,0.8977970480918884,0.7959117293357849,-0.1908288449048996,0.016554540023207664,-0.5743123888969421,1
0.36920416355133057,0.10914599150419235,0.8949434161186218,0.795811653137207,-0.19344498217105865,0.020176958292722702,-0.5734593868255615,0.7094969153404236,-0.07493041455745697,0.019978148862719536,0,0.3625604212284088,0.1091499999165535,0.8977970480918884,0.7959117293357849,-0.1908288449048996,0.016554540023207664,-0.5743123888969421,1
0.36923354864120483,0.1091461256146431,0.8949304223060608,0.7958112955093384,-0.1934562772512436,0.020192500203847885,-0.5734555721282959,0.7094969153404236,-0.07493041455745697,0.019978148862719536,0,0.36923354864120483,0.1091461256146431,0.8949304223060608,0.7958112955093384,-0.1934562772512436,0.020192500203847885,-0.5734555721282959,1
0.3694966435432434,0.10915748029947281,0.8948008418083191,0.7958157062530518,-0.1935444176197052,0.020310046151280403,-0.5734154582023621,0.7094969153404236,-0.07493041455745697,0.019978148862719536,0,0.375836044549942,0.10817378014326096,0.8938119411468506,0.7941058874130249,-0.197150319814682,0.025439349934458733,-0.574351966381073,1
0.37028539180755615,0.10910423845052719,0.894602358341217,0.7956986427307129,-0.19392040371894836,0.020839255303144455,-0.5734319090843201,0.7094969153404236,-0.07493041455745697,0.019978148862719536,0,0.3824138641357422,0.10716798156499863,0.8925958871841431,0.7923668622970581,-0.2008359283208847,0.030684614554047585,-0.5752199292182922,1
0.3716227412223816,0.10896657407283783,0.8943229913711548,0.7954323887825012,-0.19461287558078766,0.02181774564087391,-0.5735303163528442,0.7094969153404236,-0.07493041455745697,0.019978148862719536,0,0.38896557688713074,0.10612919181585312,0.8912824988365173,0.7905945181846619,-0.20451296865940094,0.03592754527926445,-0.5760589838027954,1
0.3734889328479767,0.1087452620267868,0.8939531445503235,0.7950220108032227,-0.19560693204402924,0.023224856704473495,-0.5737059712409973,0.7094969153404236,-0.07493041455745697,0.019978148862719536,0,0.39548975229263306,0.10505732893943787,0.8898721933364868,0.7887887358665466,-0.20818129181861877,0.04116830229759216,-0.5768691897392273,1
0.37584802508354187,0.10844454169273376,0.8934880495071411,0.7944772839546204,-0.19688010215759277,0.025029269978404045,-0.5739490985870361,0.7094969153404236,-0.07493041455745697,0.019978148862719536,0,0.4019845128059387,0.10395290702581406,0.8883655071258545,0.7869501113891602,-0.2118404656648636,0.04640650004148483,-0.5776498913764954,1
0.37865787744522095,0.10806924849748611,0.8929260969161987,0.7938082218170166,-0.19840770959854126,0.02719651348888874,-0.5742501616477966,0.7094969153404236,-0.07493041455745697,0.019978148862719536,0,0.40844887495040894,0.10281585901975632,0.8867623209953308,0.7850785851478577,-0.21549086272716522,0.05164198949933052,-0.5784015655517578,1
0.38187405467033386,0.10762356221675873,0.8922668099403381,0.7930237054824829,-0.20016485452651978,0.029692353680729866,-0.5746003985404968,0.7094969153404236,-0.07493041455745697,0.019978148862719536,0,0.4148810803890228,0.10164672136306763,0.8850634694099426,0.7831743359565735,-0.21913202106952667,0.05687463656067848,-0.5791236162185669,1
0.385454386472702,0.10711127519607544,0.8915097713470459,0.7921321988105774,-0.2021283656358719,0.032484374940395355,-0.5749915838241577,0.7094969153404236,-0.07493041455745697,0.019978148862719536,0,0.42127978801727295,0.1004454642534256,0.8832691311836243,0.7812379598617554,-0.2227640450000763,0.06210409849882126,-0.5798159241676331,1
0.3893580436706543,0.10653552412986755,0.890654981136322,0.7911407351493835,-0.2042759507894516,0.03554181382060051,-0.575416624546051,0.7094969153404236,-0.07493041455745697,0.019978148862719536,0,0.4276430010795593,0.0992126613855362,0.8813798427581787,0.7792694568634033,-0.22638630867004395,0.06732983142137527,-0.5804782509803772,1
0.3935484290122986,0.10589928925037384,0.8897020816802979,0.7900558114051819,-0.206587553024292,0.03883740305900574,-0.5758689045906067,0.7094969153404236,-0.07493041455745697,0.019978148862719536,0,0.43396973609924316,0.09794829785823822,0.8793962597846985,0.7772688865661621,-0.22999902069568634,0.07255230098962784,-0.5811105370521545,1
0.39799025654792786,0.10520504415035248,0.8886512517929077,0.7888830900192261,-0.20904472470283508,0.042344916611909866,-0.5763423442840576,0.7094969153404236,-0.07493041455745697,0.019978148862719536,0,0.4402587115764618,0.09665295481681824,0.8773182034492493,0.7752369046211243,-0.23360218107700348,0.07777072489261627,-0.5817126035690308,1
0.4026538133621216,0.10445486009120941,0.8875016570091248,0.7876279354095459,-0.21163126826286316,0.04604242369532585,-0.5768314599990845,0.7094969153404236,-0.07493041455745697,0.019978148862719536,0,0.44650799036026,0.09532669931650162,0.8751469254493713,0.7731732130050659,-0.23719532787799835,0.0829850360751152,-0.5822842121124268,1
0.40750977396965027,0.10365092754364014,0.8862534761428833,0.7862946391105652,-0.21433165669441223,0.04990878328680992,-0.5773314833641052,0.7094969153404236,-0.07493041455745697,0.019978148862719536,0,0.4527164101600647,0.09397012740373611,0.8728823661804199,0.7710785269737244,-0.24077849090099335,0.08819525688886642,-0.5828251838684082,1
0.41253340244293213,0.10279501974582672,0.8849060535430908,0.7848877906799316,-0.21713289618492126,0.05392543971538544,-0.5778378248214722,0.7094969153404236,-0.07493041455745697,0.019978148862719536,0,0.45888233184814453,0.09258326888084412,0.8705254793167114,0.7689527869224548,-0.24435152113437653,0.09340058267116547,-0.5833354592323303,1
0.41770216822624207,0.10188870131969452,0.8834590315818787,0.7834107279777527,-0.2200230211019516,0.05807605758309364,-0.5783464312553406,0.7094969153404236,-0.07493041455745697,0.019978148862719536,0,0.46500423550605774,0.09116685390472412,0.8680766224861145,0.7667962908744812,-0.24791420996189117,0.0986010730266571,-0.5838149189949036,1
0.4229949712753296,0.1009334996342659,0.881912350654602,0.7818670272827148,-0.22299130260944366,0.06234605610370636,-0.5788537263870239,0.7094969153404236,-0.07493041455745697,0.019978148862719536,0,0.4710811376571655,0.08972085267305374,0.8655364513397217,0.764609158039093,-0.2514663636684418,0.10379697382450104,-0.5842633247375488,1
0.4283936321735382,0.09993089735507965,0.8802655339241028,0.7802599668502808,-0.2260279804468155,0.06672170758247375,-0.57935631275177,0.7094969153404236,-0.07493041455745697,0.019978148862719536,0,0.47711169719696045,0.08824603259563446,0.8629050254821777,0.7623919248580933,-0.25500819087028503,0.10898757725954056,-0.5846801996231079,1
0.4338812828063965,0.09888220578432083,0.8785187602043152,0.7785924673080444,-0.2291247397661209,0.07119160890579224,-0.5798512101173401,0.7094969153404236,-0.07493041455745697,0.019978148862719536,0,0.4830937385559082,0.08674244582653046,0.8601838946342468,0.7601445913314819,-0.258539080619812,0.11417248100042343,-0.5850659608840942,1
0.4394432008266449,0.09778869897127151,0.8766717910766602,0.7768669128417969,-0.23227369785308838,0.07574494928121567,-0.5803355574607849,0.7094969153404236,-0.07493041455745697,0.019978148862719536,0,0.48902633786201477,0.08521111309528351,0.857373058795929,0.7578677535057068,-0.2620590925216675,0.1193518117070198,-0.5854198932647705,1
0.44506487250328064,0.09665154665708542,0.874725341796875,0.7750858068466187,-0.2354678213596344,0.08037178963422775,-0.5808074474334717,0.7094969153404236,-0.07493041455745697,0.019978148862719536,0,0.49490830302238464,0.083651602268219,0.8544732928276062,0.755561113357544,-0.26556819677352905,0.12452517449855804,-0.5857424736022949,1
0.4507349729537964,0.09547220170497894,0.8726789355278015,0.7732514142990112,-0.23870155215263367,0.08506403863430023,-0.5812638998031616,0.7094969153404236,-0.07493041455745697,0.019978148862719536,0,0.5007377862930298,0.08206502348184586,0.8514853715896606,0.7532253861427307,-0.2690659463405609,0.12969230115413666,-0.5860331058502197,1
0.45644187927246094,0.09425146132707596,0.8705332279205322,0.7713658809661865,-0.24196885526180267,0.0898139625787735,-0.581703782081604,0.7094969153404236,-0.07493041455745697,0.019978148862719536,0,0.5065144300460815,0.08045137673616409,0.8484095335006714,0.7508603930473328,-0.2725529968738556,0.1348535120487213,-0.5862918496131897,1
0.4621753692626953,0.09299041330814362,0.8682887554168701,0.7694307565689087,-0.24526478350162506,0.09461414813995361,-0.5821250081062317,0.7094969153404236,-0.07493041455745697,0.019978148862719536,0,0.5122357606887817,0.07881159335374832,0.8452470302581787,0.7484667897224426,-0.27602827548980713,0.14000767469406128,-0.5865182280540466,1
0.46792668104171753,0.09169026464223862,0.8659456372261047,0.7674482464790344,-0.24858514964580536,0.09945934265851974,-0.5825258493423462,0.7094969153404236,-0.07493041455745697,0.019978148862719536,0,0.5179005861282349,0.07714572548866272,0.8419985771179199,0.7460445165634155,-0.27949193120002747,0.14515508711338043,-0.586712658405304,1
0.47368764877319336,0.09035200625658035,0.8635045886039734,0.7654198408126831,-0.25192633271217346,0.10434374213218689,-0.5829046964645386,0.7094969153404236,-0.07493041455745697,0.019978148862719536,0,0.5235084295272827,0.07545465975999832,0.8386644124984741,0.743594229221344,-0.28294408321380615,0.1502954661846161,-0.5868743062019348,1
0.4794504940509796,0.08897653222084045,0.8609660863876343,0.7633468508720398,-0.2552843689918518,0.10926207154989243,-0.5832608938217163,0.7094969153404236,-0.07493041455745697,0.019978148862719536,0,0.5290572047233582,0.07373852282762527,0.835245668888092,0.7411157488822937,-0.2863844335079193,0.1554284393787384,-0.587003767490387,1
0.4852079451084137,0.0875648558139801,0.8583313822746277,0.761231005191803,-0.2586558163166046,0.114209845662117,-0.5835928320884705,0.7094969153404236,-0.07493041455745697,0.019978148862719536,0,0.5345457196235657,0.07199820876121521,0.8317431807518005,0.7386096119880676,-0.2898126542568207,0.1605539172887802,-0.5871003270149231,1
0.4909546375274658,0.08611786365509033,0.8556002974510193,0.7590732574462891,-0.26203858852386475,0.11918367445468903,-0.5838994979858398,0.7094969153404236,-0.07493041455745697,0.019978148862719536,0,0.539973258972168,0.07023382931947708,0.8281573057174683,0.7360760569572449,-0.29322901368141174,0.16567178070545197,-0.587164044380188,1
0.49668359756469727,0.08463684469461441,0.8527745604515076,0.7568756341934204,-0.2654295563697815,0.12417889386415482,-0.5841798782348633,0.7094969153404236,-0.07493041455745697,0.019978148862719536,0,0.545337975025177,0.06844612956047058,0.8244892358779907,0.7335150837898254,-0.29663318395614624,0.17078165709972382,-0.5871949791908264,1
0.5023905634880066,0.08312193304300308,0.8498544096946716,0.7546380758285522,-0.2688263952732086,0.12919305264949799,-0.5844336748123169,0.7094969153404236,-0.07493041455745697,0.019978148862719536,0,0.5506389141082764,0.0666358694434166,0.82073974609375,0.7309271693229675,-0.30002495646476746,0.1758832335472107,-0.5871928334236145,1
0.5080704689025879,0.08157473802566528,0.8468406796455383,0.7523626089096069,-0.27222752571105957,0.1342230886220932,-0.5846593976020813,0.7094969153404236,-0.07493041455745697,0.019978148862719536,0,0.5558749437332153,0.06480316817760468,0.8169094324111938,0.728312611579895,-0.3034043312072754,0.18097653985023499,-0.5871574282646179,1
0.513718843460083,0.07999565452337265,0.843734622001648,0.7500496506690979,-0.275630921125412,0.13926640152931213,-0.5848571062088013,0.7094969153404236,-0.07493041455745697,0.019978148862719536,0,0.5610445737838745,0.06294906139373779,0.8129992485046387,0.725671648979187,-0.3067712187767029,0.18606141209602356,-0.5870886445045471,1
0.5193316340446472,0.07838574796915054,0.8405369520187378,0.7477006912231445,-0.27903470396995544,0.1443202942609787,-0.5850254893302917,0.7094969153404236,-0.07493041455745697,0.019978148862719536,0,0.566146731376648,0.061073679476976395,0.80901038646698,0.7230045795440674,-0.31012529134750366,0.1911371797323227,-0.5869865417480469,1
0.5249048471450806,0.0767458975315094,0.837248682975769,0.7453162670135498,-0.2824375331401825,0.14938263595104218,-0.585164487361908,0.7094969153404236,-0.07493041455745697,0.019978148862719536,0,0.5711801052093506,0.05917806550860405,0.8049434423446655,0.72031170129776,-0.3134666383266449,0.1962038278579712,-0.586850643157959,1
0.53043532371521,0.07507684826850891,0.8338706493377686,0.7428972721099854,-0.2858380377292633,0.1544518619775772,-0.5852732062339783,0.7094969153404236,-0.07493041455745697,0.019978148862719536,0,0.5761438608169556,0.0572623610496521,0.8007992506027222,0.7175929546356201,-0.3167949616909027,0.20126162469387054,-0.5866813063621521,1
0.5359196662902832,0.07337959110736847,0.8304039835929871,0.7404446601867676,-0.28923502564430237,0.1595257818698883,-0.585351288318634,0.7094969153404236,-0.07493041455745697,0.019978148862719536,0,0.5810368061065674,0.05532760173082352,0.7965787649154663,0.7148491144180298,-0.3201103210449219,0.20630961656570435,-0.5864779353141785,1
0.5413546562194824,0.0716545432806015,0.8268498182296753,0.7379590272903442,-0.2926271855831146,0.1646028459072113,-0.5853985548019409,0.7094969153404236,-0.07493041455745697,0.019978148862719536,0,0.5858573317527771,0.0533740296959877,0.7922831177711487,0.7120800614356995,-0.32341235876083374,0.2113477736711502,-0.5862409472465515,1
0.5467380285263062,0.06990273296833038,0.823208749294281,0.7354412078857422,-0.29601389169692993,0.1696818321943283,-0.5854144096374512,0.7094969153404236,-0.07493041455745697,0.019978148862719536,0,0.5906046032905579,0.05140281468629837,0.7879133224487305,0.7092862725257874,-0.3267011046409607,0.21637602150440216,-0.5859699249267578,1
0.5520665645599365,0.06812505424022675,0.8194823265075684,0.7328917384147644,-0.299393892288208,0.17476123571395874,-0.5853984355926514,0.7094969153404236,-0.07493041455745697,0.019978148862719536,0,0.5952779054641724,0.04941387102007866,0.7834698557853699,0.7064678072929382,-0.3299764096736908,0.22139419615268707,-0.5856647491455078,1
0.5573382377624512,0.06632202118635178,0.8156713247299194,0.7303112745285034,-0.3027665615081787,0.17983978986740112,-0.5853506922721863,0.7094969153404236,-0.07493041455745697,0.019978148862719536,0,0.5998757481575012,0.04740855470299721,0.778954267501831,0.7036254405975342,-0.33323830366134644,0.22640201449394226,-0.5853251814842224,1
0.5625503659248352,0.06449475139379501,0.8117769360542297,0.7277004718780518,-0.3061310946941376,0.1849164515733719,-0.5852704048156738,0.7094969153404236,-0.07493041455745697,0.019978148862719536,0,0.604397177696228,0.045386988669633865,0.7743669748306274,0.7007588148117065,-0.3364863097667694,0.23139935731887817,-0.5849515795707703,1
0.5677010416984558,0.06264377385377884,0.8078001141548157,0.7250601053237915,-0.3094867467880249,0.18999023735523224,-0.5851576328277588,0.7094969153404236,-0.07493041455745697,0.019978148862719536,0,0.6088413596153259,0.04335033893585205,0.7697093486785889,0.6978685855865479,-0.33972078561782837,0.236385777592659,-0.5845432281494141,1
0.5727881789207458,0.06076986715197563,0.8037421107292175,0.722390353679657,-0.31283316016197205,0.19506025314331055,-0.585011899471283,0.7094969153404236,-0.07493041455745697,0.019978148862719536,0,0.6132067441940308,0.04129883646965027,0.7649825811386108,0.694955050945282,-0.34294092655181885,0.24136106669902802,-0.5841007828712463,1
0.5778098106384277,0.05887385830283165,0.7996037006378174,0.7196921706199646,-0.31616947054862976,0.20012547075748444,-0.5848330855369568,0.7094969153404236,-0.07493041455745697,0.019978148862719536,0,0.6174927353858948,0.03923359140753746,0.7601876258850098,0.6920183897018433,-0.3461472988128662,0.24632498621940613,-0.583623468875885,1
0.5827643275260925,0.05695644021034241,0.7953861951828003,0.7169657349586487,-0.31949540972709656,0.20518553256988525,-0.5846209526062012,0.7094969153404236,-0.07493041455745697,0.019978148862719536,0,0.621698260307312,0.03715486824512482,0.7553252577781677,0.6890589594841003,-0.34933945536613464,0.2512774169445038,-0.5831117033958435,1
0.5876495242118835,0.05501857027411461,0.7910908460617065,0.7142115831375122,-0.32281017303466797,0.21023893356323242,-0.5843755602836609,0.7094969153404236,-0.07493041455745697,0.019978148862719536,0,0.6258223652839661,0.03506381809711456,0.7503966689109802,0.6860770583152771,-0.3525172770023346,0.2562183141708374,-0.5825650095939636,1
0.5924645066261292,0.053060512989759445,0.7867183685302734,0.7114303112030029,-0.32611367106437683,0.215285986661911,-0.584096372127533,0.7094969153404236,-0.07493041455745697,0.019978148862719536,0,0.6298640966415405,0.03296069800853729,0.7454030513763428,0.6830728650093079,-0.3556807339191437,0.2611472010612488,-0.5819835066795349,1
0.5972068309783936,0.051083698868751526,0.7822703719139099,0.7086223363876343,-0.32940542697906494,0.22032524645328522,-0.5837834477424622,0.7094969153404236,-0.07493041455745697,0.019978148862719536,0,0.6338227987289429,0.03084668144583702,0.7403452396392822,0.6800467371940613,-0.3588298559188843,0.2660640776157379,-0.581366777420044,1
0.601875364780426,0.04908859357237816,0.7777476906776428,0.7057881951332092,-0.33268484473228455,0.22535642981529236,-0.5834364295005798,0.7094969153404236,-0.07493041455745697,0.019978148862719536,0,0.6376969814300537,0.028722047805786133,0.7352249026298523,0.6769988536834717,-0.36196404695510864,0.270968496799469,-0.580715537071228,1
0.6064686179161072,0.04707593470811844,0.773151695728302,0.7029282450675964,-0.33595189452171326,0.2303788810968399,-0.5830553770065308,0.7094969153404236,-0.07493041455745697,0.019978148862719536,0,0.6414864659309387,0.02658795565366745,0.7300423979759216,0.6739298105239868,-0.3650836944580078,0.2758605182170868,-0.5800286531448364,1
0.6109853982925415,0.04504666477441788,0.7684833407402039,0.7000429630279541,-0.33920615911483765,0.2353922575712204,-0.5826399922370911,0.7094969153404236,-0.07493041455745697,0.019978148862719536,0,0.6451895833015442,0.02444474957883358,0.724799633026123,0.6708397269248962,-0.36818820238113403,0.28073927760124207,-0.5793071389198303,1
0.6154240965843201,0.04300108551979065,0.7637439966201782,0.6971325278282166,-0.3424471318721771,0.24039611220359802,-0.5821905732154846,0.7094969153404236,-0.07493041455745697,0.019978148862719536,0,0.6488061547279358,0.022293565794825554,0.7194972038269043,0.6677287817001343,-0.3712780475616455,0.2856057286262512,-0.5785500407218933,1
0.6197836995124817,0.0409405343234539,0.7589345574378967,0.6941978335380554,-0.34567469358444214,0.24538955092430115,-0.5817063450813293,0.7094969153404236,-0.07493041455745697,0.019978148862719536,0,0.6523354649543762,0.02013469859957695,0.7141361832618713,0.6645973324775696,-0.3743527829647064,0.2904588580131531,-0.5777576565742493,1
0.6240628957748413,0.03886547312140465,0.7540565133094788,0.6912387609481812,-0.3488886058330536,0.2503727376461029,-0.5811876654624939,0.7094969153404236,-0.07493041455745697,0.019978148862719536,0,0.6557758450508118,0.017969505861401558,0.708718478679657,0.6614457964897156,-0.37741225957870483,0.2952982783317566,-0.576930046081543,1
0.6282601952552795,0.036776892840862274,0.7491110563278198,0.6882562637329102,-0.35208842158317566,0.25534459948539734,-0.5806342363357544,0.7094969153404236,-0.07493041455745697,0.019978148862719536,0,0.6591272354125977,0.015798108652234077,0.7032446265220642,0.6582741737365723,-0.38045644760131836,0.3001244366168976,-0.5760670304298401,1
0.6323752403259277,0.03467544913291931,0.7440988421440125,0.6852501034736633,-0.3552745282649994,0.260305792093277,-0.5800458192825317,0.7094969153404236,-0.07493041455745697,0.019978148862719536,0,0.6623889207839966,0.013621829450130463,0.6977159380912781,0.655083179473877,-0.383485347032547,0.30493679642677307,-0.5751681923866272,1
0.6364061832427979,0.03256166726350784,0.7390217185020447,0.6822210550308228,-0.3584458827972412,0.2652548551559448,-0.5794228315353394,0.7094969153404236,-0.07493041455745697,0.019978148862719536,0,0.6655596494674683,0.011441207490861416,0.6921337842941284,0.6518729329109192,-0.386498361825943,0.309734970331192,-0.5742340683937073,1
0.6403521299362183,0.030436811968684196,0.7338809370994568,0.6791695356369019,-0.3616026043891907,0.2701917588710785,-0.5787646174430847,0.7094969153404236,-0.07493041455745697,0.019978148862719536,0,0.6686390042304993,0.009257059544324875,0.6864994764328003,0.6486437320709229,-0.3894961178302765,0.3145188093185425,-0.5732643008232117,1
0.6442121267318726,0.02830132469534874,0.7286774516105652,0.6760956645011902,-0.3647446930408478,0.2751164734363556,-0.5780715942382812,0.7094969153404236,-0.07493041455745697,0.019978148862719536,0,0.6716267466545105,0.007069917395710945,0.6808134317398071,0.645395815372467,-0.3924780786037445,0.3192884922027588,-0.572258710861206,1
0.6479854583740234,0.02615596167743206,0.723412275314331,0.6729999780654907,-0.36787179112434387,0.2800285220146179,-0.5773434042930603,0.7094969153404236,-0.07493041455745697,0.019978148862719536,0,0.6745212078094482,0.00488114170730114,0.6750780940055847,0.6421296000480652,-0.39544394612312317,0.3240432143211365,-0.5712175965309143,1
0.6516710519790649,0.02400192618370056,0.7180870771408081,0.6698827743530273,-0.3709838092327118,0.28492745757102966,-0.5765798687934875,0.7094969153404236,-0.07493041455745697,0.019978148862719536,0,0.6773226857185364,0.002690923400223255,0.6692938804626465,0.6388452649116516,-0.39839401841163635,0.32878321409225464,-0.5701406598091125,1
0.6552680134773254,0.021839546039700508,0.7127025723457336,0.6667444109916687,-0.3740805983543396,0.2898133099079132,-0.5757810473442078,0.7094969153404236,-0.07493041455745697,0.019978148862719536,0,0.6800300478935242,0.0005006510764360428,0.6634621620178223,0.6355432271957397,-0.4013283848762512,0.33350834250450134,-0.5690276026725769,1
0.6587750911712646,0.019669868052005768,0.70726078748703,0.6635852456092834,-0.3771616220474243,0.29468536376953125,-0.5749470591545105,0.7094969153404236,-0.07493041455745697,0.019978148862719536,0,0.6826427578926086,-0.0016894042491912842,0.6575846672058105,0.6322235465049744,-0.40424618124961853,0.3382178544998169,-0.567879319190979,1
0.6621919870376587,0.017493579536676407,0.7017624378204346,0.6604057550430298,-0.38022708892822266,0.2995436489582062,-0.5740776658058167,0.7094969153404236,-0.07493041455745697,0.019978148862719536,0,0.685160219669342,-0.0038779405876994133,0.6516622304916382,0.6288871169090271,-0.4071477949619293,0.34291183948516846,-0.5666948556900024,1
0.6655176877975464,0.01531152706593275,0.6962090134620667,0.6572060585021973,-0.38327693939208984,0.3043875992298126,-0.5731728076934814,0.7094969153404236,-0.07493041455745697,0.019978148862719536,0,0.6875821948051453,-0.006064663641154766,0.6456961035728455,0.6255335807800293,-0.41003328561782837,0.34759053587913513,-0.5654743313789368,1
0.6687512993812561,0.013124502263963223,0.6906015872955322,0.6539865136146545,-0.38631072640419006,0.30921754240989685,-0.5722325444221497,0.7094969153404236,-0.07493041455745697,0.019978148862719536,0,0.6899077296257019,-0.008248236030340195,0.6396878361701965,0.622163712978363,-0.4129020869731903,0.35225310921669006,-0.5642179846763611,1
0.6718923449516296,0.010933468118309975,0.6849415898323059,0.6507477164268494,-0.38932859897613525,0.314032644033432,-0.5712566375732422,0.7094969153404236,-0.07493041455745697,0.019978148862719536,0,0.6921367645263672,-0.010428397916257381,0.6336384415626526,0.6187775135040283,-0.41575440764427185,0.35689976811408997,-0.5629254579544067,1
0.6749396324157715,0.008739293552935123,0.6792304515838623,0.6474899053573608,-0.39233019948005676,0.31883251667022705,-0.5702452063560486,0.7094969153404236,-0.07493041455745697,0.019978148862719536,0,0.6942684054374695,-0.012603772804141045,0.6275497078895569,0.6153755187988281,-0.4185899794101715,0.3615300953388214,-0.5615970492362976,1
0.6778927445411682,0.00654237624257803,0.6734695434570312,0.6442131996154785,-0.395315557718277,0.3236173987388611,-0.5691983103752136,0.7094969153404236,-0.07493041455745697,0.019978148862719536,0,0.6963021755218506,-0.014774017035961151,0.6214225888252258,0.6119579672813416,-0.42140883207321167,0.3661438226699829,-0.5602326393127441,1
0.6807509064674377,0.004343974404036999,0.6676599979400635,0.6409183144569397,-0.3982841670513153,0.32838669419288635,-0.5681157112121582,0.7094969153404236,-0.07493041455745697,0.019978148862719536,0,0.6982380151748657,-0.01693793386220932,0.6152584552764893,0.6085252165794373,-0.42421093583106995,0.3707408905029297,-0.5588319897651672,1
0.6835137605667114,0.002144872210919857,0.6618030071258545,0.6376053690910339,-0.40123656392097473,0.33314019441604614,-0.5669974088668823,0.7094969153404236,-0.07493041455745697,0.019978148862719536,0,0.7000752687454224,-0.019095057621598244,0.6090585589408875,0.6050772070884705,-0.42699605226516724,0.3753213882446289,-0.5573954582214355,1
0.6861807107925415,-5.467701703310013e-05,0.6558999419212341,0.6342744827270508,-0.40417206287384033,0.3378782570362091,-0.5658435821533203,0.7094969153404236,-0.07493041455745697,0.019978148862719536,0,0.7018135786056519,-0.021244138479232788,0.6028243899345398,0.6016149520874023,-0.4297640919685364,0.3798845112323761,-0.5559225678443909,1
0.688750684261322,-0.002252933569252491,0.6499526500701904,0.6309266686439514,-0.4070907533168793,0.3425997495651245,-0.5646539330482483,0.7094969153404236,-0.07493041455745697,0.019978148862719536,0,0.7034527063369751,-0.02338491380214691,0.5965573787689209,0.598138153553009,-0.4325149953365326,0.3844304084777832,-0.5544137358665466,1
0.6912233233451843,-0.004449685104191303,0.6439620852470398,0.6275615692138672,-0.40999239683151245,0.3473048806190491,-0.5634286999702454,0.7094969153404236,-0.07493041455745697,0.019978148862719536,0,0.70499187707901,-0.025515925139188766,0.5902587175369263,0.5946474075317383,-0.4352486729621887,0.3889591097831726,-0.552868664264679,1
0.6935986876487732,-0.006643921136856079,0.6379291415214539,0.6241797804832458,-0.41287750005722046,0.3519936203956604,-0.5621672868728638,0.7094969153404236,-0.07493041455745697,0.019978148862719536,0,0.7064311504364014,-0.027636941522359848,0.5839299559593201,0.5911429524421692,-0.4379650056362152,0.3934699594974518,-0.5512875914573669,1
0.6958752870559692,-0.008834943175315857,0.6318560838699341,0.6207818388938904,-0.41574493050575256,0.3566652834415436,-0.5608705878257751,0.7094969153404236,-0.07493041455745697,0.019978148862719536,0,0.7078238129615784,-0.029834147542715073,0.5773069262504578,0.5874783992767334,-0.4407760202884674,0.3981494605541229,-0.549602210521698,1
0.6980549693107605,-0.011026476509869099,0.6257303953170776,0.6173590421676636,-0.4186020493507385,0.3613303005695343,-0.5595359802246094,0.7094969153404236,-0.07493041455745697,0.019978148862719536,0,0.709107518196106,-0.0320187583565712,0.5706536769866943,0.583799421787262,-0.4435681700706482,0.40281009674072266,-0.547877311706543,1
0.7001400589942932,-0.013219885528087616,0.6195472478866577,0.6139086484909058,-0.4214510917663574,0.36599287390708923,-0.5581614971160889,0.7094969153404236,-0.07493041455745697,0.019978148862719536,0,0.7102818489074707,-0.03418915718793869,0.5639723539352417,0.580106794834137,-0.44634097814559937,0.4074506461620331,-0.5461133122444153,1
0.7021301984786987,-0.015414686873555183,0.6133075952529907,0.6104316115379333,-0.42429158091545105,0.37065261602401733,-0.5567463040351868,0.7094969153404236,-0.07493041455745697,0.019978148862719536,0,0.7113461494445801,-0.03634488582611084,0.5572649836540222,0.5764006972312927,-0.44909462332725525,0.4120709002017975,-0.5443103313446045,1
0.7040247321128845,-0.01760985143482685,0.6070120930671692,0.6069280505180359,-0.4271230101585388,0.3753093183040619,-0.555290162563324,0.7094969153404236,-0.07493041455745697,0.019978148862719536,0,0.7123011350631714,-0.03848467767238617,0.5505317449569702,0.5726816058158875,-0.45182913541793823,0.4166713356971741,-0.5424676537513733,1
0.7058226466178894,-0.01980399154126644,0.6006624698638916,0.6033990979194641,-0.42994487285614014,0.37996187806129456,-0.5537921786308289,0.7094969153404236,-0.07493041455745697,0.019978148862719536,0,0.7131458520889282,-0.04060792922973633,0.5437754392623901,0.5689496994018555,-0.4545440971851349,0.4212510585784912,-0.5405861139297485,1
0.7075217962265015,-0.02199544571340084,0.5942621231079102,0.5998459458351135,-0.4327560365200043,0.3846084773540497,-0.5522528290748596,0.7094969153404236,-0.07493041455745697,0.019978148862719536,0,0.7138803005218506,-0.0427132248878479,0.536997377872467,0.5652057528495789,-0.4572395086288452,0.42580997943878174,-0.5386651754379272,1
0.7091211080551147,-0.024182802066206932,0.5878133177757263,0.5962697863578796,-0.43555551767349243,0.3892478346824646,-0.5506722331047058,0.7094969153404236,-0.07493041455745697,0.019978148862719536,0,0.7145044803619385,-0.04480030760169029,0.5301985144615173,0.561449408531189,-0.4599156379699707,0.430348664522171,-0.536704957485199,1
0.7106190919876099,-0.026364462450146675,0.581318736076355,0.5926715135574341,-0.43834277987480164,0.39387840032577515,-0.5490499138832092,0.7094969153404236,-0.07493041455745697,0.019978148862719536,0,0.7150183916091919,-0.04686760902404785,0.5233815908432007,0.557681679725647,-0.4625716805458069,0.4348655045032501,-0.5347060561180115,1
0.7120136618614197,-0.028539292514324188,0.5747822523117065,0.5890522003173828,-0.4411162734031677,0.39849841594696045,-0.5473872423171997,0.7094969153404236,-0.07493041455745697,0.019978148862719536,0,0.7154215574264526,-0.04891444370150566,0.5165472626686096,0.553902804851532,-0.4652079939842224,0.4393613338470459,-0.5326675772666931,1
0.7133044004440308,-0.0307054053992033,0.5682055950164795,0.5854131579399109,-0.44387567043304443,0.4031071662902832,-0.5456833839416504,0.7094969153404236,-0.07493041455745697,0.019978148862719536,0,0.7157143354415894,-0.05094030499458313,0.5096973180770874,0.5501128435134888,-0.46782445907592773,0.44383588433265686,-0.5305899381637573,1
0.7144895195960999,-0.032862015068531036,0.5615920424461365,0.5817548632621765,-0.4466203451156616,0.4077032804489136,-0.5439388751983643,0.7094969153404236,-0.07493041455745697,0.019978148862719536,0,0.715896487236023,-0.052943676710128784,0.5028335452079773,0.5463125109672546,-0.4704209864139557,0.44828832149505615,-0.5284733772277832,1
0.7155686020851135,-0.035007137805223465,0.5549439191818237,0.5780787467956543,-0.4493495225906372,0.4122854471206665,-0.5421536564826965,0.7094969153404236,-0.07493041455745697,0.019978148862719536,0,0.7159680128097534,-0.054924167692661285,0.4959573447704315,0.5425018072128296,-0.4729975461959839,0.45271939039230347,-0.5263175964355469,1
0.7165403962135315,-0.03713979199528694,0.5482638478279114,0.5743854641914368,-0.4520624279975891,0.4168527126312256,-0.540328323841095,0.7094969153404236,-0.07493041455745697,0.019978148862719536,0,0.7159289717674255,-0.056880369782447815,0.4890708923339844,0.5386815667152405,-0.4755536615848541,0.45712772011756897,-0.5241230130195618,1
0.7174043655395508,-0.03925895690917969,0.5415539145469666,0.5706755518913269,-0.45475858449935913,0.42140451073646545,-0.5384628176689148,0.7094969153404236,-0.07493041455745697,0.019978148862719536,0,0.7157795429229736,-0.05881195887923241,0.48217517137527466,0.5348516702651978,-0.47808948159217834,0.46151435375213623,-0.5218894481658936,1
0.7181597352027893,-0.04136281460523605,0.5348172187805176,0.5669500827789307,-0.4574379026889801,0.42593929171562195,-0.5365573763847351,0.7094969153404236,-0.07493041455745697,0.019978148862719536,0,0.7155197858810425,-0.06071745976805687,0.475271999835968,0.5310129523277283,-0.4806050956249237,0.46587803959846497,-0.5196168422698975,1
0.718806266784668,-0.0434507355093956,0.5280551314353943,0.5632097721099854,-0.4600994884967804,0.4304570257663727,-0.5346118211746216,0.7094969153404236,-0.07493041455745697,0.019978148862719536,0,0.7151495218276978,-0.06259653717279434,0.46836304664611816,0.5271652936935425,-0.48310017585754395,0.47021907567977905,-0.5173054933547974,1
0.7193432450294495,-0.04552140831947327,0.5212702751159668,0.559455156326294,-0.4627431631088257,0.43495678901672363,-0.5326266288757324,0.7094969153404236,-0.07493041455745697,0.019978148862719536,0,0.7146694660186768,-0.0644477978348732,0.4614497721195221,0.5233094692230225,-0.4855749011039734,0.47453728318214417,-0.5149549245834351,1
0.7197699546813965,-0.04757324606180191,0.5144657492637634,0.5556871294975281,-0.4653686285018921,0.4394373297691345,-0.5306021571159363,0.7094969153404236,-0.07493041455745697,0.019978148862719536,0,0.7140794992446899,-0.06627073138952255,0.45453378558158875,0.5194454789161682,-0.4880289137363434,0.4788323938846588,-0.5125656127929688,1
0.720086932182312,-0.0496058389544487,0.5076419711112976,0.5519060492515564,-0.46797528862953186,0.443899005651474,-0.5285379886627197,0.7094969153404236,-0.07493041455745697,0.019978148862719536,0,0.7133798003196716,-0.0680641382932663,0.44761672616004944,0.5155739784240723,-0.49046245217323303,0.48310431838035583,-0.5101374983787537,1
0.7202932834625244,-0.05161803215742111,0.5008020401000977,0.5481125712394714,-0.47056302428245544,0.44834083318710327,-0.5264345407485962,0.7094969153404236,-0.07493041455745697,0.019978148862719536,0,0.7125704288482666,-0.06982740759849548,0.44070106744766235,0.5116953253746033,-0.4928748309612274,0.48735228180885315,-0.5076711177825928,1
0.720389187335968,-0.05360809713602066,0.4939478039741516,0.5443075895309448,-0.4731317162513733,0.45276206731796265,-0.5242920517921448,0.7094969153404236,-0.07493041455745697,0.019978148862719536,0,0.7116520404815674,-0.07155992090702057,0.4337867200374603,0.5078095197677612,-0.4952666759490967,0.49157702922821045,-0.505165696144104,1
0.720374584197998,-0.05557574704289436,0.4870808720588684,0.5404913425445557,-0.47568079829216003,0.45716261863708496,-0.5221102833747864,0.7094969153404236,-0.07493041455745697,0.019978148862719536,0,0.7106248140335083,-0.07326027750968933,0.42687660455703735,0.5039174556732178,-0.49763745069503784,0.49577754735946655,-0.5026217699050903,1
0.7202490568161011,-0.05751972645521164,0.4802035689353943,0.5366644263267517,-0.4782101809978485,0.4615420401096344,-0.5198897123336792,0.7094969153404236,-0.07493041455745697,0.019978148862719536,0,0.7094889283180237,-0.07492813467979431,0.41997236013412476,0.5000194311141968,-0.4999869167804718,0.49995407462120056,-0.5000394582748413,1
0.7200129628181458,-0.05943910777568817,0.4733181297779083,0.5328274965286255,-0.4807194173336029,0.46589937806129456,-0.5176305174827576,0.7094969153404236,-0.07493041455745697,0.019978148862719536,0,0.7200129628181458,-0.05943910777568817,0.4733181297779083,0.5328274965286255,-0.4807194173336029,0.46589937806129456,-0.5176305174827576,1
0.7203881144523621,-0.060500405728816986,0.4664536714553833,0.5299710631370544,-0.4831498861312866,0.4705671966075897,-0.5140653848648071,0.7094969153404236,-0.07493041455745697,0.019978148862719536,0,0.7204016447067261,-0.05971555411815643,0.47101321816444397,0.5324978828430176,-0.48092103004455566,0.46625128388404846,-0.5174655914306641,1
0.7210630178451538,-0.0608719140291214,0.4602699875831604,0.5278248190879822,-0.48531976342201233,0.47440001368522644,-0.5106958150863647,0.7094969153404236,-0.07493041455745697,0.019978148862719536,0,0.7207797765731812,-0.059989966452121735,0.4687076807022095,0.5321683287620544,-0.4811224341392517,0.46660274267196655,-0.5173004865646362,1
0.721760630607605,-0.06103553622961044,0.4551107883453369,0.5261848568916321,-0.4870662987232208,0.4773552119731903,-0.5079643130302429,0.7094969153404236,-0.07493041455745697,0.019978148862719536,0,0.7211478352546692,-0.06026188284158707,0.46640148758888245,0.5318387150764465,-0.4813239276409149,0.46695420145988464,-0.5171349048614502,1
0.7224112153053284,-0.061143163591623306,0.45108762383461,0.5250062942504883,-0.48833662271499634,0.4794599711894989,-0.5059781074523926,0.7094969153404236,-0.07493041455745697,0.019978148862719536,0,0.7215054631233215,-0.0605318620800972,0.46409472823143005,0.5315089821815491,-0.48152491450309753,0.4673055410385132,-0.5169693231582642,1
0.7230124473571777,-0.06124243140220642,0.44822999835014343,0.5242775082588196,-0.4891226291656494,0.48073363304138184,-0.5047644376754761,0.7094969153404236,-0.07493041455745697,0.019978148862719536,0,0.7218526005744934,-0.0607994943857193,0.46178773045539856,0.5311792492866516,-0.4817259907722473,0.4676567018032074,-0.516803503036499,1
0.7235740423202515,-0.0613492913544178,0.44654518365859985,0.5239957571029663,-0.48942676186561584,0.48119056224823,-0.5043267011642456,0.7094969153404236,-0.07493041455745697,0.019978148862719536,0,0.7221899032592773,-0.06106467545032501,0.45947980880737305,0.5308495759963989,-0.48192694783210754,0.4680076539516449,-0.5166371464729309,1
0.7240722179412842,-0.0614660382270813,0.4459216892719269,0.5241139531135559,-0.48929575085639954,0.48091650009155273,-0.5045923590660095,0.7094969153404236,-0.07493041455745697,0.019978148862719536,0,0.7225165367126465,-0.06132775545120239,0.45717188715934753,0.5305196642875671,-0.4821276068687439,0.4683585464954376,-0.516470730304718,1
0.7244006991386414,-0.061576686799526215,0.4456820785999298,0.5243642330169678,-0.4890015423297882,0.48038363456726074,-0.5051248669624329,0.7094969153404236,-0.07493041455745697,0.019978148862719536,0,0.7228330373764038,-0.06158832460641861,0.4548632502555847,0.5301899909973145,-0.4823282063007355,0.46870923042297363,-0.5163038372993469,1
0.7246354818344116,-0.061677299439907074,0.44550463557243347,0.5246372222900391,-0.48867255449295044,0.479792982339859,-0.5057207345962524,0.7094969153404236,-0.07493041455745697,0.019978148862719536,0,0.7231391072273254,-0.06184687465429306,0.45255470275878906,0.5298600792884827,-0.4825287163257599,0.4690597355365753,-0.5161368250846863,1
0.7248314023017883,-0.06177642196416855,0.4452449083328247,0.5248899459838867,-0.48835739493370056,0.479224294424057,-0.5063019394874573,0.7094969153404236,-0.07493041455745697,0.019978148862719536,0,0.72343510389328,-0.062103141099214554,0.4502456784248352,0.5295301079750061,-0.4827287793159485,0.4694099724292755,-0.5159698128700256,1
0.7250155806541443,-0.06188105791807175,0.4448411166667938,0.5251032114028931,-0.4880758225917816,0.47871339321136475,-0.5068351626396179,0.7094969153404236,-0.07493041455745697,0.019978148862719536,0,0.7237206697463989,-0.06235676258802414,0.44793644547462463,0.5292001962661743,-0.4829292595386505,0.4697602689266205,-0.5158020853996277,1
0.7252012491226196,-0.061995476484298706,0.4442708492279053,0.5252695083618164,-0.4878356456756592,0.47827497124671936,-0.507307767868042,0.7094969153404236,-0.07493041455745697,0.019978148862719536,0,0.7239959836006165,-0.06260839104652405,0.4456269145011902,0.528870165348053,-0.4831292927265167,0.47011032700538635,-0.5156342387199402,1
0.725393533706665,-0.06212211772799492,0.44353243708610535,0.525387704372406,-0.4876377284526825,0.4779118001461029,-0.5077178478240967,0.7094969153404236,-0.07493041455745697,0.019978148862719536,0,0.7242609262466431,-0.06285737454891205,0.4433175027370453,0.5285400748252869,-0.48332923650741577,0.47046029567718506,-0.5154661536216736,1
0.7255939841270447,-0.062260985374450684,0.44263380765914917,0.525459349155426,-0.48748043179512024,0.47762176394462585,-0.5080674886703491,0.7094969153404236,-0.07493041455745697,0.019978148862719536,0,0.7245157361030579,-0.06310436874628067,0.44100791215896606,0.5282098650932312,-0.48352906107902527,0.47081008553504944,-0.5152976512908936,1
0.7258023023605347,-0.06241123005747795,0.44158631563186646,0.5254880785942078,-0.4873611629009247,0.4773998260498047,-0.5083606839179993,0.7094969153404236,-0.07493041455745697,0.019978148862719536,0,0.724760115146637,-0.06334894895553589,0.43869850039482117,0.5278797745704651,-0.48372870683670044,0.4711596667766571,-0.5151291489601135,1
0.7260170578956604,-0.06257200241088867,0.44040367007255554,0.5254777669906616,-0.4872762858867645,0.4772399067878723,-0.5086029171943665,0.7094969153404236,-0.07493041455745697,0.019978148862719536,0,0.7249943017959595,-0.06359095126390457,0.4363888204097748,0.5275493860244751,-0.483928382396698,0.4715093672275543,-0.5149599313735962,1
0.7262366414070129,-0.06274235248565674,0.4390985071659088,0.5254318118095398,-0.4872226417064667,0.4771365225315094,-0.5087985992431641,0.7094969153404236,-0.07493041455745697,0.019978148862719536,0,0.7252181768417358,-0.06383085995912552,0.43407952785491943,0.5272192358970642,-0.4841277301311493,0.4718586504459381,-0.5147908329963684,1
0.726459264755249,-0.0629206970334053,0.4376841187477112,0.5253546237945557,-0.48719674348831177,0.4770829379558563,-0.5089533925056458,0.7094969153404236,-0.07493041455745697,0.019978148862719536,0,0.7254317998886108,-0.06406810879707336,0.4317700266838074,0.526888906955719,-0.48432719707489014,0.4722078740596771,-0.5146211981773376,1
0.7266832590103149,-0.06310613453388214,0.43617135286331177,0.5252488851547241,-0.4871959090232849,0.47707483172416687,-0.5090709924697876,0.7094969153404236,-0.07493041455745697,0.019978148862719536,0,0.7256350517272949,-0.06430327892303467,0.42946115136146545,0.526558518409729,-0.4845261573791504,0.4725568890571594,-0.5144516825675964,1
0.7269071936607361,-0.06329776346683502,0.4345709979534149,0.5251180529594421,-0.48721712827682495,0.47710666060447693,-0.509155809879303,0.7094969153404236,-0.07493041455745697,0.019978148862719536,0,0.7258281707763672,-0.06453607976436615,0.4271523654460907,0.5262280106544495,-0.4847252368927002,0.47290581464767456,-0.5142814517021179,1
0.7271292805671692,-0.06349402666091919,0.4328926205635071,0.5249646902084351,-0.4872584044933319,0.47717395424842834,-0.5092113018035889,0.7094969153404236,-0.07493041455745697,0.019978148862719536,0,0.7260109186172485,-0.06476618349552155,0.42484423518180847,0.5258978009223938,-0.4849240779876709,0.4732542335987091,-0.5141112804412842,1
0.7273486256599426,-0.0636945366859436,0.4311445653438568,0.524791419506073,-0.4873170256614685,0.47727304697036743,-0.509240984916687,0.7094969153404236,-0.07493041455745697,0.019978148862719536,0,0.7261835932731628,-0.06499422341585159,0.42253577709198,0.5255671143531799,-0.4851229190826416,0.47360315918922424,-0.5139406323432922,1
0.7275639176368713,-0.0638982430100441,0.4293346107006073,0.5246005654335022,-0.48739147186279297,0.4774000644683838,-0.5092474222183228,0.7094969153404236,-0.07493041455745697,0.019978148862719536,0,0.7263457179069519,-0.06521952897310257,0.42022860050201416,0.5252367258071899,-0.48532143235206604,0.47395122051239014,-0.5137699246406555,1
0.7277741432189941,-0.06410481780767441,0.4274693727493286,0.5243937969207764,-0.48747947812080383,0.47755226492881775,-0.509233295917511,0.7094969153404236,-0.07493041455745697,0.019978148862719536,0,0.7264979481697083,-0.06544274836778641,0.4179213047027588,0.5249061584472656,-0.4855199158191681,0.47429949045181274,-0.5135987997055054,1
0.7279784679412842,-0.06431306898593903,0.42555510997772217,0.5241732597351074,-0.4875800907611847,0.47772637009620667,-0.509200930595398,0.7094969153404236,-0.07493041455745697,0.019978148862719536,0,0.7266395688056946,-0.06566327065229416,0.41561490297317505,0.5245756506919861,-0.4857182204723358,0.4746476411819458,-0.5134274959564209,1
0.7281762361526489,-0.06452318280935287,0.42359715700149536,0.5239399075508118,-0.48769134283065796,0.4779202342033386,-0.5091525316238403,0.7094969153404236,-0.07493041455745697,0.019978148862719536,0,0.7267712950706482,-0.0658816546201706,0.4133087992668152,0.5242449641227722,-0.485916405916214,0.474995493888855,-0.5132558345794678,1
0.7283667325973511,-0.06473387777805328,0.42160069942474365,0.5236957669258118,-0.487812340259552,0.4781312644481659,-0.5090896487236023,0.7094969153404236,-0.07493041455745697,0.019978148862719536,0,0.7268925309181213,-0.06609761714935303,0.411003440618515,0.5239142179489136,-0.48611438274383545,0.4753434658050537,-0.5130839943885803,1
0.7285494208335876,-0.0649455115199089,0.4195692837238312,0.5234415531158447,-0.4879419207572937,0.47835782170295715,-0.5090140104293823,0.7094969153404236,-0.07493041455745697,0.019978148862719536,0,0.727003812789917,-0.06631087511777878,0.40869858860969543,0.5235835313796997,-0.4863124191761017,0.4756910502910614,-0.5129116773605347,1
0.7287237644195557,-0.0651572048664093,0.41750776767730713,0.52317875623703,-0.4880789816379547,0.4785979390144348,-0.508927047252655,0.7094969153404236,-0.07493041455745697,0.019978148862719536,0,0.7271047234535217,-0.06652195751667023,0.40639448165893555,0.5232526659965515,-0.48651033639907837,0.4760386645793915,-0.5127391219139099,1
0.7288893461227417,-0.06536854803562164,0.41541892290115356,0.5229083895683289,-0.48822271823883057,0.47885021567344666,-0.5088298916816711,0.7094969153404236,-0.07493041455745697,0.019978148862719536,0,0.7271954417228699,-0.0667303130030632,0.4040912389755249,0.5229218006134033,-0.48670804500579834,0.47638607025146484,-0.5125663876533508,1
0.7290458679199219,-0.06557942181825638,0.41330620646476746,0.522631049156189,-0.48837247490882874,0.47911277413368225,-0.5087238550186157,0.7094969153404236,-0.07493041455745697,0.019978148862719536,0,0.7272759079933167,-0.06693650037050247,0.40178874135017395,0.5225908756256104,-0.48690566420555115,0.4767334461212158,-0.5123931765556335,1
0.7291931509971619,-0.0657898485660553,0.4111718535423279,0.5223473906517029,-0.4885275661945343,0.4793851375579834,-0.5086095929145813,0.7094969153404236,-0.07493041455745697,0.019978148862719536,0,0.7273461222648621,-0.06714022159576416,0.39948758482933044,0.5222600698471069,-0.4871028959751129,0.47708016633987427,-0.5122202038764954,1
0.729330837726593,-0.06599906086921692,0.40901872515678406,0.5220584869384766,-0.4886871874332428,0.4796658158302307,-0.5084884762763977,0.7094969153404236,-0.07493041455745697,0.019978148862719536,0,0.7274063229560852,-0.06734120845794678,0.3971870541572571,0.521929144859314,-0.48730018734931946,0.477427214384079,-0.5120465755462646,1
0.7294586300849915,-0.06620735675096512,0.4068491756916046,0.5217647552490234,-0.48885080218315125,0.47995367646217346,-0.5083609223365784,0.7094969153404236,-0.07493041455745697,0.019978148862719536,0,0.7274564504623413,-0.06754003465175629,0.3948872685432434,0.5215981006622314,-0.48749735951423645,0.47777408361434937,-0.5118727087974548,1
0.729576587677002,-0.06641444563865662,0.4046647548675537,0.5214665532112122,-0.4890180826187134,0.48024827241897583,-0.5082278251647949,0.7094969153404236,-0.07493041455745697,0.019978148862719536,0,0.7274962067604065,-0.06773607432842255,0.39258894324302673,0.521267294883728,-0.48769432306289673,0.4781205356121063,-0.5116984844207764,1
0.7296844720840454,-0.06661973148584366,0.4024670720100403,0.5211645364761353,-0.4891887903213501,0.48054856061935425,-0.5080893635749817,0.7094969153404236,-0.07493041455745697,0.019978148862719536,0,0.7275256514549255,-0.06792987138032913,0.39029181003570557,0.5209362506866455,-0.48789095878601074,0.47846686840057373,-0.5115243196487427,1
0.7297821640968323,-0.06682362407445908,0.4002583622932434,0.5208590626716614,-0.48936206102371216,0.48085400462150574,-0.5079467296600342,0.7094969153404236,-0.07493041455745697,0.019978148862719536,0,0.7275452613830566,-0.06812124699354172,0.3879953622817993,0.5206050276756287,-0.4880877733230591,0.4788133502006531,-0.5113495588302612,1
0.7298694849014282,-0.06702589988708496,0.39803946018218994,0.5205506086349487,-0.4895378351211548,0.48116400837898254,-0.5077999830245972,0.7094969153404236,-0.07493041455745697,0.019978148862719536,0,0.7275545597076416,-0.06830985099077225,0.38570043444633484,0.5202740430831909,-0.48828446865081787,0.47915926575660706,-0.511174738407135,1
0.7299464344978333,-0.06722628325223923,0.3958118259906769,0.5202395915985107,-0.48971572518348694,0.4814780056476593,-0.5076495409011841,0.7094969153404236,-0.07493041455745697,0.019978148862719536,0,0.7275537252426147,-0.0684962049126625,0.3834066092967987,0.5199427008628845,-0.488480806350708,0.47950536012649536,-0.5109995603561401,1
0.7300132513046265,-0.0674244686961174,0.39357638359069824,0.5199260115623474,-0.4898959696292877,0.4817952811717987,-0.5074958801269531,0.7094969153404236,-0.07493041455745697,0.019978148862719536,0,0.7275426983833313,-0.06867976486682892,0.3811143636703491,0.5196115970611572,-0.4886772036552429,0.4798511266708374,-0.5108240246772766,1
0.7300693988800049,-0.06762093305587769,0.3913348317146301,0.519610583782196,-0.49007725715637207,0.4821155071258545,-0.5073397755622864,0.7094969153404236,-0.07493041455745697,0.019978148862719536,0,0.7275217771530151,-0.06886111199855804,0.37882286310195923,0.5192801356315613,-0.48887357115745544,0.4801970422267914,-0.5106480717658997,1
0.7301150560379028,-0.06781542301177979,0.3890872597694397,0.5192931890487671,-0.49026012420654297,0.48243868350982666,-0.5071809887886047,0.7094969153404236,-0.07493041455745697,0.019978148862719536,0,0.7274905443191528,-0.06903965026140213,0.3765333890914917,0.5189489722251892,-0.48906955122947693,0.4805424213409424,-0.5104721784591675,1
0.7301503419876099,-0.06800764799118042,0.3868347704410553,0.5189740657806396,-0.49044451117515564,0.48276400566101074,-0.5070196986198425,0.7094969153404236,-0.07493041455745697,0.019978148862719536,0,0.727449357509613,-0.06921593099832535,0.37424495816230774,0.518617570400238,-0.4892655611038208,0.4808880090713501,-0.5102958083152771,1
0.7301751375198364,-0.0681975781917572,0.38457828760147095,0.5186534523963928,-0.49063000082969666,0.48309126496315,-0.5068566203117371,0.7094969153404236,-0.07493041455745697,0.019978148862719536,0,0.7273978590965271,-0.06938974559307098,0.37195852398872375,0.5182861685752869,-0.489461213350296,0.4812331199645996,-0.5101193189620972,1
0.7301894426345825,-0.06838549673557281,0.3823181390762329,0.5183315277099609,-0.4908163249492645,0.4834204912185669,-0.5066916346549988,0.7094969153404236,-0.07493041455745697,0.019978148862719536,0,0.727336585521698,-0.069560706615448,0.3696731925010681,0.5179547667503357,-0.48965689539909363,0.48157811164855957,-0.5099425315856934,1
0.7301933169364929,-0.06857087463140488,0.38005512952804565,0.5180084705352783,-0.4910034239292145,0.4837511479854584,-0.5065251588821411,0.7094969153404236,-0.07493041455745697,0.019978148862719536,0,0.7272650599479675,-0.06972901523113251,0.3673900365829468,0.5176234841346741,-0.4898524284362793,0.48192280530929565,-0.5097654461860657,1
0.7301867008209229,-0.06875423341989517,0.3777894079685211,0.5176843404769897,-0.4911912679672241,0.48408353328704834,-0.5063568353652954,0.7094969153404236,-0.07493041455745697,0.019978148862719536,0,0.7271836400032043,-0.0698949471116066,0.3651081323623657,0.5172921419143677,-0.4900478720664978,0.4822673499584198,-0.5095880627632141,1
0.7301695346832275,-0.06893496215343475,0.3755219280719757,0.51735919713974,-0.49137985706329346,0.4844169318675995,-0.5061872005462646,0.7094969153404236,-0.07493041455745697,0.019978148862719536,0,0.7270919680595398,-0.07005850225687027,0.3628280758857727,0.5169605016708374,-0.49024301767349243,0.4826120138168335,-0.509410560131073,1
0.7301419973373413,-0.06911369413137436,0.3732532262802124,0.5170333385467529,-0.49156874418258667,0.48475104570388794,-0.5060167908668518,0.7094969153404236,-0.07493041455745697,0.019978148862719536,0,0.7269905805587769,-0.07021960616111755,0.3605495095252991,0.5166289210319519,-0.4904381036758423,0.4829564094543457,-0.5092326998710632,1
0.7301041483879089,-0.06928953528404236,0.370982825756073,0.5167067646980286,-0.49175843596458435,0.48508647084236145,-0.5058447122573853,0.7094969153404236,-0.07493041455745697,0.019978148862719536,0,0.7268787622451782,-0.07037779688835144,0.3582732677459717,0.5162975192070007,-0.49063313007354736,0.4833005666732788,-0.5090545415878296,1
0.7300557494163513,-0.06946340203285217,0.3687119483947754,0.5163794159889221,-0.49194827675819397,0.485422283411026,-0.5056721568107605,0.7094969153404236,-0.07493041455745697,0.019978148862719536,0,0.7267571687698364,-0.07053374499082565,0.35599830746650696,0.5159656405448914,-0.4908279478549957,0.4836450219154358,-0.5088759064674377,1
0.7299970388412476,-0.06963459402322769,0.3664405941963196,0.5160516500473022,-0.49213844537734985,0.48575901985168457,-0.5054983496665955,0.7094969153404236,-0.07493041455745697,0.019978148862719536,0,0.7266256213188171,-0.07068683952093124,0.3537258505821228,0.5156341195106506,-0.49102267622947693,0.4839887320995331,-0.5086972713470459,1
0.7299280166625977,-0.06980320811271667,0.3641689419746399,0.5157232880592346,-0.4923289120197296,0.4860960841178894,-0.5053238868713379,0.7094969153404236,-0.07493041455745697,0.019978148862719536,0,0.7264841198921204,-0.07083761692047119,0.3514547049999237,0.5153023600578308,-0.49121734499931335,0.48433277010917664,-0.5085180997848511,1
0.7298486828804016,-0.06996956467628479,0.36189743876457214,0.5153945684432983,-0.4925195276737213,0.48643386363983154,-0.5051485300064087,0.7094969153404236,-0.07493041455745697,0.019978148862719536,0,0.726332426071167,-0.070985808968544,0.3491862416267395,0.5149706602096558,-0.4914115369319916,0.4846765100955963,-0.5083388686180115,1
0.7297589778900146,-0.0701335147023201,0.3596263825893402,0.5150652527809143,-0.4927102327346802,0.48677191138267517,-0.5049727559089661,0.7094969153404236,-0.07493041455745697,0.019978148862719536,0,0.7261710166931152,-0.07113121449947357,0.346919447183609,0.5146390199661255,-0.4916059076786041,0.4850199520587921,-0.5081593990325928,1
0.7296590209007263,-0.07029426097869873,0.35735592246055603,0.5147358775138855,-0.4929012954235077,0.48710983991622925,-0.5047960877418518,0.7094969153404236,-0.07493041455745697,0.019978148862719536,0,0.7259995341300964,-0.07127422839403152,0.3446550965309143,0.5143072009086609,-0.49180006980895996,0.4853632152080536,-0.5079796314239502,1
0.7295489311218262,-0.07045302540063858,0.35508596897125244,0.5144060850143433,-0.4930923283100128,0.487448513507843,-0.5046189427375793,0.7094969153404236,-0.07493041455745697,0.019978148862719536,0,0.7258181571960449,-0.07141439616680145,0.3423926532268524,0.5139752626419067,-0.491994172334671,0.48570650815963745,-0.5077994465827942,1
0.7294284105300903,-0.0706094428896904,0.3528173267841339,0.5140759348869324,-0.4932832419872284,0.4877869784832001,-0.5044415593147278,0.7094969153404236,-0.07493041455745697,0.019978148862719536,0,0.7256267666816711,-0.07155223935842514,0.34013280272483826,0.5136433839797974,-0.4921879768371582,0.48604944348335266,-0.5076192021369934,1
0.7292978167533875,-0.0707629919052124,0.35054919123649597,0.5137455463409424,-0.4934745728969574,0.4881260395050049,-0.504263162612915,0.7094969153404236,-0.07493041455745697,0.019978148862719536,0,0.725425660610199,-0.07168722152709961,0.337875097990036,0.5133116245269775,-0.4923818111419678,0.48639222979545593,-0.5074385404586792,1
0.7291569709777832,-0.07091419398784637,0.3482826352119446,0.5134148597717285,-0.4936656653881073,0.4884650409221649,-0.5040845274925232,0.7094969153404236,-0.07493041455745697,0.019978148862719536,0,0.7252146005630493,-0.07181987166404724,0.3356195092201233,0.5129795670509338,-0.4925753176212311,0.48673495650291443,-0.507257878780365,1
0.7290059924125671,-0.07106278836727142,0.3460174798965454,0.5130841135978699,-0.4938566982746124,0.48880407214164734,-0.5039054751396179,0.7094969153404236,-0.07493041455745697,0.019978148862719536,0,0.7249937653541565,-0.07194996625185013,0.33336639404296875,0.5126476883888245,-0.4927687644958496,0.487077534198761,-0.5070766806602478,1
0.7288450002670288,-0.07120882719755173,0.34375375509262085,0.5127530694007874,-0.4940478205680847,0.4891432523727417,-0.5037258267402649,0.7094969153404236,-0.07493041455745697,0.019978148862719536,0,0.724763035774231,-0.07207708060741425,0.3311156630516052,0.5123156309127808,-0.49296218156814575,0.48741987347602844,-0.5068951845169067,1
0.7286738753318787,-0.07135219126939774,0.34149202704429626,0.5124220848083496,-0.4942389130592346,0.4894821047782898,-0.5035461783409119,0.7094969153404236,-0.07493041455745697,0.019978148862719536,0,0.7245222330093384,-0.07220186293125153,0.3288678228855133,0.5119835138320923,-0.49315527081489563,0.4877621829509735,-0.5067135691642761,1
0.7284926772117615,-0.07149291038513184,0.33923158049583435,0.5120907425880432,-0.49442988634109497,0.4898213744163513,-0.503365695476532,0.7094969153404236,-0.07493041455745697,0.019978148862719536,0,0.7242718935012817,-0.07232380658388138,0.3266220688819885,0.5116515755653381,-0.4933484196662903,0.4881041944026947,-0.5065315961837769,1
0.7283014059066772,-0.07163134962320328,0.33697330951690674,0.511759340763092,-0.49462077021598816,0.4901602864265442,-0.5031852722167969,0.7094969153404236,-0.07493041455745697,0.019978148862719536,0,0.7240116000175476,-0.07244336605072021,0.32437893748283386,0.5113193988800049,-0.493541419506073,0.48844626545906067,-0.5063492059707642,1
0.7281001806259155,-0.07176710665225983,0.3347172141075134,0.5114279985427856,-0.49481138586997986,0.4904991686344147,-0.5030045509338379,0.7094969153404236,-0.07493041455745697,0.019978148862719536,0,0.7237415313720703,-0.07256031781435013,0.3221384882926941,0.5109871029853821,-0.4937341511249542,0.4887881278991699,-0.5061668157577515,1
0.7278888821601868,-0.07190000265836716,0.33246302604675293,0.5110965371131897,-0.49500223994255066,0.4908379316329956,-0.5028232336044312,0.7094969153404236,-0.07493041455745697,0.019978148862719536,0,0.7234618067741394,-0.07267434895038605,0.31990090012550354,0.5106550455093384,-0.49392688274383545,0.48912960290908813,-0.5059840083122253,1
0.7276676297187805,-0.07203055173158646,0.33021098375320435,0.5107648372650146,-0.49519285559654236,0.491176575422287,-0.5026417374610901,0.7094969153404236,-0.07493041455745697,0.019978148862719536,0,0.7231721878051758,-0.07278603315353394,0.317665696144104,0.510322630405426,-0.4941195249557495,0.4894711971282959,-0.5058007836341858,1
0.7274366021156311,-0.07215847820043564,0.3279612958431244,0.5104331374168396,-0.4953831732273102,0.491515189409256,-0.5024601817131042,0.7094969153404236,-0.07493041455745697,0.019978148862719536,0,0.7228728532791138,-0.07289481908082962,0.3154337406158447,0.5099905729293823,-0.49431174993515015,0.48981237411499023,-0.5056177377700806,1
0.7271955013275146,-0.07228374481201172,0.32571372389793396,0.5101014375686646,-0.49557361006736755,0.49185362458229065,-0.5022781491279602,0.7094969153404236,-0.07493041455745697,0.019978148862719536,0,0.7225639224052429,-0.0730011910200119,0.3132040500640869,0.50965815782547,-0.4945041537284851,0.4901536703109741,-0.505433976650238,1
0.7269444465637207,-0.07240638881921768,0.3234688937664032,0.5097696185112,-0.49576377868652344,0.49219194054603577,-0.5020958185195923,0.7094969153404236,-0.07493041455745697,0.019978148862719536,0,0.7222450971603394,-0.07310494035482407,0.3109776973724365,0.5093259215354919,-0.4946962594985962,0.49049457907676697,-0.5052502155303955,1
0.7266836166381836,-0.07252636551856995,0.3212266266345978,0.5094380974769592,-0.4959537982940674,0.4925297796726227,-0.50191330909729,0.7094969153404236,-0.07493041455745697,0.019978148862719536,0,0.7219167351722717,-0.07320577651262283,0.3087541460990906,0.5089935660362244,-0.4948881268501282,0.49083542823791504,-0.5050660967826843,1
0.7264129519462585,-0.07264377176761627,0.318986713886261,0.5091061592102051,-0.496143639087677,0.49286791682243347,-0.5017306208610535,0.7094969153404236,-0.07493041455745697,0.019978148862719536,0,0.7215785980224609,-0.07330422848463058,0.3065336048603058,0.508661150932312,-0.49507996439933777,0.491176038980484,-0.5048817992210388,1
0.7261322140693665,-0.07275880873203278,0.3167494833469391,0.5087740421295166,-0.4963334798812866,0.4932059347629547,-0.5015475153923035,0.7094969153404236,-0.07493041455745697,0.019978148862719536,0,0.7212308049201965,-0.07339970767498016,0.30431586503982544,0.5083287954330444,-0.4952719509601593,0.49151670932769775,-0.5046968460083008,1
0.7258420586585999,-0.07287091761827469,0.31451496481895447,0.5084424018859863,-0.49652299284935,0.4935433864593506,-0.5013642907142639,0.7094969153404236,-0.07493041455745697,0.019978148862719536,0,0.7208735346794128,-0.0734928697347641,0.3021014630794525,0.5079963207244873,-0.4954633414745331,0.49185705184936523,-0.5045121312141418,1
0.7255417108535767,-0.0729803517460823,0.31228315830230713,0.5081104040145874,-0.49671265482902527,0.4938809871673584,-0.5011805891990662,0.7094969153404236,-0.07493041455745697,0.019978148862719536,0,0.7205065488815308,-0.07358333468437195,0.29988980293273926,0.5076636672019958,-0.4956549108028412,0.49219751358032227,-0.504326581954956,1
0.7252318263053894,-0.0730874240398407,0.31005483865737915,0.5077782869338989,-0.49690181016921997,0.49421805143356323,-0.5009971857070923,0.7094969153404236,-0.07493041455745697,0.019978148862719536,0,0.7201298475265503,-0.07367086410522461,0.297681987285614,0.5073313117027283,-0.4958462119102478,0.4925372302532196,-0.5041412711143494,1
0.724912166595459,-0.07319161295890808,0.30782878398895264,0.5074464678764343,-0.49709099531173706,0.49455517530441284,-0.5008131861686707,0.7094969153404236,-0.07493041455745697,0.019978148862719536,0,0.7197437286376953,-0.07375602424144745,0.29547691345214844,0.5069986581802368,-0.4960373342037201,0.49287742376327515,-0.5039554834365845,1
0.7245827913284302,-0.07329311966896057,0.3056061267852783,0.5071144700050354,-0.4972800612449646,0.4948917329311371,-0.5006290674209595,0.7094969153404236,-0.07493041455745697,0.019978148862719536,0,0.7193478345870972,-0.07383816689252853,0.2932755947113037,0.5066662430763245,-0.4962284564971924,0.49321696162223816,-0.5037695169448853,1
0.724243700504303,-0.07339228689670563,0.30338624119758606,0.5067825317382812,-0.4974687397480011,0.4952285587787628,-0.5004448294639587,0.7094969153404236,-0.07493041455745697,0.019978148862719536,0,0.7189427018165588,-0.07391801476478577,0.2910771071910858,0.506333589553833,-0.49641934037208557,0.4935566186904907,-0.5035830736160278,1
0.7238949537277222,-0.07348847389221191,0.30116936564445496,0.5064504742622375,-0.4976576566696167,0.49556487798690796,-0.5002601742744446,0.7094969153404236,-0.07493041455745697,0.019978148862719536,0,0.7185279130935669,-0.07399516552686691,0.2888823449611664,0.5060009956359863,-0.49660977721214294,0.49389615654945374,-0.5033966302871704,1
0.7235365509986877,-0.07358229905366898,0.29895588755607605,0.5061185956001282,-0.49784600734710693,0.49590107798576355,-0.5000754594802856,0.7094969153404236,-0.07493041455745697,0.019978148862719536,0,0.7181037664413452,-0.07406933605670929,0.2866905629634857,0.5056684017181396,-0.49680060148239136,0.4942353367805481,-0.50320965051651,1
0.7231684923171997,-0.07367321848869324,0.296745240688324,0.5057865977287292,-0.49803441762924194,0.49623703956604004,-0.4998903274536133,0.7094969153404236,-0.07493041455745697,0.019978148862719536,0,0.7176697850227356,-0.07414107769727707,0.284502774477005,0.5053356885910034,-0.4969910681247711,0.49457448720932007,-0.5030225515365601,1
0.7227909564971924,-0.07376176118850708,0.2945380210876465,0.505454421043396,-0.49822255969047546,0.496572881937027,-0.49970537424087524,0.7094969153404236,-0.07493041455745697,0.019978148862719536,0,0.7172266244888306,-0.07420991361141205,0.28231802582740784,0.5050029754638672,-0.49718141555786133,0.4949134290218353,-0.5028351545333862,1
0.7224037647247314,-0.07384733855724335,0.2923341393470764,0.5051225423812866,-0.4984106123447418,0.49690842628479004,-0.4995197355747223,0.7094969153404236,-0.07493041455745697,0.019978148862719536,0,0.7167739868164062,-0.07427633553743362,0.28013715147972107,0.5046702027320862,-0.497371643781662,0.49525225162506104,-0.5026475787162781,1
0.7220069169998169,-0.07393056899309158,0.29013362526893616,0.5047904849052429,-0.49859845638275146,0.49724388122558594,-0.49933409690856934,0.7094969153404236,-0.07493041455745697,0.019978148862719536,0,0.7163119316101074,-0.07433973997831345,0.2779598832130432,0.5043374300003052,-0.4975617825984955,0.4955908954143524,-0.5024596452713013,1
0.7216005921363831,-0.07401078939437866,0.2879367768764496,0.5044585466384888,-0.498786062002182,0.49757906794548035,-0.49914833903312683,0.7094969153404236,-0.07493041455745697,0.019978148862719536,0,0.7158404588699341,-0.07440084218978882,0.2757861614227295,0.5040045976638794,-0.4977516531944275,0.49592941999435425,-0.5022714138031006,1
0.7211848497390747,-0.0740886926651001,0.2857430875301361,0.5041265487670898,-0.498973548412323,0.4979138672351837,-0.49896240234375,0.7094969153404236,-0.07493041455745697,0.019978148862719536,0,0.7153594493865967,-0.07445908337831497,0.2736164331436157,0.5036717653274536,-0.4979414641857147,0.496267706155777,-0.502082884311676,1
0.7207595109939575,-0.07416391372680664,0.2835530638694763,0.5037946701049805,-0.4991607666015625,0.4982485771179199,-0.4987761974334717,0.7094969153404236,-0.07493041455745697,0.019978148862719536,0,0.7148692011833191,-0.0745144858956337,0.27145013213157654,0.5033388733863831,-0.49813124537467957,0.49660608172416687,-0.5018940567970276,1
0.7203247547149658,-0.07423616200685501,0.2813667058944702,0.5034627318382263,-0.49934786558151245,0.4985828995704651,-0.4985899329185486,0.7094969153404236,-0.07493041455745697,0.019978148862719536,0,0.7143697142601013,-0.07456745207309723,0.2692878246307373,0.5030059814453125,-0.49832072854042053,0.49694401025772095,-0.5017051100730896,1
0.7198805212974548,-0.07430604100227356,0.27918383479118347,0.5031307339668274,-0.49953487515449524,0.49891719222068787,-0.4984034299850464,0.7094969153404236,-0.07493041455745697,0.019978148862719536,0,0.7138608694076538,-0.0746174231171608,0.2671293020248413,0.5026730895042419,-0.4985102117061615,0.49728184938430786,-0.5015156865119934,1
0.7194268107414246,-0.07437291741371155,0.2770051062107086,0.5027990937232971,-0.49972161650657654,0.49925097823143005,-0.4982166588306427,0.7094969153404236,-0.07493041455745697,0.019978148862719536,0,0.7133426666259766,-0.07466496527194977,0.26497507095336914,0.5023400783538818,-0.4986993670463562,0.4976194202899933,-0.5013263821601868,1
0.7189637422561646,-0.07443748414516449,0.2748293876647949,0.5024669170379639,-0.4999081790447235,0.4995848834514618,-0.4980296790599823,0.7094969153404236,-0.07493041455745697,0.019978148862719536,0,0.7128152251243591,-0.07470984756946564,0.26282432675361633,0.5020071268081665,-0.49888846278190613,0.4979570508003235,-0.5011365413665771,1
0.7184913158416748,-0.07449903339147568,0.27265802025794983,0.5021353363990784,-0.5000945925712585,0.49991825222969055,-0.49784260988235474,0.7094969153404236,-0.07493041455745697,0.019978148862719536,0,0.7122786641120911,-0.07475175708532333,0.2606778144836426,0.5016742944717407,-0.4990774095058441,0.49829408526420593,-0.500946581363678,1
0.7180094122886658,-0.07455815374851227,0.2704901099205017,0.5018033981323242,-0.5002809762954712,0.5002516508102417,-0.49765506386756897,0.7094969153404236,-0.07493041455745697,0.019978148862719536,0,0.7117326855659485,-0.07479122281074524,0.25853532552719116,0.5013411641120911,-0.49926623702049255,0.49863141775131226,-0.5007563829421997,1
0.7175183296203613,-0.07461439818143845,0.2683258652687073,0.5014713406562805,-0.5004671812057495,0.5005849599838257,-0.49746736884117126,0.7094969153404236,-0.07493041455745697,0.019978148862719536,0,0.7111777067184448,-0.0748276636004448,0.25639694929122925,0.5010082721710205,-0.49945497512817383,0.49896836280822754,-0.5005656480789185,1
0.7170178294181824,-0.07466819882392883,0.2661658823490143,0.5011396408081055,-0.5006529092788696,0.5009178519248962,-0.4972795844078064,0.7094969153404236,-0.07493041455745697,0.019978148862719536,0,0.710613489151001,-0.07486175000667572,0.2542625367641449,0.5006750822067261,-0.49964362382888794,0.4993053376674652,-0.5003746747970581,1
0.716508150100708,-0.07471931725740433,0.26401007175445557,0.5008077621459961,-0.5008386969566345,0.5012503266334534,-0.4970918595790863,0.7094969153404236,-0.07493041455745697,0.019978148862719536,0,0.7100399732589722,-0.0748927965760231,0.2521326541900635,0.5003419518470764,-0.4998320937156677,0.49964213371276855,-0.5001834630966187,1
0.7159891128540039,-0.07476750016212463,0.2618584632873535,0.500476062297821,-0.5010241270065308,0.5015827417373657,-0.4969036877155304,0.7094969153404236,-0.07493041455745697,0.019978148862719536,0,0.709457516670227,-0.07492149621248245,0.2500065565109253,0.5000088810920715,-0.5000202059745789,0.4999787509441376,-0.4999919533729553,1
0.7154609560966492,-0.07481330633163452,0.25971007347106934,0.5001441240310669,-0.501209557056427,0.5019149780273438,-0.4967152178287506,0.7094969153404236,-0.07493041455745697,0.019978148862719536,1,0.7154609560966492,-0.07481330633163452,0.25971007347106934,0.5001441240310669,-0.501209557056427,0.5019149780273438,-0.4967152178287506,0
0.7153821587562561,-0.07484766840934753,0.2580556869506836,0.49969491362571716,-0.5016140937805176,0.5026364922523499,-0.4960288405418396,0.7094969153404236,-0.07493041455745697,0.019978148862719536,1,0.7154609560966492,-0.07481330633163452,0.25971007347106934,0.5001441240310669,-0.501209557056427,0.5019149780273438,-0.4967152178287506,0
0.7154852151870728,-0.07488568127155304,0.2569045424461365,0.4993365406990051,-0.5019587278366089,0.5032433271408081,-0.4954254925251007,0.7094969153404236,-0.07493041455745697,0.019978148862719536,1,0.7154609560966492,-0.07481330633163452,0.25971007347106934,0.5001441240310669,-0.501209557056427,0.5019149780273438,-0.4967152178287506,0
0.7155784368515015,-0.07491567730903625,0.25599920749664307,0.4990611672401428,-0.5022249221801758,0.5037113428115845,-0.4949573874473572,0.7094969153404236,-0.07493041455745697,0.019978148862719536,1,0.7154609560966492,-0.07481330633163452,0.25971007347106934,0.5001441240310669,-0.501209557056427,0.5019149780273438,-0.4967152178287506,0
0.7156584858894348,-0.07493831217288971,0.25524985790252686,0.4988352060317993,-0.5024448037147522,0.5040953755378723,-0.4945709705352783,0.7094969153404236,-0.07493041455745697,0.019978148862719536,1,0.7154609560966492,-0.07481330633163452,0.25971007347106934,0.5001441240310669,-0.501209557056427,0.5019149780273438,-0.4967152178287506,0
0.715728223323822,-0.07495550811290741,0.25461024045944214,0.4986438751220703,-0.5026324391365051,0.504421055316925,-0.49424096941947937,0.7094969153404236,-0.07493041455745697,0.019978148862719536,1,0.7154609560966492,-0.07481330633163452,0.25971007347106934,0.5001441240310669,-0.501209557056427,0.5019149780273438,-0.4967152178287506,0
0.7157896757125854,-0.0749688595533371,0.25405338406562805,0.4984780251979828,-0.5027959942817688,0.5047032833099365,-0.49395379424095154,0.7094969153404236,-0.07493041455745697,0.019978148862719536,1,0.7154609560966492,-0.07481330633163452,0.25971007347106934,0.5001441240310669,-0.501209557056427,0.5019149780273438,-0.4967152178287506,0
0.7158435583114624,-0.07498827576637268,0.25357291102409363,0.4983294606208801,-0.5029374361038208,0.5049456357955933,-0.49371203780174255,0.7094048857688904,-0.07351558655500412,0.02047022618353367,1,0.7154609560966492,-0.07481330633163452,0.25971007347106934,0.5001441240310669,-0.501209557056427,0.5019149780273438,-0.4967152178287506,0
0.7158917188644409,-0.07499814033508301,0.25314316153526306,0.4982025921344757,-0.5030625462532043,0.50516277551651,-0.4934903085231781,0.7093110680580139,-0.07295441627502441,0.02034711465239525,1,0.7158917188644409,-0.07499814033508301,0.25314316153526306,0.4982025921344757,-0.5030625462532043,0.50516277551651,-0.4934903085231781,0
0.7159546613693237,-0.07500282675027847,0.2524683475494385,0.49801602959632874,-0.5032516717910767,0.5054808259010315,-0.4931599497795105,0.7091623544692993,-0.07306913286447525,0.019844722002744675,1,0.7189977169036865,-0.0739552229642868,0.26071876287460327,0.5019251108169556,-0.5008314847946167,0.5011816620826721,-0.4960402548313141,0
0.716307520866394,-0.07496615499258041,0.25207141041755676,0.49800077080726624,-0.5033678412437439,0.5056979060173035,-0.49283432960510254,0.7093074917793274,-0.07315793633460999,0.019674507901072502,1,0.7219762802124023,-0.07286433130502701,0.26834797859191895,0.5056419968605042,-0.49858078360557556,0.49717769026756287,-0.4985554814338684,0
0.716945469379425,-0.07486080378293991,0.25223180651664734,0.49827006459236145,-0.5033173561096191,0.5056318044662476,-0.4926815330982208,0.7098555564880371,-0.07318625599145889,0.019875066354870796,1,0.7248260974884033,-0.07172666490077972,0.2760273814201355,0.5093526244163513,-0.4963107109069824,0.4931519329547882,-0.5010356307029724,0
0.717835545539856,-0.07467515021562576,0.2530365586280823,0.4988515377044678,-0.5030739307403564,0.5052265524864197,-0.49275729060173035,0.7109347581863403,-0.07311218976974487,0.020548896864056587,1,0.727546215057373,-0.07054243981838226,0.283755362033844,0.5130569934844971,-0.49402132630348206,0.48910394310951233,-0.5034806728363037,0
0.7189464569091797,-0.07440444827079773,0.2544909715652466,0.4997405707836151,-0.5026375651359558,0.5044755935668945,-0.49307122826576233,0.7125903964042664,-0.07293232530355453,0.021743567660450935,1,0.7301352024078369,-0.06931324303150177,0.2915298044681549,0.5167545080184937,-0.4917124807834625,0.48503395915031433,-0.5058910250663757,0
0.7202463150024414,-0.074050173163414,0.2565678060054779,0.5009169578552246,-0.502018392086029,0.5033940076828003,-0.49361321330070496,0.714695394039154,-0.07265379279851913,0.02353127859532833,1,0.732591986656189,-0.0680386871099472,0.29934751987457275,0.5204451084136963,-0.48938459157943726,0.4809424579143524,-0.5082656741142273,0
0.7217064499855042,-0.07361569255590439,0.25922247767448425,0.5023563504219055,-0.5012300610542297,0.5020056366920471,-0.4943651258945465,0.7171874046325684,-0.07228605449199677,0.025888238102197647,1,0.7349157333374023,-0.06672055274248123,0.30720704793930054,0.524128258228302,-0.4870373010635376,0.47682926058769226,-0.51060551404953,0
0.7232996821403503,-0.0731038749217987,0.2624063193798065,0.5040335059165955,-0.5002862215042114,0.5003368258476257,-0.49530479311943054,0.720018208026886,-0.0718294009566307,0.028775004670023918,1,0.7371054291725159,-0.06535907089710236,0.3151054382324219,0.5278039574623108,-0.48467114567756653,0.4726947546005249,-0.5129098892211914,0
0.7250004410743713,-0.07251796126365662,0.26607054471969604,0.5059241652488708,-0.4992014765739441,0.4984140396118164,-0.4964090883731842,0.7231429815292358,-0.07130131125450134,0.032149799168109894,1,0.7391600012779236,-0.06395560503005981,0.3230404257774353,0.5314715504646301,-0.4822857975959778,0.4685390591621399,-0.5151790380477905,0
0.7267846465110779,-0.0718611627817154,0.2701716721057892,0.5080054402351379,-0.4979877471923828,0.4962612986564636,-0.4976578652858734,0.7265195250511169,-0.07069983333349228,0.03597335144877434,1,0.7410784959793091,-0.06251075863838196,0.3310098350048065,0.5351309180259705,-0.4798814654350281,0.464362233877182,-0.5174130201339722,0
0.7286304235458374,-0.07113596796989441,0.2746679186820984,0.5102566480636597,-0.49665677547454834,0.49390101432800293,-0.4990309178829193,0.7301088571548462,-0.07002546638250351,0.04021032154560089,1,0.7428601980209351,-0.061025120317935944,0.3390110433101654,0.5387818813323975,-0.47745850682258606,0.46016454696655273,-0.5196114778518677,0
0.7305169701576233,-0.07034454494714737,0.27952244877815247,0.51265949010849,-0.49521878361701965,0.49135276675224304,-0.5005106925964355,0.7338749170303345,-0.06927222013473511,0.044829051941633224,1,0.7445040941238403,-0.05950010195374489,0.34704193472862244,0.542423665523529,-0.4750165641307831,0.45594626665115356,-0.5217745900154114,0
0.7324257493019104,-0.06948874890804291,0.2847018241882324,0.5151968002319336,-0.4936831295490265,0.4886346161365509,-0.5020809769630432,0.7377849221229553,-0.06844945251941681,0.049799785017967224,1,0.746009886264801,-0.0579361617565155,0.3550995886325836,0.54605633020401,-0.4725559651851654,0.4517074525356293,-0.5239022374153137,0
0.7343392372131348,-0.06857039034366608,0.2901762127876282,0.5178536176681519,-0.4920579791069031,0.4857621192932129,-0.5037278532981873,0.7418088912963867,-0.06755898147821426,0.055095452815294266,1,0.7473762631416321,-0.056334611028432846,0.36318153142929077,0.5496792197227478,-0.4700769782066345,0.44744881987571716,-0.5259941220283508,0
0.7362418174743652,-0.06759137660264969,0.2959180176258087,0.5206161141395569,-0.49035054445266724,0.4827499985694885,-0.5054380297660828,0.7459196448326111,-0.0666058138012886,0.06069205701351166,1,0.7486028671264648,-0.0546959713101387,0.37128615379333496,0.5532925128936768,-0.46757927536964417,0.4431694447994232,-0.5280510187149048,0
0.7381193041801453,-0.06655318289995193,0.3019030690193176,0.5234726071357727,-0.488567054271698,0.47961029410362244,-0.5072005987167358,0.7500922679901123,-0.06558611989021301,0.06656724959611893,1,0.749688982963562,-0.05302164703607559,0.3794105052947998,0.5568954944610596,-0.4650629758834839,0.43887031078338623,-0.5300721526145935,0
0.7399585247039795,-0.06545733660459518,0.30810874700546265,0.5264116525650024,-0.4867141544818878,0.47635480761528015,-0.509005069732666,0.7543043494224548,-0.06449919193983078,0.07270114868879318,1,0.7506338953971863,-0.05131210386753082,0.3875519037246704,0.5604882836341858,-0.4625283479690552,0.4345513880252838,-0.5320576429367065,0
0.7417479753494263,-0.06430558115243912,0.3145154118537903,0.5294237732887268,-0.4847964346408844,0.47299325466156006,-0.5108426809310913,0.7585046887397766,-0.06330980360507965,0.07908518612384796,1,0.7514373064041138,-0.04956885427236557,0.3957083523273468,0.564069926738739,-0.45997554063796997,0.43021291494369507,-0.5340077877044678,0
0.7434766888618469,-0.0630989670753479,0.3211049437522888,0.532500147819519,-0.4828185439109802,0.46953481435775757,-0.5127054452896118,0.7627285122871399,-0.062091659754514694,0.08568887412548065,1,0.752098560333252,-0.04779231175780296,0.403876930475235,0.5676408410072327,-0.4574044346809387,0.42585489153862,-0.5359221696853638,0
0.7451355457305908,-0.061839453876018524,0.32786059379577637,0.5356329679489136,-0.48078474402427673,0.46598702669143677,-0.5145865082740784,0.7669500708580017,-0.06082027405500412,0.0924987718462944,1,0.752617359161377,-0.045984189957380295,0.41205498576164246,0.571199893951416,-0.4548153877258301,0.4214782416820526,-0.5378007888793945,0
0.7467155456542969,-0.0605279803276062,0.33476656675338745,0.5388149619102478,-0.4786991775035858,0.4623579680919647,-0.5164790749549866,0.7711397409439087,-0.05948222801089287,0.09950090199708939,1,0.7529930472373962,-0.04414471238851547,0.4202411472797394,0.5747476816177368,-0.4522080421447754,0.41708192229270935,-0.5396439433097839,0
0.7482093572616577,-0.05916609615087509,0.3418101370334625,0.5420401096343994,-0.4765646755695343,0.4586532413959503,-0.5183780193328857,0.7752830982208252,-0.05807836353778839,0.1066821739077568,1,0.753225564956665,-0.04227560758590698,0.4284316301345825,0.5782829523086548,-0.4495829939842224,0.4126671552658081,-0.5414513945579529,0
0.7496098279953003,-0.057755474001169205,0.3489777445793152,0.5453022122383118,-0.4743848145008087,0.45487910509109497,-0.5202783346176147,0.7793683409690857,-0.056610625237226486,0.11403076350688934,1,0.7533144950866699,-0.04037733003497124,0.43662458658218384,0.5818061828613281,-0.44694018363952637,0.4082337021827698,-0.543222963809967,0
0.7509108781814575,-0.056297384202480316,0.35625797510147095,0.5485965013504028,-0.4721617102622986,0.45104047656059265,-0.5221758484840393,0.7833811044692993,-0.05507280305027962,0.12153366208076477,1,0.7532594203948975,-0.038451652973890305,0.4448178708553314,0.5853165984153748,-0.44427934288978577,0.4037816822528839,-0.544959306716919,0
0.7521070241928101,-0.054793283343315125,0.36363914608955383,0.5519179701805115,-0.4698985517024994,0.4471425414085388,-0.524066150188446,0.787309467792511,-0.053436342626810074,0.12921865284442902,1,0.7530604600906372,-0.036498770117759705,0.4530079960823059,0.5888139009475708,-0.4416012465953827,0.39931154251098633,-0.5466595888137817,0
0.7531930208206177,-0.05324438214302063,0.37111324071884155,0.5552630424499512,-0.46759673953056335,0.4431888163089752,-0.5259465575218201,0.7911568284034729,-0.05179201811552048,0.1370103508234024,1,0.7527171969413757,-0.03452051803469658,0.4611935019493103,0.5922982096672058,-0.43890514969825745,0.39482325315475464,-0.548324465751648,0
0.754164457321167,-0.05165226757526398,0.37866997718811035,0.558627724647522,-0.4652586877346039,0.43918296694755554,-0.5278140306472778,0.794910192489624,-0.0500977523624897,0.14492255449295044,1,0.7522295713424683,-0.03251732513308525,0.46937140822410583,0.5957688093185425,-0.4361917972564697,0.3903169631958008,-0.5499535202980042,0
0.7550178170204163,-0.050018638372421265,0.3863004446029663,0.5620080828666687,-0.4628864824771881,0.4351290166378021,-0.5296655297279358,0.7985612154006958,-0.04834394529461861,0.15295344591140747,1,0.7515974640846252,-0.030490923672914505,0.4775393605232239,0.5992252230644226,-0.43346112966537476,0.3857930898666382,-0.5515471696853638,0
0.7557494044303894,-0.048344746232032776,0.3939967155456543,0.5654014945030212,-0.4604814648628235,0.4310303032398224,-0.5314986705780029,0.8021007180213928,-0.04651067033410072,0.16111217439174652,1,0.7508211135864258,-0.0284418985247612,0.4856947660446167,0.6026676893234253,-0.43071314692497253,0.38125163316726685,-0.553104817867279,0
0.7563559412956238,-0.04663167893886566,0.401752233505249,0.5688053965568542,-0.458045095205307,0.42688843607902527,-0.5333117246627808,0.8055267930030823,-0.044646549969911575,0.1693556159734726,1,0.7499002814292908,-0.026371777057647705,0.4938352108001709,0.6060954928398132,-0.4279479384422302,0.3766930401325226,-0.5546270608901978,0
0.7568347454071045,-0.04488116502761841,0.40955984592437744,0.5722169280052185,-0.4555785059928894,0.422706663608551,-0.5351028442382812,0.8088339567184448,-0.042730662971735,0.17769545316696167,1,0.7488354444503784,-0.024281220510601997,0.5019577741622925,0.6095084547996521,-0.4251657724380493,0.37211766839027405,-0.5561131834983826,0
0.7571833729743958,-0.04309457167983055,0.4174124002456665,0.5756337642669678,-0.4530835449695587,0.41848722100257874,-0.5368700623512268,0.8120126724243164,-0.040738534182310104,0.18613755702972412,1,0.7476261258125305,-0.02217181958258152,0.5100612640380859,0.612906277179718,-0.422366201877594,0.3675248622894287,-0.5575643181800842,0
0.7573996782302856,-0.04127296060323715,0.4253048896789551,0.579054057598114,-0.4505605101585388,0.4142315089702606,-0.5386127233505249,0.8150656819343567,-0.038721684366464615,0.19464966654777527,1,0.7462730407714844,-0.020044447854161263,0.5181418061256409,0.6162886023521423,-0.4195500314235687,0.3629158139228821,-0.5589795112609863,0
0.7574817538261414,-0.03941807895898819,0.4332309365272522,0.5824760794639587,-0.4480108618736267,0.4099419414997101,-0.5403290390968323,0.8179821968078613,-0.036636367440223694,0.20324432849884033,1,0.7447760105133057,-0.01789991930127144,0.5261980295181274,0.619655430316925,-0.41671690344810486,0.35828977823257446,-0.5603592991828918,0
0.7574280500411987,-0.03753172978758812,0.44118475914001465,0.5858972668647766,-0.4454355239868164,0.40562039613723755,-0.5420179963111877,0.8207611441612244,-0.034500204026699066,0.21191348135471344,1,0.7431356906890869,-0.01573994755744934,0.5342267155647278,0.6230059862136841,-0.4138670861721039,0.35364773869514465,-0.5617035031318665,0
0.7572370767593384,-0.03561427444219589,0.44916224479675293,0.5893170237541199,-0.44283515214920044,0.40126773715019226,-0.5436788201332092,0.8234006762504578,-0.03232190012931824,0.22064758837223053,1,0.7413524389266968,-0.0135651845484972,0.5422254204750061,0.6263402104377747,-0.4110007882118225,0.3489896357059479,-0.5630119442939758,0
0.7569074630737305,-0.033667586743831635,0.4571583867073059,0.5927335023880005,-0.44021040201187134,0.39688533544540405,-0.5453107357025146,0.8259003758430481,-0.03011838160455227,0.22943349182605743,1,0.7394260764122009,-0.011377159506082535,0.5501925349235535,0.6296578049659729,-0.40811780095100403,0.34431537985801697,-0.5642852187156677,0
0.7564383745193481,-0.031693074852228165,0.4651675820350647,0.5961450338363647,-0.43756237626075745,0.3924754858016968,-0.5469123721122742,0.8282536268234253,-0.027855340391397476,0.23828233778476715,1,0.7373577356338501,-0.009176581166684628,0.5581247210502625,0.6329582929611206,-0.4052186608314514,0.33962559700012207,-0.5655227899551392,0
0.7558286190032959,-0.02969188429415226,0.4731869101524353,0.5995512008666992,-0.4348910450935364,0.38803789019584656,-0.5484839081764221,0.8304619789123535,-0.025569574907422066,0.2471698820590973,1,0.7351473569869995,-0.006965053733438253,0.5660200715065002,0.6362414956092834,-0.40230312943458557,0.3349204361438751,-0.5667248964309692,0
0.7550779581069946,-0.027665872126817703,0.48121070861816406,0.6029500365257263,-0.43219754099845886,0.3835746645927429,-0.5500243902206421,0.8325209021568298,-0.023240091279149055,0.2561016380786896,1,0.7327955961227417,-0.004743220284581184,0.5738762617111206,0.6395074129104614,-0.39937129616737366,0.33019956946372986,-0.5678916573524475,0
0.7541850209236145,-0.025615617632865906,0.4892358183860779,0.6063411831855774,-0.4294823110103607,0.37908652424812317,-0.551533043384552,0.8344286680221558,-0.02086716517806053,0.2650738060474396,1,0.7303030490875244,-0.0025127260014414787,0.5816905498504639,0.6427551507949829,-0.3964235186576843,0.32546401023864746,-0.569023072719574,0
0.7531499266624451,-0.023542722687125206,0.4972584843635559,0.6097232699394226,-0.4267454743385315,0.3745737075805664,-0.5530102252960205,0.8361836671829224,-0.018452899530529976,0.27408215403556824,1,0.7276706099510193,-0.00027425773441791534,0.589460551738739,0.6459848284721375,-0.3934597969055176,0.32071343064308167,-0.5701190829277039,0
0.7519720792770386,-0.021448738873004913,0.5052744746208191,0.6130955815315247,-0.4239876866340637,0.3700377941131592,-0.5544548034667969,0.8377845883369446,-0.015999412164092064,0.28312253952026367,1,0.724898636341095,0.0019706031307578087,0.5971843004226685,0.6491961479187012,-0.39048004150390625,0.31594812870025635,-0.5711799263954163,0
0.7506511211395264,-0.019334491342306137,0.5132805705070496,0.6164573431015015,-0.42120951414108276,0.3654789328575134,-0.5558668971061707,0.8392301797866821,-0.013508561067283154,0.2921910583972931,1,0.7219878435134888,0.004220942035317421,0.6048591136932373,0.6523885130882263,-0.38748452067375183,0.31116846203804016,-0.5722054243087769,0
0.7491869330406189,-0.01720144972205162,0.5212734341621399,0.6198076605796814,-0.41841089725494385,0.36089807748794556,-0.5572460889816284,0.8405193090438843,-0.010981941595673561,0.30128392577171326,1,0.718938946723938,0.006475596688687801,0.612483024597168,0.6555619239807129,-0.3844733238220215,0.3063742518424988,-0.5731959342956543,0
0.7475796937942505,-0.015051167458295822,0.5292487740516663,0.6231458187103271,-0.4155927300453186,0.3562961518764496,-0.558591902256012,0.8416500091552734,-0.00841480866074562,0.31039777398109436,1,0.7157530784606934,0.008733640424907207,0.6200531125068665,0.6587159037590027,-0.3814467489719391,0.3015662729740143,-0.5741509795188904,0
0.7458289861679077,-0.012884863652288914,0.5372046232223511,0.626471221446991,-0.412754625082016,0.3516730070114136,-0.5599048137664795,0.8426233530044556,-0.005821953061968088,0.31952857971191406,1,0.7124307751655579,0.010993444360792637,0.6275675892829895,0.6618501543998718,-0.3784046769142151,0.2967444658279419,-0.5750711560249329,0
0.7439352869987488,-0.010703391395509243,0.5451367497444153,0.6297832131385803,-0.4098975956439972,0.3470299243927002,-0.561183750629425,0.8434377908706665,-0.0031981016509234905,0.3286727964878082,1,0.7089733481407166,0.013254391960799694,0.6350236535072327,0.6649645566940308,-0.37534746527671814,0.29190877079963684,-0.5759562253952026,0
0.7418985962867737,-0.008508133701980114,0.5530423521995544,0.6330811381340027,-0.4070216715335846,0.3423673212528229,-0.562428891658783,0.8440926671028137,-0.0005442517576739192,0.33782702684402466,1,0.7053812146186829,0.015514862723648548,0.6424195766448975,0.6680585741996765,-0.37227481603622437,0.2870599925518036,-0.576806366443634,0
0.7397189736366272,-0.006300756242126226,0.5609190464019775,0.636364221572876,-0.4041267931461334,0.3376850187778473,-0.5636406540870667,0.844587504863739,0.0021381895057857037,0.34698784351348877,1,0.7016555666923523,0.017774231731891632,0.6497531533241272,0.6711322665214539,-0.36918699741363525,0.28219765424728394,-0.5776216387748718,0
0.7373970150947571,-0.004082102328538895,0.5687630772590637,0.6396322846412659,-0.40121352672576904,0.33298397064208984,-0.5648183822631836,0.8449218273162842,0.0048478348180651665,0.3561519980430603,1,0.6977973580360413,0.02003091759979725,0.6570219397544861,0.6741850972175598,-0.36608409881591797,0.2773224413394928,-0.5784021615982056,0
0.7349328994750977,-0.00185326486825943,0.5765720009803772,0.6428848505020142,-0.39828217029571533,0.32826435565948486,-0.5659617781639099,0.8450953364372253,0.007583354599773884,0.365316241979599,1,0.6935545206069946,0.022424712777137756,0.6646708846092224,0.6774054765701294,-0.36277109384536743,0.2721288800239563,-0.5791932344436646,0
0.732323944568634,0.0003908015787601471,0.5843669176101685,0.6461322903633118,-0.3953239917755127,0.32351428270339966,-0.5670717358589172,0.8451115489006042,0.01035325601696968,0.3745054006576538,1,0.6891645193099976,0.02481342852115631,0.672242283821106,0.6806018352508545,-0.3594413697719574,0.26692062616348267,-0.5799451470375061,0
0.7295622229576111,0.0026525864377617836,0.5921550393104553,0.6493783593177795,-0.3923341631889343,0.31872543692588806,-0.5681509971618652,0.8449669480323792,0.013159933499991894,0.3837287425994873,1,0.6846290230751038,0.027195211499929428,0.6797324419021606,0.6837736964225769,-0.35609501600265503,0.26169854402542114,-0.580657958984375,0
0.7266437411308289,0.004932205192744732,0.59993577003479,0.6526231169700623,-0.3893120586872101,0.3138955533504486,-0.5691999793052673,0.8446574807167053,0.016002975404262543,0.3929867744445801,1,0.6799492835998535,0.02956906147301197,0.6871393322944641,0.6869205236434937,-0.35273241996765137,0.2564626634120941,-0.5813319683074951,0
0.7235662937164307,0.007228085771203041,0.6077055931091309,0.655864953994751,-0.3862573504447937,0.3090246915817261,-0.5702192783355713,0.8441799879074097,0.01888090930879116,0.40227606892585754,1,0.6751274466514587,0.03193384408950806,0.6944599747657776,0.6900421977043152,-0.3493535816669464,0.25121375918388367,-0.581966757774353,0
0.720328688621521,0.009538188576698303,0.6154589653015137,0.6591023206710815,-0.38317105174064636,0.30411478877067566,-0.5712075233459473,0.8435320258140564,0.02179175801575184,0.41159117221832275,1,0.6701646447181702,0.034287817776203156,0.7016920447349548,0.6931383609771729,-0.34595876932144165,0.24595171213150024,-0.5825628638267517,0
0.7169312834739685,0.011860956437885761,0.6231900453567505,0.6623335480690002,-0.3800540566444397,0.29916661977767944,-0.5721647143363953,0.8427116870880127,0.024733267724514008,0.42092567682266235,1,0.6650621891021729,0.03663002327084541,0.7088335156440735,0.6962085962295532,-0.3425476551055908,0.24067622423171997,-0.5831204652786255,0
0.713374137878418,0.014193639159202576,0.6308927536010742,0.6655564904212952,-0.37690722942352295,0.2941828966140747,-0.5730897784233093,0.841717541217804,0.027703167870640755,0.43027281761169434,1,0.6598225235939026,0.038959357887506485,0.7158811092376709,0.699252724647522,-0.3391210734844208,0.23538853228092194,-0.5836391448974609,0
0.7096583843231201,0.01653425768017769,0.6385607719421387,0.6687691807746887,-0.3737320303916931,0.2891652584075928,-0.5739821195602417,0.840548574924469,0.030699126422405243,0.4396258294582367,1,0.6544466614723206,0.04127414524555206,0.7228330969810486,0.7022702693939209,-0.33567848801612854,0.23008829355239868,-0.5841196775436401,0
0.7057846188545227,0.018880892544984818,0.6461886763572693,0.671970546245575,-0.37052905559539795,0.28411534428596497,-0.5748409628868103,0.8392040133476257,0.03371879830956459,0.44897809624671936,1,0.6489365100860596,0.04357340186834335,0.7296872138977051,0.7052608728408813,-0.33222031593322754,0.2247755229473114,-0.5845619440078735,0
0.7017543911933899,0.02123149484395981,0.6537700891494751,0.6751586198806763,-0.36729976534843445,0.2790353298187256,-0.5756655335426331,0.8376833200454712,0.036760035902261734,0.45832327008247375,1,0.6432945728302002,0.04585607722401619,0.736440122127533,0.7082244157791138,-0.3287471830844879,0.21945150196552277,-0.5849653482437134,0
0.697568953037262,0.02358385920524597,0.6612999439239502,0.6783319711685181,-0.3640449047088623,0.27392682433128357,-0.5764555931091309,0.835986316204071,0.0398205928504467,0.4676552414894104,1,0.6375223994255066,0.0481204092502594,0.7430901527404785,0.7111601233482361,-0.32525867223739624,0.21411573886871338,-0.5853310227394104,0
0.6932297348976135,0.02593626081943512,0.6687730550765991,0.6814894080162048,-0.36076539754867554,0.26879143714904785,-0.5772101283073425,0.8341128826141357,0.042898308485746384,0.4769682288169861,1,0.6316218376159668,0.05036565661430359,0.7496349811553955,0.7140681743621826,-0.3217548727989197,0.20876874029636383,-0.5856584906578064,0
0.688738226890564,0.028286490589380264,0.6761844158172607,0.6846290826797485,-0.3574625551700592,0.26363077759742737,-0.5779293179512024,0.8320633172988892,0.04599115252494812,0.4862566888332367,1,0.6255946159362793,0.0525907427072525,0.7560725808143616,0.7169480919837952,-0.318236380815506,0.20341064035892487,-0.5859479308128357,0
0.684096097946167,0.030633125454187393,0.6835296750068665,0.6877506971359253,-0.35413625836372375,0.25844594836235046,-0.578612208366394,0.8298378586769104,0.04909701272845268,0.49551528692245483,1,0.6194429993629456,0.05479409918189049,0.7624006867408752,0.7197994589805603,-0.3147027790546417,0.19804124534130096,-0.5861999988555908,0
0.6793045997619629,0.03297428786754608,0.690804660320282,0.690852701663971,-0.3507876694202423,0.25323793292045593,-0.5792590379714966,0.8274370431900024,0.052213966846466064,0.5047390460968018,1,0.6131691336631775,0.056974753737449646,0.7686169147491455,0.7226219773292542,-0.31115463376045227,0.19266155362129211,-0.5864142775535583,0
0.6743659973144531,0.03530826419591904,0.6980046629905701,0.6939342617988586,-0.3474175035953522,0.24800820648670197,-0.5798690915107727,0.8248615264892578,0.05534008890390396,0.5139231085777283,1,0.6071546077728271,0.05900564789772034,0.7743633985519409,0.7252518534660339,-0.30780211091041565,0.18758904933929443,-0.5865815281867981,0
0.6692936420440674,0.03762642666697502,0.7051055431365967,0.696984052658081,-0.3440355062484741,0.24277126789093018,-0.5804436206817627,0.8221175670623779,0.058462902903556824,0.5230376720428467,1,0.6010358929634094,0.06101428344845772,0.7800071239471436,0.727855384349823,-0.3044367730617523,0.18250760436058044,-0.5867159366607666,0
0.6640989780426025,0.03992422670125961,0.7120962738990784,0.6999978423118591,-0.34064772725105286,0.23753607273101807,-0.5809807181358337,0.8192122578620911,0.06157663092017174,0.5320668816566467,1,0.5948141813278198,0.06300029903650284,0.7855463624000549,0.73043292760849,-0.3010588586330414,0.17741744220256805,-0.5868170261383057,0
0.6587890386581421,0.042199086397886276,0.7189710140228271,0.7029748558998108,-0.3372555077075958,0.2323065847158432,-0.5814796686172485,0.816150963306427,0.064678855240345,0.5410032272338867,1,0.5884915590286255,0.06496233493089676,0.7909799814224243,0.7329837083816528,-0.29766845703125,0.17231899499893188,-0.586885392665863,0
0.6533678770065308,0.04445044696331024,0.7257279753684998,0.705915093421936,-0.3338600695133209,0.22708334028720856,-0.5819401741027832,0.8129377365112305,0.06776835769414902,0.5498431921005249,1,0.5820699334144592,0.06689994037151337,0.796305775642395,0.7355077862739563,-0.2942655682563782,0.16721200942993164,-0.5869209170341492,0
0.6478391885757446,0.046677179634571075,0.7323656678199768,0.7088190317153931,-0.33046114444732666,0.2218669354915619,-0.5823623538017273,0.8095754981040955,0.07084449380636215,0.558585524559021,1,0.5755516886711121,0.06881184130907059,0.8015221357345581,0.7380044460296631,-0.2908507287502289,0.16209739446640015,-0.5869238376617432,0
0.6422039270401001,0.048879437148571014,0.7388849258422852,0.711687445640564,-0.3270580768585205,0.21665586531162262,-0.5827469825744629,0.806066632270813,0.07390673458576202,0.5672299265861511,1,0.5689385533332825,0.07069765031337738,0.8066273927688599,0.7404739856719971,-0.28742387890815735,0.15697504580020905,-0.5868939757347107,0
0.6364642977714539,0.05105645954608917,0.7452856302261353,0.714521050453186,-0.3236507773399353,0.21144981682300568,-0.5830941200256348,0.8024129867553711,0.07695479691028595,0.5757768154144287,1,0.562232494354248,0.07255611568689346,0.8116204142570496,0.7429157495498657,-0.2839849591255188,0.1518450826406479,-0.5868319272994995,0
0.6306203007698059,0.0532086081802845,0.7515693306922913,0.7173209190368652,-0.3202378749847412,0.20624643564224243,-0.5834044218063354,0.7986162900924683,0.07998829334974289,0.584226667881012,1,0.5554353594779968,0.07438687235116959,0.816499650478363,0.7453297972679138,-0.28053414821624756,0.14670754969120026,-0.5867375135421753,0
0.6246742010116577,0.05533500760793686,0.7577353715896606,0.7200872898101807,-0.31681907176971436,0.20104584097862244,-0.5836783647537231,0.7946780323982239,0.08300694823265076,0.5925799012184143,1,0.5485493540763855,0.07618872821331024,0.8212633728981018,0.7477155327796936,-0.27707162499427795,0.14156290888786316,-0.5866111516952515,0
0.6186270117759705,0.05743543058633804,0.7637844085693359,0.7228207588195801,-0.31339365243911743,0.19584640860557556,-0.5839166641235352,0.7905997633934021,0.08601026982069016,0.6008368730545044,1,0.5415770411491394,0.07796110212802887,0.825910210609436,0.7500728964805603,-0.27359771728515625,0.1364116370677948,-0.5864526629447937,0
0.6124787330627441,0.059509921818971634,0.7697170376777649,0.7255221009254456,-0.30996087193489075,0.1906469166278839,-0.584119439125061,0.7863829135894775,0.08899779617786407,0.608997642993927,1,0.5345203280448914,0.0797034502029419,0.8304387331008911,0.7524016499519348,-0.2701125144958496,0.13125373423099518,-0.5862621068954468,0
0.6062316298484802,0.061557646840810776,0.7755326628684998,0.7281913757324219,-0.3065206706523895,0.18544697761535645,-0.5842872858047485,0.78202885389328,0.09196905791759491,0.6170622110366821,1,0.5273810625076294,0.08141470700502396,0.8348478078842163,0.7547014951705933,-0.2666158676147461,0.12608924508094788,-0.5860400795936584,0
0.5998861193656921,0.06357838958501816,0.7812314033508301,0.7308292388916016,-0.3030720353126526,0.1802455633878708,-0.5844206213951111,0.7775390148162842,0.09492342919111252,0.6250303387641907,1,0.5201616287231445,0.0830945298075676,0.8391358256340027,0.7569723725318909,-0.26310816407203674,0.12091856449842453,-0.5857862234115601,0
0.5934431552886963,0.06557165086269379,0.7868137359619141,0.733435869216919,-0.2996142506599426,0.17504164576530457,-0.5845197439193726,0.7729147672653198,0.09786036610603333,0.6329015493392944,1,0.512864351272583,0.08474156260490417,0.8433017730712891,0.7592135071754456,-0.2595892548561096,0.1157418042421341,-0.5855014324188232,0
0.586905300617218,0.0675368532538414,0.7922776341438293,0.7360115051269531,-0.296147882938385,0.16983529925346375,-0.5845847725868225,0.7681575417518616,0.10077926516532898,0.6406753063201904,1,0.5054914355278015,0.08635605126619339,0.8473442196846008,0.7614254355430603,-0.256059855222702,0.1105593591928482,-0.5851848125457764,0
0.5802729725837708,0.06947353482246399,0.7976237535476685,0.7385562062263489,-0.29267191886901855,0.16462558507919312,-0.5846163630485535,0.7632689476013184,0.10367940366268158,0.6483508944511414,1,0.49804532527923584,0.08793671429157257,0.8512616157531738,0.7636073231697083,-0.25251954793930054,0.10537149757146835,-0.5848372578620911,0
0.5735480785369873,0.07138116657733917,0.8028510808944702,0.7410700917243958,-0.2891863286495209,0.15941226482391357,-0.5846144556999207,0.7582505345344543,0.10656006634235382,0.6559274196624756,1,0.4895208179950714,0.08968691527843475,0.8555492162704468,0.7660437822341919,-0.24849441647529602,0.0994855985045433,-0.5844055414199829,0
0.5666914582252502,0.07327218353748322,0.8079876899719238,0.7435726523399353,-0.2856696844100952,0.15416380763053894,-0.5845732688903809,0.7530733346939087,0.1094428226351738,0.6634461283683777,1,0.48090821504592896,0.09139207005500793,0.8596737384796143,0.7684413194656372,-0.24445581436157227,0.09359318017959595,-0.5839345455169678,0
0.5596821904182434,0.07515108585357666,0.8130449056625366,0.7460697293281555,-0.282110333442688,0.148863285779953,-0.5844941139221191,0.7477208375930786,0.11233419924974442,0.6709275841712952,1,0.4722113013267517,0.09305152297019958,0.8636331558227539,0.7707995176315308,-0.240403950214386,0.08769451826810837,-0.5834241509437561,0
0.5525108575820923,0.07701718807220459,0.818024754524231,0.7485604882240295,-0.2785043716430664,0.14350472390651703,-0.5843789577484131,0.7421848177909851,0.11523380875587463,0.6783766150474548,1,0.4634333848953247,0.09466447681188583,0.8674262762069702,0.7731179594993591,-0.23633930087089539,0.08179032057523727,-0.5828745365142822,0
0.5451756715774536,0.07886888086795807,0.8229235410690308,0.7510433197021484,-0.2748514711856842,0.13808715343475342,-0.5842280387878418,0.7364621162414551,0.1181388795375824,0.6857903599739075,1,0.4545782804489136,0.0962301641702652,0.8710512518882751,0.7753963470458984,-0.2322617620229721,0.07588062435388565,-0.5822859406471252,0
0.5376783609390259,0.08070297539234161,0.827735185623169,0.7535154819488525,-0.27115240693092346,0.1326124370098114,-0.5840416550636292,0.7305529117584229,0.12104583531618118,0.6931618452072144,1,0.4456489086151123,0.09774790704250336,0.8745071887969971,0.7776346206665039,-0.22817149758338928,0.06996530294418335,-0.5816587209701538,0
0.5300241112709045,0.08251655101776123,0.832451581954956,0.7559740543365479,-0.2674092650413513,0.12708398699760437,-0.5838193893432617,0.7244592905044556,0.12395080178976059,0.700482189655304,1,0.4366496205329895,0.09921698272228241,0.877792477607727,0.779832124710083,-0.22406905889511108,0.06404567509889603,-0.5809929966926575,0
0.5222174525260925,0.08430637419223785,0.8370657563209534,0.7584161162376404,-0.26362425088882446,0.1215054839849472,-0.5835610628128052,0.7181843519210815,0.12684984505176544,0.7077416181564331,1,0.427583247423172,0.10063693672418594,0.8809059262275696,0.7819889783859253,-0.21995416283607483,0.058121297508478165,-0.5802888870239258,0
0.5142658352851868,0.08607009053230286,0.8415692448616028,0.7608393430709839,-0.2597999572753906,0.11588113754987717,-0.5832657814025879,0.7117321491241455,0.12973915040493011,0.714930534362793,1,0.41845428943634033,0.10200684517621994,0.88384610414505,0.7841043472290039,-0.21582774817943573,0.05219295993447304,-0.5795469284057617,0
0.5061751008033752,0.0878046452999115,0.8459548950195312,0.7632407546043396,-0.25593897700309753,0.11021474003791809,-0.5829333662986755,0.7051068544387817,0.13261522352695465,0.7220394611358643,1,0.40926551818847656,0.10332631319761276,0.8866125345230103,0.786177933216095,-0.21168933808803558,0.04626079648733139,-0.5787673592567444,0
0.4979522228240967,0.0895075798034668,0.8502157926559448,0.7656185626983643,-0.2520434260368347,0.1045098528265953,-0.5825632810592651,0.6983129382133484,0.13547469675540924,0.7290595173835754,1,0.4000210165977478,0.10459479689598083,0.8892034888267517,0.7882097363471985,-0.20753945410251617,0.040325235575437546,-0.5779503583908081,0
0.4896036684513092,0.09117633104324341,0.8543456792831421,0.767970085144043,-0.248115673661232,0.09877046942710876,-0.5821554064750671,0.6913551092147827,0.13831442594528198,0.735982358455658,1,0.3907247483730316,0.10581181943416595,0.8916183114051819,0.7901992797851562,-0.20337821543216705,0.034386277198791504,-0.5770959854125977,0
0.48113539814949036,0.09280908107757568,0.8583387136459351,0.7702938318252563,-0.24415728449821472,0.09299924969673157,-0.5817093253135681,0.6842380166053772,0.14113140106201172,0.742800235748291,1,0.381380170583725,0.10697697103023529,0.8938558101654053,0.7921463847160339,-0.19920602440834045,0.028444936498999596,-0.576204776763916,0
0.47255411744117737,0.094403475522995,0.8621895909309387,0.7725876569747925,-0.24017095565795898,0.087199367582798,-0.5812249779701233,0.6769662499427795,0.14392295479774475,0.7495060563087463,1,0.3719908595085144,0.10808981209993362,0.895915687084198,0.7940506339073181,-0.1950228363275528,0.02250109799206257,-0.5752767324447632,0
0.46386608481407166,0.09595802426338196,0.8658933043479919,0.7748502492904663,-0.23615795373916626,0.0813739001750946,-0.580702006816864,0.669544517993927,0.14668649435043335,0.7560933828353882,1,0.3625604212284088,0.1091499999165535,0.8977970480918884,0.7959117293357849,-0.1908288449048996,0.016554540023207664,-0.5743123888969421,0
